[2024-11-02T10:29:57-0700] [measurement] Load environment variables from prod.env file
[2024-11-02T10:29:57-0700] Starting a network measurement, please choose a server
[2024-11-02T10:29:57-0700] 0) West Cloud: 54.176.53.206
[2024-11-02T10:29:57-0700] 1) East Cloud: 54.197.223.49
[2024-11-02T10:34:32-0700] Enter your choice (0-1): Testing att, server 0 (ip: 54.176.53.206, nuttcp_port: 5102, iperf_port: 5002)
[2024-11-02T10:34:32-0700] -------------------------------
[2024-11-02T10:34:32-0700] tcp downlink test started at 2024-11-02 10:34:32.814 PDT
[2024-11-02T10:34:32-0700] Testing tcp downlink with 54.176.53.206:5102, interval 0.5 s, duration 120 s, timeout 121 s...
[2024-11-02T10:36:33-0700] Current time exceeds end time, skipping wait
[2024-11-02T10:36:33-0700] Saved tcp downlink test to /data/data/com.termux/files/home/storage/shared/bos_la_2024_trip/att/20241102/103432782/tcp_downlink_103432860.out
[2024-11-02T10:36:34-0700] DL AVG TPUT: 
[2024-11-02T10:36:34-0700] tcp downlink test finished at 2024-11-02 10:36:33.981 PDT, duration: 121.167 s
[2024-11-02T10:36:34-0700] -------------------------------
[2024-11-02T10:36:34-0700] Waiting for 2 s...
[2024-11-02T10:36:36-0700] -------------------------------
[2024-11-02T10:36:36-0700] Starting 5G booster for 5 s...
[2024-11-02T10:36:36-0700] 5G booster started at 2024-11-02 10:36:36.100 PDT
[2024-11-02T10:36:42-0700] Current time exceeds end time, skipping wait
[2024-11-02T10:36:42-0700] Saved TCP DL results to /data/data/com.termux/files/home/storage/shared/bos_la_2024_trip/att/20241102/103432782/tcp_downlink_103636130.out
[2024-11-02T10:36:42-0700] DL AVG TPUT: 
[2024-11-02T10:36:42-0700] 5G booster finished at 2024-11-02 10:36:42.211 PDT, duration: 6.111 s
[2024-11-02T10:36:42-0700] -------------------------------
[2024-11-02T10:36:42-0700] Waiting for 2 s...
[2024-11-02T10:36:44-0700] -------------------------------
[2024-11-02T10:36:44-0700] tcp uplink test started at 2024-11-02 10:36:44.316 PDT
[2024-11-02T10:36:44-0700] testing tcp uplink with 54.176.53.206:5102, interval 0.5, duration 120, timeout 121 ...
[2024-11-02T10:38:45-0700] Current time exceeds end time, skipping wait
[2024-11-02T10:38:45-0700] Saved uplink test to /data/data/com.termux/files/home/storage/shared/bos_la_2024_trip/att/20241102/103432782/tcp_uplink_103644349.out
[2024-11-02T10:38:45-0700] UL AVG TPUT: 
[2024-11-02T10:38:45-0700] tcp uplink test finished at 2024-11-02 10:38:45.442 PDT, duration: 121.126 s
[2024-11-02T10:38:45-0700] -------------------------------
[2024-11-02T10:38:45-0700] Waiting for 2 s...
[2024-11-02T10:38:47-0700] -------------------------------
[2024-11-02T10:38:47-0700] Starting 5G booster for 5 s...
[2024-11-02T10:38:47-0700] 5G booster started at 2024-11-02 10:38:47.534 PDT
[2024-11-02T10:38:53-0700] Current time exceeds end time, skipping wait
[2024-11-02T10:38:53-0700] Saved TCP DL results to /data/data/com.termux/files/home/storage/shared/bos_la_2024_trip/att/20241102/103432782/tcp_downlink_103847565.out
[2024-11-02T10:38:53-0700] DL AVG TPUT: 
[2024-11-02T10:38:53-0700] 5G booster finished at 2024-11-02 10:38:53.633 PDT, duration: 6.099 s
[2024-11-02T10:38:53-0700] -------------------------------
[2024-11-02T10:38:53-0700] Waiting for 2 s...
[2024-11-02T10:38:55-0700] -------------------------------
[2024-11-02T10:38:55-0700] ICMP Ping test started at 2024-11-02 10:38:55.736 PDT
[2024-11-02T10:39:25-0700] Waiting for .892 s to reach end time
[2024-11-02T10:39:26-0700] Saved ping test to /data/data/com.termux/files/home/storage/shared/bos_la_2024_trip/att/20241102/103432782/icmp_ping_103855770.out
[2024-11-02T10:39:26-0700] Ping summary (min/avg/max/mdev) = 20.875/29.605/45.591/4.218 ms
[2024-11-02T10:39:26-0700] Ping test finished at 2024-11-02 10:39:26.804 PDT, duration: 31.068 s
[2024-11-02T10:39:26-0700] -------------------------------
[2024-11-02T10:39:26-0700] Waiting for 2 s...
[2024-11-02T10:39:28-0700] -------------------------------
[2024-11-02T10:39:28-0700] Starting 5G booster for 5 s...
[2024-11-02T10:39:28-0700] 5G booster started at 2024-11-02 10:39:28.908 PDT
[2024-11-02T10:39:34-0700] Current time exceeds end time, skipping wait
[2024-11-02T10:39:35-0700] Saved TCP DL results to /data/data/com.termux/files/home/storage/shared/bos_la_2024_trip/att/20241102/103432782/tcp_downlink_103928941.out
[2024-11-02T10:39:35-0700] DL AVG TPUT: 
[2024-11-02T10:39:35-0700] 5G booster finished at 2024-11-02 10:39:34.998 PDT, duration: 6.090 s
[2024-11-02T10:39:35-0700] -------------------------------
[2024-11-02T10:39:35-0700] Waiting for 2 s...
[2024-11-02T10:39:37-0700] -------------------------------
[2024-11-02T10:39:37-0700] TCP Ping test started at 2024-11-02 10:39:37.083 PDT
[2024-11-02T10:40:08-0700] Current time exceeds end time, skipping wait
[2024-11-02T10:40:08-0700] Saved TCP Ping test to /data/data/com.termux/files/home/storage/shared/bos_la_2024_trip/att/20241102/103432782/tcp_ping_103937117.out
[2024-11-02T10:40:08-0700] TCP Ping summary (min/avg/max/mdev) 
[2024-11-02T10:40:08-0700] TCP Ping test finished at 2024-11-02 10:40:08.202 PDT, duration: 31.119 s
[2024-11-02T10:40:08-0700] -------------------------------
[2024-11-02T10:40:08-0700] Waiting for 2 s...
[2024-11-02T10:40:10-0700] -------------------------------
[2024-11-02T10:40:10-0700] Traceroute test started at 2024-11-02 10:40:10.300 PDT
[2024-11-02T10:40:15-0700] Waiting for 24.342 s to reach end time
[2024-11-02T10:40:40-0700] Saved traceroute test to /data/data/com.termux/files/home/storage/shared/bos_la_2024_trip/att/20241102/103432782/traceroute_104010335.out
[2024-11-02T10:40:40-0700] Traceroute summary (min/avg/max/mdev) 
[2024-11-02T10:40:40-0700] Traceroute test finished at 2024-11-02 10:40:40.375 PDT, duration: 30.075 s
[2024-11-02T10:40:40-0700] -------------------------------
[2024-11-02T10:40:40-0700] All tests completed, cleaning up...
[2024-11-02T10:40:40-0700] -------------------------------
[2024-11-02T10:41:23-0700] [measurement] Load environment variables from prod.env file
[2024-11-02T10:41:23-0700] Starting a network measurement, please choose a server
[2024-11-02T10:41:23-0700] 0) West Cloud: 54.176.53.206
[2024-11-02T10:41:23-0700] 1) East Cloud: 54.197.223.49
[2024-11-02T10:41:33-0700] Enter your choice (0-1): Testing att, server 0 (ip: 54.176.53.206, nuttcp_port: 5102, iperf_port: 5002)
[2024-11-02T10:41:33-0700] -------------------------------
[2024-11-02T10:41:33-0700] tcp downlink test started at 2024-11-02 10:41:33.344 PDT
[2024-11-02T10:41:33-0700] Testing tcp downlink with 54.176.53.206:5102, interval 0.5 s, duration 120 s, timeout 121 s...
[2024-11-02T10:41:33-0700] server aborted connection
[2024-11-02T10:41:33-0700] Waiting for 120.820 s to reach end time
[2024-11-02T10:43:34-0700] Saved tcp downlink test to /data/data/com.termux/files/home/storage/shared/bos_la_2024_trip/att/20241102/104133326/tcp_downlink_104133367.out
[2024-11-02T10:43:34-0700] [CAUTION] EMPTY LOG!
[2024-11-02T10:43:34-0700] tcp downlink test finished at 2024-11-02 10:43:34.438 PDT, duration: 121.094 s
[2024-11-02T10:43:34-0700] -------------------------------
[2024-11-02T10:43:34-0700] Waiting for 2 s...
[2024-11-02T10:43:36-0700] -------------------------------
[2024-11-02T10:43:36-0700] Starting 5G booster for 5 s...
[2024-11-02T10:43:36-0700] 5G booster started at 2024-11-02 10:43:36.545 PDT
[2024-11-02T10:43:42-0700] Current time exceeds end time, skipping wait
[2024-11-02T10:43:42-0700] Saved TCP DL results to /data/data/com.termux/files/home/storage/shared/bos_la_2024_trip/att/20241102/104133326/tcp_downlink_104336571.out
[2024-11-02T10:43:42-0700] DL AVG TPUT: 
[2024-11-02T10:43:42-0700] 5G booster finished at 2024-11-02 10:43:42.654 PDT, duration: 6.109 s
[2024-11-02T10:43:42-0700] -------------------------------
[2024-11-02T10:43:42-0700] Waiting for 2 s...
[2024-11-02T10:43:44-0700] -------------------------------
[2024-11-02T10:43:44-0700] tcp uplink test started at 2024-11-02 10:43:44.793 PDT
[2024-11-02T10:43:44-0700] testing tcp uplink with 54.176.53.206:5102, interval 0.5, duration 120, timeout 121 ...
[2024-11-02T10:45:45-0700] Current time exceeds end time, skipping wait
[2024-11-02T10:45:45-0700] Saved uplink test to /data/data/com.termux/files/home/storage/shared/bos_la_2024_trip/att/20241102/104133326/tcp_uplink_104344843.out
[2024-11-02T10:45:45-0700] UL AVG TPUT: 
[2024-11-02T10:45:46-0700] tcp uplink test finished at 2024-11-02 10:45:45.955 PDT, duration: 121.162 s
[2024-11-02T10:45:46-0700] -------------------------------
[2024-11-02T10:45:46-0700] Waiting for 2 s...
[2024-11-02T10:45:48-0700] -------------------------------
[2024-11-02T10:45:48-0700] Starting 5G booster for 5 s...
[2024-11-02T10:45:48-0700] 5G booster started at 2024-11-02 10:45:48.069 PDT
[2024-11-02T10:45:48-0700] server aborted connection
[2024-11-02T10:45:48-0700] Waiting for 5.601 s to reach end time
[2024-11-02T10:45:54-0700] Saved TCP DL results to /data/data/com.termux/files/home/storage/shared/bos_la_2024_trip/att/20241102/104133326/tcp_downlink_104548100.out
[2024-11-02T10:45:54-0700] [CAUTION] EMPTY LOG!
[2024-11-02T10:45:54-0700] 5G booster finished at 2024-11-02 10:45:54.178 PDT, duration: 6.109 s
[2024-11-02T10:45:54-0700] -------------------------------
[2024-11-02T10:45:54-0700] Waiting for 2 s...
[2024-11-02T10:45:56-0700] -------------------------------
[2024-11-02T10:45:56-0700] ICMP Ping test started at 2024-11-02 10:45:56.275 PDT
[2024-11-02T10:46:26-0700] Waiting for .887 s to reach end time
[2024-11-02T10:46:27-0700] Saved ping test to /data/data/com.termux/files/home/storage/shared/bos_la_2024_trip/att/20241102/104133326/icmp_ping_104556303.out
[2024-11-02T10:46:27-0700] Ping summary (min/avg/max/mdev) = 29.823/52.171/183.727/26.277 ms
[2024-11-02T10:46:27-0700] Ping test finished at 2024-11-02 10:46:27.331 PDT, duration: 31.056 s
[2024-11-02T10:46:27-0700] -------------------------------
[2024-11-02T10:46:27-0700] Waiting for 2 s...
[2024-11-02T10:46:29-0700] -------------------------------
[2024-11-02T10:46:29-0700] Starting 5G booster for 5 s...
[2024-11-02T10:46:29-0700] 5G booster started at 2024-11-02 10:46:29.436 PDT
[2024-11-02T10:46:35-0700] Current time exceeds end time, skipping wait
[2024-11-02T10:46:35-0700] Saved TCP DL results to /data/data/com.termux/files/home/storage/shared/bos_la_2024_trip/att/20241102/104133326/tcp_downlink_104629485.out
[2024-11-02T10:46:35-0700] DL AVG TPUT: 
[2024-11-02T10:46:35-0700] 5G booster finished at 2024-11-02 10:46:35.578 PDT, duration: 6.142 s
[2024-11-02T10:46:35-0700] -------------------------------
[2024-11-02T10:46:35-0700] Waiting for 2 s...
[2024-11-02T10:46:37-0700] -------------------------------
[2024-11-02T10:46:37-0700] TCP Ping test started at 2024-11-02 10:46:37.694 PDT
[2024-11-02T10:47:08-0700] Current time exceeds end time, skipping wait
[2024-11-02T10:47:08-0700] Saved TCP Ping test to /data/data/com.termux/files/home/storage/shared/bos_la_2024_trip/att/20241102/104133326/tcp_ping_104637727.out
[2024-11-02T10:47:08-0700] TCP Ping summary (min/avg/max/mdev) 
[2024-11-02T10:47:08-0700] TCP Ping test finished at 2024-11-02 10:47:08.858 PDT, duration: 31.164 s
[2024-11-02T10:47:08-0700] -------------------------------
[2024-11-02T10:47:08-0700] Waiting for 2 s...
[2024-11-02T10:47:10-0700] -------------------------------
[2024-11-02T10:47:10-0700] Traceroute test started at 2024-11-02 10:47:10.962 PDT
[2024-11-02T10:47:16-0700] Waiting for 24.014 s to reach end time
[2024-11-02T10:47:41-0700] Saved traceroute test to /data/data/com.termux/files/home/storage/shared/bos_la_2024_trip/att/20241102/104133326/traceroute_104710988.out
[2024-11-02T10:47:41-0700] Traceroute summary (min/avg/max/mdev) 
[2024-11-02T10:47:41-0700] Traceroute test finished at 2024-11-02 10:47:41.031 PDT, duration: 30.069 s
[2024-11-02T10:47:41-0700] -------------------------------
[2024-11-02T10:47:41-0700] All tests completed, cleaning up...
[2024-11-02T10:47:41-0700] -------------------------------
[2024-11-02T10:48:45-0700] [measurement] Load environment variables from prod.env file
[2024-11-02T10:48:45-0700] Starting a network measurement, please choose a server
[2024-11-02T10:48:45-0700] 0) West Cloud: 54.176.53.206
[2024-11-02T10:48:45-0700] 1) East Cloud: 54.197.223.49
[2024-11-02T10:49:09-0700] Enter your choice (0-1): Testing att, server 0 (ip: 54.176.53.206, nuttcp_port: 5102, iperf_port: 5002)
[2024-11-02T10:49:09-0700] -------------------------------
[2024-11-02T10:49:09-0700] tcp downlink test started at 2024-11-02 10:49:09.248 PDT
[2024-11-02T10:49:09-0700] Testing tcp downlink with 54.176.53.206:5102, interval 0.5 s, duration 120 s, timeout 121 s...
[2024-11-02T10:51:10-0700] Current time exceeds end time, skipping wait
[2024-11-02T10:51:10-0700] Saved tcp downlink test to /data/data/com.termux/files/home/storage/shared/bos_la_2024_trip/att/20241102/104909231/tcp_downlink_104909273.out
[2024-11-02T10:51:10-0700] DL AVG TPUT: 
[2024-11-02T10:51:10-0700] tcp downlink test finished at 2024-11-02 10:51:10.388 PDT, duration: 121.140 s
[2024-11-02T10:51:10-0700] -------------------------------
[2024-11-02T10:51:10-0700] Waiting for 2 s...
[2024-11-02T10:51:12-0700] -------------------------------
[2024-11-02T10:51:12-0700] Starting 5G booster for 5 s...
[2024-11-02T10:51:12-0700] 5G booster started at 2024-11-02 10:51:12.507 PDT
[2024-11-02T10:51:18-0700] Current time exceeds end time, skipping wait
[2024-11-02T10:51:18-0700] Saved TCP DL results to /data/data/com.termux/files/home/storage/shared/bos_la_2024_trip/att/20241102/104909231/tcp_downlink_105112558.out
[2024-11-02T10:51:18-0700] DL AVG TPUT: 
[2024-11-02T10:51:18-0700] 5G booster finished at 2024-11-02 10:51:18.635 PDT, duration: 6.128 s
[2024-11-02T10:51:18-0700] -------------------------------
[2024-11-02T10:51:18-0700] Waiting for 2 s...
[2024-11-02T10:51:20-0700] -------------------------------
[2024-11-02T10:51:20-0700] tcp uplink test started at 2024-11-02 10:51:20.755 PDT
[2024-11-02T10:51:20-0700] testing tcp uplink with 54.176.53.206:5102, interval 0.5, duration 120, timeout 121 ...
[2024-11-02T10:53:21-0700] Current time exceeds end time, skipping wait
[2024-11-02T10:53:21-0700] Saved uplink test to /data/data/com.termux/files/home/storage/shared/bos_la_2024_trip/att/20241102/104909231/tcp_uplink_105120786.out
[2024-11-02T10:53:21-0700] UL AVG TPUT: 
[2024-11-02T10:53:21-0700] tcp uplink test finished at 2024-11-02 10:53:21.864 PDT, duration: 121.109 s
[2024-11-02T10:53:21-0700] -------------------------------
[2024-11-02T10:53:21-0700] Waiting for 2 s...
[2024-11-02T10:53:23-0700] -------------------------------
[2024-11-02T10:53:23-0700] Starting 5G booster for 5 s...
[2024-11-02T10:53:23-0700] 5G booster started at 2024-11-02 10:53:23.972 PDT
[2024-11-02T10:53:30-0700] Current time exceeds end time, skipping wait
[2024-11-02T10:53:30-0700] Saved TCP DL results to /data/data/com.termux/files/home/storage/shared/bos_la_2024_trip/att/20241102/104909231/tcp_downlink_105323996.out
[2024-11-02T10:53:30-0700] DL AVG TPUT: 
[2024-11-02T10:53:30-0700] 5G booster finished at 2024-11-02 10:53:30.087 PDT, duration: 6.115 s
[2024-11-02T10:53:30-0700] -------------------------------
[2024-11-02T10:53:30-0700] Waiting for 2 s...
[2024-11-02T10:53:32-0700] -------------------------------
[2024-11-02T10:53:32-0700] ICMP Ping test started at 2024-11-02 10:53:32.241 PDT
[2024-11-02T10:54:02-0700] Waiting for .888 s to reach end time
[2024-11-02T10:54:03-0700] Saved ping test to /data/data/com.termux/files/home/storage/shared/bos_la_2024_trip/att/20241102/104909231/icmp_ping_105332270.out
[2024-11-02T10:54:03-0700] Ping summary (min/avg/max/mdev) = 20.211/27.176/87.911/8.686 ms
[2024-11-02T10:54:03-0700] Ping test finished at 2024-11-02 10:54:03.319 PDT, duration: 31.078 s
[2024-11-02T10:54:03-0700] -------------------------------
[2024-11-02T10:54:03-0700] Waiting for 2 s...
[2024-11-02T10:54:05-0700] -------------------------------
[2024-11-02T10:54:05-0700] Starting 5G booster for 5 s...
[2024-11-02T10:54:05-0700] 5G booster started at 2024-11-02 10:54:05.474 PDT
[2024-11-02T10:54:11-0700] Current time exceeds end time, skipping wait
[2024-11-02T10:54:11-0700] Saved TCP DL results to /data/data/com.termux/files/home/storage/shared/bos_la_2024_trip/att/20241102/104909231/tcp_downlink_105405501.out
[2024-11-02T10:54:11-0700] DL AVG TPUT: 
[2024-11-02T10:54:11-0700] 5G booster finished at 2024-11-02 10:54:11.563 PDT, duration: 6.089 s
[2024-11-02T10:54:11-0700] -------------------------------
[2024-11-02T10:54:11-0700] Waiting for 2 s...
[2024-11-02T10:54:13-0700] -------------------------------
[2024-11-02T10:54:13-0700] TCP Ping test started at 2024-11-02 10:54:13.688 PDT
[2024-11-02T10:54:44-0700] Current time exceeds end time, skipping wait
[2024-11-02T10:54:44-0700] Saved TCP Ping test to /data/data/com.termux/files/home/storage/shared/bos_la_2024_trip/att/20241102/104909231/tcp_ping_105413741.out
[2024-11-02T10:54:44-0700] TCP Ping summary (min/avg/max/mdev) 
[2024-11-02T10:54:44-0700] TCP Ping test finished at 2024-11-02 10:54:44.858 PDT, duration: 31.170 s
[2024-11-02T10:54:44-0700] -------------------------------
[2024-11-02T10:54:44-0700] Waiting for 2 s...
[2024-11-02T10:54:46-0700] -------------------------------
[2024-11-02T10:54:46-0700] Traceroute test started at 2024-11-02 10:54:46.980 PDT
[2024-11-02T10:54:57-0700] Waiting for 19.821 s to reach end time
[2024-11-02T10:55:17-0700] Saved traceroute test to /data/data/com.termux/files/home/storage/shared/bos_la_2024_trip/att/20241102/104909231/traceroute_105447003.out
[2024-11-02T10:55:17-0700] Traceroute summary (min/avg/max/mdev) 
[2024-11-02T10:55:17-0700] Traceroute test finished at 2024-11-02 10:55:17.105 PDT, duration: 30.125 s
[2024-11-02T10:55:17-0700] -------------------------------
[2024-11-02T10:55:17-0700] All tests completed, cleaning up...
[2024-11-02T10:55:17-0700] -------------------------------
[2024-11-02T10:56:23-0700] [measurement] Load environment variables from prod.env file
[2024-11-02T10:56:23-0700] Starting a network measurement, please choose a server
[2024-11-02T10:56:23-0700] 0) West Cloud: 54.176.53.206
[2024-11-02T10:56:23-0700] 1) East Cloud: 54.197.223.49
[2024-11-02T10:56:29-0700] Enter your choice (0-1): Testing att, server 0 (ip: 54.176.53.206, nuttcp_port: 5102, iperf_port: 5002)
[2024-11-02T10:56:29-0700] -------------------------------
[2024-11-02T10:56:29-0700] tcp downlink test started at 2024-11-02 10:56:29.803 PDT
[2024-11-02T10:56:29-0700] Testing tcp downlink with 54.176.53.206:5102, interval 0.5 s, duration 120 s, timeout 121 s...
[2024-11-02T10:58:30-0700] Current time exceeds end time, skipping wait
[2024-11-02T10:58:30-0700] Saved tcp downlink test to /data/data/com.termux/files/home/storage/shared/bos_la_2024_trip/att/20241102/105629778/tcp_downlink_105629836.out
[2024-11-02T10:58:30-0700] DL AVG TPUT: 
[2024-11-02T10:58:30-0700] tcp downlink test finished at 2024-11-02 10:58:30.904 PDT, duration: 121.101 s
[2024-11-02T10:58:30-0700] -------------------------------
[2024-11-02T10:58:30-0700] Waiting for 2 s...
[2024-11-02T10:58:32-0700] -------------------------------
[2024-11-02T10:58:32-0700] Starting 5G booster for 5 s...
[2024-11-02T10:58:33-0700] 5G booster started at 2024-11-02 10:58:32.997 PDT
[2024-11-02T10:58:33-0700] server aborted connection
[2024-11-02T10:58:33-0700] Waiting for 5.546 s to reach end time
[2024-11-02T10:58:39-0700] Saved TCP DL results to /data/data/com.termux/files/home/storage/shared/bos_la_2024_trip/att/20241102/105629778/tcp_downlink_105833022.out
[2024-11-02T10:58:39-0700] [CAUTION] EMPTY LOG!
[2024-11-02T10:58:39-0700] 5G booster finished at 2024-11-02 10:58:39.053 PDT, duration: 6.056 s
[2024-11-02T10:58:39-0700] -------------------------------
[2024-11-02T10:58:39-0700] Waiting for 2 s...
[2024-11-02T10:58:41-0700] -------------------------------
[2024-11-02T10:58:41-0700] tcp uplink test started at 2024-11-02 10:58:41.121 PDT
[2024-11-02T10:58:41-0700] testing tcp uplink with 54.176.53.206:5102, interval 0.5, duration 120, timeout 121 ...
[2024-11-02T11:00:42-0700] Current time exceeds end time, skipping wait
[2024-11-02T11:00:42-0700] Saved uplink test to /data/data/com.termux/files/home/storage/shared/bos_la_2024_trip/att/20241102/105629778/tcp_uplink_105841142.out
[2024-11-02T11:00:42-0700] UL AVG TPUT: 
[2024-11-02T11:00:42-0700] tcp uplink test finished at 2024-11-02 11:00:42.219 PDT, duration: 121.098 s
[2024-11-02T11:00:42-0700] -------------------------------
[2024-11-02T11:00:42-0700] Waiting for 2 s...
[2024-11-02T11:00:44-0700] -------------------------------
[2024-11-02T11:00:44-0700] Starting 5G booster for 5 s...
[2024-11-02T11:00:44-0700] 5G booster started at 2024-11-02 11:00:44.365 PDT
[2024-11-02T11:00:50-0700] Current time exceeds end time, skipping wait
[2024-11-02T11:00:50-0700] Saved TCP DL results to /data/data/com.termux/files/home/storage/shared/bos_la_2024_trip/att/20241102/105629778/tcp_downlink_110044396.out
[2024-11-02T11:00:50-0700] DL AVG TPUT: 
[2024-11-02T11:00:50-0700] 5G booster finished at 2024-11-02 11:00:50.472 PDT, duration: 6.107 s
[2024-11-02T11:00:50-0700] -------------------------------
[2024-11-02T11:00:50-0700] Waiting for 2 s...
[2024-11-02T11:00:52-0700] -------------------------------
[2024-11-02T11:00:52-0700] ICMP Ping test started at 2024-11-02 11:00:52.597 PDT
[2024-11-02T11:01:22-0700] Waiting for .889 s to reach end time
[2024-11-02T11:01:23-0700] Saved ping test to /data/data/com.termux/files/home/storage/shared/bos_la_2024_trip/att/20241102/105629778/icmp_ping_110052631.out
[2024-11-02T11:01:23-0700] Ping summary (min/avg/max/mdev) = 20.408/94.285/1979.251/283.271 ms
[2024-11-02T11:01:23-0700] Ping test finished at 2024-11-02 11:01:23.683 PDT, duration: 31.086 s
[2024-11-02T11:01:23-0700] -------------------------------
[2024-11-02T11:01:23-0700] Waiting for 2 s...
[2024-11-02T11:01:25-0700] -------------------------------
[2024-11-02T11:01:25-0700] Starting 5G booster for 5 s...
[2024-11-02T11:01:25-0700] 5G booster started at 2024-11-02 11:01:25.782 PDT
[2024-11-02T11:01:25-0700] server aborted connection
[2024-11-02T11:01:26-0700] Waiting for 5.808 s to reach end time
[2024-11-02T11:01:31-0700] Saved TCP DL results to /data/data/com.termux/files/home/storage/shared/bos_la_2024_trip/att/20241102/105629778/tcp_downlink_110125827.out
[2024-11-02T11:01:31-0700] [CAUTION] EMPTY LOG!
[2024-11-02T11:01:31-0700] 5G booster finished at 2024-11-02 11:01:31.860 PDT, duration: 6.078 s
[2024-11-02T11:01:31-0700] -------------------------------
[2024-11-02T11:01:31-0700] Waiting for 2 s...
[2024-11-02T11:01:33-0700] -------------------------------
[2024-11-02T11:01:33-0700] TCP Ping test started at 2024-11-02 11:01:33.973 PDT
[2024-11-02T11:02:05-0700] Current time exceeds end time, skipping wait
[2024-11-02T11:02:05-0700] Saved TCP Ping test to /data/data/com.termux/files/home/storage/shared/bos_la_2024_trip/att/20241102/105629778/tcp_ping_110134000.out
[2024-11-02T11:02:05-0700] TCP Ping summary (min/avg/max/mdev) 
[2024-11-02T11:02:05-0700] TCP Ping test finished at 2024-11-02 11:02:05.101 PDT, duration: 31.128 s
[2024-11-02T11:02:05-0700] -------------------------------
[2024-11-02T11:02:05-0700] Waiting for 2 s...
[2024-11-02T11:02:07-0700] -------------------------------
[2024-11-02T11:02:07-0700] Traceroute test started at 2024-11-02 11:02:07.210 PDT
[2024-11-02T11:02:13-0700] Waiting for 24.044 s to reach end time
[2024-11-02T11:02:37-0700] Saved traceroute test to /data/data/com.termux/files/home/storage/shared/bos_la_2024_trip/att/20241102/105629778/traceroute_110207260.out
[2024-11-02T11:02:37-0700] Traceroute summary (min/avg/max/mdev) 
[2024-11-02T11:02:37-0700] Traceroute test finished at 2024-11-02 11:02:37.284 PDT, duration: 30.074 s
[2024-11-02T11:02:37-0700] -------------------------------
[2024-11-02T11:02:37-0700] All tests completed, cleaning up...
[2024-11-02T11:02:37-0700] -------------------------------
[2024-11-02T11:05:20-0700] [measurement] Load environment variables from prod.env file
[2024-11-02T11:05:20-0700] Starting a network measurement, please choose a server
[2024-11-02T11:05:20-0700] 0) West Cloud: 54.176.53.206
[2024-11-02T11:05:20-0700] 1) East Cloud: 54.197.223.49
[2024-11-02T11:05:29-0700] Enter your choice (0-1): Testing att, server 0 (ip: 54.176.53.206, nuttcp_port: 5102, iperf_port: 5002)
[2024-11-02T11:05:29-0700] -------------------------------
[2024-11-02T11:05:30-0700] tcp downlink test started at 2024-11-02 11:05:30.002 PDT
[2024-11-02T11:05:30-0700] Testing tcp downlink with 54.176.53.206:5102, interval 0.5 s, duration 120 s, timeout 121 s...
[2024-11-02T11:07:31-0700] Current time exceeds end time, skipping wait
[2024-11-02T11:07:31-0700] Saved tcp downlink test to /data/data/com.termux/files/home/storage/shared/bos_la_2024_trip/att/20241102/110529982/tcp_downlink_110530039.out
[2024-11-02T11:07:31-0700] DL AVG TPUT: 
[2024-11-02T11:07:31-0700] tcp downlink test finished at 2024-11-02 11:07:31.146 PDT, duration: 121.144 s
[2024-11-02T11:07:31-0700] -------------------------------
[2024-11-02T11:07:31-0700] Waiting for 2 s...
[2024-11-02T11:07:33-0700] -------------------------------
[2024-11-02T11:07:33-0700] Starting 5G booster for 5 s...
[2024-11-02T11:07:33-0700] 5G booster started at 2024-11-02 11:07:33.293 PDT
[2024-11-02T11:07:39-0700] Current time exceeds end time, skipping wait
[2024-11-02T11:07:39-0700] Saved TCP DL results to /data/data/com.termux/files/home/storage/shared/bos_la_2024_trip/att/20241102/110529982/tcp_downlink_110733334.out
[2024-11-02T11:07:39-0700] DL AVG TPUT: 
[2024-11-02T11:07:39-0700] 5G booster finished at 2024-11-02 11:07:39.483 PDT, duration: 6.190 s
[2024-11-02T11:07:39-0700] -------------------------------
[2024-11-02T11:07:39-0700] Waiting for 2 s...
[2024-11-02T11:07:41-0700] -------------------------------
[2024-11-02T11:07:41-0700] tcp uplink test started at 2024-11-02 11:07:41.594 PDT
[2024-11-02T11:07:41-0700] testing tcp uplink with 54.176.53.206:5102, interval 0.5, duration 120, timeout 121 ...
[2024-11-02T11:09:42-0700] Current time exceeds end time, skipping wait
[2024-11-02T11:09:42-0700] Saved uplink test to /data/data/com.termux/files/home/storage/shared/bos_la_2024_trip/att/20241102/110529982/tcp_uplink_110741630.out
[2024-11-02T11:09:42-0700] UL AVG TPUT: 
[2024-11-02T11:09:42-0700] tcp uplink test finished at 2024-11-02 11:09:42.764 PDT, duration: 121.170 s
[2024-11-02T11:09:42-0700] -------------------------------
[2024-11-02T11:09:42-0700] Waiting for 2 s...
[2024-11-02T11:09:44-0700] -------------------------------
[2024-11-02T11:09:44-0700] Starting 5G booster for 5 s...
[2024-11-02T11:09:44-0700] 5G booster started at 2024-11-02 11:09:44.931 PDT
[2024-11-02T11:09:51-0700] Current time exceeds end time, skipping wait
[2024-11-02T11:09:51-0700] Saved TCP DL results to /data/data/com.termux/files/home/storage/shared/bos_la_2024_trip/att/20241102/110529982/tcp_downlink_110944972.out
[2024-11-02T11:09:51-0700] DL AVG TPUT: 
[2024-11-02T11:09:51-0700] 5G booster finished at 2024-11-02 11:09:51.074 PDT, duration: 6.143 s
[2024-11-02T11:09:51-0700] -------------------------------
[2024-11-02T11:09:51-0700] Waiting for 2 s...
[2024-11-02T11:09:53-0700] -------------------------------
[2024-11-02T11:09:53-0700] ICMP Ping test started at 2024-11-02 11:09:53.226 PDT
[2024-11-02T11:10:23-0700] Waiting for .857 s to reach end time
[2024-11-02T11:10:24-0700] Saved ping test to /data/data/com.termux/files/home/storage/shared/bos_la_2024_trip/att/20241102/110529982/icmp_ping_110953282.out
[2024-11-02T11:10:24-0700] Ping summary (min/avg/max/mdev) = 19.916/24.763/39.568/3.511 ms
[2024-11-02T11:10:24-0700] Ping test finished at 2024-11-02 11:10:24.339 PDT, duration: 31.113 s
[2024-11-02T11:10:24-0700] -------------------------------
[2024-11-02T11:10:24-0700] Waiting for 2 s...
[2024-11-02T11:10:26-0700] -------------------------------
[2024-11-02T11:10:26-0700] Starting 5G booster for 5 s...
[2024-11-02T11:10:26-0700] 5G booster started at 2024-11-02 11:10:26.470 PDT
[2024-11-02T11:10:32-0700] Current time exceeds end time, skipping wait
[2024-11-02T11:10:32-0700] Saved TCP DL results to /data/data/com.termux/files/home/storage/shared/bos_la_2024_trip/att/20241102/110529982/tcp_downlink_111026512.out
[2024-11-02T11:10:32-0700] DL AVG TPUT: 
[2024-11-02T11:10:32-0700] 5G booster finished at 2024-11-02 11:10:32.600 PDT, duration: 6.130 s
[2024-11-02T11:10:32-0700] -------------------------------
[2024-11-02T11:10:32-0700] Waiting for 2 s...
[2024-11-02T11:10:34-0700] -------------------------------
[2024-11-02T11:10:34-0700] TCP Ping test started at 2024-11-02 11:10:34.739 PDT
[2024-11-02T11:11:05-0700] Current time exceeds end time, skipping wait
[2024-11-02T11:11:05-0700] Saved TCP Ping test to /data/data/com.termux/files/home/storage/shared/bos_la_2024_trip/att/20241102/110529982/tcp_ping_111034785.out
[2024-11-02T11:11:05-0700] TCP Ping summary (min/avg/max/mdev) 
[2024-11-02T11:11:06-0700] TCP Ping test finished at 2024-11-02 11:11:05.933 PDT, duration: 31.194 s
[2024-11-02T11:11:06-0700] -------------------------------
[2024-11-02T11:11:06-0700] Waiting for 2 s...
[2024-11-02T11:11:08-0700] -------------------------------
[2024-11-02T11:11:08-0700] Traceroute test started at 2024-11-02 11:11:08.041 PDT
[2024-11-02T11:11:14-0700] Waiting for 23.783 s to reach end time
[2024-11-02T11:11:38-0700] Saved traceroute test to /data/data/com.termux/files/home/storage/shared/bos_la_2024_trip/att/20241102/110529982/traceroute_111108072.out
[2024-11-02T11:11:38-0700] Traceroute summary (min/avg/max/mdev) 
[2024-11-02T11:11:38-0700] Traceroute test finished at 2024-11-02 11:11:38.155 PDT, duration: 30.114 s
[2024-11-02T11:11:38-0700] -------------------------------
[2024-11-02T11:11:38-0700] All tests completed, cleaning up...
[2024-11-02T11:11:38-0700] -------------------------------
[2024-11-02T11:12:16-0700] [measurement] Load environment variables from prod.env file
[2024-11-02T11:12:16-0700] Starting a network measurement, please choose a server
[2024-11-02T11:12:16-0700] 0) West Cloud: 54.176.53.206
[2024-11-02T11:12:16-0700] 1) East Cloud: 54.197.223.49
[2024-11-02T11:12:24-0700] Enter your choice (0-1): Testing att, server 0 (ip: 54.176.53.206, nuttcp_port: 5102, iperf_port: 5002)
[2024-11-02T11:12:24-0700] -------------------------------
[2024-11-02T11:12:24-0700] tcp downlink test started at 2024-11-02 11:12:24.148 PDT
[2024-11-02T11:12:24-0700] Testing tcp downlink with 54.176.53.206:5102, interval 0.5 s, duration 120 s, timeout 121 s...
[2024-11-02T11:14:25-0700] Current time exceeds end time, skipping wait
[2024-11-02T11:14:25-0700] Saved tcp downlink test to /data/data/com.termux/files/home/storage/shared/bos_la_2024_trip/att/20241102/111224122/tcp_downlink_111224177.out
[2024-11-02T11:14:25-0700] DL AVG TPUT: 
[2024-11-02T11:14:25-0700] tcp downlink test finished at 2024-11-02 11:14:25.331 PDT, duration: 121.183 s
[2024-11-02T11:14:25-0700] -------------------------------
[2024-11-02T11:14:25-0700] Waiting for 2 s...
[2024-11-02T11:14:27-0700] -------------------------------
[2024-11-02T11:14:27-0700] Starting 5G booster for 5 s...
[2024-11-02T11:14:27-0700] 5G booster started at 2024-11-02 11:14:27.462 PDT
[2024-11-02T11:14:33-0700] Current time exceeds end time, skipping wait
[2024-11-02T11:14:33-0700] Saved TCP DL results to /data/data/com.termux/files/home/storage/shared/bos_la_2024_trip/att/20241102/111224122/tcp_downlink_111427499.out
[2024-11-02T11:14:33-0700] DL AVG TPUT: 
[2024-11-02T11:14:33-0700] 5G booster finished at 2024-11-02 11:14:33.645 PDT, duration: 6.183 s
[2024-11-02T11:14:33-0700] -------------------------------
[2024-11-02T11:14:33-0700] Waiting for 2 s...
[2024-11-02T11:14:35-0700] -------------------------------
[2024-11-02T11:14:35-0700] tcp uplink test started at 2024-11-02 11:14:35.823 PDT
[2024-11-02T11:14:35-0700] testing tcp uplink with 54.176.53.206:5102, interval 0.5, duration 120, timeout 121 ...
[2024-11-02T11:16:36-0700] Current time exceeds end time, skipping wait
[2024-11-02T11:16:36-0700] Saved uplink test to /data/data/com.termux/files/home/storage/shared/bos_la_2024_trip/att/20241102/111224122/tcp_uplink_111435877.out
[2024-11-02T11:16:37-0700] UL AVG TPUT: 
[2024-11-02T11:16:37-0700] tcp uplink test finished at 2024-11-02 11:16:36.990 PDT, duration: 121.167 s
[2024-11-02T11:16:37-0700] -------------------------------
[2024-11-02T11:16:37-0700] Waiting for 2 s...
[2024-11-02T11:16:39-0700] -------------------------------
[2024-11-02T11:16:39-0700] Starting 5G booster for 5 s...
[2024-11-02T11:16:39-0700] 5G booster started at 2024-11-02 11:16:39.117 PDT
[2024-11-02T11:16:45-0700] Current time exceeds end time, skipping wait
[2024-11-02T11:16:45-0700] Saved TCP DL results to /data/data/com.termux/files/home/storage/shared/bos_la_2024_trip/att/20241102/111224122/tcp_downlink_111639162.out
[2024-11-02T11:16:45-0700] DL AVG TPUT: 
[2024-11-02T11:16:45-0700] 5G booster finished at 2024-11-02 11:16:45.267 PDT, duration: 6.150 s
[2024-11-02T11:16:45-0700] -------------------------------
[2024-11-02T11:16:45-0700] Waiting for 2 s...
[2024-11-02T11:16:47-0700] -------------------------------
[2024-11-02T11:16:47-0700] ICMP Ping test started at 2024-11-02 11:16:47.414 PDT
[2024-11-02T11:17:17-0700] Waiting for .860 s to reach end time
[2024-11-02T11:17:18-0700] Saved ping test to /data/data/com.termux/files/home/storage/shared/bos_la_2024_trip/att/20241102/111224122/icmp_ping_111647460.out
[2024-11-02T11:17:18-0700] Ping summary (min/avg/max/mdev) = 20.703/33.595/251.670/28.004 ms
[2024-11-02T11:17:18-0700] Ping test finished at 2024-11-02 11:17:18.540 PDT, duration: 31.126 s
[2024-11-02T11:17:18-0700] -------------------------------
[2024-11-02T11:17:18-0700] Waiting for 2 s...
[2024-11-02T11:17:20-0700] -------------------------------
[2024-11-02T11:17:20-0700] Starting 5G booster for 5 s...
[2024-11-02T11:17:20-0700] 5G booster started at 2024-11-02 11:17:20.695 PDT
[2024-11-02T11:17:26-0700] Current time exceeds end time, skipping wait
[2024-11-02T11:17:26-0700] Saved TCP DL results to /data/data/com.termux/files/home/storage/shared/bos_la_2024_trip/att/20241102/111224122/tcp_downlink_111720742.out
[2024-11-02T11:17:26-0700] DL AVG TPUT: 
[2024-11-02T11:17:26-0700] 5G booster finished at 2024-11-02 11:17:26.811 PDT, duration: 6.116 s
[2024-11-02T11:17:26-0700] -------------------------------
[2024-11-02T11:17:26-0700] Waiting for 2 s...
[2024-11-02T11:17:28-0700] -------------------------------
[2024-11-02T11:17:28-0700] TCP Ping test started at 2024-11-02 11:17:28.951 PDT
[2024-11-02T11:18:00-0700] Current time exceeds end time, skipping wait
[2024-11-02T11:18:00-0700] Saved TCP Ping test to /data/data/com.termux/files/home/storage/shared/bos_la_2024_trip/att/20241102/111224122/tcp_ping_111728986.out
[2024-11-02T11:18:00-0700] TCP Ping summary (min/avg/max/mdev) 
[2024-11-02T11:18:00-0700] TCP Ping test finished at 2024-11-02 11:18:00.080 PDT, duration: 31.129 s
[2024-11-02T11:18:00-0700] -------------------------------
[2024-11-02T11:18:00-0700] Waiting for 2 s...
[2024-11-02T11:18:02-0700] -------------------------------
[2024-11-02T11:18:02-0700] Traceroute test started at 2024-11-02 11:18:02.214 PDT
[2024-11-02T11:18:07-0700] Waiting for 24.284 s to reach end time
[2024-11-02T11:18:32-0700] Saved traceroute test to /data/data/com.termux/files/home/storage/shared/bos_la_2024_trip/att/20241102/111224122/traceroute_111802256.out
[2024-11-02T11:18:32-0700] Traceroute summary (min/avg/max/mdev) 
[2024-11-02T11:18:32-0700] Traceroute test finished at 2024-11-02 11:18:32.317 PDT, duration: 30.103 s
[2024-11-02T11:18:32-0700] -------------------------------
[2024-11-02T11:18:32-0700] All tests completed, cleaning up...
[2024-11-02T11:18:32-0700] -------------------------------
[2024-11-02T11:19:28-0700] [measurement] Load environment variables from prod.env file
[2024-11-02T11:19:28-0700] Starting a network measurement, please choose a server
[2024-11-02T11:19:28-0700] 0) West Cloud: 54.176.53.206
[2024-11-02T11:19:28-0700] 1) East Cloud: 54.197.223.49
[2024-11-02T11:19:32-0700] Enter your choice (0-1): Testing att, server 0 (ip: 54.176.53.206, nuttcp_port: 5102, iperf_port: 5002)
[2024-11-02T11:19:32-0700] -------------------------------
[2024-11-02T11:19:32-0700] tcp downlink test started at 2024-11-02 11:19:32.256 PDT
[2024-11-02T11:19:32-0700] Testing tcp downlink with 54.176.53.206:5102, interval 0.5 s, duration 120 s, timeout 121 s...
[2024-11-02T11:21:33-0700] Current time exceeds end time, skipping wait
[2024-11-02T11:21:33-0700] Saved tcp downlink test to /data/data/com.termux/files/home/storage/shared/bos_la_2024_trip/att/20241102/111932239/tcp_downlink_111932282.out
[2024-11-02T11:21:33-0700] DL AVG TPUT: 
[2024-11-02T11:21:33-0700] tcp downlink test finished at 2024-11-02 11:21:33.375 PDT, duration: 121.119 s
[2024-11-02T11:21:33-0700] -------------------------------
[2024-11-02T11:21:33-0700] Waiting for 2 s...
[2024-11-02T11:21:35-0700] -------------------------------
[2024-11-02T11:21:35-0700] Starting 5G booster for 5 s...
[2024-11-02T11:21:35-0700] 5G booster started at 2024-11-02 11:21:35.498 PDT
[2024-11-02T11:21:41-0700] Current time exceeds end time, skipping wait
[2024-11-02T11:21:41-0700] Saved TCP DL results to /data/data/com.termux/files/home/storage/shared/bos_la_2024_trip/att/20241102/111932239/tcp_downlink_112135536.out
[2024-11-02T11:21:41-0700] DL AVG TPUT: 
[2024-11-02T11:21:41-0700] 5G booster finished at 2024-11-02 11:21:41.630 PDT, duration: 6.132 s
[2024-11-02T11:21:41-0700] -------------------------------
[2024-11-02T11:21:41-0700] Waiting for 2 s...
[2024-11-02T11:21:43-0700] -------------------------------
[2024-11-02T11:21:43-0700] tcp uplink test started at 2024-11-02 11:21:43.740 PDT
[2024-11-02T11:21:43-0700] testing tcp uplink with 54.176.53.206:5102, interval 0.5, duration 120, timeout 121 ...
[2024-11-02T11:23:44-0700] Current time exceeds end time, skipping wait
[2024-11-02T11:23:44-0700] Saved uplink test to /data/data/com.termux/files/home/storage/shared/bos_la_2024_trip/att/20241102/111932239/tcp_uplink_112143766.out
[2024-11-02T11:23:44-0700] UL AVG TPUT: 
[2024-11-02T11:23:44-0700] tcp uplink test finished at 2024-11-02 11:23:44.876 PDT, duration: 121.136 s
[2024-11-02T11:23:44-0700] -------------------------------
[2024-11-02T11:23:44-0700] Waiting for 2 s...
[2024-11-02T11:23:46-0700] -------------------------------
[2024-11-02T11:23:46-0700] Starting 5G booster for 5 s...
[2024-11-02T11:23:47-0700] 5G booster started at 2024-11-02 11:23:47.016 PDT
[2024-11-02T11:23:53-0700] Current time exceeds end time, skipping wait
[2024-11-02T11:23:53-0700] Saved TCP DL results to /data/data/com.termux/files/home/storage/shared/bos_la_2024_trip/att/20241102/111932239/tcp_downlink_112347067.out
[2024-11-02T11:23:53-0700] DL AVG TPUT: 
[2024-11-02T11:23:53-0700] 5G booster finished at 2024-11-02 11:23:53.189 PDT, duration: 6.173 s
[2024-11-02T11:23:53-0700] -------------------------------
[2024-11-02T11:23:53-0700] Waiting for 2 s...
[2024-11-02T11:23:55-0700] -------------------------------
[2024-11-02T11:23:55-0700] ICMP Ping test started at 2024-11-02 11:23:55.341 PDT
[2024-11-02T11:24:25-0700] Waiting for .834 s to reach end time
[2024-11-02T11:24:26-0700] Saved ping test to /data/data/com.termux/files/home/storage/shared/bos_la_2024_trip/att/20241102/111932239/icmp_ping_112355387.out
[2024-11-02T11:24:26-0700] Ping summary (min/avg/max/mdev) = 21.574/29.507/78.989/8.247 ms
[2024-11-02T11:24:26-0700] Ping test finished at 2024-11-02 11:24:26.467 PDT, duration: 31.126 s
[2024-11-02T11:24:26-0700] -------------------------------
[2024-11-02T11:24:26-0700] Waiting for 2 s...
[2024-11-02T11:24:28-0700] -------------------------------
[2024-11-02T11:24:28-0700] Starting 5G booster for 5 s...
[2024-11-02T11:24:28-0700] 5G booster started at 2024-11-02 11:24:28.617 PDT
[2024-11-02T11:24:34-0700] Current time exceeds end time, skipping wait
[2024-11-02T11:24:34-0700] Saved TCP DL results to /data/data/com.termux/files/home/storage/shared/bos_la_2024_trip/att/20241102/111932239/tcp_downlink_112428659.out
[2024-11-02T11:24:34-0700] DL AVG TPUT: 
[2024-11-02T11:24:34-0700] 5G booster finished at 2024-11-02 11:24:34.755 PDT, duration: 6.138 s
[2024-11-02T11:24:34-0700] -------------------------------
[2024-11-02T11:24:34-0700] Waiting for 2 s...
[2024-11-02T11:24:36-0700] -------------------------------
[2024-11-02T11:24:36-0700] TCP Ping test started at 2024-11-02 11:24:36.915 PDT
[2024-11-02T11:25:08-0700] Current time exceeds end time, skipping wait
[2024-11-02T11:25:08-0700] Saved TCP Ping test to /data/data/com.termux/files/home/storage/shared/bos_la_2024_trip/att/20241102/111932239/tcp_ping_112436957.out
[2024-11-02T11:25:08-0700] TCP Ping summary (min/avg/max/mdev) 
[2024-11-02T11:25:08-0700] TCP Ping test finished at 2024-11-02 11:25:08.059 PDT, duration: 31.144 s
[2024-11-02T11:25:08-0700] -------------------------------
[2024-11-02T11:25:08-0700] Waiting for 2 s...
[2024-11-02T11:25:10-0700] -------------------------------
[2024-11-02T11:25:10-0700] Traceroute test started at 2024-11-02 11:25:10.205 PDT
[2024-11-02T11:25:15-0700] Waiting for 24.305 s to reach end time
[2024-11-02T11:25:40-0700] Saved traceroute test to /data/data/com.termux/files/home/storage/shared/bos_la_2024_trip/att/20241102/111932239/traceroute_112510244.out
[2024-11-02T11:25:40-0700] Traceroute summary (min/avg/max/mdev) 
[2024-11-02T11:25:40-0700] Traceroute test finished at 2024-11-02 11:25:40.299 PDT, duration: 30.094 s
[2024-11-02T11:25:40-0700] -------------------------------
[2024-11-02T11:25:40-0700] All tests completed, cleaning up...
[2024-11-02T11:25:40-0700] -------------------------------
[2024-11-02T11:33:09-0700] [measurement] Load environment variables from prod.env file
[2024-11-02T11:33:09-0700] Starting a network measurement, please choose a server
[2024-11-02T11:33:09-0700] 0) West Cloud: 54.176.53.206
[2024-11-02T11:33:09-0700] 1) East Cloud: 54.197.223.49
[2024-11-02T11:33:16-0700] Enter your choice (0-1): Testing att, server 0 (ip: 54.176.53.206, nuttcp_port: 5102, iperf_port: 5002)
[2024-11-02T11:33:16-0700] -------------------------------
[2024-11-02T11:33:16-0700] tcp downlink test started at 2024-11-02 11:33:16.804 PDT
[2024-11-02T11:33:16-0700] Testing tcp downlink with 54.176.53.206:5102, interval 0.5 s, duration 120 s, timeout 121 s...
[2024-11-02T11:35:17-0700] Current time exceeds end time, skipping wait
[2024-11-02T11:35:17-0700] Saved tcp downlink test to /data/data/com.termux/files/home/storage/shared/bos_la_2024_trip/att/20241102/113316786/tcp_downlink_113316833.out
[2024-11-02T11:35:17-0700] DL AVG TPUT: 
[2024-11-02T11:35:18-0700] tcp downlink test finished at 2024-11-02 11:35:17.949 PDT, duration: 121.145 s
[2024-11-02T11:35:18-0700] -------------------------------
[2024-11-02T11:35:18-0700] Waiting for 2 s...
[2024-11-02T11:35:20-0700] -------------------------------
[2024-11-02T11:35:20-0700] Starting 5G booster for 5 s...
[2024-11-02T11:35:20-0700] 5G booster started at 2024-11-02 11:35:20.087 PDT
[2024-11-02T11:35:26-0700] Current time exceeds end time, skipping wait
[2024-11-02T11:35:26-0700] Saved TCP DL results to /data/data/com.termux/files/home/storage/shared/bos_la_2024_trip/att/20241102/113316786/tcp_downlink_113520128.out
[2024-11-02T11:35:26-0700] DL AVG TPUT: 
[2024-11-02T11:35:26-0700] 5G booster finished at 2024-11-02 11:35:26.242 PDT, duration: 6.155 s
[2024-11-02T11:35:26-0700] -------------------------------
[2024-11-02T11:35:26-0700] Waiting for 2 s...
[2024-11-02T11:35:28-0700] -------------------------------
[2024-11-02T11:35:28-0700] tcp uplink test started at 2024-11-02 11:35:28.402 PDT
[2024-11-02T11:35:28-0700] testing tcp uplink with 54.176.53.206:5102, interval 0.5, duration 120, timeout 121 ...
[2024-11-02T11:37:29-0700] Current time exceeds end time, skipping wait
[2024-11-02T11:37:29-0700] Saved uplink test to /data/data/com.termux/files/home/storage/shared/bos_la_2024_trip/att/20241102/113316786/tcp_uplink_113528461.out
[2024-11-02T11:37:29-0700] UL AVG TPUT: 
[2024-11-02T11:37:29-0700] tcp uplink test finished at 2024-11-02 11:37:29.585 PDT, duration: 121.183 s
[2024-11-02T11:37:29-0700] -------------------------------
[2024-11-02T11:37:29-0700] Waiting for 2 s...
[2024-11-02T11:37:31-0700] -------------------------------
[2024-11-02T11:37:31-0700] Starting 5G booster for 5 s...
[2024-11-02T11:37:31-0700] 5G booster started at 2024-11-02 11:37:31.761 PDT
[2024-11-02T11:37:37-0700] Current time exceeds end time, skipping wait
[2024-11-02T11:37:37-0700] Saved TCP DL results to /data/data/com.termux/files/home/storage/shared/bos_la_2024_trip/att/20241102/113316786/tcp_downlink_113731818.out
[2024-11-02T11:37:37-0700] DL AVG TPUT: 
[2024-11-02T11:37:38-0700] 5G booster finished at 2024-11-02 11:37:37.932 PDT, duration: 6.171 s
[2024-11-02T11:37:38-0700] -------------------------------
[2024-11-02T11:37:38-0700] Waiting for 2 s...
[2024-11-02T11:37:40-0700] -------------------------------
[2024-11-02T11:37:40-0700] ICMP Ping test started at 2024-11-02 11:37:40.076 PDT
[2024-11-02T11:38:10-0700] Waiting for .820 s to reach end time
[2024-11-02T11:38:11-0700] Saved ping test to /data/data/com.termux/files/home/storage/shared/bos_la_2024_trip/att/20241102/113316786/icmp_ping_113740140.out
[2024-11-02T11:38:11-0700] Ping summary (min/avg/max/mdev) = 35.193/106.742/1459.486/206.063 ms
[2024-11-02T11:38:11-0700] Ping test finished at 2024-11-02 11:38:11.207 PDT, duration: 31.131 s
[2024-11-02T11:38:11-0700] -------------------------------
[2024-11-02T11:38:11-0700] Waiting for 2 s...
[2024-11-02T11:38:13-0700] -------------------------------
[2024-11-02T11:38:13-0700] Starting 5G booster for 5 s...
[2024-11-02T11:38:13-0700] 5G booster started at 2024-11-02 11:38:13.363 PDT
[2024-11-02T11:38:19-0700] Current time exceeds end time, skipping wait
[2024-11-02T11:38:19-0700] Saved TCP DL results to /data/data/com.termux/files/home/storage/shared/bos_la_2024_trip/att/20241102/113316786/tcp_downlink_113813398.out
[2024-11-02T11:38:19-0700] DL AVG TPUT: 
[2024-11-02T11:38:19-0700] 5G booster finished at 2024-11-02 11:38:19.499 PDT, duration: 6.136 s
[2024-11-02T11:38:19-0700] -------------------------------
[2024-11-02T11:38:19-0700] Waiting for 2 s...
[2024-11-02T11:38:21-0700] -------------------------------
[2024-11-02T11:38:21-0700] TCP Ping test started at 2024-11-02 11:38:21.601 PDT
[2024-11-02T11:38:52-0700] Current time exceeds end time, skipping wait
[2024-11-02T11:38:52-0700] Saved TCP Ping test to /data/data/com.termux/files/home/storage/shared/bos_la_2024_trip/att/20241102/113316786/tcp_ping_113821645.out
[2024-11-02T11:38:52-0700] TCP Ping summary (min/avg/max/mdev) 
[2024-11-02T11:38:52-0700] TCP Ping test finished at 2024-11-02 11:38:52.740 PDT, duration: 31.139 s
[2024-11-02T11:38:52-0700] -------------------------------
[2024-11-02T11:38:52-0700] Waiting for 2 s...
[2024-11-02T11:38:54-0700] -------------------------------
[2024-11-02T11:38:54-0700] Traceroute test started at 2024-11-02 11:38:54.858 PDT
[2024-11-02T11:39:00-0700] Waiting for 24.082 s to reach end time
[2024-11-02T11:39:24-0700] Saved traceroute test to /data/data/com.termux/files/home/storage/shared/bos_la_2024_trip/att/20241102/113316786/traceroute_113854888.out
[2024-11-02T11:39:24-0700] Traceroute summary (min/avg/max/mdev) 
[2024-11-02T11:39:24-0700] Traceroute test finished at 2024-11-02 11:39:24.929 PDT, duration: 30.071 s
[2024-11-02T11:39:24-0700] -------------------------------
[2024-11-02T11:39:24-0700] All tests completed, cleaning up...
[2024-11-02T11:39:24-0700] -------------------------------
[2024-11-02T11:40:05-0700] [measurement] Load environment variables from prod.env file
[2024-11-02T11:40:05-0700] Starting a network measurement, please choose a server
[2024-11-02T11:40:05-0700] 0) West Cloud: 54.176.53.206
[2024-11-02T11:40:05-0700] 1) East Cloud: 54.197.223.49
[2024-11-02T11:40:23-0700] Enter your choice (0-1): Testing att, server 0 (ip: 54.176.53.206, nuttcp_port: 5102, iperf_port: 5002)
[2024-11-02T11:40:23-0700] -------------------------------
[2024-11-02T11:40:23-0700] tcp downlink test started at 2024-11-02 11:40:23.910 PDT
[2024-11-02T11:40:23-0700] Testing tcp downlink with 54.176.53.206:5102, interval 0.5 s, duration 120 s, timeout 121 s...
[2024-11-02T11:42:25-0700] Current time exceeds end time, skipping wait
[2024-11-02T11:42:25-0700] Saved tcp downlink test to /data/data/com.termux/files/home/storage/shared/bos_la_2024_trip/att/20241102/114023887/tcp_downlink_114023937.out
[2024-11-02T11:42:25-0700] DL AVG TPUT: 
[2024-11-02T11:42:25-0700] tcp downlink test finished at 2024-11-02 11:42:25.029 PDT, duration: 121.119 s
[2024-11-02T11:42:25-0700] -------------------------------
[2024-11-02T11:42:25-0700] Waiting for 2 s...
[2024-11-02T11:42:27-0700] -------------------------------
[2024-11-02T11:42:27-0700] Starting 5G booster for 5 s...
[2024-11-02T11:42:27-0700] 5G booster started at 2024-11-02 11:42:27.151 PDT
[2024-11-02T11:42:33-0700] Current time exceeds end time, skipping wait
[2024-11-02T11:42:33-0700] Saved TCP DL results to /data/data/com.termux/files/home/storage/shared/bos_la_2024_trip/att/20241102/114023887/tcp_downlink_114227185.out
[2024-11-02T11:42:33-0700] DL AVG TPUT: 
[2024-11-02T11:42:33-0700] 5G booster finished at 2024-11-02 11:42:33.258 PDT, duration: 6.107 s
[2024-11-02T11:42:33-0700] -------------------------------
[2024-11-02T11:42:33-0700] Waiting for 2 s...
[2024-11-02T11:42:35-0700] -------------------------------
[2024-11-02T11:42:35-0700] tcp uplink test started at 2024-11-02 11:42:35.377 PDT
[2024-11-02T11:42:35-0700] testing tcp uplink with 54.176.53.206:5102, interval 0.5, duration 120, timeout 121 ...
[2024-11-02T11:42:35-0700] server aborted connection
[2024-11-02T11:42:35-0700] Waiting for 120.610 s to reach end time
[2024-11-02T11:44:36-0700] Saved uplink test to /data/data/com.termux/files/home/storage/shared/bos_la_2024_trip/att/20241102/114023887/tcp_uplink_114235415.out
[2024-11-02T11:44:36-0700] [CAUTION] EMPTY LOG!
[2024-11-02T11:44:36-0700] tcp uplink test finished at 2024-11-02 11:44:36.471 PDT, duration: 121.094 s
[2024-11-02T11:44:36-0700] -------------------------------
[2024-11-02T11:44:36-0700] Waiting for 2 s...
[2024-11-02T11:44:38-0700] -------------------------------
[2024-11-02T11:44:38-0700] Starting 5G booster for 5 s...
[2024-11-02T11:44:38-0700] 5G booster started at 2024-11-02 11:44:38.586 PDT
[2024-11-02T11:44:44-0700] Current time exceeds end time, skipping wait
[2024-11-02T11:44:44-0700] Saved TCP DL results to /data/data/com.termux/files/home/storage/shared/bos_la_2024_trip/att/20241102/114023887/tcp_downlink_114438617.out
[2024-11-02T11:44:44-0700] DL AVG TPUT: 
[2024-11-02T11:44:44-0700] 5G booster finished at 2024-11-02 11:44:44.713 PDT, duration: 6.127 s
[2024-11-02T11:44:44-0700] -------------------------------
[2024-11-02T11:44:44-0700] Waiting for 2 s...
[2024-11-02T11:44:46-0700] -------------------------------
[2024-11-02T11:44:46-0700] ICMP Ping test started at 2024-11-02 11:44:46.834 PDT
[2024-11-02T11:45:16-0700] Waiting for .889 s to reach end time
[2024-11-02T11:45:17-0700] Saved ping test to /data/data/com.termux/files/home/storage/shared/bos_la_2024_trip/att/20241102/114023887/icmp_ping_114446883.out
[2024-11-02T11:45:17-0700] Ping summary (min/avg/max/mdev) = 19.798/23.311/46.000/2.851 ms
[2024-11-02T11:45:17-0700] Ping test finished at 2024-11-02 11:45:17.916 PDT, duration: 31.082 s
[2024-11-02T11:45:17-0700] -------------------------------
[2024-11-02T11:45:17-0700] Waiting for 2 s...
[2024-11-02T11:45:20-0700] -------------------------------
[2024-11-02T11:45:20-0700] Starting 5G booster for 5 s...
[2024-11-02T11:45:20-0700] 5G booster started at 2024-11-02 11:45:20.032 PDT
[2024-11-02T11:45:26-0700] Current time exceeds end time, skipping wait
[2024-11-02T11:45:26-0700] Saved TCP DL results to /data/data/com.termux/files/home/storage/shared/bos_la_2024_trip/att/20241102/114023887/tcp_downlink_114520087.out
[2024-11-02T11:45:26-0700] DL AVG TPUT: 
[2024-11-02T11:45:26-0700] 5G booster finished at 2024-11-02 11:45:26.137 PDT, duration: 6.105 s
[2024-11-02T11:45:26-0700] -------------------------------
[2024-11-02T11:45:26-0700] Waiting for 2 s...
[2024-11-02T11:45:28-0700] -------------------------------
[2024-11-02T11:45:28-0700] TCP Ping test started at 2024-11-02 11:45:28.223 PDT
[2024-11-02T11:45:59-0700] Current time exceeds end time, skipping wait
[2024-11-02T11:45:59-0700] Saved TCP Ping test to /data/data/com.termux/files/home/storage/shared/bos_la_2024_trip/att/20241102/114023887/tcp_ping_114528247.out
[2024-11-02T11:45:59-0700] TCP Ping summary (min/avg/max/mdev) 
[2024-11-02T11:45:59-0700] TCP Ping test finished at 2024-11-02 11:45:59.340 PDT, duration: 31.117 s
[2024-11-02T11:45:59-0700] -------------------------------
[2024-11-02T11:45:59-0700] Waiting for 2 s...
[2024-11-02T11:46:01-0700] -------------------------------
[2024-11-02T11:46:01-0700] Traceroute test started at 2024-11-02 11:46:01.452 PDT
[2024-11-02T11:46:06-0700] Waiting for 24.522 s to reach end time
[2024-11-02T11:46:31-0700] Saved traceroute test to /data/data/com.termux/files/home/storage/shared/bos_la_2024_trip/att/20241102/114023887/traceroute_114601482.out
[2024-11-02T11:46:31-0700] Traceroute summary (min/avg/max/mdev) 
[2024-11-02T11:46:31-0700] Traceroute test finished at 2024-11-02 11:46:31.542 PDT, duration: 30.090 s
[2024-11-02T11:46:31-0700] -------------------------------
[2024-11-02T11:46:31-0700] All tests completed, cleaning up...
[2024-11-02T11:46:31-0700] -------------------------------
[2024-11-02T12:40:42-0700] [measurement] Load environment variables from prod.env file
[2024-11-02T12:40:42-0700] Starting a network measurement, please choose a server
[2024-11-02T12:40:42-0700] 0) West Cloud: 54.176.53.206
[2024-11-02T12:40:42-0700] 1) East Cloud: 54.197.223.49
[2024-11-02T12:40:49-0700] Enter your choice (0-1): Testing att, server 0 (ip: 54.176.53.206, nuttcp_port: 5102, iperf_port: 5002)
[2024-11-02T12:40:49-0700] -------------------------------
[2024-11-02T12:40:49-0700] tcp downlink test started at 2024-11-02 12:40:49.106 PDT
[2024-11-02T12:40:49-0700] Testing tcp downlink with 54.176.53.206:5102, interval 0.5 s, duration 120 s, timeout 121 s...
[2024-11-02T12:42:50-0700] Current time exceeds end time, skipping wait
[2024-11-02T12:42:50-0700] Saved tcp downlink test to /data/data/com.termux/files/home/storage/shared/bos_la_2024_trip/att/20241102/124049087/tcp_downlink_124049140.out
[2024-11-02T12:42:50-0700] DL AVG TPUT: 
[2024-11-02T12:42:50-0700] tcp downlink test finished at 2024-11-02 12:42:50.280 PDT, duration: 121.174 s
[2024-11-02T12:42:50-0700] -------------------------------
[2024-11-02T12:42:50-0700] Waiting for 2 s...
[2024-11-02T12:42:52-0700] -------------------------------
[2024-11-02T12:42:52-0700] Starting 5G booster for 5 s...
[2024-11-02T12:42:52-0700] 5G booster started at 2024-11-02 12:42:52.428 PDT
[2024-11-02T12:42:58-0700] Current time exceeds end time, skipping wait
[2024-11-02T12:42:58-0700] Saved TCP DL results to /data/data/com.termux/files/home/storage/shared/bos_la_2024_trip/att/20241102/124049087/tcp_downlink_124252467.out
[2024-11-02T12:42:58-0700] DL AVG TPUT: 
[2024-11-02T12:42:58-0700] 5G booster finished at 2024-11-02 12:42:58.603 PDT, duration: 6.175 s
[2024-11-02T12:42:58-0700] -------------------------------
[2024-11-02T12:42:58-0700] Waiting for 2 s...
[2024-11-02T12:43:00-0700] -------------------------------
[2024-11-02T12:43:00-0700] tcp uplink test started at 2024-11-02 12:43:00.750 PDT
[2024-11-02T12:43:00-0700] testing tcp uplink with 54.176.53.206:5102, interval 0.5, duration 120, timeout 121 ...
[2024-11-02T12:45:01-0700] Current time exceeds end time, skipping wait
[2024-11-02T12:45:01-0700] Saved uplink test to /data/data/com.termux/files/home/storage/shared/bos_la_2024_trip/att/20241102/124049087/tcp_uplink_124300813.out
[2024-11-02T12:45:02-0700] UL AVG TPUT: 
[2024-11-02T12:45:02-0700] tcp uplink test finished at 2024-11-02 12:45:01.954 PDT, duration: 121.204 s
[2024-11-02T12:45:02-0700] -------------------------------
[2024-11-02T12:45:02-0700] Waiting for 2 s...
[2024-11-02T12:45:04-0700] -------------------------------
[2024-11-02T12:45:04-0700] Starting 5G booster for 5 s...
[2024-11-02T12:45:04-0700] 5G booster started at 2024-11-02 12:45:04.109 PDT
[2024-11-02T12:45:10-0700] Current time exceeds end time, skipping wait
[2024-11-02T12:45:10-0700] Saved TCP DL results to /data/data/com.termux/files/home/storage/shared/bos_la_2024_trip/att/20241102/124049087/tcp_downlink_124504142.out
[2024-11-02T12:45:10-0700] DL AVG TPUT: 
[2024-11-02T12:45:10-0700] 5G booster finished at 2024-11-02 12:45:10.275 PDT, duration: 6.166 s
[2024-11-02T12:45:10-0700] -------------------------------
[2024-11-02T12:45:10-0700] Waiting for 2 s...
[2024-11-02T12:45:12-0700] -------------------------------
[2024-11-02T12:45:12-0700] ICMP Ping test started at 2024-11-02 12:45:12.404 PDT
[2024-11-02T12:45:42-0700] Waiting for .841 s to reach end time
[2024-11-02T12:45:43-0700] Saved ping test to /data/data/com.termux/files/home/storage/shared/bos_la_2024_trip/att/20241102/124049087/icmp_ping_124512461.out
[2024-11-02T12:45:43-0700] Ping summary (min/avg/max/mdev) = 21.350/88.151/1504.198/215.782 ms
[2024-11-02T12:45:43-0700] Ping test finished at 2024-11-02 12:45:43.487 PDT, duration: 31.083 s
[2024-11-02T12:45:43-0700] -------------------------------
[2024-11-02T12:45:43-0700] Waiting for 2 s...
[2024-11-02T12:45:45-0700] -------------------------------
[2024-11-02T12:45:45-0700] Starting 5G booster for 5 s...
[2024-11-02T12:45:45-0700] 5G booster started at 2024-11-02 12:45:45.624 PDT
[2024-11-02T12:45:51-0700] Current time exceeds end time, skipping wait
[2024-11-02T12:45:51-0700] Saved TCP DL results to /data/data/com.termux/files/home/storage/shared/bos_la_2024_trip/att/20241102/124049087/tcp_downlink_124545660.out
[2024-11-02T12:45:51-0700] DL AVG TPUT: 
[2024-11-02T12:45:51-0700] 5G booster finished at 2024-11-02 12:45:51.752 PDT, duration: 6.128 s
[2024-11-02T12:45:51-0700] -------------------------------
[2024-11-02T12:45:51-0700] Waiting for 2 s...
[2024-11-02T12:45:53-0700] -------------------------------
[2024-11-02T12:45:53-0700] TCP Ping test started at 2024-11-02 12:45:53.880 PDT
[2024-11-02T12:46:25-0700] Current time exceeds end time, skipping wait
[2024-11-02T12:46:25-0700] Saved TCP Ping test to /data/data/com.termux/files/home/storage/shared/bos_la_2024_trip/att/20241102/124049087/tcp_ping_124553920.out
[2024-11-02T12:46:25-0700] TCP Ping summary (min/avg/max/mdev) 
[2024-11-02T12:46:25-0700] TCP Ping test finished at 2024-11-02 12:46:25.041 PDT, duration: 31.161 s
[2024-11-02T12:46:25-0700] -------------------------------
[2024-11-02T12:46:25-0700] Waiting for 2 s...
[2024-11-02T12:46:27-0700] -------------------------------
[2024-11-02T12:46:27-0700] Traceroute test started at 2024-11-02 12:46:27.170 PDT
[2024-11-02T12:46:33-0700] Waiting for 24.122 s to reach end time
[2024-11-02T12:46:57-0700] Saved traceroute test to /data/data/com.termux/files/home/storage/shared/bos_la_2024_trip/att/20241102/124049087/traceroute_124627205.out
[2024-11-02T12:46:57-0700] Traceroute summary (min/avg/max/mdev) 
[2024-11-02T12:46:57-0700] Traceroute test finished at 2024-11-02 12:46:57.277 PDT, duration: 30.107 s
[2024-11-02T12:46:57-0700] -------------------------------
[2024-11-02T12:46:57-0700] All tests completed, cleaning up...
[2024-11-02T12:46:57-0700] -------------------------------
[2024-11-02T12:48:14-0700] [measurement] Load environment variables from prod.env file
[2024-11-02T12:48:14-0700] Starting a network measurement, please choose a server
[2024-11-02T12:48:14-0700] 0) West Cloud: 54.176.53.206
[2024-11-02T12:48:14-0700] 1) East Cloud: 54.197.223.49
[2024-11-02T12:48:18-0700] Enter your choice (0-1): Testing att, server 0 (ip: 54.176.53.206, nuttcp_port: 5102, iperf_port: 5002)
[2024-11-02T12:48:18-0700] -------------------------------
[2024-11-02T12:48:18-0700] tcp downlink test started at 2024-11-02 12:48:18.767 PDT
[2024-11-02T12:48:18-0700] Testing tcp downlink with 54.176.53.206:5102, interval 0.5 s, duration 120 s, timeout 121 s...
[2024-11-02T12:50:19-0700] Current time exceeds end time, skipping wait
[2024-11-02T12:50:19-0700] Saved tcp downlink test to /data/data/com.termux/files/home/storage/shared/bos_la_2024_trip/att/20241102/124818740/tcp_downlink_124818792.out
[2024-11-02T12:50:19-0700] DL AVG TPUT: 
[2024-11-02T12:50:19-0700] tcp downlink test finished at 2024-11-02 12:50:19.903 PDT, duration: 121.136 s
[2024-11-02T12:50:19-0700] -------------------------------
[2024-11-02T12:50:19-0700] Waiting for 2 s...
[2024-11-02T12:50:21-0700] -------------------------------
[2024-11-02T12:50:21-0700] Starting 5G booster for 5 s...
[2024-11-02T12:50:22-0700] 5G booster started at 2024-11-02 12:50:22.017 PDT
[2024-11-02T12:50:28-0700] Current time exceeds end time, skipping wait
[2024-11-02T12:50:28-0700] Saved TCP DL results to /data/data/com.termux/files/home/storage/shared/bos_la_2024_trip/att/20241102/124818740/tcp_downlink_125022056.out
[2024-11-02T12:50:28-0700] DL AVG TPUT: 
[2024-11-02T12:50:28-0700] 5G booster finished at 2024-11-02 12:50:28.149 PDT, duration: 6.132 s
[2024-11-02T12:50:28-0700] -------------------------------
[2024-11-02T12:50:28-0700] Waiting for 2 s...
[2024-11-02T12:50:30-0700] -------------------------------
[2024-11-02T12:50:30-0700] tcp uplink test started at 2024-11-02 12:50:30.275 PDT
[2024-11-02T12:50:30-0700] testing tcp uplink with 54.176.53.206:5102, interval 0.5, duration 120, timeout 121 ...
[2024-11-02T12:52:31-0700] Current time exceeds end time, skipping wait
[2024-11-02T12:52:31-0700] Saved uplink test to /data/data/com.termux/files/home/storage/shared/bos_la_2024_trip/att/20241102/124818740/tcp_uplink_125030303.out
[2024-11-02T12:52:31-0700] UL AVG TPUT: 
[2024-11-02T12:52:31-0700] tcp uplink test finished at 2024-11-02 12:52:31.409 PDT, duration: 121.134 s
[2024-11-02T12:52:31-0700] -------------------------------
[2024-11-02T12:52:31-0700] Waiting for 2 s...
[2024-11-02T12:52:33-0700] -------------------------------
[2024-11-02T12:52:33-0700] Starting 5G booster for 5 s...
[2024-11-02T12:52:33-0700] 5G booster started at 2024-11-02 12:52:33.583 PDT
[2024-11-02T12:52:39-0700] Current time exceeds end time, skipping wait
[2024-11-02T12:52:39-0700] Saved TCP DL results to /data/data/com.termux/files/home/storage/shared/bos_la_2024_trip/att/20241102/124818740/tcp_downlink_125233627.out
[2024-11-02T12:52:39-0700] DL AVG TPUT: 
[2024-11-02T12:52:39-0700] 5G booster finished at 2024-11-02 12:52:39.748 PDT, duration: 6.165 s
[2024-11-02T12:52:39-0700] -------------------------------
[2024-11-02T12:52:39-0700] Waiting for 2 s...
[2024-11-02T12:52:41-0700] -------------------------------
[2024-11-02T12:52:41-0700] ICMP Ping test started at 2024-11-02 12:52:41.914 PDT
[2024-11-02T12:53:12-0700] Waiting for .841 s to reach end time
[2024-11-02T12:53:13-0700] Saved ping test to /data/data/com.termux/files/home/storage/shared/bos_la_2024_trip/att/20241102/124818740/icmp_ping_125241960.out
[2024-11-02T12:53:13-0700] Ping summary (min/avg/max/mdev) = 26.007/55.149/753.283/105.617 ms
[2024-11-02T12:53:13-0700] Ping test finished at 2024-11-02 12:53:13.018 PDT, duration: 31.104 s
[2024-11-02T12:53:13-0700] -------------------------------
[2024-11-02T12:53:13-0700] Waiting for 2 s...
[2024-11-02T12:53:15-0700] -------------------------------
[2024-11-02T12:53:15-0700] Starting 5G booster for 5 s...
[2024-11-02T12:53:15-0700] 5G booster started at 2024-11-02 12:53:15.174 PDT
[2024-11-02T12:53:21-0700] Current time exceeds end time, skipping wait
[2024-11-02T12:53:21-0700] Saved TCP DL results to /data/data/com.termux/files/home/storage/shared/bos_la_2024_trip/att/20241102/124818740/tcp_downlink_125315214.out
[2024-11-02T12:53:21-0700] DL AVG TPUT: 
[2024-11-02T12:53:21-0700] 5G booster finished at 2024-11-02 12:53:21.351 PDT, duration: 6.177 s
[2024-11-02T12:53:21-0700] -------------------------------
[2024-11-02T12:53:21-0700] Waiting for 2 s...
[2024-11-02T12:53:23-0700] -------------------------------
[2024-11-02T12:53:23-0700] TCP Ping test started at 2024-11-02 12:53:23.481 PDT
[2024-11-02T12:53:54-0700] Current time exceeds end time, skipping wait
[2024-11-02T12:53:54-0700] Saved TCP Ping test to /data/data/com.termux/files/home/storage/shared/bos_la_2024_trip/att/20241102/124818740/tcp_ping_125323518.out
[2024-11-02T12:53:54-0700] TCP Ping summary (min/avg/max/mdev) 
[2024-11-02T12:53:54-0700] TCP Ping test finished at 2024-11-02 12:53:54.658 PDT, duration: 31.177 s
[2024-11-02T12:53:54-0700] -------------------------------
[2024-11-02T12:53:54-0700] Waiting for 2 s...
[2024-11-02T12:53:56-0700] -------------------------------
[2024-11-02T12:53:56-0700] Traceroute test started at 2024-11-02 12:53:56.812 PDT
[2024-11-02T12:54:02-0700] Waiting for 24.274 s to reach end time
[2024-11-02T12:54:26-0700] Saved traceroute test to /data/data/com.termux/files/home/storage/shared/bos_la_2024_trip/att/20241102/124818740/traceroute_125356843.out
[2024-11-02T12:54:26-0700] Traceroute summary (min/avg/max/mdev) 
[2024-11-02T12:54:26-0700] Traceroute test finished at 2024-11-02 12:54:26.900 PDT, duration: 30.088 s
[2024-11-02T12:54:26-0700] -------------------------------
[2024-11-02T12:54:26-0700] All tests completed, cleaning up...
[2024-11-02T12:54:26-0700] -------------------------------
[2024-11-02T12:55:34-0700] [measurement] Load environment variables from prod.env file
[2024-11-02T12:55:34-0700] Starting a network measurement, please choose a server
[2024-11-02T12:55:34-0700] 0) West Cloud: 54.176.53.206
[2024-11-02T12:55:34-0700] 1) East Cloud: 54.197.223.49
[2024-11-02T12:55:37-0700] Enter your choice (0-1): Testing att, server 0 (ip: 54.176.53.206, nuttcp_port: 5102, iperf_port: 5002)
[2024-11-02T12:55:37-0700] -------------------------------
[2024-11-02T12:55:37-0700] tcp downlink test started at 2024-11-02 12:55:37.902 PDT
[2024-11-02T12:55:37-0700] Testing tcp downlink with 54.176.53.206:5102, interval 0.5 s, duration 120 s, timeout 121 s...
[2024-11-02T12:55:38-0700] server aborted connection
[2024-11-02T12:55:38-0700] Waiting for 120.746 s to reach end time
[2024-11-02T12:57:38-0700] Saved tcp downlink test to /data/data/com.termux/files/home/storage/shared/bos_la_2024_trip/att/20241102/125537883/tcp_downlink_125537926.out
[2024-11-02T12:57:38-0700] [CAUTION] EMPTY LOG!
[2024-11-02T12:57:39-0700] tcp downlink test finished at 2024-11-02 12:57:38.972 PDT, duration: 121.070 s
[2024-11-02T12:57:39-0700] -------------------------------
[2024-11-02T12:57:39-0700] Waiting for 2 s...
[2024-11-02T12:57:41-0700] -------------------------------
[2024-11-02T12:57:41-0700] Starting 5G booster for 5 s...
[2024-11-02T12:57:41-0700] 5G booster started at 2024-11-02 12:57:41.061 PDT
[2024-11-02T12:57:47-0700] Current time exceeds end time, skipping wait
[2024-11-02T12:57:47-0700] Saved TCP DL results to /data/data/com.termux/files/home/storage/shared/bos_la_2024_trip/att/20241102/125537883/tcp_downlink_125741109.out
[2024-11-02T12:57:47-0700] DL AVG TPUT: 
[2024-11-02T12:57:47-0700] 5G booster finished at 2024-11-02 12:57:47.214 PDT, duration: 6.153 s
[2024-11-02T12:57:47-0700] -------------------------------
[2024-11-02T12:57:47-0700] Waiting for 2 s...
[2024-11-02T12:57:49-0700] -------------------------------
[2024-11-02T12:57:49-0700] tcp uplink test started at 2024-11-02 12:57:49.347 PDT
[2024-11-02T12:57:49-0700] testing tcp uplink with 54.176.53.206:5102, interval 0.5, duration 120, timeout 121 ...
[2024-11-02T12:59:50-0700] Current time exceeds end time, skipping wait
[2024-11-02T12:59:50-0700] Saved uplink test to /data/data/com.termux/files/home/storage/shared/bos_la_2024_trip/att/20241102/125537883/tcp_uplink_125749381.out
[2024-11-02T12:59:50-0700] UL AVG TPUT: 
[2024-11-02T12:59:50-0700] tcp uplink test finished at 2024-11-02 12:59:50.473 PDT, duration: 121.126 s
[2024-11-02T12:59:50-0700] -------------------------------
[2024-11-02T12:59:50-0700] Waiting for 2 s...
[2024-11-02T12:59:52-0700] -------------------------------
[2024-11-02T12:59:52-0700] Starting 5G booster for 5 s...
[2024-11-02T12:59:52-0700] 5G booster started at 2024-11-02 12:59:52.587 PDT
[2024-11-02T12:59:58-0700] Current time exceeds end time, skipping wait
[2024-11-02T12:59:58-0700] Saved TCP DL results to /data/data/com.termux/files/home/storage/shared/bos_la_2024_trip/att/20241102/125537883/tcp_downlink_125952614.out
[2024-11-02T12:59:58-0700] DL AVG TPUT: 
[2024-11-02T12:59:58-0700] 5G booster finished at 2024-11-02 12:59:58.714 PDT, duration: 6.127 s
[2024-11-02T12:59:58-0700] -------------------------------
[2024-11-02T12:59:58-0700] Waiting for 2 s...
[2024-11-02T13:00:00-0700] -------------------------------
[2024-11-02T13:00:00-0700] ICMP Ping test started at 2024-11-02 13:00:00.826 PDT
[2024-11-02T13:00:31-0700] Waiting for .847 s to reach end time
[2024-11-02T13:00:31-0700] Saved ping test to /data/data/com.termux/files/home/storage/shared/bos_la_2024_trip/att/20241102/125537883/icmp_ping_130000877.out
[2024-11-02T13:00:31-0700] Ping summary (min/avg/max/mdev) = 20.899/34.083/118.426/20.728 ms
[2024-11-02T13:00:31-0700] Ping test finished at 2024-11-02 13:00:31.922 PDT, duration: 31.096 s
[2024-11-02T13:00:31-0700] -------------------------------
[2024-11-02T13:00:31-0700] Waiting for 2 s...
[2024-11-02T13:00:33-0700] -------------------------------
[2024-11-02T13:00:33-0700] Starting 5G booster for 5 s...
[2024-11-02T13:00:34-0700] 5G booster started at 2024-11-02 13:00:34.017 PDT
[2024-11-02T13:00:40-0700] Current time exceeds end time, skipping wait
[2024-11-02T13:00:40-0700] Saved TCP DL results to /data/data/com.termux/files/home/storage/shared/bos_la_2024_trip/att/20241102/125537883/tcp_downlink_130034045.out
[2024-11-02T13:00:40-0700] DL AVG TPUT: 
[2024-11-02T13:00:40-0700] 5G booster finished at 2024-11-02 13:00:40.144 PDT, duration: 6.127 s
[2024-11-02T13:00:40-0700] -------------------------------
[2024-11-02T13:00:40-0700] Waiting for 2 s...
[2024-11-02T13:00:42-0700] -------------------------------
[2024-11-02T13:00:42-0700] TCP Ping test started at 2024-11-02 13:00:42.264 PDT
[2024-11-02T13:01:13-0700] Current time exceeds end time, skipping wait
[2024-11-02T13:01:13-0700] Saved TCP Ping test to /data/data/com.termux/files/home/storage/shared/bos_la_2024_trip/att/20241102/125537883/tcp_ping_130042332.out
[2024-11-02T13:01:13-0700] TCP Ping summary (min/avg/max/mdev) 
[2024-11-02T13:01:13-0700] TCP Ping test finished at 2024-11-02 13:01:13.417 PDT, duration: 31.153 s
[2024-11-02T13:01:13-0700] -------------------------------
[2024-11-02T13:01:13-0700] Waiting for 2 s...
[2024-11-02T13:01:15-0700] -------------------------------
[2024-11-02T13:01:15-0700] Traceroute test started at 2024-11-02 13:01:15.548 PDT
[2024-11-02T13:01:21-0700] Waiting for 24.366 s to reach end time
[2024-11-02T13:01:45-0700] Saved traceroute test to /data/data/com.termux/files/home/storage/shared/bos_la_2024_trip/att/20241102/125537883/traceroute_130115579.out
[2024-11-02T13:01:45-0700] Traceroute summary (min/avg/max/mdev) 
[2024-11-02T13:01:45-0700] Traceroute test finished at 2024-11-02 13:01:45.629 PDT, duration: 30.081 s
[2024-11-02T13:01:45-0700] -------------------------------
[2024-11-02T13:01:45-0700] All tests completed, cleaning up...
[2024-11-02T13:01:45-0700] -------------------------------
[2024-11-02T13:02:51-0700] [measurement] Load environment variables from prod.env file
[2024-11-02T13:02:51-0700] Starting a network measurement, please choose a server
[2024-11-02T13:02:51-0700] 0) West Cloud: 54.176.53.206
[2024-11-02T13:02:51-0700] 1) East Cloud: 54.197.223.49
[2024-11-02T13:03:12-0700] Enter your choice (0-1): Testing att, server 0 (ip: 54.176.53.206, nuttcp_port: 5102, iperf_port: 5002)
[2024-11-02T13:03:12-0700] -------------------------------
[2024-11-02T13:03:12-0700] tcp downlink test started at 2024-11-02 13:03:12.146 PDT
[2024-11-02T13:03:12-0700] Testing tcp downlink with 54.176.53.206:5102, interval 0.5 s, duration 120 s, timeout 121 s...
[2024-11-02T13:05:13-0700] Current time exceeds end time, skipping wait
[2024-11-02T13:05:13-0700] Saved tcp downlink test to /data/data/com.termux/files/home/storage/shared/bos_la_2024_trip/att/20241102/130312118/tcp_downlink_130312187.out
[2024-11-02T13:05:13-0700] DL AVG TPUT: 
[2024-11-02T13:05:13-0700] tcp downlink test finished at 2024-11-02 13:05:13.318 PDT, duration: 121.172 s
[2024-11-02T13:05:13-0700] -------------------------------
[2024-11-02T13:05:13-0700] Waiting for 2 s...
[2024-11-02T13:05:15-0700] -------------------------------
[2024-11-02T13:05:15-0700] Starting 5G booster for 5 s...
[2024-11-02T13:05:15-0700] 5G booster started at 2024-11-02 13:05:15.420 PDT
[2024-11-02T13:05:15-0700] server aborted connection
[2024-11-02T13:05:15-0700] Waiting for 5.672 s to reach end time
[2024-11-02T13:05:21-0700] Saved TCP DL results to /data/data/com.termux/files/home/storage/shared/bos_la_2024_trip/att/20241102/130312118/tcp_downlink_130515449.out
[2024-11-02T13:05:21-0700] [CAUTION] EMPTY LOG!
[2024-11-02T13:05:21-0700] 5G booster finished at 2024-11-02 13:05:21.480 PDT, duration: 6.060 s
[2024-11-02T13:05:21-0700] -------------------------------
[2024-11-02T13:05:21-0700] Waiting for 2 s...
[2024-11-02T13:05:23-0700] -------------------------------
[2024-11-02T13:05:23-0700] tcp uplink test started at 2024-11-02 13:05:23.547 PDT
[2024-11-02T13:05:23-0700] testing tcp uplink with 54.176.53.206:5102, interval 0.5, duration 120, timeout 121 ...
[2024-11-02T13:07:24-0700] Current time exceeds end time, skipping wait
[2024-11-02T13:07:24-0700] Saved uplink test to /data/data/com.termux/files/home/storage/shared/bos_la_2024_trip/att/20241102/130312118/tcp_uplink_130523586.out
[2024-11-02T13:07:24-0700] UL AVG TPUT: 
[2024-11-02T13:07:24-0700] tcp uplink test finished at 2024-11-02 13:07:24.704 PDT, duration: 121.157 s
[2024-11-02T13:07:24-0700] -------------------------------
[2024-11-02T13:07:24-0700] Waiting for 2 s...
[2024-11-02T13:07:26-0700] -------------------------------
[2024-11-02T13:07:26-0700] Starting 5G booster for 5 s...
[2024-11-02T13:07:26-0700] 5G booster started at 2024-11-02 13:07:26.839 PDT
[2024-11-02T13:07:32-0700] Current time exceeds end time, skipping wait
[2024-11-02T13:07:32-0700] Saved TCP DL results to /data/data/com.termux/files/home/storage/shared/bos_la_2024_trip/att/20241102/130312118/tcp_downlink_130726872.out
[2024-11-02T13:07:32-0700] DL AVG TPUT: 
[2024-11-02T13:07:33-0700] 5G booster finished at 2024-11-02 13:07:32.946 PDT, duration: 6.107 s
[2024-11-02T13:07:33-0700] -------------------------------
[2024-11-02T13:07:33-0700] Waiting for 2 s...
[2024-11-02T13:07:35-0700] -------------------------------
[2024-11-02T13:07:35-0700] ICMP Ping test started at 2024-11-02 13:07:35.065 PDT
[2024-11-02T13:08:05-0700] Waiting for .849 s to reach end time
[2024-11-02T13:08:06-0700] Saved ping test to /data/data/com.termux/files/home/storage/shared/bos_la_2024_trip/att/20241102/130312118/icmp_ping_130735106.out
[2024-11-02T13:08:06-0700] Ping summary (min/avg/max/mdev) = 27.249/63.411/276.073/29.671 ms
[2024-11-02T13:08:06-0700] Ping test finished at 2024-11-02 13:08:06.192 PDT, duration: 31.127 s
[2024-11-02T13:08:06-0700] -------------------------------
[2024-11-02T13:08:06-0700] Waiting for 2 s...
[2024-11-02T13:08:08-0700] -------------------------------
[2024-11-02T13:08:08-0700] Starting 5G booster for 5 s...
[2024-11-02T13:08:08-0700] 5G booster started at 2024-11-02 13:08:08.341 PDT
[2024-11-02T13:08:14-0700] Current time exceeds end time, skipping wait
[2024-11-02T13:08:14-0700] Saved TCP DL results to /data/data/com.termux/files/home/storage/shared/bos_la_2024_trip/att/20241102/130312118/tcp_downlink_130808381.out
[2024-11-02T13:08:14-0700] DL AVG TPUT: 
[2024-11-02T13:08:14-0700] 5G booster finished at 2024-11-02 13:08:14.488 PDT, duration: 6.147 s
[2024-11-02T13:08:14-0700] -------------------------------
[2024-11-02T13:08:14-0700] Waiting for 2 s...
[2024-11-02T13:08:16-0700] -------------------------------
[2024-11-02T13:08:16-0700] TCP Ping test started at 2024-11-02 13:08:16.610 PDT
[2024-11-02T13:08:47-0700] Current time exceeds end time, skipping wait
[2024-11-02T13:08:47-0700] Saved TCP Ping test to /data/data/com.termux/files/home/storage/shared/bos_la_2024_trip/att/20241102/130312118/tcp_ping_130816662.out
[2024-11-02T13:08:47-0700] TCP Ping summary (min/avg/max/mdev) 
[2024-11-02T13:08:47-0700] TCP Ping test finished at 2024-11-02 13:08:47.779 PDT, duration: 31.169 s
[2024-11-02T13:08:47-0700] -------------------------------
[2024-11-02T13:08:47-0700] Waiting for 2 s...
[2024-11-02T13:08:49-0700] -------------------------------
[2024-11-02T13:08:49-0700] Traceroute test started at 2024-11-02 13:08:49.869 PDT
[2024-11-02T13:08:55-0700] Waiting for 23.939 s to reach end time
[2024-11-02T13:09:19-0700] Saved traceroute test to /data/data/com.termux/files/home/storage/shared/bos_la_2024_trip/att/20241102/130312118/traceroute_130849898.out
[2024-11-02T13:09:19-0700] Traceroute summary (min/avg/max/mdev) 
[2024-11-02T13:09:20-0700] Traceroute test finished at 2024-11-02 13:09:19.949 PDT, duration: 30.080 s
[2024-11-02T13:09:20-0700] -------------------------------
[2024-11-02T13:09:20-0700] All tests completed, cleaning up...
[2024-11-02T13:09:20-0700] -------------------------------
[2024-11-02T13:10:06-0700] [measurement] Load environment variables from prod.env file
[2024-11-02T13:10:06-0700] Starting a network measurement, please choose a server
[2024-11-02T13:10:06-0700] 0) West Cloud: 54.176.53.206
[2024-11-02T13:10:06-0700] 1) East Cloud: 54.197.223.49
[2024-11-02T13:10:11-0700] Enter your choice (0-1): Testing att, server 0 (ip: 54.176.53.206, nuttcp_port: 5102, iperf_port: 5002)
[2024-11-02T13:10:11-0700] -------------------------------
[2024-11-02T13:10:11-0700] tcp downlink test started at 2024-11-02 13:10:11.067 PDT
[2024-11-02T13:10:11-0700] Testing tcp downlink with 54.176.53.206:5102, interval 0.5 s, duration 120 s, timeout 121 s...
[2024-11-02T13:10:11-0700] server aborted connection
[2024-11-02T13:10:11-0700] Waiting for 120.599 s to reach end time
[2024-11-02T13:12:12-0700] Saved tcp downlink test to /data/data/com.termux/files/home/storage/shared/bos_la_2024_trip/att/20241102/131011045/tcp_downlink_131011100.out
[2024-11-02T13:12:12-0700] [CAUTION] EMPTY LOG!
[2024-11-02T13:12:12-0700] tcp downlink test finished at 2024-11-02 13:12:12.136 PDT, duration: 121.069 s
[2024-11-02T13:12:12-0700] -------------------------------
[2024-11-02T13:12:12-0700] Waiting for 2 s...
[2024-11-02T13:12:14-0700] -------------------------------
[2024-11-02T13:12:14-0700] Starting 5G booster for 5 s...
[2024-11-02T13:12:14-0700] 5G booster started at 2024-11-02 13:12:14.266 PDT
[2024-11-02T13:12:14-0700] server aborted connection
[2024-11-02T13:12:14-0700] Waiting for 5.693 s to reach end time
[2024-11-02T13:12:20-0700] Saved TCP DL results to /data/data/com.termux/files/home/storage/shared/bos_la_2024_trip/att/20241102/131011045/tcp_downlink_131214317.out
[2024-11-02T13:12:20-0700] [CAUTION] EMPTY LOG!
[2024-11-02T13:12:20-0700] 5G booster finished at 2024-11-02 13:12:20.354 PDT, duration: 6.088 s
[2024-11-02T13:12:20-0700] -------------------------------
[2024-11-02T13:12:20-0700] Waiting for 2 s...
[2024-11-02T13:12:22-0700] -------------------------------
[2024-11-02T13:12:22-0700] tcp uplink test started at 2024-11-02 13:12:22.457 PDT
[2024-11-02T13:12:22-0700] testing tcp uplink with 54.176.53.206:5102, interval 0.5, duration 120, timeout 121 ...
[2024-11-02T13:14:23-0700] Current time exceeds end time, skipping wait
[2024-11-02T13:14:23-0700] Saved uplink test to /data/data/com.termux/files/home/storage/shared/bos_la_2024_trip/att/20241102/131011045/tcp_uplink_131222510.out
[2024-11-02T13:14:23-0700] UL AVG TPUT: 
[2024-11-02T13:14:23-0700] tcp uplink test finished at 2024-11-02 13:14:23.631 PDT, duration: 121.174 s
[2024-11-02T13:14:23-0700] -------------------------------
[2024-11-02T13:14:23-0700] Waiting for 2 s...
[2024-11-02T13:14:25-0700] -------------------------------
[2024-11-02T13:14:25-0700] Starting 5G booster for 5 s...
[2024-11-02T13:14:25-0700] 5G booster started at 2024-11-02 13:14:25.754 PDT
[2024-11-02T13:14:31-0700] Current time exceeds end time, skipping wait
[2024-11-02T13:14:31-0700] Saved TCP DL results to /data/data/com.termux/files/home/storage/shared/bos_la_2024_trip/att/20241102/131011045/tcp_downlink_131425787.out
[2024-11-02T13:14:31-0700] DL AVG TPUT: 
[2024-11-02T13:14:31-0700] 5G booster finished at 2024-11-02 13:14:31.890 PDT, duration: 6.136 s
[2024-11-02T13:14:31-0700] -------------------------------
[2024-11-02T13:14:31-0700] Waiting for 2 s...
[2024-11-02T13:14:33-0700] -------------------------------
[2024-11-02T13:14:34-0700] ICMP Ping test started at 2024-11-02 13:14:34.019 PDT
[2024-11-02T13:15:04-0700] Waiting for .885 s to reach end time
[2024-11-02T13:15:05-0700] Saved ping test to /data/data/com.termux/files/home/storage/shared/bos_la_2024_trip/att/20241102/131011045/icmp_ping_131434060.out
[2024-11-02T13:15:05-0700] Ping summary (min/avg/max/mdev) = 23.562/29.910/74.968/7.834 ms
[2024-11-02T13:15:05-0700] Ping test finished at 2024-11-02 13:15:05.105 PDT, duration: 31.086 s
[2024-11-02T13:15:05-0700] -------------------------------
[2024-11-02T13:15:05-0700] Waiting for 2 s...
[2024-11-02T13:15:07-0700] -------------------------------
[2024-11-02T13:15:07-0700] Starting 5G booster for 5 s...
[2024-11-02T13:15:07-0700] 5G booster started at 2024-11-02 13:15:07.236 PDT
[2024-11-02T13:15:13-0700] Current time exceeds end time, skipping wait
[2024-11-02T13:15:13-0700] Saved TCP DL results to /data/data/com.termux/files/home/storage/shared/bos_la_2024_trip/att/20241102/131011045/tcp_downlink_131507278.out
[2024-11-02T13:15:13-0700] DL AVG TPUT: 
[2024-11-02T13:15:13-0700] 5G booster finished at 2024-11-02 13:15:13.355 PDT, duration: 6.119 s
[2024-11-02T13:15:13-0700] -------------------------------
[2024-11-02T13:15:13-0700] Waiting for 2 s...
[2024-11-02T13:15:15-0700] -------------------------------
[2024-11-02T13:15:15-0700] TCP Ping test started at 2024-11-02 13:15:15.495 PDT
[2024-11-02T13:15:46-0700] Current time exceeds end time, skipping wait
[2024-11-02T13:15:46-0700] Saved TCP Ping test to /data/data/com.termux/files/home/storage/shared/bos_la_2024_trip/att/20241102/131011045/tcp_ping_131515525.out
[2024-11-02T13:15:46-0700] TCP Ping summary (min/avg/max/mdev) 
[2024-11-02T13:15:46-0700] TCP Ping test finished at 2024-11-02 13:15:46.616 PDT, duration: 31.121 s
[2024-11-02T13:15:46-0700] -------------------------------
[2024-11-02T13:15:46-0700] Waiting for 2 s...
[2024-11-02T13:15:48-0700] -------------------------------
[2024-11-02T13:15:48-0700] Traceroute test started at 2024-11-02 13:15:48.740 PDT
[2024-11-02T13:15:54-0700] Waiting for 24.108 s to reach end time
[2024-11-02T13:16:18-0700] Saved traceroute test to /data/data/com.termux/files/home/storage/shared/bos_la_2024_trip/att/20241102/131011045/traceroute_131548773.out
[2024-11-02T13:16:18-0700] Traceroute summary (min/avg/max/mdev) 
[2024-11-02T13:16:18-0700] Traceroute test finished at 2024-11-02 13:16:18.871 PDT, duration: 30.131 s
[2024-11-02T13:16:18-0700] -------------------------------
[2024-11-02T13:16:18-0700] All tests completed, cleaning up...
[2024-11-02T13:16:18-0700] -------------------------------
[2024-11-02T13:18:08-0700] [measurement] Load environment variables from prod.env file
[2024-11-02T13:18:08-0700] Starting a network measurement, please choose a server
[2024-11-02T13:18:08-0700] 0) West Cloud: 54.176.53.206
[2024-11-02T13:18:08-0700] 1) East Cloud: 54.197.223.49
[2024-11-02T13:18:16-0700] Enter your choice (0-1): Testing att, server 0 (ip: 54.176.53.206, nuttcp_port: 5102, iperf_port: 5002)
[2024-11-02T13:18:16-0700] -------------------------------
[2024-11-02T13:18:16-0700] tcp downlink test started at 2024-11-02 13:18:16.595 PDT
[2024-11-02T13:18:16-0700] Testing tcp downlink with 54.176.53.206:5102, interval 0.5 s, duration 120 s, timeout 121 s...
[2024-11-02T13:18:16-0700] server aborted connection
[2024-11-02T13:18:16-0700] Waiting for 120.679 s to reach end time
[2024-11-02T13:20:17-0700] Saved tcp downlink test to /data/data/com.termux/files/home/storage/shared/bos_la_2024_trip/att/20241102/131816578/tcp_downlink_131816620.out
[2024-11-02T13:20:17-0700] [CAUTION] EMPTY LOG!
[2024-11-02T13:20:17-0700] tcp downlink test finished at 2024-11-02 13:20:17.681 PDT, duration: 121.086 s
[2024-11-02T13:20:17-0700] -------------------------------
[2024-11-02T13:20:17-0700] Waiting for 2 s...
[2024-11-02T13:20:19-0700] -------------------------------
[2024-11-02T13:20:19-0700] Starting 5G booster for 5 s...
[2024-11-02T13:20:19-0700] 5G booster started at 2024-11-02 13:20:19.781 PDT
[2024-11-02T13:20:25-0700] Current time exceeds end time, skipping wait
[2024-11-02T13:20:25-0700] Saved TCP DL results to /data/data/com.termux/files/home/storage/shared/bos_la_2024_trip/att/20241102/131816578/tcp_downlink_132019809.out
[2024-11-02T13:20:25-0700] DL AVG TPUT: 
[2024-11-02T13:20:25-0700] 5G booster finished at 2024-11-02 13:20:25.895 PDT, duration: 6.114 s
[2024-11-02T13:20:25-0700] -------------------------------
[2024-11-02T13:20:25-0700] Waiting for 2 s...
[2024-11-02T13:20:27-0700] -------------------------------
[2024-11-02T13:20:28-0700] tcp uplink test started at 2024-11-02 13:20:28.017 PDT
[2024-11-02T13:20:28-0700] testing tcp uplink with 54.176.53.206:5102, interval 0.5, duration 120, timeout 121 ...
[2024-11-02T13:22:29-0700] Current time exceeds end time, skipping wait
[2024-11-02T13:22:29-0700] Saved uplink test to /data/data/com.termux/files/home/storage/shared/bos_la_2024_trip/att/20241102/131816578/tcp_uplink_132028048.out
[2024-11-02T13:22:29-0700] UL AVG TPUT: 
[2024-11-02T13:22:29-0700] tcp uplink test finished at 2024-11-02 13:22:29.154 PDT, duration: 121.137 s
[2024-11-02T13:22:29-0700] -------------------------------
[2024-11-02T13:22:29-0700] Waiting for 2 s...
[2024-11-02T13:22:31-0700] -------------------------------
[2024-11-02T13:22:31-0700] Starting 5G booster for 5 s...
[2024-11-02T13:22:31-0700] 5G booster started at 2024-11-02 13:22:31.292 PDT
[2024-11-02T13:22:37-0700] Current time exceeds end time, skipping wait
[2024-11-02T13:22:37-0700] Saved TCP DL results to /data/data/com.termux/files/home/storage/shared/bos_la_2024_trip/att/20241102/131816578/tcp_downlink_132231329.out
[2024-11-02T13:22:37-0700] DL AVG TPUT: 
[2024-11-02T13:22:37-0700] 5G booster finished at 2024-11-02 13:22:37.437 PDT, duration: 6.145 s
[2024-11-02T13:22:37-0700] -------------------------------
[2024-11-02T13:22:37-0700] Waiting for 2 s...
[2024-11-02T13:22:39-0700] -------------------------------
[2024-11-02T13:22:39-0700] ICMP Ping test started at 2024-11-02 13:22:39.567 PDT
[2024-11-02T13:23:09-0700] Waiting for .859 s to reach end time
[2024-11-02T13:23:10-0700] Saved ping test to /data/data/com.termux/files/home/storage/shared/bos_la_2024_trip/att/20241102/131816578/icmp_ping_132239606.out
[2024-11-02T13:23:10-0700] Ping summary (min/avg/max/mdev) = 24.660/65.884/266.180/48.697 ms
[2024-11-02T13:23:10-0700] Ping test finished at 2024-11-02 13:23:10.692 PDT, duration: 31.125 s
[2024-11-02T13:23:10-0700] -------------------------------
[2024-11-02T13:23:10-0700] Waiting for 2 s...
[2024-11-02T13:23:12-0700] -------------------------------
[2024-11-02T13:23:12-0700] Starting 5G booster for 5 s...
[2024-11-02T13:23:12-0700] 5G booster started at 2024-11-02 13:23:12.851 PDT
[2024-11-02T13:23:18-0700] Current time exceeds end time, skipping wait
[2024-11-02T13:23:18-0700] Saved TCP DL results to /data/data/com.termux/files/home/storage/shared/bos_la_2024_trip/att/20241102/131816578/tcp_downlink_132312882.out
[2024-11-02T13:23:19-0700] DL AVG TPUT: 
[2024-11-02T13:23:19-0700] 5G booster finished at 2024-11-02 13:23:18.976 PDT, duration: 6.125 s
[2024-11-02T13:23:19-0700] -------------------------------
[2024-11-02T13:23:19-0700] Waiting for 2 s...
[2024-11-02T13:23:21-0700] -------------------------------
[2024-11-02T13:23:21-0700] TCP Ping test started at 2024-11-02 13:23:21.114 PDT
[2024-11-02T13:23:52-0700] Current time exceeds end time, skipping wait
[2024-11-02T13:23:52-0700] Saved TCP Ping test to /data/data/com.termux/files/home/storage/shared/bos_la_2024_trip/att/20241102/131816578/tcp_ping_132321165.out
[2024-11-02T13:23:52-0700] TCP Ping summary (min/avg/max/mdev) 
[2024-11-02T13:23:52-0700] TCP Ping test finished at 2024-11-02 13:23:52.284 PDT, duration: 31.170 s
[2024-11-02T13:23:52-0700] -------------------------------
[2024-11-02T13:23:52-0700] Waiting for 2 s...
[2024-11-02T13:23:54-0700] -------------------------------
[2024-11-02T13:23:54-0700] Traceroute test started at 2024-11-02 13:23:54.403 PDT
[2024-11-02T13:24:00-0700] Waiting for 24.208 s to reach end time
[2024-11-02T13:24:24-0700] Saved traceroute test to /data/data/com.termux/files/home/storage/shared/bos_la_2024_trip/att/20241102/131816578/traceroute_132354439.out
[2024-11-02T13:24:24-0700] Traceroute summary (min/avg/max/mdev) 
[2024-11-02T13:24:24-0700] Traceroute test finished at 2024-11-02 13:24:24.529 PDT, duration: 30.126 s
[2024-11-02T13:24:24-0700] -------------------------------
[2024-11-02T13:24:24-0700] All tests completed, cleaning up...
[2024-11-02T13:24:24-0700] -------------------------------
[2024-11-02T13:25:13-0700] [measurement] Load environment variables from prod.env file
[2024-11-02T13:25:13-0700] Starting a network measurement, please choose a server
[2024-11-02T13:25:13-0700] 0) West Cloud: 54.176.53.206
[2024-11-02T13:25:13-0700] 1) East Cloud: 54.197.223.49
[2024-11-02T13:25:17-0700] Enter your choice (0-1): Testing att, server 0 (ip: 54.176.53.206, nuttcp_port: 5102, iperf_port: 5002)
[2024-11-02T13:25:17-0700] -------------------------------
[2024-11-02T13:25:17-0700] tcp downlink test started at 2024-11-02 13:25:17.617 PDT
[2024-11-02T13:25:17-0700] Testing tcp downlink with 54.176.53.206:5102, interval 0.5 s, duration 120 s, timeout 121 s...
[2024-11-02T13:27:18-0700] Current time exceeds end time, skipping wait
[2024-11-02T13:27:18-0700] Saved tcp downlink test to /data/data/com.termux/files/home/storage/shared/bos_la_2024_trip/att/20241102/132517597/tcp_downlink_132517645.out
[2024-11-02T13:27:18-0700] DL AVG TPUT: 
[2024-11-02T13:27:18-0700] tcp downlink test finished at 2024-11-02 13:27:18.753 PDT, duration: 121.136 s
[2024-11-02T13:27:18-0700] -------------------------------
[2024-11-02T13:27:18-0700] Waiting for 2 s...
[2024-11-02T13:27:20-0700] -------------------------------
[2024-11-02T13:27:20-0700] Starting 5G booster for 5 s...
[2024-11-02T13:27:20-0700] 5G booster started at 2024-11-02 13:27:20.860 PDT
[2024-11-02T13:27:26-0700] Current time exceeds end time, skipping wait
[2024-11-02T13:27:26-0700] Saved TCP DL results to /data/data/com.termux/files/home/storage/shared/bos_la_2024_trip/att/20241102/132517597/tcp_downlink_132720889.out
[2024-11-02T13:27:27-0700] DL AVG TPUT: 
[2024-11-02T13:27:27-0700] 5G booster finished at 2024-11-02 13:27:26.978 PDT, duration: 6.118 s
[2024-11-02T13:27:27-0700] -------------------------------
[2024-11-02T13:27:27-0700] Waiting for 2 s...
[2024-11-02T13:27:29-0700] -------------------------------
[2024-11-02T13:27:29-0700] tcp uplink test started at 2024-11-02 13:27:29.085 PDT
[2024-11-02T13:27:29-0700] testing tcp uplink with 54.176.53.206:5102, interval 0.5, duration 120, timeout 121 ...
[2024-11-02T13:27:47-0700] Waiting for 103.000 s to reach end time
[2024-11-02T13:29:30-0700] Saved uplink test to /data/data/com.termux/files/home/storage/shared/bos_la_2024_trip/att/20241102/132517597/tcp_uplink_132729116.out
[2024-11-02T13:29:30-0700] UL AVG TPUT: 
[2024-11-02T13:29:30-0700] tcp uplink test finished at 2024-11-02 13:29:30.195 PDT, duration: 121.110 s
[2024-11-02T13:29:30-0700] -------------------------------
[2024-11-02T13:29:30-0700] Waiting for 2 s...
[2024-11-02T13:29:32-0700] -------------------------------
[2024-11-02T13:29:32-0700] Starting 5G booster for 5 s...
[2024-11-02T13:29:32-0700] 5G booster started at 2024-11-02 13:29:32.317 PDT
[2024-11-02T13:29:38-0700] Current time exceeds end time, skipping wait
[2024-11-02T13:29:38-0700] Saved TCP DL results to /data/data/com.termux/files/home/storage/shared/bos_la_2024_trip/att/20241102/132517597/tcp_downlink_132932345.out
[2024-11-02T13:29:38-0700] DL AVG TPUT: 
[2024-11-02T13:29:38-0700] 5G booster finished at 2024-11-02 13:29:38.440 PDT, duration: 6.123 s
[2024-11-02T13:29:38-0700] -------------------------------
[2024-11-02T13:29:38-0700] Waiting for 2 s...
[2024-11-02T13:29:40-0700] -------------------------------
[2024-11-02T13:29:40-0700] ICMP Ping test started at 2024-11-02 13:29:40.580 PDT
[2024-11-02T13:30:10-0700] Waiting for .887 s to reach end time
[2024-11-02T13:30:11-0700] Saved ping test to /data/data/com.termux/files/home/storage/shared/bos_la_2024_trip/att/20241102/132517597/icmp_ping_132940609.out
[2024-11-02T13:30:11-0700] Ping summary (min/avg/max/mdev) = 34.236/61.690/143.689/20.527 ms
[2024-11-02T13:30:11-0700] Ping test finished at 2024-11-02 13:30:11.674 PDT, duration: 31.094 s
[2024-11-02T13:30:11-0700] -------------------------------
[2024-11-02T13:30:11-0700] Waiting for 2 s...
[2024-11-02T13:30:13-0700] -------------------------------
[2024-11-02T13:30:13-0700] Starting 5G booster for 5 s...
[2024-11-02T13:30:13-0700] 5G booster started at 2024-11-02 13:30:13.811 PDT
[2024-11-02T13:30:19-0700] Current time exceeds end time, skipping wait
[2024-11-02T13:30:19-0700] Saved TCP DL results to /data/data/com.termux/files/home/storage/shared/bos_la_2024_trip/att/20241102/132517597/tcp_downlink_133013846.out
[2024-11-02T13:30:19-0700] DL AVG TPUT: 
[2024-11-02T13:30:20-0700] 5G booster finished at 2024-11-02 13:30:19.948 PDT, duration: 6.137 s
[2024-11-02T13:30:20-0700] -------------------------------
[2024-11-02T13:30:20-0700] Waiting for 2 s...
[2024-11-02T13:30:22-0700] -------------------------------
[2024-11-02T13:30:22-0700] TCP Ping test started at 2024-11-02 13:30:22.057 PDT
[2024-11-02T13:30:53-0700] Current time exceeds end time, skipping wait
[2024-11-02T13:30:53-0700] Saved TCP Ping test to /data/data/com.termux/files/home/storage/shared/bos_la_2024_trip/att/20241102/132517597/tcp_ping_133022135.out
[2024-11-02T13:30:53-0700] TCP Ping summary (min/avg/max/mdev) 
[2024-11-02T13:30:53-0700] TCP Ping test finished at 2024-11-02 13:30:53.259 PDT, duration: 31.202 s
[2024-11-02T13:30:53-0700] -------------------------------
[2024-11-02T13:30:53-0700] Waiting for 2 s...
[2024-11-02T13:30:55-0700] -------------------------------
[2024-11-02T13:30:55-0700] Traceroute test started at 2024-11-02 13:30:55.365 PDT
[2024-11-02T13:31:01-0700] Waiting for 23.882 s to reach end time
[2024-11-02T13:31:25-0700] Saved traceroute test to /data/data/com.termux/files/home/storage/shared/bos_la_2024_trip/att/20241102/132517597/traceroute_133055423.out
[2024-11-02T13:31:25-0700] Traceroute summary (min/avg/max/mdev) 
[2024-11-02T13:31:25-0700] Traceroute test finished at 2024-11-02 13:31:25.492 PDT, duration: 30.127 s
[2024-11-02T13:31:25-0700] -------------------------------
[2024-11-02T13:31:25-0700] All tests completed, cleaning up...
[2024-11-02T13:31:25-0700] -------------------------------
[2024-11-02T13:32:47-0700] [measurement] Load environment variables from prod.env file
[2024-11-02T13:32:48-0700] Starting a network measurement, please choose a server
[2024-11-02T13:32:48-0700] 0) West Cloud: 54.176.53.206
[2024-11-02T13:32:48-0700] 1) East Cloud: 54.197.223.49
[2024-11-02T13:32:59-0700] Enter your choice (0-1): Testing att, server 0 (ip: 54.176.53.206, nuttcp_port: 5102, iperf_port: 5002)
[2024-11-02T13:32:59-0700] -------------------------------
[2024-11-02T13:32:59-0700] tcp downlink test started at 2024-11-02 13:32:59.138 PDT
[2024-11-02T13:32:59-0700] Testing tcp downlink with 54.176.53.206:5102, interval 0.5 s, duration 120 s, timeout 121 s...
[2024-11-02T13:35:00-0700] Current time exceeds end time, skipping wait
[2024-11-02T13:35:00-0700] Saved tcp downlink test to /data/data/com.termux/files/home/storage/shared/bos_la_2024_trip/att/20241102/133259115/tcp_downlink_133259181.out
[2024-11-02T13:35:00-0700] DL AVG TPUT: 
[2024-11-02T13:35:00-0700] tcp downlink test finished at 2024-11-02 13:35:00.278 PDT, duration: 121.140 s
[2024-11-02T13:35:00-0700] -------------------------------
[2024-11-02T13:35:00-0700] Waiting for 2 s...
[2024-11-02T13:35:02-0700] -------------------------------
[2024-11-02T13:35:02-0700] Starting 5G booster for 5 s...
[2024-11-02T13:35:02-0700] 5G booster started at 2024-11-02 13:35:02.420 PDT
[2024-11-02T13:35:08-0700] Current time exceeds end time, skipping wait
[2024-11-02T13:35:08-0700] Saved TCP DL results to /data/data/com.termux/files/home/storage/shared/bos_la_2024_trip/att/20241102/133259115/tcp_downlink_133502451.out
[2024-11-02T13:35:08-0700] DL AVG TPUT: 
[2024-11-02T13:35:08-0700] 5G booster finished at 2024-11-02 13:35:08.541 PDT, duration: 6.121 s
[2024-11-02T13:35:08-0700] -------------------------------
[2024-11-02T13:35:08-0700] Waiting for 2 s...
[2024-11-02T13:35:10-0700] -------------------------------
[2024-11-02T13:35:10-0700] tcp uplink test started at 2024-11-02 13:35:10.697 PDT
[2024-11-02T13:35:10-0700] testing tcp uplink with 54.176.53.206:5102, interval 0.5, duration 120, timeout 121 ...
[2024-11-02T13:37:11-0700] Current time exceeds end time, skipping wait
[2024-11-02T13:37:11-0700] Saved uplink test to /data/data/com.termux/files/home/storage/shared/bos_la_2024_trip/att/20241102/133259115/tcp_uplink_133510727.out
[2024-11-02T13:37:11-0700] UL AVG TPUT: 
[2024-11-02T13:37:11-0700] tcp uplink test finished at 2024-11-02 13:37:11.835 PDT, duration: 121.138 s
[2024-11-02T13:37:11-0700] -------------------------------
[2024-11-02T13:37:11-0700] Waiting for 2 s...
[2024-11-02T13:37:13-0700] -------------------------------
[2024-11-02T13:37:13-0700] Starting 5G booster for 5 s...
[2024-11-02T13:37:13-0700] 5G booster started at 2024-11-02 13:37:13.954 PDT
[2024-11-02T13:37:14-0700] server aborted connection
[2024-11-02T13:37:14-0700] Waiting for 5.649 s to reach end time
[2024-11-02T13:37:20-0700] Saved TCP DL results to /data/data/com.termux/files/home/storage/shared/bos_la_2024_trip/att/20241102/133259115/tcp_downlink_133713989.out
[2024-11-02T13:37:20-0700] [CAUTION] EMPTY LOG!
[2024-11-02T13:37:20-0700] 5G booster finished at 2024-11-02 13:37:20.067 PDT, duration: 6.113 s
[2024-11-02T13:37:20-0700] -------------------------------
[2024-11-02T13:37:20-0700] Waiting for 2 s...
[2024-11-02T13:37:22-0700] -------------------------------
[2024-11-02T13:37:22-0700] ICMP Ping test started at 2024-11-02 13:37:22.222 PDT
[2024-11-02T13:37:52-0700] Waiting for .860 s to reach end time
[2024-11-02T13:37:53-0700] Saved ping test to /data/data/com.termux/files/home/storage/shared/bos_la_2024_trip/att/20241102/133259115/icmp_ping_133722285.out
[2024-11-02T13:37:53-0700] Ping summary (min/avg/max/mdev) = 24.027/58.752/354.647/39.461 ms
[2024-11-02T13:37:53-0700] Ping test finished at 2024-11-02 13:37:53.308 PDT, duration: 31.086 s
[2024-11-02T13:37:53-0700] -------------------------------
[2024-11-02T13:37:53-0700] Waiting for 2 s...
[2024-11-02T13:37:55-0700] -------------------------------
[2024-11-02T13:37:55-0700] Starting 5G booster for 5 s...
[2024-11-02T13:37:55-0700] 5G booster started at 2024-11-02 13:37:55.445 PDT
[2024-11-02T13:37:55-0700] nuttcp-r: v8.1.4: Error: connect: Connection refused
[2024-11-02T13:37:55-0700] errno=111
[2024-11-02T13:37:55-0700] Waiting for 5.819 s to reach end time
[2024-11-02T13:38:01-0700] Saved TCP DL results to /data/data/com.termux/files/home/storage/shared/bos_la_2024_trip/att/20241102/133259115/tcp_downlink_133755493.out
[2024-11-02T13:38:01-0700] [CAUTION] EMPTY LOG!
[2024-11-02T13:38:01-0700] 5G booster finished at 2024-11-02 13:38:01.520 PDT, duration: 6.075 s
[2024-11-02T13:38:01-0700] -------------------------------
[2024-11-02T13:38:01-0700] Waiting for 2 s...
[2024-11-02T13:38:03-0700] -------------------------------
[2024-11-02T13:38:03-0700] TCP Ping test started at 2024-11-02 13:38:03.684 PDT
[2024-11-02T13:38:34-0700] Current time exceeds end time, skipping wait
[2024-11-02T13:38:34-0700] Saved TCP Ping test to /data/data/com.termux/files/home/storage/shared/bos_la_2024_trip/att/20241102/133259115/tcp_ping_133803754.out
[2024-11-02T13:38:34-0700] TCP Ping summary (min/avg/max/mdev) 
[2024-11-02T13:38:34-0700] TCP Ping test finished at 2024-11-02 13:38:34.850 PDT, duration: 31.166 s
[2024-11-02T13:38:34-0700] -------------------------------
[2024-11-02T13:38:34-0700] Waiting for 2 s...
[2024-11-02T13:38:36-0700] -------------------------------
[2024-11-02T13:38:37-0700] Traceroute test started at 2024-11-02 13:38:36.987 PDT
[2024-11-02T13:38:43-0700] Waiting for 23.552 s to reach end time
[2024-11-02T13:39:07-0700] Saved traceroute test to /data/data/com.termux/files/home/storage/shared/bos_la_2024_trip/att/20241102/133259115/traceroute_133837024.out
[2024-11-02T13:39:07-0700] Traceroute summary (min/avg/max/mdev) 
[2024-11-02T13:39:07-0700] Traceroute test finished at 2024-11-02 13:39:07.074 PDT, duration: 30.087 s
[2024-11-02T13:39:07-0700] -------------------------------
[2024-11-02T13:39:07-0700] All tests completed, cleaning up...
[2024-11-02T13:39:07-0700] -------------------------------
[2024-11-02T13:41:14-0700] [measurement] Load environment variables from prod.env file
[2024-11-02T13:41:14-0700] Starting a network measurement, please choose a server
[2024-11-02T13:41:14-0700] 0) West Cloud: 54.176.53.206
[2024-11-02T13:41:14-0700] 1) East Cloud: 54.197.223.49
[2024-11-02T13:41:26-0700] Enter your choice (0-1): Testing att, server 0 (ip: 54.176.53.206, nuttcp_port: 5102, iperf_port: 5002)
[2024-11-02T13:41:26-0700] -------------------------------
[2024-11-02T13:41:26-0700] tcp downlink test started at 2024-11-02 13:41:26.344 PDT
[2024-11-02T13:41:26-0700] Testing tcp downlink with 54.176.53.206:5102, interval 0.5 s, duration 120 s, timeout 121 s...
[2024-11-02T13:43:27-0700] Current time exceeds end time, skipping wait
[2024-11-02T13:43:27-0700] Saved tcp downlink test to /data/data/com.termux/files/home/storage/shared/bos_la_2024_trip/att/20241102/134126302/tcp_downlink_134126369.out
[2024-11-02T13:43:27-0700] DL AVG TPUT: 
[2024-11-02T13:43:27-0700] tcp downlink test finished at 2024-11-02 13:43:27.461 PDT, duration: 121.117 s
[2024-11-02T13:43:27-0700] -------------------------------
[2024-11-02T13:43:27-0700] Waiting for 2 s...
[2024-11-02T13:43:29-0700] -------------------------------
[2024-11-02T13:43:29-0700] Starting 5G booster for 5 s...
[2024-11-02T13:43:29-0700] 5G booster started at 2024-11-02 13:43:29.579 PDT
[2024-11-02T13:43:35-0700] Current time exceeds end time, skipping wait
[2024-11-02T13:43:35-0700] Saved TCP DL results to /data/data/com.termux/files/home/storage/shared/bos_la_2024_trip/att/20241102/134126302/tcp_downlink_134329611.out
[2024-11-02T13:43:35-0700] DL AVG TPUT: 
[2024-11-02T13:43:35-0700] 5G booster finished at 2024-11-02 13:43:35.709 PDT, duration: 6.130 s
[2024-11-02T13:43:35-0700] -------------------------------
[2024-11-02T13:43:35-0700] Waiting for 2 s...
[2024-11-02T13:43:37-0700] -------------------------------
[2024-11-02T13:43:37-0700] tcp uplink test started at 2024-11-02 13:43:37.819 PDT
[2024-11-02T13:43:37-0700] testing tcp uplink with 54.176.53.206:5102, interval 0.5, duration 120, timeout 121 ...
[2024-11-02T13:45:38-0700] Current time exceeds end time, skipping wait
[2024-11-02T13:45:39-0700] Saved uplink test to /data/data/com.termux/files/home/storage/shared/bos_la_2024_trip/att/20241102/134126302/tcp_uplink_134337862.out
[2024-11-02T13:45:39-0700] UL AVG TPUT: 
[2024-11-02T13:45:39-0700] tcp uplink test finished at 2024-11-02 13:45:38.987 PDT, duration: 121.168 s
[2024-11-02T13:45:39-0700] -------------------------------
[2024-11-02T13:45:39-0700] Waiting for 2 s...
[2024-11-02T13:45:41-0700] -------------------------------
[2024-11-02T13:45:41-0700] Starting 5G booster for 5 s...
[2024-11-02T13:45:41-0700] 5G booster started at 2024-11-02 13:45:41.163 PDT
[2024-11-02T13:45:47-0700] Current time exceeds end time, skipping wait
[2024-11-02T13:45:47-0700] Saved TCP DL results to /data/data/com.termux/files/home/storage/shared/bos_la_2024_trip/att/20241102/134126302/tcp_downlink_134541203.out
[2024-11-02T13:45:47-0700] DL AVG TPUT: 
[2024-11-02T13:45:47-0700] 5G booster finished at 2024-11-02 13:45:47.353 PDT, duration: 6.190 s
[2024-11-02T13:45:47-0700] -------------------------------
[2024-11-02T13:45:47-0700] Waiting for 2 s...
[2024-11-02T13:45:49-0700] -------------------------------
[2024-11-02T13:45:49-0700] ICMP Ping test started at 2024-11-02 13:45:49.484 PDT
[2024-11-02T13:46:19-0700] Waiting for .857 s to reach end time
[2024-11-02T13:46:20-0700] Saved ping test to /data/data/com.termux/files/home/storage/shared/bos_la_2024_trip/att/20241102/134126302/icmp_ping_134549517.out
[2024-11-02T13:46:20-0700] Ping summary (min/avg/max/mdev) = 23.674/110.779/691.670/82.833 ms
[2024-11-02T13:46:20-0700] Ping test finished at 2024-11-02 13:46:20.591 PDT, duration: 31.107 s
[2024-11-02T13:46:20-0700] -------------------------------
[2024-11-02T13:46:20-0700] Waiting for 2 s...
[2024-11-02T13:46:22-0700] -------------------------------
[2024-11-02T13:46:22-0700] Starting 5G booster for 5 s...
[2024-11-02T13:46:22-0700] 5G booster started at 2024-11-02 13:46:22.749 PDT
[2024-11-02T13:46:28-0700] Current time exceeds end time, skipping wait
[2024-11-02T13:46:28-0700] Saved TCP DL results to /data/data/com.termux/files/home/storage/shared/bos_la_2024_trip/att/20241102/134126302/tcp_downlink_134622813.out
[2024-11-02T13:46:28-0700] DL AVG TPUT: 
[2024-11-02T13:46:29-0700] 5G booster finished at 2024-11-02 13:46:28.949 PDT, duration: 6.200 s
[2024-11-02T13:46:29-0700] -------------------------------
[2024-11-02T13:46:29-0700] Waiting for 2 s...
[2024-11-02T13:46:31-0700] -------------------------------
[2024-11-02T13:46:31-0700] TCP Ping test started at 2024-11-02 13:46:31.070 PDT
[2024-11-02T13:47:02-0700] Current time exceeds end time, skipping wait
[2024-11-02T13:47:02-0700] Saved TCP Ping test to /data/data/com.termux/files/home/storage/shared/bos_la_2024_trip/att/20241102/134126302/tcp_ping_134631107.out
[2024-11-02T13:47:02-0700] TCP Ping summary (min/avg/max/mdev) 
[2024-11-02T13:47:02-0700] TCP Ping test finished at 2024-11-02 13:47:02.191 PDT, duration: 31.121 s
[2024-11-02T13:47:02-0700] -------------------------------
[2024-11-02T13:47:02-0700] Waiting for 2 s...
[2024-11-02T13:47:04-0700] -------------------------------
[2024-11-02T13:47:04-0700] Traceroute test started at 2024-11-02 13:47:04.299 PDT
[2024-11-02T13:47:10-0700] Waiting for 24.006 s to reach end time
[2024-11-02T13:47:34-0700] Saved traceroute test to /data/data/com.termux/files/home/storage/shared/bos_la_2024_trip/att/20241102/134126302/traceroute_134704332.out
[2024-11-02T13:47:34-0700] Traceroute summary (min/avg/max/mdev) 
[2024-11-02T13:47:34-0700] Traceroute test finished at 2024-11-02 13:47:34.379 PDT, duration: 30.080 s
[2024-11-02T13:47:34-0700] -------------------------------
[2024-11-02T13:47:34-0700] All tests completed, cleaning up...
[2024-11-02T13:47:34-0700] -------------------------------
[2024-11-02T13:48:59-0700] [measurement] Load environment variables from prod.env file
[2024-11-02T13:48:59-0700] Starting a network measurement, please choose a server
[2024-11-02T13:48:59-0700] 0) West Cloud: 54.176.53.206
[2024-11-02T13:48:59-0700] 1) East Cloud: 54.197.223.49
[2024-11-02T13:49:05-0700] Enter your choice (0-1): Testing att, server 0 (ip: 54.176.53.206, nuttcp_port: 5102, iperf_port: 5002)
[2024-11-02T13:49:05-0700] -------------------------------
[2024-11-02T13:49:05-0700] tcp downlink test started at 2024-11-02 13:49:05.890 MST
[2024-11-02T13:49:05-0700] Testing tcp downlink with 54.176.53.206:5102, interval 0.5 s, duration 120 s, timeout 121 s...
[2024-11-02T13:51:07-0700] Current time exceeds end time, skipping wait
[2024-11-02T13:51:07-0700] Saved tcp downlink test to /data/data/com.termux/files/home/storage/shared/bos_la_2024_trip/att/20241102/134905865/tcp_downlink_134905922.out
[2024-11-02T13:51:07-0700] DL AVG TPUT: 
[2024-11-02T13:51:07-0700] tcp downlink test finished at 2024-11-02 13:51:07.015 MST, duration: 121.125 s
[2024-11-02T13:51:07-0700] -------------------------------
[2024-11-02T13:51:07-0700] Waiting for 2 s...
[2024-11-02T13:51:09-0700] -------------------------------
[2024-11-02T13:51:09-0700] Starting 5G booster for 5 s...
[2024-11-02T13:51:09-0700] 5G booster started at 2024-11-02 13:51:09.153 MST
[2024-11-02T13:51:15-0700] Current time exceeds end time, skipping wait
[2024-11-02T13:51:15-0700] Saved TCP DL results to /data/data/com.termux/files/home/storage/shared/bos_la_2024_trip/att/20241102/134905865/tcp_downlink_135109205.out
[2024-11-02T13:51:15-0700] DL AVG TPUT: 
[2024-11-02T13:51:15-0700] 5G booster finished at 2024-11-02 13:51:15.282 MST, duration: 6.129 s
[2024-11-02T13:51:15-0700] -------------------------------
[2024-11-02T13:51:15-0700] Waiting for 2 s...
[2024-11-02T13:51:17-0700] -------------------------------
[2024-11-02T13:51:17-0700] tcp uplink test started at 2024-11-02 13:51:17.393 MST
[2024-11-02T13:51:17-0700] testing tcp uplink with 54.176.53.206:5102, interval 0.5, duration 120, timeout 121 ...
[2024-11-02T13:53:18-0700] Current time exceeds end time, skipping wait
[2024-11-02T13:53:18-0700] Saved uplink test to /data/data/com.termux/files/home/storage/shared/bos_la_2024_trip/att/20241102/134905865/tcp_uplink_135117459.out
[2024-11-02T13:53:18-0700] UL AVG TPUT: 
[2024-11-02T13:53:18-0700] tcp uplink test finished at 2024-11-02 13:53:18.537 MST, duration: 121.144 s
[2024-11-02T13:53:18-0700] -------------------------------
[2024-11-02T13:53:18-0700] Waiting for 2 s...
[2024-11-02T13:53:20-0700] -------------------------------
[2024-11-02T13:53:20-0700] Starting 5G booster for 5 s...
[2024-11-02T13:53:20-0700] 5G booster started at 2024-11-02 13:53:20.652 MST
[2024-11-02T13:53:26-0700] Current time exceeds end time, skipping wait
[2024-11-02T13:53:26-0700] Saved TCP DL results to /data/data/com.termux/files/home/storage/shared/bos_la_2024_trip/att/20241102/134905865/tcp_downlink_135320685.out
[2024-11-02T13:53:26-0700] DL AVG TPUT: 
[2024-11-02T13:53:26-0700] 5G booster finished at 2024-11-02 13:53:26.769 MST, duration: 6.117 s
[2024-11-02T13:53:26-0700] -------------------------------
[2024-11-02T13:53:26-0700] Waiting for 2 s...
[2024-11-02T13:53:28-0700] -------------------------------
[2024-11-02T13:53:28-0700] ICMP Ping test started at 2024-11-02 13:53:28.893 MST
[2024-11-02T13:53:59-0700] Waiting for .872 s to reach end time
[2024-11-02T13:53:59-0700] Saved ping test to /data/data/com.termux/files/home/storage/shared/bos_la_2024_trip/att/20241102/134905865/icmp_ping_135328953.out
[2024-11-02T13:54:00-0700] Ping summary (min/avg/max/mdev) = 30.230/61.269/189.928/29.196 ms
[2024-11-02T13:54:00-0700] Ping test finished at 2024-11-02 13:53:59.978 MST, duration: 31.085 s
[2024-11-02T13:54:00-0700] -------------------------------
[2024-11-02T13:54:00-0700] Waiting for 2 s...
[2024-11-02T13:54:02-0700] -------------------------------
[2024-11-02T13:54:02-0700] Starting 5G booster for 5 s...
[2024-11-02T13:54:02-0700] 5G booster started at 2024-11-02 13:54:02.098 MST
[2024-11-02T13:54:08-0700] Current time exceeds end time, skipping wait
[2024-11-02T13:54:08-0700] Saved TCP DL results to /data/data/com.termux/files/home/storage/shared/bos_la_2024_trip/att/20241102/134905865/tcp_downlink_135402173.out
[2024-11-02T13:54:08-0700] DL AVG TPUT: 
[2024-11-02T13:54:08-0700] 5G booster finished at 2024-11-02 13:54:08.253 MST, duration: 6.155 s
[2024-11-02T13:54:08-0700] -------------------------------
[2024-11-02T13:54:08-0700] Waiting for 2 s...
[2024-11-02T13:54:10-0700] -------------------------------
[2024-11-02T13:54:10-0700] TCP Ping test started at 2024-11-02 13:54:10.350 MST
[2024-11-02T13:54:41-0700] Current time exceeds end time, skipping wait
[2024-11-02T13:54:41-0700] Saved TCP Ping test to /data/data/com.termux/files/home/storage/shared/bos_la_2024_trip/att/20241102/134905865/tcp_ping_135410387.out
[2024-11-02T13:54:41-0700] TCP Ping summary (min/avg/max/mdev) 
[2024-11-02T13:54:41-0700] TCP Ping test finished at 2024-11-02 13:54:41.495 MST, duration: 31.145 s
[2024-11-02T13:54:41-0700] -------------------------------
[2024-11-02T13:54:41-0700] Waiting for 2 s...
[2024-11-02T13:54:43-0700] -------------------------------
[2024-11-02T13:54:43-0700] Traceroute test started at 2024-11-02 13:54:43.621 MST
[2024-11-02T13:54:49-0700] Waiting for 24.042 s to reach end time
[2024-11-02T13:55:13-0700] Saved traceroute test to /data/data/com.termux/files/home/storage/shared/bos_la_2024_trip/att/20241102/134905865/traceroute_135443654.out
[2024-11-02T13:55:13-0700] Traceroute summary (min/avg/max/mdev) 
[2024-11-02T13:55:13-0700] Traceroute test finished at 2024-11-02 13:55:13.726 MST, duration: 30.105 s
[2024-11-02T13:55:13-0700] -------------------------------
[2024-11-02T13:55:13-0700] All tests completed, cleaning up...
[2024-11-02T13:55:13-0700] -------------------------------
[2024-11-02T14:12:21-0700] [measurement] Load environment variables from prod.env file
[2024-11-02T14:12:21-0700] Starting a network measurement, please choose a server
[2024-11-02T14:12:21-0700] 0) West Cloud: 54.176.53.206
[2024-11-02T14:12:21-0700] 1) East Cloud: 54.197.223.49
[2024-11-02T14:12:25-0700] Enter your choice (0-1): Testing att, server 0 (ip: 54.176.53.206, nuttcp_port: 5102, iperf_port: 5002)
[2024-11-02T14:12:25-0700] -------------------------------
[2024-11-02T14:12:25-0700] tcp downlink test started at 2024-11-02 14:12:25.135 MST
[2024-11-02T14:12:25-0700] Testing tcp downlink with 54.176.53.206:5102, interval 0.5 s, duration 120 s, timeout 121 s...
[2024-11-02T14:12:25-0700] server aborted connection
[2024-11-02T14:12:25-0700] Waiting for 120.392 s to reach end time
[2024-11-02T14:14:26-0700] Saved tcp downlink test to /data/data/com.termux/files/home/storage/shared/bos_la_2024_trip/att/20241102/141225118/tcp_downlink_141225161.out
[2024-11-02T14:14:26-0700] [CAUTION] EMPTY LOG!
[2024-11-02T14:14:26-0700] tcp downlink test finished at 2024-11-02 14:14:26.214 MST, duration: 121.079 s
[2024-11-02T14:14:26-0700] -------------------------------
[2024-11-02T14:14:26-0700] Waiting for 2 s...
[2024-11-02T14:14:28-0700] -------------------------------
[2024-11-02T14:14:28-0700] Starting 5G booster for 5 s...
[2024-11-02T14:14:28-0700] 5G booster started at 2024-11-02 14:14:28.303 MST
[2024-11-02T14:14:34-0700] Current time exceeds end time, skipping wait
[2024-11-02T14:14:34-0700] Saved TCP DL results to /data/data/com.termux/files/home/storage/shared/bos_la_2024_trip/att/20241102/141225118/tcp_downlink_141428333.out
[2024-11-02T14:14:34-0700] DL AVG TPUT: 
[2024-11-02T14:14:34-0700] 5G booster finished at 2024-11-02 14:14:34.420 MST, duration: 6.117 s
[2024-11-02T14:14:34-0700] -------------------------------
[2024-11-02T14:14:34-0700] Waiting for 2 s...
[2024-11-02T14:14:36-0700] -------------------------------
[2024-11-02T14:14:36-0700] tcp uplink test started at 2024-11-02 14:14:36.530 MST
[2024-11-02T14:14:36-0700] testing tcp uplink with 54.176.53.206:5102, interval 0.5, duration 120, timeout 121 ...
[2024-11-02T14:16:37-0700] Current time exceeds end time, skipping wait
[2024-11-02T14:16:37-0700] Saved uplink test to /data/data/com.termux/files/home/storage/shared/bos_la_2024_trip/att/20241102/141225118/tcp_uplink_141436559.out
[2024-11-02T14:16:37-0700] UL AVG TPUT: 
[2024-11-02T14:16:37-0700] tcp uplink test finished at 2024-11-02 14:16:37.653 MST, duration: 121.123 s
[2024-11-02T14:16:37-0700] -------------------------------
[2024-11-02T14:16:37-0700] Waiting for 2 s...
[2024-11-02T14:16:39-0700] -------------------------------
[2024-11-02T14:16:39-0700] Starting 5G booster for 5 s...
[2024-11-02T14:16:39-0700] 5G booster started at 2024-11-02 14:16:39.770 MST
[2024-11-02T14:16:45-0700] Current time exceeds end time, skipping wait
[2024-11-02T14:16:45-0700] Saved TCP DL results to /data/data/com.termux/files/home/storage/shared/bos_la_2024_trip/att/20241102/141225118/tcp_downlink_141639821.out
[2024-11-02T14:16:45-0700] DL AVG TPUT: 
[2024-11-02T14:16:45-0700] 5G booster finished at 2024-11-02 14:16:45.900 MST, duration: 6.130 s
[2024-11-02T14:16:45-0700] -------------------------------
[2024-11-02T14:16:45-0700] Waiting for 2 s...
[2024-11-02T14:16:47-0700] -------------------------------
[2024-11-02T14:16:48-0700] ICMP Ping test started at 2024-11-02 14:16:48.009 MST
[2024-11-02T14:17:18-0700] Waiting for .870 s to reach end time
[2024-11-02T14:17:19-0700] Saved ping test to /data/data/com.termux/files/home/storage/shared/bos_la_2024_trip/att/20241102/141225118/icmp_ping_141648062.out
[2024-11-02T14:17:19-0700] Ping summary (min/avg/max/mdev) = 33.338/45.872/110.532/12.629 ms
[2024-11-02T14:17:19-0700] Ping test finished at 2024-11-02 14:17:19.133 MST, duration: 31.124 s
[2024-11-02T14:17:19-0700] -------------------------------
[2024-11-02T14:17:19-0700] Waiting for 2 s...
[2024-11-02T14:17:21-0700] -------------------------------
[2024-11-02T14:17:21-0700] Starting 5G booster for 5 s...
[2024-11-02T14:17:21-0700] 5G booster started at 2024-11-02 14:17:21.252 MST
[2024-11-02T14:17:27-0700] Current time exceeds end time, skipping wait
[2024-11-02T14:17:27-0700] Saved TCP DL results to /data/data/com.termux/files/home/storage/shared/bos_la_2024_trip/att/20241102/141225118/tcp_downlink_141721278.out
[2024-11-02T14:17:27-0700] DL AVG TPUT: 
[2024-11-02T14:17:27-0700] 5G booster finished at 2024-11-02 14:17:27.358 MST, duration: 6.106 s
[2024-11-02T14:17:27-0700] -------------------------------
[2024-11-02T14:17:27-0700] Waiting for 2 s...
[2024-11-02T14:17:29-0700] -------------------------------
[2024-11-02T14:17:29-0700] TCP Ping test started at 2024-11-02 14:17:29.459 MST
[2024-11-02T14:18:00-0700] Current time exceeds end time, skipping wait
[2024-11-02T14:18:00-0700] Saved TCP Ping test to /data/data/com.termux/files/home/storage/shared/bos_la_2024_trip/att/20241102/141225118/tcp_ping_141729488.out
[2024-11-02T14:18:00-0700] TCP Ping summary (min/avg/max/mdev) 
[2024-11-02T14:18:00-0700] TCP Ping test finished at 2024-11-02 14:18:00.603 MST, duration: 31.144 s
[2024-11-02T14:18:00-0700] -------------------------------
[2024-11-02T14:18:00-0700] Waiting for 2 s...
[2024-11-02T14:18:02-0700] -------------------------------
[2024-11-02T14:18:02-0700] Traceroute test started at 2024-11-02 14:18:02.732 MST
[2024-11-02T14:18:08-0700] Waiting for 24.207 s to reach end time
[2024-11-02T14:18:32-0700] Saved traceroute test to /data/data/com.termux/files/home/storage/shared/bos_la_2024_trip/att/20241102/141225118/traceroute_141802765.out
[2024-11-02T14:18:32-0700] Traceroute summary (min/avg/max/mdev) 
[2024-11-02T14:18:32-0700] Traceroute test finished at 2024-11-02 14:18:32.835 MST, duration: 30.103 s
[2024-11-02T14:18:32-0700] -------------------------------
[2024-11-02T14:18:32-0700] All tests completed, cleaning up...
[2024-11-02T14:18:32-0700] -------------------------------
[2024-11-02T14:19:13-0700] [measurement] Load environment variables from prod.env file
[2024-11-02T14:19:13-0700] Starting a network measurement, please choose a server
[2024-11-02T14:19:13-0700] 0) West Cloud: 54.176.53.206
[2024-11-02T14:19:13-0700] 1) East Cloud: 54.197.223.49
[2024-11-02T14:19:17-0700] Enter your choice (0-1): Testing att, server 0 (ip: 54.176.53.206, nuttcp_port: 5102, iperf_port: 5002)
[2024-11-02T14:19:17-0700] -------------------------------
[2024-11-02T14:19:17-0700] tcp downlink test started at 2024-11-02 14:19:17.882 MST
[2024-11-02T14:19:17-0700] Testing tcp downlink with 54.176.53.206:5102, interval 0.5 s, duration 120 s, timeout 121 s...
[2024-11-02T14:20:35-0700] Waiting for 43.671 s to reach end time
[2024-11-02T14:21:18-0700] Saved tcp downlink test to /data/data/com.termux/files/home/storage/shared/bos_la_2024_trip/att/20241102/141917859/tcp_downlink_141917907.out
[2024-11-02T14:21:19-0700] DL AVG TPUT: 
[2024-11-02T14:21:19-0700] tcp downlink test finished at 2024-11-02 14:21:18.972 MST, duration: 121.090 s
[2024-11-02T14:21:19-0700] -------------------------------
[2024-11-02T14:21:19-0700] Waiting for 2 s...
[2024-11-02T14:21:21-0700] -------------------------------
[2024-11-02T14:21:21-0700] Starting 5G booster for 5 s...
[2024-11-02T14:21:21-0700] 5G booster started at 2024-11-02 14:21:21.104 MST
[2024-11-02T14:21:27-0700] Current time exceeds end time, skipping wait
[2024-11-02T14:21:27-0700] Saved TCP DL results to /data/data/com.termux/files/home/storage/shared/bos_la_2024_trip/att/20241102/141917859/tcp_downlink_142121157.out
[2024-11-02T14:21:27-0700] [CAUTION] EMPTY LOG!
[2024-11-02T14:21:27-0700] 5G booster finished at 2024-11-02 14:21:27.209 MST, duration: 6.105 s
[2024-11-02T14:21:27-0700] -------------------------------
[2024-11-02T14:21:27-0700] Waiting for 2 s...
[2024-11-02T14:21:29-0700] -------------------------------
[2024-11-02T14:21:29-0700] tcp uplink test started at 2024-11-02 14:21:29.306 MST
[2024-11-02T14:21:29-0700] testing tcp uplink with 54.176.53.206:5102, interval 0.5, duration 120, timeout 121 ...
[2024-11-02T14:21:29-0700] connect failed: Network is unreachable
[2024-11-02T14:21:29-0700] interval option only supported for client/server mode
[2024-11-02T14:21:29-0700] Waiting for 120.912 s to reach end time
[2024-11-02T14:23:30-0700] Saved uplink test to /data/data/com.termux/files/home/storage/shared/bos_la_2024_trip/att/20241102/141917859/tcp_uplink_142129333.out
[2024-11-02T14:23:30-0700] [CAUTION] EMPTY LOG!
[2024-11-02T14:23:30-0700] tcp uplink test finished at 2024-11-02 14:23:30.401 MST, duration: 121.095 s
[2024-11-02T14:23:30-0700] -------------------------------
[2024-11-02T14:23:30-0700] Waiting for 2 s...
[2024-11-02T14:23:32-0700] -------------------------------
[2024-11-02T14:23:32-0700] Starting 5G booster for 5 s...
[2024-11-02T14:23:32-0700] 5G booster started at 2024-11-02 14:23:32.504 MST
[2024-11-02T14:23:32-0700] nuttcp-r: v8.1.4: Error: connect: Network is unreachable
[2024-11-02T14:23:32-0700] errno=101
[2024-11-02T14:23:32-0700] Waiting for 5.903 s to reach end time
[2024-11-02T14:23:38-0700] Saved TCP DL results to /data/data/com.termux/files/home/storage/shared/bos_la_2024_trip/att/20241102/141917859/tcp_downlink_142332536.out
[2024-11-02T14:23:38-0700] [CAUTION] EMPTY LOG!
[2024-11-02T14:23:38-0700] 5G booster finished at 2024-11-02 14:23:38.630 MST, duration: 6.126 s
[2024-11-02T14:23:38-0700] -------------------------------
[2024-11-02T14:23:38-0700] Waiting for 2 s...
[2024-11-02T14:23:40-0700] -------------------------------
[2024-11-02T14:23:40-0700] ICMP Ping test started at 2024-11-02 14:23:40.722 MST
[2024-11-02T14:23:40-0700] connect: Network is unreachable
[2024-11-02T14:23:40-0700] Waiting for 30.890 s to reach end time
[2024-11-02T14:24:11-0700] Saved ping test to /data/data/com.termux/files/home/storage/shared/bos_la_2024_trip/att/20241102/141917859/icmp_ping_142340765.out
[2024-11-02T14:24:11-0700] [CAUTION] EMPTY LOG!
[2024-11-02T14:24:11-0700] Ping test finished at 2024-11-02 14:24:11.845 MST, duration: 31.123 s
[2024-11-02T14:24:11-0700] -------------------------------
[2024-11-02T14:24:11-0700] Waiting for 2 s...
[2024-11-02T14:24:13-0700] -------------------------------
[2024-11-02T14:24:13-0700] Starting 5G booster for 5 s...
[2024-11-02T14:24:13-0700] 5G booster started at 2024-11-02 14:24:13.963 MST
[2024-11-02T14:24:14-0700] nuttcp-r: v8.1.4: Error: connect: Network is unreachable
[2024-11-02T14:24:14-0700] errno=101
[2024-11-02T14:24:14-0700] Waiting for 5.911 s to reach end time
[2024-11-02T14:24:20-0700] Saved TCP DL results to /data/data/com.termux/files/home/storage/shared/bos_la_2024_trip/att/20241102/141917859/tcp_downlink_142413990.out
[2024-11-02T14:24:20-0700] [CAUTION] EMPTY LOG!
[2024-11-02T14:24:20-0700] 5G booster finished at 2024-11-02 14:24:20.067 MST, duration: 6.104 s
[2024-11-02T14:24:20-0700] -------------------------------
[2024-11-02T14:24:20-0700] Waiting for 2 s...
[2024-11-02T14:24:22-0700] -------------------------------
[2024-11-02T14:24:22-0700] TCP Ping test started at 2024-11-02 14:24:22.204 MST
[2024-11-02T14:24:22-0700] Waiting for 30.834 s to reach end time
[2024-11-02T14:24:53-0700] Saved TCP Ping test to /data/data/com.termux/files/home/storage/shared/bos_la_2024_trip/att/20241102/141917859/tcp_ping_142422236.out
[2024-11-02T14:24:53-0700] [CAUTION] EMPTY LOG!
[2024-11-02T14:24:53-0700] TCP Ping test finished at 2024-11-02 14:24:53.307 MST, duration: 31.103 s
[2024-11-02T14:24:53-0700] -------------------------------
[2024-11-02T14:24:53-0700] Waiting for 2 s...
[2024-11-02T14:24:55-0700] -------------------------------
[2024-11-02T14:24:55-0700] Traceroute test started at 2024-11-02 14:24:55.401 MST
[2024-11-02T14:24:55-0700] 
[2024-11-02T14:24:55-0700] connect: Network is unreachable
[2024-11-02T14:24:55-0700] Waiting for 29.931 s to reach end time
[2024-11-02T14:25:25-0700] Saved traceroute test to /data/data/com.termux/files/home/storage/shared/bos_la_2024_trip/att/20241102/141917859/traceroute_142455425.out
[2024-11-02T14:25:25-0700] [CAUTION] EMPTY LOG!
[2024-11-02T14:25:25-0700] Traceroute test finished at 2024-11-02 14:25:25.486 MST, duration: 30.085 s
[2024-11-02T14:25:25-0700] -------------------------------
[2024-11-02T14:25:25-0700] All tests completed, cleaning up...
[2024-11-02T14:25:25-0700] -------------------------------
[2024-11-02T14:26:23-0700] [measurement] Load environment variables from prod.env file
[2024-11-02T14:26:23-0700] Starting a network measurement, please choose a server
[2024-11-02T14:26:23-0700] 0) West Cloud: 54.176.53.206
[2024-11-02T14:26:23-0700] 1) East Cloud: 54.197.223.49
[2024-11-02T14:26:36-0700] Enter your choice (0-1): Testing att, server 0 (ip: 54.176.53.206, nuttcp_port: 5102, iperf_port: 5002)
[2024-11-02T14:26:36-0700] -------------------------------
[2024-11-02T14:26:36-0700] tcp downlink test started at 2024-11-02 14:26:36.709 MST
[2024-11-02T14:26:36-0700] Testing tcp downlink with 54.176.53.206:5102, interval 0.5 s, duration 120 s, timeout 121 s...
[2024-11-02T14:26:36-0700] nuttcp-r: v8.1.4: Error: connect: Network is unreachable
[2024-11-02T14:26:36-0700] errno=101
[2024-11-02T14:26:36-0700] Waiting for 120.887 s to reach end time
[2024-11-02T14:28:37-0700] Saved tcp downlink test to /data/data/com.termux/files/home/storage/shared/bos_la_2024_trip/att/20241102/142636687/tcp_downlink_142636745.out
[2024-11-02T14:28:37-0700] [CAUTION] EMPTY LOG!
[2024-11-02T14:28:37-0700] tcp downlink test finished at 2024-11-02 14:28:37.819 MST, duration: 121.110 s
[2024-11-02T14:28:37-0700] -------------------------------
[2024-11-02T14:28:37-0700] Waiting for 2 s...
[2024-11-02T14:28:39-0700] -------------------------------
[2024-11-02T14:28:39-0700] Starting 5G booster for 5 s...
[2024-11-02T14:28:39-0700] 5G booster started at 2024-11-02 14:28:39.903 MST
[2024-11-02T14:28:39-0700] nuttcp-r: v8.1.4: Error: connect: Network is unreachable
[2024-11-02T14:28:39-0700] errno=101
[2024-11-02T14:28:40-0700] Waiting for 5.902 s to reach end time
[2024-11-02T14:28:45-0700] Saved TCP DL results to /data/data/com.termux/files/home/storage/shared/bos_la_2024_trip/att/20241102/142636687/tcp_downlink_142839926.out
[2024-11-02T14:28:46-0700] [CAUTION] EMPTY LOG!
[2024-11-02T14:28:46-0700] 5G booster finished at 2024-11-02 14:28:45.993 MST, duration: 6.090 s
[2024-11-02T14:28:46-0700] -------------------------------
[2024-11-02T14:28:46-0700] Waiting for 2 s...
[2024-11-02T14:28:48-0700] -------------------------------
[2024-11-02T14:28:48-0700] tcp uplink test started at 2024-11-02 14:28:48.090 MST
[2024-11-02T14:28:48-0700] testing tcp uplink with 54.176.53.206:5102, interval 0.5, duration 120, timeout 121 ...
[2024-11-02T14:28:48-0700] connect failed: Network is unreachable
[2024-11-02T14:28:48-0700] interval option only supported for client/server mode
[2024-11-02T14:28:48-0700] Waiting for 120.894 s to reach end time
[2024-11-02T14:30:49-0700] Saved uplink test to /data/data/com.termux/files/home/storage/shared/bos_la_2024_trip/att/20241102/142636687/tcp_uplink_142848122.out
[2024-11-02T14:30:49-0700] [CAUTION] EMPTY LOG!
[2024-11-02T14:30:49-0700] tcp uplink test finished at 2024-11-02 14:30:49.190 MST, duration: 121.100 s
[2024-11-02T14:30:49-0700] -------------------------------
[2024-11-02T14:30:49-0700] Waiting for 2 s...
[2024-11-02T14:30:51-0700] -------------------------------
[2024-11-02T14:30:51-0700] Starting 5G booster for 5 s...
[2024-11-02T14:30:51-0700] 5G booster started at 2024-11-02 14:30:51.290 MST
[2024-11-02T14:30:57-0700] Current time exceeds end time, skipping wait
[2024-11-02T14:30:57-0700] Saved TCP DL results to /data/data/com.termux/files/home/storage/shared/bos_la_2024_trip/att/20241102/142636687/tcp_downlink_143051323.out
[2024-11-02T14:30:57-0700] DL AVG TPUT: 
[2024-11-02T14:30:57-0700] 5G booster finished at 2024-11-02 14:30:57.411 MST, duration: 6.121 s
[2024-11-02T14:30:57-0700] -------------------------------
[2024-11-02T14:30:57-0700] Waiting for 2 s...
[2024-11-02T14:30:59-0700] -------------------------------
[2024-11-02T14:30:59-0700] ICMP Ping test started at 2024-11-02 14:30:59.519 MST
[2024-11-02T14:31:29-0700] Waiting for .876 s to reach end time
[2024-11-02T14:31:30-0700] Saved ping test to /data/data/com.termux/files/home/storage/shared/bos_la_2024_trip/att/20241102/142636687/icmp_ping_143059559.out
[2024-11-02T14:31:30-0700] Ping summary (min/avg/max/mdev) = 71.583/139.696/595.837/87.945 ms
[2024-11-02T14:31:30-0700] Ping test finished at 2024-11-02 14:31:30.617 MST, duration: 31.098 s
[2024-11-02T14:31:30-0700] -------------------------------
[2024-11-02T14:31:30-0700] Waiting for 2 s...
[2024-11-02T14:31:32-0700] -------------------------------
[2024-11-02T14:31:32-0700] Starting 5G booster for 5 s...
[2024-11-02T14:31:32-0700] 5G booster started at 2024-11-02 14:31:32.748 MST
[2024-11-02T14:31:38-0700] Current time exceeds end time, skipping wait
[2024-11-02T14:31:38-0700] Saved TCP DL results to /data/data/com.termux/files/home/storage/shared/bos_la_2024_trip/att/20241102/142636687/tcp_downlink_143132788.out
[2024-11-02T14:31:38-0700] DL AVG TPUT: 
[2024-11-02T14:31:38-0700] 5G booster finished at 2024-11-02 14:31:38.872 MST, duration: 6.124 s
[2024-11-02T14:31:38-0700] -------------------------------
[2024-11-02T14:31:38-0700] Waiting for 2 s...
[2024-11-02T14:31:40-0700] -------------------------------
[2024-11-02T14:31:40-0700] TCP Ping test started at 2024-11-02 14:31:40.964 MST
[2024-11-02T14:32:12-0700] Current time exceeds end time, skipping wait
[2024-11-02T14:32:12-0700] Saved TCP Ping test to /data/data/com.termux/files/home/storage/shared/bos_la_2024_trip/att/20241102/142636687/tcp_ping_143140994.out
[2024-11-02T14:32:12-0700] TCP Ping summary (min/avg/max/mdev) 
[2024-11-02T14:32:12-0700] TCP Ping test finished at 2024-11-02 14:32:12.086 MST, duration: 31.122 s
[2024-11-02T14:32:12-0700] -------------------------------
[2024-11-02T14:32:12-0700] Waiting for 2 s...
[2024-11-02T14:32:14-0700] -------------------------------
[2024-11-02T14:32:14-0700] Traceroute test started at 2024-11-02 14:32:14.212 MST
[2024-11-02T14:32:25-0700] Waiting for 18.586 s to reach end time
[2024-11-02T14:32:44-0700] Saved traceroute test to /data/data/com.termux/files/home/storage/shared/bos_la_2024_trip/att/20241102/142636687/traceroute_143214240.out
[2024-11-02T14:32:44-0700] Traceroute summary (min/avg/max/mdev) 
[2024-11-02T14:32:44-0700] Traceroute test finished at 2024-11-02 14:32:44.299 MST, duration: 30.087 s
[2024-11-02T14:32:44-0700] -------------------------------
[2024-11-02T14:32:44-0700] All tests completed, cleaning up...
[2024-11-02T14:32:44-0700] -------------------------------
[2024-11-02T15:38:45-0600] [measurement] Load environment variables from prod.env file
[2024-11-02T15:38:45-0600] Starting a network measurement, please choose a server
[2024-11-02T15:38:45-0600] 0) West Cloud: 54.176.53.206
[2024-11-02T15:38:45-0600] 1) East Cloud: 54.197.223.49
[2024-11-02T15:39:45-0600] Enter your choice (0-1): Testing att, server 0 (ip: 54.176.53.206, nuttcp_port: 5102, iperf_port: 5002)
[2024-11-02T15:39:45-0600] -------------------------------
[2024-11-02T15:39:45-0600] tcp downlink test started at 2024-11-02 15:39:45.581 MDT
[2024-11-02T15:39:45-0600] Testing tcp downlink with 54.176.53.206:5102, interval 0.5 s, duration 120 s, timeout 121 s...
[2024-11-02T15:41:46-0600] Current time exceeds end time, skipping wait
[2024-11-02T15:41:46-0600] Saved tcp downlink test to /data/data/com.termux/files/home/storage/shared/bos_la_2024_trip/att/20241102/153945558/tcp_downlink_153945608.out
[2024-11-02T15:41:46-0600] DL AVG TPUT: 
[2024-11-02T15:41:46-0600] tcp downlink test finished at 2024-11-02 15:41:46.732 MDT, duration: 121.151 s
[2024-11-02T15:41:46-0600] -------------------------------
[2024-11-02T15:41:46-0600] Waiting for 2 s...
[2024-11-02T15:41:48-0600] -------------------------------
[2024-11-02T15:41:48-0600] Starting 5G booster for 5 s...
[2024-11-02T15:41:48-0600] 5G booster started at 2024-11-02 15:41:48.858 MDT
[2024-11-02T15:41:49-0600] server aborted connection
[2024-11-02T15:41:49-0600] Waiting for 5.628 s to reach end time
[2024-11-02T15:41:54-0600] Saved TCP DL results to /data/data/com.termux/files/home/storage/shared/bos_la_2024_trip/att/20241102/153945558/tcp_downlink_154148895.out
[2024-11-02T15:41:55-0600] [CAUTION] EMPTY LOG!
[2024-11-02T15:41:55-0600] 5G booster finished at 2024-11-02 15:41:54.993 MDT, duration: 6.135 s
[2024-11-02T15:41:55-0600] -------------------------------
[2024-11-02T15:41:55-0600] Waiting for 2 s...
[2024-11-02T15:41:57-0600] -------------------------------
[2024-11-02T15:41:57-0600] tcp uplink test started at 2024-11-02 15:41:57.058 MDT
[2024-11-02T15:41:57-0600] testing tcp uplink with 54.176.53.206:5102, interval 0.5, duration 120, timeout 121 ...
[2024-11-02T15:41:57-0600] server aborted connection
[2024-11-02T15:41:57-0600] Waiting for 120.661 s to reach end time
[2024-11-02T15:43:58-0600] Saved uplink test to /data/data/com.termux/files/home/storage/shared/bos_la_2024_trip/att/20241102/153945558/tcp_uplink_154157081.out
[2024-11-02T15:43:58-0600] [CAUTION] EMPTY LOG!
[2024-11-02T15:43:58-0600] tcp uplink test finished at 2024-11-02 15:43:58.136 MDT, duration: 121.078 s
[2024-11-02T15:43:58-0600] -------------------------------
[2024-11-02T15:43:58-0600] Waiting for 2 s...
[2024-11-02T15:44:00-0600] -------------------------------
[2024-11-02T15:44:00-0600] Starting 5G booster for 5 s...
[2024-11-02T15:44:00-0600] 5G booster started at 2024-11-02 15:44:00.264 MDT
[2024-11-02T15:44:06-0600] Current time exceeds end time, skipping wait
[2024-11-02T15:44:06-0600] Saved TCP DL results to /data/data/com.termux/files/home/storage/shared/bos_la_2024_trip/att/20241102/153945558/tcp_downlink_154400293.out
[2024-11-02T15:44:06-0600] DL AVG TPUT: 
[2024-11-02T15:44:06-0600] 5G booster finished at 2024-11-02 15:44:06.356 MDT, duration: 6.092 s
[2024-11-02T15:44:06-0600] -------------------------------
[2024-11-02T15:44:06-0600] Waiting for 2 s...
[2024-11-02T15:44:08-0600] -------------------------------
[2024-11-02T15:44:08-0600] ICMP Ping test started at 2024-11-02 15:44:08.437 MDT
[2024-11-02T15:44:38-0600] Waiting for .835 s to reach end time
[2024-11-02T15:44:39-0600] Saved ping test to /data/data/com.termux/files/home/storage/shared/bos_la_2024_trip/att/20241102/153945558/icmp_ping_154408478.out
[2024-11-02T15:44:39-0600] Ping summary (min/avg/max/mdev) = 78.803/126.531/582.602/67.488 ms
[2024-11-02T15:44:39-0600] Ping test finished at 2024-11-02 15:44:39.527 MDT, duration: 31.090 s
[2024-11-02T15:44:39-0600] -------------------------------
[2024-11-02T15:44:39-0600] Waiting for 2 s...
[2024-11-02T15:44:41-0600] -------------------------------
[2024-11-02T15:44:41-0600] Starting 5G booster for 5 s...
[2024-11-02T15:44:41-0600] 5G booster started at 2024-11-02 15:44:41.653 MDT
[2024-11-02T15:44:47-0600] Current time exceeds end time, skipping wait
[2024-11-02T15:44:47-0600] Saved TCP DL results to /data/data/com.termux/files/home/storage/shared/bos_la_2024_trip/att/20241102/153945558/tcp_downlink_154441684.out
[2024-11-02T15:44:47-0600] DL AVG TPUT: 
[2024-11-02T15:44:47-0600] 5G booster finished at 2024-11-02 15:44:47.792 MDT, duration: 6.139 s
[2024-11-02T15:44:47-0600] -------------------------------
[2024-11-02T15:44:47-0600] Waiting for 2 s...
[2024-11-02T15:44:49-0600] -------------------------------
[2024-11-02T15:44:49-0600] TCP Ping test started at 2024-11-02 15:44:49.922 MDT
[2024-11-02T15:45:21-0600] Current time exceeds end time, skipping wait
[2024-11-02T15:45:21-0600] Saved TCP Ping test to /data/data/com.termux/files/home/storage/shared/bos_la_2024_trip/att/20241102/153945558/tcp_ping_154450002.out
[2024-11-02T15:45:21-0600] TCP Ping summary (min/avg/max/mdev) 
[2024-11-02T15:45:21-0600] TCP Ping test finished at 2024-11-02 15:45:21.105 MDT, duration: 31.183 s
[2024-11-02T15:45:21-0600] -------------------------------
[2024-11-02T15:45:21-0600] Waiting for 2 s...
[2024-11-02T15:45:23-0600] -------------------------------
[2024-11-02T15:45:23-0600] Traceroute test started at 2024-11-02 15:45:23.216 MDT
[2024-11-02T15:45:34-0600] Waiting for 18.297 s to reach end time
[2024-11-02T15:45:53-0600] Saved traceroute test to /data/data/com.termux/files/home/storage/shared/bos_la_2024_trip/att/20241102/153945558/traceroute_154523241.out
[2024-11-02T15:45:53-0600] Traceroute summary (min/avg/max/mdev) 
[2024-11-02T15:45:53-0600] Traceroute test finished at 2024-11-02 15:45:53.306 MDT, duration: 30.090 s
[2024-11-02T15:45:53-0600] -------------------------------
[2024-11-02T15:45:53-0600] All tests completed, cleaning up...
[2024-11-02T15:45:53-0600] -------------------------------
[2024-11-02T15:47:05-0600] [measurement] Load environment variables from prod.env file
[2024-11-02T15:47:05-0600] Starting a network measurement, please choose a server
[2024-11-02T15:47:05-0600] 0) West Cloud: 54.176.53.206
[2024-11-02T15:47:05-0600] 1) East Cloud: 54.197.223.49
[2024-11-02T15:47:20-0600] Enter your choice (0-1): Testing att, server 0 (ip: 54.176.53.206, nuttcp_port: 5102, iperf_port: 5002)
[2024-11-02T15:47:20-0600] -------------------------------
[2024-11-02T15:47:20-0600] tcp downlink test started at 2024-11-02 15:47:20.215 MDT
[2024-11-02T15:47:20-0600] Testing tcp downlink with 54.176.53.206:5102, interval 0.5 s, duration 120 s, timeout 121 s...
[2024-11-02T15:47:20-0600] server aborted connection
[2024-11-02T15:47:20-0600] Waiting for 120.667 s to reach end time
[2024-11-02T15:49:21-0600] Saved tcp downlink test to /data/data/com.termux/files/home/storage/shared/bos_la_2024_trip/att/20241102/154720193/tcp_downlink_154720253.out
[2024-11-02T15:49:21-0600] [CAUTION] EMPTY LOG!
[2024-11-02T15:49:21-0600] tcp downlink test finished at 2024-11-02 15:49:21.293 MDT, duration: 121.078 s
[2024-11-02T15:49:21-0600] -------------------------------
[2024-11-02T15:49:21-0600] Waiting for 2 s...
[2024-11-02T15:49:23-0600] -------------------------------
[2024-11-02T15:49:23-0600] Starting 5G booster for 5 s...
[2024-11-02T15:49:23-0600] 5G booster started at 2024-11-02 15:49:23.385 MDT
[2024-11-02T15:49:23-0600] server aborted connection
[2024-11-02T15:49:23-0600] Waiting for 5.454 s to reach end time
[2024-11-02T15:49:29-0600] Saved TCP DL results to /data/data/com.termux/files/home/storage/shared/bos_la_2024_trip/att/20241102/154720193/tcp_downlink_154923435.out
[2024-11-02T15:49:29-0600] [CAUTION] EMPTY LOG!
[2024-11-02T15:49:29-0600] 5G booster finished at 2024-11-02 15:49:29.473 MDT, duration: 6.088 s
[2024-11-02T15:49:29-0600] -------------------------------
[2024-11-02T15:49:29-0600] Waiting for 2 s...
[2024-11-02T15:49:31-0600] -------------------------------
[2024-11-02T15:49:31-0600] tcp uplink test started at 2024-11-02 15:49:31.596 MDT
[2024-11-02T15:49:31-0600] testing tcp uplink with 54.176.53.206:5102, interval 0.5, duration 120, timeout 121 ...
[2024-11-02T15:51:32-0600] Current time exceeds end time, skipping wait
[2024-11-02T15:51:32-0600] Saved uplink test to /data/data/com.termux/files/home/storage/shared/bos_la_2024_trip/att/20241102/154720193/tcp_uplink_154931627.out
[2024-11-02T15:51:32-0600] UL AVG TPUT: 
[2024-11-02T15:51:32-0600] tcp uplink test finished at 2024-11-02 15:51:32.718 MDT, duration: 121.122 s
[2024-11-02T15:51:32-0600] -------------------------------
[2024-11-02T15:51:32-0600] Waiting for 2 s...
[2024-11-02T15:51:34-0600] -------------------------------
[2024-11-02T15:51:34-0600] Starting 5G booster for 5 s...
[2024-11-02T15:51:34-0600] 5G booster started at 2024-11-02 15:51:34.838 MDT
[2024-11-02T15:51:40-0600] Current time exceeds end time, skipping wait
[2024-11-02T15:51:40-0600] Saved TCP DL results to /data/data/com.termux/files/home/storage/shared/bos_la_2024_trip/att/20241102/154720193/tcp_downlink_155134893.out
[2024-11-02T15:51:41-0600] DL AVG TPUT: 
[2024-11-02T15:51:41-0600] 5G booster finished at 2024-11-02 15:51:40.969 MDT, duration: 6.131 s
[2024-11-02T15:51:41-0600] -------------------------------
[2024-11-02T15:51:41-0600] Waiting for 2 s...
[2024-11-02T15:51:43-0600] -------------------------------
[2024-11-02T15:51:43-0600] ICMP Ping test started at 2024-11-02 15:51:43.100 MDT
[2024-11-02T15:52:13-0600] Waiting for .899 s to reach end time
[2024-11-02T15:52:14-0600] Saved ping test to /data/data/com.termux/files/home/storage/shared/bos_la_2024_trip/att/20241102/154720193/icmp_ping_155143132.out
[2024-11-02T15:52:14-0600] Ping summary (min/avg/max/mdev) = 77.667/82.811/134.438/8.347 ms
[2024-11-02T15:52:14-0600] Ping test finished at 2024-11-02 15:52:14.190 MDT, duration: 31.090 s
[2024-11-02T15:52:14-0600] -------------------------------
[2024-11-02T15:52:14-0600] Waiting for 2 s...
[2024-11-02T15:52:16-0600] -------------------------------
[2024-11-02T15:52:16-0600] Starting 5G booster for 5 s...
[2024-11-02T15:52:16-0600] 5G booster started at 2024-11-02 15:52:16.287 MDT
[2024-11-02T15:52:22-0600] Current time exceeds end time, skipping wait
[2024-11-02T15:52:22-0600] Saved TCP DL results to /data/data/com.termux/files/home/storage/shared/bos_la_2024_trip/att/20241102/154720193/tcp_downlink_155216318.out
[2024-11-02T15:52:22-0600] DL AVG TPUT: 
[2024-11-02T15:52:22-0600] 5G booster finished at 2024-11-02 15:52:22.422 MDT, duration: 6.135 s
[2024-11-02T15:52:22-0600] -------------------------------
[2024-11-02T15:52:22-0600] Waiting for 2 s...
[2024-11-02T15:52:24-0600] -------------------------------
[2024-11-02T15:52:24-0600] TCP Ping test started at 2024-11-02 15:52:24.555 MDT
[2024-11-02T15:52:55-0600] Current time exceeds end time, skipping wait
[2024-11-02T15:52:55-0600] Saved TCP Ping test to /data/data/com.termux/files/home/storage/shared/bos_la_2024_trip/att/20241102/154720193/tcp_ping_155224587.out
[2024-11-02T15:52:55-0600] TCP Ping summary (min/avg/max/mdev) 
[2024-11-02T15:52:55-0600] TCP Ping test finished at 2024-11-02 15:52:55.723 MDT, duration: 31.168 s
[2024-11-02T15:52:55-0600] -------------------------------
[2024-11-02T15:52:55-0600] Waiting for 2 s...
[2024-11-02T15:52:57-0600] -------------------------------
[2024-11-02T15:52:57-0600] Traceroute test started at 2024-11-02 15:52:57.843 MDT
[2024-11-02T15:53:09-0600] Waiting for 18.905 s to reach end time
[2024-11-02T15:53:27-0600] Saved traceroute test to /data/data/com.termux/files/home/storage/shared/bos_la_2024_trip/att/20241102/154720193/traceroute_155257881.out
[2024-11-02T15:53:27-0600] Traceroute summary (min/avg/max/mdev) 
[2024-11-02T15:53:27-0600] Traceroute test finished at 2024-11-02 15:53:27.943 MDT, duration: 30.100 s
[2024-11-02T15:53:27-0600] -------------------------------
[2024-11-02T15:53:27-0600] All tests completed, cleaning up...
[2024-11-02T15:53:27-0600] -------------------------------
[2024-11-02T15:54:06-0600] [measurement] Load environment variables from prod.env file
[2024-11-02T15:54:06-0600] Starting a network measurement, please choose a server
[2024-11-02T15:54:06-0600] 0) West Cloud: 54.176.53.206
[2024-11-02T15:54:06-0600] 1) East Cloud: 54.197.223.49
[2024-11-02T15:54:28-0600] Enter your choice (0-1): Testing att, server 0 (ip: 54.176.53.206, nuttcp_port: 5102, iperf_port: 5002)
[2024-11-02T15:54:28-0600] -------------------------------
[2024-11-02T15:54:28-0600] tcp downlink test started at 2024-11-02 15:54:28.740 MDT
[2024-11-02T15:54:28-0600] Testing tcp downlink with 54.176.53.206:5102, interval 0.5 s, duration 120 s, timeout 121 s...
[2024-11-02T15:54:29-0600] server aborted connection
[2024-11-02T15:54:29-0600] Waiting for 120.472 s to reach end time
[2024-11-02T15:56:29-0600] Saved tcp downlink test to /data/data/com.termux/files/home/storage/shared/bos_la_2024_trip/att/20241102/155428709/tcp_downlink_155428783.out
[2024-11-02T15:56:29-0600] [CAUTION] EMPTY LOG!
[2024-11-02T15:56:29-0600] tcp downlink test finished at 2024-11-02 15:56:29.821 MDT, duration: 121.081 s
[2024-11-02T15:56:29-0600] -------------------------------
[2024-11-02T15:56:29-0600] Waiting for 2 s...
[2024-11-02T15:56:31-0600] -------------------------------
[2024-11-02T15:56:31-0600] Starting 5G booster for 5 s...
[2024-11-02T15:56:31-0600] 5G booster started at 2024-11-02 15:56:31.930 MDT
[2024-11-02T15:56:38-0600] Current time exceeds end time, skipping wait
[2024-11-02T15:56:38-0600] Saved TCP DL results to /data/data/com.termux/files/home/storage/shared/bos_la_2024_trip/att/20241102/155428709/tcp_downlink_155631967.out
[2024-11-02T15:56:38-0600] DL AVG TPUT: 
[2024-11-02T15:56:38-0600] 5G booster finished at 2024-11-02 15:56:38.062 MDT, duration: 6.132 s
[2024-11-02T15:56:38-0600] -------------------------------
[2024-11-02T15:56:38-0600] Waiting for 2 s...
[2024-11-02T15:56:40-0600] -------------------------------
[2024-11-02T15:56:40-0600] tcp uplink test started at 2024-11-02 15:56:40.185 MDT
[2024-11-02T15:56:40-0600] testing tcp uplink with 54.176.53.206:5102, interval 0.5, duration 120, timeout 121 ...
[2024-11-02T15:56:40-0600] server aborted connection
[2024-11-02T15:56:40-0600] Waiting for 120.425 s to reach end time
[2024-11-02T15:58:41-0600] Saved uplink test to /data/data/com.termux/files/home/storage/shared/bos_la_2024_trip/att/20241102/155428709/tcp_uplink_155640213.out
[2024-11-02T15:58:41-0600] [CAUTION] EMPTY LOG!
[2024-11-02T15:58:41-0600] tcp uplink test finished at 2024-11-02 15:58:41.274 MDT, duration: 121.089 s
[2024-11-02T15:58:41-0600] -------------------------------
[2024-11-02T15:58:41-0600] Waiting for 2 s...
[2024-11-02T15:58:43-0600] -------------------------------
[2024-11-02T15:58:43-0600] Starting 5G booster for 5 s...
[2024-11-02T15:58:43-0600] 5G booster started at 2024-11-02 15:58:43.379 MDT
[2024-11-02T15:58:49-0600] Current time exceeds end time, skipping wait
[2024-11-02T15:58:49-0600] Saved TCP DL results to /data/data/com.termux/files/home/storage/shared/bos_la_2024_trip/att/20241102/155428709/tcp_downlink_155843410.out
[2024-11-02T15:58:49-0600] DL AVG TPUT: 
[2024-11-02T15:58:49-0600] 5G booster finished at 2024-11-02 15:58:49.476 MDT, duration: 6.097 s
[2024-11-02T15:58:49-0600] -------------------------------
[2024-11-02T15:58:49-0600] Waiting for 2 s...
[2024-11-02T15:58:51-0600] -------------------------------
[2024-11-02T15:58:51-0600] ICMP Ping test started at 2024-11-02 15:58:51.592 MDT
[2024-11-02T15:59:21-0600] Waiting for .900 s to reach end time
[2024-11-02T15:59:22-0600] Saved ping test to /data/data/com.termux/files/home/storage/shared/bos_la_2024_trip/att/20241102/155428709/icmp_ping_155851621.out
[2024-11-02T15:59:22-0600] Ping summary (min/avg/max/mdev) = 86.813/124.175/171.104/23.976 ms
[2024-11-02T15:59:22-0600] Ping test finished at 2024-11-02 15:59:22.689 MDT, duration: 31.097 s
[2024-11-02T15:59:22-0600] -------------------------------
[2024-11-02T15:59:22-0600] Waiting for 2 s...
[2024-11-02T15:59:24-0600] -------------------------------
[2024-11-02T15:59:24-0600] Starting 5G booster for 5 s...
[2024-11-02T15:59:24-0600] 5G booster started at 2024-11-02 15:59:24.817 MDT
[2024-11-02T15:59:30-0600] Current time exceeds end time, skipping wait
[2024-11-02T15:59:30-0600] Saved TCP DL results to /data/data/com.termux/files/home/storage/shared/bos_la_2024_trip/att/20241102/155428709/tcp_downlink_155924867.out
[2024-11-02T15:59:30-0600] DL AVG TPUT: 
[2024-11-02T15:59:31-0600] 5G booster finished at 2024-11-02 15:59:30.960 MDT, duration: 6.143 s
[2024-11-02T15:59:31-0600] -------------------------------
[2024-11-02T15:59:31-0600] Waiting for 2 s...
[2024-11-02T15:59:33-0600] -------------------------------
[2024-11-02T15:59:33-0600] TCP Ping test started at 2024-11-02 15:59:33.055 MDT
[2024-11-02T16:00:04-0600] Current time exceeds end time, skipping wait
[2024-11-02T16:00:04-0600] Saved TCP Ping test to /data/data/com.termux/files/home/storage/shared/bos_la_2024_trip/att/20241102/155428709/tcp_ping_155933083.out
[2024-11-02T16:00:04-0600] TCP Ping summary (min/avg/max/mdev) 
[2024-11-02T16:00:04-0600] TCP Ping test finished at 2024-11-02 16:00:04.167 MDT, duration: 31.112 s
[2024-11-02T16:00:04-0600] -------------------------------
[2024-11-02T16:00:04-0600] Waiting for 2 s...
[2024-11-02T16:00:06-0600] -------------------------------
[2024-11-02T16:00:06-0600] Traceroute test started at 2024-11-02 16:00:06.291 MDT
[2024-11-02T16:00:18-0600] Waiting for 17.562 s to reach end time
[2024-11-02T16:00:36-0600] Saved traceroute test to /data/data/com.termux/files/home/storage/shared/bos_la_2024_trip/att/20241102/155428709/traceroute_160006344.out
[2024-11-02T16:00:36-0600] Traceroute summary (min/avg/max/mdev) 
[2024-11-02T16:00:36-0600] Traceroute test finished at 2024-11-02 16:00:36.369 MDT, duration: 30.078 s
[2024-11-02T16:00:36-0600] -------------------------------
[2024-11-02T16:00:36-0600] All tests completed, cleaning up...
[2024-11-02T16:00:36-0600] -------------------------------
[2024-11-02T16:01:31-0600] [measurement] Load environment variables from prod.env file
[2024-11-02T16:01:31-0600] Starting a network measurement, please choose a server
[2024-11-02T16:01:31-0600] 0) West Cloud: 54.176.53.206
[2024-11-02T16:01:31-0600] 1) East Cloud: 54.197.223.49
[2024-11-02T16:01:44-0600] Enter your choice (0-1): Testing att, server 0 (ip: 54.176.53.206, nuttcp_port: 5102, iperf_port: 5002)
[2024-11-02T16:01:44-0600] -------------------------------
[2024-11-02T16:01:44-0600] tcp downlink test started at 2024-11-02 16:01:44.255 MDT
[2024-11-02T16:01:44-0600] Testing tcp downlink with 54.176.53.206:5102, interval 0.5 s, duration 120 s, timeout 121 s...
[2024-11-02T16:03:45-0600] Current time exceeds end time, skipping wait
[2024-11-02T16:03:45-0600] Saved tcp downlink test to /data/data/com.termux/files/home/storage/shared/bos_la_2024_trip/att/20241102/160144227/tcp_downlink_160144281.out
[2024-11-02T16:03:45-0600] DL AVG TPUT: 
[2024-11-02T16:03:45-0600] tcp downlink test finished at 2024-11-02 16:03:45.379 MDT, duration: 121.124 s
[2024-11-02T16:03:45-0600] -------------------------------
[2024-11-02T16:03:45-0600] Waiting for 2 s...
[2024-11-02T16:03:47-0600] -------------------------------
[2024-11-02T16:03:47-0600] Starting 5G booster for 5 s...
[2024-11-02T16:03:47-0600] 5G booster started at 2024-11-02 16:03:47.505 MDT
[2024-11-02T16:03:48-0600] server aborted connection
[2024-11-02T16:03:48-0600] Waiting for 5.369 s to reach end time
[2024-11-02T16:03:53-0600] Saved TCP DL results to /data/data/com.termux/files/home/storage/shared/bos_la_2024_trip/att/20241102/160144227/tcp_downlink_160347536.out
[2024-11-02T16:03:53-0600] [CAUTION] EMPTY LOG!
[2024-11-02T16:03:53-0600] 5G booster finished at 2024-11-02 16:03:53.615 MDT, duration: 6.110 s
[2024-11-02T16:03:53-0600] -------------------------------
[2024-11-02T16:03:53-0600] Waiting for 2 s...
[2024-11-02T16:03:55-0600] -------------------------------
[2024-11-02T16:03:55-0600] tcp uplink test started at 2024-11-02 16:03:55.712 MDT
[2024-11-02T16:03:55-0600] testing tcp uplink with 54.176.53.206:5102, interval 0.5, duration 120, timeout 121 ...
[2024-11-02T16:05:56-0600] Current time exceeds end time, skipping wait
[2024-11-02T16:05:56-0600] Saved uplink test to /data/data/com.termux/files/home/storage/shared/bos_la_2024_trip/att/20241102/160144227/tcp_uplink_160355738.out
[2024-11-02T16:05:56-0600] UL AVG TPUT: 
[2024-11-02T16:05:56-0600] tcp uplink test finished at 2024-11-02 16:05:56.818 MDT, duration: 121.106 s
[2024-11-02T16:05:56-0600] -------------------------------
[2024-11-02T16:05:56-0600] Waiting for 2 s...
[2024-11-02T16:05:58-0600] -------------------------------
[2024-11-02T16:05:58-0600] Starting 5G booster for 5 s...
[2024-11-02T16:05:58-0600] 5G booster started at 2024-11-02 16:05:58.977 MDT
[2024-11-02T16:05:59-0600] server aborted connection
[2024-11-02T16:05:59-0600] Waiting for 5.571 s to reach end time
[2024-11-02T16:06:05-0600] Saved TCP DL results to /data/data/com.termux/files/home/storage/shared/bos_la_2024_trip/att/20241102/160144227/tcp_downlink_160559008.out
[2024-11-02T16:06:05-0600] [CAUTION] EMPTY LOG!
[2024-11-02T16:06:05-0600] 5G booster finished at 2024-11-02 16:06:05.069 MDT, duration: 6.092 s
[2024-11-02T16:06:05-0600] -------------------------------
[2024-11-02T16:06:05-0600] Waiting for 2 s...
[2024-11-02T16:06:07-0600] -------------------------------
[2024-11-02T16:06:07-0600] ICMP Ping test started at 2024-11-02 16:06:07.168 MDT
[2024-11-02T16:06:37-0600] Waiting for .876 s to reach end time
[2024-11-02T16:06:38-0600] Saved ping test to /data/data/com.termux/files/home/storage/shared/bos_la_2024_trip/att/20241102/160144227/icmp_ping_160607199.out
[2024-11-02T16:06:38-0600] Ping summary (min/avg/max/mdev) = 86.313/114.112/276.714/21.418 ms
[2024-11-02T16:06:38-0600] Ping test finished at 2024-11-02 16:06:38.257 MDT, duration: 31.089 s
[2024-11-02T16:06:38-0600] -------------------------------
[2024-11-02T16:06:38-0600] Waiting for 2 s...
[2024-11-02T16:06:40-0600] -------------------------------
[2024-11-02T16:06:40-0600] Starting 5G booster for 5 s...
[2024-11-02T16:06:40-0600] 5G booster started at 2024-11-02 16:06:40.353 MDT
[2024-11-02T16:06:46-0600] Current time exceeds end time, skipping wait
[2024-11-02T16:06:46-0600] Saved TCP DL results to /data/data/com.termux/files/home/storage/shared/bos_la_2024_trip/att/20241102/160144227/tcp_downlink_160640416.out
[2024-11-02T16:06:46-0600] DL AVG TPUT: 
[2024-11-02T16:06:46-0600] 5G booster finished at 2024-11-02 16:06:46.489 MDT, duration: 6.136 s
[2024-11-02T16:06:46-0600] -------------------------------
[2024-11-02T16:06:46-0600] Waiting for 2 s...
[2024-11-02T16:06:48-0600] -------------------------------
[2024-11-02T16:06:48-0600] TCP Ping test started at 2024-11-02 16:06:48.594 MDT
[2024-11-02T16:07:19-0600] Current time exceeds end time, skipping wait
[2024-11-02T16:07:19-0600] Saved TCP Ping test to /data/data/com.termux/files/home/storage/shared/bos_la_2024_trip/att/20241102/160144227/tcp_ping_160648628.out
[2024-11-02T16:07:19-0600] TCP Ping summary (min/avg/max/mdev) 
[2024-11-02T16:07:19-0600] TCP Ping test finished at 2024-11-02 16:07:19.737 MDT, duration: 31.143 s
[2024-11-02T16:07:19-0600] -------------------------------
[2024-11-02T16:07:19-0600] Waiting for 2 s...
[2024-11-02T16:07:21-0600] -------------------------------
[2024-11-02T16:07:21-0600] Traceroute test started at 2024-11-02 16:07:21.864 MDT
[2024-11-02T16:07:34-0600] Waiting for 17.688 s to reach end time
[2024-11-02T16:07:51-0600] Saved traceroute test to /data/data/com.termux/files/home/storage/shared/bos_la_2024_trip/att/20241102/160144227/traceroute_160721915.out
[2024-11-02T16:07:51-0600] Traceroute summary (min/avg/max/mdev) 
[2024-11-02T16:07:52-0600] Traceroute test finished at 2024-11-02 16:07:51.950 MDT, duration: 30.086 s
[2024-11-02T16:07:52-0600] -------------------------------
[2024-11-02T16:07:52-0600] All tests completed, cleaning up...
[2024-11-02T16:07:52-0600] -------------------------------
[2024-11-02T16:11:42-0600] [measurement] Load environment variables from prod.env file
[2024-11-02T16:11:42-0600] Starting a network measurement, please choose a server
[2024-11-02T16:11:42-0600] 0) West Cloud: 54.176.53.206
[2024-11-02T16:11:42-0600] 1) East Cloud: 54.197.223.49
[2024-11-02T16:12:10-0600] Enter your choice (0-1): Testing att, server 0 (ip: 54.176.53.206, nuttcp_port: 5102, iperf_port: 5002)
[2024-11-02T16:12:10-0600] -------------------------------
[2024-11-02T16:12:10-0600] tcp downlink test started at 2024-11-02 16:12:10.311 MDT
[2024-11-02T16:12:10-0600] Testing tcp downlink with 54.176.53.206:5102, interval 0.5 s, duration 120 s, timeout 121 s...
[2024-11-02T16:12:10-0600] server aborted connection
[2024-11-02T16:12:10-0600] Waiting for 120.637 s to reach end time
[2024-11-02T16:14:11-0600] Saved tcp downlink test to /data/data/com.termux/files/home/storage/shared/bos_la_2024_trip/att/20241102/161210295/tcp_downlink_161210343.out
[2024-11-02T16:14:11-0600] [CAUTION] EMPTY LOG!
[2024-11-02T16:14:11-0600] tcp downlink test finished at 2024-11-02 16:14:11.406 MDT, duration: 121.095 s
[2024-11-02T16:14:11-0600] -------------------------------
[2024-11-02T16:14:11-0600] Waiting for 2 s...
[2024-11-02T16:14:13-0600] -------------------------------
[2024-11-02T16:14:13-0600] Starting 5G booster for 5 s...
[2024-11-02T16:14:13-0600] 5G booster started at 2024-11-02 16:14:13.522 MDT
[2024-11-02T16:14:19-0600] Current time exceeds end time, skipping wait
[2024-11-02T16:14:19-0600] Saved TCP DL results to /data/data/com.termux/files/home/storage/shared/bos_la_2024_trip/att/20241102/161210295/tcp_downlink_161413572.out
[2024-11-02T16:14:19-0600] DL AVG TPUT: 
[2024-11-02T16:14:19-0600] 5G booster finished at 2024-11-02 16:14:19.643 MDT, duration: 6.121 s
[2024-11-02T16:14:19-0600] -------------------------------
[2024-11-02T16:14:19-0600] Waiting for 2 s...
[2024-11-02T16:14:21-0600] -------------------------------
[2024-11-02T16:14:21-0600] tcp uplink test started at 2024-11-02 16:14:21.758 MDT
[2024-11-02T16:14:21-0600] testing tcp uplink with 54.176.53.206:5102, interval 0.5, duration 120, timeout 121 ...
[2024-11-02T16:14:22-0600] server aborted connection
[2024-11-02T16:14:22-0600] Waiting for 120.519 s to reach end time
[2024-11-02T16:16:22-0600] Saved uplink test to /data/data/com.termux/files/home/storage/shared/bos_la_2024_trip/att/20241102/161210295/tcp_uplink_161421790.out
[2024-11-02T16:16:22-0600] [CAUTION] EMPTY LOG!
[2024-11-02T16:16:22-0600] tcp uplink test finished at 2024-11-02 16:16:22.859 MDT, duration: 121.101 s
[2024-11-02T16:16:22-0600] -------------------------------
[2024-11-02T16:16:22-0600] Waiting for 2 s...
[2024-11-02T16:16:24-0600] -------------------------------
[2024-11-02T16:16:24-0600] Starting 5G booster for 5 s...
[2024-11-02T16:16:25-0600] 5G booster started at 2024-11-02 16:16:24.976 MDT
[2024-11-02T16:16:25-0600] server aborted connection
[2024-11-02T16:16:25-0600] Waiting for 5.601 s to reach end time
[2024-11-02T16:16:31-0600] Saved TCP DL results to /data/data/com.termux/files/home/storage/shared/bos_la_2024_trip/att/20241102/161210295/tcp_downlink_161625025.out
[2024-11-02T16:16:31-0600] [CAUTION] EMPTY LOG!
[2024-11-02T16:16:31-0600] 5G booster finished at 2024-11-02 16:16:31.099 MDT, duration: 6.123 s
[2024-11-02T16:16:31-0600] -------------------------------
[2024-11-02T16:16:31-0600] Waiting for 2 s...
[2024-11-02T16:16:33-0600] -------------------------------
[2024-11-02T16:16:33-0600] ICMP Ping test started at 2024-11-02 16:16:33.233 MDT
[2024-11-02T16:17:03-0600] Waiting for .877 s to reach end time
[2024-11-02T16:17:04-0600] Saved ping test to /data/data/com.termux/files/home/storage/shared/bos_la_2024_trip/att/20241102/161210295/icmp_ping_161633285.out
[2024-11-02T16:17:04-0600] Ping summary (min/avg/max/mdev) = 83.065/109.329/166.254/14.655 ms
[2024-11-02T16:17:04-0600] Ping test finished at 2024-11-02 16:17:04.313 MDT, duration: 31.080 s
[2024-11-02T16:17:04-0600] -------------------------------
[2024-11-02T16:17:04-0600] Waiting for 2 s...
[2024-11-02T16:17:06-0600] -------------------------------
[2024-11-02T16:17:06-0600] Starting 5G booster for 5 s...
[2024-11-02T16:17:06-0600] 5G booster started at 2024-11-02 16:17:06.449 MDT
[2024-11-02T16:17:12-0600] Current time exceeds end time, skipping wait
[2024-11-02T16:17:12-0600] Saved TCP DL results to /data/data/com.termux/files/home/storage/shared/bos_la_2024_trip/att/20241102/161210295/tcp_downlink_161706529.out
[2024-11-02T16:17:12-0600] DL AVG TPUT: 
[2024-11-02T16:17:12-0600] 5G booster finished at 2024-11-02 16:17:12.637 MDT, duration: 6.188 s
[2024-11-02T16:17:12-0600] -------------------------------
[2024-11-02T16:17:12-0600] Waiting for 2 s...
[2024-11-02T16:17:14-0600] -------------------------------
[2024-11-02T16:17:14-0600] TCP Ping test started at 2024-11-02 16:17:14.780 MDT
[2024-11-02T16:17:45-0600] Current time exceeds end time, skipping wait
[2024-11-02T16:17:45-0600] Saved TCP Ping test to /data/data/com.termux/files/home/storage/shared/bos_la_2024_trip/att/20241102/161210295/tcp_ping_161714809.out
[2024-11-02T16:17:45-0600] TCP Ping summary (min/avg/max/mdev) 
[2024-11-02T16:17:45-0600] TCP Ping test finished at 2024-11-02 16:17:45.909 MDT, duration: 31.129 s
[2024-11-02T16:17:45-0600] -------------------------------
[2024-11-02T16:17:45-0600] Waiting for 2 s...
[2024-11-02T16:17:47-0600] -------------------------------
[2024-11-02T16:17:48-0600] Traceroute test started at 2024-11-02 16:17:48.015 MDT
[2024-11-02T16:17:59-0600] Waiting for 18.206 s to reach end time
[2024-11-02T16:18:18-0600] Saved traceroute test to /data/data/com.termux/files/home/storage/shared/bos_la_2024_trip/att/20241102/161210295/traceroute_161748072.out
[2024-11-02T16:18:18-0600] Traceroute summary (min/avg/max/mdev) 
[2024-11-02T16:18:18-0600] Traceroute test finished at 2024-11-02 16:18:18.125 MDT, duration: 30.110 s
[2024-11-02T16:18:18-0600] -------------------------------
[2024-11-02T16:18:18-0600] All tests completed, cleaning up...
[2024-11-02T16:18:18-0600] -------------------------------
[2024-11-02T16:18:43-0600] [measurement] Load environment variables from prod.env file
[2024-11-02T16:18:43-0600] Starting a network measurement, please choose a server
[2024-11-02T16:18:43-0600] 0) West Cloud: 54.176.53.206
[2024-11-02T16:18:43-0600] 1) East Cloud: 54.197.223.49
[2024-11-02T16:19:12-0600] Enter your choice (0-1): Testing att, server 0 (ip: 54.176.53.206, nuttcp_port: 5102, iperf_port: 5002)
[2024-11-02T16:19:12-0600] -------------------------------
[2024-11-02T16:19:12-0600] tcp downlink test started at 2024-11-02 16:19:12.583 MDT
[2024-11-02T16:19:12-0600] Testing tcp downlink with 54.176.53.206:5102, interval 0.5 s, duration 120 s, timeout 121 s...
[2024-11-02T16:21:13-0600] Current time exceeds end time, skipping wait
[2024-11-02T16:21:13-0600] Saved tcp downlink test to /data/data/com.termux/files/home/storage/shared/bos_la_2024_trip/att/20241102/161912563/tcp_downlink_161912616.out
[2024-11-02T16:21:13-0600] DL AVG TPUT: 
[2024-11-02T16:21:13-0600] tcp downlink test finished at 2024-11-02 16:21:13.728 MDT, duration: 121.145 s
[2024-11-02T16:21:13-0600] -------------------------------
[2024-11-02T16:21:13-0600] Waiting for 2 s...
[2024-11-02T16:21:15-0600] -------------------------------
[2024-11-02T16:21:15-0600] Starting 5G booster for 5 s...
[2024-11-02T16:21:15-0600] 5G booster started at 2024-11-02 16:21:15.867 MDT
[2024-11-02T16:21:22-0600] Current time exceeds end time, skipping wait
[2024-11-02T16:21:22-0600] Saved TCP DL results to /data/data/com.termux/files/home/storage/shared/bos_la_2024_trip/att/20241102/161912563/tcp_downlink_162115900.out
[2024-11-02T16:21:22-0600] DL AVG TPUT: 
[2024-11-02T16:21:22-0600] 5G booster finished at 2024-11-02 16:21:22.021 MDT, duration: 6.154 s
[2024-11-02T16:21:22-0600] -------------------------------
[2024-11-02T16:21:22-0600] Waiting for 2 s...
[2024-11-02T16:21:24-0600] -------------------------------
[2024-11-02T16:21:24-0600] tcp uplink test started at 2024-11-02 16:21:24.147 MDT
[2024-11-02T16:21:24-0600] testing tcp uplink with 54.176.53.206:5102, interval 0.5, duration 120, timeout 121 ...
[2024-11-02T16:21:24-0600] server aborted connection
[2024-11-02T16:21:24-0600] Waiting for 120.381 s to reach end time
[2024-11-02T16:23:25-0600] Saved uplink test to /data/data/com.termux/files/home/storage/shared/bos_la_2024_trip/att/20241102/161912563/tcp_uplink_162124178.out
[2024-11-02T16:23:25-0600] [CAUTION] EMPTY LOG!
[2024-11-02T16:23:25-0600] tcp uplink test finished at 2024-11-02 16:23:25.232 MDT, duration: 121.085 s
[2024-11-02T16:23:25-0600] -------------------------------
[2024-11-02T16:23:25-0600] Waiting for 2 s...
[2024-11-02T16:23:27-0600] -------------------------------
[2024-11-02T16:23:27-0600] Starting 5G booster for 5 s...
[2024-11-02T16:23:27-0600] 5G booster started at 2024-11-02 16:23:27.340 MDT
[2024-11-02T16:23:27-0600] server aborted connection
[2024-11-02T16:23:27-0600] Waiting for 5.627 s to reach end time
[2024-11-02T16:23:33-0600] Saved TCP DL results to /data/data/com.termux/files/home/storage/shared/bos_la_2024_trip/att/20241102/161912563/tcp_downlink_162327372.out
[2024-11-02T16:23:33-0600] [CAUTION] EMPTY LOG!
[2024-11-02T16:23:33-0600] 5G booster finished at 2024-11-02 16:23:33.443 MDT, duration: 6.103 s
[2024-11-02T16:23:33-0600] -------------------------------
[2024-11-02T16:23:33-0600] Waiting for 2 s...
[2024-11-02T16:23:35-0600] -------------------------------
[2024-11-02T16:23:35-0600] ICMP Ping test started at 2024-11-02 16:23:35.562 MDT
[2024-11-02T16:24:05-0600] Waiting for .805 s to reach end time
[2024-11-02T16:24:06-0600] Saved ping test to /data/data/com.termux/files/home/storage/shared/bos_la_2024_trip/att/20241102/161912563/icmp_ping_162335639.out
[2024-11-02T16:24:06-0600] Ping summary (min/avg/max/mdev) = 81.830/111.790/166.804/14.890 ms
[2024-11-02T16:24:06-0600] Ping test finished at 2024-11-02 16:24:06.643 MDT, duration: 31.081 s
[2024-11-02T16:24:06-0600] -------------------------------
[2024-11-02T16:24:06-0600] Waiting for 2 s...
[2024-11-02T16:24:08-0600] -------------------------------
[2024-11-02T16:24:08-0600] Starting 5G booster for 5 s...
[2024-11-02T16:24:08-0600] 5G booster started at 2024-11-02 16:24:08.744 MDT
[2024-11-02T16:24:09-0600] server aborted connection
[2024-11-02T16:24:09-0600] Waiting for 5.600 s to reach end time
[2024-11-02T16:24:14-0600] Saved TCP DL results to /data/data/com.termux/files/home/storage/shared/bos_la_2024_trip/att/20241102/161912563/tcp_downlink_162408819.out
[2024-11-02T16:24:14-0600] [CAUTION] EMPTY LOG!
[2024-11-02T16:24:14-0600] 5G booster finished at 2024-11-02 16:24:14.856 MDT, duration: 6.112 s
[2024-11-02T16:24:14-0600] -------------------------------
[2024-11-02T16:24:14-0600] Waiting for 2 s...
[2024-11-02T16:24:16-0600] -------------------------------
[2024-11-02T16:24:17-0600] TCP Ping test started at 2024-11-02 16:24:16.999 MDT
[2024-11-02T16:24:48-0600] Current time exceeds end time, skipping wait
[2024-11-02T16:24:48-0600] Saved TCP Ping test to /data/data/com.termux/files/home/storage/shared/bos_la_2024_trip/att/20241102/161912563/tcp_ping_162417053.out
[2024-11-02T16:24:48-0600] TCP Ping summary (min/avg/max/mdev) 
[2024-11-02T16:24:48-0600] TCP Ping test finished at 2024-11-02 16:24:48.146 MDT, duration: 31.147 s
[2024-11-02T16:24:48-0600] -------------------------------
[2024-11-02T16:24:48-0600] Waiting for 2 s...
[2024-11-02T16:24:50-0600] -------------------------------
[2024-11-02T16:24:50-0600] Traceroute test started at 2024-11-02 16:24:50.316 MDT
[2024-11-02T16:25:01-0600] Waiting for 18.378 s to reach end time
[2024-11-02T16:25:20-0600] Saved traceroute test to /data/data/com.termux/files/home/storage/shared/bos_la_2024_trip/att/20241102/161912563/traceroute_162450347.out
[2024-11-02T16:25:20-0600] Traceroute summary (min/avg/max/mdev) 
[2024-11-02T16:25:20-0600] Traceroute test finished at 2024-11-02 16:25:20.385 MDT, duration: 30.069 s
[2024-11-02T16:25:20-0600] -------------------------------
[2024-11-02T16:25:20-0600] All tests completed, cleaning up...
[2024-11-02T16:25:20-0600] -------------------------------
[2024-11-02T16:25:38-0600] [measurement] Load environment variables from prod.env file
[2024-11-02T16:25:38-0600] Starting a network measurement, please choose a server
[2024-11-02T16:25:38-0600] 0) West Cloud: 54.176.53.206
[2024-11-02T16:25:38-0600] 1) East Cloud: 54.197.223.49
[2024-11-02T16:25:58-0600] Enter your choice (0-1): Testing att, server 0 (ip: 54.176.53.206, nuttcp_port: 5102, iperf_port: 5002)
[2024-11-02T16:25:58-0600] -------------------------------
[2024-11-02T16:25:59-0600] tcp downlink test started at 2024-11-02 16:25:58.984 MDT
[2024-11-02T16:25:59-0600] Testing tcp downlink with 54.176.53.206:5102, interval 0.5 s, duration 120 s, timeout 121 s...
[2024-11-02T16:25:59-0600] server aborted connection
[2024-11-02T16:25:59-0600] Waiting for 120.655 s to reach end time
[2024-11-02T16:28:00-0600] Saved tcp downlink test to /data/data/com.termux/files/home/storage/shared/bos_la_2024_trip/att/20241102/162558956/tcp_downlink_162559019.out
[2024-11-02T16:28:00-0600] [CAUTION] EMPTY LOG!
[2024-11-02T16:28:00-0600] tcp downlink test finished at 2024-11-02 16:28:00.067 MDT, duration: 121.083 s
[2024-11-02T16:28:00-0600] -------------------------------
[2024-11-02T16:28:00-0600] Waiting for 2 s...
[2024-11-02T16:28:02-0600] -------------------------------
[2024-11-02T16:28:02-0600] Starting 5G booster for 5 s...
[2024-11-02T16:28:02-0600] 5G booster started at 2024-11-02 16:28:02.176 MDT
[2024-11-02T16:28:02-0600] server aborted connection
[2024-11-02T16:28:02-0600] Waiting for 5.523 s to reach end time
[2024-11-02T16:28:08-0600] Saved TCP DL results to /data/data/com.termux/files/home/storage/shared/bos_la_2024_trip/att/20241102/162558956/tcp_downlink_162802204.out
[2024-11-02T16:28:08-0600] [CAUTION] EMPTY LOG!
[2024-11-02T16:28:08-0600] 5G booster finished at 2024-11-02 16:28:08.269 MDT, duration: 6.093 s
[2024-11-02T16:28:08-0600] -------------------------------
[2024-11-02T16:28:08-0600] Waiting for 2 s...
[2024-11-02T16:28:10-0600] -------------------------------
[2024-11-02T16:28:10-0600] tcp uplink test started at 2024-11-02 16:28:10.376 MDT
[2024-11-02T16:28:10-0600] testing tcp uplink with 54.176.53.206:5102, interval 0.5, duration 120, timeout 121 ...
[2024-11-02T16:30:11-0600] Current time exceeds end time, skipping wait
[2024-11-02T16:30:11-0600] Saved uplink test to /data/data/com.termux/files/home/storage/shared/bos_la_2024_trip/att/20241102/162558956/tcp_uplink_162810427.out
[2024-11-02T16:30:11-0600] UL AVG TPUT: 
[2024-11-02T16:30:11-0600] tcp uplink test finished at 2024-11-02 16:30:11.518 MDT, duration: 121.142 s
[2024-11-02T16:30:11-0600] -------------------------------
[2024-11-02T16:30:11-0600] Waiting for 2 s...
[2024-11-02T16:30:13-0600] -------------------------------
[2024-11-02T16:30:13-0600] Starting 5G booster for 5 s...
[2024-11-02T16:30:13-0600] 5G booster started at 2024-11-02 16:30:13.672 MDT
[2024-11-02T16:30:19-0600] Current time exceeds end time, skipping wait
[2024-11-02T16:30:19-0600] Saved TCP DL results to /data/data/com.termux/files/home/storage/shared/bos_la_2024_trip/att/20241102/162558956/tcp_downlink_163013724.out
[2024-11-02T16:30:19-0600] DL AVG TPUT: 
[2024-11-02T16:30:19-0600] 5G booster finished at 2024-11-02 16:30:19.773 MDT, duration: 6.101 s
[2024-11-02T16:30:19-0600] -------------------------------
[2024-11-02T16:30:19-0600] Waiting for 2 s...
[2024-11-02T16:30:21-0600] -------------------------------
[2024-11-02T16:30:21-0600] ICMP Ping test started at 2024-11-02 16:30:21.872 MDT
[2024-11-02T16:30:52-0600] Waiting for .908 s to reach end time
[2024-11-02T16:30:52-0600] Saved ping test to /data/data/com.termux/files/home/storage/shared/bos_la_2024_trip/att/20241102/162558956/icmp_ping_163021905.out
[2024-11-02T16:30:52-0600] Ping summary (min/avg/max/mdev) = 74.157/136.738/335.814/58.949 ms
[2024-11-02T16:30:53-0600] Ping test finished at 2024-11-02 16:30:52.951 MDT, duration: 31.079 s
[2024-11-02T16:30:53-0600] -------------------------------
[2024-11-02T16:30:53-0600] Waiting for 2 s...
[2024-11-02T16:30:55-0600] -------------------------------
[2024-11-02T16:30:55-0600] Starting 5G booster for 5 s...
[2024-11-02T16:30:55-0600] 5G booster started at 2024-11-02 16:30:55.060 MDT
[2024-11-02T16:31:01-0600] Current time exceeds end time, skipping wait
[2024-11-02T16:31:01-0600] Saved TCP DL results to /data/data/com.termux/files/home/storage/shared/bos_la_2024_trip/att/20241102/162558956/tcp_downlink_163055085.out
[2024-11-02T16:31:01-0600] DL AVG TPUT: 
[2024-11-02T16:31:01-0600] 5G booster finished at 2024-11-02 16:31:01.169 MDT, duration: 6.109 s
[2024-11-02T16:31:01-0600] -------------------------------
[2024-11-02T16:31:01-0600] Waiting for 2 s...
[2024-11-02T16:31:03-0600] -------------------------------
[2024-11-02T16:31:03-0600] TCP Ping test started at 2024-11-02 16:31:03.267 MDT
[2024-11-02T16:31:34-0600] Current time exceeds end time, skipping wait
[2024-11-02T16:31:34-0600] Saved TCP Ping test to /data/data/com.termux/files/home/storage/shared/bos_la_2024_trip/att/20241102/162558956/tcp_ping_163103311.out
[2024-11-02T16:31:34-0600] TCP Ping summary (min/avg/max/mdev) 
[2024-11-02T16:31:34-0600] TCP Ping test finished at 2024-11-02 16:31:34.423 MDT, duration: 31.156 s
[2024-11-02T16:31:34-0600] -------------------------------
[2024-11-02T16:31:34-0600] Waiting for 2 s...
[2024-11-02T16:31:36-0600] -------------------------------
[2024-11-02T16:31:36-0600] Traceroute test started at 2024-11-02 16:31:36.525 MDT
[2024-11-02T16:31:47-0600] Waiting for 18.746 s to reach end time
[2024-11-02T16:32:06-0600] Saved traceroute test to /data/data/com.termux/files/home/storage/shared/bos_la_2024_trip/att/20241102/162558956/traceroute_163136557.out
[2024-11-02T16:32:06-0600] Traceroute summary (min/avg/max/mdev) 
[2024-11-02T16:32:06-0600] Traceroute test finished at 2024-11-02 16:32:06.590 MDT, duration: 30.065 s
[2024-11-02T16:32:06-0600] -------------------------------
[2024-11-02T16:32:06-0600] All tests completed, cleaning up...
[2024-11-02T16:32:06-0600] -------------------------------
[2024-11-02T16:32:33-0600] [measurement] Load environment variables from prod.env file
[2024-11-02T16:32:33-0600] Starting a network measurement, please choose a server
[2024-11-02T16:32:33-0600] 0) West Cloud: 54.176.53.206
[2024-11-02T16:32:33-0600] 1) East Cloud: 54.197.223.49
[2024-11-02T16:32:52-0600] Enter your choice (0-1): Testing att, server 0 (ip: 54.176.53.206, nuttcp_port: 5102, iperf_port: 5002)
[2024-11-02T16:32:52-0600] -------------------------------
[2024-11-02T16:32:53-0600] tcp downlink test started at 2024-11-02 16:32:52.981 MDT
[2024-11-02T16:32:53-0600] Testing tcp downlink with 54.176.53.206:5102, interval 0.5 s, duration 120 s, timeout 121 s...
[2024-11-02T16:34:54-0600] Current time exceeds end time, skipping wait
[2024-11-02T16:34:54-0600] Saved tcp downlink test to /data/data/com.termux/files/home/storage/shared/bos_la_2024_trip/att/20241102/163252960/tcp_downlink_163253011.out
[2024-11-02T16:34:54-0600] DL AVG TPUT: 
[2024-11-02T16:34:54-0600] tcp downlink test finished at 2024-11-02 16:34:54.117 MDT, duration: 121.136 s
[2024-11-02T16:34:54-0600] -------------------------------
[2024-11-02T16:34:54-0600] Waiting for 2 s...
[2024-11-02T16:34:56-0600] -------------------------------
[2024-11-02T16:34:56-0600] Starting 5G booster for 5 s...
[2024-11-02T16:34:56-0600] 5G booster started at 2024-11-02 16:34:56.241 MDT
[2024-11-02T16:34:56-0600] server aborted connection
[2024-11-02T16:34:56-0600] Waiting for 5.334 s to reach end time
[2024-11-02T16:35:02-0600] Saved TCP DL results to /data/data/com.termux/files/home/storage/shared/bos_la_2024_trip/att/20241102/163252960/tcp_downlink_163456273.out
[2024-11-02T16:35:02-0600] [CAUTION] EMPTY LOG!
[2024-11-02T16:35:02-0600] 5G booster finished at 2024-11-02 16:35:02.305 MDT, duration: 6.064 s
[2024-11-02T16:35:02-0600] -------------------------------
[2024-11-02T16:35:02-0600] Waiting for 2 s...
[2024-11-02T16:35:04-0600] -------------------------------
[2024-11-02T16:35:04-0600] tcp uplink test started at 2024-11-02 16:35:04.402 MDT
[2024-11-02T16:35:04-0600] testing tcp uplink with 54.176.53.206:5102, interval 0.5, duration 120, timeout 121 ...
[2024-11-02T16:35:04-0600] server aborted connection
[2024-11-02T16:35:04-0600] Waiting for 120.573 s to reach end time
[2024-11-02T16:37:05-0600] Saved uplink test to /data/data/com.termux/files/home/storage/shared/bos_la_2024_trip/att/20241102/163252960/tcp_uplink_163504434.out
[2024-11-02T16:37:05-0600] [CAUTION] EMPTY LOG!
[2024-11-02T16:37:05-0600] tcp uplink test finished at 2024-11-02 16:37:05.482 MDT, duration: 121.080 s
[2024-11-02T16:37:05-0600] -------------------------------
[2024-11-02T16:37:05-0600] Waiting for 2 s...
[2024-11-02T16:37:07-0600] -------------------------------
[2024-11-02T16:37:07-0600] Starting 5G booster for 5 s...
[2024-11-02T16:37:07-0600] 5G booster started at 2024-11-02 16:37:07.585 MDT
[2024-11-02T16:37:13-0600] Current time exceeds end time, skipping wait
[2024-11-02T16:37:13-0600] Saved TCP DL results to /data/data/com.termux/files/home/storage/shared/bos_la_2024_trip/att/20241102/163252960/tcp_downlink_163707618.out
[2024-11-02T16:37:13-0600] DL AVG TPUT: 
[2024-11-02T16:37:13-0600] 5G booster finished at 2024-11-02 16:37:13.721 MDT, duration: 6.136 s
[2024-11-02T16:37:13-0600] -------------------------------
[2024-11-02T16:37:13-0600] Waiting for 2 s...
[2024-11-02T16:37:15-0600] -------------------------------
[2024-11-02T16:37:15-0600] ICMP Ping test started at 2024-11-02 16:37:15.852 MDT
[2024-11-02T16:37:46-0600] Waiting for .883 s to reach end time
[2024-11-02T16:37:46-0600] Saved ping test to /data/data/com.termux/files/home/storage/shared/bos_la_2024_trip/att/20241102/163252960/icmp_ping_163715882.out
[2024-11-02T16:37:46-0600] Ping summary (min/avg/max/mdev) = 93.446/168.210/715.341/78.598 ms
[2024-11-02T16:37:47-0600] Ping test finished at 2024-11-02 16:37:46.939 MDT, duration: 31.087 s
[2024-11-02T16:37:47-0600] -------------------------------
[2024-11-02T16:37:47-0600] Waiting for 2 s...
[2024-11-02T16:37:49-0600] -------------------------------
[2024-11-02T16:37:49-0600] Starting 5G booster for 5 s...
[2024-11-02T16:37:49-0600] 5G booster started at 2024-11-02 16:37:49.047 MDT
[2024-11-02T16:37:55-0600] Current time exceeds end time, skipping wait
[2024-11-02T16:37:55-0600] Saved TCP DL results to /data/data/com.termux/files/home/storage/shared/bos_la_2024_trip/att/20241102/163252960/tcp_downlink_163749127.out
[2024-11-02T16:37:55-0600] DL AVG TPUT: 
[2024-11-02T16:37:55-0600] 5G booster finished at 2024-11-02 16:37:55.224 MDT, duration: 6.177 s
[2024-11-02T16:37:55-0600] -------------------------------
[2024-11-02T16:37:55-0600] Waiting for 2 s...
[2024-11-02T16:37:57-0600] -------------------------------
[2024-11-02T16:37:57-0600] TCP Ping test started at 2024-11-02 16:37:57.342 MDT
[2024-11-02T16:38:28-0600] Current time exceeds end time, skipping wait
[2024-11-02T16:38:28-0600] Saved TCP Ping test to /data/data/com.termux/files/home/storage/shared/bos_la_2024_trip/att/20241102/163252960/tcp_ping_163757371.out
[2024-11-02T16:38:28-0600] TCP Ping summary (min/avg/max/mdev) 
[2024-11-02T16:38:28-0600] TCP Ping test finished at 2024-11-02 16:38:28.507 MDT, duration: 31.165 s
[2024-11-02T16:38:28-0600] -------------------------------
[2024-11-02T16:38:28-0600] Waiting for 2 s...
[2024-11-02T16:38:30-0600] -------------------------------
[2024-11-02T16:38:30-0600] Traceroute test started at 2024-11-02 16:38:30.638 MDT
[2024-11-02T16:38:42-0600] Waiting for 17.708 s to reach end time
[2024-11-02T16:39:00-0600] Saved traceroute test to /data/data/com.termux/files/home/storage/shared/bos_la_2024_trip/att/20241102/163252960/traceroute_163830666.out
[2024-11-02T16:39:00-0600] Traceroute summary (min/avg/max/mdev) 
[2024-11-02T16:39:00-0600] Traceroute test finished at 2024-11-02 16:39:00.729 MDT, duration: 30.091 s
[2024-11-02T16:39:00-0600] -------------------------------
[2024-11-02T16:39:00-0600] All tests completed, cleaning up...
[2024-11-02T16:39:00-0600] -------------------------------
[2024-11-02T16:41:49-0600] [measurement] Load environment variables from prod.env file
[2024-11-02T16:41:49-0600] Starting a network measurement, please choose a server
[2024-11-02T16:41:49-0600] 0) West Cloud: 54.176.53.206
[2024-11-02T16:41:49-0600] 1) East Cloud: 54.197.223.49
[2024-11-02T16:41:55-0600] Enter your choice (0-1): Testing att, server 0 (ip: 54.176.53.206, nuttcp_port: 5102, iperf_port: 5002)
[2024-11-02T16:41:55-0600] -------------------------------
[2024-11-02T16:41:55-0600] tcp downlink test started at 2024-11-02 16:41:55.124 MDT
[2024-11-02T16:41:55-0600] Testing tcp downlink with 54.176.53.206:5102, interval 0.5 s, duration 120 s, timeout 121 s...
[2024-11-02T16:41:55-0600] server aborted connection
[2024-11-02T16:41:55-0600] Waiting for 120.631 s to reach end time
[2024-11-02T16:43:56-0600] Saved tcp downlink test to /data/data/com.termux/files/home/storage/shared/bos_la_2024_trip/att/20241102/164155102/tcp_downlink_164155154.out
[2024-11-02T16:43:56-0600] [CAUTION] EMPTY LOG!
[2024-11-02T16:43:56-0600] tcp downlink test finished at 2024-11-02 16:43:56.203 MDT, duration: 121.079 s
[2024-11-02T16:43:56-0600] -------------------------------
[2024-11-02T16:43:56-0600] Waiting for 2 s...
[2024-11-02T16:43:58-0600] -------------------------------
[2024-11-02T16:43:58-0600] Starting 5G booster for 5 s...
[2024-11-02T16:43:58-0600] 5G booster started at 2024-11-02 16:43:58.310 MDT
[2024-11-02T16:43:58-0600] server aborted connection
[2024-11-02T16:43:58-0600] Waiting for 5.505 s to reach end time
[2024-11-02T16:44:04-0600] Saved TCP DL results to /data/data/com.termux/files/home/storage/shared/bos_la_2024_trip/att/20241102/164155102/tcp_downlink_164358336.out
[2024-11-02T16:44:04-0600] [CAUTION] EMPTY LOG!
[2024-11-02T16:44:04-0600] 5G booster finished at 2024-11-02 16:44:04.392 MDT, duration: 6.082 s
[2024-11-02T16:44:04-0600] -------------------------------
[2024-11-02T16:44:04-0600] Waiting for 2 s...
[2024-11-02T16:44:06-0600] -------------------------------
[2024-11-02T16:44:06-0600] tcp uplink test started at 2024-11-02 16:44:06.489 MDT
[2024-11-02T16:44:06-0600] testing tcp uplink with 54.176.53.206:5102, interval 0.5, duration 120, timeout 121 ...
[2024-11-02T16:46:07-0600] Current time exceeds end time, skipping wait
[2024-11-02T16:46:07-0600] Saved uplink test to /data/data/com.termux/files/home/storage/shared/bos_la_2024_trip/att/20241102/164155102/tcp_uplink_164406522.out
[2024-11-02T16:46:07-0600] UL AVG TPUT: 
[2024-11-02T16:46:07-0600] tcp uplink test finished at 2024-11-02 16:46:07.619 MDT, duration: 121.130 s
[2024-11-02T16:46:07-0600] -------------------------------
[2024-11-02T16:46:07-0600] Waiting for 2 s...
[2024-11-02T16:46:09-0600] -------------------------------
[2024-11-02T16:46:09-0600] Starting 5G booster for 5 s...
[2024-11-02T16:46:09-0600] 5G booster started at 2024-11-02 16:46:09.761 MDT
[2024-11-02T16:46:15-0600] Current time exceeds end time, skipping wait
[2024-11-02T16:46:15-0600] Saved TCP DL results to /data/data/com.termux/files/home/storage/shared/bos_la_2024_trip/att/20241102/164155102/tcp_downlink_164609792.out
[2024-11-02T16:46:15-0600] DL AVG TPUT: 
[2024-11-02T16:46:15-0600] 5G booster finished at 2024-11-02 16:46:15.873 MDT, duration: 6.112 s
[2024-11-02T16:46:15-0600] -------------------------------
[2024-11-02T16:46:15-0600] Waiting for 2 s...
[2024-11-02T16:46:17-0600] -------------------------------
[2024-11-02T16:46:17-0600] ICMP Ping test started at 2024-11-02 16:46:17.977 MDT
[2024-11-02T16:46:48-0600] Waiting for .911 s to reach end time
[2024-11-02T16:46:49-0600] Saved ping test to /data/data/com.termux/files/home/storage/shared/bos_la_2024_trip/att/20241102/164155102/icmp_ping_164618001.out
[2024-11-02T16:46:49-0600] Ping summary (min/avg/max/mdev) = 85.600/206.132/2270.112/261.079 ms
[2024-11-02T16:46:49-0600] Ping test finished at 2024-11-02 16:46:49.097 MDT, duration: 31.120 s
[2024-11-02T16:46:49-0600] -------------------------------
[2024-11-02T16:46:49-0600] Waiting for 2 s...
[2024-11-02T16:46:51-0600] -------------------------------
[2024-11-02T16:46:51-0600] Starting 5G booster for 5 s...
[2024-11-02T16:46:51-0600] 5G booster started at 2024-11-02 16:46:51.221 MDT
[2024-11-02T16:46:57-0600] Current time exceeds end time, skipping wait
[2024-11-02T16:46:57-0600] Saved TCP DL results to /data/data/com.termux/files/home/storage/shared/bos_la_2024_trip/att/20241102/164155102/tcp_downlink_164651250.out
[2024-11-02T16:46:57-0600] DL AVG TPUT: 
[2024-11-02T16:46:57-0600] 5G booster finished at 2024-11-02 16:46:57.382 MDT, duration: 6.161 s
[2024-11-02T16:46:57-0600] -------------------------------
[2024-11-02T16:46:57-0600] Waiting for 2 s...
[2024-11-02T16:46:59-0600] -------------------------------
[2024-11-02T16:46:59-0600] TCP Ping test started at 2024-11-02 16:46:59.514 MDT
[2024-11-02T16:47:30-0600] Current time exceeds end time, skipping wait
[2024-11-02T16:47:30-0600] Saved TCP Ping test to /data/data/com.termux/files/home/storage/shared/bos_la_2024_trip/att/20241102/164155102/tcp_ping_164659549.out
[2024-11-02T16:47:30-0600] TCP Ping summary (min/avg/max/mdev) 
[2024-11-02T16:47:30-0600] TCP Ping test finished at 2024-11-02 16:47:30.675 MDT, duration: 31.161 s
[2024-11-02T16:47:30-0600] -------------------------------
[2024-11-02T16:47:30-0600] Waiting for 2 s...
[2024-11-02T16:47:32-0600] -------------------------------
[2024-11-02T16:47:32-0600] Traceroute test started at 2024-11-02 16:47:32.808 MDT
[2024-11-02T16:47:44-0600] Waiting for 18.525 s to reach end time
[2024-11-02T16:48:02-0600] Saved traceroute test to /data/data/com.termux/files/home/storage/shared/bos_la_2024_trip/att/20241102/164155102/traceroute_164732836.out
[2024-11-02T16:48:02-0600] Traceroute summary (min/avg/max/mdev) 
[2024-11-02T16:48:03-0600] Traceroute test finished at 2024-11-02 16:48:02.914 MDT, duration: 30.106 s
[2024-11-02T16:48:03-0600] -------------------------------
[2024-11-02T16:48:03-0600] All tests completed, cleaning up...
[2024-11-02T16:48:03-0600] -------------------------------
[2024-11-02T16:54:33-0600] [measurement] Load environment variables from prod.env file
[2024-11-02T16:54:33-0600] Starting a network measurement, please choose a server
[2024-11-02T16:54:33-0600] 0) West Cloud: 54.176.53.206
[2024-11-02T16:54:33-0600] 1) East Cloud: 54.197.223.49
[2024-11-02T16:54:36-0600] Enter your choice (0-1): Testing att, server 0 (ip: 54.176.53.206, nuttcp_port: 5102, iperf_port: 5002)
[2024-11-02T16:54:36-0600] -------------------------------
[2024-11-02T16:54:36-0600] tcp downlink test started at 2024-11-02 16:54:36.107 MDT
[2024-11-02T16:54:36-0600] Testing tcp downlink with 54.176.53.206:5102, interval 0.5 s, duration 120 s, timeout 121 s...
[2024-11-02T16:55:37-0600] Waiting for 59.833 s to reach end time
[2024-11-02T16:56:37-0600] Saved tcp downlink test to /data/data/com.termux/files/home/storage/shared/bos_la_2024_trip/att/20241102/165436088/tcp_downlink_165436137.out
[2024-11-02T16:56:37-0600] DL AVG TPUT: 
[2024-11-02T16:56:37-0600] tcp downlink test finished at 2024-11-02 16:56:37.250 MDT, duration: 121.143 s
[2024-11-02T16:56:37-0600] -------------------------------
[2024-11-02T16:56:37-0600] Waiting for 2 s...
[2024-11-02T16:56:39-0600] -------------------------------
[2024-11-02T16:56:39-0600] Starting 5G booster for 5 s...
[2024-11-02T16:56:39-0600] 5G booster started at 2024-11-02 16:56:39.370 MDT
[2024-11-02T16:56:45-0600] Current time exceeds end time, skipping wait
[2024-11-02T16:56:45-0600] Saved TCP DL results to /data/data/com.termux/files/home/storage/shared/bos_la_2024_trip/att/20241102/165436088/tcp_downlink_165639420.out
[2024-11-02T16:56:45-0600] DL AVG TPUT: 
[2024-11-02T16:56:45-0600] 5G booster finished at 2024-11-02 16:56:45.498 MDT, duration: 6.128 s
[2024-11-02T16:56:45-0600] -------------------------------
[2024-11-02T16:56:45-0600] Waiting for 2 s...
[2024-11-02T16:56:47-0600] -------------------------------
[2024-11-02T16:56:47-0600] tcp uplink test started at 2024-11-02 16:56:47.633 MDT
[2024-11-02T16:56:47-0600] testing tcp uplink with 54.176.53.206:5102, interval 0.5, duration 120, timeout 121 ...
[2024-11-02T16:58:48-0600] Current time exceeds end time, skipping wait
[2024-11-02T16:58:48-0600] Saved uplink test to /data/data/com.termux/files/home/storage/shared/bos_la_2024_trip/att/20241102/165436088/tcp_uplink_165647664.out
[2024-11-02T16:58:48-0600] UL AVG TPUT: 
[2024-11-02T16:58:48-0600] tcp uplink test finished at 2024-11-02 16:58:48.752 MDT, duration: 121.119 s
[2024-11-02T16:58:48-0600] -------------------------------
[2024-11-02T16:58:48-0600] Waiting for 2 s...
[2024-11-02T16:58:50-0600] -------------------------------
[2024-11-02T16:58:50-0600] Starting 5G booster for 5 s...
[2024-11-02T16:58:50-0600] 5G booster started at 2024-11-02 16:58:50.894 MDT
[2024-11-02T16:58:56-0600] Current time exceeds end time, skipping wait
[2024-11-02T16:58:56-0600] Saved TCP DL results to /data/data/com.termux/files/home/storage/shared/bos_la_2024_trip/att/20241102/165436088/tcp_downlink_165850920.out
[2024-11-02T16:58:56-0600] DL AVG TPUT: 
[2024-11-02T16:58:57-0600] 5G booster finished at 2024-11-02 16:58:56.967 MDT, duration: 6.073 s
[2024-11-02T16:58:57-0600] -------------------------------
[2024-11-02T16:58:57-0600] Waiting for 2 s...
[2024-11-02T16:58:59-0600] -------------------------------
[2024-11-02T16:58:59-0600] ICMP Ping test started at 2024-11-02 16:58:59.052 MDT
[2024-11-02T16:59:29-0600] Waiting for .901 s to reach end time
[2024-11-02T16:59:30-0600] Saved ping test to /data/data/com.termux/files/home/storage/shared/bos_la_2024_trip/att/20241102/165436088/icmp_ping_165859077.out
[2024-11-02T16:59:30-0600] Ping summary (min/avg/max/mdev) = 76.671/81.999/115.264/5.921 ms
[2024-11-02T16:59:30-0600] Ping test finished at 2024-11-02 16:59:30.145 MDT, duration: 31.093 s
[2024-11-02T16:59:30-0600] -------------------------------
[2024-11-02T16:59:30-0600] Waiting for 2 s...
[2024-11-02T16:59:32-0600] -------------------------------
[2024-11-02T16:59:32-0600] Starting 5G booster for 5 s...
[2024-11-02T16:59:32-0600] 5G booster started at 2024-11-02 16:59:32.257 MDT
[2024-11-02T16:59:32-0600] server aborted connection
[2024-11-02T16:59:32-0600] Waiting for 5.580 s to reach end time
[2024-11-02T16:59:38-0600] Saved TCP DL results to /data/data/com.termux/files/home/storage/shared/bos_la_2024_trip/att/20241102/165436088/tcp_downlink_165932286.out
[2024-11-02T16:59:38-0600] [CAUTION] EMPTY LOG!
[2024-11-02T16:59:38-0600] 5G booster finished at 2024-11-02 16:59:38.411 MDT, duration: 6.154 s
[2024-11-02T16:59:38-0600] -------------------------------
[2024-11-02T16:59:38-0600] Waiting for 2 s...
[2024-11-02T16:59:40-0600] -------------------------------
[2024-11-02T16:59:40-0600] TCP Ping test started at 2024-11-02 16:59:40.520 MDT
[2024-11-02T17:00:11-0600] Current time exceeds end time, skipping wait
[2024-11-02T17:00:11-0600] Saved TCP Ping test to /data/data/com.termux/files/home/storage/shared/bos_la_2024_trip/att/20241102/165436088/tcp_ping_165940584.out
[2024-11-02T17:00:11-0600] TCP Ping summary (min/avg/max/mdev) 
[2024-11-02T17:00:11-0600] TCP Ping test finished at 2024-11-02 17:00:11.646 MDT, duration: 31.126 s
[2024-11-02T17:00:11-0600] -------------------------------
[2024-11-02T17:00:11-0600] Waiting for 2 s...
[2024-11-02T17:00:13-0600] -------------------------------
[2024-11-02T17:00:13-0600] Traceroute test started at 2024-11-02 17:00:13.777 MDT
[2024-11-02T17:00:25-0600] Waiting for 18.676 s to reach end time
[2024-11-02T17:00:43-0600] Saved traceroute test to /data/data/com.termux/files/home/storage/shared/bos_la_2024_trip/att/20241102/165436088/traceroute_170013813.out
[2024-11-02T17:00:43-0600] Traceroute summary (min/avg/max/mdev) 
[2024-11-02T17:00:43-0600] Traceroute test finished at 2024-11-02 17:00:43.872 MDT, duration: 30.095 s
[2024-11-02T17:00:43-0600] -------------------------------
[2024-11-02T17:00:43-0600] All tests completed, cleaning up...
[2024-11-02T17:00:43-0600] -------------------------------
[2024-11-02T17:08:33-0600] [measurement] Load environment variables from prod.env file
[2024-11-02T17:08:33-0600] Starting a network measurement, please choose a server
[2024-11-02T17:08:33-0600] 0) West Cloud: 54.176.53.206
[2024-11-02T17:08:33-0600] 1) East Cloud: 54.197.223.49
[2024-11-02T17:08:57-0600] Enter your choice (0-1): Testing att, server 0 (ip: 54.176.53.206, nuttcp_port: 5102, iperf_port: 5002)
[2024-11-02T17:08:57-0600] -------------------------------
[2024-11-02T17:08:57-0600] tcp downlink test started at 2024-11-02 17:08:57.221 MDT
[2024-11-02T17:08:57-0600] Testing tcp downlink with 54.176.53.206:5102, interval 0.5 s, duration 120 s, timeout 121 s...
[2024-11-02T17:10:58-0600] Current time exceeds end time, skipping wait
[2024-11-02T17:10:58-0600] Saved tcp downlink test to /data/data/com.termux/files/home/storage/shared/bos_la_2024_trip/att/20241102/170857200/tcp_downlink_170857245.out
[2024-11-02T17:10:58-0600] DL AVG TPUT: 
[2024-11-02T17:10:58-0600] tcp downlink test finished at 2024-11-02 17:10:58.327 MDT, duration: 121.106 s
[2024-11-02T17:10:58-0600] -------------------------------
[2024-11-02T17:10:58-0600] Waiting for 2 s...
[2024-11-02T17:11:00-0600] -------------------------------
[2024-11-02T17:11:00-0600] Starting 5G booster for 5 s...
[2024-11-02T17:11:00-0600] 5G booster started at 2024-11-02 17:11:00.466 MDT
[2024-11-02T17:11:06-0600] Current time exceeds end time, skipping wait
[2024-11-02T17:11:06-0600] Saved TCP DL results to /data/data/com.termux/files/home/storage/shared/bos_la_2024_trip/att/20241102/170857200/tcp_downlink_171100524.out
[2024-11-02T17:11:06-0600] DL AVG TPUT: 
[2024-11-02T17:11:06-0600] 5G booster finished at 2024-11-02 17:11:06.619 MDT, duration: 6.153 s
[2024-11-02T17:11:06-0600] -------------------------------
[2024-11-02T17:11:06-0600] Waiting for 2 s...
[2024-11-02T17:11:08-0600] -------------------------------
[2024-11-02T17:11:08-0600] tcp uplink test started at 2024-11-02 17:11:08.748 MDT
[2024-11-02T17:11:08-0600] testing tcp uplink with 54.176.53.206:5102, interval 0.5, duration 120, timeout 121 ...
[2024-11-02T17:13:09-0600] Current time exceeds end time, skipping wait
[2024-11-02T17:13:09-0600] Saved uplink test to /data/data/com.termux/files/home/storage/shared/bos_la_2024_trip/att/20241102/170857200/tcp_uplink_171108782.out
[2024-11-02T17:13:09-0600] UL AVG TPUT: 
[2024-11-02T17:13:09-0600] tcp uplink test finished at 2024-11-02 17:13:09.870 MDT, duration: 121.122 s
[2024-11-02T17:13:09-0600] -------------------------------
[2024-11-02T17:13:09-0600] Waiting for 2 s...
[2024-11-02T17:13:11-0600] -------------------------------
[2024-11-02T17:13:11-0600] Starting 5G booster for 5 s...
[2024-11-02T17:13:12-0600] 5G booster started at 2024-11-02 17:13:12.000 MDT
[2024-11-02T17:13:18-0600] Current time exceeds end time, skipping wait
[2024-11-02T17:13:18-0600] Saved TCP DL results to /data/data/com.termux/files/home/storage/shared/bos_la_2024_trip/att/20241102/170857200/tcp_downlink_171312032.out
[2024-11-02T17:13:18-0600] DL AVG TPUT: 
[2024-11-02T17:13:18-0600] 5G booster finished at 2024-11-02 17:13:18.096 MDT, duration: 6.096 s
[2024-11-02T17:13:18-0600] -------------------------------
[2024-11-02T17:13:18-0600] Waiting for 2 s...
[2024-11-02T17:13:20-0600] -------------------------------
[2024-11-02T17:13:20-0600] ICMP Ping test started at 2024-11-02 17:13:20.208 MDT
[2024-11-02T17:13:50-0600] Waiting for .904 s to reach end time
[2024-11-02T17:13:51-0600] Saved ping test to /data/data/com.termux/files/home/storage/shared/bos_la_2024_trip/att/20241102/170857200/icmp_ping_171320237.out
[2024-11-02T17:13:51-0600] Ping summary (min/avg/max/mdev) = 83.621/87.767/110.460/3.936 ms
[2024-11-02T17:13:51-0600] Ping test finished at 2024-11-02 17:13:51.296 MDT, duration: 31.088 s
[2024-11-02T17:13:51-0600] -------------------------------
[2024-11-02T17:13:51-0600] Waiting for 2 s...
[2024-11-02T17:13:53-0600] -------------------------------
[2024-11-02T17:13:53-0600] Starting 5G booster for 5 s...
[2024-11-02T17:13:53-0600] 5G booster started at 2024-11-02 17:13:53.420 MDT
[2024-11-02T17:13:59-0600] Current time exceeds end time, skipping wait
[2024-11-02T17:13:59-0600] Saved TCP DL results to /data/data/com.termux/files/home/storage/shared/bos_la_2024_trip/att/20241102/170857200/tcp_downlink_171353452.out
[2024-11-02T17:13:59-0600] DL AVG TPUT: 
[2024-11-02T17:13:59-0600] 5G booster finished at 2024-11-02 17:13:59.543 MDT, duration: 6.123 s
[2024-11-02T17:13:59-0600] -------------------------------
[2024-11-02T17:13:59-0600] Waiting for 2 s...
[2024-11-02T17:14:01-0600] -------------------------------
[2024-11-02T17:14:01-0600] TCP Ping test started at 2024-11-02 17:14:01.675 MDT
[2024-11-02T17:14:32-0600] Current time exceeds end time, skipping wait
[2024-11-02T17:14:32-0600] Saved TCP Ping test to /data/data/com.termux/files/home/storage/shared/bos_la_2024_trip/att/20241102/170857200/tcp_ping_171401706.out
[2024-11-02T17:14:32-0600] TCP Ping summary (min/avg/max/mdev) 
[2024-11-02T17:14:32-0600] TCP Ping test finished at 2024-11-02 17:14:32.835 MDT, duration: 31.160 s
[2024-11-02T17:14:32-0600] -------------------------------
[2024-11-02T17:14:32-0600] Waiting for 2 s...
[2024-11-02T17:14:34-0600] -------------------------------
[2024-11-02T17:14:35-0600] Traceroute test started at 2024-11-02 17:14:34.989 MDT
[2024-11-02T17:14:46-0600] Waiting for 18.317 s to reach end time
[2024-11-02T17:15:05-0600] Saved traceroute test to /data/data/com.termux/files/home/storage/shared/bos_la_2024_trip/att/20241102/170857200/traceroute_171435022.out
[2024-11-02T17:15:05-0600] Traceroute summary (min/avg/max/mdev) 
[2024-11-02T17:15:05-0600] Traceroute test finished at 2024-11-02 17:15:05.080 MDT, duration: 30.091 s
[2024-11-02T17:15:05-0600] -------------------------------
[2024-11-02T17:15:05-0600] All tests completed, cleaning up...
[2024-11-02T17:15:05-0600] -------------------------------
[2024-11-02T17:16:14-0600] [measurement] Load environment variables from prod.env file
[2024-11-02T17:16:14-0600] Starting a network measurement, please choose a server
[2024-11-02T17:16:14-0600] 0) West Cloud: 54.176.53.206
[2024-11-02T17:16:14-0600] 1) East Cloud: 54.197.223.49
[2024-11-02T17:16:20-0600] Enter your choice (0-1): Testing att, server 0 (ip: 54.176.53.206, nuttcp_port: 5102, iperf_port: 5002)
[2024-11-02T17:16:20-0600] -------------------------------
[2024-11-02T17:16:20-0600] tcp downlink test started at 2024-11-02 17:16:20.410 MDT
[2024-11-02T17:16:20-0600] Testing tcp downlink with 54.176.53.206:5102, interval 0.5 s, duration 120 s, timeout 121 s...
[2024-11-02T17:16:20-0600] server aborted connection
[2024-11-02T17:16:20-0600] Waiting for 120.666 s to reach end time
[2024-11-02T17:18:21-0600] Saved tcp downlink test to /data/data/com.termux/files/home/storage/shared/bos_la_2024_trip/att/20241102/171620393/tcp_downlink_171620431.out
[2024-11-02T17:18:21-0600] [CAUTION] EMPTY LOG!
[2024-11-02T17:18:21-0600] tcp downlink test finished at 2024-11-02 17:18:21.501 MDT, duration: 121.091 s
[2024-11-02T17:18:21-0600] -------------------------------
[2024-11-02T17:18:21-0600] Waiting for 2 s...
[2024-11-02T17:18:23-0600] -------------------------------
[2024-11-02T17:18:23-0600] Starting 5G booster for 5 s...
[2024-11-02T17:18:23-0600] 5G booster started at 2024-11-02 17:18:23.606 MDT
[2024-11-02T17:18:29-0600] Current time exceeds end time, skipping wait
[2024-11-02T17:18:29-0600] Saved TCP DL results to /data/data/com.termux/files/home/storage/shared/bos_la_2024_trip/att/20241102/171620393/tcp_downlink_171823659.out
[2024-11-02T17:18:29-0600] DL AVG TPUT: 
[2024-11-02T17:18:29-0600] 5G booster finished at 2024-11-02 17:18:29.719 MDT, duration: 6.113 s
[2024-11-02T17:18:29-0600] -------------------------------
[2024-11-02T17:18:29-0600] Waiting for 2 s...
[2024-11-02T17:18:31-0600] -------------------------------
[2024-11-02T17:18:31-0600] tcp uplink test started at 2024-11-02 17:18:31.831 MDT
[2024-11-02T17:18:31-0600] testing tcp uplink with 54.176.53.206:5102, interval 0.5, duration 120, timeout 121 ...
[2024-11-02T17:18:32-0600] server aborted connection
[2024-11-02T17:18:32-0600] Waiting for 120.618 s to reach end time
[2024-11-02T17:20:32-0600] Saved uplink test to /data/data/com.termux/files/home/storage/shared/bos_la_2024_trip/att/20241102/171620393/tcp_uplink_171831854.out
[2024-11-02T17:20:32-0600] [CAUTION] EMPTY LOG!
[2024-11-02T17:20:33-0600] tcp uplink test finished at 2024-11-02 17:20:32.945 MDT, duration: 121.114 s
[2024-11-02T17:20:33-0600] -------------------------------
[2024-11-02T17:20:33-0600] Waiting for 2 s...
[2024-11-02T17:20:35-0600] -------------------------------
[2024-11-02T17:20:35-0600] Starting 5G booster for 5 s...
[2024-11-02T17:20:35-0600] 5G booster started at 2024-11-02 17:20:35.056 MDT
[2024-11-02T17:20:41-0600] Current time exceeds end time, skipping wait
[2024-11-02T17:20:41-0600] Saved TCP DL results to /data/data/com.termux/files/home/storage/shared/bos_la_2024_trip/att/20241102/171620393/tcp_downlink_172035089.out
[2024-11-02T17:20:41-0600] DL AVG TPUT: 
[2024-11-02T17:20:41-0600] 5G booster finished at 2024-11-02 17:20:41.174 MDT, duration: 6.118 s
[2024-11-02T17:20:41-0600] -------------------------------
[2024-11-02T17:20:41-0600] Waiting for 2 s...
[2024-11-02T17:20:43-0600] -------------------------------
[2024-11-02T17:20:43-0600] ICMP Ping test started at 2024-11-02 17:20:43.282 MDT
[2024-11-02T17:21:13-0600] Waiting for .872 s to reach end time
[2024-11-02T17:21:14-0600] Saved ping test to /data/data/com.termux/files/home/storage/shared/bos_la_2024_trip/att/20241102/171620393/icmp_ping_172043313.out
[2024-11-02T17:21:14-0600] Ping summary (min/avg/max/mdev) = 92.507/133.098/428.399/33.874 ms
[2024-11-02T17:21:14-0600] Ping test finished at 2024-11-02 17:21:14.376 MDT, duration: 31.094 s
[2024-11-02T17:21:14-0600] -------------------------------
[2024-11-02T17:21:14-0600] Waiting for 2 s...
[2024-11-02T17:21:16-0600] -------------------------------
[2024-11-02T17:21:16-0600] Starting 5G booster for 5 s...
[2024-11-02T17:21:16-0600] 5G booster started at 2024-11-02 17:21:16.503 MDT
[2024-11-02T17:21:16-0600] server aborted connection
[2024-11-02T17:21:17-0600] Waiting for 5.490 s to reach end time
[2024-11-02T17:21:22-0600] Saved TCP DL results to /data/data/com.termux/files/home/storage/shared/bos_la_2024_trip/att/20241102/171620393/tcp_downlink_172116581.out
[2024-11-02T17:21:22-0600] [CAUTION] EMPTY LOG!
[2024-11-02T17:21:22-0600] 5G booster finished at 2024-11-02 17:21:22.656 MDT, duration: 6.153 s
[2024-11-02T17:21:22-0600] -------------------------------
[2024-11-02T17:21:22-0600] Waiting for 2 s...
[2024-11-02T17:21:24-0600] -------------------------------
[2024-11-02T17:21:24-0600] TCP Ping test started at 2024-11-02 17:21:24.755 MDT
[2024-11-02T17:21:55-0600] Current time exceeds end time, skipping wait
[2024-11-02T17:21:55-0600] Saved TCP Ping test to /data/data/com.termux/files/home/storage/shared/bos_la_2024_trip/att/20241102/171620393/tcp_ping_172124787.out
[2024-11-02T17:21:55-0600] TCP Ping summary (min/avg/max/mdev) 
[2024-11-02T17:21:55-0600] TCP Ping test finished at 2024-11-02 17:21:55.880 MDT, duration: 31.125 s
[2024-11-02T17:21:55-0600] -------------------------------
[2024-11-02T17:21:55-0600] Waiting for 2 s...
[2024-11-02T17:21:57-0600] -------------------------------
[2024-11-02T17:21:58-0600] Traceroute test started at 2024-11-02 17:21:57.984 MDT
[2024-11-02T17:22:09-0600] Waiting for 18.358 s to reach end time
[2024-11-02T17:22:28-0600] Saved traceroute test to /data/data/com.termux/files/home/storage/shared/bos_la_2024_trip/att/20241102/171620393/traceroute_172158012.out
[2024-11-02T17:22:28-0600] Traceroute summary (min/avg/max/mdev) 
[2024-11-02T17:22:28-0600] Traceroute test finished at 2024-11-02 17:22:28.112 MDT, duration: 30.128 s
[2024-11-02T17:22:28-0600] -------------------------------
[2024-11-02T17:22:28-0600] All tests completed, cleaning up...
[2024-11-02T17:22:28-0600] -------------------------------
[2024-11-02T17:23:07-0600] [measurement] Load environment variables from prod.env file
[2024-11-02T17:23:07-0600] Starting a network measurement, please choose a server
[2024-11-02T17:23:07-0600] 0) West Cloud: 54.176.53.206
[2024-11-02T17:23:07-0600] 1) East Cloud: 54.197.223.49
[2024-11-02T17:23:25-0600] Enter your choice (0-1): Testing att, server 0 (ip: 54.176.53.206, nuttcp_port: 5102, iperf_port: 5002)
[2024-11-02T17:23:25-0600] -------------------------------
[2024-11-02T17:23:25-0600] tcp downlink test started at 2024-11-02 17:23:25.838 MDT
[2024-11-02T17:23:25-0600] Testing tcp downlink with 54.176.53.206:5102, interval 0.5 s, duration 120 s, timeout 121 s...
[2024-11-02T17:23:26-0600] server aborted connection
[2024-11-02T17:23:26-0600] Waiting for 120.495 s to reach end time
[2024-11-02T17:25:26-0600] Saved tcp downlink test to /data/data/com.termux/files/home/storage/shared/bos_la_2024_trip/att/20241102/172325808/tcp_downlink_172325873.out
[2024-11-02T17:25:26-0600] [CAUTION] EMPTY LOG!
[2024-11-02T17:25:27-0600] tcp downlink test finished at 2024-11-02 17:25:26.947 MDT, duration: 121.109 s
[2024-11-02T17:25:27-0600] -------------------------------
[2024-11-02T17:25:27-0600] Waiting for 2 s...
[2024-11-02T17:25:29-0600] -------------------------------
[2024-11-02T17:25:29-0600] Starting 5G booster for 5 s...
[2024-11-02T17:25:29-0600] 5G booster started at 2024-11-02 17:25:29.056 MDT
[2024-11-02T17:25:35-0600] Current time exceeds end time, skipping wait
[2024-11-02T17:25:35-0600] Saved TCP DL results to /data/data/com.termux/files/home/storage/shared/bos_la_2024_trip/att/20241102/172325808/tcp_downlink_172529097.out
[2024-11-02T17:25:35-0600] DL AVG TPUT: 
[2024-11-02T17:25:35-0600] 5G booster finished at 2024-11-02 17:25:35.178 MDT, duration: 6.122 s
[2024-11-02T17:25:35-0600] -------------------------------
[2024-11-02T17:25:35-0600] Waiting for 2 s...
[2024-11-02T17:25:37-0600] -------------------------------
[2024-11-02T17:25:37-0600] tcp uplink test started at 2024-11-02 17:25:37.303 MDT
[2024-11-02T17:25:37-0600] testing tcp uplink with 54.176.53.206:5102, interval 0.5, duration 120, timeout 121 ...
[2024-11-02T17:27:28-0600] Waiting for 10.300 s to reach end time
[2024-11-02T17:27:38-0600] Saved uplink test to /data/data/com.termux/files/home/storage/shared/bos_la_2024_trip/att/20241102/172325808/tcp_uplink_172537333.out
[2024-11-02T17:27:38-0600] UL AVG TPUT: 
[2024-11-02T17:27:38-0600] tcp uplink test finished at 2024-11-02 17:27:38.382 MDT, duration: 121.079 s
[2024-11-02T17:27:38-0600] -------------------------------
[2024-11-02T17:27:38-0600] Waiting for 2 s...
[2024-11-02T17:27:40-0600] -------------------------------
[2024-11-02T17:27:40-0600] Starting 5G booster for 5 s...
[2024-11-02T17:27:40-0600] 5G booster started at 2024-11-02 17:27:40.518 MDT
[2024-11-02T17:27:46-0600] Current time exceeds end time, skipping wait
[2024-11-02T17:27:46-0600] Saved TCP DL results to /data/data/com.termux/files/home/storage/shared/bos_la_2024_trip/att/20241102/172325808/tcp_downlink_172740549.out
[2024-11-02T17:27:46-0600] DL AVG TPUT: 
[2024-11-02T17:27:46-0600] 5G booster finished at 2024-11-02 17:27:46.638 MDT, duration: 6.120 s
[2024-11-02T17:27:46-0600] -------------------------------
[2024-11-02T17:27:46-0600] Waiting for 2 s...
[2024-11-02T17:27:48-0600] -------------------------------
[2024-11-02T17:27:48-0600] ICMP Ping test started at 2024-11-02 17:27:48.745 MDT
[2024-11-02T17:28:18-0600] Waiting for .906 s to reach end time
[2024-11-02T17:28:19-0600] Saved ping test to /data/data/com.termux/files/home/storage/shared/bos_la_2024_trip/att/20241102/172325808/icmp_ping_172748775.out
[2024-11-02T17:28:19-0600] Ping summary (min/avg/max/mdev) = 82.951/122.280/232.371/21.998 ms
[2024-11-02T17:28:19-0600] Ping test finished at 2024-11-02 17:28:19.846 MDT, duration: 31.101 s
[2024-11-02T17:28:19-0600] -------------------------------
[2024-11-02T17:28:19-0600] Waiting for 2 s...
[2024-11-02T17:28:21-0600] -------------------------------
[2024-11-02T17:28:21-0600] Starting 5G booster for 5 s...
[2024-11-02T17:28:21-0600] 5G booster started at 2024-11-02 17:28:21.963 MDT
[2024-11-02T17:28:28-0600] Current time exceeds end time, skipping wait
[2024-11-02T17:28:28-0600] Saved TCP DL results to /data/data/com.termux/files/home/storage/shared/bos_la_2024_trip/att/20241102/172325808/tcp_downlink_172821996.out
[2024-11-02T17:28:28-0600] DL AVG TPUT: 
[2024-11-02T17:28:28-0600] 5G booster finished at 2024-11-02 17:28:28.083 MDT, duration: 6.120 s
[2024-11-02T17:28:28-0600] -------------------------------
[2024-11-02T17:28:28-0600] Waiting for 2 s...
[2024-11-02T17:28:30-0600] -------------------------------
[2024-11-02T17:28:30-0600] TCP Ping test started at 2024-11-02 17:28:30.193 MDT
[2024-11-02T17:29:01-0600] Current time exceeds end time, skipping wait
[2024-11-02T17:29:01-0600] Saved TCP Ping test to /data/data/com.termux/files/home/storage/shared/bos_la_2024_trip/att/20241102/172325808/tcp_ping_172830258.out
[2024-11-02T17:29:01-0600] TCP Ping summary (min/avg/max/mdev) 
[2024-11-02T17:29:01-0600] TCP Ping test finished at 2024-11-02 17:29:01.371 MDT, duration: 31.178 s
[2024-11-02T17:29:01-0600] -------------------------------
[2024-11-02T17:29:01-0600] Waiting for 2 s...
[2024-11-02T17:29:03-0600] -------------------------------
[2024-11-02T17:29:03-0600] Traceroute test started at 2024-11-02 17:29:03.497 MDT
[2024-11-02T17:29:15-0600] Waiting for 18.410 s to reach end time
[2024-11-02T17:29:33-0600] Saved traceroute test to /data/data/com.termux/files/home/storage/shared/bos_la_2024_trip/att/20241102/172325808/traceroute_172903533.out
[2024-11-02T17:29:33-0600] Traceroute summary (min/avg/max/mdev) 
[2024-11-02T17:29:33-0600] Traceroute test finished at 2024-11-02 17:29:33.625 MDT, duration: 30.128 s
[2024-11-02T17:29:33-0600] -------------------------------
[2024-11-02T17:29:33-0600] All tests completed, cleaning up...
[2024-11-02T17:29:33-0600] -------------------------------
[2024-11-02T17:32:30-0600] [measurement] Load environment variables from prod.env file
[2024-11-02T17:32:30-0600] Starting a network measurement, please choose a server
[2024-11-02T17:32:30-0600] 0) West Cloud: 54.176.53.206
[2024-11-02T17:32:30-0600] 1) East Cloud: 54.197.223.49
[2024-11-02T17:32:45-0600] Enter your choice (0-1): Testing att, server 0 (ip: 54.176.53.206, nuttcp_port: 5102, iperf_port: 5002)
[2024-11-02T17:32:45-0600] -------------------------------
[2024-11-02T17:32:45-0600] tcp downlink test started at 2024-11-02 17:32:45.417 MDT
[2024-11-02T17:32:45-0600] Testing tcp downlink with 54.176.53.206:5102, interval 0.5 s, duration 120 s, timeout 121 s...
[2024-11-02T17:34:46-0600] Current time exceeds end time, skipping wait
[2024-11-02T17:34:46-0600] Saved tcp downlink test to /data/data/com.termux/files/home/storage/shared/bos_la_2024_trip/att/20241102/173245397/tcp_downlink_173245449.out
[2024-11-02T17:34:46-0600] DL AVG TPUT: 
[2024-11-02T17:34:46-0600] tcp downlink test finished at 2024-11-02 17:34:46.562 MDT, duration: 121.145 s
[2024-11-02T17:34:46-0600] -------------------------------
[2024-11-02T17:34:46-0600] Waiting for 2 s...
[2024-11-02T17:34:48-0600] -------------------------------
[2024-11-02T17:34:48-0600] Starting 5G booster for 5 s...
[2024-11-02T17:34:48-0600] 5G booster started at 2024-11-02 17:34:48.667 MDT
[2024-11-02T17:34:54-0600] Current time exceeds end time, skipping wait
[2024-11-02T17:34:54-0600] Saved TCP DL results to /data/data/com.termux/files/home/storage/shared/bos_la_2024_trip/att/20241102/173245397/tcp_downlink_173448698.out
[2024-11-02T17:34:54-0600] [CAUTION] EMPTY LOG!
[2024-11-02T17:34:54-0600] 5G booster finished at 2024-11-02 17:34:54.773 MDT, duration: 6.106 s
[2024-11-02T17:34:54-0600] -------------------------------
[2024-11-02T17:34:54-0600] Waiting for 2 s...
[2024-11-02T17:34:56-0600] -------------------------------
[2024-11-02T17:34:56-0600] tcp uplink test started at 2024-11-02 17:34:56.882 MDT
[2024-11-02T17:34:56-0600] testing tcp uplink with 54.176.53.206:5102, interval 0.5, duration 120, timeout 121 ...
[2024-11-02T17:34:57-0600] Waiting for 120.519 s to reach end time
[2024-11-02T17:36:57-0600] Saved uplink test to /data/data/com.termux/files/home/storage/shared/bos_la_2024_trip/att/20241102/173245397/tcp_uplink_173456919.out
[2024-11-02T17:36:57-0600] [CAUTION] EMPTY LOG!
[2024-11-02T17:36:58-0600] tcp uplink test finished at 2024-11-02 17:36:57.981 MDT, duration: 121.099 s
[2024-11-02T17:36:58-0600] -------------------------------
[2024-11-02T17:36:58-0600] Waiting for 2 s...
[2024-11-02T17:37:00-0600] -------------------------------
[2024-11-02T17:37:00-0600] Starting 5G booster for 5 s...
[2024-11-02T17:37:00-0600] 5G booster started at 2024-11-02 17:37:00.081 MDT
[2024-11-02T17:37:06-0600] Current time exceeds end time, skipping wait
[2024-11-02T17:37:06-0600] Saved TCP DL results to /data/data/com.termux/files/home/storage/shared/bos_la_2024_trip/att/20241102/173245397/tcp_downlink_173700116.out
[2024-11-02T17:37:06-0600] DL AVG TPUT: 
[2024-11-02T17:37:06-0600] 5G booster finished at 2024-11-02 17:37:06.219 MDT, duration: 6.138 s
[2024-11-02T17:37:06-0600] -------------------------------
[2024-11-02T17:37:06-0600] Waiting for 2 s...
[2024-11-02T17:37:08-0600] -------------------------------
[2024-11-02T17:37:08-0600] ICMP Ping test started at 2024-11-02 17:37:08.335 MDT
[2024-11-02T17:37:38-0600] Waiting for .887 s to reach end time
[2024-11-02T17:37:39-0600] Saved ping test to /data/data/com.termux/files/home/storage/shared/bos_la_2024_trip/att/20241102/173245397/icmp_ping_173708363.out
[2024-11-02T17:37:39-0600] Ping summary (min/avg/max/mdev) = 82.009/168.375/1727.101/238.561 ms
[2024-11-02T17:37:39-0600] Ping test finished at 2024-11-02 17:37:39.408 MDT, duration: 31.073 s
[2024-11-02T17:37:39-0600] -------------------------------
[2024-11-02T17:37:39-0600] Waiting for 2 s...
[2024-11-02T17:37:41-0600] -------------------------------
[2024-11-02T17:37:41-0600] Starting 5G booster for 5 s...
[2024-11-02T17:37:41-0600] 5G booster started at 2024-11-02 17:37:41.551 MDT
[2024-11-02T17:37:47-0600] Current time exceeds end time, skipping wait
[2024-11-02T17:37:47-0600] Saved TCP DL results to /data/data/com.termux/files/home/storage/shared/bos_la_2024_trip/att/20241102/173245397/tcp_downlink_173741580.out
[2024-11-02T17:37:47-0600] DL AVG TPUT: 
[2024-11-02T17:37:47-0600] 5G booster finished at 2024-11-02 17:37:47.656 MDT, duration: 6.105 s
[2024-11-02T17:37:47-0600] -------------------------------
[2024-11-02T17:37:47-0600] Waiting for 2 s...
[2024-11-02T17:37:49-0600] -------------------------------
[2024-11-02T17:37:49-0600] TCP Ping test started at 2024-11-02 17:37:49.760 MDT
[2024-11-02T17:38:20-0600] Current time exceeds end time, skipping wait
[2024-11-02T17:38:20-0600] Saved TCP Ping test to /data/data/com.termux/files/home/storage/shared/bos_la_2024_trip/att/20241102/173245397/tcp_ping_173749789.out
[2024-11-02T17:38:20-0600] TCP Ping summary (min/avg/max/mdev) 
[2024-11-02T17:38:20-0600] TCP Ping test finished at 2024-11-02 17:38:20.911 MDT, duration: 31.151 s
[2024-11-02T17:38:20-0600] -------------------------------
[2024-11-02T17:38:20-0600] Waiting for 2 s...
[2024-11-02T17:38:22-0600] -------------------------------
[2024-11-02T17:38:23-0600] Traceroute test started at 2024-11-02 17:38:23.026 MDT
[2024-11-02T17:38:34-0600] Waiting for 18.640 s to reach end time
[2024-11-02T17:38:53-0600] Saved traceroute test to /data/data/com.termux/files/home/storage/shared/bos_la_2024_trip/att/20241102/173245397/traceroute_173823056.out
[2024-11-02T17:38:53-0600] Traceroute summary (min/avg/max/mdev) 
[2024-11-02T17:38:53-0600] Traceroute test finished at 2024-11-02 17:38:53.115 MDT, duration: 30.089 s
[2024-11-02T17:38:53-0600] -------------------------------
[2024-11-02T17:38:53-0600] All tests completed, cleaning up...
[2024-11-02T17:38:53-0600] -------------------------------
[2024-11-02T17:39:33-0600] [measurement] Load environment variables from prod.env file
[2024-11-02T17:39:33-0600] Starting a network measurement, please choose a server
[2024-11-02T17:39:33-0600] 0) West Cloud: 54.176.53.206
[2024-11-02T17:39:33-0600] 1) East Cloud: 54.197.223.49
[2024-11-02T17:40:02-0600] Enter your choice (0-1): Testing att, server 0 (ip: 54.176.53.206, nuttcp_port: 5102, iperf_port: 5002)
[2024-11-02T17:40:02-0600] -------------------------------
[2024-11-02T17:40:02-0600] tcp downlink test started at 2024-11-02 17:40:02.151 MDT
[2024-11-02T17:40:02-0600] Testing tcp downlink with 54.176.53.206:5102, interval 0.5 s, duration 120 s, timeout 121 s...
[2024-11-02T17:40:02-0600] server aborted connection
[2024-11-02T17:40:02-0600] Waiting for 120.605 s to reach end time
[2024-11-02T17:42:03-0600] Saved tcp downlink test to /data/data/com.termux/files/home/storage/shared/bos_la_2024_trip/att/20241102/174002130/tcp_downlink_174002186.out
[2024-11-02T17:42:03-0600] [CAUTION] EMPTY LOG!
[2024-11-02T17:42:03-0600] tcp downlink test finished at 2024-11-02 17:42:03.236 MDT, duration: 121.085 s
[2024-11-02T17:42:03-0600] -------------------------------
[2024-11-02T17:42:03-0600] Waiting for 2 s...
[2024-11-02T17:42:05-0600] -------------------------------
[2024-11-02T17:42:05-0600] Starting 5G booster for 5 s...
[2024-11-02T17:42:05-0600] 5G booster started at 2024-11-02 17:42:05.352 MDT
[2024-11-02T17:42:11-0600] Current time exceeds end time, skipping wait
[2024-11-02T17:42:11-0600] Saved TCP DL results to /data/data/com.termux/files/home/storage/shared/bos_la_2024_trip/att/20241102/174002130/tcp_downlink_174205382.out
[2024-11-02T17:42:11-0600] DL AVG TPUT: 
[2024-11-02T17:42:11-0600] 5G booster finished at 2024-11-02 17:42:11.445 MDT, duration: 6.093 s
[2024-11-02T17:42:11-0600] -------------------------------
[2024-11-02T17:42:11-0600] Waiting for 2 s...
[2024-11-02T17:42:13-0600] -------------------------------
[2024-11-02T17:42:13-0600] tcp uplink test started at 2024-11-02 17:42:13.572 MDT
[2024-11-02T17:42:13-0600] testing tcp uplink with 54.176.53.206:5102, interval 0.5, duration 120, timeout 121 ...
[2024-11-02T17:42:13-0600] server aborted connection
[2024-11-02T17:42:14-0600] Waiting for 120.616 s to reach end time
[2024-11-02T17:44:14-0600] Saved uplink test to /data/data/com.termux/files/home/storage/shared/bos_la_2024_trip/att/20241102/174002130/tcp_uplink_174213605.out
[2024-11-02T17:44:14-0600] [CAUTION] EMPTY LOG!
[2024-11-02T17:44:14-0600] tcp uplink test finished at 2024-11-02 17:44:14.664 MDT, duration: 121.092 s
[2024-11-02T17:44:14-0600] -------------------------------
[2024-11-02T17:44:14-0600] Waiting for 2 s...
[2024-11-02T17:44:16-0600] -------------------------------
[2024-11-02T17:44:16-0600] Starting 5G booster for 5 s...
[2024-11-02T17:44:16-0600] 5G booster started at 2024-11-02 17:44:16.768 MDT
[2024-11-02T17:44:17-0600] server aborted connection
[2024-11-02T17:44:17-0600] Waiting for 5.620 s to reach end time
[2024-11-02T17:44:22-0600] Saved TCP DL results to /data/data/com.termux/files/home/storage/shared/bos_la_2024_trip/att/20241102/174002130/tcp_downlink_174416818.out
[2024-11-02T17:44:22-0600] [CAUTION] EMPTY LOG!
[2024-11-02T17:44:22-0600] 5G booster finished at 2024-11-02 17:44:22.920 MDT, duration: 6.152 s
[2024-11-02T17:44:22-0600] -------------------------------
[2024-11-02T17:44:22-0600] Waiting for 2 s...
[2024-11-02T17:44:24-0600] -------------------------------
[2024-11-02T17:44:25-0600] ICMP Ping test started at 2024-11-02 17:44:25.018 MDT
[2024-11-02T17:44:55-0600] Waiting for .872 s to reach end time
[2024-11-02T17:44:56-0600] Saved ping test to /data/data/com.termux/files/home/storage/shared/bos_la_2024_trip/att/20241102/174002130/icmp_ping_174425051.out
[2024-11-02T17:44:56-0600] Ping summary (min/avg/max/mdev) = 84.681/124.798/361.222/34.139 ms
[2024-11-02T17:44:56-0600] Ping test finished at 2024-11-02 17:44:56.102 MDT, duration: 31.084 s
[2024-11-02T17:44:56-0600] -------------------------------
[2024-11-02T17:44:56-0600] Waiting for 2 s...
[2024-11-02T17:44:58-0600] -------------------------------
[2024-11-02T17:44:58-0600] Starting 5G booster for 5 s...
[2024-11-02T17:44:58-0600] 5G booster started at 2024-11-02 17:44:58.215 MDT
[2024-11-02T17:45:04-0600] Current time exceeds end time, skipping wait
[2024-11-02T17:45:04-0600] Saved TCP DL results to /data/data/com.termux/files/home/storage/shared/bos_la_2024_trip/att/20241102/174002130/tcp_downlink_174458244.out
[2024-11-02T17:45:04-0600] DL AVG TPUT: 
[2024-11-02T17:45:04-0600] 5G booster finished at 2024-11-02 17:45:04.301 MDT, duration: 6.086 s
[2024-11-02T17:45:04-0600] -------------------------------
[2024-11-02T17:45:04-0600] Waiting for 2 s...
[2024-11-02T17:45:06-0600] -------------------------------
[2024-11-02T17:45:06-0600] TCP Ping test started at 2024-11-02 17:45:06.433 MDT
[2024-11-02T17:45:37-0600] Current time exceeds end time, skipping wait
[2024-11-02T17:45:37-0600] Saved TCP Ping test to /data/data/com.termux/files/home/storage/shared/bos_la_2024_trip/att/20241102/174002130/tcp_ping_174506481.out
[2024-11-02T17:45:37-0600] TCP Ping summary (min/avg/max/mdev) 
[2024-11-02T17:45:37-0600] TCP Ping test finished at 2024-11-02 17:45:37.569 MDT, duration: 31.136 s
[2024-11-02T17:45:37-0600] -------------------------------
[2024-11-02T17:45:37-0600] Waiting for 2 s...
[2024-11-02T17:45:39-0600] -------------------------------
[2024-11-02T17:45:39-0600] Traceroute test started at 2024-11-02 17:45:39.673 MDT
[2024-11-02T17:45:51-0600] Waiting for 18.387 s to reach end time
[2024-11-02T17:46:09-0600] Saved traceroute test to /data/data/com.termux/files/home/storage/shared/bos_la_2024_trip/att/20241102/174002130/traceroute_174539703.out
[2024-11-02T17:46:09-0600] Traceroute summary (min/avg/max/mdev) 
[2024-11-02T17:46:09-0600] Traceroute test finished at 2024-11-02 17:46:09.753 MDT, duration: 30.080 s
[2024-11-02T17:46:09-0600] -------------------------------
[2024-11-02T17:46:09-0600] All tests completed, cleaning up...
[2024-11-02T17:46:09-0600] -------------------------------
[2024-11-02T17:47:36-0600] [measurement] Load environment variables from prod.env file
[2024-11-02T17:47:36-0600] Starting a network measurement, please choose a server
[2024-11-02T17:47:36-0600] 0) West Cloud: 54.176.53.206
[2024-11-02T17:47:36-0600] 1) East Cloud: 54.197.223.49
[2024-11-02T17:48:00-0600] Enter your choice (0-1): Testing att, server 0 (ip: 54.176.53.206, nuttcp_port: 5102, iperf_port: 5002)
[2024-11-02T17:48:00-0600] -------------------------------
[2024-11-02T17:48:00-0600] tcp downlink test started at 2024-11-02 17:48:00.674 MDT
[2024-11-02T17:48:00-0600] Testing tcp downlink with 54.176.53.206:5102, interval 0.5 s, duration 120 s, timeout 121 s...
[2024-11-02T17:50:01-0600] Current time exceeds end time, skipping wait
[2024-11-02T17:50:01-0600] Saved tcp downlink test to /data/data/com.termux/files/home/storage/shared/bos_la_2024_trip/att/20241102/174800652/tcp_downlink_174800709.out
[2024-11-02T17:50:01-0600] DL AVG TPUT: 
[2024-11-02T17:50:01-0600] tcp downlink test finished at 2024-11-02 17:50:01.808 MDT, duration: 121.134 s
[2024-11-02T17:50:01-0600] -------------------------------
[2024-11-02T17:50:01-0600] Waiting for 2 s...
[2024-11-02T17:50:03-0600] -------------------------------
[2024-11-02T17:50:03-0600] Starting 5G booster for 5 s...
[2024-11-02T17:50:03-0600] 5G booster started at 2024-11-02 17:50:03.938 MDT
[2024-11-02T17:50:10-0600] Current time exceeds end time, skipping wait
[2024-11-02T17:50:10-0600] Saved TCP DL results to /data/data/com.termux/files/home/storage/shared/bos_la_2024_trip/att/20241102/174800652/tcp_downlink_175003962.out
[2024-11-02T17:50:10-0600] DL AVG TPUT: 
[2024-11-02T17:50:10-0600] 5G booster finished at 2024-11-02 17:50:10.063 MDT, duration: 6.125 s
[2024-11-02T17:50:10-0600] -------------------------------
[2024-11-02T17:50:10-0600] Waiting for 2 s...
[2024-11-02T17:50:12-0600] -------------------------------
[2024-11-02T17:50:12-0600] tcp uplink test started at 2024-11-02 17:50:12.193 MDT
[2024-11-02T17:50:12-0600] testing tcp uplink with 54.176.53.206:5102, interval 0.5, duration 120, timeout 121 ...
[2024-11-02T17:52:13-0600] Current time exceeds end time, skipping wait
[2024-11-02T17:52:13-0600] Saved uplink test to /data/data/com.termux/files/home/storage/shared/bos_la_2024_trip/att/20241102/174800652/tcp_uplink_175012241.out
[2024-11-02T17:52:13-0600] UL AVG TPUT: 
[2024-11-02T17:52:13-0600] tcp uplink test finished at 2024-11-02 17:52:13.334 MDT, duration: 121.141 s
[2024-11-02T17:52:13-0600] -------------------------------
[2024-11-02T17:52:13-0600] Waiting for 2 s...
[2024-11-02T17:52:15-0600] -------------------------------
[2024-11-02T17:52:15-0600] Starting 5G booster for 5 s...
[2024-11-02T17:52:15-0600] 5G booster started at 2024-11-02 17:52:15.472 MDT
[2024-11-02T17:52:16-0600] server aborted connection
[2024-11-02T17:52:16-0600] Waiting for 4.743 s to reach end time
[2024-11-02T17:52:21-0600] Saved TCP DL results to /data/data/com.termux/files/home/storage/shared/bos_la_2024_trip/att/20241102/174800652/tcp_downlink_175215526.out
[2024-11-02T17:52:21-0600] [CAUTION] EMPTY LOG!
[2024-11-02T17:52:21-0600] 5G booster finished at 2024-11-02 17:52:21.573 MDT, duration: 6.101 s
[2024-11-02T17:52:21-0600] -------------------------------
[2024-11-02T17:52:21-0600] Waiting for 2 s...
[2024-11-02T17:52:23-0600] -------------------------------
[2024-11-02T17:52:23-0600] ICMP Ping test started at 2024-11-02 17:52:23.686 MDT
[2024-11-02T17:52:53-0600] Waiting for .913 s to reach end time
[2024-11-02T17:52:54-0600] Saved ping test to /data/data/com.termux/files/home/storage/shared/bos_la_2024_trip/att/20241102/174800652/icmp_ping_175223718.out
[2024-11-02T17:52:54-0600] Ping summary (min/avg/max/mdev) = 87.512/115.977/334.009/23.260 ms
[2024-11-02T17:52:54-0600] Ping test finished at 2024-11-02 17:52:54.757 MDT, duration: 31.071 s
[2024-11-02T17:52:54-0600] -------------------------------
[2024-11-02T17:52:54-0600] Waiting for 2 s...
[2024-11-02T17:52:56-0600] -------------------------------
[2024-11-02T17:52:56-0600] Starting 5G booster for 5 s...
[2024-11-02T17:52:56-0600] 5G booster started at 2024-11-02 17:52:56.866 MDT
[2024-11-02T17:53:02-0600] Current time exceeds end time, skipping wait
[2024-11-02T17:53:03-0600] Saved TCP DL results to /data/data/com.termux/files/home/storage/shared/bos_la_2024_trip/att/20241102/174800652/tcp_downlink_175256930.out
[2024-11-02T17:53:03-0600] DL AVG TPUT: 
[2024-11-02T17:53:03-0600] 5G booster finished at 2024-11-02 17:53:03.001 MDT, duration: 6.135 s
[2024-11-02T17:53:03-0600] -------------------------------
[2024-11-02T17:53:03-0600] Waiting for 2 s...
[2024-11-02T17:53:05-0600] -------------------------------
[2024-11-02T17:53:05-0600] TCP Ping test started at 2024-11-02 17:53:05.135 MDT
[2024-11-02T17:53:36-0600] Current time exceeds end time, skipping wait
[2024-11-02T17:53:36-0600] Saved TCP Ping test to /data/data/com.termux/files/home/storage/shared/bos_la_2024_trip/att/20241102/174800652/tcp_ping_175305161.out
[2024-11-02T17:53:36-0600] TCP Ping summary (min/avg/max/mdev) 
[2024-11-02T17:53:36-0600] TCP Ping test finished at 2024-11-02 17:53:36.242 MDT, duration: 31.107 s
[2024-11-02T17:53:36-0600] -------------------------------
[2024-11-02T17:53:36-0600] Waiting for 2 s...
[2024-11-02T17:53:38-0600] -------------------------------
[2024-11-02T17:53:38-0600] Traceroute test started at 2024-11-02 17:53:38.346 MDT
[2024-11-02T17:53:50-0600] Waiting for 17.969 s to reach end time
[2024-11-02T17:54:08-0600] Saved traceroute test to /data/data/com.termux/files/home/storage/shared/bos_la_2024_trip/att/20241102/174800652/traceroute_175338378.out
[2024-11-02T17:54:08-0600] Traceroute summary (min/avg/max/mdev) 
[2024-11-02T17:54:08-0600] Traceroute test finished at 2024-11-02 17:54:08.441 MDT, duration: 30.095 s
[2024-11-02T17:54:08-0600] -------------------------------
[2024-11-02T17:54:08-0600] All tests completed, cleaning up...
[2024-11-02T17:54:08-0600] -------------------------------
[2024-11-02T17:54:54-0600] [measurement] Load environment variables from prod.env file
[2024-11-02T17:54:54-0600] Starting a network measurement, please choose a server
[2024-11-02T17:54:54-0600] 0) West Cloud: 54.176.53.206
[2024-11-02T17:54:54-0600] 1) East Cloud: 54.197.223.49
[2024-11-02T17:55:07-0600] Enter your choice (0-1): Testing att, server 0 (ip: 54.176.53.206, nuttcp_port: 5102, iperf_port: 5002)
[2024-11-02T17:55:07-0600] -------------------------------
[2024-11-02T17:55:07-0600] tcp downlink test started at 2024-11-02 17:55:07.644 MDT
[2024-11-02T17:55:07-0600] Testing tcp downlink with 54.176.53.206:5102, interval 0.5 s, duration 120 s, timeout 121 s...
[2024-11-02T17:56:08-0600] Waiting for 59.892 s to reach end time
[2024-11-02T17:57:08-0600] Saved tcp downlink test to /data/data/com.termux/files/home/storage/shared/bos_la_2024_trip/att/20241102/175507627/tcp_downlink_175507672.out
[2024-11-02T17:57:08-0600] DL AVG TPUT: 
[2024-11-02T17:57:08-0600] tcp downlink test finished at 2024-11-02 17:57:08.754 MDT, duration: 121.110 s
[2024-11-02T17:57:08-0600] -------------------------------
[2024-11-02T17:57:08-0600] Waiting for 2 s...
[2024-11-02T17:57:10-0600] -------------------------------
[2024-11-02T17:57:10-0600] Starting 5G booster for 5 s...
[2024-11-02T17:57:10-0600] 5G booster started at 2024-11-02 17:57:10.882 MDT
[2024-11-02T17:57:17-0600] Current time exceeds end time, skipping wait
[2024-11-02T17:57:17-0600] Saved TCP DL results to /data/data/com.termux/files/home/storage/shared/bos_la_2024_trip/att/20241102/175507627/tcp_downlink_175710915.out
[2024-11-02T17:57:17-0600] DL AVG TPUT: 
[2024-11-02T17:57:17-0600] 5G booster finished at 2024-11-02 17:57:17.016 MDT, duration: 6.134 s
[2024-11-02T17:57:17-0600] -------------------------------
[2024-11-02T17:57:17-0600] Waiting for 2 s...
[2024-11-02T17:57:19-0600] -------------------------------
[2024-11-02T17:57:19-0600] tcp uplink test started at 2024-11-02 17:57:19.154 MDT
[2024-11-02T17:57:19-0600] testing tcp uplink with 54.176.53.206:5102, interval 0.5, duration 120, timeout 121 ...
[2024-11-02T17:59:20-0600] Current time exceeds end time, skipping wait
[2024-11-02T17:59:20-0600] Saved uplink test to /data/data/com.termux/files/home/storage/shared/bos_la_2024_trip/att/20241102/175507627/tcp_uplink_175719190.out
[2024-11-02T17:59:20-0600] UL AVG TPUT: 
[2024-11-02T17:59:20-0600] tcp uplink test finished at 2024-11-02 17:59:20.291 MDT, duration: 121.137 s
[2024-11-02T17:59:20-0600] -------------------------------
[2024-11-02T17:59:20-0600] Waiting for 2 s...
[2024-11-02T17:59:22-0600] -------------------------------
[2024-11-02T17:59:22-0600] Starting 5G booster for 5 s...
[2024-11-02T17:59:22-0600] 5G booster started at 2024-11-02 17:59:22.449 MDT
[2024-11-02T17:59:28-0600] Current time exceeds end time, skipping wait
[2024-11-02T17:59:28-0600] Saved TCP DL results to /data/data/com.termux/files/home/storage/shared/bos_la_2024_trip/att/20241102/175507627/tcp_downlink_175922481.out
[2024-11-02T17:59:28-0600] DL AVG TPUT: 
[2024-11-02T17:59:28-0600] 5G booster finished at 2024-11-02 17:59:28.580 MDT, duration: 6.131 s
[2024-11-02T17:59:28-0600] -------------------------------
[2024-11-02T17:59:28-0600] Waiting for 2 s...
[2024-11-02T17:59:30-0600] -------------------------------
[2024-11-02T17:59:30-0600] ICMP Ping test started at 2024-11-02 17:59:30.730 MDT
[2024-11-02T18:00:00-0600] Waiting for .819 s to reach end time
[2024-11-02T18:00:01-0600] Saved ping test to /data/data/com.termux/files/home/storage/shared/bos_la_2024_trip/att/20241102/175507627/icmp_ping_175930806.out
[2024-11-02T18:00:01-0600] Ping summary (min/avg/max/mdev) = 82.722/133.571/302.716/37.633 ms
[2024-11-02T18:00:01-0600] Ping test finished at 2024-11-02 18:00:01.810 MDT, duration: 31.080 s
[2024-11-02T18:00:01-0600] -------------------------------
[2024-11-02T18:00:01-0600] Waiting for 2 s...
[2024-11-02T18:00:03-0600] -------------------------------
[2024-11-02T18:00:03-0600] Starting 5G booster for 5 s...
[2024-11-02T18:00:03-0600] 5G booster started at 2024-11-02 18:00:03.944 MDT
[2024-11-02T18:00:10-0600] Current time exceeds end time, skipping wait
[2024-11-02T18:00:10-0600] Saved TCP DL results to /data/data/com.termux/files/home/storage/shared/bos_la_2024_trip/att/20241102/175507627/tcp_downlink_180003988.out
[2024-11-02T18:00:10-0600] DL AVG TPUT: 
[2024-11-02T18:00:10-0600] 5G booster finished at 2024-11-02 18:00:10.040 MDT, duration: 6.096 s
[2024-11-02T18:00:10-0600] -------------------------------
[2024-11-02T18:00:10-0600] Waiting for 2 s...
[2024-11-02T18:00:12-0600] -------------------------------
[2024-11-02T18:00:12-0600] TCP Ping test started at 2024-11-02 18:00:12.156 MDT
[2024-11-02T18:00:43-0600] Current time exceeds end time, skipping wait
[2024-11-02T18:00:43-0600] Saved TCP Ping test to /data/data/com.termux/files/home/storage/shared/bos_la_2024_trip/att/20241102/175507627/tcp_ping_180012188.out
[2024-11-02T18:00:43-0600] TCP Ping summary (min/avg/max/mdev) 
[2024-11-02T18:00:43-0600] TCP Ping test finished at 2024-11-02 18:00:43.275 MDT, duration: 31.119 s
[2024-11-02T18:00:43-0600] -------------------------------
[2024-11-02T18:00:43-0600] Waiting for 2 s...
[2024-11-02T18:00:45-0600] -------------------------------
[2024-11-02T18:00:45-0600] Traceroute test started at 2024-11-02 18:00:45.425 MDT
[2024-11-02T18:00:56-0600] Waiting for 18.535 s to reach end time
[2024-11-02T18:01:15-0600] Saved traceroute test to /data/data/com.termux/files/home/storage/shared/bos_la_2024_trip/att/20241102/175507627/traceroute_180045460.out
[2024-11-02T18:01:15-0600] Traceroute summary (min/avg/max/mdev) 
[2024-11-02T18:01:15-0600] Traceroute test finished at 2024-11-02 18:01:15.524 MDT, duration: 30.099 s
[2024-11-02T18:01:15-0600] -------------------------------
[2024-11-02T18:01:15-0600] All tests completed, cleaning up...
[2024-11-02T18:01:15-0600] -------------------------------
[2024-11-02T18:03:16-0600] [measurement] Load environment variables from prod.env file
[2024-11-02T18:03:16-0600] Starting a network measurement, please choose a server
[2024-11-02T18:03:16-0600] 0) West Cloud: 54.176.53.206
[2024-11-02T18:03:16-0600] 1) East Cloud: 54.197.223.49
[2024-11-02T18:03:27-0600] Enter your choice (0-1): Testing att, server 0 (ip: 54.176.53.206, nuttcp_port: 5102, iperf_port: 5002)
[2024-11-02T18:03:27-0600] -------------------------------
[2024-11-02T18:03:27-0600] tcp downlink test started at 2024-11-02 18:03:27.107 MDT
[2024-11-02T18:03:27-0600] Testing tcp downlink with 54.176.53.206:5102, interval 0.5 s, duration 120 s, timeout 121 s...
[2024-11-02T18:03:27-0600] server aborted connection
[2024-11-02T18:03:27-0600] Waiting for 120.418 s to reach end time
[2024-11-02T18:05:28-0600] Saved tcp downlink test to /data/data/com.termux/files/home/storage/shared/bos_la_2024_trip/att/20241102/180327087/tcp_downlink_180327129.out
[2024-11-02T18:05:28-0600] [CAUTION] EMPTY LOG!
[2024-11-02T18:05:28-0600] tcp downlink test finished at 2024-11-02 18:05:28.196 MDT, duration: 121.089 s
[2024-11-02T18:05:28-0600] -------------------------------
[2024-11-02T18:05:28-0600] Waiting for 2 s...
[2024-11-02T18:05:30-0600] -------------------------------
[2024-11-02T18:05:30-0600] Starting 5G booster for 5 s...
[2024-11-02T18:05:30-0600] 5G booster started at 2024-11-02 18:05:30.312 MDT
[2024-11-02T18:05:36-0600] Current time exceeds end time, skipping wait
[2024-11-02T18:05:36-0600] Saved TCP DL results to /data/data/com.termux/files/home/storage/shared/bos_la_2024_trip/att/20241102/180327087/tcp_downlink_180530345.out
[2024-11-02T18:05:36-0600] DL AVG TPUT: 
[2024-11-02T18:05:36-0600] 5G booster finished at 2024-11-02 18:05:36.479 MDT, duration: 6.167 s
[2024-11-02T18:05:36-0600] -------------------------------
[2024-11-02T18:05:36-0600] Waiting for 2 s...
[2024-11-02T18:05:38-0600] -------------------------------
[2024-11-02T18:05:38-0600] tcp uplink test started at 2024-11-02 18:05:38.620 MDT
[2024-11-02T18:05:38-0600] testing tcp uplink with 54.176.53.206:5102, interval 0.5, duration 120, timeout 121 ...
[2024-11-02T18:07:39-0600] Current time exceeds end time, skipping wait
[2024-11-02T18:07:39-0600] Saved uplink test to /data/data/com.termux/files/home/storage/shared/bos_la_2024_trip/att/20241102/180327087/tcp_uplink_180538646.out
[2024-11-02T18:07:39-0600] UL AVG TPUT: 
[2024-11-02T18:07:39-0600] tcp uplink test finished at 2024-11-02 18:07:39.764 MDT, duration: 121.144 s
[2024-11-02T18:07:39-0600] -------------------------------
[2024-11-02T18:07:39-0600] Waiting for 2 s...
[2024-11-02T18:07:41-0600] -------------------------------
[2024-11-02T18:07:41-0600] Starting 5G booster for 5 s...
[2024-11-02T18:07:41-0600] 5G booster started at 2024-11-02 18:07:41.935 MDT
[2024-11-02T18:07:48-0600] Current time exceeds end time, skipping wait
[2024-11-02T18:07:48-0600] Saved TCP DL results to /data/data/com.termux/files/home/storage/shared/bos_la_2024_trip/att/20241102/180327087/tcp_downlink_180741992.out
[2024-11-02T18:07:48-0600] DL AVG TPUT: 
[2024-11-02T18:07:48-0600] 5G booster finished at 2024-11-02 18:07:48.085 MDT, duration: 6.150 s
[2024-11-02T18:07:48-0600] -------------------------------
[2024-11-02T18:07:48-0600] Waiting for 2 s...
[2024-11-02T18:07:50-0600] -------------------------------
[2024-11-02T18:07:50-0600] ICMP Ping test started at 2024-11-02 18:07:50.193 MDT
[2024-11-02T18:08:20-0600] Waiting for .873 s to reach end time
[2024-11-02T18:08:21-0600] Saved ping test to /data/data/com.termux/files/home/storage/shared/bos_la_2024_trip/att/20241102/180327087/icmp_ping_180750243.out
[2024-11-02T18:08:21-0600] Ping summary (min/avg/max/mdev) = 86.621/127.402/265.553/26.215 ms
[2024-11-02T18:08:21-0600] Ping test finished at 2024-11-02 18:08:21.280 MDT, duration: 31.087 s
[2024-11-02T18:08:21-0600] -------------------------------
[2024-11-02T18:08:21-0600] Waiting for 2 s...
[2024-11-02T18:08:23-0600] -------------------------------
[2024-11-02T18:08:23-0600] Starting 5G booster for 5 s...
[2024-11-02T18:08:23-0600] 5G booster started at 2024-11-02 18:08:23.394 MDT
[2024-11-02T18:08:29-0600] Current time exceeds end time, skipping wait
[2024-11-02T18:08:29-0600] Saved TCP DL results to /data/data/com.termux/files/home/storage/shared/bos_la_2024_trip/att/20241102/180327087/tcp_downlink_180823425.out
[2024-11-02T18:08:29-0600] DL AVG TPUT: 
[2024-11-02T18:08:29-0600] 5G booster finished at 2024-11-02 18:08:29.519 MDT, duration: 6.125 s
[2024-11-02T18:08:29-0600] -------------------------------
[2024-11-02T18:08:29-0600] Waiting for 2 s...
[2024-11-02T18:08:31-0600] -------------------------------
[2024-11-02T18:08:31-0600] TCP Ping test started at 2024-11-02 18:08:31.666 MDT
[2024-11-02T18:09:02-0600] Current time exceeds end time, skipping wait
[2024-11-02T18:09:02-0600] Saved TCP Ping test to /data/data/com.termux/files/home/storage/shared/bos_la_2024_trip/att/20241102/180327087/tcp_ping_180831739.out
[2024-11-02T18:09:02-0600] TCP Ping summary (min/avg/max/mdev) 
[2024-11-02T18:09:02-0600] TCP Ping test finished at 2024-11-02 18:09:02.862 MDT, duration: 31.196 s
[2024-11-02T18:09:02-0600] -------------------------------
[2024-11-02T18:09:02-0600] Waiting for 2 s...
[2024-11-02T18:09:04-0600] -------------------------------
[2024-11-02T18:09:04-0600] Traceroute test started at 2024-11-02 18:09:04.967 MDT
[2024-11-02T18:09:16-0600] Waiting for 18.557 s to reach end time
[2024-11-02T18:09:35-0600] Saved traceroute test to /data/data/com.termux/files/home/storage/shared/bos_la_2024_trip/att/20241102/180327087/traceroute_180904991.out
[2024-11-02T18:09:35-0600] Traceroute summary (min/avg/max/mdev) 
[2024-11-02T18:09:35-0600] Traceroute test finished at 2024-11-02 18:09:35.075 MDT, duration: 30.108 s
[2024-11-02T18:09:35-0600] -------------------------------
[2024-11-02T18:09:35-0600] All tests completed, cleaning up...
[2024-11-02T18:09:35-0600] -------------------------------
[2024-11-02T18:11:12-0600] [measurement] Load environment variables from prod.env file
[2024-11-02T18:11:12-0600] Starting a network measurement, please choose a server
[2024-11-02T18:11:12-0600] 0) West Cloud: 54.176.53.206
[2024-11-02T18:11:12-0600] 1) East Cloud: 54.197.223.49
[2024-11-02T18:11:20-0600] Enter your choice (0-1): Testing att, server 0 (ip: 54.176.53.206, nuttcp_port: 5102, iperf_port: 5002)
[2024-11-02T18:11:20-0600] -------------------------------
[2024-11-02T18:11:20-0600] tcp downlink test started at 2024-11-02 18:11:20.847 MDT
[2024-11-02T18:11:20-0600] Testing tcp downlink with 54.176.53.206:5102, interval 0.5 s, duration 120 s, timeout 121 s...
[2024-11-02T18:13:21-0600] Current time exceeds end time, skipping wait
[2024-11-02T18:13:21-0600] Saved tcp downlink test to /data/data/com.termux/files/home/storage/shared/bos_la_2024_trip/att/20241102/181120824/tcp_downlink_181120871.out
[2024-11-02T18:13:22-0600] DL AVG TPUT: 
[2024-11-02T18:13:22-0600] tcp downlink test finished at 2024-11-02 18:13:21.963 MDT, duration: 121.116 s
[2024-11-02T18:13:22-0600] -------------------------------
[2024-11-02T18:13:22-0600] Waiting for 2 s...
[2024-11-02T18:13:24-0600] -------------------------------
[2024-11-02T18:13:24-0600] Starting 5G booster for 5 s...
[2024-11-02T18:13:24-0600] 5G booster started at 2024-11-02 18:13:24.088 MDT
[2024-11-02T18:13:30-0600] Current time exceeds end time, skipping wait
[2024-11-02T18:13:30-0600] Saved TCP DL results to /data/data/com.termux/files/home/storage/shared/bos_la_2024_trip/att/20241102/181120824/tcp_downlink_181324161.out
[2024-11-02T18:13:30-0600] DL AVG TPUT: 
[2024-11-02T18:13:30-0600] 5G booster finished at 2024-11-02 18:13:30.267 MDT, duration: 6.179 s
[2024-11-02T18:13:30-0600] -------------------------------
[2024-11-02T18:13:30-0600] Waiting for 2 s...
[2024-11-02T18:13:32-0600] -------------------------------
[2024-11-02T18:13:32-0600] tcp uplink test started at 2024-11-02 18:13:32.371 MDT
[2024-11-02T18:13:32-0600] testing tcp uplink with 54.176.53.206:5102, interval 0.5, duration 120, timeout 121 ...
[2024-11-02T18:15:33-0600] Current time exceeds end time, skipping wait
[2024-11-02T18:15:33-0600] Saved uplink test to /data/data/com.termux/files/home/storage/shared/bos_la_2024_trip/att/20241102/181120824/tcp_uplink_181332403.out
[2024-11-02T18:15:33-0600] UL AVG TPUT: 
[2024-11-02T18:15:33-0600] tcp uplink test finished at 2024-11-02 18:15:33.501 MDT, duration: 121.130 s
[2024-11-02T18:15:33-0600] -------------------------------
[2024-11-02T18:15:33-0600] Waiting for 2 s...
[2024-11-02T18:15:35-0600] -------------------------------
[2024-11-02T18:15:35-0600] Starting 5G booster for 5 s...
[2024-11-02T18:15:35-0600] 5G booster started at 2024-11-02 18:15:35.612 MDT
[2024-11-02T18:15:41-0600] Current time exceeds end time, skipping wait
[2024-11-02T18:15:41-0600] Saved TCP DL results to /data/data/com.termux/files/home/storage/shared/bos_la_2024_trip/att/20241102/181120824/tcp_downlink_181535643.out
[2024-11-02T18:15:41-0600] DL AVG TPUT: 
[2024-11-02T18:15:41-0600] 5G booster finished at 2024-11-02 18:15:41.735 MDT, duration: 6.123 s
[2024-11-02T18:15:41-0600] -------------------------------
[2024-11-02T18:15:41-0600] Waiting for 2 s...
[2024-11-02T18:15:43-0600] -------------------------------
[2024-11-02T18:15:43-0600] ICMP Ping test started at 2024-11-02 18:15:43.840 MDT
[2024-11-02T18:16:14-0600] Waiting for .858 s to reach end time
[2024-11-02T18:16:14-0600] Saved ping test to /data/data/com.termux/files/home/storage/shared/bos_la_2024_trip/att/20241102/181120824/icmp_ping_181543875.out
[2024-11-02T18:16:14-0600] Ping summary (min/avg/max/mdev) = 78.117/86.651/253.471/20.524 ms
[2024-11-02T18:16:15-0600] Ping test finished at 2024-11-02 18:16:14.929 MDT, duration: 31.089 s
[2024-11-02T18:16:15-0600] -------------------------------
[2024-11-02T18:16:15-0600] Waiting for 2 s...
[2024-11-02T18:16:17-0600] -------------------------------
[2024-11-02T18:16:17-0600] Starting 5G booster for 5 s...
[2024-11-02T18:16:17-0600] 5G booster started at 2024-11-02 18:16:17.064 MDT
[2024-11-02T18:16:23-0600] Current time exceeds end time, skipping wait
[2024-11-02T18:16:23-0600] Saved TCP DL results to /data/data/com.termux/files/home/storage/shared/bos_la_2024_trip/att/20241102/181120824/tcp_downlink_181617140.out
[2024-11-02T18:16:23-0600] DL AVG TPUT: 
[2024-11-02T18:16:23-0600] 5G booster finished at 2024-11-02 18:16:23.238 MDT, duration: 6.174 s
[2024-11-02T18:16:23-0600] -------------------------------
[2024-11-02T18:16:23-0600] Waiting for 2 s...
[2024-11-02T18:16:25-0600] -------------------------------
[2024-11-02T18:16:25-0600] TCP Ping test started at 2024-11-02 18:16:25.376 MDT
[2024-11-02T18:16:56-0600] Current time exceeds end time, skipping wait
[2024-11-02T18:16:56-0600] Saved TCP Ping test to /data/data/com.termux/files/home/storage/shared/bos_la_2024_trip/att/20241102/181120824/tcp_ping_181625405.out
[2024-11-02T18:16:56-0600] TCP Ping summary (min/avg/max/mdev) 
[2024-11-02T18:16:56-0600] TCP Ping test finished at 2024-11-02 18:16:56.483 MDT, duration: 31.107 s
[2024-11-02T18:16:56-0600] -------------------------------
[2024-11-02T18:16:56-0600] Waiting for 2 s...
[2024-11-02T18:16:58-0600] -------------------------------
[2024-11-02T18:16:58-0600] Traceroute test started at 2024-11-02 18:16:58.606 MDT
[2024-11-02T18:17:10-0600] Waiting for 18.606 s to reach end time
[2024-11-02T18:17:28-0600] Saved traceroute test to /data/data/com.termux/files/home/storage/shared/bos_la_2024_trip/att/20241102/181120824/traceroute_181658636.out
[2024-11-02T18:17:28-0600] Traceroute summary (min/avg/max/mdev) 
[2024-11-02T18:17:28-0600] Traceroute test finished at 2024-11-02 18:17:28.701 MDT, duration: 30.095 s
[2024-11-02T18:17:28-0600] -------------------------------
[2024-11-02T18:17:28-0600] All tests completed, cleaning up...
[2024-11-02T18:17:28-0600] -------------------------------
[2024-11-02T18:18:13-0600] [measurement] Load environment variables from prod.env file
[2024-11-02T18:18:13-0600] Starting a network measurement, please choose a server
[2024-11-02T18:18:13-0600] 0) West Cloud: 54.176.53.206
[2024-11-02T18:18:13-0600] 1) East Cloud: 54.197.223.49
[2024-11-02T18:18:50-0600] Enter your choice (0-1): Testing att, server 0 (ip: 54.176.53.206, nuttcp_port: 5102, iperf_port: 5002)
[2024-11-02T18:18:50-0600] -------------------------------
[2024-11-02T18:18:50-0600] tcp downlink test started at 2024-11-02 18:18:50.723 MDT
[2024-11-02T18:18:50-0600] Testing tcp downlink with 54.176.53.206:5102, interval 0.5 s, duration 120 s, timeout 121 s...
[2024-11-02T18:20:51-0600] Current time exceeds end time, skipping wait
[2024-11-02T18:20:51-0600] Saved tcp downlink test to /data/data/com.termux/files/home/storage/shared/bos_la_2024_trip/att/20241102/181850704/tcp_downlink_181850752.out
[2024-11-02T18:20:51-0600] DL AVG TPUT: 
[2024-11-02T18:20:51-0600] tcp downlink test finished at 2024-11-02 18:20:51.844 MDT, duration: 121.121 s
[2024-11-02T18:20:51-0600] -------------------------------
[2024-11-02T18:20:51-0600] Waiting for 2 s...
[2024-11-02T18:20:53-0600] -------------------------------
[2024-11-02T18:20:53-0600] Starting 5G booster for 5 s...
[2024-11-02T18:20:54-0600] 5G booster started at 2024-11-02 18:20:53.978 MDT
[2024-11-02T18:21:00-0600] Current time exceeds end time, skipping wait
[2024-11-02T18:21:00-0600] Saved TCP DL results to /data/data/com.termux/files/home/storage/shared/bos_la_2024_trip/att/20241102/181850704/tcp_downlink_182054029.out
[2024-11-02T18:21:00-0600] DL AVG TPUT: 
[2024-11-02T18:21:00-0600] 5G booster finished at 2024-11-02 18:21:00.107 MDT, duration: 6.129 s
[2024-11-02T18:21:00-0600] -------------------------------
[2024-11-02T18:21:00-0600] Waiting for 2 s...
[2024-11-02T18:21:02-0600] -------------------------------
[2024-11-02T18:21:02-0600] tcp uplink test started at 2024-11-02 18:21:02.211 MDT
[2024-11-02T18:21:02-0600] testing tcp uplink with 54.176.53.206:5102, interval 0.5, duration 120, timeout 121 ...
[2024-11-02T18:23:03-0600] Current time exceeds end time, skipping wait
[2024-11-02T18:23:03-0600] Saved uplink test to /data/data/com.termux/files/home/storage/shared/bos_la_2024_trip/att/20241102/181850704/tcp_uplink_182102268.out
[2024-11-02T18:23:03-0600] UL AVG TPUT: 
[2024-11-02T18:23:03-0600] tcp uplink test finished at 2024-11-02 18:23:03.365 MDT, duration: 121.154 s
[2024-11-02T18:23:03-0600] -------------------------------
[2024-11-02T18:23:03-0600] Waiting for 2 s...
[2024-11-02T18:23:05-0600] -------------------------------
[2024-11-02T18:23:05-0600] Starting 5G booster for 5 s...
[2024-11-02T18:23:05-0600] 5G booster started at 2024-11-02 18:23:05.517 MDT
[2024-11-02T18:23:11-0600] Current time exceeds end time, skipping wait
[2024-11-02T18:23:11-0600] Saved TCP DL results to /data/data/com.termux/files/home/storage/shared/bos_la_2024_trip/att/20241102/181850704/tcp_downlink_182305554.out
[2024-11-02T18:23:11-0600] DL AVG TPUT: 
[2024-11-02T18:23:11-0600] 5G booster finished at 2024-11-02 18:23:11.647 MDT, duration: 6.130 s
[2024-11-02T18:23:11-0600] -------------------------------
[2024-11-02T18:23:11-0600] Waiting for 2 s...
[2024-11-02T18:23:13-0600] -------------------------------
[2024-11-02T18:23:13-0600] ICMP Ping test started at 2024-11-02 18:23:13.821 MDT
[2024-11-02T18:23:43-0600] Waiting for .883 s to reach end time
[2024-11-02T18:23:44-0600] Saved ping test to /data/data/com.termux/files/home/storage/shared/bos_la_2024_trip/att/20241102/181850704/icmp_ping_182313855.out
[2024-11-02T18:23:44-0600] Ping summary (min/avg/max/mdev) = 89.527/128.198/172.516/23.521 ms
[2024-11-02T18:23:44-0600] Ping test finished at 2024-11-02 18:23:44.912 MDT, duration: 31.091 s
[2024-11-02T18:23:44-0600] -------------------------------
[2024-11-02T18:23:44-0600] Waiting for 2 s...
[2024-11-02T18:23:47-0600] -------------------------------
[2024-11-02T18:23:47-0600] Starting 5G booster for 5 s...
[2024-11-02T18:23:47-0600] 5G booster started at 2024-11-02 18:23:47.031 MDT
[2024-11-02T18:23:53-0600] Current time exceeds end time, skipping wait
[2024-11-02T18:23:53-0600] Saved TCP DL results to /data/data/com.termux/files/home/storage/shared/bos_la_2024_trip/att/20241102/181850704/tcp_downlink_182347084.out
[2024-11-02T18:23:53-0600] DL AVG TPUT: 
[2024-11-02T18:23:53-0600] 5G booster finished at 2024-11-02 18:23:53.146 MDT, duration: 6.115 s
[2024-11-02T18:23:53-0600] -------------------------------
[2024-11-02T18:23:53-0600] Waiting for 2 s...
[2024-11-02T18:23:55-0600] -------------------------------
[2024-11-02T18:23:55-0600] TCP Ping test started at 2024-11-02 18:23:55.244 MDT
[2024-11-02T18:24:26-0600] Current time exceeds end time, skipping wait
[2024-11-02T18:24:26-0600] Saved TCP Ping test to /data/data/com.termux/files/home/storage/shared/bos_la_2024_trip/att/20241102/181850704/tcp_ping_182355275.out
[2024-11-02T18:24:26-0600] TCP Ping summary (min/avg/max/mdev) 
[2024-11-02T18:24:26-0600] TCP Ping test finished at 2024-11-02 18:24:26.347 MDT, duration: 31.103 s
[2024-11-02T18:24:26-0600] -------------------------------
[2024-11-02T18:24:26-0600] Waiting for 2 s...
[2024-11-02T18:24:28-0600] -------------------------------
[2024-11-02T18:24:28-0600] Traceroute test started at 2024-11-02 18:24:28.449 MDT
[2024-11-02T18:24:40-0600] Waiting for 18.175 s to reach end time
[2024-11-02T18:24:58-0600] Saved traceroute test to /data/data/com.termux/files/home/storage/shared/bos_la_2024_trip/att/20241102/181850704/traceroute_182428483.out
[2024-11-02T18:24:58-0600] Traceroute summary (min/avg/max/mdev) 
[2024-11-02T18:24:58-0600] Traceroute test finished at 2024-11-02 18:24:58.537 MDT, duration: 30.088 s
[2024-11-02T18:24:58-0600] -------------------------------
[2024-11-02T18:24:58-0600] All tests completed, cleaning up...
[2024-11-02T18:24:58-0600] -------------------------------
[2024-11-02T18:56:27-0600] [measurement] Load environment variables from prod.env file
[2024-11-02T18:56:27-0600] Starting a network measurement, please choose a server
[2024-11-02T18:56:27-0600] 0) West Cloud: 54.176.53.206
[2024-11-02T18:56:27-0600] 1) East Cloud: 54.197.223.49
[2024-11-02T18:56:34-0600] Enter your choice (0-1): Testing att, server 0 (ip: 54.176.53.206, nuttcp_port: 5102, iperf_port: 5002)
[2024-11-02T18:56:34-0600] -------------------------------
[2024-11-02T18:56:34-0600] tcp downlink test started at 2024-11-02 18:56:34.194 MDT
[2024-11-02T18:56:34-0600] Testing tcp downlink with 54.176.53.206:5102, interval 0.5 s, duration 120 s, timeout 121 s...
[2024-11-02T18:56:34-0600] server aborted connection
[2024-11-02T18:56:34-0600] Waiting for 120.646 s to reach end time
[2024-11-02T18:58:35-0600] Saved tcp downlink test to /data/data/com.termux/files/home/storage/shared/bos_la_2024_trip/att/20241102/185634177/tcp_downlink_185634217.out
[2024-11-02T18:58:35-0600] [CAUTION] EMPTY LOG!
[2024-11-02T18:58:35-0600] tcp downlink test finished at 2024-11-02 18:58:35.288 MDT, duration: 121.094 s
[2024-11-02T18:58:35-0600] -------------------------------
[2024-11-02T18:58:35-0600] Waiting for 2 s...
[2024-11-02T18:58:37-0600] -------------------------------
[2024-11-02T18:58:37-0600] Starting 5G booster for 5 s...
[2024-11-02T18:58:37-0600] 5G booster started at 2024-11-02 18:58:37.410 MDT
[2024-11-02T18:58:43-0600] Current time exceeds end time, skipping wait
[2024-11-02T18:58:43-0600] Saved TCP DL results to /data/data/com.termux/files/home/storage/shared/bos_la_2024_trip/att/20241102/185634177/tcp_downlink_185837437.out
[2024-11-02T18:58:43-0600] DL AVG TPUT: 
[2024-11-02T18:58:43-0600] 5G booster finished at 2024-11-02 18:58:43.539 MDT, duration: 6.129 s
[2024-11-02T18:58:43-0600] -------------------------------
[2024-11-02T18:58:43-0600] Waiting for 2 s...
[2024-11-02T18:58:45-0600] -------------------------------
[2024-11-02T18:58:45-0600] tcp uplink test started at 2024-11-02 18:58:45.677 MDT
[2024-11-02T18:58:45-0600] testing tcp uplink with 54.176.53.206:5102, interval 0.5, duration 120, timeout 121 ...
[2024-11-02T19:00:46-0600] Current time exceeds end time, skipping wait
[2024-11-02T19:00:46-0600] Saved uplink test to /data/data/com.termux/files/home/storage/shared/bos_la_2024_trip/att/20241102/185634177/tcp_uplink_185845705.out
[2024-11-02T19:00:46-0600] UL AVG TPUT: 
[2024-11-02T19:00:46-0600] tcp uplink test finished at 2024-11-02 19:00:46.820 MDT, duration: 121.143 s
[2024-11-02T19:00:46-0600] -------------------------------
[2024-11-02T19:00:46-0600] Waiting for 2 s...
[2024-11-02T19:00:48-0600] -------------------------------
[2024-11-02T19:00:48-0600] Starting 5G booster for 5 s...
[2024-11-02T19:00:48-0600] 5G booster started at 2024-11-02 19:00:48.949 MDT
[2024-11-02T19:00:49-0600] server aborted connection
[2024-11-02T19:00:49-0600] Waiting for 5.468 s to reach end time
[2024-11-02T19:00:55-0600] Saved TCP DL results to /data/data/com.termux/files/home/storage/shared/bos_la_2024_trip/att/20241102/185634177/tcp_downlink_190048997.out
[2024-11-02T19:00:55-0600] [CAUTION] EMPTY LOG!
[2024-11-02T19:00:55-0600] 5G booster finished at 2024-11-02 19:00:55.055 MDT, duration: 6.106 s
[2024-11-02T19:00:55-0600] -------------------------------
[2024-11-02T19:00:55-0600] Waiting for 2 s...
[2024-11-02T19:00:57-0600] -------------------------------
[2024-11-02T19:00:57-0600] ICMP Ping test started at 2024-11-02 19:00:57.131 MDT
[2024-11-02T19:01:27-0600] Waiting for .861 s to reach end time
[2024-11-02T19:01:28-0600] Saved ping test to /data/data/com.termux/files/home/storage/shared/bos_la_2024_trip/att/20241102/185634177/icmp_ping_190057153.out
[2024-11-02T19:01:28-0600] Ping summary (min/avg/max/mdev) = 88.345/135.266/359.318/43.648 ms
[2024-11-02T19:01:28-0600] Ping test finished at 2024-11-02 19:01:28.223 MDT, duration: 31.092 s
[2024-11-02T19:01:28-0600] -------------------------------
[2024-11-02T19:01:28-0600] Waiting for 2 s...
[2024-11-02T19:01:30-0600] -------------------------------
[2024-11-02T19:01:30-0600] Starting 5G booster for 5 s...
[2024-11-02T19:01:30-0600] 5G booster started at 2024-11-02 19:01:30.318 MDT
[2024-11-02T19:01:30-0600] server aborted connection
[2024-11-02T19:01:30-0600] Waiting for 5.461 s to reach end time
[2024-11-02T19:01:36-0600] Saved TCP DL results to /data/data/com.termux/files/home/storage/shared/bos_la_2024_trip/att/20241102/185634177/tcp_downlink_190130346.out
[2024-11-02T19:01:36-0600] [CAUTION] EMPTY LOG!
[2024-11-02T19:01:36-0600] 5G booster finished at 2024-11-02 19:01:36.397 MDT, duration: 6.079 s
[2024-11-02T19:01:36-0600] -------------------------------
[2024-11-02T19:01:36-0600] Waiting for 2 s...
[2024-11-02T19:01:38-0600] -------------------------------
[2024-11-02T19:01:38-0600] TCP Ping test started at 2024-11-02 19:01:38.487 MDT
[2024-11-02T19:02:09-0600] Current time exceeds end time, skipping wait
[2024-11-02T19:02:09-0600] Saved TCP Ping test to /data/data/com.termux/files/home/storage/shared/bos_la_2024_trip/att/20241102/185634177/tcp_ping_190138534.out
[2024-11-02T19:02:09-0600] TCP Ping summary (min/avg/max/mdev) 
[2024-11-02T19:02:09-0600] TCP Ping test finished at 2024-11-02 19:02:09.633 MDT, duration: 31.146 s
[2024-11-02T19:02:09-0600] -------------------------------
[2024-11-02T19:02:09-0600] Waiting for 2 s...
[2024-11-02T19:02:11-0600] -------------------------------
[2024-11-02T19:02:11-0600] Traceroute test started at 2024-11-02 19:02:11.741 MDT
[2024-11-02T19:02:23-0600] Waiting for 18.254 s to reach end time
[2024-11-02T19:02:41-0600] Saved traceroute test to /data/data/com.termux/files/home/storage/shared/bos_la_2024_trip/att/20241102/185634177/traceroute_190211768.out
[2024-11-02T19:02:41-0600] Traceroute summary (min/avg/max/mdev) 
[2024-11-02T19:02:41-0600] Traceroute test finished at 2024-11-02 19:02:41.808 MDT, duration: 30.067 s
[2024-11-02T19:02:41-0600] -------------------------------
[2024-11-02T19:02:41-0600] All tests completed, cleaning up...
[2024-11-02T19:02:41-0600] -------------------------------
[2024-11-02T19:04:10-0600] [measurement] Load environment variables from prod.env file
[2024-11-02T19:04:10-0600] Starting a network measurement, please choose a server
[2024-11-02T19:04:10-0600] 0) West Cloud: 54.176.53.206
[2024-11-02T19:04:10-0600] 1) East Cloud: 54.197.223.49
[2024-11-02T19:05:12-0600] Enter your choice (0-1): Testing att, server 0 (ip: 54.176.53.206, nuttcp_port: 5102, iperf_port: 5002)
[2024-11-02T19:05:12-0600] -------------------------------
[2024-11-02T19:05:12-0600] tcp downlink test started at 2024-11-02 19:05:12.786 MDT
[2024-11-02T19:05:12-0600] Testing tcp downlink with 54.176.53.206:5102, interval 0.5 s, duration 120 s, timeout 121 s...
[2024-11-02T19:07:13-0600] Current time exceeds end time, skipping wait
[2024-11-02T19:07:13-0600] Saved tcp downlink test to /data/data/com.termux/files/home/storage/shared/bos_la_2024_trip/att/20241102/190512764/tcp_downlink_190512820.out
[2024-11-02T19:07:13-0600] DL AVG TPUT: 
[2024-11-02T19:07:13-0600] tcp downlink test finished at 2024-11-02 19:07:13.924 MDT, duration: 121.138 s
[2024-11-02T19:07:13-0600] -------------------------------
[2024-11-02T19:07:13-0600] Waiting for 2 s...
[2024-11-02T19:07:15-0600] -------------------------------
[2024-11-02T19:07:15-0600] Starting 5G booster for 5 s...
[2024-11-02T19:07:16-0600] 5G booster started at 2024-11-02 19:07:16.016 MDT
[2024-11-02T19:07:16-0600] server aborted connection
[2024-11-02T19:07:16-0600] Waiting for 5.742 s to reach end time
[2024-11-02T19:07:22-0600] Saved TCP DL results to /data/data/com.termux/files/home/storage/shared/bos_la_2024_trip/att/20241102/190512764/tcp_downlink_190716044.out
[2024-11-02T19:07:22-0600] [CAUTION] EMPTY LOG!
[2024-11-02T19:07:22-0600] 5G booster finished at 2024-11-02 19:07:22.100 MDT, duration: 6.084 s
[2024-11-02T19:07:22-0600] -------------------------------
[2024-11-02T19:07:22-0600] Waiting for 2 s...
[2024-11-02T19:07:24-0600] -------------------------------
[2024-11-02T19:07:24-0600] tcp uplink test started at 2024-11-02 19:07:24.214 MDT
[2024-11-02T19:07:24-0600] testing tcp uplink with 54.176.53.206:5102, interval 0.5, duration 120, timeout 121 ...
[2024-11-02T19:09:25-0600] Current time exceeds end time, skipping wait
[2024-11-02T19:09:25-0600] Saved uplink test to /data/data/com.termux/files/home/storage/shared/bos_la_2024_trip/att/20241102/190512764/tcp_uplink_190724234.out
[2024-11-02T19:09:25-0600] UL AVG TPUT: 
[2024-11-02T19:09:25-0600] tcp uplink test finished at 2024-11-02 19:09:25.333 MDT, duration: 121.119 s
[2024-11-02T19:09:25-0600] -------------------------------
[2024-11-02T19:09:25-0600] Waiting for 2 s...
[2024-11-02T19:09:27-0600] -------------------------------
[2024-11-02T19:09:27-0600] Starting 5G booster for 5 s...
[2024-11-02T19:09:27-0600] 5G booster started at 2024-11-02 19:09:27.433 MDT
[2024-11-02T19:09:33-0600] Current time exceeds end time, skipping wait
[2024-11-02T19:09:33-0600] Saved TCP DL results to /data/data/com.termux/files/home/storage/shared/bos_la_2024_trip/att/20241102/190512764/tcp_downlink_190927460.out
[2024-11-02T19:09:33-0600] DL AVG TPUT: 
[2024-11-02T19:09:33-0600] 5G booster finished at 2024-11-02 19:09:33.589 MDT, duration: 6.156 s
[2024-11-02T19:09:33-0600] -------------------------------
[2024-11-02T19:09:33-0600] Waiting for 2 s...
[2024-11-02T19:09:35-0600] -------------------------------
[2024-11-02T19:09:35-0600] ICMP Ping test started at 2024-11-02 19:09:35.750 MDT
[2024-11-02T19:10:05-0600] Waiting for .863 s to reach end time
[2024-11-02T19:10:06-0600] Saved ping test to /data/data/com.termux/files/home/storage/shared/bos_la_2024_trip/att/20241102/190512764/icmp_ping_190935799.out
[2024-11-02T19:10:06-0600] Ping summary (min/avg/max/mdev) = 82.057/114.195/185.233/23.000 ms
[2024-11-02T19:10:06-0600] Ping test finished at 2024-11-02 19:10:06.856 MDT, duration: 31.106 s
[2024-11-02T19:10:06-0600] -------------------------------
[2024-11-02T19:10:06-0600] Waiting for 2 s...
[2024-11-02T19:10:08-0600] -------------------------------
[2024-11-02T19:10:08-0600] Starting 5G booster for 5 s...
[2024-11-02T19:10:09-0600] 5G booster started at 2024-11-02 19:10:08.967 MDT
[2024-11-02T19:10:15-0600] Current time exceeds end time, skipping wait
[2024-11-02T19:10:15-0600] Saved TCP DL results to /data/data/com.termux/files/home/storage/shared/bos_la_2024_trip/att/20241102/190512764/tcp_downlink_191009017.out
[2024-11-02T19:10:15-0600] DL AVG TPUT: 
[2024-11-02T19:10:15-0600] 5G booster finished at 2024-11-02 19:10:15.110 MDT, duration: 6.143 s
[2024-11-02T19:10:15-0600] -------------------------------
[2024-11-02T19:10:15-0600] Waiting for 2 s...
[2024-11-02T19:10:17-0600] -------------------------------
[2024-11-02T19:10:17-0600] TCP Ping test started at 2024-11-02 19:10:17.212 MDT
[2024-11-02T19:10:48-0600] Current time exceeds end time, skipping wait
[2024-11-02T19:10:48-0600] Saved TCP Ping test to /data/data/com.termux/files/home/storage/shared/bos_la_2024_trip/att/20241102/190512764/tcp_ping_191017242.out
[2024-11-02T19:10:48-0600] TCP Ping summary (min/avg/max/mdev) 
[2024-11-02T19:10:48-0600] TCP Ping test finished at 2024-11-02 19:10:48.367 MDT, duration: 31.155 s
[2024-11-02T19:10:48-0600] -------------------------------
[2024-11-02T19:10:48-0600] Waiting for 2 s...
[2024-11-02T19:10:50-0600] -------------------------------
[2024-11-02T19:10:50-0600] Traceroute test started at 2024-11-02 19:10:50.494 MDT
[2024-11-02T19:11:01-0600] Waiting for 18.704 s to reach end time
[2024-11-02T19:11:20-0600] Saved traceroute test to /data/data/com.termux/files/home/storage/shared/bos_la_2024_trip/att/20241102/190512764/traceroute_191050526.out
[2024-11-02T19:11:20-0600] Traceroute summary (min/avg/max/mdev) 
[2024-11-02T19:11:20-0600] Traceroute test finished at 2024-11-02 19:11:20.582 MDT, duration: 30.088 s
[2024-11-02T19:11:20-0600] -------------------------------
[2024-11-02T19:11:20-0600] All tests completed, cleaning up...
[2024-11-02T19:11:20-0600] -------------------------------
[2024-11-02T19:14:03-0600] [measurement] Load environment variables from prod.env file
[2024-11-02T19:14:03-0600] Starting a network measurement, please choose a server
[2024-11-02T19:14:03-0600] 0) West Cloud: 54.176.53.206
[2024-11-02T19:14:03-0600] 1) East Cloud: 54.197.223.49
[2024-11-02T19:14:43-0600] Enter your choice (0-1): Testing att, server 0 (ip: 54.176.53.206, nuttcp_port: 5102, iperf_port: 5002)
[2024-11-02T19:14:43-0600] -------------------------------
[2024-11-02T19:14:43-0600] tcp downlink test started at 2024-11-02 19:14:43.383 MDT
[2024-11-02T19:14:43-0600] Testing tcp downlink with 54.176.53.206:5102, interval 0.5 s, duration 120 s, timeout 121 s...
[2024-11-02T19:16:44-0600] Current time exceeds end time, skipping wait
[2024-11-02T19:16:44-0600] Saved tcp downlink test to /data/data/com.termux/files/home/storage/shared/bos_la_2024_trip/att/20241102/191443367/tcp_downlink_191443402.out
[2024-11-02T19:16:44-0600] DL AVG TPUT: 
[2024-11-02T19:16:44-0600] tcp downlink test finished at 2024-11-02 19:16:44.555 MDT, duration: 121.172 s
[2024-11-02T19:16:44-0600] -------------------------------
[2024-11-02T19:16:44-0600] Waiting for 2 s...
[2024-11-02T19:16:46-0600] -------------------------------
[2024-11-02T19:16:46-0600] Starting 5G booster for 5 s...
[2024-11-02T19:16:46-0600] 5G booster started at 2024-11-02 19:16:46.661 MDT
[2024-11-02T19:16:52-0600] Current time exceeds end time, skipping wait
[2024-11-02T19:16:52-0600] Saved TCP DL results to /data/data/com.termux/files/home/storage/shared/bos_la_2024_trip/att/20241102/191443367/tcp_downlink_191646688.out
[2024-11-02T19:16:52-0600] DL AVG TPUT: 
[2024-11-02T19:16:52-0600] 5G booster finished at 2024-11-02 19:16:52.763 MDT, duration: 6.102 s
[2024-11-02T19:16:52-0600] -------------------------------
[2024-11-02T19:16:52-0600] Waiting for 2 s...
[2024-11-02T19:16:54-0600] -------------------------------
[2024-11-02T19:16:54-0600] tcp uplink test started at 2024-11-02 19:16:54.854 MDT
[2024-11-02T19:16:54-0600] testing tcp uplink with 54.176.53.206:5102, interval 0.5, duration 120, timeout 121 ...
[2024-11-02T19:18:55-0600] Current time exceeds end time, skipping wait
[2024-11-02T19:18:55-0600] Saved uplink test to /data/data/com.termux/files/home/storage/shared/bos_la_2024_trip/att/20241102/191443367/tcp_uplink_191654878.out
[2024-11-02T19:18:55-0600] UL AVG TPUT: 
[2024-11-02T19:18:56-0600] tcp uplink test finished at 2024-11-02 19:18:55.932 MDT, duration: 121.078 s
[2024-11-02T19:18:56-0600] -------------------------------
[2024-11-02T19:18:56-0600] Waiting for 2 s...
[2024-11-02T19:18:58-0600] -------------------------------
[2024-11-02T19:18:58-0600] Starting 5G booster for 5 s...
[2024-11-02T19:18:58-0600] 5G booster started at 2024-11-02 19:18:58.039 MDT
[2024-11-02T19:18:58-0600] server aborted connection
[2024-11-02T19:18:58-0600] Waiting for 5.604 s to reach end time
[2024-11-02T19:19:04-0600] Saved TCP DL results to /data/data/com.termux/files/home/storage/shared/bos_la_2024_trip/att/20241102/191443367/tcp_downlink_191858066.out
[2024-11-02T19:19:04-0600] [CAUTION] EMPTY LOG!
[2024-11-02T19:19:04-0600] 5G booster finished at 2024-11-02 19:19:04.118 MDT, duration: 6.079 s
[2024-11-02T19:19:04-0600] -------------------------------
[2024-11-02T19:19:04-0600] Waiting for 2 s...
[2024-11-02T19:19:06-0600] -------------------------------
[2024-11-02T19:19:06-0600] ICMP Ping test started at 2024-11-02 19:19:06.217 MDT
[2024-11-02T19:19:36-0600] Waiting for .890 s to reach end time
[2024-11-02T19:19:37-0600] Saved ping test to /data/data/com.termux/files/home/storage/shared/bos_la_2024_trip/att/20241102/191443367/icmp_ping_191906243.out
[2024-11-02T19:19:37-0600] Ping summary (min/avg/max/mdev) = 89.433/122.564/191.767/21.901 ms
[2024-11-02T19:19:37-0600] Ping test finished at 2024-11-02 19:19:37.279 MDT, duration: 31.062 s
[2024-11-02T19:19:37-0600] -------------------------------
[2024-11-02T19:19:37-0600] Waiting for 2 s...
[2024-11-02T19:19:39-0600] -------------------------------
[2024-11-02T19:19:39-0600] Starting 5G booster for 5 s...
[2024-11-02T19:19:39-0600] 5G booster started at 2024-11-02 19:19:39.377 MDT
[2024-11-02T19:19:45-0600] Current time exceeds end time, skipping wait
[2024-11-02T19:19:45-0600] Saved TCP DL results to /data/data/com.termux/files/home/storage/shared/bos_la_2024_trip/att/20241102/191443367/tcp_downlink_191939422.out
[2024-11-02T19:19:45-0600] DL AVG TPUT: 
[2024-11-02T19:19:45-0600] 5G booster finished at 2024-11-02 19:19:45.519 MDT, duration: 6.142 s
[2024-11-02T19:19:45-0600] -------------------------------
[2024-11-02T19:19:45-0600] Waiting for 2 s...
[2024-11-02T19:19:47-0600] -------------------------------
[2024-11-02T19:19:47-0600] TCP Ping test started at 2024-11-02 19:19:47.646 MDT
[2024-11-02T19:20:18-0600] Current time exceeds end time, skipping wait
[2024-11-02T19:20:18-0600] Saved TCP Ping test to /data/data/com.termux/files/home/storage/shared/bos_la_2024_trip/att/20241102/191443367/tcp_ping_191947697.out
[2024-11-02T19:20:18-0600] TCP Ping summary (min/avg/max/mdev) 
[2024-11-02T19:20:18-0600] TCP Ping test finished at 2024-11-02 19:20:18.782 MDT, duration: 31.136 s
[2024-11-02T19:20:18-0600] -------------------------------
[2024-11-02T19:20:18-0600] Waiting for 2 s...
[2024-11-02T19:20:20-0600] -------------------------------
[2024-11-02T19:20:20-0600] Traceroute test started at 2024-11-02 19:20:20.910 MDT
[2024-11-02T19:20:32-0600] Waiting for 18.641 s to reach end time
[2024-11-02T19:20:50-0600] Saved traceroute test to /data/data/com.termux/files/home/storage/shared/bos_la_2024_trip/att/20241102/191443367/traceroute_192020960.out
[2024-11-02T19:20:50-0600] Traceroute summary (min/avg/max/mdev) 
[2024-11-02T19:20:51-0600] Traceroute test finished at 2024-11-02 19:20:50.961 MDT, duration: 30.051 s
[2024-11-02T19:20:51-0600] -------------------------------
[2024-11-02T19:20:51-0600] All tests completed, cleaning up...
[2024-11-02T19:20:51-0600] -------------------------------
[2024-11-02T19:21:41-0600] [measurement] Load environment variables from prod.env file
[2024-11-02T19:21:41-0600] Starting a network measurement, please choose a server
[2024-11-02T19:21:41-0600] 0) West Cloud: 54.176.53.206
[2024-11-02T19:21:41-0600] 1) East Cloud: 54.197.223.49
[2024-11-02T19:21:45-0600] Enter your choice (0-1): Testing att, server 0 (ip: 54.176.53.206, nuttcp_port: 5102, iperf_port: 5002)
[2024-11-02T19:21:46-0600] -------------------------------
[2024-11-02T19:21:46-0600] tcp downlink test started at 2024-11-02 19:21:46.050 MDT
[2024-11-02T19:21:46-0600] Testing tcp downlink with 54.176.53.206:5102, interval 0.5 s, duration 120 s, timeout 121 s...
[2024-11-02T19:21:46-0600] server aborted connection
[2024-11-02T19:21:46-0600] Waiting for 120.469 s to reach end time
[2024-11-02T19:23:47-0600] Saved tcp downlink test to /data/data/com.termux/files/home/storage/shared/bos_la_2024_trip/att/20241102/192146034/tcp_downlink_192146070.out
[2024-11-02T19:23:47-0600] [CAUTION] EMPTY LOG!
[2024-11-02T19:23:47-0600] tcp downlink test finished at 2024-11-02 19:23:47.123 MDT, duration: 121.073 s
[2024-11-02T19:23:47-0600] -------------------------------
[2024-11-02T19:23:47-0600] Waiting for 2 s...
[2024-11-02T19:23:49-0600] -------------------------------
[2024-11-02T19:23:49-0600] Starting 5G booster for 5 s...
[2024-11-02T19:23:49-0600] 5G booster started at 2024-11-02 19:23:49.234 MDT
[2024-11-02T19:23:55-0600] Current time exceeds end time, skipping wait
[2024-11-02T19:23:55-0600] Saved TCP DL results to /data/data/com.termux/files/home/storage/shared/bos_la_2024_trip/att/20241102/192146034/tcp_downlink_192349255.out
[2024-11-02T19:23:55-0600] DL AVG TPUT: 
[2024-11-02T19:23:55-0600] 5G booster finished at 2024-11-02 19:23:55.342 MDT, duration: 6.108 s
[2024-11-02T19:23:55-0600] -------------------------------
[2024-11-02T19:23:55-0600] Waiting for 2 s...
[2024-11-02T19:23:57-0600] -------------------------------
[2024-11-02T19:23:57-0600] tcp uplink test started at 2024-11-02 19:23:57.469 MDT
[2024-11-02T19:23:57-0600] testing tcp uplink with 54.176.53.206:5102, interval 0.5, duration 120, timeout 121 ...
[2024-11-02T19:23:57-0600] server aborted connection
[2024-11-02T19:23:57-0600] Waiting for 120.651 s to reach end time
[2024-11-02T19:25:58-0600] Saved uplink test to /data/data/com.termux/files/home/storage/shared/bos_la_2024_trip/att/20241102/192146034/tcp_uplink_192357496.out
[2024-11-02T19:25:58-0600] [CAUTION] EMPTY LOG!
[2024-11-02T19:25:58-0600] tcp uplink test finished at 2024-11-02 19:25:58.553 MDT, duration: 121.084 s
[2024-11-02T19:25:58-0600] -------------------------------
[2024-11-02T19:25:58-0600] Waiting for 2 s...
[2024-11-02T19:26:00-0600] -------------------------------
[2024-11-02T19:26:00-0600] Starting 5G booster for 5 s...
[2024-11-02T19:26:00-0600] 5G booster started at 2024-11-02 19:26:00.646 MDT
[2024-11-02T19:26:01-0600] server aborted connection
[2024-11-02T19:26:01-0600] Waiting for 5.573 s to reach end time
[2024-11-02T19:26:06-0600] Saved TCP DL results to /data/data/com.termux/files/home/storage/shared/bos_la_2024_trip/att/20241102/192146034/tcp_downlink_192600697.out
[2024-11-02T19:26:06-0600] [CAUTION] EMPTY LOG!
[2024-11-02T19:26:06-0600] 5G booster finished at 2024-11-02 19:26:06.783 MDT, duration: 6.137 s
[2024-11-02T19:26:06-0600] -------------------------------
[2024-11-02T19:26:06-0600] Waiting for 2 s...
[2024-11-02T19:26:08-0600] -------------------------------
[2024-11-02T19:26:08-0600] ICMP Ping test started at 2024-11-02 19:26:08.891 MDT
[2024-11-02T19:26:39-0600] Waiting for .906 s to reach end time
[2024-11-02T19:26:39-0600] Saved ping test to /data/data/com.termux/files/home/storage/shared/bos_la_2024_trip/att/20241102/192146034/icmp_ping_192608916.out
[2024-11-02T19:26:40-0600] Ping summary (min/avg/max/mdev) = 78.054/106.456/167.290/15.495 ms
[2024-11-02T19:26:40-0600] Ping test finished at 2024-11-02 19:26:39.966 MDT, duration: 31.075 s
[2024-11-02T19:26:40-0600] -------------------------------
[2024-11-02T19:26:40-0600] Waiting for 2 s...
[2024-11-02T19:26:42-0600] -------------------------------
[2024-11-02T19:26:42-0600] Starting 5G booster for 5 s...
[2024-11-02T19:26:42-0600] 5G booster started at 2024-11-02 19:26:42.064 MDT
[2024-11-02T19:26:48-0600] Current time exceeds end time, skipping wait
[2024-11-02T19:26:48-0600] Saved TCP DL results to /data/data/com.termux/files/home/storage/shared/bos_la_2024_trip/att/20241102/192146034/tcp_downlink_192642091.out
[2024-11-02T19:26:48-0600] DL AVG TPUT: 
[2024-11-02T19:26:48-0600] 5G booster finished at 2024-11-02 19:26:48.178 MDT, duration: 6.114 s
[2024-11-02T19:26:48-0600] -------------------------------
[2024-11-02T19:26:48-0600] Waiting for 2 s...
[2024-11-02T19:26:50-0600] -------------------------------
[2024-11-02T19:26:50-0600] TCP Ping test started at 2024-11-02 19:26:50.263 MDT
[2024-11-02T19:27:21-0600] Current time exceeds end time, skipping wait
[2024-11-02T19:27:21-0600] Saved TCP Ping test to /data/data/com.termux/files/home/storage/shared/bos_la_2024_trip/att/20241102/192146034/tcp_ping_192650293.out
[2024-11-02T19:27:21-0600] TCP Ping summary (min/avg/max/mdev) 
[2024-11-02T19:27:21-0600] TCP Ping test finished at 2024-11-02 19:27:21.373 MDT, duration: 31.110 s
[2024-11-02T19:27:21-0600] -------------------------------
[2024-11-02T19:27:21-0600] Waiting for 2 s...
[2024-11-02T19:27:23-0600] -------------------------------
[2024-11-02T19:27:23-0600] Traceroute test started at 2024-11-02 19:27:23.488 MDT
[2024-11-02T19:27:35-0600] Waiting for 18.423 s to reach end time
[2024-11-02T19:27:53-0600] Saved traceroute test to /data/data/com.termux/files/home/storage/shared/bos_la_2024_trip/att/20241102/192146034/traceroute_192723515.out
[2024-11-02T19:27:53-0600] Traceroute summary (min/avg/max/mdev) 
[2024-11-02T19:27:53-0600] Traceroute test finished at 2024-11-02 19:27:53.558 MDT, duration: 30.070 s
[2024-11-02T19:27:53-0600] -------------------------------
[2024-11-02T19:27:53-0600] All tests completed, cleaning up...
[2024-11-02T19:27:53-0600] -------------------------------
[2024-11-02T19:33:05-0600] [measurement] Load environment variables from prod.env file
[2024-11-02T19:33:05-0600] Starting a network measurement, please choose a server
[2024-11-02T19:33:05-0600] 0) West Cloud: 54.176.53.206
[2024-11-02T19:33:05-0600] 1) East Cloud: 54.197.223.49
[2024-11-02T19:33:11-0600] Enter your choice (0-1): Testing att, server 0 (ip: 54.176.53.206, nuttcp_port: 5102, iperf_port: 5002)
[2024-11-02T19:33:11-0600] -------------------------------
[2024-11-02T19:33:11-0600] tcp downlink test started at 2024-11-02 19:33:11.092 MDT
[2024-11-02T19:33:11-0600] Testing tcp downlink with 54.176.53.206:5102, interval 0.5 s, duration 120 s, timeout 121 s...
[2024-11-02T19:33:11-0600] server aborted connection
[2024-11-02T19:33:11-0600] Waiting for 120.648 s to reach end time
[2024-11-02T19:35:12-0600] Saved tcp downlink test to /data/data/com.termux/files/home/storage/shared/bos_la_2024_trip/att/20241102/193311073/tcp_downlink_193311116.out
[2024-11-02T19:35:12-0600] [CAUTION] EMPTY LOG!
[2024-11-02T19:35:12-0600] tcp downlink test finished at 2024-11-02 19:35:12.175 MDT, duration: 121.083 s
[2024-11-02T19:35:12-0600] -------------------------------
[2024-11-02T19:35:12-0600] Waiting for 2 s...
[2024-11-02T19:35:14-0600] -------------------------------
[2024-11-02T19:35:14-0600] Starting 5G booster for 5 s...
[2024-11-02T19:35:14-0600] 5G booster started at 2024-11-02 19:35:14.286 MDT
[2024-11-02T19:35:20-0600] Current time exceeds end time, skipping wait
[2024-11-02T19:35:20-0600] Saved TCP DL results to /data/data/com.termux/files/home/storage/shared/bos_la_2024_trip/att/20241102/193311073/tcp_downlink_193514313.out
[2024-11-02T19:35:20-0600] DL AVG TPUT: 
[2024-11-02T19:35:20-0600] 5G booster finished at 2024-11-02 19:35:20.404 MDT, duration: 6.118 s
[2024-11-02T19:35:20-0600] -------------------------------
[2024-11-02T19:35:20-0600] Waiting for 2 s...
[2024-11-02T19:35:22-0600] -------------------------------
[2024-11-02T19:35:22-0600] tcp uplink test started at 2024-11-02 19:35:22.511 MDT
[2024-11-02T19:35:22-0600] testing tcp uplink with 54.176.53.206:5102, interval 0.5, duration 120, timeout 121 ...
[2024-11-02T19:35:22-0600] server aborted connection
[2024-11-02T19:35:22-0600] Waiting for 120.675 s to reach end time
[2024-11-02T19:37:23-0600] Saved uplink test to /data/data/com.termux/files/home/storage/shared/bos_la_2024_trip/att/20241102/193311073/tcp_uplink_193522537.out
[2024-11-02T19:37:23-0600] [CAUTION] EMPTY LOG!
[2024-11-02T19:37:23-0600] tcp uplink test finished at 2024-11-02 19:37:23.631 MDT, duration: 121.120 s
[2024-11-02T19:37:23-0600] -------------------------------
[2024-11-02T19:37:23-0600] Waiting for 2 s...
[2024-11-02T19:37:25-0600] -------------------------------
[2024-11-02T19:37:25-0600] Starting 5G booster for 5 s...
[2024-11-02T19:37:25-0600] 5G booster started at 2024-11-02 19:37:25.741 MDT
[2024-11-02T19:37:26-0600] server aborted connection
[2024-11-02T19:37:26-0600] Waiting for 5.053 s to reach end time
[2024-11-02T19:37:31-0600] Saved TCP DL results to /data/data/com.termux/files/home/storage/shared/bos_la_2024_trip/att/20241102/193311073/tcp_downlink_193725767.out
[2024-11-02T19:37:31-0600] [CAUTION] EMPTY LOG!
[2024-11-02T19:37:31-0600] 5G booster finished at 2024-11-02 19:37:31.838 MDT, duration: 6.097 s
[2024-11-02T19:37:31-0600] -------------------------------
[2024-11-02T19:37:31-0600] Waiting for 2 s...
[2024-11-02T19:37:33-0600] -------------------------------
[2024-11-02T19:37:33-0600] ICMP Ping test started at 2024-11-02 19:37:33.919 MDT
[2024-11-02T19:38:04-0600] Waiting for .892 s to reach end time
[2024-11-02T19:38:05-0600] Saved ping test to /data/data/com.termux/files/home/storage/shared/bos_la_2024_trip/att/20241102/193311073/icmp_ping_193733954.out
[2024-11-02T19:38:05-0600] Ping summary (min/avg/max/mdev) = 74.498/128.023/427.015/54.656 ms
[2024-11-02T19:38:05-0600] Ping test finished at 2024-11-02 19:38:04.989 MDT, duration: 31.070 s
[2024-11-02T19:38:05-0600] -------------------------------
[2024-11-02T19:38:05-0600] Waiting for 2 s...
[2024-11-02T19:38:07-0600] -------------------------------
[2024-11-02T19:38:07-0600] Starting 5G booster for 5 s...
[2024-11-02T19:38:07-0600] 5G booster started at 2024-11-02 19:38:07.110 MDT
[2024-11-02T19:38:13-0600] Current time exceeds end time, skipping wait
[2024-11-02T19:38:13-0600] Saved TCP DL results to /data/data/com.termux/files/home/storage/shared/bos_la_2024_trip/att/20241102/193311073/tcp_downlink_193807162.out
[2024-11-02T19:38:13-0600] DL AVG TPUT: 
[2024-11-02T19:38:13-0600] 5G booster finished at 2024-11-02 19:38:13.248 MDT, duration: 6.138 s
[2024-11-02T19:38:13-0600] -------------------------------
[2024-11-02T19:38:13-0600] Waiting for 2 s...
[2024-11-02T19:38:15-0600] -------------------------------
[2024-11-02T19:38:15-0600] TCP Ping test started at 2024-11-02 19:38:15.383 MDT
[2024-11-02T19:38:46-0600] Current time exceeds end time, skipping wait
[2024-11-02T19:38:46-0600] Saved TCP Ping test to /data/data/com.termux/files/home/storage/shared/bos_la_2024_trip/att/20241102/193311073/tcp_ping_193815425.out
[2024-11-02T19:38:46-0600] TCP Ping summary (min/avg/max/mdev) 
[2024-11-02T19:38:46-0600] TCP Ping test finished at 2024-11-02 19:38:46.528 MDT, duration: 31.145 s
[2024-11-02T19:38:46-0600] -------------------------------
[2024-11-02T19:38:46-0600] Waiting for 2 s...
[2024-11-02T19:38:48-0600] -------------------------------
[2024-11-02T19:38:48-0600] Traceroute test started at 2024-11-02 19:38:48.656 MDT
[2024-11-02T19:38:59-0600] Waiting for 19.002 s to reach end time
[2024-11-02T19:39:18-0600] Saved traceroute test to /data/data/com.termux/files/home/storage/shared/bos_la_2024_trip/att/20241102/193311073/traceroute_193848687.out
[2024-11-02T19:39:18-0600] Traceroute summary (min/avg/max/mdev) 
[2024-11-02T19:39:18-0600] Traceroute test finished at 2024-11-02 19:39:18.731 MDT, duration: 30.075 s
[2024-11-02T19:39:18-0600] -------------------------------
[2024-11-02T19:39:18-0600] All tests completed, cleaning up...
[2024-11-02T19:39:18-0600] -------------------------------
[2024-11-02T19:40:55-0600] [measurement] Load environment variables from prod.env file
[2024-11-02T19:40:55-0600] Starting a network measurement, please choose a server
[2024-11-02T19:40:55-0600] 0) West Cloud: 54.176.53.206
[2024-11-02T19:40:55-0600] 1) East Cloud: 54.197.223.49
[2024-11-02T19:41:08-0600] Enter your choice (0-1): Testing att, server 0 (ip: 54.176.53.206, nuttcp_port: 5102, iperf_port: 5002)
[2024-11-02T19:41:08-0600] -------------------------------
[2024-11-02T19:41:08-0600] tcp downlink test started at 2024-11-02 19:41:08.959 MDT
[2024-11-02T19:41:09-0600] Testing tcp downlink with 54.176.53.206:5102, interval 0.5 s, duration 120 s, timeout 121 s...
[2024-11-02T19:43:10-0600] Current time exceeds end time, skipping wait
[2024-11-02T19:43:10-0600] Saved tcp downlink test to /data/data/com.termux/files/home/storage/shared/bos_la_2024_trip/att/20241102/194108941/tcp_downlink_194108988.out
[2024-11-02T19:43:10-0600] DL AVG TPUT: 
[2024-11-02T19:43:10-0600] tcp downlink test finished at 2024-11-02 19:43:10.089 MDT, duration: 121.130 s
[2024-11-02T19:43:10-0600] -------------------------------
[2024-11-02T19:43:10-0600] Waiting for 2 s...
[2024-11-02T19:43:12-0600] -------------------------------
[2024-11-02T19:43:12-0600] Starting 5G booster for 5 s...
[2024-11-02T19:43:12-0600] 5G booster started at 2024-11-02 19:43:12.214 MDT
[2024-11-02T19:43:12-0600] server aborted connection
[2024-11-02T19:43:12-0600] Waiting for 5.649 s to reach end time
[2024-11-02T19:43:18-0600] Saved TCP DL results to /data/data/com.termux/files/home/storage/shared/bos_la_2024_trip/att/20241102/194108941/tcp_downlink_194312242.out
[2024-11-02T19:43:18-0600] [CAUTION] EMPTY LOG!
[2024-11-02T19:43:18-0600] 5G booster finished at 2024-11-02 19:43:18.304 MDT, duration: 6.090 s
[2024-11-02T19:43:18-0600] -------------------------------
[2024-11-02T19:43:18-0600] Waiting for 2 s...
[2024-11-02T19:43:20-0600] -------------------------------
[2024-11-02T19:43:20-0600] tcp uplink test started at 2024-11-02 19:43:20.413 MDT
[2024-11-02T19:43:20-0600] testing tcp uplink with 54.176.53.206:5102, interval 0.5, duration 120, timeout 121 ...
[2024-11-02T19:45:21-0600] Current time exceeds end time, skipping wait
[2024-11-02T19:45:21-0600] Saved uplink test to /data/data/com.termux/files/home/storage/shared/bos_la_2024_trip/att/20241102/194108941/tcp_uplink_194320441.out
[2024-11-02T19:45:21-0600] UL AVG TPUT: 
[2024-11-02T19:45:21-0600] tcp uplink test finished at 2024-11-02 19:45:21.558 MDT, duration: 121.145 s
[2024-11-02T19:45:21-0600] -------------------------------
[2024-11-02T19:45:21-0600] Waiting for 2 s...
[2024-11-02T19:45:23-0600] -------------------------------
[2024-11-02T19:45:23-0600] Starting 5G booster for 5 s...
[2024-11-02T19:45:23-0600] 5G booster started at 2024-11-02 19:45:23.696 MDT
[2024-11-02T19:45:29-0600] Current time exceeds end time, skipping wait
[2024-11-02T19:45:29-0600] Saved TCP DL results to /data/data/com.termux/files/home/storage/shared/bos_la_2024_trip/att/20241102/194108941/tcp_downlink_194523725.out
[2024-11-02T19:45:29-0600] DL AVG TPUT: 
[2024-11-02T19:45:29-0600] 5G booster finished at 2024-11-02 19:45:29.794 MDT, duration: 6.098 s
[2024-11-02T19:45:29-0600] -------------------------------
[2024-11-02T19:45:29-0600] Waiting for 2 s...
[2024-11-02T19:45:31-0600] -------------------------------
[2024-11-02T19:45:31-0600] ICMP Ping test started at 2024-11-02 19:45:31.911 MDT
[2024-11-02T19:46:02-0600] Waiting for .865 s to reach end time
[2024-11-02T19:46:02-0600] Saved ping test to /data/data/com.termux/files/home/storage/shared/bos_la_2024_trip/att/20241102/194108941/icmp_ping_194531961.out
[2024-11-02T19:46:03-0600] Ping summary (min/avg/max/mdev) = 73.284/78.377/169.758/9.086 ms
[2024-11-02T19:46:03-0600] Ping test finished at 2024-11-02 19:46:02.987 MDT, duration: 31.076 s
[2024-11-02T19:46:03-0600] -------------------------------
[2024-11-02T19:46:03-0600] Waiting for 2 s...
[2024-11-02T19:46:05-0600] -------------------------------
[2024-11-02T19:46:05-0600] Starting 5G booster for 5 s...
[2024-11-02T19:46:05-0600] 5G booster started at 2024-11-02 19:46:05.093 MDT
[2024-11-02T19:46:11-0600] Current time exceeds end time, skipping wait
[2024-11-02T19:46:11-0600] Saved TCP DL results to /data/data/com.termux/files/home/storage/shared/bos_la_2024_trip/att/20241102/194108941/tcp_downlink_194605144.out
[2024-11-02T19:46:11-0600] DL AVG TPUT: 
[2024-11-02T19:46:11-0600] 5G booster finished at 2024-11-02 19:46:11.215 MDT, duration: 6.122 s
[2024-11-02T19:46:11-0600] -------------------------------
[2024-11-02T19:46:11-0600] Waiting for 2 s...
[2024-11-02T19:46:13-0600] -------------------------------
[2024-11-02T19:46:13-0600] TCP Ping test started at 2024-11-02 19:46:13.346 MDT
[2024-11-02T19:46:44-0600] Current time exceeds end time, skipping wait
[2024-11-02T19:46:44-0600] Saved TCP Ping test to /data/data/com.termux/files/home/storage/shared/bos_la_2024_trip/att/20241102/194108941/tcp_ping_194613374.out
[2024-11-02T19:46:44-0600] TCP Ping summary (min/avg/max/mdev) 
[2024-11-02T19:46:44-0600] TCP Ping test finished at 2024-11-02 19:46:44.458 MDT, duration: 31.112 s
[2024-11-02T19:46:44-0600] -------------------------------
[2024-11-02T19:46:44-0600] Waiting for 2 s...
[2024-11-02T19:46:46-0600] -------------------------------
[2024-11-02T19:46:46-0600] Traceroute test started at 2024-11-02 19:46:46.581 MDT
[2024-11-02T19:46:57-0600] Waiting for 18.743 s to reach end time
[2024-11-02T19:47:16-0600] Saved traceroute test to /data/data/com.termux/files/home/storage/shared/bos_la_2024_trip/att/20241102/194108941/traceroute_194646633.out
[2024-11-02T19:47:16-0600] Traceroute summary (min/avg/max/mdev) 
[2024-11-02T19:47:16-0600] Traceroute test finished at 2024-11-02 19:47:16.655 MDT, duration: 30.074 s
[2024-11-02T19:47:16-0600] -------------------------------
[2024-11-02T19:47:16-0600] All tests completed, cleaning up...
[2024-11-02T19:47:16-0600] -------------------------------
[2024-11-02T19:48:26-0600] [measurement] Load environment variables from prod.env file
[2024-11-02T19:48:26-0600] Starting a network measurement, please choose a server
[2024-11-02T19:48:26-0600] 0) West Cloud: 54.176.53.206
[2024-11-02T19:48:26-0600] 1) East Cloud: 54.197.223.49
[2024-11-02T19:48:39-0600] Enter your choice (0-1): Testing att, server 0 (ip: 54.176.53.206, nuttcp_port: 5102, iperf_port: 5002)
[2024-11-02T19:48:39-0600] -------------------------------
[2024-11-02T19:48:39-0600] tcp downlink test started at 2024-11-02 19:48:39.549 MDT
[2024-11-02T19:48:39-0600] Testing tcp downlink with 54.176.53.206:5102, interval 0.5 s, duration 120 s, timeout 121 s...
[2024-11-02T19:50:40-0600] Current time exceeds end time, skipping wait
[2024-11-02T19:50:40-0600] Saved tcp downlink test to /data/data/com.termux/files/home/storage/shared/bos_la_2024_trip/att/20241102/194839527/tcp_downlink_194839572.out
[2024-11-02T19:50:40-0600] DL AVG TPUT: 
[2024-11-02T19:50:40-0600] tcp downlink test finished at 2024-11-02 19:50:40.644 MDT, duration: 121.095 s
[2024-11-02T19:50:40-0600] -------------------------------
[2024-11-02T19:50:40-0600] Waiting for 2 s...
[2024-11-02T19:50:42-0600] -------------------------------
[2024-11-02T19:50:42-0600] Starting 5G booster for 5 s...
[2024-11-02T19:50:42-0600] 5G booster started at 2024-11-02 19:50:42.767 MDT
[2024-11-02T19:50:43-0600] server aborted connection
[2024-11-02T19:50:43-0600] Waiting for 5.473 s to reach end time
[2024-11-02T19:50:48-0600] Saved TCP DL results to /data/data/com.termux/files/home/storage/shared/bos_la_2024_trip/att/20241102/194839527/tcp_downlink_195042793.out
[2024-11-02T19:50:48-0600] [CAUTION] EMPTY LOG!
[2024-11-02T19:50:48-0600] 5G booster finished at 2024-11-02 19:50:48.855 MDT, duration: 6.088 s
[2024-11-02T19:50:48-0600] -------------------------------
[2024-11-02T19:50:48-0600] Waiting for 2 s...
[2024-11-02T19:50:50-0600] -------------------------------
[2024-11-02T19:50:51-0600] tcp uplink test started at 2024-11-02 19:50:50.990 MDT
[2024-11-02T19:50:51-0600] testing tcp uplink with 54.176.53.206:5102, interval 0.5, duration 120, timeout 121 ...
[2024-11-02T19:50:51-0600] server aborted connection
[2024-11-02T19:50:51-0600] Waiting for 120.697 s to reach end time
[2024-11-02T19:52:52-0600] Saved uplink test to /data/data/com.termux/files/home/storage/shared/bos_la_2024_trip/att/20241102/194839527/tcp_uplink_195051018.out
[2024-11-02T19:52:52-0600] [CAUTION] EMPTY LOG!
[2024-11-02T19:52:52-0600] tcp uplink test finished at 2024-11-02 19:52:52.080 MDT, duration: 121.090 s
[2024-11-02T19:52:52-0600] -------------------------------
[2024-11-02T19:52:52-0600] Waiting for 2 s...
[2024-11-02T19:52:54-0600] -------------------------------
[2024-11-02T19:52:54-0600] Starting 5G booster for 5 s...
[2024-11-02T19:52:54-0600] 5G booster started at 2024-11-02 19:52:54.183 MDT
[2024-11-02T19:53:00-0600] Current time exceeds end time, skipping wait
[2024-11-02T19:53:00-0600] Saved TCP DL results to /data/data/com.termux/files/home/storage/shared/bos_la_2024_trip/att/20241102/194839527/tcp_downlink_195254236.out
[2024-11-02T19:53:00-0600] DL AVG TPUT: 
[2024-11-02T19:53:00-0600] 5G booster finished at 2024-11-02 19:53:00.307 MDT, duration: 6.124 s
[2024-11-02T19:53:00-0600] -------------------------------
[2024-11-02T19:53:00-0600] Waiting for 2 s...
[2024-11-02T19:53:02-0600] -------------------------------
[2024-11-02T19:53:02-0600] ICMP Ping test started at 2024-11-02 19:53:02.438 MDT
[2024-11-02T19:53:32-0600] Waiting for .877 s to reach end time
[2024-11-02T19:53:33-0600] Saved ping test to /data/data/com.termux/files/home/storage/shared/bos_la_2024_trip/att/20241102/194839527/icmp_ping_195302488.out
[2024-11-02T19:53:33-0600] Ping summary (min/avg/max/mdev) = 66.152/117.138/1609.553/213.808 ms
[2024-11-02T19:53:33-0600] Ping test finished at 2024-11-02 19:53:33.523 MDT, duration: 31.085 s
[2024-11-02T19:53:33-0600] -------------------------------
[2024-11-02T19:53:33-0600] Waiting for 2 s...
[2024-11-02T19:53:35-0600] -------------------------------
[2024-11-02T19:53:35-0600] Starting 5G booster for 5 s...
[2024-11-02T19:53:35-0600] 5G booster started at 2024-11-02 19:53:35.664 MDT
[2024-11-02T19:53:35-0600] server aborted connection
[2024-11-02T19:53:36-0600] Waiting for 5.644 s to reach end time
[2024-11-02T19:53:41-0600] Saved TCP DL results to /data/data/com.termux/files/home/storage/shared/bos_la_2024_trip/att/20241102/194839527/tcp_downlink_195335688.out
[2024-11-02T19:53:41-0600] [CAUTION] EMPTY LOG!
[2024-11-02T19:53:41-0600] 5G booster finished at 2024-11-02 19:53:41.742 MDT, duration: 6.078 s
[2024-11-02T19:53:41-0600] -------------------------------
[2024-11-02T19:53:41-0600] Waiting for 2 s...
[2024-11-02T19:53:43-0600] -------------------------------
[2024-11-02T19:53:43-0600] TCP Ping test started at 2024-11-02 19:53:43.839 MDT
[2024-11-02T19:54:14-0600] Current time exceeds end time, skipping wait
[2024-11-02T19:54:14-0600] Saved TCP Ping test to /data/data/com.termux/files/home/storage/shared/bos_la_2024_trip/att/20241102/194839527/tcp_ping_195343865.out
[2024-11-02T19:54:15-0600] TCP Ping summary (min/avg/max/mdev) 
[2024-11-02T19:54:15-0600] TCP Ping test finished at 2024-11-02 19:54:14.976 MDT, duration: 31.137 s
[2024-11-02T19:54:15-0600] -------------------------------
[2024-11-02T19:54:15-0600] Waiting for 2 s...
[2024-11-02T19:54:17-0600] -------------------------------
[2024-11-02T19:54:17-0600] Traceroute test started at 2024-11-02 19:54:17.069 MDT
[2024-11-02T19:54:28-0600] Waiting for 18.732 s to reach end time
[2024-11-02T19:54:47-0600] Saved traceroute test to /data/data/com.termux/files/home/storage/shared/bos_la_2024_trip/att/20241102/194839527/traceroute_195417092.out
[2024-11-02T19:54:47-0600] Traceroute summary (min/avg/max/mdev) 
[2024-11-02T19:54:47-0600] Traceroute test finished at 2024-11-02 19:54:47.160 MDT, duration: 30.091 s
[2024-11-02T19:54:47-0600] -------------------------------
[2024-11-02T19:54:47-0600] All tests completed, cleaning up...
[2024-11-02T19:54:47-0600] -------------------------------
[2024-11-02T19:55:49-0600] [measurement] Load environment variables from prod.env file
[2024-11-02T19:55:49-0600] Starting a network measurement, please choose a server
[2024-11-02T19:55:49-0600] 0) West Cloud: 54.176.53.206
[2024-11-02T19:55:49-0600] 1) East Cloud: 54.197.223.49
[2024-11-02T19:56:04-0600] Enter your choice (0-1): Testing att, server 0 (ip: 54.176.53.206, nuttcp_port: 5102, iperf_port: 5002)
[2024-11-02T19:56:04-0600] -------------------------------
[2024-11-02T19:56:04-0600] tcp downlink test started at 2024-11-02 19:56:04.552 MDT
[2024-11-02T19:56:04-0600] Testing tcp downlink with 54.176.53.206:5102, interval 0.5 s, duration 120 s, timeout 121 s...
[2024-11-02T19:56:05-0600] server aborted connection
[2024-11-02T19:56:05-0600] Waiting for 120.419 s to reach end time
[2024-11-02T19:58:05-0600] Saved tcp downlink test to /data/data/com.termux/files/home/storage/shared/bos_la_2024_trip/att/20241102/195604522/tcp_downlink_195604599.out
[2024-11-02T19:58:05-0600] [CAUTION] EMPTY LOG!
[2024-11-02T19:58:05-0600] tcp downlink test finished at 2024-11-02 19:58:05.628 MDT, duration: 121.076 s
[2024-11-02T19:58:05-0600] -------------------------------
[2024-11-02T19:58:05-0600] Waiting for 2 s...
[2024-11-02T19:58:07-0600] -------------------------------
[2024-11-02T19:58:07-0600] Starting 5G booster for 5 s...
[2024-11-02T19:58:07-0600] 5G booster started at 2024-11-02 19:58:07.715 MDT
[2024-11-02T19:58:13-0600] Current time exceeds end time, skipping wait
[2024-11-02T19:58:13-0600] Saved TCP DL results to /data/data/com.termux/files/home/storage/shared/bos_la_2024_trip/att/20241102/195604522/tcp_downlink_195807738.out
[2024-11-02T19:58:13-0600] DL AVG TPUT: 
[2024-11-02T19:58:13-0600] 5G booster finished at 2024-11-02 19:58:13.807 MDT, duration: 6.092 s
[2024-11-02T19:58:13-0600] -------------------------------
[2024-11-02T19:58:13-0600] Waiting for 2 s...
[2024-11-02T19:58:15-0600] -------------------------------
[2024-11-02T19:58:15-0600] tcp uplink test started at 2024-11-02 19:58:15.908 MDT
[2024-11-02T19:58:15-0600] testing tcp uplink with 54.176.53.206:5102, interval 0.5, duration 120, timeout 121 ...
[2024-11-02T19:58:16-0600] server aborted connection
[2024-11-02T19:58:16-0600] Waiting for 120.394 s to reach end time
[2024-11-02T20:00:16-0600] Saved uplink test to /data/data/com.termux/files/home/storage/shared/bos_la_2024_trip/att/20241102/195604522/tcp_uplink_195815957.out
[2024-11-02T20:00:16-0600] [CAUTION] EMPTY LOG!
[2024-11-02T20:00:17-0600] tcp uplink test finished at 2024-11-02 20:00:16.979 MDT, duration: 121.071 s
[2024-11-02T20:00:17-0600] -------------------------------
[2024-11-02T20:00:17-0600] Waiting for 2 s...
[2024-11-02T20:00:19-0600] -------------------------------
[2024-11-02T20:00:19-0600] Starting 5G booster for 5 s...
[2024-11-02T20:00:19-0600] 5G booster started at 2024-11-02 20:00:19.062 MDT
[2024-11-02T20:00:19-0600] server aborted connection
[2024-11-02T20:00:19-0600] Waiting for 5.489 s to reach end time
[2024-11-02T20:00:25-0600] Saved TCP DL results to /data/data/com.termux/files/home/storage/shared/bos_la_2024_trip/att/20241102/195604522/tcp_downlink_200019089.out
[2024-11-02T20:00:25-0600] [CAUTION] EMPTY LOG!
[2024-11-02T20:00:25-0600] 5G booster finished at 2024-11-02 20:00:25.153 MDT, duration: 6.091 s
[2024-11-02T20:00:25-0600] -------------------------------
[2024-11-02T20:00:25-0600] Waiting for 2 s...
[2024-11-02T20:00:27-0600] -------------------------------
[2024-11-02T20:00:27-0600] ICMP Ping test started at 2024-11-02 20:00:27.247 MDT
[2024-11-02T20:00:57-0600] Waiting for .908 s to reach end time
[2024-11-02T20:00:58-0600] Saved ping test to /data/data/com.termux/files/home/storage/shared/bos_la_2024_trip/att/20241102/195604522/icmp_ping_200027271.out
[2024-11-02T20:00:58-0600] Ping summary (min/avg/max/mdev) = 76.234/118.482/630.298/72.549 ms
[2024-11-02T20:00:58-0600] Ping test finished at 2024-11-02 20:00:58.319 MDT, duration: 31.072 s
[2024-11-02T20:00:58-0600] -------------------------------
[2024-11-02T20:00:58-0600] Waiting for 2 s...
[2024-11-02T20:01:00-0600] -------------------------------
[2024-11-02T20:01:00-0600] Starting 5G booster for 5 s...
[2024-11-02T20:01:00-0600] 5G booster started at 2024-11-02 20:01:00.437 MDT
[2024-11-02T20:01:06-0600] Current time exceeds end time, skipping wait
[2024-11-02T20:01:06-0600] Saved TCP DL results to /data/data/com.termux/files/home/storage/shared/bos_la_2024_trip/att/20241102/195604522/tcp_downlink_200100467.out
[2024-11-02T20:01:06-0600] DL AVG TPUT: 
[2024-11-02T20:01:06-0600] 5G booster finished at 2024-11-02 20:01:06.564 MDT, duration: 6.127 s
[2024-11-02T20:01:06-0600] -------------------------------
[2024-11-02T20:01:06-0600] Waiting for 2 s...
[2024-11-02T20:01:08-0600] -------------------------------
[2024-11-02T20:01:08-0600] TCP Ping test started at 2024-11-02 20:01:08.662 MDT
[2024-11-02T20:01:39-0600] Current time exceeds end time, skipping wait
[2024-11-02T20:01:39-0600] Saved TCP Ping test to /data/data/com.termux/files/home/storage/shared/bos_la_2024_trip/att/20241102/195604522/tcp_ping_200108713.out
[2024-11-02T20:01:39-0600] TCP Ping summary (min/avg/max/mdev) 
[2024-11-02T20:01:39-0600] TCP Ping test finished at 2024-11-02 20:01:39.815 MDT, duration: 31.153 s
[2024-11-02T20:01:39-0600] -------------------------------
[2024-11-02T20:01:39-0600] Waiting for 2 s...
[2024-11-02T20:01:41-0600] -------------------------------
[2024-11-02T20:01:41-0600] Traceroute test started at 2024-11-02 20:01:41.948 MDT
[2024-11-02T20:01:53-0600] Waiting for 18.202 s to reach end time
[2024-11-02T20:02:12-0600] Saved traceroute test to /data/data/com.termux/files/home/storage/shared/bos_la_2024_trip/att/20241102/195604522/traceroute_200141976.out
[2024-11-02T20:02:12-0600] Traceroute summary (min/avg/max/mdev) 
[2024-11-02T20:02:12-0600] Traceroute test finished at 2024-11-02 20:02:12.031 MDT, duration: 30.083 s
[2024-11-02T20:02:12-0600] -------------------------------
[2024-11-02T20:02:12-0600] All tests completed, cleaning up...
[2024-11-02T20:02:12-0600] -------------------------------
[2024-11-02T20:02:58-0600] [measurement] Load environment variables from prod.env file
[2024-11-02T20:02:58-0600] Starting a network measurement, please choose a server
[2024-11-02T20:02:58-0600] 0) West Cloud: 54.176.53.206
[2024-11-02T20:02:58-0600] 1) East Cloud: 54.197.223.49
[2024-11-02T20:03:10-0600] Enter your choice (0-1): Testing att, server 0 (ip: 54.176.53.206, nuttcp_port: 5102, iperf_port: 5002)
[2024-11-02T20:03:10-0600] -------------------------------
[2024-11-02T20:03:10-0600] tcp downlink test started at 2024-11-02 20:03:10.901 MDT
[2024-11-02T20:03:10-0600] Testing tcp downlink with 54.176.53.206:5102, interval 0.5 s, duration 120 s, timeout 121 s...
[2024-11-02T20:05:11-0600] Current time exceeds end time, skipping wait
[2024-11-02T20:05:12-0600] Saved tcp downlink test to /data/data/com.termux/files/home/storage/shared/bos_la_2024_trip/att/20241102/200310858/tcp_downlink_200310927.out
[2024-11-02T20:05:12-0600] DL AVG TPUT: 
[2024-11-02T20:05:12-0600] tcp downlink test finished at 2024-11-02 20:05:11.997 MDT, duration: 121.096 s
[2024-11-02T20:05:12-0600] -------------------------------
[2024-11-02T20:05:12-0600] Waiting for 2 s...
[2024-11-02T20:05:14-0600] -------------------------------
[2024-11-02T20:05:14-0600] Starting 5G booster for 5 s...
[2024-11-02T20:05:14-0600] 5G booster started at 2024-11-02 20:05:14.104 MDT
[2024-11-02T20:05:14-0600] server aborted connection
[2024-11-02T20:05:14-0600] Waiting for 5.393 s to reach end time
[2024-11-02T20:05:20-0600] Saved TCP DL results to /data/data/com.termux/files/home/storage/shared/bos_la_2024_trip/att/20241102/200310858/tcp_downlink_200514132.out
[2024-11-02T20:05:20-0600] [CAUTION] EMPTY LOG!
[2024-11-02T20:05:20-0600] 5G booster finished at 2024-11-02 20:05:20.208 MDT, duration: 6.104 s
[2024-11-02T20:05:20-0600] -------------------------------
[2024-11-02T20:05:20-0600] Waiting for 2 s...
[2024-11-02T20:05:22-0600] -------------------------------
[2024-11-02T20:05:22-0600] tcp uplink test started at 2024-11-02 20:05:22.346 MDT
[2024-11-02T20:05:22-0600] testing tcp uplink with 54.176.53.206:5102, interval 0.5, duration 120, timeout 121 ...
[2024-11-02T20:07:23-0600] Current time exceeds end time, skipping wait
[2024-11-02T20:07:23-0600] Saved uplink test to /data/data/com.termux/files/home/storage/shared/bos_la_2024_trip/att/20241102/200310858/tcp_uplink_200522388.out
[2024-11-02T20:07:23-0600] UL AVG TPUT: 
[2024-11-02T20:07:23-0600] tcp uplink test finished at 2024-11-02 20:07:23.485 MDT, duration: 121.139 s
[2024-11-02T20:07:23-0600] -------------------------------
[2024-11-02T20:07:23-0600] Waiting for 2 s...
[2024-11-02T20:07:25-0600] -------------------------------
[2024-11-02T20:07:25-0600] Starting 5G booster for 5 s...
[2024-11-02T20:07:25-0600] 5G booster started at 2024-11-02 20:07:25.614 MDT
[2024-11-02T20:07:26-0600] server aborted connection
[2024-11-02T20:07:26-0600] Waiting for 5.557 s to reach end time
[2024-11-02T20:07:31-0600] Saved TCP DL results to /data/data/com.termux/files/home/storage/shared/bos_la_2024_trip/att/20241102/200310858/tcp_downlink_200725665.out
[2024-11-02T20:07:31-0600] [CAUTION] EMPTY LOG!
[2024-11-02T20:07:31-0600] 5G booster finished at 2024-11-02 20:07:31.701 MDT, duration: 6.087 s
[2024-11-02T20:07:31-0600] -------------------------------
[2024-11-02T20:07:31-0600] Waiting for 2 s...
[2024-11-02T20:07:33-0600] -------------------------------
[2024-11-02T20:07:33-0600] ICMP Ping test started at 2024-11-02 20:07:33.785 MDT
[2024-11-02T20:08:03-0600] Waiting for .908 s to reach end time
[2024-11-02T20:08:04-0600] Saved ping test to /data/data/com.termux/files/home/storage/shared/bos_la_2024_trip/att/20241102/200310858/icmp_ping_200733807.out
[2024-11-02T20:08:04-0600] Ping summary (min/avg/max/mdev) = 72.768/78.230/104.664/4.496 ms
[2024-11-02T20:08:04-0600] Ping test finished at 2024-11-02 20:08:04.870 MDT, duration: 31.085 s
[2024-11-02T20:08:04-0600] -------------------------------
[2024-11-02T20:08:04-0600] Waiting for 2 s...
[2024-11-02T20:08:06-0600] -------------------------------
[2024-11-02T20:08:06-0600] Starting 5G booster for 5 s...
[2024-11-02T20:08:06-0600] 5G booster started at 2024-11-02 20:08:06.960 MDT
[2024-11-02T20:08:07-0600] server aborted connection
[2024-11-02T20:08:07-0600] Waiting for 5.617 s to reach end time
[2024-11-02T20:08:13-0600] Saved TCP DL results to /data/data/com.termux/files/home/storage/shared/bos_la_2024_trip/att/20241102/200310858/tcp_downlink_200806984.out
[2024-11-02T20:08:13-0600] [CAUTION] EMPTY LOG!
[2024-11-02T20:08:13-0600] 5G booster finished at 2024-11-02 20:08:13.064 MDT, duration: 6.104 s
[2024-11-02T20:08:13-0600] -------------------------------
[2024-11-02T20:08:13-0600] Waiting for 2 s...
[2024-11-02T20:08:15-0600] -------------------------------
[2024-11-02T20:08:15-0600] TCP Ping test started at 2024-11-02 20:08:15.166 MDT
[2024-11-02T20:08:46-0600] Current time exceeds end time, skipping wait
[2024-11-02T20:08:46-0600] Saved TCP Ping test to /data/data/com.termux/files/home/storage/shared/bos_la_2024_trip/att/20241102/200310858/tcp_ping_200815216.out
[2024-11-02T20:08:46-0600] TCP Ping summary (min/avg/max/mdev) 
[2024-11-02T20:08:46-0600] TCP Ping test finished at 2024-11-02 20:08:46.318 MDT, duration: 31.152 s
[2024-11-02T20:08:46-0600] -------------------------------
[2024-11-02T20:08:46-0600] Waiting for 2 s...
[2024-11-02T20:08:48-0600] -------------------------------
[2024-11-02T20:08:48-0600] Traceroute test started at 2024-11-02 20:08:48.439 MDT
[2024-11-02T20:08:59-0600] Waiting for 18.750 s to reach end time
[2024-11-02T20:09:18-0600] Saved traceroute test to /data/data/com.termux/files/home/storage/shared/bos_la_2024_trip/att/20241102/200310858/traceroute_200848466.out
[2024-11-02T20:09:18-0600] Traceroute summary (min/avg/max/mdev) 
[2024-11-02T20:09:18-0600] Traceroute test finished at 2024-11-02 20:09:18.511 MDT, duration: 30.072 s
[2024-11-02T20:09:18-0600] -------------------------------
[2024-11-02T20:09:18-0600] All tests completed, cleaning up...
[2024-11-02T20:09:18-0600] -------------------------------
[2024-11-02T21:32:13-0600] [measurement] Load environment variables from prod.env file
[2024-11-02T21:32:13-0600] Starting a network measurement, please choose a server
[2024-11-02T21:32:13-0600] 0) West Cloud: 54.176.53.206
[2024-11-02T21:32:13-0600] 1) East Cloud: 54.197.223.49
[2024-11-02T21:32:27-0600] Enter your choice (0-1): Testing att, server 0 (ip: 54.176.53.206, nuttcp_port: 5102, iperf_port: 5002)
[2024-11-02T21:32:27-0600] -------------------------------
[2024-11-02T21:32:27-0600] tcp downlink test started at 2024-11-02 21:32:27.498 MDT
[2024-11-02T21:32:27-0600] Testing tcp downlink with 54.176.53.206:5102, interval 0.5 s, duration 120 s, timeout 121 s...
[2024-11-02T21:34:28-0600] Current time exceeds end time, skipping wait
[2024-11-02T21:34:28-0600] Saved tcp downlink test to /data/data/com.termux/files/home/storage/shared/bos_la_2024_trip/att/20241102/213227466/tcp_downlink_213227557.out
[2024-11-02T21:34:28-0600] DL AVG TPUT: 
[2024-11-02T21:34:28-0600] tcp downlink test finished at 2024-11-02 21:34:28.711 MDT, duration: 121.213 s
[2024-11-02T21:34:28-0600] -------------------------------
[2024-11-02T21:34:28-0600] Waiting for 2 s...
[2024-11-02T21:34:30-0600] -------------------------------
[2024-11-02T21:34:30-0600] Starting 5G booster for 5 s...
[2024-11-02T21:34:30-0600] 5G booster started at 2024-11-02 21:34:30.820 MDT
[2024-11-02T21:34:36-0600] Current time exceeds end time, skipping wait
[2024-11-02T21:34:36-0600] Saved TCP DL results to /data/data/com.termux/files/home/storage/shared/bos_la_2024_trip/att/20241102/213227466/tcp_downlink_213430847.out
[2024-11-02T21:34:36-0600] [CAUTION] EMPTY LOG!
[2024-11-02T21:34:36-0600] 5G booster finished at 2024-11-02 21:34:36.939 MDT, duration: 6.119 s
[2024-11-02T21:34:36-0600] -------------------------------
[2024-11-02T21:34:36-0600] Waiting for 2 s...
[2024-11-02T21:34:39-0600] -------------------------------
[2024-11-02T21:34:39-0600] tcp uplink test started at 2024-11-02 21:34:39.038 MDT
[2024-11-02T21:34:39-0600] testing tcp uplink with 54.176.53.206:5102, interval 0.5, duration 120, timeout 121 ...
[2024-11-02T21:36:40-0600] Current time exceeds end time, skipping wait
[2024-11-02T21:36:40-0600] Saved uplink test to /data/data/com.termux/files/home/storage/shared/bos_la_2024_trip/att/20241102/213227466/tcp_uplink_213439075.out
[2024-11-02T21:36:40-0600] UL AVG TPUT: 
[2024-11-02T21:36:40-0600] tcp uplink test finished at 2024-11-02 21:36:40.195 MDT, duration: 121.157 s
[2024-11-02T21:36:40-0600] -------------------------------
[2024-11-02T21:36:40-0600] Waiting for 2 s...
[2024-11-02T21:36:42-0600] -------------------------------
[2024-11-02T21:36:42-0600] Starting 5G booster for 5 s...
[2024-11-02T21:36:42-0600] 5G booster started at 2024-11-02 21:36:42.320 MDT
[2024-11-02T21:36:42-0600] server aborted connection
[2024-11-02T21:36:42-0600] Waiting for 5.679 s to reach end time
[2024-11-02T21:36:48-0600] Saved TCP DL results to /data/data/com.termux/files/home/storage/shared/bos_la_2024_trip/att/20241102/213227466/tcp_downlink_213642370.out
[2024-11-02T21:36:48-0600] [CAUTION] EMPTY LOG!
[2024-11-02T21:36:48-0600] 5G booster finished at 2024-11-02 21:36:48.407 MDT, duration: 6.087 s
[2024-11-02T21:36:48-0600] -------------------------------
[2024-11-02T21:36:48-0600] Waiting for 2 s...
[2024-11-02T21:36:50-0600] -------------------------------
[2024-11-02T21:36:50-0600] ICMP Ping test started at 2024-11-02 21:36:50.513 MDT
[2024-11-02T21:37:20-0600] Waiting for .850 s to reach end time
[2024-11-02T21:37:21-0600] Saved ping test to /data/data/com.termux/files/home/storage/shared/bos_la_2024_trip/att/20241102/213227466/icmp_ping_213650583.out
[2024-11-02T21:37:21-0600] Ping summary (min/avg/max/mdev) = 80.254/104.275/311.188/21.542 ms
[2024-11-02T21:37:21-0600] Ping test finished at 2024-11-02 21:37:21.582 MDT, duration: 31.069 s
[2024-11-02T21:37:21-0600] -------------------------------
[2024-11-02T21:37:21-0600] Waiting for 2 s...
[2024-11-02T21:37:23-0600] -------------------------------
[2024-11-02T21:37:23-0600] Starting 5G booster for 5 s...
[2024-11-02T21:37:23-0600] 5G booster started at 2024-11-02 21:37:23.704 MDT
[2024-11-02T21:37:29-0600] Current time exceeds end time, skipping wait
[2024-11-02T21:37:29-0600] Saved TCP DL results to /data/data/com.termux/files/home/storage/shared/bos_la_2024_trip/att/20241102/213227466/tcp_downlink_213723734.out
[2024-11-02T21:37:29-0600] DL AVG TPUT: 
[2024-11-02T21:37:29-0600] 5G booster finished at 2024-11-02 21:37:29.832 MDT, duration: 6.128 s
[2024-11-02T21:37:29-0600] -------------------------------
[2024-11-02T21:37:29-0600] Waiting for 2 s...
[2024-11-02T21:37:31-0600] -------------------------------
[2024-11-02T21:37:31-0600] TCP Ping test started at 2024-11-02 21:37:31.959 MDT
[2024-11-02T21:38:03-0600] Current time exceeds end time, skipping wait
[2024-11-02T21:38:03-0600] Saved TCP Ping test to /data/data/com.termux/files/home/storage/shared/bos_la_2024_trip/att/20241102/213227466/tcp_ping_213732014.out
[2024-11-02T21:38:03-0600] TCP Ping summary (min/avg/max/mdev) 
[2024-11-02T21:38:03-0600] TCP Ping test finished at 2024-11-02 21:38:03.118 MDT, duration: 31.159 s
[2024-11-02T21:38:03-0600] -------------------------------
[2024-11-02T21:38:03-0600] Waiting for 2 s...
[2024-11-02T21:38:05-0600] -------------------------------
[2024-11-02T21:38:05-0600] Traceroute test started at 2024-11-02 21:38:05.242 MDT
[2024-11-02T21:38:16-0600] Waiting for 19.028 s to reach end time
[2024-11-02T21:38:35-0600] Saved traceroute test to /data/data/com.termux/files/home/storage/shared/bos_la_2024_trip/att/20241102/213227466/traceroute_213805270.out
[2024-11-02T21:38:35-0600] Traceroute summary (min/avg/max/mdev) 
[2024-11-02T21:38:35-0600] Traceroute test finished at 2024-11-02 21:38:35.322 MDT, duration: 30.080 s
[2024-11-02T21:38:35-0600] -------------------------------
[2024-11-02T21:38:35-0600] All tests completed, cleaning up...
[2024-11-02T21:38:35-0600] -------------------------------
[2024-11-02T21:39:16-0600] [measurement] Load environment variables from prod.env file
[2024-11-02T21:39:16-0600] Starting a network measurement, please choose a server
[2024-11-02T21:39:16-0600] 0) West Cloud: 54.176.53.206
[2024-11-02T21:39:16-0600] 1) East Cloud: 54.197.223.49
[2024-11-02T21:39:42-0600] Enter your choice (0-1): Testing att, server 0 (ip: 54.176.53.206, nuttcp_port: 5102, iperf_port: 5002)
[2024-11-02T21:39:42-0600] -------------------------------
[2024-11-02T21:39:42-0600] tcp downlink test started at 2024-11-02 21:39:42.476 MDT
[2024-11-02T21:39:42-0600] Testing tcp downlink with 54.176.53.206:5102, interval 0.5 s, duration 120 s, timeout 121 s...
[2024-11-02T21:41:43-0600] Current time exceeds end time, skipping wait
[2024-11-02T21:41:43-0600] Saved tcp downlink test to /data/data/com.termux/files/home/storage/shared/bos_la_2024_trip/att/20241102/213942459/tcp_downlink_213942497.out
[2024-11-02T21:41:43-0600] DL AVG TPUT: 
[2024-11-02T21:41:43-0600] tcp downlink test finished at 2024-11-02 21:41:43.593 MDT, duration: 121.117 s
[2024-11-02T21:41:43-0600] -------------------------------
[2024-11-02T21:41:43-0600] Waiting for 2 s...
[2024-11-02T21:41:45-0600] -------------------------------
[2024-11-02T21:41:45-0600] Starting 5G booster for 5 s...
[2024-11-02T21:41:45-0600] 5G booster started at 2024-11-02 21:41:45.744 MDT
[2024-11-02T21:41:51-0600] Current time exceeds end time, skipping wait
[2024-11-02T21:41:51-0600] Saved TCP DL results to /data/data/com.termux/files/home/storage/shared/bos_la_2024_trip/att/20241102/213942459/tcp_downlink_214145775.out
[2024-11-02T21:41:51-0600] DL AVG TPUT: 
[2024-11-02T21:41:51-0600] 5G booster finished at 2024-11-02 21:41:51.895 MDT, duration: 6.151 s
[2024-11-02T21:41:51-0600] -------------------------------
[2024-11-02T21:41:51-0600] Waiting for 2 s...
[2024-11-02T21:41:53-0600] -------------------------------
[2024-11-02T21:41:54-0600] tcp uplink test started at 2024-11-02 21:41:53.983 MDT
[2024-11-02T21:41:54-0600] testing tcp uplink with 54.176.53.206:5102, interval 0.5, duration 120, timeout 121 ...
[2024-11-02T21:43:55-0600] Current time exceeds end time, skipping wait
[2024-11-02T21:43:55-0600] Saved uplink test to /data/data/com.termux/files/home/storage/shared/bos_la_2024_trip/att/20241102/213942459/tcp_uplink_214154009.out
[2024-11-02T21:43:55-0600] UL AVG TPUT: 
[2024-11-02T21:43:55-0600] tcp uplink test finished at 2024-11-02 21:43:55.103 MDT, duration: 121.120 s
[2024-11-02T21:43:55-0600] -------------------------------
[2024-11-02T21:43:55-0600] Waiting for 2 s...
[2024-11-02T21:43:57-0600] -------------------------------
[2024-11-02T21:43:57-0600] Starting 5G booster for 5 s...
[2024-11-02T21:43:57-0600] 5G booster started at 2024-11-02 21:43:57.229 MDT
[2024-11-02T21:44:03-0600] Current time exceeds end time, skipping wait
[2024-11-02T21:44:03-0600] Saved TCP DL results to /data/data/com.termux/files/home/storage/shared/bos_la_2024_trip/att/20241102/213942459/tcp_downlink_214357258.out
[2024-11-02T21:44:03-0600] DL AVG TPUT: 
[2024-11-02T21:44:03-0600] 5G booster finished at 2024-11-02 21:44:03.382 MDT, duration: 6.153 s
[2024-11-02T21:44:03-0600] -------------------------------
[2024-11-02T21:44:03-0600] Waiting for 2 s...
[2024-11-02T21:44:05-0600] -------------------------------
[2024-11-02T21:44:05-0600] ICMP Ping test started at 2024-11-02 21:44:05.473 MDT
[2024-11-02T21:44:35-0600] Waiting for .868 s to reach end time
[2024-11-02T21:44:36-0600] Saved ping test to /data/data/com.termux/files/home/storage/shared/bos_la_2024_trip/att/20241102/213942459/icmp_ping_214405527.out
[2024-11-02T21:44:36-0600] Ping summary (min/avg/max/mdev) = 70.513/76.201/187.144/12.845 ms
[2024-11-02T21:44:36-0600] Ping test finished at 2024-11-02 21:44:36.543 MDT, duration: 31.070 s
[2024-11-02T21:44:36-0600] -------------------------------
[2024-11-02T21:44:36-0600] Waiting for 2 s...
[2024-11-02T21:44:38-0600] -------------------------------
[2024-11-02T21:44:38-0600] Starting 5G booster for 5 s...
[2024-11-02T21:44:38-0600] 5G booster started at 2024-11-02 21:44:38.661 MDT
[2024-11-02T21:44:44-0600] Current time exceeds end time, skipping wait
[2024-11-02T21:44:44-0600] Saved TCP DL results to /data/data/com.termux/files/home/storage/shared/bos_la_2024_trip/att/20241102/213942459/tcp_downlink_214438715.out
[2024-11-02T21:44:44-0600] DL AVG TPUT: 
[2024-11-02T21:44:44-0600] 5G booster finished at 2024-11-02 21:44:44.802 MDT, duration: 6.141 s
[2024-11-02T21:44:44-0600] -------------------------------
[2024-11-02T21:44:44-0600] Waiting for 2 s...
[2024-11-02T21:44:46-0600] -------------------------------
[2024-11-02T21:44:46-0600] TCP Ping test started at 2024-11-02 21:44:46.898 MDT
[2024-11-02T21:45:18-0600] Current time exceeds end time, skipping wait
[2024-11-02T21:45:18-0600] Saved TCP Ping test to /data/data/com.termux/files/home/storage/shared/bos_la_2024_trip/att/20241102/213942459/tcp_ping_214446957.out
[2024-11-02T21:45:18-0600] TCP Ping summary (min/avg/max/mdev) 
[2024-11-02T21:45:18-0600] TCP Ping test finished at 2024-11-02 21:45:18.050 MDT, duration: 31.152 s
[2024-11-02T21:45:18-0600] -------------------------------
[2024-11-02T21:45:18-0600] Waiting for 2 s...
[2024-11-02T21:45:20-0600] -------------------------------
[2024-11-02T21:45:20-0600] Traceroute test started at 2024-11-02 21:45:20.205 MDT
[2024-11-02T21:45:31-0600] Waiting for 19.014 s to reach end time
[2024-11-02T21:45:50-0600] Saved traceroute test to /data/data/com.termux/files/home/storage/shared/bos_la_2024_trip/att/20241102/213942459/traceroute_214520231.out
[2024-11-02T21:45:50-0600] Traceroute summary (min/avg/max/mdev) 
[2024-11-02T21:45:50-0600] Traceroute test finished at 2024-11-02 21:45:50.300 MDT, duration: 30.095 s
[2024-11-02T21:45:50-0600] -------------------------------
[2024-11-02T21:45:50-0600] All tests completed, cleaning up...
[2024-11-02T21:45:50-0600] -------------------------------
[2024-11-02T21:46:47-0600] [measurement] Load environment variables from prod.env file
[2024-11-02T21:46:47-0600] Starting a network measurement, please choose a server
[2024-11-02T21:46:47-0600] 0) West Cloud: 54.176.53.206
[2024-11-02T21:46:47-0600] 1) East Cloud: 54.197.223.49
[2024-11-02T21:47:00-0600] Enter your choice (0-1): Testing att, server 0 (ip: 54.176.53.206, nuttcp_port: 5102, iperf_port: 5002)
[2024-11-02T21:47:00-0600] -------------------------------
[2024-11-02T21:47:00-0600] tcp downlink test started at 2024-11-02 21:47:00.718 MDT
[2024-11-02T21:47:00-0600] Testing tcp downlink with 54.176.53.206:5102, interval 0.5 s, duration 120 s, timeout 121 s...
[2024-11-02T21:47:01-0600] server aborted connection
[2024-11-02T21:47:01-0600] Waiting for 120.700 s to reach end time
[2024-11-02T21:49:01-0600] Saved tcp downlink test to /data/data/com.termux/files/home/storage/shared/bos_la_2024_trip/att/20241102/214700692/tcp_downlink_214700753.out
[2024-11-02T21:49:01-0600] [CAUTION] EMPTY LOG!
[2024-11-02T21:49:01-0600] tcp downlink test finished at 2024-11-02 21:49:01.797 MDT, duration: 121.079 s
[2024-11-02T21:49:01-0600] -------------------------------
[2024-11-02T21:49:01-0600] Waiting for 2 s...
[2024-11-02T21:49:03-0600] -------------------------------
[2024-11-02T21:49:03-0600] Starting 5G booster for 5 s...
[2024-11-02T21:49:03-0600] 5G booster started at 2024-11-02 21:49:03.902 MDT
[2024-11-02T21:49:04-0600] server aborted connection
[2024-11-02T21:49:04-0600] Waiting for 5.476 s to reach end time
[2024-11-02T21:49:09-0600] Saved TCP DL results to /data/data/com.termux/files/home/storage/shared/bos_la_2024_trip/att/20241102/214700692/tcp_downlink_214903954.out
[2024-11-02T21:49:10-0600] [CAUTION] EMPTY LOG!
[2024-11-02T21:49:10-0600] 5G booster finished at 2024-11-02 21:49:09.984 MDT, duration: 6.082 s
[2024-11-02T21:49:10-0600] -------------------------------
[2024-11-02T21:49:10-0600] Waiting for 2 s...
[2024-11-02T21:49:12-0600] -------------------------------
[2024-11-02T21:49:12-0600] tcp uplink test started at 2024-11-02 21:49:12.114 MDT
[2024-11-02T21:49:12-0600] testing tcp uplink with 54.176.53.206:5102, interval 0.5, duration 120, timeout 121 ...
[2024-11-02T21:49:12-0600] server aborted connection
[2024-11-02T21:49:12-0600] Waiting for 120.655 s to reach end time
[2024-11-02T21:51:13-0600] Saved uplink test to /data/data/com.termux/files/home/storage/shared/bos_la_2024_trip/att/20241102/214700692/tcp_uplink_214912140.out
[2024-11-02T21:51:13-0600] [CAUTION] EMPTY LOG!
[2024-11-02T21:51:13-0600] tcp uplink test finished at 2024-11-02 21:51:13.208 MDT, duration: 121.094 s
[2024-11-02T21:51:13-0600] -------------------------------
[2024-11-02T21:51:13-0600] Waiting for 2 s...
[2024-11-02T21:51:15-0600] -------------------------------
[2024-11-02T21:51:15-0600] Starting 5G booster for 5 s...
[2024-11-02T21:51:15-0600] 5G booster started at 2024-11-02 21:51:15.304 MDT
[2024-11-02T21:51:15-0600] server aborted connection
[2024-11-02T21:51:15-0600] Waiting for 5.444 s to reach end time
[2024-11-02T21:51:21-0600] Saved TCP DL results to /data/data/com.termux/files/home/storage/shared/bos_la_2024_trip/att/20241102/214700692/tcp_downlink_215115329.out
[2024-11-02T21:51:21-0600] [CAUTION] EMPTY LOG!
[2024-11-02T21:51:21-0600] 5G booster finished at 2024-11-02 21:51:21.382 MDT, duration: 6.078 s
[2024-11-02T21:51:21-0600] -------------------------------
[2024-11-02T21:51:21-0600] Waiting for 2 s...
[2024-11-02T21:51:23-0600] -------------------------------
[2024-11-02T21:51:23-0600] ICMP Ping test started at 2024-11-02 21:51:23.489 MDT
[2024-11-02T21:51:53-0600] Waiting for .899 s to reach end time
[2024-11-02T21:51:54-0600] Saved ping test to /data/data/com.termux/files/home/storage/shared/bos_la_2024_trip/att/20241102/214700692/icmp_ping_215123518.out
[2024-11-02T21:51:54-0600] Ping summary (min/avg/max/mdev) = 80.438/107.842/138.287/11.969 ms
[2024-11-02T21:51:54-0600] Ping test finished at 2024-11-02 21:51:54.545 MDT, duration: 31.056 s
[2024-11-02T21:51:54-0600] -------------------------------
[2024-11-02T21:51:54-0600] Waiting for 2 s...
[2024-11-02T21:51:56-0600] -------------------------------
[2024-11-02T21:51:56-0600] Starting 5G booster for 5 s...
[2024-11-02T21:51:56-0600] 5G booster started at 2024-11-02 21:51:56.635 MDT
[2024-11-02T21:52:02-0600] Current time exceeds end time, skipping wait
[2024-11-02T21:52:02-0600] Saved TCP DL results to /data/data/com.termux/files/home/storage/shared/bos_la_2024_trip/att/20241102/214700692/tcp_downlink_215156661.out
[2024-11-02T21:52:02-0600] DL AVG TPUT: 
[2024-11-02T21:52:02-0600] 5G booster finished at 2024-11-02 21:52:02.738 MDT, duration: 6.103 s
[2024-11-02T21:52:02-0600] -------------------------------
[2024-11-02T21:52:02-0600] Waiting for 2 s...
[2024-11-02T21:52:04-0600] -------------------------------
[2024-11-02T21:52:04-0600] TCP Ping test started at 2024-11-02 21:52:04.868 MDT
[2024-11-02T21:52:35-0600] Current time exceeds end time, skipping wait
[2024-11-02T21:52:35-0600] Saved TCP Ping test to /data/data/com.termux/files/home/storage/shared/bos_la_2024_trip/att/20241102/214700692/tcp_ping_215204896.out
[2024-11-02T21:52:35-0600] TCP Ping summary (min/avg/max/mdev) 
[2024-11-02T21:52:36-0600] TCP Ping test finished at 2024-11-02 21:52:35.964 MDT, duration: 31.096 s
[2024-11-02T21:52:36-0600] -------------------------------
[2024-11-02T21:52:36-0600] Waiting for 2 s...
[2024-11-02T21:52:38-0600] -------------------------------
[2024-11-02T21:52:38-0600] Traceroute test started at 2024-11-02 21:52:38.055 MDT
[2024-11-02T21:52:49-0600] Waiting for 18.625 s to reach end time
[2024-11-02T21:53:08-0600] Saved traceroute test to /data/data/com.termux/files/home/storage/shared/bos_la_2024_trip/att/20241102/214700692/traceroute_215238079.out
[2024-11-02T21:53:08-0600] Traceroute summary (min/avg/max/mdev) 
[2024-11-02T21:53:08-0600] Traceroute test finished at 2024-11-02 21:53:08.141 MDT, duration: 30.086 s
[2024-11-02T21:53:08-0600] -------------------------------
[2024-11-02T21:53:08-0600] All tests completed, cleaning up...
[2024-11-02T21:53:08-0600] -------------------------------
