[2024-11-08T10:45:13-0500] [measurement] Load environment variables from prod.env file
[2024-11-08T10:45:13-0500] [measurement] Load operator-specific env from verizon.env file
[2024-11-08T10:45:13-0500] Starting a network measurement, please choose a server
[2024-11-08T10:45:13-0500] 0) West Cloud: 54.176.53.206
[2024-11-08T10:45:13-0500] 1) East Cloud: 54.197.223.49
[2024-11-08T10:45:13-0500] 2) Los Angeles Wavelength: 161.188.33.234
[2024-11-08T10:45:13-0500] 3) Las Vegas Wavelength: 155.146.118.158
[2024-11-08T10:45:13-0500] 4) Denver Wavelength: 155.146.144.24
[2024-11-08T10:45:13-0500] 5) Chicago Wavelength: 155.146.180.31
[2024-11-08T10:45:13-0500] 6) Boston Wavelength: 155.146.11.34
[2024-11-08T10:45:21-0500] Enter your choice (0-6): Testing verizon, server 1 (ip: 54.197.223.49, nuttcp_port: 5101, iperf_port: 5001)
[2024-11-08T10:45:21-0500] -------------------------------
[2024-11-08T10:45:21-0500] tcp downlink test started at 2024-11-08 10:45:21.201 EST
[2024-11-08T10:45:21-0500] Testing tcp downlink with 54.197.223.49:5101, interval 0.5 s, duration 120 s, timeout 121 s...
[2024-11-08T10:47:22-0500] Current time exceeds end time, skipping wait
[2024-11-08T10:47:22-0500] Saved tcp downlink test to /data/data/com.termux/files/home/storage/shared/bos_la_2024_trip/verizon/20241108/104521183/tcp_downlink_104521229.out
[2024-11-08T10:47:22-0500] DL AVG TPUT: 
[2024-11-08T10:47:22-0500] tcp downlink test finished at 2024-11-08 10:47:22.337 EST, duration: 121.136 s
[2024-11-08T10:47:22-0500] -------------------------------
[2024-11-08T10:47:22-0500] Waiting for 2 s...
[2024-11-08T10:47:24-0500] -------------------------------
[2024-11-08T10:47:24-0500] Starting 5G booster for 5 s...
[2024-11-08T10:47:24-0500] 5G booster started at 2024-11-08 10:47:24.473 EST
[2024-11-08T10:47:30-0500] Current time exceeds end time, skipping wait
[2024-11-08T10:47:30-0500] Saved TCP DL results to /data/data/com.termux/files/home/storage/shared/bos_la_2024_trip/verizon/20241108/104521183/tcp_downlink_104724500.out
[2024-11-08T10:47:30-0500] DL AVG TPUT: 
[2024-11-08T10:47:30-0500] 5G booster finished at 2024-11-08 10:47:30.653 EST, duration: 6.180 s
[2024-11-08T10:47:30-0500] -------------------------------
[2024-11-08T10:47:30-0500] Waiting for 2 s...
[2024-11-08T10:47:32-0500] -------------------------------
[2024-11-08T10:47:32-0500] tcp uplink test started at 2024-11-08 10:47:32.797 EST
[2024-11-08T10:47:32-0500] testing tcp uplink with 54.197.223.49:5101, interval 0.5, duration 120, timeout 121 ...
[2024-11-08T10:49:33-0500] Current time exceeds end time, skipping wait
[2024-11-08T10:49:33-0500] Saved uplink test to /data/data/com.termux/files/home/storage/shared/bos_la_2024_trip/verizon/20241108/104521183/tcp_uplink_104732820.out
[2024-11-08T10:49:33-0500] UL AVG TPUT: 
[2024-11-08T10:49:33-0500] tcp uplink test finished at 2024-11-08 10:49:33.903 EST, duration: 121.106 s
[2024-11-08T10:49:33-0500] -------------------------------
[2024-11-08T10:49:33-0500] Waiting for 2 s...
[2024-11-08T10:49:35-0500] -------------------------------
[2024-11-08T10:49:35-0500] Starting 5G booster for 5 s...
[2024-11-08T10:49:36-0500] 5G booster started at 2024-11-08 10:49:36.020 EST
[2024-11-08T10:49:42-0500] Current time exceeds end time, skipping wait
[2024-11-08T10:49:42-0500] Saved TCP DL results to /data/data/com.termux/files/home/storage/shared/bos_la_2024_trip/verizon/20241108/104521183/tcp_downlink_104936050.out
[2024-11-08T10:49:42-0500] DL AVG TPUT: 
[2024-11-08T10:49:42-0500] 5G booster finished at 2024-11-08 10:49:42.182 EST, duration: 6.162 s
[2024-11-08T10:49:42-0500] -------------------------------
[2024-11-08T10:49:42-0500] Waiting for 2 s...
[2024-11-08T10:49:44-0500] -------------------------------
[2024-11-08T10:49:44-0500] ICMP Ping test started at 2024-11-08 10:49:44.302 EST
[2024-11-08T10:50:14-0500] Waiting for .868 s to reach end time
[2024-11-08T10:50:15-0500] Saved ping test to /data/data/com.termux/files/home/storage/shared/bos_la_2024_trip/verizon/20241108/104521183/icmp_ping_104944356.out
[2024-11-08T10:50:15-0500] Ping summary (min/avg/max/mdev) = 27.511/48.983/357.782/30.999 ms
[2024-11-08T10:50:15-0500] Ping test finished at 2024-11-08 10:50:15.447 EST, duration: 31.145 s
[2024-11-08T10:50:15-0500] -------------------------------
[2024-11-08T10:50:15-0500] Waiting for 2 s...
[2024-11-08T10:50:17-0500] -------------------------------
[2024-11-08T10:50:17-0500] Starting 5G booster for 5 s...
[2024-11-08T10:50:17-0500] 5G booster started at 2024-11-08 10:50:17.569 EST
[2024-11-08T10:50:23-0500] Current time exceeds end time, skipping wait
[2024-11-08T10:50:23-0500] Saved TCP DL results to /data/data/com.termux/files/home/storage/shared/bos_la_2024_trip/verizon/20241108/104521183/tcp_downlink_105017635.out
[2024-11-08T10:50:23-0500] DL AVG TPUT: 
[2024-11-08T10:50:23-0500] 5G booster finished at 2024-11-08 10:50:23.727 EST, duration: 6.158 s
[2024-11-08T10:50:23-0500] -------------------------------
[2024-11-08T10:50:23-0500] Waiting for 2 s...
[2024-11-08T10:50:25-0500] -------------------------------
[2024-11-08T10:50:25-0500] TCP Ping test started at 2024-11-08 10:50:25.855 EST
[2024-11-08T10:50:57-0500] Current time exceeds end time, skipping wait
[2024-11-08T10:50:57-0500] Saved TCP Ping test to /data/data/com.termux/files/home/storage/shared/bos_la_2024_trip/verizon/20241108/104521183/tcp_ping_105025912.out
[2024-11-08T10:50:57-0500] TCP Ping summary (min/avg/max/mdev) 
[2024-11-08T10:50:57-0500] TCP Ping test finished at 2024-11-08 10:50:57.042 EST, duration: 31.187 s
[2024-11-08T10:50:57-0500] -------------------------------
[2024-11-08T10:50:57-0500] Waiting for 2 s...
[2024-11-08T10:50:59-0500] -------------------------------
[2024-11-08T10:50:59-0500] Traceroute test started at 2024-11-08 10:50:59.144 EST
[2024-11-08T10:51:03-0500] Waiting for 25.695 s to reach end time
[2024-11-08T10:51:29-0500] Saved traceroute test to /data/data/com.termux/files/home/storage/shared/bos_la_2024_trip/verizon/20241108/104521183/traceroute_105059167.out
[2024-11-08T10:51:29-0500] Traceroute summary (min/avg/max/mdev) 
[2024-11-08T10:51:29-0500] Traceroute test finished at 2024-11-08 10:51:29.253 EST, duration: 30.109 s
[2024-11-08T10:51:29-0500] -------------------------------
[2024-11-08T10:51:29-0500] All tests completed, cleaning up...
[2024-11-08T10:51:29-0500] -------------------------------
[2024-11-08T10:51:59-0500] [measurement] Load environment variables from prod.env file
[2024-11-08T10:51:59-0500] [measurement] Load operator-specific env from verizon.env file
[2024-11-08T10:51:59-0500] Starting a network measurement, please choose a server
[2024-11-08T10:51:59-0500] 0) West Cloud: 54.176.53.206
[2024-11-08T10:51:59-0500] 1) East Cloud: 54.197.223.49
[2024-11-08T10:51:59-0500] 2) Los Angeles Wavelength: 161.188.33.234
[2024-11-08T10:51:59-0500] 3) Las Vegas Wavelength: 155.146.118.158
[2024-11-08T10:51:59-0500] 4) Denver Wavelength: 155.146.144.24
[2024-11-08T10:51:59-0500] 5) Chicago Wavelength: 155.146.180.31
[2024-11-08T10:51:59-0500] 6) Boston Wavelength: 155.146.11.34
[2024-11-08T10:52:09-0500] Enter your choice (0-6): Testing verizon, server 1 (ip: 54.197.223.49, nuttcp_port: 5101, iperf_port: 5001)
[2024-11-08T10:52:09-0500] -------------------------------
[2024-11-08T10:52:09-0500] tcp downlink test started at 2024-11-08 10:52:09.820 EST
[2024-11-08T10:52:09-0500] Testing tcp downlink with 54.197.223.49:5101, interval 0.5 s, duration 120 s, timeout 121 s...
[2024-11-08T10:54:10-0500] Current time exceeds end time, skipping wait
[2024-11-08T10:54:10-0500] Saved tcp downlink test to /data/data/com.termux/files/home/storage/shared/bos_la_2024_trip/verizon/20241108/105209795/tcp_downlink_105209842.out
[2024-11-08T10:54:11-0500] DL AVG TPUT: 
[2024-11-08T10:54:11-0500] tcp downlink test finished at 2024-11-08 10:54:10.971 EST, duration: 121.151 s
[2024-11-08T10:54:11-0500] -------------------------------
[2024-11-08T10:54:11-0500] Waiting for 2 s...
[2024-11-08T10:54:13-0500] -------------------------------
[2024-11-08T10:54:13-0500] Starting 5G booster for 5 s...
[2024-11-08T10:54:13-0500] 5G booster started at 2024-11-08 10:54:13.108 EST
[2024-11-08T10:54:19-0500] Current time exceeds end time, skipping wait
[2024-11-08T10:54:19-0500] Saved TCP DL results to /data/data/com.termux/files/home/storage/shared/bos_la_2024_trip/verizon/20241108/105209795/tcp_downlink_105413153.out
[2024-11-08T10:54:19-0500] DL AVG TPUT: 
[2024-11-08T10:54:19-0500] 5G booster finished at 2024-11-08 10:54:19.272 EST, duration: 6.164 s
[2024-11-08T10:54:19-0500] -------------------------------
[2024-11-08T10:54:19-0500] Waiting for 2 s...
[2024-11-08T10:54:21-0500] -------------------------------
[2024-11-08T10:54:21-0500] tcp uplink test started at 2024-11-08 10:54:21.358 EST
[2024-11-08T10:54:21-0500] testing tcp uplink with 54.197.223.49:5101, interval 0.5, duration 120, timeout 121 ...
[2024-11-08T10:56:22-0500] Current time exceeds end time, skipping wait
[2024-11-08T10:56:22-0500] Saved uplink test to /data/data/com.termux/files/home/storage/shared/bos_la_2024_trip/verizon/20241108/105209795/tcp_uplink_105421410.out
[2024-11-08T10:56:22-0500] UL AVG TPUT: 56.2348 Mbps
[2024-11-08T10:56:22-0500] tcp uplink test finished at 2024-11-08 10:56:22.408 EST, duration: 121.050 s
[2024-11-08T10:56:22-0500] -------------------------------
[2024-11-08T10:56:22-0500] Waiting for 2 s...
[2024-11-08T10:56:24-0500] -------------------------------
[2024-11-08T10:56:24-0500] Starting 5G booster for 5 s...
[2024-11-08T10:56:24-0500] 5G booster started at 2024-11-08 10:56:24.553 EST
[2024-11-08T10:56:30-0500] Current time exceeds end time, skipping wait
[2024-11-08T10:56:30-0500] Saved TCP DL results to /data/data/com.termux/files/home/storage/shared/bos_la_2024_trip/verizon/20241108/105209795/tcp_downlink_105624589.out
[2024-11-08T10:56:30-0500] DL AVG TPUT: 
[2024-11-08T10:56:30-0500] 5G booster finished at 2024-11-08 10:56:30.703 EST, duration: 6.150 s
[2024-11-08T10:56:30-0500] -------------------------------
[2024-11-08T10:56:30-0500] Waiting for 2 s...
[2024-11-08T10:56:32-0500] -------------------------------
[2024-11-08T10:56:32-0500] ICMP Ping test started at 2024-11-08 10:56:32.807 EST
[2024-11-08T10:57:03-0500] Waiting for .869 s to reach end time
[2024-11-08T10:57:03-0500] Saved ping test to /data/data/com.termux/files/home/storage/shared/bos_la_2024_trip/verizon/20241108/105209795/icmp_ping_105632839.out
[2024-11-08T10:57:03-0500] Ping summary (min/avg/max/mdev) = 27.005/38.677/132.872/12.728 ms
[2024-11-08T10:57:03-0500] Ping test finished at 2024-11-08 10:57:03.895 EST, duration: 31.088 s
[2024-11-08T10:57:03-0500] -------------------------------
[2024-11-08T10:57:03-0500] Waiting for 2 s...
[2024-11-08T10:57:05-0500] -------------------------------
[2024-11-08T10:57:05-0500] Starting 5G booster for 5 s...
[2024-11-08T10:57:06-0500] 5G booster started at 2024-11-08 10:57:06.002 EST
[2024-11-08T10:57:12-0500] Current time exceeds end time, skipping wait
[2024-11-08T10:57:12-0500] Saved TCP DL results to /data/data/com.termux/files/home/storage/shared/bos_la_2024_trip/verizon/20241108/105209795/tcp_downlink_105706027.out
[2024-11-08T10:57:12-0500] DL AVG TPUT: 
[2024-11-08T10:57:12-0500] 5G booster finished at 2024-11-08 10:57:12.134 EST, duration: 6.132 s
[2024-11-08T10:57:12-0500] -------------------------------
[2024-11-08T10:57:12-0500] Waiting for 2 s...
[2024-11-08T10:57:14-0500] -------------------------------
[2024-11-08T10:57:14-0500] TCP Ping test started at 2024-11-08 10:57:14.295 EST
[2024-11-08T10:57:45-0500] Current time exceeds end time, skipping wait
[2024-11-08T10:57:45-0500] Saved TCP Ping test to /data/data/com.termux/files/home/storage/shared/bos_la_2024_trip/verizon/20241108/105209795/tcp_ping_105714326.out
[2024-11-08T10:57:45-0500] TCP Ping summary (min/avg/max/mdev) 
[2024-11-08T10:57:45-0500] TCP Ping test finished at 2024-11-08 10:57:45.458 EST, duration: 31.163 s
[2024-11-08T10:57:45-0500] -------------------------------
[2024-11-08T10:57:45-0500] Waiting for 2 s...
[2024-11-08T10:57:47-0500] -------------------------------
[2024-11-08T10:57:47-0500] Traceroute test started at 2024-11-08 10:57:47.594 EST
[2024-11-08T10:57:48-0500] Waiting for 28.680 s to reach end time
[2024-11-08T10:58:17-0500] Saved traceroute test to /data/data/com.termux/files/home/storage/shared/bos_la_2024_trip/verizon/20241108/105209795/traceroute_105747629.out
[2024-11-08T10:58:17-0500] Traceroute summary (min/avg/max/mdev) 
[2024-11-08T10:58:17-0500] Traceroute test finished at 2024-11-08 10:58:17.695 EST, duration: 30.101 s
[2024-11-08T10:58:17-0500] -------------------------------
[2024-11-08T10:58:17-0500] All tests completed, cleaning up...
[2024-11-08T10:58:17-0500] -------------------------------
[2024-11-08T10:58:50-0500] [measurement] Load environment variables from prod.env file
[2024-11-08T10:58:50-0500] [measurement] Load operator-specific env from verizon.env file
[2024-11-08T10:58:50-0500] Starting a network measurement, please choose a server
[2024-11-08T10:58:50-0500] 0) West Cloud: 54.176.53.206
[2024-11-08T10:58:50-0500] 1) East Cloud: 54.197.223.49
[2024-11-08T10:58:50-0500] 2) Los Angeles Wavelength: 161.188.33.234
[2024-11-08T10:58:50-0500] 3) Las Vegas Wavelength: 155.146.118.158
[2024-11-08T10:58:50-0500] 4) Denver Wavelength: 155.146.144.24
[2024-11-08T10:58:50-0500] 5) Chicago Wavelength: 155.146.180.31
[2024-11-08T10:58:50-0500] 6) Boston Wavelength: 155.146.11.34
[2024-11-08T10:58:53-0500] Enter your choice (0-6): Testing verizon, server 1 (ip: 54.197.223.49, nuttcp_port: 5101, iperf_port: 5001)
[2024-11-08T10:58:53-0500] -------------------------------
[2024-11-08T10:58:53-0500] tcp downlink test started at 2024-11-08 10:58:53.272 EST
[2024-11-08T10:58:53-0500] Testing tcp downlink with 54.197.223.49:5101, interval 0.5 s, duration 120 s, timeout 121 s...
[2024-11-08T11:00:54-0500] Current time exceeds end time, skipping wait
[2024-11-08T11:00:54-0500] Saved tcp downlink test to /data/data/com.termux/files/home/storage/shared/bos_la_2024_trip/verizon/20241108/105853251/tcp_downlink_105853301.out
[2024-11-08T11:00:54-0500] DL AVG TPUT: 
[2024-11-08T11:00:54-0500] tcp downlink test finished at 2024-11-08 11:00:54.381 EST, duration: 121.109 s
[2024-11-08T11:00:54-0500] -------------------------------
[2024-11-08T11:00:54-0500] Waiting for 2 s...
[2024-11-08T11:00:56-0500] -------------------------------
[2024-11-08T11:00:56-0500] Starting 5G booster for 5 s...
[2024-11-08T11:00:56-0500] 5G booster started at 2024-11-08 11:00:56.516 EST
[2024-11-08T11:01:02-0500] Current time exceeds end time, skipping wait
[2024-11-08T11:01:02-0500] Saved TCP DL results to /data/data/com.termux/files/home/storage/shared/bos_la_2024_trip/verizon/20241108/105853251/tcp_downlink_110056546.out
[2024-11-08T11:01:02-0500] DL AVG TPUT: 
[2024-11-08T11:01:02-0500] 5G booster finished at 2024-11-08 11:01:02.627 EST, duration: 6.111 s
[2024-11-08T11:01:02-0500] -------------------------------
[2024-11-08T11:01:02-0500] Waiting for 2 s...
[2024-11-08T11:01:04-0500] -------------------------------
[2024-11-08T11:01:04-0500] tcp uplink test started at 2024-11-08 11:01:04.769 EST
[2024-11-08T11:01:04-0500] testing tcp uplink with 54.197.223.49:5101, interval 0.5, duration 120, timeout 121 ...
[2024-11-08T11:03:05-0500] Waiting for .166 s to reach end time
[2024-11-08T11:03:05-0500] Saved uplink test to /data/data/com.termux/files/home/storage/shared/bos_la_2024_trip/verizon/20241108/105853251/tcp_uplink_110104816.out
[2024-11-08T11:03:05-0500] UL AVG TPUT: 117.8035 Mbps
[2024-11-08T11:03:05-0500] tcp uplink test finished at 2024-11-08 11:03:05.863 EST, duration: 121.094 s
[2024-11-08T11:03:05-0500] -------------------------------
[2024-11-08T11:03:05-0500] Waiting for 2 s...
[2024-11-08T11:03:07-0500] -------------------------------
[2024-11-08T11:03:07-0500] Starting 5G booster for 5 s...
[2024-11-08T11:03:08-0500] 5G booster started at 2024-11-08 11:03:07.993 EST
[2024-11-08T11:03:14-0500] Current time exceeds end time, skipping wait
[2024-11-08T11:03:14-0500] Saved TCP DL results to /data/data/com.termux/files/home/storage/shared/bos_la_2024_trip/verizon/20241108/105853251/tcp_downlink_110308023.out
[2024-11-08T11:03:14-0500] DL AVG TPUT: 
[2024-11-08T11:03:14-0500] 5G booster finished at 2024-11-08 11:03:14.125 EST, duration: 6.132 s
[2024-11-08T11:03:14-0500] -------------------------------
[2024-11-08T11:03:14-0500] Waiting for 2 s...
[2024-11-08T11:03:16-0500] -------------------------------
[2024-11-08T11:03:16-0500] ICMP Ping test started at 2024-11-08 11:03:16.235 EST
[2024-11-08T11:03:46-0500] Waiting for .896 s to reach end time
[2024-11-08T11:03:47-0500] Saved ping test to /data/data/com.termux/files/home/storage/shared/bos_la_2024_trip/verizon/20241108/105853251/icmp_ping_110316259.out
[2024-11-08T11:03:47-0500] Ping summary (min/avg/max/mdev) = 27.809/38.907/136.625/8.710 ms
[2024-11-08T11:03:47-0500] Ping test finished at 2024-11-08 11:03:47.336 EST, duration: 31.101 s
[2024-11-08T11:03:47-0500] -------------------------------
[2024-11-08T11:03:47-0500] Waiting for 2 s...
[2024-11-08T11:03:49-0500] -------------------------------
[2024-11-08T11:03:49-0500] Starting 5G booster for 5 s...
[2024-11-08T11:03:49-0500] 5G booster started at 2024-11-08 11:03:49.451 EST
[2024-11-08T11:03:55-0500] Current time exceeds end time, skipping wait
[2024-11-08T11:03:55-0500] Saved TCP DL results to /data/data/com.termux/files/home/storage/shared/bos_la_2024_trip/verizon/20241108/105853251/tcp_downlink_110349491.out
[2024-11-08T11:03:55-0500] DL AVG TPUT: 
[2024-11-08T11:03:55-0500] 5G booster finished at 2024-11-08 11:03:55.597 EST, duration: 6.146 s
[2024-11-08T11:03:55-0500] -------------------------------
[2024-11-08T11:03:55-0500] Waiting for 2 s...
[2024-11-08T11:03:57-0500] -------------------------------
[2024-11-08T11:03:57-0500] TCP Ping test started at 2024-11-08 11:03:57.744 EST
[2024-11-08T11:04:28-0500] Current time exceeds end time, skipping wait
[2024-11-08T11:04:28-0500] Saved TCP Ping test to /data/data/com.termux/files/home/storage/shared/bos_la_2024_trip/verizon/20241108/105853251/tcp_ping_110357830.out
[2024-11-08T11:04:28-0500] TCP Ping summary (min/avg/max/mdev) 
[2024-11-08T11:04:29-0500] TCP Ping test finished at 2024-11-08 11:04:28.961 EST, duration: 31.217 s
[2024-11-08T11:04:29-0500] -------------------------------
[2024-11-08T11:04:29-0500] Waiting for 2 s...
[2024-11-08T11:04:31-0500] -------------------------------
[2024-11-08T11:04:31-0500] Traceroute test started at 2024-11-08 11:04:31.120 EST
[2024-11-08T11:04:32-0500] Waiting for 28.863 s to reach end time
[2024-11-08T11:05:01-0500] Saved traceroute test to /data/data/com.termux/files/home/storage/shared/bos_la_2024_trip/verizon/20241108/105853251/traceroute_110431198.out
[2024-11-08T11:05:01-0500] Traceroute summary (min/avg/max/mdev) 
[2024-11-08T11:05:01-0500] Traceroute test finished at 2024-11-08 11:05:01.237 EST, duration: 30.117 s
[2024-11-08T11:05:01-0500] -------------------------------
[2024-11-08T11:05:01-0500] All tests completed, cleaning up...
[2024-11-08T11:05:01-0500] -------------------------------
[2024-11-08T11:05:35-0500] [measurement] Load environment variables from prod.env file
[2024-11-08T11:05:35-0500] [measurement] Load operator-specific env from verizon.env file
[2024-11-08T11:05:35-0500] Starting a network measurement, please choose a server
[2024-11-08T11:05:35-0500] 0) West Cloud: 54.176.53.206
[2024-11-08T11:05:35-0500] 1) East Cloud: 54.197.223.49
[2024-11-08T11:05:35-0500] 2) Los Angeles Wavelength: 161.188.33.234
[2024-11-08T11:05:35-0500] 3) Las Vegas Wavelength: 155.146.118.158
[2024-11-08T11:05:35-0500] 4) Denver Wavelength: 155.146.144.24
[2024-11-08T11:05:35-0500] 5) Chicago Wavelength: 155.146.180.31
[2024-11-08T11:05:35-0500] 6) Boston Wavelength: 155.146.11.34
[2024-11-08T11:05:49-0500] Enter your choice (0-6): Testing verizon, server 1 (ip: 54.197.223.49, nuttcp_port: 5101, iperf_port: 5001)
[2024-11-08T11:05:49-0500] -------------------------------
[2024-11-08T11:05:49-0500] tcp downlink test started at 2024-11-08 11:05:49.648 EST
[2024-11-08T11:05:49-0500] Testing tcp downlink with 54.197.223.49:5101, interval 0.5 s, duration 120 s, timeout 121 s...
[2024-11-08T11:07:50-0500] Current time exceeds end time, skipping wait
[2024-11-08T11:07:50-0500] Saved tcp downlink test to /data/data/com.termux/files/home/storage/shared/bos_la_2024_trip/verizon/20241108/110549627/tcp_downlink_110549676.out
[2024-11-08T11:07:50-0500] DL AVG TPUT: 
[2024-11-08T11:07:50-0500] tcp downlink test finished at 2024-11-08 11:07:50.772 EST, duration: 121.124 s
[2024-11-08T11:07:50-0500] -------------------------------
[2024-11-08T11:07:50-0500] Waiting for 2 s...
[2024-11-08T11:07:52-0500] -------------------------------
[2024-11-08T11:07:52-0500] Starting 5G booster for 5 s...
[2024-11-08T11:07:52-0500] 5G booster started at 2024-11-08 11:07:52.898 EST
[2024-11-08T11:07:59-0500] Current time exceeds end time, skipping wait
[2024-11-08T11:07:59-0500] Saved TCP DL results to /data/data/com.termux/files/home/storage/shared/bos_la_2024_trip/verizon/20241108/110549627/tcp_downlink_110752971.out
[2024-11-08T11:07:59-0500] DL AVG TPUT: 
[2024-11-08T11:07:59-0500] 5G booster finished at 2024-11-08 11:07:59.073 EST, duration: 6.175 s
[2024-11-08T11:07:59-0500] -------------------------------
[2024-11-08T11:07:59-0500] Waiting for 2 s...
[2024-11-08T11:08:01-0500] -------------------------------
[2024-11-08T11:08:01-0500] tcp uplink test started at 2024-11-08 11:08:01.161 EST
[2024-11-08T11:08:01-0500] testing tcp uplink with 54.197.223.49:5101, interval 0.5, duration 120, timeout 121 ...
[2024-11-08T11:10:02-0500] Current time exceeds end time, skipping wait
[2024-11-08T11:10:02-0500] Saved uplink test to /data/data/com.termux/files/home/storage/shared/bos_la_2024_trip/verizon/20241108/110549627/tcp_uplink_110801185.out
[2024-11-08T11:10:02-0500] UL AVG TPUT: 
[2024-11-08T11:10:02-0500] tcp uplink test finished at 2024-11-08 11:10:02.247 EST, duration: 121.086 s
[2024-11-08T11:10:02-0500] -------------------------------
[2024-11-08T11:10:02-0500] Waiting for 2 s...
[2024-11-08T11:10:04-0500] -------------------------------
[2024-11-08T11:10:04-0500] Starting 5G booster for 5 s...
[2024-11-08T11:10:04-0500] 5G booster started at 2024-11-08 11:10:04.351 EST
[2024-11-08T11:10:10-0500] Current time exceeds end time, skipping wait
[2024-11-08T11:10:10-0500] Saved TCP DL results to /data/data/com.termux/files/home/storage/shared/bos_la_2024_trip/verizon/20241108/110549627/tcp_downlink_111004401.out
[2024-11-08T11:10:10-0500] DL AVG TPUT: 
[2024-11-08T11:10:10-0500] 5G booster finished at 2024-11-08 11:10:10.480 EST, duration: 6.129 s
[2024-11-08T11:10:10-0500] -------------------------------
[2024-11-08T11:10:10-0500] Waiting for 2 s...
[2024-11-08T11:10:12-0500] -------------------------------
[2024-11-08T11:10:12-0500] ICMP Ping test started at 2024-11-08 11:10:12.603 EST
[2024-11-08T11:10:42-0500] Waiting for .872 s to reach end time
[2024-11-08T11:10:43-0500] Saved ping test to /data/data/com.termux/files/home/storage/shared/bos_la_2024_trip/verizon/20241108/110549627/icmp_ping_111012637.out
[2024-11-08T11:10:43-0500] Ping summary (min/avg/max/mdev) = 28.311/40.333/148.423/12.744 ms
[2024-11-08T11:10:43-0500] Ping test finished at 2024-11-08 11:10:43.704 EST, duration: 31.101 s
[2024-11-08T11:10:43-0500] -------------------------------
[2024-11-08T11:10:43-0500] Waiting for 2 s...
[2024-11-08T11:10:45-0500] -------------------------------
[2024-11-08T11:10:45-0500] Starting 5G booster for 5 s...
[2024-11-08T11:10:45-0500] 5G booster started at 2024-11-08 11:10:45.827 EST
[2024-11-08T11:10:51-0500] Current time exceeds end time, skipping wait
[2024-11-08T11:10:51-0500] Saved TCP DL results to /data/data/com.termux/files/home/storage/shared/bos_la_2024_trip/verizon/20241108/110549627/tcp_downlink_111045857.out
[2024-11-08T11:10:51-0500] DL AVG TPUT: 
[2024-11-08T11:10:51-0500] 5G booster finished at 2024-11-08 11:10:51.920 EST, duration: 6.093 s
[2024-11-08T11:10:51-0500] -------------------------------
[2024-11-08T11:10:51-0500] Waiting for 2 s...
[2024-11-08T11:10:54-0500] -------------------------------
[2024-11-08T11:10:54-0500] TCP Ping test started at 2024-11-08 11:10:54.041 EST
[2024-11-08T11:11:25-0500] Current time exceeds end time, skipping wait
[2024-11-08T11:11:25-0500] Saved TCP Ping test to /data/data/com.termux/files/home/storage/shared/bos_la_2024_trip/verizon/20241108/110549627/tcp_ping_111054074.out
[2024-11-08T11:11:25-0500] TCP Ping summary (min/avg/max/mdev) 
[2024-11-08T11:11:25-0500] TCP Ping test finished at 2024-11-08 11:11:25.182 EST, duration: 31.141 s
[2024-11-08T11:11:25-0500] -------------------------------
[2024-11-08T11:11:25-0500] Waiting for 2 s...
[2024-11-08T11:11:27-0500] -------------------------------
[2024-11-08T11:11:27-0500] Traceroute test started at 2024-11-08 11:11:27.298 EST
[2024-11-08T11:11:28-0500] Waiting for 28.649 s to reach end time
[2024-11-08T11:11:57-0500] Saved traceroute test to /data/data/com.termux/files/home/storage/shared/bos_la_2024_trip/verizon/20241108/110549627/traceroute_111127361.out
[2024-11-08T11:11:57-0500] Traceroute summary (min/avg/max/mdev) 
[2024-11-08T11:11:57-0500] Traceroute test finished at 2024-11-08 11:11:57.403 EST, duration: 30.105 s
[2024-11-08T11:11:57-0500] -------------------------------
[2024-11-08T11:11:57-0500] All tests completed, cleaning up...
[2024-11-08T11:11:57-0500] -------------------------------
[2024-11-08T11:12:21-0500] [measurement] Load environment variables from prod.env file
[2024-11-08T11:12:21-0500] [measurement] Load operator-specific env from verizon.env file
[2024-11-08T11:12:21-0500] Starting a network measurement, please choose a server
[2024-11-08T11:12:21-0500] 0) West Cloud: 54.176.53.206
[2024-11-08T11:12:21-0500] 1) East Cloud: 54.197.223.49
[2024-11-08T11:12:21-0500] 2) Los Angeles Wavelength: 161.188.33.234
[2024-11-08T11:12:21-0500] 3) Las Vegas Wavelength: 155.146.118.158
[2024-11-08T11:12:21-0500] 4) Denver Wavelength: 155.146.144.24
[2024-11-08T11:12:21-0500] 5) Chicago Wavelength: 155.146.180.31
[2024-11-08T11:12:21-0500] 6) Boston Wavelength: 155.146.11.34
[2024-11-08T11:12:38-0500] Enter your choice (0-6): Testing verizon, server 1 (ip: 54.197.223.49, nuttcp_port: 5101, iperf_port: 5001)
[2024-11-08T11:12:38-0500] -------------------------------
[2024-11-08T11:12:38-0500] tcp downlink test started at 2024-11-08 11:12:38.429 EST
[2024-11-08T11:12:38-0500] Testing tcp downlink with 54.197.223.49:5101, interval 0.5 s, duration 120 s, timeout 121 s...
[2024-11-08T11:14:39-0500] Current time exceeds end time, skipping wait
[2024-11-08T11:14:39-0500] Saved tcp downlink test to /data/data/com.termux/files/home/storage/shared/bos_la_2024_trip/verizon/20241108/111238410/tcp_downlink_111238452.out
[2024-11-08T11:14:39-0500] DL AVG TPUT: 
[2024-11-08T11:14:39-0500] tcp downlink test finished at 2024-11-08 11:14:39.524 EST, duration: 121.095 s
[2024-11-08T11:14:39-0500] -------------------------------
[2024-11-08T11:14:39-0500] Waiting for 2 s...
[2024-11-08T11:14:41-0500] -------------------------------
[2024-11-08T11:14:41-0500] Starting 5G booster for 5 s...
[2024-11-08T11:14:41-0500] 5G booster started at 2024-11-08 11:14:41.656 EST
[2024-11-08T11:14:47-0500] Current time exceeds end time, skipping wait
[2024-11-08T11:14:47-0500] Saved TCP DL results to /data/data/com.termux/files/home/storage/shared/bos_la_2024_trip/verizon/20241108/111238410/tcp_downlink_111441686.out
[2024-11-08T11:14:47-0500] DL AVG TPUT: 
[2024-11-08T11:14:47-0500] 5G booster finished at 2024-11-08 11:14:47.798 EST, duration: 6.142 s
[2024-11-08T11:14:47-0500] -------------------------------
[2024-11-08T11:14:47-0500] Waiting for 2 s...
[2024-11-08T11:14:49-0500] -------------------------------
[2024-11-08T11:14:49-0500] tcp uplink test started at 2024-11-08 11:14:49.912 EST
[2024-11-08T11:14:49-0500] testing tcp uplink with 54.197.223.49:5101, interval 0.5, duration 120, timeout 121 ...
[2024-11-08T11:16:51-0500] Current time exceeds end time, skipping wait
[2024-11-08T11:16:51-0500] Saved uplink test to /data/data/com.termux/files/home/storage/shared/bos_la_2024_trip/verizon/20241108/111238410/tcp_uplink_111449946.out
[2024-11-08T11:16:51-0500] UL AVG TPUT: 
[2024-11-08T11:16:51-0500] tcp uplink test finished at 2024-11-08 11:16:51.065 EST, duration: 121.153 s
[2024-11-08T11:16:51-0500] -------------------------------
[2024-11-08T11:16:51-0500] Waiting for 2 s...
[2024-11-08T11:16:53-0500] -------------------------------
[2024-11-08T11:16:53-0500] Starting 5G booster for 5 s...
[2024-11-08T11:16:53-0500] 5G booster started at 2024-11-08 11:16:53.233 EST
[2024-11-08T11:16:59-0500] Current time exceeds end time, skipping wait
[2024-11-08T11:16:59-0500] Saved TCP DL results to /data/data/com.termux/files/home/storage/shared/bos_la_2024_trip/verizon/20241108/111238410/tcp_downlink_111653268.out
[2024-11-08T11:16:59-0500] DL AVG TPUT: 
[2024-11-08T11:16:59-0500] 5G booster finished at 2024-11-08 11:16:59.445 EST, duration: 6.212 s
[2024-11-08T11:16:59-0500] -------------------------------
[2024-11-08T11:16:59-0500] Waiting for 2 s...
[2024-11-08T11:17:01-0500] -------------------------------
[2024-11-08T11:17:01-0500] ICMP Ping test started at 2024-11-08 11:17:01.594 EST
[2024-11-08T11:17:31-0500] Waiting for .825 s to reach end time
[2024-11-08T11:17:32-0500] Saved ping test to /data/data/com.termux/files/home/storage/shared/bos_la_2024_trip/verizon/20241108/111238410/icmp_ping_111701636.out
[2024-11-08T11:17:32-0500] Ping summary (min/avg/max/mdev) = 28.894/76.949/648.901/75.254 ms
[2024-11-08T11:17:32-0500] Ping test finished at 2024-11-08 11:17:32.696 EST, duration: 31.102 s
[2024-11-08T11:17:32-0500] -------------------------------
[2024-11-08T11:17:32-0500] Waiting for 2 s...
[2024-11-08T11:17:34-0500] -------------------------------
[2024-11-08T11:17:34-0500] Starting 5G booster for 5 s...
[2024-11-08T11:17:34-0500] 5G booster started at 2024-11-08 11:17:34.836 EST
[2024-11-08T11:17:40-0500] Current time exceeds end time, skipping wait
[2024-11-08T11:17:40-0500] Saved TCP DL results to /data/data/com.termux/files/home/storage/shared/bos_la_2024_trip/verizon/20241108/111238410/tcp_downlink_111734869.out
[2024-11-08T11:17:41-0500] DL AVG TPUT: 
[2024-11-08T11:17:41-0500] 5G booster finished at 2024-11-08 11:17:40.976 EST, duration: 6.140 s
[2024-11-08T11:17:41-0500] -------------------------------
[2024-11-08T11:17:41-0500] Waiting for 2 s...
[2024-11-08T11:17:43-0500] -------------------------------
[2024-11-08T11:17:43-0500] TCP Ping test started at 2024-11-08 11:17:43.087 EST
[2024-11-08T11:18:14-0500] Current time exceeds end time, skipping wait
[2024-11-08T11:18:14-0500] Saved TCP Ping test to /data/data/com.termux/files/home/storage/shared/bos_la_2024_trip/verizon/20241108/111238410/tcp_ping_111743118.out
[2024-11-08T11:18:14-0500] TCP Ping summary (min/avg/max/mdev) 
[2024-11-08T11:18:14-0500] TCP Ping test finished at 2024-11-08 11:18:14.221 EST, duration: 31.134 s
[2024-11-08T11:18:14-0500] -------------------------------
[2024-11-08T11:18:14-0500] Waiting for 2 s...
[2024-11-08T11:18:16-0500] -------------------------------
[2024-11-08T11:18:16-0500] Traceroute test started at 2024-11-08 11:18:16.322 EST
[2024-11-08T11:18:18-0500] Waiting for 28.364 s to reach end time
[2024-11-08T11:18:46-0500] Saved traceroute test to /data/data/com.termux/files/home/storage/shared/bos_la_2024_trip/verizon/20241108/111238410/traceroute_111816370.out
[2024-11-08T11:18:46-0500] Traceroute summary (min/avg/max/mdev) 
[2024-11-08T11:18:46-0500] Traceroute test finished at 2024-11-08 11:18:46.382 EST, duration: 30.060 s
[2024-11-08T11:18:46-0500] -------------------------------
[2024-11-08T11:18:46-0500] All tests completed, cleaning up...
[2024-11-08T11:18:46-0500] -------------------------------
[2024-11-08T11:19:10-0500] [measurement] Load environment variables from prod.env file
[2024-11-08T11:19:10-0500] [measurement] Load operator-specific env from verizon.env file
[2024-11-08T11:19:10-0500] Starting a network measurement, please choose a server
[2024-11-08T11:19:10-0500] 0) West Cloud: 54.176.53.206
[2024-11-08T11:19:10-0500] 1) East Cloud: 54.197.223.49
[2024-11-08T11:19:10-0500] 2) Los Angeles Wavelength: 161.188.33.234
[2024-11-08T11:19:10-0500] 3) Las Vegas Wavelength: 155.146.118.158
[2024-11-08T11:19:10-0500] 4) Denver Wavelength: 155.146.144.24
[2024-11-08T11:19:10-0500] 5) Chicago Wavelength: 155.146.180.31
[2024-11-08T11:19:10-0500] 6) Boston Wavelength: 155.146.11.34
[2024-11-08T11:19:22-0500] Enter your choice (0-6): Testing verizon, server 1 (ip: 54.197.223.49, nuttcp_port: 5101, iperf_port: 5001)
[2024-11-08T11:19:22-0500] -------------------------------
[2024-11-08T11:19:22-0500] tcp downlink test started at 2024-11-08 11:19:22.296 EST
[2024-11-08T11:19:22-0500] Testing tcp downlink with 54.197.223.49:5101, interval 0.5 s, duration 120 s, timeout 121 s...
[2024-11-08T11:21:23-0500] Current time exceeds end time, skipping wait
[2024-11-08T11:21:23-0500] Saved tcp downlink test to /data/data/com.termux/files/home/storage/shared/bos_la_2024_trip/verizon/20241108/111922260/tcp_downlink_111922324.out
[2024-11-08T11:21:23-0500] DL AVG TPUT: 
[2024-11-08T11:21:23-0500] tcp downlink test finished at 2024-11-08 11:21:23.460 EST, duration: 121.164 s
[2024-11-08T11:21:23-0500] -------------------------------
[2024-11-08T11:21:23-0500] Waiting for 2 s...
[2024-11-08T11:21:25-0500] -------------------------------
[2024-11-08T11:21:25-0500] Starting 5G booster for 5 s...
[2024-11-08T11:21:25-0500] 5G booster started at 2024-11-08 11:21:25.626 EST
[2024-11-08T11:21:31-0500] Current time exceeds end time, skipping wait
[2024-11-08T11:21:31-0500] Saved TCP DL results to /data/data/com.termux/files/home/storage/shared/bos_la_2024_trip/verizon/20241108/111922260/tcp_downlink_112125663.out
[2024-11-08T11:21:31-0500] DL AVG TPUT: 
[2024-11-08T11:21:31-0500] 5G booster finished at 2024-11-08 11:21:31.785 EST, duration: 6.159 s
[2024-11-08T11:21:31-0500] -------------------------------
[2024-11-08T11:21:31-0500] Waiting for 2 s...
[2024-11-08T11:21:33-0500] -------------------------------
[2024-11-08T11:21:33-0500] tcp uplink test started at 2024-11-08 11:21:33.914 EST
[2024-11-08T11:21:34-0500] testing tcp uplink with 54.197.223.49:5101, interval 0.5, duration 120, timeout 121 ...
[2024-11-08T11:23:35-0500] Current time exceeds end time, skipping wait
[2024-11-08T11:23:35-0500] Saved uplink test to /data/data/com.termux/files/home/storage/shared/bos_la_2024_trip/verizon/20241108/111922260/tcp_uplink_112133989.out
[2024-11-08T11:23:35-0500] UL AVG TPUT: 
[2024-11-08T11:23:35-0500] tcp uplink test finished at 2024-11-08 11:23:35.131 EST, duration: 121.217 s
[2024-11-08T11:23:35-0500] -------------------------------
[2024-11-08T11:23:35-0500] Waiting for 2 s...
[2024-11-08T11:23:37-0500] -------------------------------
[2024-11-08T11:23:37-0500] Starting 5G booster for 5 s...
[2024-11-08T11:23:37-0500] 5G booster started at 2024-11-08 11:23:37.296 EST
[2024-11-08T11:23:43-0500] Current time exceeds end time, skipping wait
[2024-11-08T11:23:43-0500] Saved TCP DL results to /data/data/com.termux/files/home/storage/shared/bos_la_2024_trip/verizon/20241108/111922260/tcp_downlink_112337339.out
[2024-11-08T11:23:43-0500] DL AVG TPUT: 
[2024-11-08T11:23:43-0500] 5G booster finished at 2024-11-08 11:23:43.451 EST, duration: 6.155 s
[2024-11-08T11:23:43-0500] -------------------------------
[2024-11-08T11:23:43-0500] Waiting for 2 s...
[2024-11-08T11:23:45-0500] -------------------------------
[2024-11-08T11:23:45-0500] ICMP Ping test started at 2024-11-08 11:23:45.599 EST
[2024-11-08T11:24:15-0500] Waiting for .852 s to reach end time
[2024-11-08T11:24:16-0500] Saved ping test to /data/data/com.termux/files/home/storage/shared/bos_la_2024_trip/verizon/20241108/111922260/icmp_ping_112345644.out
[2024-11-08T11:24:16-0500] Ping summary (min/avg/max/mdev) = 34.392/64.205/657.871/67.768 ms
[2024-11-08T11:24:16-0500] Ping test finished at 2024-11-08 11:24:16.721 EST, duration: 31.122 s
[2024-11-08T11:24:16-0500] -------------------------------
[2024-11-08T11:24:16-0500] Waiting for 2 s...
[2024-11-08T11:24:18-0500] -------------------------------
[2024-11-08T11:24:18-0500] Starting 5G booster for 5 s...
[2024-11-08T11:24:18-0500] 5G booster started at 2024-11-08 11:24:18.871 EST
[2024-11-08T11:24:25-0500] Current time exceeds end time, skipping wait
[2024-11-08T11:24:25-0500] Saved TCP DL results to /data/data/com.termux/files/home/storage/shared/bos_la_2024_trip/verizon/20241108/111922260/tcp_downlink_112418941.out
[2024-11-08T11:24:25-0500] DL AVG TPUT: 
[2024-11-08T11:24:25-0500] 5G booster finished at 2024-11-08 11:24:25.049 EST, duration: 6.178 s
[2024-11-08T11:24:25-0500] -------------------------------
[2024-11-08T11:24:25-0500] Waiting for 2 s...
[2024-11-08T11:24:27-0500] -------------------------------
[2024-11-08T11:24:27-0500] TCP Ping test started at 2024-11-08 11:24:27.170 EST
[2024-11-08T11:24:58-0500] Current time exceeds end time, skipping wait
[2024-11-08T11:24:58-0500] Saved TCP Ping test to /data/data/com.termux/files/home/storage/shared/bos_la_2024_trip/verizon/20241108/111922260/tcp_ping_112427210.out
[2024-11-08T11:24:58-0500] TCP Ping summary (min/avg/max/mdev) 
[2024-11-08T11:24:58-0500] TCP Ping test finished at 2024-11-08 11:24:58.329 EST, duration: 31.159 s
[2024-11-08T11:24:58-0500] -------------------------------
[2024-11-08T11:24:58-0500] Waiting for 2 s...
[2024-11-08T11:25:00-0500] -------------------------------
[2024-11-08T11:25:00-0500] Traceroute test started at 2024-11-08 11:25:00.455 EST
[2024-11-08T11:25:01-0500] Waiting for 28.900 s to reach end time
[2024-11-08T11:25:30-0500] Saved traceroute test to /data/data/com.termux/files/home/storage/shared/bos_la_2024_trip/verizon/20241108/111922260/traceroute_112500529.out
[2024-11-08T11:25:30-0500] Traceroute summary (min/avg/max/mdev) 
[2024-11-08T11:25:30-0500] Traceroute test finished at 2024-11-08 11:25:30.613 EST, duration: 30.158 s
[2024-11-08T11:25:30-0500] -------------------------------
[2024-11-08T11:25:30-0500] All tests completed, cleaning up...
[2024-11-08T11:25:30-0500] -------------------------------
[2024-11-08T11:25:52-0500] [measurement] Load environment variables from prod.env file
[2024-11-08T11:25:53-0500] [measurement] Load operator-specific env from verizon.env file
[2024-11-08T11:25:53-0500] Starting a network measurement, please choose a server
[2024-11-08T11:25:53-0500] 0) West Cloud: 54.176.53.206
[2024-11-08T11:25:53-0500] 1) East Cloud: 54.197.223.49
[2024-11-08T11:25:53-0500] 2) Los Angeles Wavelength: 161.188.33.234
[2024-11-08T11:25:53-0500] 3) Las Vegas Wavelength: 155.146.118.158
[2024-11-08T11:25:53-0500] 4) Denver Wavelength: 155.146.144.24
[2024-11-08T11:25:53-0500] 5) Chicago Wavelength: 155.146.180.31
[2024-11-08T11:25:53-0500] 6) Boston Wavelength: 155.146.11.34
[2024-11-08T11:25:55-0500] Enter your choice (0-6): Testing verizon, server 1 (ip: 54.197.223.49, nuttcp_port: 5101, iperf_port: 5001)
[2024-11-08T11:25:55-0500] -------------------------------
[2024-11-08T11:25:55-0500] tcp downlink test started at 2024-11-08 11:25:55.289 EST
[2024-11-08T11:25:55-0500] Testing tcp downlink with 54.197.223.49:5101, interval 0.5 s, duration 120 s, timeout 121 s...
[2024-11-08T11:27:56-0500] Current time exceeds end time, skipping wait
[2024-11-08T11:27:56-0500] Saved tcp downlink test to /data/data/com.termux/files/home/storage/shared/bos_la_2024_trip/verizon/20241108/112555271/tcp_downlink_112555324.out
[2024-11-08T11:27:56-0500] DL AVG TPUT: 
[2024-11-08T11:27:56-0500] tcp downlink test finished at 2024-11-08 11:27:56.433 EST, duration: 121.144 s
[2024-11-08T11:27:56-0500] -------------------------------
[2024-11-08T11:27:56-0500] Waiting for 2 s...
[2024-11-08T11:27:58-0500] -------------------------------
[2024-11-08T11:27:58-0500] Starting 5G booster for 5 s...
[2024-11-08T11:27:58-0500] 5G booster started at 2024-11-08 11:27:58.562 EST
[2024-11-08T11:28:04-0500] Current time exceeds end time, skipping wait
[2024-11-08T11:28:04-0500] Saved TCP DL results to /data/data/com.termux/files/home/storage/shared/bos_la_2024_trip/verizon/20241108/112555271/tcp_downlink_112758589.out
[2024-11-08T11:28:04-0500] DL AVG TPUT: 
[2024-11-08T11:28:04-0500] 5G booster finished at 2024-11-08 11:28:04.722 EST, duration: 6.160 s
[2024-11-08T11:28:04-0500] -------------------------------
[2024-11-08T11:28:04-0500] Waiting for 2 s...
[2024-11-08T11:28:06-0500] -------------------------------
[2024-11-08T11:28:06-0500] tcp uplink test started at 2024-11-08 11:28:06.850 EST
[2024-11-08T11:28:06-0500] testing tcp uplink with 54.197.223.49:5101, interval 0.5, duration 120, timeout 121 ...
[2024-11-08T11:30:08-0500] Current time exceeds end time, skipping wait
[2024-11-08T11:30:08-0500] Saved uplink test to /data/data/com.termux/files/home/storage/shared/bos_la_2024_trip/verizon/20241108/112555271/tcp_uplink_112806896.out
[2024-11-08T11:30:08-0500] UL AVG TPUT: 
[2024-11-08T11:30:08-0500] tcp uplink test finished at 2024-11-08 11:30:08.019 EST, duration: 121.169 s
[2024-11-08T11:30:08-0500] -------------------------------
[2024-11-08T11:30:08-0500] Waiting for 2 s...
[2024-11-08T11:30:10-0500] -------------------------------
[2024-11-08T11:30:10-0500] Starting 5G booster for 5 s...
[2024-11-08T11:30:10-0500] 5G booster started at 2024-11-08 11:30:10.218 EST
[2024-11-08T11:30:16-0500] Current time exceeds end time, skipping wait
[2024-11-08T11:30:16-0500] Saved TCP DL results to /data/data/com.termux/files/home/storage/shared/bos_la_2024_trip/verizon/20241108/112555271/tcp_downlink_113010264.out
[2024-11-08T11:30:16-0500] DL AVG TPUT: 
[2024-11-08T11:30:16-0500] 5G booster finished at 2024-11-08 11:30:16.381 EST, duration: 6.163 s
[2024-11-08T11:30:16-0500] -------------------------------
[2024-11-08T11:30:16-0500] Waiting for 2 s...
[2024-11-08T11:30:18-0500] -------------------------------
[2024-11-08T11:30:18-0500] ICMP Ping test started at 2024-11-08 11:30:18.569 EST
[2024-11-08T11:30:48-0500] Waiting for .813 s to reach end time
[2024-11-08T11:30:49-0500] Saved ping test to /data/data/com.termux/files/home/storage/shared/bos_la_2024_trip/verizon/20241108/112555271/icmp_ping_113018612.out
[2024-11-08T11:30:49-0500] Ping summary (min/avg/max/mdev) = 37.354/89.158/984.926/119.437 ms
[2024-11-08T11:30:49-0500] Ping test finished at 2024-11-08 11:30:49.700 EST, duration: 31.131 s
[2024-11-08T11:30:49-0500] -------------------------------
[2024-11-08T11:30:49-0500] Waiting for 2 s...
[2024-11-08T11:30:51-0500] -------------------------------
[2024-11-08T11:30:51-0500] Starting 5G booster for 5 s...
[2024-11-08T11:30:51-0500] 5G booster started at 2024-11-08 11:30:51.838 EST
[2024-11-08T11:30:57-0500] Current time exceeds end time, skipping wait
[2024-11-08T11:30:57-0500] Saved TCP DL results to /data/data/com.termux/files/home/storage/shared/bos_la_2024_trip/verizon/20241108/112555271/tcp_downlink_113051869.out
[2024-11-08T11:30:58-0500] DL AVG TPUT: 
[2024-11-08T11:30:58-0500] 5G booster finished at 2024-11-08 11:30:57.988 EST, duration: 6.150 s
[2024-11-08T11:30:58-0500] -------------------------------
[2024-11-08T11:30:58-0500] Waiting for 2 s...
[2024-11-08T11:31:00-0500] -------------------------------
[2024-11-08T11:31:00-0500] TCP Ping test started at 2024-11-08 11:31:00.148 EST
[2024-11-08T11:31:31-0500] Current time exceeds end time, skipping wait
[2024-11-08T11:31:31-0500] Saved TCP Ping test to /data/data/com.termux/files/home/storage/shared/bos_la_2024_trip/verizon/20241108/112555271/tcp_ping_113100191.out
[2024-11-08T11:31:31-0500] TCP Ping summary (min/avg/max/mdev) 
[2024-11-08T11:31:31-0500] TCP Ping test finished at 2024-11-08 11:31:31.330 EST, duration: 31.182 s
[2024-11-08T11:31:31-0500] -------------------------------
[2024-11-08T11:31:31-0500] Waiting for 2 s...
[2024-11-08T11:31:33-0500] -------------------------------
[2024-11-08T11:31:33-0500] Traceroute test started at 2024-11-08 11:31:33.447 EST
[2024-11-08T11:31:34-0500] Waiting for 28.948 s to reach end time
[2024-11-08T11:32:03-0500] Saved traceroute test to /data/data/com.termux/files/home/storage/shared/bos_la_2024_trip/verizon/20241108/112555271/traceroute_113133471.out
[2024-11-08T11:32:03-0500] Traceroute summary (min/avg/max/mdev) 
[2024-11-08T11:32:03-0500] Traceroute test finished at 2024-11-08 11:32:03.546 EST, duration: 30.099 s
[2024-11-08T11:32:03-0500] -------------------------------
[2024-11-08T11:32:03-0500] All tests completed, cleaning up...
[2024-11-08T11:32:03-0500] -------------------------------
[2024-11-08T11:32:39-0500] [measurement] Load environment variables from prod.env file
[2024-11-08T11:32:39-0500] [measurement] Load operator-specific env from verizon.env file
[2024-11-08T11:32:39-0500] Starting a network measurement, please choose a server
[2024-11-08T11:32:39-0500] 0) West Cloud: 54.176.53.206
[2024-11-08T11:32:39-0500] 1) East Cloud: 54.197.223.49
[2024-11-08T11:32:39-0500] 2) Los Angeles Wavelength: 161.188.33.234
[2024-11-08T11:32:39-0500] 3) Las Vegas Wavelength: 155.146.118.158
[2024-11-08T11:32:39-0500] 4) Denver Wavelength: 155.146.144.24
[2024-11-08T11:32:39-0500] 5) Chicago Wavelength: 155.146.180.31
[2024-11-08T11:32:39-0500] 6) Boston Wavelength: 155.146.11.34
[2024-11-08T11:32:42-0500] Enter your choice (0-6): Testing verizon, server 1 (ip: 54.197.223.49, nuttcp_port: 5101, iperf_port: 5001)
[2024-11-08T11:32:42-0500] -------------------------------
[2024-11-08T11:32:42-0500] tcp downlink test started at 2024-11-08 11:32:42.131 EST
[2024-11-08T11:32:42-0500] Testing tcp downlink with 54.197.223.49:5101, interval 0.5 s, duration 120 s, timeout 121 s...
[2024-11-08T11:34:43-0500] Current time exceeds end time, skipping wait
[2024-11-08T11:34:43-0500] Saved tcp downlink test to /data/data/com.termux/files/home/storage/shared/bos_la_2024_trip/verizon/20241108/113242109/tcp_downlink_113242160.out
[2024-11-08T11:34:43-0500] DL AVG TPUT: 
[2024-11-08T11:34:43-0500] tcp downlink test finished at 2024-11-08 11:34:43.281 EST, duration: 121.150 s
[2024-11-08T11:34:43-0500] -------------------------------
[2024-11-08T11:34:43-0500] Waiting for 2 s...
[2024-11-08T11:34:45-0500] -------------------------------
[2024-11-08T11:34:45-0500] Starting 5G booster for 5 s...
[2024-11-08T11:34:45-0500] 5G booster started at 2024-11-08 11:34:45.401 EST
[2024-11-08T11:34:51-0500] Current time exceeds end time, skipping wait
[2024-11-08T11:34:51-0500] Saved TCP DL results to /data/data/com.termux/files/home/storage/shared/bos_la_2024_trip/verizon/20241108/113242109/tcp_downlink_113445479.out
[2024-11-08T11:34:51-0500] DL AVG TPUT: 
[2024-11-08T11:34:51-0500] 5G booster finished at 2024-11-08 11:34:51.607 EST, duration: 6.206 s
[2024-11-08T11:34:51-0500] -------------------------------
[2024-11-08T11:34:51-0500] Waiting for 2 s...
[2024-11-08T11:34:53-0500] -------------------------------
[2024-11-08T11:34:53-0500] tcp uplink test started at 2024-11-08 11:34:53.754 EST
[2024-11-08T11:34:53-0500] testing tcp uplink with 54.197.223.49:5101, interval 0.5, duration 120, timeout 121 ...
[2024-11-08T11:36:54-0500] Current time exceeds end time, skipping wait
[2024-11-08T11:36:54-0500] Saved uplink test to /data/data/com.termux/files/home/storage/shared/bos_la_2024_trip/verizon/20241108/113242109/tcp_uplink_113453804.out
[2024-11-08T11:36:54-0500] UL AVG TPUT: 39.1100 Mbps
[2024-11-08T11:36:55-0500] tcp uplink test finished at 2024-11-08 11:36:54.890 EST, duration: 121.136 s
[2024-11-08T11:36:55-0500] -------------------------------
[2024-11-08T11:36:55-0500] Waiting for 2 s...
[2024-11-08T11:36:57-0500] -------------------------------
[2024-11-08T11:36:57-0500] Starting 5G booster for 5 s...
[2024-11-08T11:36:57-0500] 5G booster started at 2024-11-08 11:36:57.042 EST
[2024-11-08T11:37:03-0500] Current time exceeds end time, skipping wait
[2024-11-08T11:37:03-0500] Saved TCP DL results to /data/data/com.termux/files/home/storage/shared/bos_la_2024_trip/verizon/20241108/113242109/tcp_downlink_113657079.out
[2024-11-08T11:37:03-0500] DL AVG TPUT: 
[2024-11-08T11:37:03-0500] 5G booster finished at 2024-11-08 11:37:03.158 EST, duration: 6.116 s
[2024-11-08T11:37:03-0500] -------------------------------
[2024-11-08T11:37:03-0500] Waiting for 2 s...
[2024-11-08T11:37:05-0500] -------------------------------
[2024-11-08T11:37:05-0500] ICMP Ping test started at 2024-11-08 11:37:05.248 EST
[2024-11-08T11:37:35-0500] Waiting for .888 s to reach end time
[2024-11-08T11:37:36-0500] Saved ping test to /data/data/com.termux/files/home/storage/shared/bos_la_2024_trip/verizon/20241108/113242109/icmp_ping_113705274.out
[2024-11-08T11:37:36-0500] Ping summary (min/avg/max/mdev) = 27.289/41.238/86.929/5.715 ms
[2024-11-08T11:37:36-0500] Ping test finished at 2024-11-08 11:37:36.333 EST, duration: 31.085 s
[2024-11-08T11:37:36-0500] -------------------------------
[2024-11-08T11:37:36-0500] Waiting for 2 s...
[2024-11-08T11:37:38-0500] -------------------------------
[2024-11-08T11:37:38-0500] Starting 5G booster for 5 s...
[2024-11-08T11:37:38-0500] 5G booster started at 2024-11-08 11:37:38.454 EST
[2024-11-08T11:37:44-0500] Current time exceeds end time, skipping wait
[2024-11-08T11:37:44-0500] Saved TCP DL results to /data/data/com.termux/files/home/storage/shared/bos_la_2024_trip/verizon/20241108/113242109/tcp_downlink_113738487.out
[2024-11-08T11:37:44-0500] DL AVG TPUT: 
[2024-11-08T11:37:44-0500] 5G booster finished at 2024-11-08 11:37:44.611 EST, duration: 6.157 s
[2024-11-08T11:37:44-0500] -------------------------------
[2024-11-08T11:37:44-0500] Waiting for 2 s...
[2024-11-08T11:37:46-0500] -------------------------------
[2024-11-08T11:37:46-0500] TCP Ping test started at 2024-11-08 11:37:46.732 EST
[2024-11-08T11:38:17-0500] Current time exceeds end time, skipping wait
[2024-11-08T11:38:17-0500] Saved TCP Ping test to /data/data/com.termux/files/home/storage/shared/bos_la_2024_trip/verizon/20241108/113242109/tcp_ping_113746765.out
[2024-11-08T11:38:17-0500] TCP Ping summary (min/avg/max/mdev) 
[2024-11-08T11:38:17-0500] TCP Ping test finished at 2024-11-08 11:38:17.897 EST, duration: 31.165 s
[2024-11-08T11:38:17-0500] -------------------------------
[2024-11-08T11:38:17-0500] Waiting for 2 s...
[2024-11-08T11:38:19-0500] -------------------------------
[2024-11-08T11:38:20-0500] Traceroute test started at 2024-11-08 11:38:20.008 EST
[2024-11-08T11:38:21-0500] Waiting for 28.784 s to reach end time
[2024-11-08T11:38:50-0500] Saved traceroute test to /data/data/com.termux/files/home/storage/shared/bos_la_2024_trip/verizon/20241108/113242109/traceroute_113820058.out
[2024-11-08T11:38:50-0500] Traceroute summary (min/avg/max/mdev) 
[2024-11-08T11:38:50-0500] Traceroute test finished at 2024-11-08 11:38:50.094 EST, duration: 30.086 s
[2024-11-08T11:38:50-0500] -------------------------------
[2024-11-08T11:38:50-0500] All tests completed, cleaning up...
[2024-11-08T11:38:50-0500] -------------------------------
[2024-11-08T11:39:47-0500] [measurement] Load environment variables from prod.env file
[2024-11-08T11:39:47-0500] [measurement] Load operator-specific env from verizon.env file
[2024-11-08T11:39:47-0500] Starting a network measurement, please choose a server
[2024-11-08T11:39:47-0500] 0) West Cloud: 54.176.53.206
[2024-11-08T11:39:47-0500] 1) East Cloud: 54.197.223.49
[2024-11-08T11:39:47-0500] 2) Los Angeles Wavelength: 161.188.33.234
[2024-11-08T11:39:47-0500] 3) Las Vegas Wavelength: 155.146.118.158
[2024-11-08T11:39:47-0500] 4) Denver Wavelength: 155.146.144.24
[2024-11-08T11:39:47-0500] 5) Chicago Wavelength: 155.146.180.31
[2024-11-08T11:39:47-0500] 6) Boston Wavelength: 155.146.11.34
[2024-11-08T11:39:59-0500] Enter your choice (0-6): Testing verizon, server 1 (ip: 54.197.223.49, nuttcp_port: 5101, iperf_port: 5001)
[2024-11-08T11:39:59-0500] -------------------------------
[2024-11-08T11:39:59-0500] tcp downlink test started at 2024-11-08 11:39:59.905 EST
[2024-11-08T11:39:59-0500] Testing tcp downlink with 54.197.223.49:5101, interval 0.5 s, duration 120 s, timeout 121 s...
[2024-11-08T11:42:01-0500] Current time exceeds end time, skipping wait
[2024-11-08T11:42:01-0500] Saved tcp downlink test to /data/data/com.termux/files/home/storage/shared/bos_la_2024_trip/verizon/20241108/113959888/tcp_downlink_113959927.out
[2024-11-08T11:42:01-0500] DL AVG TPUT: 
[2024-11-08T11:42:01-0500] tcp downlink test finished at 2024-11-08 11:42:01.011 EST, duration: 121.106 s
[2024-11-08T11:42:01-0500] -------------------------------
[2024-11-08T11:42:01-0500] Waiting for 2 s...
[2024-11-08T11:42:03-0500] -------------------------------
[2024-11-08T11:42:03-0500] Starting 5G booster for 5 s...
[2024-11-08T11:42:03-0500] 5G booster started at 2024-11-08 11:42:03.130 EST
[2024-11-08T11:42:09-0500] Current time exceeds end time, skipping wait
[2024-11-08T11:42:09-0500] Saved TCP DL results to /data/data/com.termux/files/home/storage/shared/bos_la_2024_trip/verizon/20241108/113959888/tcp_downlink_114203165.out
[2024-11-08T11:42:09-0500] DL AVG TPUT: 
[2024-11-08T11:42:09-0500] 5G booster finished at 2024-11-08 11:42:09.249 EST, duration: 6.119 s
[2024-11-08T11:42:09-0500] -------------------------------
[2024-11-08T11:42:09-0500] Waiting for 2 s...
[2024-11-08T11:42:11-0500] -------------------------------
[2024-11-08T11:42:11-0500] tcp uplink test started at 2024-11-08 11:42:11.389 EST
[2024-11-08T11:42:11-0500] testing tcp uplink with 54.197.223.49:5101, interval 0.5, duration 120, timeout 121 ...
[2024-11-08T11:44:12-0500] Current time exceeds end time, skipping wait
[2024-11-08T11:44:12-0500] Saved uplink test to /data/data/com.termux/files/home/storage/shared/bos_la_2024_trip/verizon/20241108/113959888/tcp_uplink_114211427.out
[2024-11-08T11:44:12-0500] UL AVG TPUT: 
[2024-11-08T11:44:12-0500] tcp uplink test finished at 2024-11-08 11:44:12.511 EST, duration: 121.122 s
[2024-11-08T11:44:12-0500] -------------------------------
[2024-11-08T11:44:12-0500] Waiting for 2 s...
[2024-11-08T11:44:14-0500] -------------------------------
[2024-11-08T11:44:14-0500] Starting 5G booster for 5 s...
[2024-11-08T11:44:14-0500] 5G booster started at 2024-11-08 11:44:14.668 EST
[2024-11-08T11:44:20-0500] Current time exceeds end time, skipping wait
[2024-11-08T11:44:20-0500] Saved TCP DL results to /data/data/com.termux/files/home/storage/shared/bos_la_2024_trip/verizon/20241108/113959888/tcp_downlink_114414708.out
[2024-11-08T11:44:20-0500] DL AVG TPUT: 
[2024-11-08T11:44:20-0500] 5G booster finished at 2024-11-08 11:44:20.814 EST, duration: 6.146 s
[2024-11-08T11:44:20-0500] -------------------------------
[2024-11-08T11:44:20-0500] Waiting for 2 s...
[2024-11-08T11:44:22-0500] -------------------------------
[2024-11-08T11:44:22-0500] ICMP Ping test started at 2024-11-08 11:44:22.964 EST
[2024-11-08T11:44:53-0500] Waiting for .871 s to reach end time
[2024-11-08T11:44:54-0500] Saved ping test to /data/data/com.termux/files/home/storage/shared/bos_la_2024_trip/verizon/20241108/113959888/icmp_ping_114423007.out
[2024-11-08T11:44:54-0500] Ping summary (min/avg/max/mdev) = 37.011/49.634/304.653/22.381 ms
[2024-11-08T11:44:54-0500] Ping test finished at 2024-11-08 11:44:54.086 EST, duration: 31.122 s
[2024-11-08T11:44:54-0500] -------------------------------
[2024-11-08T11:44:54-0500] Waiting for 2 s...
[2024-11-08T11:44:56-0500] -------------------------------
[2024-11-08T11:44:56-0500] Starting 5G booster for 5 s...
[2024-11-08T11:44:56-0500] 5G booster started at 2024-11-08 11:44:56.254 EST
[2024-11-08T11:45:02-0500] Current time exceeds end time, skipping wait
[2024-11-08T11:45:02-0500] Saved TCP DL results to /data/data/com.termux/files/home/storage/shared/bos_la_2024_trip/verizon/20241108/113959888/tcp_downlink_114456291.out
[2024-11-08T11:45:02-0500] DL AVG TPUT: 
[2024-11-08T11:45:02-0500] 5G booster finished at 2024-11-08 11:45:02.375 EST, duration: 6.121 s
[2024-11-08T11:45:02-0500] -------------------------------
[2024-11-08T11:45:02-0500] Waiting for 2 s...
[2024-11-08T11:45:04-0500] -------------------------------
[2024-11-08T11:45:04-0500] TCP Ping test started at 2024-11-08 11:45:04.517 EST
[2024-11-08T11:45:35-0500] Current time exceeds end time, skipping wait
[2024-11-08T11:45:35-0500] Saved TCP Ping test to /data/data/com.termux/files/home/storage/shared/bos_la_2024_trip/verizon/20241108/113959888/tcp_ping_114504552.out
[2024-11-08T11:45:35-0500] TCP Ping summary (min/avg/max/mdev) 
[2024-11-08T11:45:35-0500] TCP Ping test finished at 2024-11-08 11:45:35.625 EST, duration: 31.108 s
[2024-11-08T11:45:35-0500] -------------------------------
[2024-11-08T11:45:35-0500] Waiting for 2 s...
[2024-11-08T11:45:37-0500] -------------------------------
[2024-11-08T11:45:37-0500] Traceroute test started at 2024-11-08 11:45:37.761 EST
[2024-11-08T11:45:39-0500] Waiting for 28.466 s to reach end time
[2024-11-08T11:46:07-0500] Saved traceroute test to /data/data/com.termux/files/home/storage/shared/bos_la_2024_trip/verizon/20241108/113959888/traceroute_114537811.out
[2024-11-08T11:46:07-0500] Traceroute summary (min/avg/max/mdev) 
[2024-11-08T11:46:07-0500] Traceroute test finished at 2024-11-08 11:46:07.882 EST, duration: 30.121 s
[2024-11-08T11:46:07-0500] -------------------------------
[2024-11-08T11:46:07-0500] All tests completed, cleaning up...
[2024-11-08T11:46:07-0500] -------------------------------
[2024-11-08T11:55:25-0500] [measurement] Load environment variables from prod.env file
[2024-11-08T11:55:25-0500] [measurement] Load operator-specific env from verizon.env file
[2024-11-08T11:55:25-0500] Starting a network measurement, please choose a server
[2024-11-08T11:55:25-0500] 0) West Cloud: 54.176.53.206
[2024-11-08T11:55:25-0500] 1) East Cloud: 54.197.223.49
[2024-11-08T11:55:25-0500] 2) Los Angeles Wavelength: 161.188.33.234
[2024-11-08T11:55:25-0500] 3) Las Vegas Wavelength: 155.146.118.158
[2024-11-08T11:55:25-0500] 4) Denver Wavelength: 155.146.144.24
[2024-11-08T11:55:25-0500] 5) Chicago Wavelength: 155.146.180.31
[2024-11-08T11:55:25-0500] 6) Boston Wavelength: 155.146.11.34
[2024-11-08T11:55:31-0500] Enter your choice (0-6): Testing verizon, server 1 (ip: 54.197.223.49, nuttcp_port: 5101, iperf_port: 5001)
[2024-11-08T11:55:31-0500] -------------------------------
[2024-11-08T11:55:31-0500] tcp downlink test started at 2024-11-08 11:55:31.474 EST
[2024-11-08T11:55:31-0500] Testing tcp downlink with 54.197.223.49:5101, interval 0.5 s, duration 120 s, timeout 121 s...
[2024-11-08T11:57:32-0500] Current time exceeds end time, skipping wait
[2024-11-08T11:57:32-0500] Saved tcp downlink test to /data/data/com.termux/files/home/storage/shared/bos_la_2024_trip/verizon/20241108/115531454/tcp_downlink_115531500.out
[2024-11-08T11:57:32-0500] DL AVG TPUT: 
[2024-11-08T11:57:32-0500] tcp downlink test finished at 2024-11-08 11:57:32.639 EST, duration: 121.165 s
[2024-11-08T11:57:32-0500] -------------------------------
[2024-11-08T11:57:32-0500] Waiting for 2 s...
[2024-11-08T11:57:34-0500] -------------------------------
[2024-11-08T11:57:34-0500] Starting 5G booster for 5 s...
[2024-11-08T11:57:34-0500] 5G booster started at 2024-11-08 11:57:34.807 EST
[2024-11-08T11:57:40-0500] Current time exceeds end time, skipping wait
[2024-11-08T11:57:40-0500] Saved TCP DL results to /data/data/com.termux/files/home/storage/shared/bos_la_2024_trip/verizon/20241108/115531454/tcp_downlink_115734846.out
[2024-11-08T11:57:40-0500] DL AVG TPUT: 
[2024-11-08T11:57:41-0500] 5G booster finished at 2024-11-08 11:57:40.949 EST, duration: 6.142 s
[2024-11-08T11:57:41-0500] -------------------------------
[2024-11-08T11:57:41-0500] Waiting for 2 s...
[2024-11-08T11:57:43-0500] -------------------------------
[2024-11-08T11:57:43-0500] tcp uplink test started at 2024-11-08 11:57:43.079 EST
[2024-11-08T11:57:43-0500] testing tcp uplink with 54.197.223.49:5101, interval 0.5, duration 120, timeout 121 ...
[2024-11-08T11:59:44-0500] Current time exceeds end time, skipping wait
[2024-11-08T11:59:44-0500] Saved uplink test to /data/data/com.termux/files/home/storage/shared/bos_la_2024_trip/verizon/20241108/115531454/tcp_uplink_115743117.out
[2024-11-08T11:59:44-0500] UL AVG TPUT: 
[2024-11-08T11:59:44-0500] tcp uplink test finished at 2024-11-08 11:59:44.255 EST, duration: 121.176 s
[2024-11-08T11:59:44-0500] -------------------------------
[2024-11-08T11:59:44-0500] Waiting for 2 s...
[2024-11-08T11:59:46-0500] -------------------------------
[2024-11-08T11:59:46-0500] Starting 5G booster for 5 s...
[2024-11-08T11:59:46-0500] 5G booster started at 2024-11-08 11:59:46.393 EST
[2024-11-08T11:59:52-0500] Current time exceeds end time, skipping wait
[2024-11-08T11:59:52-0500] Saved TCP DL results to /data/data/com.termux/files/home/storage/shared/bos_la_2024_trip/verizon/20241108/115531454/tcp_downlink_115946432.out
[2024-11-08T11:59:52-0500] DL AVG TPUT: 
[2024-11-08T11:59:52-0500] 5G booster finished at 2024-11-08 11:59:52.513 EST, duration: 6.120 s
[2024-11-08T11:59:52-0500] -------------------------------
[2024-11-08T11:59:52-0500] Waiting for 2 s...
[2024-11-08T11:59:54-0500] -------------------------------
[2024-11-08T11:59:54-0500] ICMP Ping test started at 2024-11-08 11:59:54.635 EST
[2024-11-08T12:00:24-0500] Waiting for .841 s to reach end time
[2024-11-08T12:00:25-0500] Saved ping test to /data/data/com.termux/files/home/storage/shared/bos_la_2024_trip/verizon/20241108/115531454/icmp_ping_115954675.out
[2024-11-08T12:00:25-0500] Ping summary (min/avg/max/mdev) = 28.187/42.239/286.848/21.774 ms
[2024-11-08T12:00:25-0500] Ping test finished at 2024-11-08 12:00:25.743 EST, duration: 31.108 s
[2024-11-08T12:00:25-0500] -------------------------------
[2024-11-08T12:00:25-0500] Waiting for 2 s...
[2024-11-08T12:00:27-0500] -------------------------------
[2024-11-08T12:00:27-0500] Starting 5G booster for 5 s...
[2024-11-08T12:00:27-0500] 5G booster started at 2024-11-08 12:00:27.882 EST
[2024-11-08T12:00:33-0500] Current time exceeds end time, skipping wait
[2024-11-08T12:00:33-0500] Saved TCP DL results to /data/data/com.termux/files/home/storage/shared/bos_la_2024_trip/verizon/20241108/115531454/tcp_downlink_120027920.out
[2024-11-08T12:00:34-0500] DL AVG TPUT: 
[2024-11-08T12:00:34-0500] 5G booster finished at 2024-11-08 12:00:33.980 EST, duration: 6.098 s
[2024-11-08T12:00:34-0500] -------------------------------
[2024-11-08T12:00:34-0500] Waiting for 2 s...
[2024-11-08T12:00:36-0500] -------------------------------
[2024-11-08T12:00:36-0500] TCP Ping test started at 2024-11-08 12:00:36.073 EST
[2024-11-08T12:01:07-0500] Current time exceeds end time, skipping wait
[2024-11-08T12:01:07-0500] Saved TCP Ping test to /data/data/com.termux/files/home/storage/shared/bos_la_2024_trip/verizon/20241108/115531454/tcp_ping_120036125.out
[2024-11-08T12:01:07-0500] TCP Ping summary (min/avg/max/mdev) 
[2024-11-08T12:01:07-0500] TCP Ping test finished at 2024-11-08 12:01:07.272 EST, duration: 31.199 s
[2024-11-08T12:01:07-0500] -------------------------------
[2024-11-08T12:01:07-0500] Waiting for 2 s...
[2024-11-08T12:01:09-0500] -------------------------------
[2024-11-08T12:01:09-0500] Traceroute test started at 2024-11-08 12:01:09.390 EST
[2024-11-08T12:01:10-0500] Waiting for 28.567 s to reach end time
[2024-11-08T12:01:39-0500] Saved traceroute test to /data/data/com.termux/files/home/storage/shared/bos_la_2024_trip/verizon/20241108/115531454/traceroute_120109440.out
[2024-11-08T12:01:39-0500] Traceroute summary (min/avg/max/mdev) 
[2024-11-08T12:01:39-0500] Traceroute test finished at 2024-11-08 12:01:39.476 EST, duration: 30.086 s
[2024-11-08T12:01:39-0500] -------------------------------
[2024-11-08T12:01:39-0500] All tests completed, cleaning up...
[2024-11-08T12:01:39-0500] -------------------------------
[2024-11-08T12:02:54-0500] [measurement] Load environment variables from prod.env file
[2024-11-08T12:02:54-0500] [measurement] Load operator-specific env from verizon.env file
[2024-11-08T12:02:54-0500] Starting a network measurement, please choose a server
[2024-11-08T12:02:54-0500] 0) West Cloud: 54.176.53.206
[2024-11-08T12:02:54-0500] 1) East Cloud: 54.197.223.49
[2024-11-08T12:02:54-0500] 2) Los Angeles Wavelength: 161.188.33.234
[2024-11-08T12:02:54-0500] 3) Las Vegas Wavelength: 155.146.118.158
[2024-11-08T12:02:54-0500] 4) Denver Wavelength: 155.146.144.24
[2024-11-08T12:02:54-0500] 5) Chicago Wavelength: 155.146.180.31
[2024-11-08T12:02:54-0500] 6) Boston Wavelength: 155.146.11.34
[2024-11-08T12:02:56-0500] Enter your choice (0-6): Invalid choice, please enter a number in range
[2024-11-08T12:02:56-0500] Starting a network measurement, please choose a server
[2024-11-08T12:02:56-0500] 0) West Cloud: 54.176.53.206
[2024-11-08T12:02:56-0500] 1) East Cloud: 54.197.223.49
[2024-11-08T12:02:56-0500] 2) Los Angeles Wavelength: 161.188.33.234
[2024-11-08T12:02:56-0500] 3) Las Vegas Wavelength: 155.146.118.158
[2024-11-08T12:02:56-0500] 4) Denver Wavelength: 155.146.144.24
[2024-11-08T12:02:56-0500] 5) Chicago Wavelength: 155.146.180.31
[2024-11-08T12:02:56-0500] 6) Boston Wavelength: 155.146.11.34
[2024-11-08T12:03:01-0500] Enter your choice (0-6): Testing verizon, server 1 (ip: 54.197.223.49, nuttcp_port: 5101, iperf_port: 5001)
[2024-11-08T12:03:01-0500] -------------------------------
[2024-11-08T12:03:01-0500] tcp downlink test started at 2024-11-08 12:03:01.154 EST
[2024-11-08T12:03:01-0500] Testing tcp downlink with 54.197.223.49:5101, interval 0.5 s, duration 120 s, timeout 121 s...
[2024-11-08T12:05:02-0500] Current time exceeds end time, skipping wait
[2024-11-08T12:05:02-0500] Saved tcp downlink test to /data/data/com.termux/files/home/storage/shared/bos_la_2024_trip/verizon/20241108/120301137/tcp_downlink_120301175.out
[2024-11-08T12:05:02-0500] DL AVG TPUT: 
[2024-11-08T12:05:02-0500] tcp downlink test finished at 2024-11-08 12:05:02.283 EST, duration: 121.129 s
[2024-11-08T12:05:02-0500] -------------------------------
[2024-11-08T12:05:02-0500] Waiting for 2 s...
[2024-11-08T12:05:04-0500] -------------------------------
[2024-11-08T12:05:04-0500] Starting 5G booster for 5 s...
[2024-11-08T12:05:04-0500] 5G booster started at 2024-11-08 12:05:04.428 EST
[2024-11-08T12:05:10-0500] Current time exceeds end time, skipping wait
[2024-11-08T12:05:10-0500] Saved TCP DL results to /data/data/com.termux/files/home/storage/shared/bos_la_2024_trip/verizon/20241108/120301137/tcp_downlink_120504458.out
[2024-11-08T12:05:10-0500] DL AVG TPUT: 
[2024-11-08T12:05:10-0500] 5G booster finished at 2024-11-08 12:05:10.556 EST, duration: 6.128 s
[2024-11-08T12:05:10-0500] -------------------------------
[2024-11-08T12:05:10-0500] Waiting for 2 s...
[2024-11-08T12:05:12-0500] -------------------------------
[2024-11-08T12:05:12-0500] tcp uplink test started at 2024-11-08 12:05:12.712 EST
[2024-11-08T12:05:12-0500] testing tcp uplink with 54.197.223.49:5101, interval 0.5, duration 120, timeout 121 ...
[2024-11-08T12:07:13-0500] Current time exceeds end time, skipping wait
[2024-11-08T12:07:13-0500] Saved uplink test to /data/data/com.termux/files/home/storage/shared/bos_la_2024_trip/verizon/20241108/120301137/tcp_uplink_120512753.out
[2024-11-08T12:07:13-0500] UL AVG TPUT: 
[2024-11-08T12:07:14-0500] tcp uplink test finished at 2024-11-08 12:07:13.894 EST, duration: 121.182 s
[2024-11-08T12:07:14-0500] -------------------------------
[2024-11-08T12:07:14-0500] Waiting for 2 s...
[2024-11-08T12:07:16-0500] -------------------------------
[2024-11-08T12:07:16-0500] Starting 5G booster for 5 s...
[2024-11-08T12:07:16-0500] 5G booster started at 2024-11-08 12:07:16.053 EST
[2024-11-08T12:07:22-0500] Current time exceeds end time, skipping wait
[2024-11-08T12:07:22-0500] Saved TCP DL results to /data/data/com.termux/files/home/storage/shared/bos_la_2024_trip/verizon/20241108/120301137/tcp_downlink_120716100.out
[2024-11-08T12:07:22-0500] DL AVG TPUT: 
[2024-11-08T12:07:22-0500] 5G booster finished at 2024-11-08 12:07:22.211 EST, duration: 6.158 s
[2024-11-08T12:07:22-0500] -------------------------------
[2024-11-08T12:07:22-0500] Waiting for 2 s...
[2024-11-08T12:07:24-0500] -------------------------------
[2024-11-08T12:07:24-0500] ICMP Ping test started at 2024-11-08 12:07:24.331 EST
[2024-11-08T12:07:54-0500] Waiting for .829 s to reach end time
[2024-11-08T12:07:55-0500] Saved ping test to /data/data/com.termux/files/home/storage/shared/bos_la_2024_trip/verizon/20241108/120301137/icmp_ping_120724386.out
[2024-11-08T12:07:55-0500] Ping summary (min/avg/max/mdev) = 27.180/40.960/256.229/22.486 ms
[2024-11-08T12:07:55-0500] Ping test finished at 2024-11-08 12:07:55.431 EST, duration: 31.100 s
[2024-11-08T12:07:55-0500] -------------------------------
[2024-11-08T12:07:55-0500] Waiting for 2 s...
[2024-11-08T12:07:57-0500] -------------------------------
[2024-11-08T12:07:57-0500] Starting 5G booster for 5 s...
[2024-11-08T12:07:57-0500] 5G booster started at 2024-11-08 12:07:57.591 EST
[2024-11-08T12:08:03-0500] Current time exceeds end time, skipping wait
[2024-11-08T12:08:03-0500] Saved TCP DL results to /data/data/com.termux/files/home/storage/shared/bos_la_2024_trip/verizon/20241108/120301137/tcp_downlink_120757634.out
[2024-11-08T12:08:03-0500] DL AVG TPUT: 
[2024-11-08T12:08:03-0500] 5G booster finished at 2024-11-08 12:08:03.767 EST, duration: 6.176 s
[2024-11-08T12:08:03-0500] -------------------------------
[2024-11-08T12:08:03-0500] Waiting for 2 s...
[2024-11-08T12:08:05-0500] -------------------------------
[2024-11-08T12:08:05-0500] TCP Ping test started at 2024-11-08 12:08:05.911 EST
[2024-11-08T12:08:37-0500] Current time exceeds end time, skipping wait
[2024-11-08T12:08:37-0500] Saved TCP Ping test to /data/data/com.termux/files/home/storage/shared/bos_la_2024_trip/verizon/20241108/120301137/tcp_ping_120805950.out
[2024-11-08T12:08:37-0500] TCP Ping summary (min/avg/max/mdev) 
[2024-11-08T12:08:37-0500] TCP Ping test finished at 2024-11-08 12:08:37.118 EST, duration: 31.207 s
[2024-11-08T12:08:37-0500] -------------------------------
[2024-11-08T12:08:37-0500] Waiting for 2 s...
[2024-11-08T12:08:39-0500] -------------------------------
[2024-11-08T12:08:39-0500] Traceroute test started at 2024-11-08 12:08:39.244 EST
[2024-11-08T12:08:40-0500] Waiting for 28.877 s to reach end time
[2024-11-08T12:09:09-0500] Saved traceroute test to /data/data/com.termux/files/home/storage/shared/bos_la_2024_trip/verizon/20241108/120301137/traceroute_120839280.out
[2024-11-08T12:09:09-0500] Traceroute summary (min/avg/max/mdev) 
[2024-11-08T12:09:09-0500] Traceroute test finished at 2024-11-08 12:09:09.373 EST, duration: 30.129 s
[2024-11-08T12:09:09-0500] -------------------------------
[2024-11-08T12:09:09-0500] All tests completed, cleaning up...
[2024-11-08T12:09:09-0500] -------------------------------
[2024-11-08T12:09:47-0500] [measurement] Load environment variables from prod.env file
[2024-11-08T12:09:47-0500] [measurement] Load operator-specific env from verizon.env file
[2024-11-08T12:09:47-0500] Starting a network measurement, please choose a server
[2024-11-08T12:09:47-0500] 0) West Cloud: 54.176.53.206
[2024-11-08T12:09:47-0500] 1) East Cloud: 54.197.223.49
[2024-11-08T12:09:47-0500] 2) Los Angeles Wavelength: 161.188.33.234
[2024-11-08T12:09:47-0500] 3) Las Vegas Wavelength: 155.146.118.158
[2024-11-08T12:09:47-0500] 4) Denver Wavelength: 155.146.144.24
[2024-11-08T12:09:47-0500] 5) Chicago Wavelength: 155.146.180.31
[2024-11-08T12:09:47-0500] 6) Boston Wavelength: 155.146.11.34
[2024-11-08T12:09:51-0500] Enter your choice (0-6): Testing verizon, server 1 (ip: 54.197.223.49, nuttcp_port: 5101, iperf_port: 5001)
[2024-11-08T12:09:51-0500] -------------------------------
[2024-11-08T12:09:51-0500] tcp downlink test started at 2024-11-08 12:09:51.148 EST
[2024-11-08T12:09:51-0500] Testing tcp downlink with 54.197.223.49:5101, interval 0.5 s, duration 120 s, timeout 121 s...
[2024-11-08T12:11:52-0500] Current time exceeds end time, skipping wait
[2024-11-08T12:11:52-0500] Saved tcp downlink test to /data/data/com.termux/files/home/storage/shared/bos_la_2024_trip/verizon/20241108/120951131/tcp_downlink_120951173.out
[2024-11-08T12:11:52-0500] DL AVG TPUT: 
[2024-11-08T12:11:52-0500] tcp downlink test finished at 2024-11-08 12:11:52.254 EST, duration: 121.106 s
[2024-11-08T12:11:52-0500] -------------------------------
[2024-11-08T12:11:52-0500] Waiting for 2 s...
[2024-11-08T12:11:54-0500] -------------------------------
[2024-11-08T12:11:54-0500] Starting 5G booster for 5 s...
[2024-11-08T12:11:54-0500] 5G booster started at 2024-11-08 12:11:54.382 EST
[2024-11-08T12:12:00-0500] Current time exceeds end time, skipping wait
[2024-11-08T12:12:00-0500] Saved TCP DL results to /data/data/com.termux/files/home/storage/shared/bos_la_2024_trip/verizon/20241108/120951131/tcp_downlink_121154432.out
[2024-11-08T12:12:00-0500] DL AVG TPUT: 
[2024-11-08T12:12:00-0500] 5G booster finished at 2024-11-08 12:12:00.492 EST, duration: 6.110 s
[2024-11-08T12:12:00-0500] -------------------------------
[2024-11-08T12:12:00-0500] Waiting for 2 s...
[2024-11-08T12:12:02-0500] -------------------------------
[2024-11-08T12:12:02-0500] tcp uplink test started at 2024-11-08 12:12:02.588 EST
[2024-11-08T12:12:02-0500] testing tcp uplink with 54.197.223.49:5101, interval 0.5, duration 120, timeout 121 ...
[2024-11-08T12:14:03-0500] Current time exceeds end time, skipping wait
[2024-11-08T12:14:03-0500] Saved uplink test to /data/data/com.termux/files/home/storage/shared/bos_la_2024_trip/verizon/20241108/120951131/tcp_uplink_121202624.out
[2024-11-08T12:14:03-0500] UL AVG TPUT: 
[2024-11-08T12:14:03-0500] tcp uplink test finished at 2024-11-08 12:14:03.698 EST, duration: 121.110 s
[2024-11-08T12:14:03-0500] -------------------------------
[2024-11-08T12:14:03-0500] Waiting for 2 s...
[2024-11-08T12:14:05-0500] -------------------------------
[2024-11-08T12:14:05-0500] Starting 5G booster for 5 s...
[2024-11-08T12:14:05-0500] 5G booster started at 2024-11-08 12:14:05.838 EST
[2024-11-08T12:14:11-0500] Current time exceeds end time, skipping wait
[2024-11-08T12:14:11-0500] Saved TCP DL results to /data/data/com.termux/files/home/storage/shared/bos_la_2024_trip/verizon/20241108/120951131/tcp_downlink_121405889.out
[2024-11-08T12:14:12-0500] DL AVG TPUT: 
[2024-11-08T12:14:12-0500] 5G booster finished at 2024-11-08 12:14:11.967 EST, duration: 6.129 s
[2024-11-08T12:14:12-0500] -------------------------------
[2024-11-08T12:14:12-0500] Waiting for 2 s...
[2024-11-08T12:14:14-0500] -------------------------------
[2024-11-08T12:14:14-0500] ICMP Ping test started at 2024-11-08 12:14:14.078 EST
[2024-11-08T12:14:44-0500] Waiting for .902 s to reach end time
[2024-11-08T12:14:45-0500] Saved ping test to /data/data/com.termux/files/home/storage/shared/bos_la_2024_trip/verizon/20241108/120951131/icmp_ping_121414128.out
[2024-11-08T12:14:45-0500] Ping summary (min/avg/max/mdev) = 35.262/43.597/86.273/6.874 ms
[2024-11-08T12:14:45-0500] Ping test finished at 2024-11-08 12:14:45.174 EST, duration: 31.096 s
[2024-11-08T12:14:45-0500] -------------------------------
[2024-11-08T12:14:45-0500] Waiting for 2 s...
[2024-11-08T12:14:47-0500] -------------------------------
[2024-11-08T12:14:47-0500] Starting 5G booster for 5 s...
[2024-11-08T12:14:47-0500] 5G booster started at 2024-11-08 12:14:47.276 EST
[2024-11-08T12:14:53-0500] Current time exceeds end time, skipping wait
[2024-11-08T12:14:53-0500] Saved TCP DL results to /data/data/com.termux/files/home/storage/shared/bos_la_2024_trip/verizon/20241108/120951131/tcp_downlink_121447329.out
[2024-11-08T12:14:53-0500] DL AVG TPUT: 
[2024-11-08T12:14:53-0500] 5G booster finished at 2024-11-08 12:14:53.385 EST, duration: 6.109 s
[2024-11-08T12:14:53-0500] -------------------------------
[2024-11-08T12:14:53-0500] Waiting for 2 s...
[2024-11-08T12:14:55-0500] -------------------------------
[2024-11-08T12:14:55-0500] TCP Ping test started at 2024-11-08 12:14:55.496 EST
[2024-11-08T12:15:26-0500] Current time exceeds end time, skipping wait
[2024-11-08T12:15:26-0500] Saved TCP Ping test to /data/data/com.termux/files/home/storage/shared/bos_la_2024_trip/verizon/20241108/120951131/tcp_ping_121455521.out
[2024-11-08T12:15:26-0500] TCP Ping summary (min/avg/max/mdev) 
[2024-11-08T12:15:26-0500] TCP Ping test finished at 2024-11-08 12:15:26.625 EST, duration: 31.129 s
[2024-11-08T12:15:26-0500] -------------------------------
[2024-11-08T12:15:26-0500] Waiting for 2 s...
[2024-11-08T12:15:28-0500] -------------------------------
[2024-11-08T12:15:28-0500] Traceroute test started at 2024-11-08 12:15:28.740 EST
[2024-11-08T12:15:30-0500] Waiting for 28.382 s to reach end time
[2024-11-08T12:15:58-0500] Saved traceroute test to /data/data/com.termux/files/home/storage/shared/bos_la_2024_trip/verizon/20241108/120951131/traceroute_121528769.out
[2024-11-08T12:15:58-0500] Traceroute summary (min/avg/max/mdev) 
[2024-11-08T12:15:58-0500] Traceroute test finished at 2024-11-08 12:15:58.831 EST, duration: 30.091 s
[2024-11-08T12:15:58-0500] -------------------------------
[2024-11-08T12:15:58-0500] All tests completed, cleaning up...
[2024-11-08T12:15:58-0500] -------------------------------
[2024-11-08T12:16:22-0500] [measurement] Load environment variables from prod.env file
[2024-11-08T12:16:22-0500] [measurement] Load operator-specific env from verizon.env file
[2024-11-08T12:16:22-0500] Starting a network measurement, please choose a server
[2024-11-08T12:16:22-0500] 0) West Cloud: 54.176.53.206
[2024-11-08T12:16:22-0500] 1) East Cloud: 54.197.223.49
[2024-11-08T12:16:22-0500] 2) Los Angeles Wavelength: 161.188.33.234
[2024-11-08T12:16:22-0500] 3) Las Vegas Wavelength: 155.146.118.158
[2024-11-08T12:16:22-0500] 4) Denver Wavelength: 155.146.144.24
[2024-11-08T12:16:22-0500] 5) Chicago Wavelength: 155.146.180.31
[2024-11-08T12:16:22-0500] 6) Boston Wavelength: 155.146.11.34
[2024-11-08T12:16:26-0500] Enter your choice (0-6): Testing verizon, server 1 (ip: 54.197.223.49, nuttcp_port: 5101, iperf_port: 5001)
[2024-11-08T12:16:26-0500] -------------------------------
[2024-11-08T12:16:26-0500] tcp downlink test started at 2024-11-08 12:16:26.814 EST
[2024-11-08T12:16:26-0500] Testing tcp downlink with 54.197.223.49:5101, interval 0.5 s, duration 120 s, timeout 121 s...
[2024-11-08T12:18:27-0500] Current time exceeds end time, skipping wait
[2024-11-08T12:18:27-0500] Saved tcp downlink test to /data/data/com.termux/files/home/storage/shared/bos_la_2024_trip/verizon/20241108/121626796/tcp_downlink_121626836.out
[2024-11-08T12:18:27-0500] DL AVG TPUT: 
[2024-11-08T12:18:28-0500] tcp downlink test finished at 2024-11-08 12:18:27.927 EST, duration: 121.113 s
[2024-11-08T12:18:28-0500] -------------------------------
[2024-11-08T12:18:28-0500] Waiting for 2 s...
[2024-11-08T12:18:30-0500] -------------------------------
[2024-11-08T12:18:30-0500] Starting 5G booster for 5 s...
[2024-11-08T12:18:30-0500] 5G booster started at 2024-11-08 12:18:30.056 EST
[2024-11-08T12:18:36-0500] Current time exceeds end time, skipping wait
[2024-11-08T12:18:36-0500] Saved TCP DL results to /data/data/com.termux/files/home/storage/shared/bos_la_2024_trip/verizon/20241108/121626796/tcp_downlink_121830098.out
[2024-11-08T12:18:36-0500] DL AVG TPUT: 
[2024-11-08T12:18:36-0500] 5G booster finished at 2024-11-08 12:18:36.227 EST, duration: 6.171 s
[2024-11-08T12:18:36-0500] -------------------------------
[2024-11-08T12:18:36-0500] Waiting for 2 s...
[2024-11-08T12:18:38-0500] -------------------------------
[2024-11-08T12:18:38-0500] tcp uplink test started at 2024-11-08 12:18:38.358 EST
[2024-11-08T12:18:38-0500] testing tcp uplink with 54.197.223.49:5101, interval 0.5, duration 120, timeout 121 ...
[2024-11-08T12:20:39-0500] Current time exceeds end time, skipping wait
[2024-11-08T12:20:39-0500] Saved uplink test to /data/data/com.termux/files/home/storage/shared/bos_la_2024_trip/verizon/20241108/121626796/tcp_uplink_121838393.out
[2024-11-08T12:20:39-0500] UL AVG TPUT: 
[2024-11-08T12:20:39-0500] tcp uplink test finished at 2024-11-08 12:20:39.500 EST, duration: 121.142 s
[2024-11-08T12:20:39-0500] -------------------------------
[2024-11-08T12:20:39-0500] Waiting for 2 s...
[2024-11-08T12:20:41-0500] -------------------------------
[2024-11-08T12:20:41-0500] Starting 5G booster for 5 s...
[2024-11-08T12:20:41-0500] 5G booster started at 2024-11-08 12:20:41.657 EST
[2024-11-08T12:20:47-0500] Current time exceeds end time, skipping wait
[2024-11-08T12:20:47-0500] Saved TCP DL results to /data/data/com.termux/files/home/storage/shared/bos_la_2024_trip/verizon/20241108/121626796/tcp_downlink_122041694.out
[2024-11-08T12:20:47-0500] DL AVG TPUT: 
[2024-11-08T12:20:47-0500] 5G booster finished at 2024-11-08 12:20:47.800 EST, duration: 6.143 s
[2024-11-08T12:20:47-0500] -------------------------------
[2024-11-08T12:20:47-0500] Waiting for 2 s...
[2024-11-08T12:20:49-0500] -------------------------------
[2024-11-08T12:20:49-0500] ICMP Ping test started at 2024-11-08 12:20:49.941 EST
[2024-11-08T12:21:20-0500] Waiting for .878 s to reach end time
[2024-11-08T12:21:21-0500] Saved ping test to /data/data/com.termux/files/home/storage/shared/bos_la_2024_trip/verizon/20241108/121626796/icmp_ping_122049978.out
[2024-11-08T12:21:21-0500] Ping summary (min/avg/max/mdev) = 28.897/39.448/145.141/10.681 ms
[2024-11-08T12:21:21-0500] Ping test finished at 2024-11-08 12:21:21.008 EST, duration: 31.067 s
[2024-11-08T12:21:21-0500] -------------------------------
[2024-11-08T12:21:21-0500] Waiting for 2 s...
[2024-11-08T12:21:23-0500] -------------------------------
[2024-11-08T12:21:23-0500] Starting 5G booster for 5 s...
[2024-11-08T12:21:23-0500] 5G booster started at 2024-11-08 12:21:23.099 EST
[2024-11-08T12:21:29-0500] Current time exceeds end time, skipping wait
[2024-11-08T12:21:29-0500] Saved TCP DL results to /data/data/com.termux/files/home/storage/shared/bos_la_2024_trip/verizon/20241108/121626796/tcp_downlink_122123125.out
[2024-11-08T12:21:29-0500] DL AVG TPUT: 
[2024-11-08T12:21:29-0500] 5G booster finished at 2024-11-08 12:21:29.241 EST, duration: 6.142 s
[2024-11-08T12:21:29-0500] -------------------------------
[2024-11-08T12:21:29-0500] Waiting for 2 s...
[2024-11-08T12:21:31-0500] -------------------------------
[2024-11-08T12:21:31-0500] TCP Ping test started at 2024-11-08 12:21:31.387 EST
[2024-11-08T12:22:02-0500] Current time exceeds end time, skipping wait
[2024-11-08T12:22:02-0500] Saved TCP Ping test to /data/data/com.termux/files/home/storage/shared/bos_la_2024_trip/verizon/20241108/121626796/tcp_ping_122131412.out
[2024-11-08T12:22:02-0500] TCP Ping summary (min/avg/max/mdev) 
[2024-11-08T12:22:02-0500] TCP Ping test finished at 2024-11-08 12:22:02.526 EST, duration: 31.139 s
[2024-11-08T12:22:02-0500] -------------------------------
[2024-11-08T12:22:02-0500] Waiting for 2 s...
[2024-11-08T12:22:04-0500] -------------------------------
[2024-11-08T12:22:04-0500] Traceroute test started at 2024-11-08 12:22:04.654 EST
[2024-11-08T12:22:05-0500] Waiting for 29.002 s to reach end time
[2024-11-08T12:22:34-0500] Saved traceroute test to /data/data/com.termux/files/home/storage/shared/bos_la_2024_trip/verizon/20241108/121626796/traceroute_122204677.out
[2024-11-08T12:22:34-0500] Traceroute summary (min/avg/max/mdev) 
[2024-11-08T12:22:34-0500] Traceroute test finished at 2024-11-08 12:22:34.743 EST, duration: 30.089 s
[2024-11-08T12:22:34-0500] -------------------------------
[2024-11-08T12:22:34-0500] All tests completed, cleaning up...
[2024-11-08T12:22:34-0500] -------------------------------
[2024-11-08T12:31:15-0500] [measurement] Load environment variables from prod.env file
[2024-11-08T12:31:15-0500] [measurement] Load operator-specific env from verizon.env file
[2024-11-08T12:31:15-0500] Starting a network measurement, please choose a server
[2024-11-08T12:31:15-0500] 0) West Cloud: 54.176.53.206
[2024-11-08T12:31:15-0500] 1) East Cloud: 54.197.223.49
[2024-11-08T12:31:15-0500] 2) Los Angeles Wavelength: 161.188.33.234
[2024-11-08T12:31:15-0500] 3) Las Vegas Wavelength: 155.146.118.158
[2024-11-08T12:31:15-0500] 4) Denver Wavelength: 155.146.144.24
[2024-11-08T12:31:15-0500] 5) Chicago Wavelength: 155.146.180.31
[2024-11-08T12:31:15-0500] 6) Boston Wavelength: 155.146.11.34
[2024-11-08T12:31:22-0500] Enter your choice (0-6): Testing verizon, server 1 (ip: 54.197.223.49, nuttcp_port: 5101, iperf_port: 5001)
[2024-11-08T12:31:22-0500] -------------------------------
[2024-11-08T12:31:22-0500] tcp downlink test started at 2024-11-08 12:31:22.639 EST
[2024-11-08T12:31:22-0500] Testing tcp downlink with 54.197.223.49:5101, interval 0.5 s, duration 120 s, timeout 121 s...
[2024-11-08T12:33:23-0500] Current time exceeds end time, skipping wait
[2024-11-08T12:33:23-0500] Saved tcp downlink test to /data/data/com.termux/files/home/storage/shared/bos_la_2024_trip/verizon/20241108/123122619/tcp_downlink_123122674.out
[2024-11-08T12:33:23-0500] DL AVG TPUT: 
[2024-11-08T12:33:23-0500] tcp downlink test finished at 2024-11-08 12:33:23.773 EST, duration: 121.134 s
[2024-11-08T12:33:23-0500] -------------------------------
[2024-11-08T12:33:23-0500] Waiting for 2 s...
[2024-11-08T12:33:25-0500] -------------------------------
[2024-11-08T12:33:25-0500] Starting 5G booster for 5 s...
[2024-11-08T12:33:25-0500] 5G booster started at 2024-11-08 12:33:25.860 EST
[2024-11-08T12:33:31-0500] Current time exceeds end time, skipping wait
[2024-11-08T12:33:31-0500] Saved TCP DL results to /data/data/com.termux/files/home/storage/shared/bos_la_2024_trip/verizon/20241108/123122619/tcp_downlink_123325884.out
[2024-11-08T12:33:31-0500] DL AVG TPUT: 
[2024-11-08T12:33:32-0500] 5G booster finished at 2024-11-08 12:33:31.961 EST, duration: 6.101 s
[2024-11-08T12:33:32-0500] -------------------------------
[2024-11-08T12:33:32-0500] Waiting for 2 s...
[2024-11-08T12:33:34-0500] -------------------------------
[2024-11-08T12:33:34-0500] tcp uplink test started at 2024-11-08 12:33:34.063 EST
[2024-11-08T12:33:34-0500] testing tcp uplink with 54.197.223.49:5101, interval 0.5, duration 120, timeout 121 ...
[2024-11-08T12:35:35-0500] Current time exceeds end time, skipping wait
[2024-11-08T12:35:35-0500] Saved uplink test to /data/data/com.termux/files/home/storage/shared/bos_la_2024_trip/verizon/20241108/123122619/tcp_uplink_123334087.out
[2024-11-08T12:35:35-0500] UL AVG TPUT: 
[2024-11-08T12:35:35-0500] tcp uplink test finished at 2024-11-08 12:35:35.202 EST, duration: 121.139 s
[2024-11-08T12:35:35-0500] -------------------------------
[2024-11-08T12:35:35-0500] Waiting for 2 s...
[2024-11-08T12:35:37-0500] -------------------------------
[2024-11-08T12:35:37-0500] Starting 5G booster for 5 s...
[2024-11-08T12:35:37-0500] 5G booster started at 2024-11-08 12:35:37.321 EST
[2024-11-08T12:35:43-0500] Current time exceeds end time, skipping wait
[2024-11-08T12:35:43-0500] Saved TCP DL results to /data/data/com.termux/files/home/storage/shared/bos_la_2024_trip/verizon/20241108/123122619/tcp_downlink_123537352.out
[2024-11-08T12:35:43-0500] DL AVG TPUT: 
[2024-11-08T12:35:43-0500] 5G booster finished at 2024-11-08 12:35:43.461 EST, duration: 6.140 s
[2024-11-08T12:35:43-0500] -------------------------------
[2024-11-08T12:35:43-0500] Waiting for 2 s...
[2024-11-08T12:35:45-0500] -------------------------------
[2024-11-08T12:35:45-0500] ICMP Ping test started at 2024-11-08 12:35:45.569 EST
[2024-11-08T12:36:15-0500] Waiting for .867 s to reach end time
[2024-11-08T12:36:16-0500] Saved ping test to /data/data/com.termux/files/home/storage/shared/bos_la_2024_trip/verizon/20241108/123122619/icmp_ping_123545603.out
[2024-11-08T12:36:16-0500] Ping summary (min/avg/max/mdev) = 32.880/151.513/1591.990/297.980 ms
[2024-11-08T12:36:16-0500] Ping test finished at 2024-11-08 12:36:16.650 EST, duration: 31.081 s
[2024-11-08T12:36:16-0500] -------------------------------
[2024-11-08T12:36:16-0500] Waiting for 2 s...
[2024-11-08T12:36:18-0500] -------------------------------
[2024-11-08T12:36:18-0500] Starting 5G booster for 5 s...
[2024-11-08T12:36:18-0500] 5G booster started at 2024-11-08 12:36:18.797 EST
[2024-11-08T12:36:24-0500] Current time exceeds end time, skipping wait
[2024-11-08T12:36:24-0500] Saved TCP DL results to /data/data/com.termux/files/home/storage/shared/bos_la_2024_trip/verizon/20241108/123122619/tcp_downlink_123618847.out
[2024-11-08T12:36:25-0500] DL AVG TPUT: 
[2024-11-08T12:36:25-0500] 5G booster finished at 2024-11-08 12:36:24.951 EST, duration: 6.154 s
[2024-11-08T12:36:25-0500] -------------------------------
[2024-11-08T12:36:25-0500] Waiting for 2 s...
[2024-11-08T12:36:27-0500] -------------------------------
[2024-11-08T12:36:27-0500] TCP Ping test started at 2024-11-08 12:36:27.097 EST
[2024-11-08T12:36:58-0500] Current time exceeds end time, skipping wait
[2024-11-08T12:36:58-0500] Saved TCP Ping test to /data/data/com.termux/files/home/storage/shared/bos_la_2024_trip/verizon/20241108/123122619/tcp_ping_123627144.out
[2024-11-08T12:36:58-0500] TCP Ping summary (min/avg/max/mdev) 
[2024-11-08T12:36:58-0500] TCP Ping test finished at 2024-11-08 12:36:58.254 EST, duration: 31.157 s
[2024-11-08T12:36:58-0500] -------------------------------
[2024-11-08T12:36:58-0500] Waiting for 2 s...
[2024-11-08T12:37:00-0500] -------------------------------
[2024-11-08T12:37:00-0500] Traceroute test started at 2024-11-08 12:37:00.399 EST
[2024-11-08T12:37:01-0500] Waiting for 28.696 s to reach end time
[2024-11-08T12:37:30-0500] Saved traceroute test to /data/data/com.termux/files/home/storage/shared/bos_la_2024_trip/verizon/20241108/123122619/traceroute_123700427.out
[2024-11-08T12:37:30-0500] Traceroute summary (min/avg/max/mdev) 
[2024-11-08T12:37:30-0500] Traceroute test finished at 2024-11-08 12:37:30.507 EST, duration: 30.108 s
[2024-11-08T12:37:30-0500] -------------------------------
[2024-11-08T12:37:30-0500] All tests completed, cleaning up...
[2024-11-08T12:37:30-0500] -------------------------------
[2024-11-08T12:39:13-0500] [measurement] Load environment variables from prod.env file
[2024-11-08T12:39:13-0500] [measurement] Load operator-specific env from verizon.env file
[2024-11-08T12:39:13-0500] Starting a network measurement, please choose a server
[2024-11-08T12:39:13-0500] 0) West Cloud: 54.176.53.206
[2024-11-08T12:39:13-0500] 1) East Cloud: 54.197.223.49
[2024-11-08T12:39:13-0500] 2) Los Angeles Wavelength: 161.188.33.234
[2024-11-08T12:39:13-0500] 3) Las Vegas Wavelength: 155.146.118.158
[2024-11-08T12:39:13-0500] 4) Denver Wavelength: 155.146.144.24
[2024-11-08T12:39:13-0500] 5) Chicago Wavelength: 155.146.180.31
[2024-11-08T12:39:13-0500] 6) Boston Wavelength: 155.146.11.34
[2024-11-08T12:39:27-0500] Enter your choice (0-6): Testing verizon, server 1 (ip: 54.197.223.49, nuttcp_port: 5101, iperf_port: 5001)
[2024-11-08T12:39:27-0500] -------------------------------
[2024-11-08T12:39:27-0500] tcp downlink test started at 2024-11-08 12:39:27.852 EST
[2024-11-08T12:39:27-0500] Testing tcp downlink with 54.197.223.49:5101, interval 0.5 s, duration 120 s, timeout 121 s...
[2024-11-08T12:41:28-0500] Current time exceeds end time, skipping wait
[2024-11-08T12:41:28-0500] Saved tcp downlink test to /data/data/com.termux/files/home/storage/shared/bos_la_2024_trip/verizon/20241108/123927836/tcp_downlink_123927874.out
[2024-11-08T12:41:29-0500] DL AVG TPUT: 
[2024-11-08T12:41:29-0500] tcp downlink test finished at 2024-11-08 12:41:28.985 EST, duration: 121.133 s
[2024-11-08T12:41:29-0500] -------------------------------
[2024-11-08T12:41:29-0500] Waiting for 2 s...
[2024-11-08T12:41:31-0500] -------------------------------
[2024-11-08T12:41:31-0500] Starting 5G booster for 5 s...
[2024-11-08T12:41:31-0500] 5G booster started at 2024-11-08 12:41:31.132 EST
[2024-11-08T12:41:37-0500] Current time exceeds end time, skipping wait
[2024-11-08T12:41:37-0500] Saved TCP DL results to /data/data/com.termux/files/home/storage/shared/bos_la_2024_trip/verizon/20241108/123927836/tcp_downlink_124131168.out
[2024-11-08T12:41:37-0500] DL AVG TPUT: 
[2024-11-08T12:41:37-0500] 5G booster finished at 2024-11-08 12:41:37.288 EST, duration: 6.156 s
[2024-11-08T12:41:37-0500] -------------------------------
[2024-11-08T12:41:37-0500] Waiting for 2 s...
[2024-11-08T12:41:39-0500] -------------------------------
[2024-11-08T12:41:39-0500] tcp uplink test started at 2024-11-08 12:41:39.418 EST
[2024-11-08T12:41:39-0500] testing tcp uplink with 54.197.223.49:5101, interval 0.5, duration 120, timeout 121 ...
[2024-11-08T12:43:40-0500] Current time exceeds end time, skipping wait
[2024-11-08T12:43:40-0500] Saved uplink test to /data/data/com.termux/files/home/storage/shared/bos_la_2024_trip/verizon/20241108/123927836/tcp_uplink_124139466.out
[2024-11-08T12:43:40-0500] UL AVG TPUT: 
[2024-11-08T12:43:40-0500] tcp uplink test finished at 2024-11-08 12:43:40.584 EST, duration: 121.166 s
[2024-11-08T12:43:40-0500] -------------------------------
[2024-11-08T12:43:40-0500] Waiting for 2 s...
[2024-11-08T12:43:42-0500] -------------------------------
[2024-11-08T12:43:42-0500] Starting 5G booster for 5 s...
[2024-11-08T12:43:42-0500] 5G booster started at 2024-11-08 12:43:42.742 EST
[2024-11-08T12:43:48-0500] Current time exceeds end time, skipping wait
[2024-11-08T12:43:48-0500] Saved TCP DL results to /data/data/com.termux/files/home/storage/shared/bos_la_2024_trip/verizon/20241108/123927836/tcp_downlink_124342796.out
[2024-11-08T12:43:48-0500] DL AVG TPUT: 
[2024-11-08T12:43:49-0500] 5G booster finished at 2024-11-08 12:43:48.924 EST, duration: 6.182 s
[2024-11-08T12:43:49-0500] -------------------------------
[2024-11-08T12:43:49-0500] Waiting for 2 s...
[2024-11-08T12:43:51-0500] -------------------------------
[2024-11-08T12:43:51-0500] ICMP Ping test started at 2024-11-08 12:43:51.065 EST
[2024-11-08T12:44:21-0500] Waiting for .824 s to reach end time
[2024-11-08T12:44:22-0500] Saved ping test to /data/data/com.termux/files/home/storage/shared/bos_la_2024_trip/verizon/20241108/123927836/icmp_ping_124351111.out
[2024-11-08T12:44:22-0500] Ping summary (min/avg/max/mdev) = 41.124/252.196/2980.850/497.482 ms
[2024-11-08T12:44:22-0500] Ping test finished at 2024-11-08 12:44:22.160 EST, duration: 31.095 s
[2024-11-08T12:44:22-0500] -------------------------------
[2024-11-08T12:44:22-0500] Waiting for 2 s...
[2024-11-08T12:44:24-0500] -------------------------------
[2024-11-08T12:44:24-0500] Starting 5G booster for 5 s...
[2024-11-08T12:44:24-0500] 5G booster started at 2024-11-08 12:44:24.279 EST
[2024-11-08T12:44:30-0500] Current time exceeds end time, skipping wait
[2024-11-08T12:44:30-0500] Saved TCP DL results to /data/data/com.termux/files/home/storage/shared/bos_la_2024_trip/verizon/20241108/123927836/tcp_downlink_124424332.out
[2024-11-08T12:44:30-0500] DL AVG TPUT: 
[2024-11-08T12:44:30-0500] 5G booster finished at 2024-11-08 12:44:30.423 EST, duration: 6.144 s
[2024-11-08T12:44:30-0500] -------------------------------
[2024-11-08T12:44:30-0500] Waiting for 2 s...
[2024-11-08T12:44:32-0500] -------------------------------
[2024-11-08T12:44:32-0500] TCP Ping test started at 2024-11-08 12:44:32.533 EST
[2024-11-08T12:45:03-0500] Current time exceeds end time, skipping wait
[2024-11-08T12:45:03-0500] Saved TCP Ping test to /data/data/com.termux/files/home/storage/shared/bos_la_2024_trip/verizon/20241108/123927836/tcp_ping_124432586.out
[2024-11-08T12:45:03-0500] TCP Ping summary (min/avg/max/mdev) 
[2024-11-08T12:45:03-0500] TCP Ping test finished at 2024-11-08 12:45:03.704 EST, duration: 31.171 s
[2024-11-08T12:45:03-0500] -------------------------------
[2024-11-08T12:45:03-0500] Waiting for 2 s...
[2024-11-08T12:45:05-0500] -------------------------------
[2024-11-08T12:45:05-0500] Traceroute test started at 2024-11-08 12:45:05.833 EST
[2024-11-08T12:45:07-0500] Waiting for 28.252 s to reach end time
[2024-11-08T12:45:35-0500] Saved traceroute test to /data/data/com.termux/files/home/storage/shared/bos_la_2024_trip/verizon/20241108/123927836/traceroute_124505882.out
[2024-11-08T12:45:35-0500] Traceroute summary (min/avg/max/mdev) 
[2024-11-08T12:45:35-0500] Traceroute test finished at 2024-11-08 12:45:35.921 EST, duration: 30.088 s
[2024-11-08T12:45:35-0500] -------------------------------
[2024-11-08T12:45:35-0500] All tests completed, cleaning up...
[2024-11-08T12:45:35-0500] -------------------------------
[2024-11-08T12:47:16-0500] [measurement] Load environment variables from prod.env file
[2024-11-08T12:47:16-0500] [measurement] Load operator-specific env from verizon.env file
[2024-11-08T12:47:16-0500] Starting a network measurement, please choose a server
[2024-11-08T12:47:16-0500] 0) West Cloud: 54.176.53.206
[2024-11-08T12:47:16-0500] 1) East Cloud: 54.197.223.49
[2024-11-08T12:47:16-0500] 2) Los Angeles Wavelength: 161.188.33.234
[2024-11-08T12:47:16-0500] 3) Las Vegas Wavelength: 155.146.118.158
[2024-11-08T12:47:16-0500] 4) Denver Wavelength: 155.146.144.24
[2024-11-08T12:47:16-0500] 5) Chicago Wavelength: 155.146.180.31
[2024-11-08T12:47:16-0500] 6) Boston Wavelength: 155.146.11.34
[2024-11-08T12:47:23-0500] Enter your choice (0-6): Testing verizon, server 1 (ip: 54.197.223.49, nuttcp_port: 5101, iperf_port: 5001)
[2024-11-08T12:47:23-0500] -------------------------------
[2024-11-08T12:47:23-0500] tcp downlink test started at 2024-11-08 12:47:23.238 EST
[2024-11-08T12:47:23-0500] Testing tcp downlink with 54.197.223.49:5101, interval 0.5 s, duration 120 s, timeout 121 s...
[2024-11-08T12:49:24-0500] Current time exceeds end time, skipping wait
[2024-11-08T12:49:24-0500] Saved tcp downlink test to /data/data/com.termux/files/home/storage/shared/bos_la_2024_trip/verizon/20241108/124723220/tcp_downlink_124723273.out
[2024-11-08T12:49:24-0500] DL AVG TPUT: 
[2024-11-08T12:49:24-0500] tcp downlink test finished at 2024-11-08 12:49:24.381 EST, duration: 121.143 s
[2024-11-08T12:49:24-0500] -------------------------------
[2024-11-08T12:49:24-0500] Waiting for 2 s...
[2024-11-08T12:49:26-0500] -------------------------------
[2024-11-08T12:49:26-0500] Starting 5G booster for 5 s...
[2024-11-08T12:49:26-0500] 5G booster started at 2024-11-08 12:49:26.485 EST
[2024-11-08T12:49:32-0500] Current time exceeds end time, skipping wait
[2024-11-08T12:49:32-0500] Saved TCP DL results to /data/data/com.termux/files/home/storage/shared/bos_la_2024_trip/verizon/20241108/124723220/tcp_downlink_124926507.out
[2024-11-08T12:49:32-0500] DL AVG TPUT: 
[2024-11-08T12:49:32-0500] 5G booster finished at 2024-11-08 12:49:32.579 EST, duration: 6.094 s
[2024-11-08T12:49:32-0500] -------------------------------
[2024-11-08T12:49:32-0500] Waiting for 2 s...
[2024-11-08T12:49:34-0500] -------------------------------
[2024-11-08T12:49:34-0500] tcp uplink test started at 2024-11-08 12:49:34.664 EST
[2024-11-08T12:49:34-0500] testing tcp uplink with 54.197.223.49:5101, interval 0.5, duration 120, timeout 121 ...
[2024-11-08T12:51:35-0500] Current time exceeds end time, skipping wait
[2024-11-08T12:51:35-0500] Saved uplink test to /data/data/com.termux/files/home/storage/shared/bos_la_2024_trip/verizon/20241108/124723220/tcp_uplink_124934688.out
[2024-11-08T12:51:35-0500] UL AVG TPUT: 
[2024-11-08T12:51:35-0500] tcp uplink test finished at 2024-11-08 12:51:35.756 EST, duration: 121.092 s
[2024-11-08T12:51:35-0500] -------------------------------
[2024-11-08T12:51:35-0500] Waiting for 2 s...
[2024-11-08T12:51:37-0500] -------------------------------
[2024-11-08T12:51:37-0500] Starting 5G booster for 5 s...
[2024-11-08T12:51:37-0500] 5G booster started at 2024-11-08 12:51:37.865 EST
[2024-11-08T12:51:43-0500] Current time exceeds end time, skipping wait
[2024-11-08T12:51:43-0500] Saved TCP DL results to /data/data/com.termux/files/home/storage/shared/bos_la_2024_trip/verizon/20241108/124723220/tcp_downlink_125137897.out
[2024-11-08T12:51:44-0500] DL AVG TPUT: 
[2024-11-08T12:51:44-0500] 5G booster finished at 2024-11-08 12:51:43.991 EST, duration: 6.126 s
[2024-11-08T12:51:44-0500] -------------------------------
[2024-11-08T12:51:44-0500] Waiting for 2 s...
[2024-11-08T12:51:46-0500] -------------------------------
[2024-11-08T12:51:46-0500] ICMP Ping test started at 2024-11-08 12:51:46.104 EST
[2024-11-08T12:52:16-0500] Waiting for .870 s to reach end time
[2024-11-08T12:52:17-0500] Saved ping test to /data/data/com.termux/files/home/storage/shared/bos_la_2024_trip/verizon/20241108/124723220/icmp_ping_125146135.out
[2024-11-08T12:52:17-0500] Ping summary (min/avg/max/mdev) = 34.641/49.941/122.050/8.844 ms
[2024-11-08T12:52:17-0500] Ping test finished at 2024-11-08 12:52:17.191 EST, duration: 31.087 s
[2024-11-08T12:52:17-0500] -------------------------------
[2024-11-08T12:52:17-0500] Waiting for 2 s...
[2024-11-08T12:52:19-0500] -------------------------------
[2024-11-08T12:52:19-0500] Starting 5G booster for 5 s...
[2024-11-08T12:52:19-0500] 5G booster started at 2024-11-08 12:52:19.307 EST
[2024-11-08T12:52:25-0500] Current time exceeds end time, skipping wait
[2024-11-08T12:52:25-0500] Saved TCP DL results to /data/data/com.termux/files/home/storage/shared/bos_la_2024_trip/verizon/20241108/124723220/tcp_downlink_125219342.out
[2024-11-08T12:52:25-0500] DL AVG TPUT: 
[2024-11-08T12:52:25-0500] 5G booster finished at 2024-11-08 12:52:25.420 EST, duration: 6.113 s
[2024-11-08T12:52:25-0500] -------------------------------
[2024-11-08T12:52:25-0500] Waiting for 2 s...
[2024-11-08T12:52:27-0500] -------------------------------
[2024-11-08T12:52:27-0500] TCP Ping test started at 2024-11-08 12:52:27.533 EST
[2024-11-08T12:52:58-0500] Current time exceeds end time, skipping wait
[2024-11-08T12:52:58-0500] Saved TCP Ping test to /data/data/com.termux/files/home/storage/shared/bos_la_2024_trip/verizon/20241108/124723220/tcp_ping_125227564.out
[2024-11-08T12:52:58-0500] TCP Ping summary (min/avg/max/mdev) 
[2024-11-08T12:52:58-0500] TCP Ping test finished at 2024-11-08 12:52:58.654 EST, duration: 31.121 s
[2024-11-08T12:52:58-0500] -------------------------------
[2024-11-08T12:52:58-0500] Waiting for 2 s...
[2024-11-08T12:53:00-0500] -------------------------------
[2024-11-08T12:53:00-0500] Traceroute test started at 2024-11-08 12:53:00.785 EST
[2024-11-08T12:53:01-0500] Waiting for 28.913 s to reach end time
[2024-11-08T12:53:30-0500] Saved traceroute test to /data/data/com.termux/files/home/storage/shared/bos_la_2024_trip/verizon/20241108/124723220/traceroute_125300821.out
[2024-11-08T12:53:30-0500] Traceroute summary (min/avg/max/mdev) 
[2024-11-08T12:53:30-0500] Traceroute test finished at 2024-11-08 12:53:30.865 EST, duration: 30.080 s
[2024-11-08T12:53:30-0500] -------------------------------
[2024-11-08T12:53:30-0500] All tests completed, cleaning up...
[2024-11-08T12:53:30-0500] -------------------------------
[2024-11-08T12:54:00-0500] [measurement] Load environment variables from prod.env file
[2024-11-08T12:54:01-0500] [measurement] Load operator-specific env from verizon.env file
[2024-11-08T12:54:01-0500] Starting a network measurement, please choose a server
[2024-11-08T12:54:01-0500] 0) West Cloud: 54.176.53.206
[2024-11-08T12:54:01-0500] 1) East Cloud: 54.197.223.49
[2024-11-08T12:54:01-0500] 2) Los Angeles Wavelength: 161.188.33.234
[2024-11-08T12:54:01-0500] 3) Las Vegas Wavelength: 155.146.118.158
[2024-11-08T12:54:01-0500] 4) Denver Wavelength: 155.146.144.24
[2024-11-08T12:54:01-0500] 5) Chicago Wavelength: 155.146.180.31
[2024-11-08T12:54:01-0500] 6) Boston Wavelength: 155.146.11.34
[2024-11-08T12:54:05-0500] Enter your choice (0-6): Testing verizon, server 1 (ip: 54.197.223.49, nuttcp_port: 5101, iperf_port: 5001)
[2024-11-08T12:54:05-0500] -------------------------------
[2024-11-08T12:54:05-0500] tcp downlink test started at 2024-11-08 12:54:05.885 EST
[2024-11-08T12:54:05-0500] Testing tcp downlink with 54.197.223.49:5101, interval 0.5 s, duration 120 s, timeout 121 s...
[2024-11-08T12:56:06-0500] Current time exceeds end time, skipping wait
[2024-11-08T12:56:06-0500] Saved tcp downlink test to /data/data/com.termux/files/home/storage/shared/bos_la_2024_trip/verizon/20241108/125405865/tcp_downlink_125405912.out
[2024-11-08T12:56:07-0500] DL AVG TPUT: 
[2024-11-08T12:56:07-0500] tcp downlink test finished at 2024-11-08 12:56:06.996 EST, duration: 121.111 s
[2024-11-08T12:56:07-0500] -------------------------------
[2024-11-08T12:56:07-0500] Waiting for 2 s...
[2024-11-08T12:56:09-0500] -------------------------------
[2024-11-08T12:56:09-0500] Starting 5G booster for 5 s...
[2024-11-08T12:56:09-0500] 5G booster started at 2024-11-08 12:56:09.115 EST
[2024-11-08T12:56:15-0500] Current time exceeds end time, skipping wait
[2024-11-08T12:56:15-0500] Saved TCP DL results to /data/data/com.termux/files/home/storage/shared/bos_la_2024_trip/verizon/20241108/125405865/tcp_downlink_125609148.out
[2024-11-08T12:56:15-0500] DL AVG TPUT: 
[2024-11-08T12:56:15-0500] 5G booster finished at 2024-11-08 12:56:15.203 EST, duration: 6.088 s
[2024-11-08T12:56:15-0500] -------------------------------
[2024-11-08T12:56:15-0500] Waiting for 2 s...
[2024-11-08T12:56:17-0500] -------------------------------
[2024-11-08T12:56:17-0500] tcp uplink test started at 2024-11-08 12:56:17.324 EST
[2024-11-08T12:56:17-0500] testing tcp uplink with 54.197.223.49:5101, interval 0.5, duration 120, timeout 121 ...
[2024-11-08T12:58:18-0500] Current time exceeds end time, skipping wait
[2024-11-08T12:58:18-0500] Saved uplink test to /data/data/com.termux/files/home/storage/shared/bos_la_2024_trip/verizon/20241108/125405865/tcp_uplink_125617358.out
[2024-11-08T12:58:18-0500] UL AVG TPUT: 
[2024-11-08T12:58:18-0500] tcp uplink test finished at 2024-11-08 12:58:18.442 EST, duration: 121.118 s
[2024-11-08T12:58:18-0500] -------------------------------
[2024-11-08T12:58:18-0500] Waiting for 2 s...
[2024-11-08T12:58:20-0500] -------------------------------
[2024-11-08T12:58:20-0500] Starting 5G booster for 5 s...
[2024-11-08T12:58:20-0500] 5G booster started at 2024-11-08 12:58:20.591 EST
[2024-11-08T12:58:26-0500] Current time exceeds end time, skipping wait
[2024-11-08T12:58:26-0500] Saved TCP DL results to /data/data/com.termux/files/home/storage/shared/bos_la_2024_trip/verizon/20241108/125405865/tcp_downlink_125820633.out
[2024-11-08T12:58:26-0500] DL AVG TPUT: 
[2024-11-08T12:58:26-0500] 5G booster finished at 2024-11-08 12:58:26.723 EST, duration: 6.132 s
[2024-11-08T12:58:26-0500] -------------------------------
[2024-11-08T12:58:26-0500] Waiting for 2 s...
[2024-11-08T12:58:28-0500] -------------------------------
[2024-11-08T12:58:28-0500] ICMP Ping test started at 2024-11-08 12:58:28.865 EST
[2024-11-08T12:58:59-0500] Waiting for .861 s to reach end time
[2024-11-08T12:58:59-0500] Saved ping test to /data/data/com.termux/files/home/storage/shared/bos_la_2024_trip/verizon/20241108/125405865/icmp_ping_125828902.out
[2024-11-08T12:58:59-0500] Ping summary (min/avg/max/mdev) = 35.647/45.131/56.732/4.163 ms
[2024-11-08T12:59:00-0500] Ping test finished at 2024-11-08 12:58:59.952 EST, duration: 31.087 s
[2024-11-08T12:59:00-0500] -------------------------------
[2024-11-08T12:59:00-0500] Waiting for 2 s...
[2024-11-08T12:59:02-0500] -------------------------------
[2024-11-08T12:59:02-0500] Starting 5G booster for 5 s...
[2024-11-08T12:59:02-0500] 5G booster started at 2024-11-08 12:59:02.076 EST
[2024-11-08T12:59:08-0500] Current time exceeds end time, skipping wait
[2024-11-08T12:59:08-0500] Saved TCP DL results to /data/data/com.termux/files/home/storage/shared/bos_la_2024_trip/verizon/20241108/125405865/tcp_downlink_125902118.out
[2024-11-08T12:59:08-0500] DL AVG TPUT: 
[2024-11-08T12:59:08-0500] 5G booster finished at 2024-11-08 12:59:08.192 EST, duration: 6.116 s
[2024-11-08T12:59:08-0500] -------------------------------
[2024-11-08T12:59:08-0500] Waiting for 2 s...
[2024-11-08T12:59:10-0500] -------------------------------
[2024-11-08T12:59:10-0500] TCP Ping test started at 2024-11-08 12:59:10.318 EST
[2024-11-08T12:59:41-0500] Current time exceeds end time, skipping wait
[2024-11-08T12:59:41-0500] Saved TCP Ping test to /data/data/com.termux/files/home/storage/shared/bos_la_2024_trip/verizon/20241108/125405865/tcp_ping_125910352.out
[2024-11-08T12:59:41-0500] TCP Ping summary (min/avg/max/mdev) 
[2024-11-08T12:59:41-0500] TCP Ping test finished at 2024-11-08 12:59:41.450 EST, duration: 31.132 s
[2024-11-08T12:59:41-0500] -------------------------------
[2024-11-08T12:59:41-0500] Waiting for 2 s...
[2024-11-08T12:59:43-0500] -------------------------------
[2024-11-08T12:59:43-0500] Traceroute test started at 2024-11-08 12:59:43.563 EST
[2024-11-08T12:59:44-0500] Waiting for 28.826 s to reach end time
[2024-11-08T13:00:13-0500] Saved traceroute test to /data/data/com.termux/files/home/storage/shared/bos_la_2024_trip/verizon/20241108/125405865/traceroute_125943591.out
[2024-11-08T13:00:13-0500] Traceroute summary (min/avg/max/mdev) 
[2024-11-08T13:00:13-0500] Traceroute test finished at 2024-11-08 13:00:13.657 EST, duration: 30.094 s
[2024-11-08T13:00:13-0500] -------------------------------
[2024-11-08T13:00:13-0500] All tests completed, cleaning up...
[2024-11-08T13:00:13-0500] -------------------------------
[2024-11-08T13:53:19-0500] [measurement] Load environment variables from prod.env file
[2024-11-08T13:53:19-0500] [measurement] Load operator-specific env from verizon.env file
[2024-11-08T13:53:19-0500] Starting a network measurement, please choose a server
[2024-11-08T13:53:19-0500] 0) West Cloud: 54.176.53.206
[2024-11-08T13:53:19-0500] 1) East Cloud: 54.197.223.49
[2024-11-08T13:53:19-0500] 2) Los Angeles Wavelength: 161.188.33.234
[2024-11-08T13:53:19-0500] 3) Las Vegas Wavelength: 155.146.118.158
[2024-11-08T13:53:19-0500] 4) Denver Wavelength: 155.146.144.24
[2024-11-08T13:53:19-0500] 5) Chicago Wavelength: 155.146.180.31
[2024-11-08T13:53:19-0500] 6) Boston Wavelength: 155.146.11.34
[2024-11-08T13:53:29-0500] Enter your choice (0-6): Testing verizon, server 1 (ip: 54.197.223.49, nuttcp_port: 5101, iperf_port: 5001)
[2024-11-08T13:53:29-0500] -------------------------------
[2024-11-08T13:53:29-0500] tcp downlink test started at 2024-11-08 13:53:29.941 EST
[2024-11-08T13:53:30-0500] Testing tcp downlink with 54.197.223.49:5101, interval 0.5 s, duration 120 s, timeout 121 s...
[2024-11-08T13:55:31-0500] Current time exceeds end time, skipping wait
[2024-11-08T13:55:31-0500] Saved tcp downlink test to /data/data/com.termux/files/home/storage/shared/bos_la_2024_trip/verizon/20241108/135329919/tcp_downlink_135329971.out
[2024-11-08T13:55:31-0500] DL AVG TPUT: 
[2024-11-08T13:55:31-0500] tcp downlink test finished at 2024-11-08 13:55:31.179 EST, duration: 121.238 s
[2024-11-08T13:55:31-0500] -------------------------------
[2024-11-08T13:55:31-0500] Waiting for 2 s...
[2024-11-08T13:55:33-0500] -------------------------------
[2024-11-08T13:55:33-0500] Starting 5G booster for 5 s...
[2024-11-08T13:55:33-0500] 5G booster started at 2024-11-08 13:55:33.315 EST
[2024-11-08T13:55:39-0500] Current time exceeds end time, skipping wait
[2024-11-08T13:55:39-0500] Saved TCP DL results to /data/data/com.termux/files/home/storage/shared/bos_la_2024_trip/verizon/20241108/135329919/tcp_downlink_135533343.out
[2024-11-08T13:55:39-0500] DL AVG TPUT: 
[2024-11-08T13:55:39-0500] 5G booster finished at 2024-11-08 13:55:39.472 EST, duration: 6.157 s
[2024-11-08T13:55:39-0500] -------------------------------
[2024-11-08T13:55:39-0500] Waiting for 2 s...
[2024-11-08T13:55:41-0500] -------------------------------
[2024-11-08T13:55:41-0500] tcp uplink test started at 2024-11-08 13:55:41.585 EST
[2024-11-08T13:55:41-0500] testing tcp uplink with 54.197.223.49:5101, interval 0.5, duration 120, timeout 121 ...
[2024-11-08T13:57:42-0500] Current time exceeds end time, skipping wait
[2024-11-08T13:57:42-0500] Saved uplink test to /data/data/com.termux/files/home/storage/shared/bos_la_2024_trip/verizon/20241108/135329919/tcp_uplink_135541614.out
[2024-11-08T13:57:42-0500] UL AVG TPUT: 
[2024-11-08T13:57:42-0500] tcp uplink test finished at 2024-11-08 13:57:42.688 EST, duration: 121.103 s
[2024-11-08T13:57:42-0500] -------------------------------
[2024-11-08T13:57:42-0500] Waiting for 2 s...
[2024-11-08T13:57:44-0500] -------------------------------
[2024-11-08T13:57:44-0500] Starting 5G booster for 5 s...
[2024-11-08T13:57:44-0500] 5G booster started at 2024-11-08 13:57:44.806 EST
[2024-11-08T13:57:50-0500] Current time exceeds end time, skipping wait
[2024-11-08T13:57:50-0500] Saved TCP DL results to /data/data/com.termux/files/home/storage/shared/bos_la_2024_trip/verizon/20241108/135329919/tcp_downlink_135744835.out
[2024-11-08T13:57:50-0500] DL AVG TPUT: 
[2024-11-08T13:57:51-0500] 5G booster finished at 2024-11-08 13:57:50.952 EST, duration: 6.146 s
[2024-11-08T13:57:51-0500] -------------------------------
[2024-11-08T13:57:51-0500] Waiting for 2 s...
[2024-11-08T13:57:53-0500] -------------------------------
[2024-11-08T13:57:53-0500] ICMP Ping test started at 2024-11-08 13:57:53.079 EST
[2024-11-08T13:58:23-0500] Waiting for .863 s to reach end time
[2024-11-08T13:58:24-0500] Saved ping test to /data/data/com.termux/files/home/storage/shared/bos_la_2024_trip/verizon/20241108/135329919/icmp_ping_135753114.out
[2024-11-08T13:58:24-0500] Ping summary (min/avg/max/mdev) = 33.734/43.798/115.424/6.794 ms
[2024-11-08T13:58:24-0500] Ping test finished at 2024-11-08 13:58:24.199 EST, duration: 31.120 s
[2024-11-08T13:58:24-0500] -------------------------------
[2024-11-08T13:58:24-0500] Waiting for 2 s...
[2024-11-08T13:58:26-0500] -------------------------------
[2024-11-08T13:58:26-0500] Starting 5G booster for 5 s...
[2024-11-08T13:58:26-0500] 5G booster started at 2024-11-08 13:58:26.318 EST
[2024-11-08T13:58:32-0500] Current time exceeds end time, skipping wait
[2024-11-08T13:58:32-0500] Saved TCP DL results to /data/data/com.termux/files/home/storage/shared/bos_la_2024_trip/verizon/20241108/135329919/tcp_downlink_135826373.out
[2024-11-08T13:58:32-0500] DL AVG TPUT: 
[2024-11-08T13:58:32-0500] 5G booster finished at 2024-11-08 13:58:32.468 EST, duration: 6.150 s
[2024-11-08T13:58:32-0500] -------------------------------
[2024-11-08T13:58:32-0500] Waiting for 2 s...
[2024-11-08T13:58:34-0500] -------------------------------
[2024-11-08T13:58:34-0500] TCP Ping test started at 2024-11-08 13:58:34.566 EST
[2024-11-08T13:59:05-0500] Current time exceeds end time, skipping wait
[2024-11-08T13:59:05-0500] Saved TCP Ping test to /data/data/com.termux/files/home/storage/shared/bos_la_2024_trip/verizon/20241108/135329919/tcp_ping_135834593.out
[2024-11-08T13:59:05-0500] TCP Ping summary (min/avg/max/mdev) 
[2024-11-08T13:59:05-0500] TCP Ping test finished at 2024-11-08 13:59:05.694 EST, duration: 31.128 s
[2024-11-08T13:59:05-0500] -------------------------------
[2024-11-08T13:59:05-0500] Waiting for 2 s...
[2024-11-08T13:59:07-0500] -------------------------------
[2024-11-08T13:59:07-0500] Traceroute test started at 2024-11-08 13:59:07.831 EST
[2024-11-08T13:59:08-0500] Waiting for 28.919 s to reach end time
[2024-11-08T13:59:37-0500] Saved traceroute test to /data/data/com.termux/files/home/storage/shared/bos_la_2024_trip/verizon/20241108/135329919/traceroute_135907860.out
[2024-11-08T13:59:37-0500] Traceroute summary (min/avg/max/mdev) 
[2024-11-08T13:59:37-0500] Traceroute test finished at 2024-11-08 13:59:37.936 EST, duration: 30.105 s
[2024-11-08T13:59:37-0500] -------------------------------
[2024-11-08T13:59:37-0500] All tests completed, cleaning up...
[2024-11-08T13:59:37-0500] -------------------------------
[2024-11-08T14:00:07-0500] [measurement] Load environment variables from prod.env file
[2024-11-08T14:00:07-0500] [measurement] Load operator-specific env from verizon.env file
[2024-11-08T14:00:07-0500] Starting a network measurement, please choose a server
[2024-11-08T14:00:07-0500] 0) West Cloud: 54.176.53.206
[2024-11-08T14:00:07-0500] 1) East Cloud: 54.197.223.49
[2024-11-08T14:00:07-0500] 2) Los Angeles Wavelength: 161.188.33.234
[2024-11-08T14:00:07-0500] 3) Las Vegas Wavelength: 155.146.118.158
[2024-11-08T14:00:07-0500] 4) Denver Wavelength: 155.146.144.24
[2024-11-08T14:00:07-0500] 5) Chicago Wavelength: 155.146.180.31
[2024-11-08T14:00:07-0500] 6) Boston Wavelength: 155.146.11.34
[2024-11-08T14:00:18-0500] Enter your choice (0-6): Testing verizon, server 1 (ip: 54.197.223.49, nuttcp_port: 5101, iperf_port: 5001)
[2024-11-08T14:00:18-0500] -------------------------------
[2024-11-08T14:00:18-0500] tcp downlink test started at 2024-11-08 14:00:18.476 EST
[2024-11-08T14:00:18-0500] Testing tcp downlink with 54.197.223.49:5101, interval 0.5 s, duration 120 s, timeout 121 s...
[2024-11-08T14:02:19-0500] Current time exceeds end time, skipping wait
[2024-11-08T14:02:19-0500] Saved tcp downlink test to /data/data/com.termux/files/home/storage/shared/bos_la_2024_trip/verizon/20241108/140018455/tcp_downlink_140018505.out
[2024-11-08T14:02:19-0500] DL AVG TPUT: 
[2024-11-08T14:02:19-0500] tcp downlink test finished at 2024-11-08 14:02:19.584 EST, duration: 121.108 s
[2024-11-08T14:02:19-0500] -------------------------------
[2024-11-08T14:02:19-0500] Waiting for 2 s...
[2024-11-08T14:02:21-0500] -------------------------------
[2024-11-08T14:02:21-0500] Starting 5G booster for 5 s...
[2024-11-08T14:02:21-0500] 5G booster started at 2024-11-08 14:02:21.721 EST
[2024-11-08T14:02:27-0500] Current time exceeds end time, skipping wait
[2024-11-08T14:02:27-0500] Saved TCP DL results to /data/data/com.termux/files/home/storage/shared/bos_la_2024_trip/verizon/20241108/140018455/tcp_downlink_140221750.out
[2024-11-08T14:02:27-0500] DL AVG TPUT: 
[2024-11-08T14:02:27-0500] 5G booster finished at 2024-11-08 14:02:27.860 EST, duration: 6.139 s
[2024-11-08T14:02:27-0500] -------------------------------
[2024-11-08T14:02:27-0500] Waiting for 2 s...
[2024-11-08T14:02:29-0500] -------------------------------
[2024-11-08T14:02:29-0500] tcp uplink test started at 2024-11-08 14:02:29.957 EST
[2024-11-08T14:02:29-0500] testing tcp uplink with 54.197.223.49:5101, interval 0.5, duration 120, timeout 121 ...
[2024-11-08T14:04:31-0500] Current time exceeds end time, skipping wait
[2024-11-08T14:04:31-0500] Saved uplink test to /data/data/com.termux/files/home/storage/shared/bos_la_2024_trip/verizon/20241108/140018455/tcp_uplink_140229983.out
[2024-11-08T14:04:31-0500] UL AVG TPUT: 
[2024-11-08T14:04:31-0500] tcp uplink test finished at 2024-11-08 14:04:31.096 EST, duration: 121.139 s
[2024-11-08T14:04:31-0500] -------------------------------
[2024-11-08T14:04:31-0500] Waiting for 2 s...
[2024-11-08T14:04:33-0500] -------------------------------
[2024-11-08T14:04:33-0500] Starting 5G booster for 5 s...
[2024-11-08T14:04:33-0500] 5G booster started at 2024-11-08 14:04:33.240 EST
[2024-11-08T14:04:39-0500] Current time exceeds end time, skipping wait
[2024-11-08T14:04:39-0500] Saved TCP DL results to /data/data/com.termux/files/home/storage/shared/bos_la_2024_trip/verizon/20241108/140018455/tcp_downlink_140433269.out
[2024-11-08T14:04:39-0500] DL AVG TPUT: 
[2024-11-08T14:04:39-0500] 5G booster finished at 2024-11-08 14:04:39.384 EST, duration: 6.144 s
[2024-11-08T14:04:39-0500] -------------------------------
[2024-11-08T14:04:39-0500] Waiting for 2 s...
[2024-11-08T14:04:41-0500] -------------------------------
[2024-11-08T14:04:41-0500] ICMP Ping test started at 2024-11-08 14:04:41.512 EST
[2024-11-08T14:05:11-0500] Waiting for .905 s to reach end time
[2024-11-08T14:05:12-0500] Saved ping test to /data/data/com.termux/files/home/storage/shared/bos_la_2024_trip/verizon/20241108/140018455/icmp_ping_140441541.out
[2024-11-08T14:05:12-0500] Ping summary (min/avg/max/mdev) = 35.796/59.857/686.306/66.745 ms
[2024-11-08T14:05:12-0500] Ping test finished at 2024-11-08 14:05:12.613 EST, duration: 31.101 s
[2024-11-08T14:05:12-0500] -------------------------------
[2024-11-08T14:05:12-0500] Waiting for 2 s...
[2024-11-08T14:05:14-0500] -------------------------------
[2024-11-08T14:05:14-0500] Starting 5G booster for 5 s...
[2024-11-08T14:05:14-0500] 5G booster started at 2024-11-08 14:05:14.711 EST
[2024-11-08T14:05:20-0500] Current time exceeds end time, skipping wait
[2024-11-08T14:05:20-0500] Saved TCP DL results to /data/data/com.termux/files/home/storage/shared/bos_la_2024_trip/verizon/20241108/140018455/tcp_downlink_140514743.out
[2024-11-08T14:05:20-0500] DL AVG TPUT: 
[2024-11-08T14:05:20-0500] 5G booster finished at 2024-11-08 14:05:20.855 EST, duration: 6.144 s
[2024-11-08T14:05:20-0500] -------------------------------
[2024-11-08T14:05:20-0500] Waiting for 2 s...
[2024-11-08T14:05:22-0500] -------------------------------
[2024-11-08T14:05:23-0500] TCP Ping test started at 2024-11-08 14:05:22.978 EST
[2024-11-08T14:05:54-0500] Current time exceeds end time, skipping wait
[2024-11-08T14:05:54-0500] Saved TCP Ping test to /data/data/com.termux/files/home/storage/shared/bos_la_2024_trip/verizon/20241108/140018455/tcp_ping_140523047.out
[2024-11-08T14:05:54-0500] TCP Ping summary (min/avg/max/mdev) 
[2024-11-08T14:05:54-0500] TCP Ping test finished at 2024-11-08 14:05:54.112 EST, duration: 31.134 s
[2024-11-08T14:05:54-0500] -------------------------------
[2024-11-08T14:05:54-0500] Waiting for 2 s...
[2024-11-08T14:05:56-0500] -------------------------------
[2024-11-08T14:05:56-0500] Traceroute test started at 2024-11-08 14:05:56.190 EST
[2024-11-08T14:05:57-0500] Waiting for 28.601 s to reach end time
[2024-11-08T14:06:26-0500] Saved traceroute test to /data/data/com.termux/files/home/storage/shared/bos_la_2024_trip/verizon/20241108/140018455/traceroute_140556213.out
[2024-11-08T14:06:26-0500] Traceroute summary (min/avg/max/mdev) 
[2024-11-08T14:06:26-0500] Traceroute test finished at 2024-11-08 14:06:26.279 EST, duration: 30.089 s
[2024-11-08T14:06:26-0500] -------------------------------
[2024-11-08T14:06:26-0500] All tests completed, cleaning up...
[2024-11-08T14:06:26-0500] -------------------------------
[2024-11-08T14:06:47-0500] [measurement] Load environment variables from prod.env file
[2024-11-08T14:06:47-0500] [measurement] Load operator-specific env from verizon.env file
[2024-11-08T14:06:47-0500] Starting a network measurement, please choose a server
[2024-11-08T14:06:47-0500] 0) West Cloud: 54.176.53.206
[2024-11-08T14:06:47-0500] 1) East Cloud: 54.197.223.49
[2024-11-08T14:06:47-0500] 2) Los Angeles Wavelength: 161.188.33.234
[2024-11-08T14:06:47-0500] 3) Las Vegas Wavelength: 155.146.118.158
[2024-11-08T14:06:47-0500] 4) Denver Wavelength: 155.146.144.24
[2024-11-08T14:06:47-0500] 5) Chicago Wavelength: 155.146.180.31
[2024-11-08T14:06:47-0500] 6) Boston Wavelength: 155.146.11.34
[2024-11-08T14:07:01-0500] Enter your choice (0-6): Testing verizon, server 1 (ip: 54.197.223.49, nuttcp_port: 5101, iperf_port: 5001)
[2024-11-08T14:07:01-0500] -------------------------------
[2024-11-08T14:07:01-0500] tcp downlink test started at 2024-11-08 14:07:01.223 EST
[2024-11-08T14:07:01-0500] Testing tcp downlink with 54.197.223.49:5101, interval 0.5 s, duration 120 s, timeout 121 s...
[2024-11-08T14:09:02-0500] Current time exceeds end time, skipping wait
[2024-11-08T14:09:02-0500] Saved tcp downlink test to /data/data/com.termux/files/home/storage/shared/bos_la_2024_trip/verizon/20241108/140701204/tcp_downlink_140701260.out
[2024-11-08T14:09:02-0500] DL AVG TPUT: 
[2024-11-08T14:09:02-0500] tcp downlink test finished at 2024-11-08 14:09:02.383 EST, duration: 121.160 s
[2024-11-08T14:09:02-0500] -------------------------------
[2024-11-08T14:09:02-0500] Waiting for 2 s...
[2024-11-08T14:09:04-0500] -------------------------------
[2024-11-08T14:09:04-0500] Starting 5G booster for 5 s...
[2024-11-08T14:09:04-0500] 5G booster started at 2024-11-08 14:09:04.502 EST
[2024-11-08T14:09:10-0500] Current time exceeds end time, skipping wait
[2024-11-08T14:09:10-0500] Saved TCP DL results to /data/data/com.termux/files/home/storage/shared/bos_la_2024_trip/verizon/20241108/140701204/tcp_downlink_140904548.out
[2024-11-08T14:09:10-0500] DL AVG TPUT: 
[2024-11-08T14:09:10-0500] 5G booster finished at 2024-11-08 14:09:10.663 EST, duration: 6.161 s
[2024-11-08T14:09:10-0500] -------------------------------
[2024-11-08T14:09:10-0500] Waiting for 2 s...
[2024-11-08T14:09:12-0500] -------------------------------
[2024-11-08T14:09:12-0500] tcp uplink test started at 2024-11-08 14:09:12.775 EST
[2024-11-08T14:09:12-0500] testing tcp uplink with 54.197.223.49:5101, interval 0.5, duration 120, timeout 121 ...
[2024-11-08T14:11:13-0500] Current time exceeds end time, skipping wait
[2024-11-08T14:11:13-0500] Saved uplink test to /data/data/com.termux/files/home/storage/shared/bos_la_2024_trip/verizon/20241108/140701204/tcp_uplink_140912825.out
[2024-11-08T14:11:13-0500] UL AVG TPUT: 
[2024-11-08T14:11:14-0500] tcp uplink test finished at 2024-11-08 14:11:13.911 EST, duration: 121.136 s
[2024-11-08T14:11:14-0500] -------------------------------
[2024-11-08T14:11:14-0500] Waiting for 2 s...
[2024-11-08T14:11:16-0500] -------------------------------
[2024-11-08T14:11:16-0500] Starting 5G booster for 5 s...
[2024-11-08T14:11:16-0500] 5G booster started at 2024-11-08 14:11:16.047 EST
[2024-11-08T14:11:22-0500] Current time exceeds end time, skipping wait
[2024-11-08T14:11:22-0500] Saved TCP DL results to /data/data/com.termux/files/home/storage/shared/bos_la_2024_trip/verizon/20241108/140701204/tcp_downlink_141116076.out
[2024-11-08T14:11:22-0500] DL AVG TPUT: 
[2024-11-08T14:11:22-0500] 5G booster finished at 2024-11-08 14:11:22.169 EST, duration: 6.122 s
[2024-11-08T14:11:22-0500] -------------------------------
[2024-11-08T14:11:22-0500] Waiting for 2 s...
[2024-11-08T14:11:24-0500] -------------------------------
[2024-11-08T14:11:24-0500] ICMP Ping test started at 2024-11-08 14:11:24.288 EST
[2024-11-08T14:11:54-0500] Waiting for .877 s to reach end time
[2024-11-08T14:11:55-0500] Saved ping test to /data/data/com.termux/files/home/storage/shared/bos_la_2024_trip/verizon/20241108/140701204/icmp_ping_141124318.out
[2024-11-08T14:11:55-0500] Ping summary (min/avg/max/mdev) = 49.913/65.182/441.604/39.408 ms
[2024-11-08T14:11:55-0500] Ping test finished at 2024-11-08 14:11:55.360 EST, duration: 31.072 s
[2024-11-08T14:11:55-0500] -------------------------------
[2024-11-08T14:11:55-0500] Waiting for 2 s...
[2024-11-08T14:11:57-0500] -------------------------------
[2024-11-08T14:11:57-0500] Starting 5G booster for 5 s...
[2024-11-08T14:11:57-0500] 5G booster started at 2024-11-08 14:11:57.471 EST
[2024-11-08T14:12:03-0500] Current time exceeds end time, skipping wait
[2024-11-08T14:12:03-0500] Saved TCP DL results to /data/data/com.termux/files/home/storage/shared/bos_la_2024_trip/verizon/20241108/140701204/tcp_downlink_141157505.out
[2024-11-08T14:12:03-0500] DL AVG TPUT: 
[2024-11-08T14:12:03-0500] 5G booster finished at 2024-11-08 14:12:03.588 EST, duration: 6.117 s
[2024-11-08T14:12:03-0500] -------------------------------
[2024-11-08T14:12:03-0500] Waiting for 2 s...
[2024-11-08T14:12:05-0500] -------------------------------
[2024-11-08T14:12:05-0500] TCP Ping test started at 2024-11-08 14:12:05.688 EST
[2024-11-08T14:12:36-0500] Current time exceeds end time, skipping wait
[2024-11-08T14:12:36-0500] Saved TCP Ping test to /data/data/com.termux/files/home/storage/shared/bos_la_2024_trip/verizon/20241108/140701204/tcp_ping_141205738.out
[2024-11-08T14:12:36-0500] TCP Ping summary (min/avg/max/mdev) 
[2024-11-08T14:12:36-0500] TCP Ping test finished at 2024-11-08 14:12:36.856 EST, duration: 31.168 s
[2024-11-08T14:12:36-0500] -------------------------------
[2024-11-08T14:12:36-0500] Waiting for 2 s...
[2024-11-08T14:12:38-0500] -------------------------------
[2024-11-08T14:12:38-0500] Traceroute test started at 2024-11-08 14:12:38.963 EST
[2024-11-08T14:12:40-0500] Waiting for 28.429 s to reach end time
[2024-11-08T14:13:09-0500] Saved traceroute test to /data/data/com.termux/files/home/storage/shared/bos_la_2024_trip/verizon/20241108/140701204/traceroute_141238984.out
[2024-11-08T14:13:09-0500] Traceroute summary (min/avg/max/mdev) 
[2024-11-08T14:13:09-0500] Traceroute test finished at 2024-11-08 14:13:09.111 EST, duration: 30.148 s
[2024-11-08T14:13:09-0500] -------------------------------
[2024-11-08T14:13:09-0500] All tests completed, cleaning up...
[2024-11-08T14:13:09-0500] -------------------------------
[2024-11-08T14:14:12-0500] [measurement] Load environment variables from prod.env file
[2024-11-08T14:14:12-0500] [measurement] Load operator-specific env from verizon.env file
[2024-11-08T14:14:12-0500] Starting a network measurement, please choose a server
[2024-11-08T14:14:12-0500] 0) West Cloud: 54.176.53.206
[2024-11-08T14:14:12-0500] 1) East Cloud: 54.197.223.49
[2024-11-08T14:14:12-0500] 2) Los Angeles Wavelength: 161.188.33.234
[2024-11-08T14:14:12-0500] 3) Las Vegas Wavelength: 155.146.118.158
[2024-11-08T14:14:12-0500] 4) Denver Wavelength: 155.146.144.24
[2024-11-08T14:14:12-0500] 5) Chicago Wavelength: 155.146.180.31
[2024-11-08T14:14:12-0500] 6) Boston Wavelength: 155.146.11.34
[2024-11-08T14:14:18-0500] Enter your choice (0-6): Testing verizon, server 1 (ip: 54.197.223.49, nuttcp_port: 5101, iperf_port: 5001)
[2024-11-08T14:14:18-0500] -------------------------------
[2024-11-08T14:14:18-0500] tcp downlink test started at 2024-11-08 14:14:18.603 EST
[2024-11-08T14:14:18-0500] Testing tcp downlink with 54.197.223.49:5101, interval 0.5 s, duration 120 s, timeout 121 s...
[2024-11-08T14:16:19-0500] Current time exceeds end time, skipping wait
[2024-11-08T14:16:19-0500] Saved tcp downlink test to /data/data/com.termux/files/home/storage/shared/bos_la_2024_trip/verizon/20241108/141418586/tcp_downlink_141418624.out
[2024-11-08T14:16:19-0500] DL AVG TPUT: 
[2024-11-08T14:16:19-0500] tcp downlink test finished at 2024-11-08 14:16:19.687 EST, duration: 121.084 s
[2024-11-08T14:16:19-0500] -------------------------------
[2024-11-08T14:16:19-0500] Waiting for 2 s...
[2024-11-08T14:16:21-0500] -------------------------------
[2024-11-08T14:16:21-0500] Starting 5G booster for 5 s...
[2024-11-08T14:16:21-0500] 5G booster started at 2024-11-08 14:16:21.798 EST
[2024-11-08T14:16:27-0500] Current time exceeds end time, skipping wait
[2024-11-08T14:16:27-0500] Saved TCP DL results to /data/data/com.termux/files/home/storage/shared/bos_la_2024_trip/verizon/20241108/141418586/tcp_downlink_141621827.out
[2024-11-08T14:16:27-0500] DL AVG TPUT: 
[2024-11-08T14:16:28-0500] 5G booster finished at 2024-11-08 14:16:27.952 EST, duration: 6.154 s
[2024-11-08T14:16:28-0500] -------------------------------
[2024-11-08T14:16:28-0500] Waiting for 2 s...
[2024-11-08T14:16:30-0500] -------------------------------
[2024-11-08T14:16:30-0500] tcp uplink test started at 2024-11-08 14:16:30.070 EST
[2024-11-08T14:16:30-0500] testing tcp uplink with 54.197.223.49:5101, interval 0.5, duration 120, timeout 121 ...
[2024-11-08T14:18:31-0500] Current time exceeds end time, skipping wait
[2024-11-08T14:18:31-0500] Saved uplink test to /data/data/com.termux/files/home/storage/shared/bos_la_2024_trip/verizon/20241108/141418586/tcp_uplink_141630097.out
[2024-11-08T14:18:31-0500] UL AVG TPUT: 
[2024-11-08T14:18:31-0500] tcp uplink test finished at 2024-11-08 14:18:31.209 EST, duration: 121.139 s
[2024-11-08T14:18:31-0500] -------------------------------
[2024-11-08T14:18:31-0500] Waiting for 2 s...
[2024-11-08T14:18:33-0500] -------------------------------
[2024-11-08T14:18:33-0500] Starting 5G booster for 5 s...
[2024-11-08T14:18:33-0500] 5G booster started at 2024-11-08 14:18:33.320 EST
[2024-11-08T14:18:39-0500] Current time exceeds end time, skipping wait
[2024-11-08T14:18:39-0500] Saved TCP DL results to /data/data/com.termux/files/home/storage/shared/bos_la_2024_trip/verizon/20241108/141418586/tcp_downlink_141833369.out
[2024-11-08T14:18:39-0500] DL AVG TPUT: 
[2024-11-08T14:18:39-0500] 5G booster finished at 2024-11-08 14:18:39.520 EST, duration: 6.200 s
[2024-11-08T14:18:39-0500] -------------------------------
[2024-11-08T14:18:39-0500] Waiting for 2 s...
[2024-11-08T14:18:41-0500] -------------------------------
[2024-11-08T14:18:41-0500] ICMP Ping test started at 2024-11-08 14:18:41.635 EST
[2024-11-08T14:19:11-0500] Waiting for .900 s to reach end time
[2024-11-08T14:19:12-0500] Saved ping test to /data/data/com.termux/files/home/storage/shared/bos_la_2024_trip/verizon/20241108/141418586/icmp_ping_141841665.out
[2024-11-08T14:19:12-0500] Ping summary (min/avg/max/mdev) = 49.570/61.791/140.986/12.826 ms
[2024-11-08T14:19:12-0500] Ping test finished at 2024-11-08 14:19:12.703 EST, duration: 31.068 s
[2024-11-08T14:19:12-0500] -------------------------------
[2024-11-08T14:19:12-0500] Waiting for 2 s...
[2024-11-08T14:19:14-0500] -------------------------------
[2024-11-08T14:19:14-0500] Starting 5G booster for 5 s...
[2024-11-08T14:19:14-0500] 5G booster started at 2024-11-08 14:19:14.814 EST
[2024-11-08T14:19:20-0500] Current time exceeds end time, skipping wait
[2024-11-08T14:19:20-0500] Saved TCP DL results to /data/data/com.termux/files/home/storage/shared/bos_la_2024_trip/verizon/20241108/141418586/tcp_downlink_141914838.out
[2024-11-08T14:19:20-0500] DL AVG TPUT: 
[2024-11-08T14:19:20-0500] 5G booster finished at 2024-11-08 14:19:20.901 EST, duration: 6.087 s
[2024-11-08T14:19:20-0500] -------------------------------
[2024-11-08T14:19:20-0500] Waiting for 2 s...
[2024-11-08T14:19:23-0500] -------------------------------
[2024-11-08T14:19:23-0500] TCP Ping test started at 2024-11-08 14:19:23.018 EST
[2024-11-08T14:19:54-0500] Current time exceeds end time, skipping wait
[2024-11-08T14:19:54-0500] Saved TCP Ping test to /data/data/com.termux/files/home/storage/shared/bos_la_2024_trip/verizon/20241108/141418586/tcp_ping_141923043.out
[2024-11-08T14:19:54-0500] TCP Ping summary (min/avg/max/mdev) 
[2024-11-08T14:19:54-0500] TCP Ping test finished at 2024-11-08 14:19:54.160 EST, duration: 31.142 s
[2024-11-08T14:19:54-0500] -------------------------------
[2024-11-08T14:19:54-0500] Waiting for 2 s...
[2024-11-08T14:19:56-0500] -------------------------------
[2024-11-08T14:19:56-0500] Traceroute test started at 2024-11-08 14:19:56.280 EST
[2024-11-08T14:19:57-0500] Waiting for 28.617 s to reach end time
[2024-11-08T14:20:26-0500] Saved traceroute test to /data/data/com.termux/files/home/storage/shared/bos_la_2024_trip/verizon/20241108/141418586/traceroute_141956332.out
[2024-11-08T14:20:26-0500] Traceroute summary (min/avg/max/mdev) 
[2024-11-08T14:20:26-0500] Traceroute test finished at 2024-11-08 14:20:26.342 EST, duration: 30.062 s
[2024-11-08T14:20:26-0500] -------------------------------
[2024-11-08T14:20:26-0500] All tests completed, cleaning up...
[2024-11-08T14:20:26-0500] -------------------------------
[2024-11-08T14:28:05-0500] [measurement] Load environment variables from prod.env file
[2024-11-08T14:28:05-0500] [measurement] Load operator-specific env from verizon.env file
[2024-11-08T14:28:05-0500] Starting a network measurement, please choose a server
[2024-11-08T14:28:05-0500] 0) West Cloud: 54.176.53.206
[2024-11-08T14:28:05-0500] 1) East Cloud: 54.197.223.49
[2024-11-08T14:28:05-0500] 2) Los Angeles Wavelength: 161.188.33.234
[2024-11-08T14:28:05-0500] 3) Las Vegas Wavelength: 155.146.118.158
[2024-11-08T14:28:05-0500] 4) Denver Wavelength: 155.146.144.24
[2024-11-08T14:28:05-0500] 5) Chicago Wavelength: 155.146.180.31
[2024-11-08T14:28:05-0500] 6) Boston Wavelength: 155.146.11.34
[2024-11-08T14:28:13-0500] Enter your choice (0-6): Testing verizon, server 1 (ip: 54.197.223.49, nuttcp_port: 5101, iperf_port: 5001)
[2024-11-08T14:28:13-0500] -------------------------------
[2024-11-08T14:28:13-0500] tcp downlink test started at 2024-11-08 14:28:13.471 EST
[2024-11-08T14:28:13-0500] Testing tcp downlink with 54.197.223.49:5101, interval 0.5 s, duration 120 s, timeout 121 s...
[2024-11-08T14:30:14-0500] Current time exceeds end time, skipping wait
[2024-11-08T14:30:14-0500] Saved tcp downlink test to /data/data/com.termux/files/home/storage/shared/bos_la_2024_trip/verizon/20241108/142813451/tcp_downlink_142813503.out
[2024-11-08T14:30:14-0500] DL AVG TPUT: 
[2024-11-08T14:30:14-0500] tcp downlink test finished at 2024-11-08 14:30:14.661 EST, duration: 121.190 s
[2024-11-08T14:30:14-0500] -------------------------------
[2024-11-08T14:30:14-0500] Waiting for 2 s...
[2024-11-08T14:30:16-0500] -------------------------------
[2024-11-08T14:30:16-0500] Starting 5G booster for 5 s...
[2024-11-08T14:30:16-0500] 5G booster started at 2024-11-08 14:30:16.817 EST
[2024-11-08T14:30:22-0500] Current time exceeds end time, skipping wait
[2024-11-08T14:30:22-0500] Saved TCP DL results to /data/data/com.termux/files/home/storage/shared/bos_la_2024_trip/verizon/20241108/142813451/tcp_downlink_143016848.out
[2024-11-08T14:30:22-0500] DL AVG TPUT: 
[2024-11-08T14:30:23-0500] 5G booster finished at 2024-11-08 14:30:22.954 EST, duration: 6.137 s
[2024-11-08T14:30:23-0500] -------------------------------
[2024-11-08T14:30:23-0500] Waiting for 2 s...
[2024-11-08T14:30:25-0500] -------------------------------
[2024-11-08T14:30:25-0500] tcp uplink test started at 2024-11-08 14:30:25.070 EST
[2024-11-08T14:30:25-0500] testing tcp uplink with 54.197.223.49:5101, interval 0.5, duration 120, timeout 121 ...
[2024-11-08T14:32:26-0500] Current time exceeds end time, skipping wait
[2024-11-08T14:32:26-0500] Saved uplink test to /data/data/com.termux/files/home/storage/shared/bos_la_2024_trip/verizon/20241108/142813451/tcp_uplink_143025098.out
[2024-11-08T14:32:26-0500] UL AVG TPUT: 
[2024-11-08T14:32:26-0500] tcp uplink test finished at 2024-11-08 14:32:26.189 EST, duration: 121.119 s
[2024-11-08T14:32:26-0500] -------------------------------
[2024-11-08T14:32:26-0500] Waiting for 2 s...
[2024-11-08T14:32:28-0500] -------------------------------
[2024-11-08T14:32:28-0500] Starting 5G booster for 5 s...
[2024-11-08T14:32:28-0500] 5G booster started at 2024-11-08 14:32:28.335 EST
[2024-11-08T14:32:34-0500] Current time exceeds end time, skipping wait
[2024-11-08T14:32:34-0500] Saved TCP DL results to /data/data/com.termux/files/home/storage/shared/bos_la_2024_trip/verizon/20241108/142813451/tcp_downlink_143228385.out
[2024-11-08T14:32:34-0500] DL AVG TPUT: 
[2024-11-08T14:32:34-0500] 5G booster finished at 2024-11-08 14:32:34.494 EST, duration: 6.159 s
[2024-11-08T14:32:34-0500] -------------------------------
[2024-11-08T14:32:34-0500] Waiting for 2 s...
[2024-11-08T14:32:36-0500] -------------------------------
[2024-11-08T14:32:36-0500] ICMP Ping test started at 2024-11-08 14:32:36.612 EST
[2024-11-08T14:33:06-0500] Waiting for .880 s to reach end time
[2024-11-08T14:33:07-0500] Saved ping test to /data/data/com.termux/files/home/storage/shared/bos_la_2024_trip/verizon/20241108/142813451/icmp_ping_143236641.out
[2024-11-08T14:33:07-0500] Ping summary (min/avg/max/mdev) = 30.246/65.815/510.757/73.939 ms
[2024-11-08T14:33:07-0500] Ping test finished at 2024-11-08 14:33:07.732 EST, duration: 31.120 s
[2024-11-08T14:33:07-0500] -------------------------------
[2024-11-08T14:33:07-0500] Waiting for 2 s...
[2024-11-08T14:33:09-0500] -------------------------------
[2024-11-08T14:33:09-0500] Starting 5G booster for 5 s...
[2024-11-08T14:33:09-0500] 5G booster started at 2024-11-08 14:33:09.850 EST
[2024-11-08T14:33:15-0500] Current time exceeds end time, skipping wait
[2024-11-08T14:33:16-0500] Saved TCP DL results to /data/data/com.termux/files/home/storage/shared/bos_la_2024_trip/verizon/20241108/142813451/tcp_downlink_143309934.out
[2024-11-08T14:33:16-0500] DL AVG TPUT: 
[2024-11-08T14:33:16-0500] 5G booster finished at 2024-11-08 14:33:16.002 EST, duration: 6.152 s
[2024-11-08T14:33:16-0500] -------------------------------
[2024-11-08T14:33:16-0500] Waiting for 2 s...
[2024-11-08T14:33:18-0500] -------------------------------
[2024-11-08T14:33:18-0500] TCP Ping test started at 2024-11-08 14:33:18.126 EST
[2024-11-08T14:33:49-0500] Current time exceeds end time, skipping wait
[2024-11-08T14:33:49-0500] Saved TCP Ping test to /data/data/com.termux/files/home/storage/shared/bos_la_2024_trip/verizon/20241108/142813451/tcp_ping_143318191.out
[2024-11-08T14:33:49-0500] TCP Ping summary (min/avg/max/mdev) 
[2024-11-08T14:33:49-0500] TCP Ping test finished at 2024-11-08 14:33:49.302 EST, duration: 31.176 s
[2024-11-08T14:33:49-0500] -------------------------------
[2024-11-08T14:33:49-0500] Waiting for 2 s...
[2024-11-08T14:33:51-0500] -------------------------------
[2024-11-08T14:33:51-0500] Traceroute test started at 2024-11-08 14:33:51.483 EST
[2024-11-08T14:33:52-0500] Waiting for 28.808 s to reach end time
[2024-11-08T14:34:21-0500] Saved traceroute test to /data/data/com.termux/files/home/storage/shared/bos_la_2024_trip/verizon/20241108/142813451/traceroute_143351541.out
[2024-11-08T14:34:21-0500] Traceroute summary (min/avg/max/mdev) 
[2024-11-08T14:34:21-0500] Traceroute test finished at 2024-11-08 14:34:21.572 EST, duration: 30.089 s
[2024-11-08T14:34:21-0500] -------------------------------
[2024-11-08T14:34:21-0500] All tests completed, cleaning up...
[2024-11-08T14:34:21-0500] -------------------------------
[2024-11-08T14:35:25-0500] [measurement] Load environment variables from prod.env file
[2024-11-08T14:35:25-0500] [measurement] Load operator-specific env from verizon.env file
[2024-11-08T14:35:25-0500] Starting a network measurement, please choose a server
[2024-11-08T14:35:25-0500] 0) West Cloud: 54.176.53.206
[2024-11-08T14:35:25-0500] 1) East Cloud: 54.197.223.49
[2024-11-08T14:35:25-0500] 2) Los Angeles Wavelength: 161.188.33.234
[2024-11-08T14:35:25-0500] 3) Las Vegas Wavelength: 155.146.118.158
[2024-11-08T14:35:25-0500] 4) Denver Wavelength: 155.146.144.24
[2024-11-08T14:35:25-0500] 5) Chicago Wavelength: 155.146.180.31
[2024-11-08T14:35:25-0500] 6) Boston Wavelength: 155.146.11.34
[2024-11-08T14:35:32-0500] Enter your choice (0-6): Testing verizon, server 1 (ip: 54.197.223.49, nuttcp_port: 5101, iperf_port: 5001)
[2024-11-08T14:35:32-0500] -------------------------------
[2024-11-08T14:35:32-0500] tcp downlink test started at 2024-11-08 14:35:32.436 EST
[2024-11-08T14:35:32-0500] Testing tcp downlink with 54.197.223.49:5101, interval 0.5 s, duration 120 s, timeout 121 s...
[2024-11-08T14:37:33-0500] Current time exceeds end time, skipping wait
[2024-11-08T14:37:33-0500] Saved tcp downlink test to /data/data/com.termux/files/home/storage/shared/bos_la_2024_trip/verizon/20241108/143532417/tcp_downlink_143532465.out
[2024-11-08T14:37:33-0500] DL AVG TPUT: 
[2024-11-08T14:37:33-0500] tcp downlink test finished at 2024-11-08 14:37:33.533 EST, duration: 121.097 s
[2024-11-08T14:37:33-0500] -------------------------------
[2024-11-08T14:37:33-0500] Waiting for 2 s...
[2024-11-08T14:37:35-0500] -------------------------------
[2024-11-08T14:37:35-0500] Starting 5G booster for 5 s...
[2024-11-08T14:37:35-0500] 5G booster started at 2024-11-08 14:37:35.680 EST
[2024-11-08T14:37:41-0500] Current time exceeds end time, skipping wait
[2024-11-08T14:37:41-0500] Saved TCP DL results to /data/data/com.termux/files/home/storage/shared/bos_la_2024_trip/verizon/20241108/143532417/tcp_downlink_143735709.out
[2024-11-08T14:37:41-0500] DL AVG TPUT: 
[2024-11-08T14:37:41-0500] 5G booster finished at 2024-11-08 14:37:41.800 EST, duration: 6.120 s
[2024-11-08T14:37:41-0500] -------------------------------
[2024-11-08T14:37:41-0500] Waiting for 2 s...
[2024-11-08T14:37:43-0500] -------------------------------
[2024-11-08T14:37:43-0500] tcp uplink test started at 2024-11-08 14:37:43.935 EST
[2024-11-08T14:37:43-0500] testing tcp uplink with 54.197.223.49:5101, interval 0.5, duration 120, timeout 121 ...
[2024-11-08T14:39:45-0500] Current time exceeds end time, skipping wait
[2024-11-08T14:39:45-0500] Saved uplink test to /data/data/com.termux/files/home/storage/shared/bos_la_2024_trip/verizon/20241108/143532417/tcp_uplink_143743973.out
[2024-11-08T14:39:45-0500] UL AVG TPUT: 
[2024-11-08T14:39:45-0500] tcp uplink test finished at 2024-11-08 14:39:45.068 EST, duration: 121.133 s
[2024-11-08T14:39:45-0500] -------------------------------
[2024-11-08T14:39:45-0500] Waiting for 2 s...
[2024-11-08T14:39:47-0500] -------------------------------
[2024-11-08T14:39:47-0500] Starting 5G booster for 5 s...
[2024-11-08T14:39:47-0500] 5G booster started at 2024-11-08 14:39:47.238 EST
[2024-11-08T14:39:53-0500] Current time exceeds end time, skipping wait
[2024-11-08T14:39:53-0500] Saved TCP DL results to /data/data/com.termux/files/home/storage/shared/bos_la_2024_trip/verizon/20241108/143532417/tcp_downlink_143947293.out
[2024-11-08T14:39:53-0500] DL AVG TPUT: 
[2024-11-08T14:39:53-0500] 5G booster finished at 2024-11-08 14:39:53.399 EST, duration: 6.161 s
[2024-11-08T14:39:53-0500] -------------------------------
[2024-11-08T14:39:53-0500] Waiting for 2 s...
[2024-11-08T14:39:55-0500] -------------------------------
[2024-11-08T14:39:55-0500] ICMP Ping test started at 2024-11-08 14:39:55.542 EST
[2024-11-08T14:40:25-0500] Waiting for .848 s to reach end time
[2024-11-08T14:40:26-0500] Saved ping test to /data/data/com.termux/files/home/storage/shared/bos_la_2024_trip/verizon/20241108/143532417/icmp_ping_143955596.out
[2024-11-08T14:40:26-0500] Ping summary (min/avg/max/mdev) = 34.523/46.649/64.715/4.982 ms
[2024-11-08T14:40:26-0500] Ping test finished at 2024-11-08 14:40:26.652 EST, duration: 31.110 s
[2024-11-08T14:40:26-0500] -------------------------------
[2024-11-08T14:40:26-0500] Waiting for 2 s...
[2024-11-08T14:40:28-0500] -------------------------------
[2024-11-08T14:40:28-0500] Starting 5G booster for 5 s...
[2024-11-08T14:40:28-0500] 5G booster started at 2024-11-08 14:40:28.806 EST
[2024-11-08T14:40:34-0500] Current time exceeds end time, skipping wait
[2024-11-08T14:40:34-0500] Saved TCP DL results to /data/data/com.termux/files/home/storage/shared/bos_la_2024_trip/verizon/20241108/143532417/tcp_downlink_144028858.out
[2024-11-08T14:40:34-0500] DL AVG TPUT: 
[2024-11-08T14:40:35-0500] 5G booster finished at 2024-11-08 14:40:34.945 EST, duration: 6.139 s
[2024-11-08T14:40:35-0500] -------------------------------
[2024-11-08T14:40:35-0500] Waiting for 2 s...
[2024-11-08T14:40:37-0500] -------------------------------
[2024-11-08T14:40:37-0500] TCP Ping test started at 2024-11-08 14:40:37.074 EST
[2024-11-08T14:41:08-0500] Current time exceeds end time, skipping wait
[2024-11-08T14:41:08-0500] Saved TCP Ping test to /data/data/com.termux/files/home/storage/shared/bos_la_2024_trip/verizon/20241108/143532417/tcp_ping_144037101.out
[2024-11-08T14:41:08-0500] TCP Ping summary (min/avg/max/mdev) 
[2024-11-08T14:41:08-0500] TCP Ping test finished at 2024-11-08 14:41:08.213 EST, duration: 31.139 s
[2024-11-08T14:41:08-0500] -------------------------------
[2024-11-08T14:41:08-0500] Waiting for 2 s...
[2024-11-08T14:41:10-0500] -------------------------------
[2024-11-08T14:41:10-0500] Traceroute test started at 2024-11-08 14:41:10.319 EST
[2024-11-08T14:41:11-0500] Waiting for 28.721 s to reach end time
[2024-11-08T14:41:40-0500] Saved traceroute test to /data/data/com.termux/files/home/storage/shared/bos_la_2024_trip/verizon/20241108/143532417/traceroute_144110351.out
[2024-11-08T14:41:40-0500] Traceroute summary (min/avg/max/mdev) 
[2024-11-08T14:41:40-0500] Traceroute test finished at 2024-11-08 14:41:40.394 EST, duration: 30.075 s
[2024-11-08T14:41:40-0500] -------------------------------
[2024-11-08T14:41:40-0500] All tests completed, cleaning up...
[2024-11-08T14:41:40-0500] -------------------------------
[2024-11-08T14:42:05-0500] [measurement] Load environment variables from prod.env file
[2024-11-08T14:42:05-0500] [measurement] Load operator-specific env from verizon.env file
[2024-11-08T14:42:05-0500] Starting a network measurement, please choose a server
[2024-11-08T14:42:05-0500] 0) West Cloud: 54.176.53.206
[2024-11-08T14:42:05-0500] 1) East Cloud: 54.197.223.49
[2024-11-08T14:42:05-0500] 2) Los Angeles Wavelength: 161.188.33.234
[2024-11-08T14:42:05-0500] 3) Las Vegas Wavelength: 155.146.118.158
[2024-11-08T14:42:05-0500] 4) Denver Wavelength: 155.146.144.24
[2024-11-08T14:42:05-0500] 5) Chicago Wavelength: 155.146.180.31
[2024-11-08T14:42:05-0500] 6) Boston Wavelength: 155.146.11.34
[2024-11-08T14:42:18-0500] Enter your choice (0-6): Testing verizon, server 1 (ip: 54.197.223.49, nuttcp_port: 5101, iperf_port: 5001)
[2024-11-08T14:42:18-0500] -------------------------------
[2024-11-08T14:42:18-0500] tcp downlink test started at 2024-11-08 14:42:18.934 EST
[2024-11-08T14:42:18-0500] Testing tcp downlink with 54.197.223.49:5101, interval 0.5 s, duration 120 s, timeout 121 s...
[2024-11-08T14:44:20-0500] Current time exceeds end time, skipping wait
[2024-11-08T14:44:20-0500] Saved tcp downlink test to /data/data/com.termux/files/home/storage/shared/bos_la_2024_trip/verizon/20241108/144218912/tcp_downlink_144218961.out
[2024-11-08T14:44:20-0500] DL AVG TPUT: 
[2024-11-08T14:44:20-0500] tcp downlink test finished at 2024-11-08 14:44:20.079 EST, duration: 121.145 s
[2024-11-08T14:44:20-0500] -------------------------------
[2024-11-08T14:44:20-0500] Waiting for 2 s...
[2024-11-08T14:44:22-0500] -------------------------------
[2024-11-08T14:44:22-0500] Starting 5G booster for 5 s...
[2024-11-08T14:44:22-0500] 5G booster started at 2024-11-08 14:44:22.205 EST
[2024-11-08T14:44:28-0500] Current time exceeds end time, skipping wait
[2024-11-08T14:44:28-0500] Saved TCP DL results to /data/data/com.termux/files/home/storage/shared/bos_la_2024_trip/verizon/20241108/144218912/tcp_downlink_144422237.out
[2024-11-08T14:44:28-0500] DL AVG TPUT: 
[2024-11-08T14:44:28-0500] 5G booster finished at 2024-11-08 14:44:28.344 EST, duration: 6.139 s
[2024-11-08T14:44:28-0500] -------------------------------
[2024-11-08T14:44:28-0500] Waiting for 2 s...
[2024-11-08T14:44:30-0500] -------------------------------
[2024-11-08T14:44:30-0500] tcp uplink test started at 2024-11-08 14:44:30.486 EST
[2024-11-08T14:44:30-0500] testing tcp uplink with 54.197.223.49:5101, interval 0.5, duration 120, timeout 121 ...
[2024-11-08T14:46:31-0500] Current time exceeds end time, skipping wait
[2024-11-08T14:46:31-0500] Saved uplink test to /data/data/com.termux/files/home/storage/shared/bos_la_2024_trip/verizon/20241108/144218912/tcp_uplink_144430520.out
[2024-11-08T14:46:31-0500] UL AVG TPUT: 
[2024-11-08T14:46:31-0500] tcp uplink test finished at 2024-11-08 14:46:31.629 EST, duration: 121.143 s
[2024-11-08T14:46:31-0500] -------------------------------
[2024-11-08T14:46:31-0500] Waiting for 2 s...
[2024-11-08T14:46:33-0500] -------------------------------
[2024-11-08T14:46:33-0500] Starting 5G booster for 5 s...
[2024-11-08T14:46:33-0500] 5G booster started at 2024-11-08 14:46:33.796 EST
[2024-11-08T14:46:39-0500] Current time exceeds end time, skipping wait
[2024-11-08T14:46:39-0500] Saved TCP DL results to /data/data/com.termux/files/home/storage/shared/bos_la_2024_trip/verizon/20241108/144218912/tcp_downlink_144633824.out
[2024-11-08T14:46:40-0500] DL AVG TPUT: 
[2024-11-08T14:46:40-0500] 5G booster finished at 2024-11-08 14:46:39.958 EST, duration: 6.162 s
[2024-11-08T14:46:40-0500] -------------------------------
[2024-11-08T14:46:40-0500] Waiting for 2 s...
[2024-11-08T14:46:42-0500] -------------------------------
[2024-11-08T14:46:42-0500] ICMP Ping test started at 2024-11-08 14:46:42.086 EST
[2024-11-08T14:47:12-0500] Waiting for .886 s to reach end time
[2024-11-08T14:47:13-0500] Saved ping test to /data/data/com.termux/files/home/storage/shared/bos_la_2024_trip/verizon/20241108/144218912/icmp_ping_144642118.out
[2024-11-08T14:47:13-0500] Ping summary (min/avg/max/mdev) = 37.369/87.128/549.565/70.162 ms
[2024-11-08T14:47:13-0500] Ping test finished at 2024-11-08 14:47:13.173 EST, duration: 31.087 s
[2024-11-08T14:47:13-0500] -------------------------------
[2024-11-08T14:47:13-0500] Waiting for 2 s...
[2024-11-08T14:47:15-0500] -------------------------------
[2024-11-08T14:47:15-0500] Starting 5G booster for 5 s...
[2024-11-08T14:47:15-0500] 5G booster started at 2024-11-08 14:47:15.301 EST
[2024-11-08T14:47:21-0500] Current time exceeds end time, skipping wait
[2024-11-08T14:47:21-0500] Saved TCP DL results to /data/data/com.termux/files/home/storage/shared/bos_la_2024_trip/verizon/20241108/144218912/tcp_downlink_144715329.out
[2024-11-08T14:47:21-0500] DL AVG TPUT: 
[2024-11-08T14:47:21-0500] 5G booster finished at 2024-11-08 14:47:21.405 EST, duration: 6.104 s
[2024-11-08T14:47:21-0500] -------------------------------
[2024-11-08T14:47:21-0500] Waiting for 2 s...
[2024-11-08T14:47:23-0500] -------------------------------
[2024-11-08T14:47:23-0500] TCP Ping test started at 2024-11-08 14:47:23.525 EST
[2024-11-08T14:47:54-0500] Current time exceeds end time, skipping wait
[2024-11-08T14:47:54-0500] Saved TCP Ping test to /data/data/com.termux/files/home/storage/shared/bos_la_2024_trip/verizon/20241108/144218912/tcp_ping_144723556.out
[2024-11-08T14:47:54-0500] TCP Ping summary (min/avg/max/mdev) 
[2024-11-08T14:47:54-0500] TCP Ping test finished at 2024-11-08 14:47:54.671 EST, duration: 31.146 s
[2024-11-08T14:47:54-0500] -------------------------------
[2024-11-08T14:47:54-0500] Waiting for 2 s...
[2024-11-08T14:47:56-0500] -------------------------------
[2024-11-08T14:47:56-0500] Traceroute test started at 2024-11-08 14:47:56.792 EST
[2024-11-08T14:47:58-0500] Waiting for 28.819 s to reach end time
[2024-11-08T14:48:26-0500] Saved traceroute test to /data/data/com.termux/files/home/storage/shared/bos_la_2024_trip/verizon/20241108/144218912/traceroute_144756820.out
[2024-11-08T14:48:26-0500] Traceroute summary (min/avg/max/mdev) 
[2024-11-08T14:48:26-0500] Traceroute test finished at 2024-11-08 14:48:26.889 EST, duration: 30.097 s
[2024-11-08T14:48:26-0500] -------------------------------
[2024-11-08T14:48:26-0500] All tests completed, cleaning up...
[2024-11-08T14:48:26-0500] -------------------------------
[2024-11-08T14:48:50-0500] [measurement] Load environment variables from prod.env file
[2024-11-08T14:48:50-0500] [measurement] Load operator-specific env from verizon.env file
[2024-11-08T14:48:50-0500] Starting a network measurement, please choose a server
[2024-11-08T14:48:50-0500] 0) West Cloud: 54.176.53.206
[2024-11-08T14:48:50-0500] 1) East Cloud: 54.197.223.49
[2024-11-08T14:48:50-0500] 2) Los Angeles Wavelength: 161.188.33.234
[2024-11-08T14:48:50-0500] 3) Las Vegas Wavelength: 155.146.118.158
[2024-11-08T14:48:50-0500] 4) Denver Wavelength: 155.146.144.24
[2024-11-08T14:48:50-0500] 5) Chicago Wavelength: 155.146.180.31
[2024-11-08T14:48:50-0500] 6) Boston Wavelength: 155.146.11.34
[2024-11-08T14:49:03-0500] Enter your choice (0-6): Testing verizon, server 1 (ip: 54.197.223.49, nuttcp_port: 5101, iperf_port: 5001)
[2024-11-08T14:49:03-0500] -------------------------------
[2024-11-08T14:49:03-0500] tcp downlink test started at 2024-11-08 14:49:03.725 EST
[2024-11-08T14:49:03-0500] Testing tcp downlink with 54.197.223.49:5101, interval 0.5 s, duration 120 s, timeout 121 s...
[2024-11-08T14:51:04-0500] Current time exceeds end time, skipping wait
[2024-11-08T14:51:04-0500] Saved tcp downlink test to /data/data/com.termux/files/home/storage/shared/bos_la_2024_trip/verizon/20241108/144903694/tcp_downlink_144903753.out
[2024-11-08T14:51:04-0500] DL AVG TPUT: 
[2024-11-08T14:51:04-0500] tcp downlink test finished at 2024-11-08 14:51:04.883 EST, duration: 121.158 s
[2024-11-08T14:51:04-0500] -------------------------------
[2024-11-08T14:51:04-0500] Waiting for 2 s...
[2024-11-08T14:51:06-0500] -------------------------------
[2024-11-08T14:51:06-0500] Starting 5G booster for 5 s...
[2024-11-08T14:51:07-0500] 5G booster started at 2024-11-08 14:51:06.996 EST
[2024-11-08T14:51:13-0500] Current time exceeds end time, skipping wait
[2024-11-08T14:51:13-0500] Saved TCP DL results to /data/data/com.termux/files/home/storage/shared/bos_la_2024_trip/verizon/20241108/144903694/tcp_downlink_145107044.out
[2024-11-08T14:51:13-0500] DL AVG TPUT: 
[2024-11-08T14:51:13-0500] 5G booster finished at 2024-11-08 14:51:13.153 EST, duration: 6.157 s
[2024-11-08T14:51:13-0500] -------------------------------
[2024-11-08T14:51:13-0500] Waiting for 2 s...
[2024-11-08T14:51:15-0500] -------------------------------
[2024-11-08T14:51:15-0500] tcp uplink test started at 2024-11-08 14:51:15.278 EST
[2024-11-08T14:51:15-0500] testing tcp uplink with 54.197.223.49:5101, interval 0.5, duration 120, timeout 121 ...
[2024-11-08T14:53:16-0500] Current time exceeds end time, skipping wait
[2024-11-08T14:53:16-0500] Saved uplink test to /data/data/com.termux/files/home/storage/shared/bos_la_2024_trip/verizon/20241108/144903694/tcp_uplink_145115306.out
[2024-11-08T14:53:16-0500] UL AVG TPUT: 
[2024-11-08T14:53:16-0500] tcp uplink test finished at 2024-11-08 14:53:16.423 EST, duration: 121.145 s
[2024-11-08T14:53:16-0500] -------------------------------
[2024-11-08T14:53:16-0500] Waiting for 2 s...
[2024-11-08T14:53:18-0500] -------------------------------
[2024-11-08T14:53:18-0500] Starting 5G booster for 5 s...
[2024-11-08T14:53:18-0500] 5G booster started at 2024-11-08 14:53:18.582 EST
[2024-11-08T14:53:24-0500] Current time exceeds end time, skipping wait
[2024-11-08T14:53:24-0500] Saved TCP DL results to /data/data/com.termux/files/home/storage/shared/bos_la_2024_trip/verizon/20241108/144903694/tcp_downlink_145318634.out
[2024-11-08T14:53:24-0500] DL AVG TPUT: 
[2024-11-08T14:53:24-0500] 5G booster finished at 2024-11-08 14:53:24.756 EST, duration: 6.174 s
[2024-11-08T14:53:24-0500] -------------------------------
[2024-11-08T14:53:24-0500] Waiting for 2 s...
[2024-11-08T14:53:26-0500] -------------------------------
[2024-11-08T14:53:26-0500] ICMP Ping test started at 2024-11-08 14:53:26.892 EST
[2024-11-08T14:53:57-0500] Waiting for .839 s to reach end time
[2024-11-08T14:53:58-0500] Saved ping test to /data/data/com.termux/files/home/storage/shared/bos_la_2024_trip/verizon/20241108/144903694/icmp_ping_145326935.out
[2024-11-08T14:53:58-0500] Ping summary (min/avg/max/mdev) = 38.671/48.767/138.951/10.296 ms
[2024-11-08T14:53:58-0500] Ping test finished at 2024-11-08 14:53:57.997 EST, duration: 31.105 s
[2024-11-08T14:53:58-0500] -------------------------------
[2024-11-08T14:53:58-0500] Waiting for 2 s...
[2024-11-08T14:54:00-0500] -------------------------------
[2024-11-08T14:54:00-0500] Starting 5G booster for 5 s...
[2024-11-08T14:54:00-0500] 5G booster started at 2024-11-08 14:54:00.136 EST
[2024-11-08T14:54:06-0500] Current time exceeds end time, skipping wait
[2024-11-08T14:54:06-0500] Saved TCP DL results to /data/data/com.termux/files/home/storage/shared/bos_la_2024_trip/verizon/20241108/144903694/tcp_downlink_145400162.out
[2024-11-08T14:54:06-0500] DL AVG TPUT: 
[2024-11-08T14:54:06-0500] 5G booster finished at 2024-11-08 14:54:06.247 EST, duration: 6.111 s
[2024-11-08T14:54:06-0500] -------------------------------
[2024-11-08T14:54:06-0500] Waiting for 2 s...
[2024-11-08T14:54:08-0500] -------------------------------
[2024-11-08T14:54:08-0500] TCP Ping test started at 2024-11-08 14:54:08.369 EST
[2024-11-08T14:54:39-0500] Current time exceeds end time, skipping wait
[2024-11-08T14:54:39-0500] Saved TCP Ping test to /data/data/com.termux/files/home/storage/shared/bos_la_2024_trip/verizon/20241108/144903694/tcp_ping_145408410.out
[2024-11-08T14:54:39-0500] TCP Ping summary (min/avg/max/mdev) 
[2024-11-08T14:54:39-0500] TCP Ping test finished at 2024-11-08 14:54:39.560 EST, duration: 31.191 s
[2024-11-08T14:54:39-0500] -------------------------------
[2024-11-08T14:54:39-0500] Waiting for 2 s...
[2024-11-08T14:54:41-0500] -------------------------------
[2024-11-08T14:54:41-0500] Traceroute test started at 2024-11-08 14:54:41.667 EST
[2024-11-08T14:54:42-0500] Waiting for 28.978 s to reach end time
[2024-11-08T14:55:11-0500] Saved traceroute test to /data/data/com.termux/files/home/storage/shared/bos_la_2024_trip/verizon/20241108/144903694/traceroute_145441718.out
[2024-11-08T14:55:11-0500] Traceroute summary (min/avg/max/mdev) 
[2024-11-08T14:55:11-0500] Traceroute test finished at 2024-11-08 14:55:11.784 EST, duration: 30.117 s
[2024-11-08T14:55:11-0500] -------------------------------
[2024-11-08T14:55:11-0500] All tests completed, cleaning up...
[2024-11-08T14:55:11-0500] -------------------------------
[2024-11-08T14:55:41-0500] [measurement] Load environment variables from prod.env file
[2024-11-08T14:55:41-0500] [measurement] Load operator-specific env from verizon.env file
[2024-11-08T14:55:41-0500] Starting a network measurement, please choose a server
[2024-11-08T14:55:41-0500] 0) West Cloud: 54.176.53.206
[2024-11-08T14:55:41-0500] 1) East Cloud: 54.197.223.49
[2024-11-08T14:55:41-0500] 2) Los Angeles Wavelength: 161.188.33.234
[2024-11-08T14:55:41-0500] 3) Las Vegas Wavelength: 155.146.118.158
[2024-11-08T14:55:41-0500] 4) Denver Wavelength: 155.146.144.24
[2024-11-08T14:55:41-0500] 5) Chicago Wavelength: 155.146.180.31
[2024-11-08T14:55:41-0500] 6) Boston Wavelength: 155.146.11.34
[2024-11-08T14:55:51-0500] Enter your choice (0-6): Testing verizon, server 1 (ip: 54.197.223.49, nuttcp_port: 5101, iperf_port: 5001)
[2024-11-08T14:55:51-0500] -------------------------------
[2024-11-08T14:55:51-0500] tcp downlink test started at 2024-11-08 14:55:51.564 EST
[2024-11-08T14:55:51-0500] Testing tcp downlink with 54.197.223.49:5101, interval 0.5 s, duration 120 s, timeout 121 s...
[2024-11-08T14:57:52-0500] Current time exceeds end time, skipping wait
[2024-11-08T14:57:52-0500] Saved tcp downlink test to /data/data/com.termux/files/home/storage/shared/bos_la_2024_trip/verizon/20241108/145551541/tcp_downlink_145551598.out
[2024-11-08T14:57:52-0500] DL AVG TPUT: 
[2024-11-08T14:57:52-0500] tcp downlink test finished at 2024-11-08 14:57:52.671 EST, duration: 121.107 s
[2024-11-08T14:57:52-0500] -------------------------------
[2024-11-08T14:57:52-0500] Waiting for 2 s...
[2024-11-08T14:57:54-0500] -------------------------------
[2024-11-08T14:57:54-0500] Starting 5G booster for 5 s...
[2024-11-08T14:57:54-0500] 5G booster started at 2024-11-08 14:57:54.784 EST
[2024-11-08T14:58:00-0500] Current time exceeds end time, skipping wait
[2024-11-08T14:58:00-0500] Saved TCP DL results to /data/data/com.termux/files/home/storage/shared/bos_la_2024_trip/verizon/20241108/145551541/tcp_downlink_145754831.out
[2024-11-08T14:58:00-0500] DL AVG TPUT: 
[2024-11-08T14:58:01-0500] 5G booster finished at 2024-11-08 14:58:00.943 EST, duration: 6.159 s
[2024-11-08T14:58:01-0500] -------------------------------
[2024-11-08T14:58:01-0500] Waiting for 2 s...
[2024-11-08T14:58:03-0500] -------------------------------
[2024-11-08T14:58:03-0500] tcp uplink test started at 2024-11-08 14:58:03.111 EST
[2024-11-08T14:58:03-0500] testing tcp uplink with 54.197.223.49:5101, interval 0.5, duration 120, timeout 121 ...
[2024-11-08T15:00:04-0500] Current time exceeds end time, skipping wait
[2024-11-08T15:00:04-0500] Saved uplink test to /data/data/com.termux/files/home/storage/shared/bos_la_2024_trip/verizon/20241108/145551541/tcp_uplink_145803136.out
[2024-11-08T15:00:04-0500] UL AVG TPUT: 
[2024-11-08T15:00:04-0500] tcp uplink test finished at 2024-11-08 15:00:04.220 EST, duration: 121.109 s
[2024-11-08T15:00:04-0500] -------------------------------
[2024-11-08T15:00:04-0500] Waiting for 2 s...
[2024-11-08T15:00:06-0500] -------------------------------
[2024-11-08T15:00:06-0500] Starting 5G booster for 5 s...
[2024-11-08T15:00:06-0500] 5G booster started at 2024-11-08 15:00:06.381 EST
[2024-11-08T15:00:12-0500] Current time exceeds end time, skipping wait
[2024-11-08T15:00:12-0500] Saved TCP DL results to /data/data/com.termux/files/home/storage/shared/bos_la_2024_trip/verizon/20241108/145551541/tcp_downlink_150006432.out
[2024-11-08T15:00:12-0500] DL AVG TPUT: 
[2024-11-08T15:00:12-0500] 5G booster finished at 2024-11-08 15:00:12.509 EST, duration: 6.128 s
[2024-11-08T15:00:12-0500] -------------------------------
[2024-11-08T15:00:12-0500] Waiting for 2 s...
[2024-11-08T15:00:14-0500] -------------------------------
[2024-11-08T15:00:14-0500] ICMP Ping test started at 2024-11-08 15:00:14.657 EST
[2024-11-08T15:00:44-0500] Waiting for .871 s to reach end time
[2024-11-08T15:00:45-0500] Saved ping test to /data/data/com.termux/files/home/storage/shared/bos_la_2024_trip/verizon/20241108/145551541/icmp_ping_150014699.out
[2024-11-08T15:00:45-0500] Ping summary (min/avg/max/mdev) = 34.801/59.682/429.614/51.535 ms
[2024-11-08T15:00:45-0500] Ping test finished at 2024-11-08 15:00:45.765 EST, duration: 31.108 s
[2024-11-08T15:00:45-0500] -------------------------------
[2024-11-08T15:00:45-0500] Waiting for 2 s...
[2024-11-08T15:00:47-0500] -------------------------------
[2024-11-08T15:00:47-0500] Starting 5G booster for 5 s...
[2024-11-08T15:00:47-0500] 5G booster started at 2024-11-08 15:00:47.898 EST
[2024-11-08T15:00:54-0500] Current time exceeds end time, skipping wait
[2024-11-08T15:00:54-0500] Saved TCP DL results to /data/data/com.termux/files/home/storage/shared/bos_la_2024_trip/verizon/20241108/145551541/tcp_downlink_150047939.out
[2024-11-08T15:00:54-0500] DL AVG TPUT: 
[2024-11-08T15:00:54-0500] 5G booster finished at 2024-11-08 15:00:54.034 EST, duration: 6.136 s
[2024-11-08T15:00:54-0500] -------------------------------
[2024-11-08T15:00:54-0500] Waiting for 2 s...
[2024-11-08T15:00:56-0500] -------------------------------
[2024-11-08T15:00:56-0500] TCP Ping test started at 2024-11-08 15:00:56.133 EST
[2024-11-08T15:01:27-0500] Current time exceeds end time, skipping wait
[2024-11-08T15:01:27-0500] Saved TCP Ping test to /data/data/com.termux/files/home/storage/shared/bos_la_2024_trip/verizon/20241108/145551541/tcp_ping_150056160.out
[2024-11-08T15:01:27-0500] TCP Ping summary (min/avg/max/mdev) 
[2024-11-08T15:01:27-0500] TCP Ping test finished at 2024-11-08 15:01:27.234 EST, duration: 31.101 s
[2024-11-08T15:01:27-0500] -------------------------------
[2024-11-08T15:01:27-0500] Waiting for 2 s...
[2024-11-08T15:01:29-0500] -------------------------------
[2024-11-08T15:01:29-0500] Traceroute test started at 2024-11-08 15:01:29.342 EST
[2024-11-08T15:01:35-0500] Waiting for 23.930 s to reach end time
[2024-11-08T15:01:59-0500] Saved traceroute test to /data/data/com.termux/files/home/storage/shared/bos_la_2024_trip/verizon/20241108/145551541/traceroute_150129392.out
[2024-11-08T15:01:59-0500] Traceroute summary (min/avg/max/mdev) 
[2024-11-08T15:01:59-0500] Traceroute test finished at 2024-11-08 15:01:59.415 EST, duration: 30.073 s
[2024-11-08T15:01:59-0500] -------------------------------
[2024-11-08T15:01:59-0500] All tests completed, cleaning up...
[2024-11-08T15:01:59-0500] -------------------------------
[2024-11-08T15:02:24-0500] [measurement] Load environment variables from prod.env file
[2024-11-08T15:02:24-0500] [measurement] Load operator-specific env from verizon.env file
[2024-11-08T15:02:24-0500] Starting a network measurement, please choose a server
[2024-11-08T15:02:24-0500] 0) West Cloud: 54.176.53.206
[2024-11-08T15:02:24-0500] 1) East Cloud: 54.197.223.49
[2024-11-08T15:02:24-0500] 2) Los Angeles Wavelength: 161.188.33.234
[2024-11-08T15:02:24-0500] 3) Las Vegas Wavelength: 155.146.118.158
[2024-11-08T15:02:24-0500] 4) Denver Wavelength: 155.146.144.24
[2024-11-08T15:02:24-0500] 5) Chicago Wavelength: 155.146.180.31
[2024-11-08T15:02:24-0500] 6) Boston Wavelength: 155.146.11.34
[2024-11-08T15:02:31-0500] Enter your choice (0-6): Testing verizon, server 1 (ip: 54.197.223.49, nuttcp_port: 5101, iperf_port: 5001)
[2024-11-08T15:02:31-0500] -------------------------------
[2024-11-08T15:02:31-0500] tcp downlink test started at 2024-11-08 15:02:31.206 EST
[2024-11-08T15:02:31-0500] Testing tcp downlink with 54.197.223.49:5101, interval 0.5 s, duration 120 s, timeout 121 s...
[2024-11-08T15:04:32-0500] Current time exceeds end time, skipping wait
[2024-11-08T15:04:32-0500] Saved tcp downlink test to /data/data/com.termux/files/home/storage/shared/bos_la_2024_trip/verizon/20241108/150231183/tcp_downlink_150231235.out
[2024-11-08T15:04:32-0500] DL AVG TPUT: 
[2024-11-08T15:04:32-0500] tcp downlink test finished at 2024-11-08 15:04:32.337 EST, duration: 121.131 s
[2024-11-08T15:04:32-0500] -------------------------------
[2024-11-08T15:04:32-0500] Waiting for 2 s...
[2024-11-08T15:04:34-0500] -------------------------------
[2024-11-08T15:04:34-0500] Starting 5G booster for 5 s...
[2024-11-08T15:04:34-0500] 5G booster started at 2024-11-08 15:04:34.475 EST
[2024-11-08T15:04:40-0500] Current time exceeds end time, skipping wait
[2024-11-08T15:04:40-0500] Saved TCP DL results to /data/data/com.termux/files/home/storage/shared/bos_la_2024_trip/verizon/20241108/150231183/tcp_downlink_150434526.out
[2024-11-08T15:04:40-0500] DL AVG TPUT: 
[2024-11-08T15:04:40-0500] 5G booster finished at 2024-11-08 15:04:40.610 EST, duration: 6.135 s
[2024-11-08T15:04:40-0500] -------------------------------
[2024-11-08T15:04:40-0500] Waiting for 2 s...
[2024-11-08T15:04:42-0500] -------------------------------
[2024-11-08T15:04:42-0500] tcp uplink test started at 2024-11-08 15:04:42.702 EST
[2024-11-08T15:04:42-0500] testing tcp uplink with 54.197.223.49:5101, interval 0.5, duration 120, timeout 121 ...
[2024-11-08T15:06:43-0500] Current time exceeds end time, skipping wait
[2024-11-08T15:06:43-0500] Saved uplink test to /data/data/com.termux/files/home/storage/shared/bos_la_2024_trip/verizon/20241108/150231183/tcp_uplink_150442724.out
[2024-11-08T15:06:43-0500] UL AVG TPUT: 
[2024-11-08T15:06:43-0500] tcp uplink test finished at 2024-11-08 15:06:43.810 EST, duration: 121.108 s
[2024-11-08T15:06:43-0500] -------------------------------
[2024-11-08T15:06:43-0500] Waiting for 2 s...
[2024-11-08T15:06:45-0500] -------------------------------
[2024-11-08T15:06:45-0500] Starting 5G booster for 5 s...
[2024-11-08T15:06:45-0500] 5G booster started at 2024-11-08 15:06:45.906 EST
[2024-11-08T15:06:52-0500] Current time exceeds end time, skipping wait
[2024-11-08T15:06:52-0500] Saved TCP DL results to /data/data/com.termux/files/home/storage/shared/bos_la_2024_trip/verizon/20241108/150231183/tcp_downlink_150645937.out
[2024-11-08T15:06:52-0500] DL AVG TPUT: 
[2024-11-08T15:06:52-0500] 5G booster finished at 2024-11-08 15:06:52.031 EST, duration: 6.125 s
[2024-11-08T15:06:52-0500] -------------------------------
[2024-11-08T15:06:52-0500] Waiting for 2 s...
[2024-11-08T15:06:54-0500] -------------------------------
[2024-11-08T15:06:54-0500] ICMP Ping test started at 2024-11-08 15:06:54.174 EST
[2024-11-08T15:07:24-0500] Waiting for .889 s to reach end time
[2024-11-08T15:07:25-0500] Saved ping test to /data/data/com.termux/files/home/storage/shared/bos_la_2024_trip/verizon/20241108/150231183/icmp_ping_150654206.out
[2024-11-08T15:07:25-0500] Ping summary (min/avg/max/mdev) = 30.479/59.470/636.657/66.318 ms
[2024-11-08T15:07:25-0500] Ping test finished at 2024-11-08 15:07:25.263 EST, duration: 31.089 s
[2024-11-08T15:07:25-0500] -------------------------------
[2024-11-08T15:07:25-0500] Waiting for 2 s...
[2024-11-08T15:07:27-0500] -------------------------------
[2024-11-08T15:07:27-0500] Starting 5G booster for 5 s...
[2024-11-08T15:07:27-0500] 5G booster started at 2024-11-08 15:07:27.436 EST
[2024-11-08T15:07:33-0500] Current time exceeds end time, skipping wait
[2024-11-08T15:07:33-0500] Saved TCP DL results to /data/data/com.termux/files/home/storage/shared/bos_la_2024_trip/verizon/20241108/150231183/tcp_downlink_150727489.out
[2024-11-08T15:07:33-0500] DL AVG TPUT: 
[2024-11-08T15:07:33-0500] 5G booster finished at 2024-11-08 15:07:33.548 EST, duration: 6.112 s
[2024-11-08T15:07:33-0500] -------------------------------
[2024-11-08T15:07:33-0500] Waiting for 2 s...
[2024-11-08T15:07:35-0500] -------------------------------
[2024-11-08T15:07:35-0500] TCP Ping test started at 2024-11-08 15:07:35.677 EST
[2024-11-08T15:08:06-0500] Current time exceeds end time, skipping wait
[2024-11-08T15:08:06-0500] Saved TCP Ping test to /data/data/com.termux/files/home/storage/shared/bos_la_2024_trip/verizon/20241108/150231183/tcp_ping_150735710.out
[2024-11-08T15:08:06-0500] TCP Ping summary (min/avg/max/mdev) 
[2024-11-08T15:08:06-0500] TCP Ping test finished at 2024-11-08 15:08:06.805 EST, duration: 31.128 s
[2024-11-08T15:08:06-0500] -------------------------------
[2024-11-08T15:08:06-0500] Waiting for 2 s...
[2024-11-08T15:08:08-0500] -------------------------------
[2024-11-08T15:08:08-0500] Traceroute test started at 2024-11-08 15:08:08.904 EST
[2024-11-08T15:08:15-0500] Waiting for 23.247 s to reach end time
[2024-11-08T15:08:39-0500] Saved traceroute test to /data/data/com.termux/files/home/storage/shared/bos_la_2024_trip/verizon/20241108/150231183/traceroute_150808932.out
[2024-11-08T15:08:39-0500] Traceroute summary (min/avg/max/mdev) 
[2024-11-08T15:08:39-0500] Traceroute test finished at 2024-11-08 15:08:39.028 EST, duration: 30.124 s
[2024-11-08T15:08:39-0500] -------------------------------
[2024-11-08T15:08:39-0500] All tests completed, cleaning up...
[2024-11-08T15:08:39-0500] -------------------------------
[2024-11-08T15:10:08-0500] [measurement] Load environment variables from prod.env file
[2024-11-08T15:10:08-0500] [measurement] Load operator-specific env from verizon.env file
[2024-11-08T15:10:08-0500] Starting a network measurement, please choose a server
[2024-11-08T15:10:08-0500] 0) West Cloud: 54.176.53.206
[2024-11-08T15:10:08-0500] 1) East Cloud: 54.197.223.49
[2024-11-08T15:10:08-0500] 2) Los Angeles Wavelength: 161.188.33.234
[2024-11-08T15:10:08-0500] 3) Las Vegas Wavelength: 155.146.118.158
[2024-11-08T15:10:08-0500] 4) Denver Wavelength: 155.146.144.24
[2024-11-08T15:10:08-0500] 5) Chicago Wavelength: 155.146.180.31
[2024-11-08T15:10:08-0500] 6) Boston Wavelength: 155.146.11.34
[2024-11-08T15:10:35-0500] Enter your choice (0-6): Testing verizon, server 1 (ip: 54.197.223.49, nuttcp_port: 5101, iperf_port: 5001)
[2024-11-08T15:10:35-0500] -------------------------------
[2024-11-08T15:10:35-0500] tcp downlink test started at 2024-11-08 15:10:35.786 EST
[2024-11-08T15:10:35-0500] Testing tcp downlink with 54.197.223.49:5101, interval 0.5 s, duration 120 s, timeout 121 s...
[2024-11-08T15:12:36-0500] Current time exceeds end time, skipping wait
[2024-11-08T15:12:36-0500] Saved tcp downlink test to /data/data/com.termux/files/home/storage/shared/bos_la_2024_trip/verizon/20241108/151035770/tcp_downlink_151035809.out
[2024-11-08T15:12:36-0500] DL AVG TPUT: 
[2024-11-08T15:12:36-0500] tcp downlink test finished at 2024-11-08 15:12:36.897 EST, duration: 121.111 s
[2024-11-08T15:12:36-0500] -------------------------------
[2024-11-08T15:12:36-0500] Waiting for 2 s...
[2024-11-08T15:12:38-0500] -------------------------------
[2024-11-08T15:12:38-0500] Starting 5G booster for 5 s...
[2024-11-08T15:12:39-0500] 5G booster started at 2024-11-08 15:12:39.028 EST
[2024-11-08T15:12:45-0500] Current time exceeds end time, skipping wait
[2024-11-08T15:12:45-0500] Saved TCP DL results to /data/data/com.termux/files/home/storage/shared/bos_la_2024_trip/verizon/20241108/151035770/tcp_downlink_151239061.out
[2024-11-08T15:12:45-0500] DL AVG TPUT: 
[2024-11-08T15:12:45-0500] 5G booster finished at 2024-11-08 15:12:45.161 EST, duration: 6.133 s
[2024-11-08T15:12:45-0500] -------------------------------
[2024-11-08T15:12:45-0500] Waiting for 2 s...
[2024-11-08T15:12:47-0500] -------------------------------
[2024-11-08T15:12:47-0500] tcp uplink test started at 2024-11-08 15:12:47.280 EST
[2024-11-08T15:12:47-0500] testing tcp uplink with 54.197.223.49:5101, interval 0.5, duration 120, timeout 121 ...
[2024-11-08T15:14:48-0500] Current time exceeds end time, skipping wait
[2024-11-08T15:14:48-0500] Saved uplink test to /data/data/com.termux/files/home/storage/shared/bos_la_2024_trip/verizon/20241108/151035770/tcp_uplink_151247315.out
[2024-11-08T15:14:48-0500] UL AVG TPUT: 
[2024-11-08T15:14:48-0500] tcp uplink test finished at 2024-11-08 15:14:48.425 EST, duration: 121.145 s
[2024-11-08T15:14:48-0500] -------------------------------
[2024-11-08T15:14:48-0500] Waiting for 2 s...
[2024-11-08T15:14:50-0500] -------------------------------
[2024-11-08T15:14:50-0500] Starting 5G booster for 5 s...
[2024-11-08T15:14:50-0500] 5G booster started at 2024-11-08 15:14:50.534 EST
[2024-11-08T15:14:56-0500] Current time exceeds end time, skipping wait
[2024-11-08T15:14:56-0500] Saved TCP DL results to /data/data/com.termux/files/home/storage/shared/bos_la_2024_trip/verizon/20241108/151035770/tcp_downlink_151450562.out
[2024-11-08T15:14:56-0500] DL AVG TPUT: 
[2024-11-08T15:14:56-0500] 5G booster finished at 2024-11-08 15:14:56.696 EST, duration: 6.162 s
[2024-11-08T15:14:56-0500] -------------------------------
[2024-11-08T15:14:56-0500] Waiting for 2 s...
[2024-11-08T15:14:58-0500] -------------------------------
[2024-11-08T15:14:58-0500] ICMP Ping test started at 2024-11-08 15:14:58.836 EST
[2024-11-08T15:15:29-0500] Waiting for .858 s to reach end time
[2024-11-08T15:15:29-0500] Saved ping test to /data/data/com.termux/files/home/storage/shared/bos_la_2024_trip/verizon/20241108/151035770/icmp_ping_151458866.out
[2024-11-08T15:15:29-0500] Ping summary (min/avg/max/mdev) = 32.963/46.894/110.752/9.812 ms
[2024-11-08T15:15:30-0500] Ping test finished at 2024-11-08 15:15:29.924 EST, duration: 31.088 s
[2024-11-08T15:15:30-0500] -------------------------------
[2024-11-08T15:15:30-0500] Waiting for 2 s...
[2024-11-08T15:15:32-0500] -------------------------------
[2024-11-08T15:15:32-0500] Starting 5G booster for 5 s...
[2024-11-08T15:15:32-0500] 5G booster started at 2024-11-08 15:15:32.049 EST
[2024-11-08T15:15:38-0500] Current time exceeds end time, skipping wait
[2024-11-08T15:15:38-0500] Saved TCP DL results to /data/data/com.termux/files/home/storage/shared/bos_la_2024_trip/verizon/20241108/151035770/tcp_downlink_151532081.out
[2024-11-08T15:15:38-0500] DL AVG TPUT: 
[2024-11-08T15:15:38-0500] 5G booster finished at 2024-11-08 15:15:38.190 EST, duration: 6.141 s
[2024-11-08T15:15:38-0500] -------------------------------
[2024-11-08T15:15:38-0500] Waiting for 2 s...
[2024-11-08T15:15:40-0500] -------------------------------
[2024-11-08T15:15:40-0500] TCP Ping test started at 2024-11-08 15:15:40.310 EST
[2024-11-08T15:16:11-0500] Current time exceeds end time, skipping wait
[2024-11-08T15:16:11-0500] Saved TCP Ping test to /data/data/com.termux/files/home/storage/shared/bos_la_2024_trip/verizon/20241108/151035770/tcp_ping_151540343.out
[2024-11-08T15:16:11-0500] TCP Ping summary (min/avg/max/mdev) 
[2024-11-08T15:16:11-0500] TCP Ping test finished at 2024-11-08 15:16:11.479 EST, duration: 31.169 s
[2024-11-08T15:16:11-0500] -------------------------------
[2024-11-08T15:16:11-0500] Waiting for 2 s...
[2024-11-08T15:16:13-0500] -------------------------------
[2024-11-08T15:16:13-0500] Traceroute test started at 2024-11-08 15:16:13.605 EST
[2024-11-08T15:16:19-0500] Waiting for 24.329 s to reach end time
[2024-11-08T15:16:43-0500] Saved traceroute test to /data/data/com.termux/files/home/storage/shared/bos_la_2024_trip/verizon/20241108/151035770/traceroute_151613637.out
[2024-11-08T15:16:43-0500] Traceroute summary (min/avg/max/mdev) 
[2024-11-08T15:16:43-0500] Traceroute test finished at 2024-11-08 15:16:43.733 EST, duration: 30.128 s
[2024-11-08T15:16:43-0500] -------------------------------
[2024-11-08T15:16:43-0500] All tests completed, cleaning up...
[2024-11-08T15:16:43-0500] -------------------------------
[2024-11-08T15:24:33-0500] [measurement] Load environment variables from prod.env file
[2024-11-08T15:24:33-0500] [measurement] Load operator-specific env from verizon.env file
[2024-11-08T15:24:33-0500] Starting a network measurement, please choose a server
[2024-11-08T15:24:33-0500] 0) West Cloud: 54.176.53.206
[2024-11-08T15:24:33-0500] 1) East Cloud: 54.197.223.49
[2024-11-08T15:24:33-0500] 2) Los Angeles Wavelength: 161.188.33.234
[2024-11-08T15:24:33-0500] 3) Las Vegas Wavelength: 155.146.118.158
[2024-11-08T15:24:33-0500] 4) Denver Wavelength: 155.146.144.24
[2024-11-08T15:24:33-0500] 5) Chicago Wavelength: 155.146.180.31
[2024-11-08T15:24:33-0500] 6) Boston Wavelength: 155.146.11.34
[2024-11-08T15:24:43-0500] Enter your choice (0-6): Testing verizon, server 1 (ip: 54.197.223.49, nuttcp_port: 5101, iperf_port: 5001)
[2024-11-08T15:24:43-0500] -------------------------------
[2024-11-08T15:24:43-0500] tcp downlink test started at 2024-11-08 15:24:43.843 EST
[2024-11-08T15:24:43-0500] Testing tcp downlink with 54.197.223.49:5101, interval 0.5 s, duration 120 s, timeout 121 s...
[2024-11-08T15:26:45-0500] Current time exceeds end time, skipping wait
[2024-11-08T15:26:45-0500] Saved tcp downlink test to /data/data/com.termux/files/home/storage/shared/bos_la_2024_trip/verizon/20241108/152443820/tcp_downlink_152443865.out
[2024-11-08T15:26:45-0500] DL AVG TPUT: 
[2024-11-08T15:26:45-0500] tcp downlink test finished at 2024-11-08 15:26:45.015 EST, duration: 121.172 s
[2024-11-08T15:26:45-0500] -------------------------------
[2024-11-08T15:26:45-0500] Waiting for 2 s...
[2024-11-08T15:26:47-0500] -------------------------------
[2024-11-08T15:26:47-0500] Starting 5G booster for 5 s...
[2024-11-08T15:26:47-0500] 5G booster started at 2024-11-08 15:26:47.159 EST
[2024-11-08T15:26:53-0500] Current time exceeds end time, skipping wait
[2024-11-08T15:26:53-0500] Saved TCP DL results to /data/data/com.termux/files/home/storage/shared/bos_la_2024_trip/verizon/20241108/152443820/tcp_downlink_152647187.out
[2024-11-08T15:26:53-0500] DL AVG TPUT: 
[2024-11-08T15:26:53-0500] 5G booster finished at 2024-11-08 15:26:53.269 EST, duration: 6.110 s
[2024-11-08T15:26:53-0500] -------------------------------
[2024-11-08T15:26:53-0500] Waiting for 2 s...
[2024-11-08T15:26:55-0500] -------------------------------
[2024-11-08T15:26:55-0500] tcp uplink test started at 2024-11-08 15:26:55.374 EST
[2024-11-08T15:26:55-0500] testing tcp uplink with 54.197.223.49:5101, interval 0.5, duration 120, timeout 121 ...
[2024-11-08T15:28:56-0500] Current time exceeds end time, skipping wait
[2024-11-08T15:28:56-0500] Saved uplink test to /data/data/com.termux/files/home/storage/shared/bos_la_2024_trip/verizon/20241108/152443820/tcp_uplink_152655402.out
[2024-11-08T15:28:56-0500] UL AVG TPUT: 
[2024-11-08T15:28:56-0500] tcp uplink test finished at 2024-11-08 15:28:56.514 EST, duration: 121.140 s
[2024-11-08T15:28:56-0500] -------------------------------
[2024-11-08T15:28:56-0500] Waiting for 2 s...
[2024-11-08T15:28:58-0500] -------------------------------
[2024-11-08T15:28:58-0500] Starting 5G booster for 5 s...
[2024-11-08T15:28:58-0500] 5G booster started at 2024-11-08 15:28:58.677 EST
[2024-11-08T15:29:04-0500] Current time exceeds end time, skipping wait
[2024-11-08T15:29:04-0500] Saved TCP DL results to /data/data/com.termux/files/home/storage/shared/bos_la_2024_trip/verizon/20241108/152443820/tcp_downlink_152858753.out
[2024-11-08T15:29:04-0500] DL AVG TPUT: 
[2024-11-08T15:29:04-0500] 5G booster finished at 2024-11-08 15:29:04.872 EST, duration: 6.195 s
[2024-11-08T15:29:04-0500] -------------------------------
[2024-11-08T15:29:04-0500] Waiting for 2 s...
[2024-11-08T15:29:06-0500] -------------------------------
[2024-11-08T15:29:07-0500] ICMP Ping test started at 2024-11-08 15:29:06.999 EST
[2024-11-08T15:29:37-0500] Waiting for .848 s to reach end time
[2024-11-08T15:29:38-0500] Saved ping test to /data/data/com.termux/files/home/storage/shared/bos_la_2024_trip/verizon/20241108/152443820/icmp_ping_152907030.out
[2024-11-08T15:29:38-0500] Ping summary (min/avg/max/mdev) = 32.318/43.136/115.337/10.256 ms
[2024-11-08T15:29:38-0500] Ping test finished at 2024-11-08 15:29:38.094 EST, duration: 31.095 s
[2024-11-08T15:29:38-0500] -------------------------------
[2024-11-08T15:29:38-0500] Waiting for 2 s...
[2024-11-08T15:29:40-0500] -------------------------------
[2024-11-08T15:29:40-0500] Starting 5G booster for 5 s...
[2024-11-08T15:29:40-0500] 5G booster started at 2024-11-08 15:29:40.229 EST
[2024-11-08T15:29:46-0500] Current time exceeds end time, skipping wait
[2024-11-08T15:29:46-0500] Saved TCP DL results to /data/data/com.termux/files/home/storage/shared/bos_la_2024_trip/verizon/20241108/152443820/tcp_downlink_152940283.out
[2024-11-08T15:29:46-0500] DL AVG TPUT: 
[2024-11-08T15:29:46-0500] 5G booster finished at 2024-11-08 15:29:46.402 EST, duration: 6.173 s
[2024-11-08T15:29:46-0500] -------------------------------
[2024-11-08T15:29:46-0500] Waiting for 2 s...
[2024-11-08T15:29:48-0500] -------------------------------
[2024-11-08T15:29:48-0500] TCP Ping test started at 2024-11-08 15:29:48.524 EST
[2024-11-08T15:30:19-0500] Current time exceeds end time, skipping wait
[2024-11-08T15:30:19-0500] Saved TCP Ping test to /data/data/com.termux/files/home/storage/shared/bos_la_2024_trip/verizon/20241108/152443820/tcp_ping_152948561.out
[2024-11-08T15:30:19-0500] TCP Ping summary (min/avg/max/mdev) 
[2024-11-08T15:30:19-0500] TCP Ping test finished at 2024-11-08 15:30:19.674 EST, duration: 31.150 s
[2024-11-08T15:30:19-0500] -------------------------------
[2024-11-08T15:30:19-0500] Waiting for 2 s...
[2024-11-08T15:30:21-0500] -------------------------------
[2024-11-08T15:30:21-0500] Traceroute test started at 2024-11-08 15:30:21.790 EST
[2024-11-08T15:30:22-0500] Waiting for 28.899 s to reach end time
[2024-11-08T15:30:51-0500] Saved traceroute test to /data/data/com.termux/files/home/storage/shared/bos_la_2024_trip/verizon/20241108/152443820/traceroute_153021813.out
[2024-11-08T15:30:51-0500] Traceroute summary (min/avg/max/mdev) 
[2024-11-08T15:30:51-0500] Traceroute test finished at 2024-11-08 15:30:51.867 EST, duration: 30.077 s
[2024-11-08T15:30:51-0500] -------------------------------
[2024-11-08T15:30:51-0500] All tests completed, cleaning up...
[2024-11-08T15:30:51-0500] -------------------------------
[2024-11-08T15:31:31-0500] [measurement] Load environment variables from prod.env file
[2024-11-08T15:31:31-0500] [measurement] Load operator-specific env from verizon.env file
[2024-11-08T15:31:31-0500] Starting a network measurement, please choose a server
[2024-11-08T15:31:31-0500] 0) West Cloud: 54.176.53.206
[2024-11-08T15:31:31-0500] 1) East Cloud: 54.197.223.49
[2024-11-08T15:31:31-0500] 2) Los Angeles Wavelength: 161.188.33.234
[2024-11-08T15:31:31-0500] 3) Las Vegas Wavelength: 155.146.118.158
[2024-11-08T15:31:31-0500] 4) Denver Wavelength: 155.146.144.24
[2024-11-08T15:31:31-0500] 5) Chicago Wavelength: 155.146.180.31
[2024-11-08T15:31:31-0500] 6) Boston Wavelength: 155.146.11.34
[2024-11-08T15:31:39-0500] Enter your choice (0-6): Testing verizon, server 1 (ip: 54.197.223.49, nuttcp_port: 5101, iperf_port: 5001)
[2024-11-08T15:31:39-0500] -------------------------------
[2024-11-08T15:31:39-0500] tcp downlink test started at 2024-11-08 15:31:39.784 EST
[2024-11-08T15:31:39-0500] Testing tcp downlink with 54.197.223.49:5101, interval 0.5 s, duration 120 s, timeout 121 s...
[2024-11-08T15:33:40-0500] Current time exceeds end time, skipping wait
[2024-11-08T15:33:40-0500] Saved tcp downlink test to /data/data/com.termux/files/home/storage/shared/bos_la_2024_trip/verizon/20241108/153139768/tcp_downlink_153139810.out
[2024-11-08T15:33:40-0500] DL AVG TPUT: 
[2024-11-08T15:33:41-0500] tcp downlink test finished at 2024-11-08 15:33:40.914 EST, duration: 121.130 s
[2024-11-08T15:33:41-0500] -------------------------------
[2024-11-08T15:33:41-0500] Waiting for 2 s...
[2024-11-08T15:33:43-0500] -------------------------------
[2024-11-08T15:33:43-0500] Starting 5G booster for 5 s...
[2024-11-08T15:33:43-0500] 5G booster started at 2024-11-08 15:33:43.040 EST
[2024-11-08T15:33:49-0500] Current time exceeds end time, skipping wait
[2024-11-08T15:33:49-0500] Saved TCP DL results to /data/data/com.termux/files/home/storage/shared/bos_la_2024_trip/verizon/20241108/153139768/tcp_downlink_153343094.out
[2024-11-08T15:33:49-0500] DL AVG TPUT: 
[2024-11-08T15:33:49-0500] 5G booster finished at 2024-11-08 15:33:49.168 EST, duration: 6.128 s
[2024-11-08T15:33:49-0500] -------------------------------
[2024-11-08T15:33:49-0500] Waiting for 2 s...
[2024-11-08T15:33:51-0500] -------------------------------
[2024-11-08T15:33:51-0500] tcp uplink test started at 2024-11-08 15:33:51.298 EST
[2024-11-08T15:33:51-0500] testing tcp uplink with 54.197.223.49:5101, interval 0.5, duration 120, timeout 121 ...
[2024-11-08T15:35:52-0500] Current time exceeds end time, skipping wait
[2024-11-08T15:35:52-0500] Saved uplink test to /data/data/com.termux/files/home/storage/shared/bos_la_2024_trip/verizon/20241108/153139768/tcp_uplink_153351335.out
[2024-11-08T15:35:52-0500] UL AVG TPUT: 
[2024-11-08T15:35:52-0500] tcp uplink test finished at 2024-11-08 15:35:52.394 EST, duration: 121.096 s
[2024-11-08T15:35:52-0500] -------------------------------
[2024-11-08T15:35:52-0500] Waiting for 2 s...
[2024-11-08T15:35:54-0500] -------------------------------
[2024-11-08T15:35:54-0500] Starting 5G booster for 5 s...
[2024-11-08T15:35:54-0500] 5G booster started at 2024-11-08 15:35:54.530 EST
[2024-11-08T15:36:00-0500] Current time exceeds end time, skipping wait
[2024-11-08T15:36:00-0500] Saved TCP DL results to /data/data/com.termux/files/home/storage/shared/bos_la_2024_trip/verizon/20241108/153139768/tcp_downlink_153554568.out
[2024-11-08T15:36:00-0500] DL AVG TPUT: 
[2024-11-08T15:36:00-0500] 5G booster finished at 2024-11-08 15:36:00.649 EST, duration: 6.119 s
[2024-11-08T15:36:00-0500] -------------------------------
[2024-11-08T15:36:00-0500] Waiting for 2 s...
[2024-11-08T15:36:02-0500] -------------------------------
[2024-11-08T15:36:02-0500] ICMP Ping test started at 2024-11-08 15:36:02.806 EST
[2024-11-08T15:36:32-0500] Waiting for .899 s to reach end time
[2024-11-08T15:36:33-0500] Saved ping test to /data/data/com.termux/files/home/storage/shared/bos_la_2024_trip/verizon/20241108/153139768/icmp_ping_153602845.out
[2024-11-08T15:36:33-0500] Ping summary (min/avg/max/mdev) = 38.080/52.255/104.238/14.311 ms
[2024-11-08T15:36:33-0500] Ping test finished at 2024-11-08 15:36:33.900 EST, duration: 31.094 s
[2024-11-08T15:36:33-0500] -------------------------------
[2024-11-08T15:36:33-0500] Waiting for 2 s...
[2024-11-08T15:36:35-0500] -------------------------------
[2024-11-08T15:36:35-0500] Starting 5G booster for 5 s...
[2024-11-08T15:36:36-0500] 5G booster started at 2024-11-08 15:36:36.027 EST
[2024-11-08T15:36:42-0500] Current time exceeds end time, skipping wait
[2024-11-08T15:36:42-0500] Saved TCP DL results to /data/data/com.termux/files/home/storage/shared/bos_la_2024_trip/verizon/20241108/153139768/tcp_downlink_153636067.out
[2024-11-08T15:36:42-0500] DL AVG TPUT: 
[2024-11-08T15:36:42-0500] 5G booster finished at 2024-11-08 15:36:42.150 EST, duration: 6.123 s
[2024-11-08T15:36:42-0500] -------------------------------
[2024-11-08T15:36:42-0500] Waiting for 2 s...
[2024-11-08T15:36:44-0500] -------------------------------
[2024-11-08T15:36:44-0500] TCP Ping test started at 2024-11-08 15:36:44.289 EST
[2024-11-08T15:37:15-0500] Current time exceeds end time, skipping wait
[2024-11-08T15:37:15-0500] Saved TCP Ping test to /data/data/com.termux/files/home/storage/shared/bos_la_2024_trip/verizon/20241108/153139768/tcp_ping_153644321.out
[2024-11-08T15:37:15-0500] TCP Ping summary (min/avg/max/mdev) 
[2024-11-08T15:37:15-0500] TCP Ping test finished at 2024-11-08 15:37:15.412 EST, duration: 31.123 s
[2024-11-08T15:37:15-0500] -------------------------------
[2024-11-08T15:37:15-0500] Waiting for 2 s...
[2024-11-08T15:37:17-0500] -------------------------------
[2024-11-08T15:37:17-0500] Traceroute test started at 2024-11-08 15:37:17.547 EST
[2024-11-08T15:37:18-0500] Waiting for 28.799 s to reach end time
[2024-11-08T15:37:47-0500] Saved traceroute test to /data/data/com.termux/files/home/storage/shared/bos_la_2024_trip/verizon/20241108/153139768/traceroute_153717591.out
[2024-11-08T15:37:47-0500] Traceroute summary (min/avg/max/mdev) 
[2024-11-08T15:37:47-0500] Traceroute test finished at 2024-11-08 15:37:47.643 EST, duration: 30.096 s
[2024-11-08T15:37:47-0500] -------------------------------
[2024-11-08T15:37:47-0500] All tests completed, cleaning up...
[2024-11-08T15:37:47-0500] -------------------------------
[2024-11-08T15:39:06-0500] [measurement] Load environment variables from prod.env file
[2024-11-08T15:39:06-0500] [measurement] Load operator-specific env from verizon.env file
[2024-11-08T15:39:06-0500] Starting a network measurement, please choose a server
[2024-11-08T15:39:06-0500] 0) West Cloud: 54.176.53.206
[2024-11-08T15:39:06-0500] 1) East Cloud: 54.197.223.49
[2024-11-08T15:39:06-0500] 2) Los Angeles Wavelength: 161.188.33.234
[2024-11-08T15:39:06-0500] 3) Las Vegas Wavelength: 155.146.118.158
[2024-11-08T15:39:06-0500] 4) Denver Wavelength: 155.146.144.24
[2024-11-08T15:39:06-0500] 5) Chicago Wavelength: 155.146.180.31
[2024-11-08T15:39:06-0500] 6) Boston Wavelength: 155.146.11.34
[2024-11-08T15:39:25-0500] Enter your choice (0-6): Testing verizon, server 1 (ip: 54.197.223.49, nuttcp_port: 5101, iperf_port: 5001)
[2024-11-08T15:39:25-0500] -------------------------------
[2024-11-08T15:39:25-0500] tcp downlink test started at 2024-11-08 15:39:25.482 EST
[2024-11-08T15:39:25-0500] Testing tcp downlink with 54.197.223.49:5101, interval 0.5 s, duration 120 s, timeout 121 s...
[2024-11-08T15:41:26-0500] Current time exceeds end time, skipping wait
[2024-11-08T15:41:26-0500] Saved tcp downlink test to /data/data/com.termux/files/home/storage/shared/bos_la_2024_trip/verizon/20241108/153925465/tcp_downlink_153925506.out
[2024-11-08T15:41:26-0500] DL AVG TPUT: 
[2024-11-08T15:41:26-0500] tcp downlink test finished at 2024-11-08 15:41:26.621 EST, duration: 121.139 s
[2024-11-08T15:41:26-0500] -------------------------------
[2024-11-08T15:41:26-0500] Waiting for 2 s...
[2024-11-08T15:41:28-0500] -------------------------------
[2024-11-08T15:41:28-0500] Starting 5G booster for 5 s...
[2024-11-08T15:41:28-0500] 5G booster started at 2024-11-08 15:41:28.734 EST
[2024-11-08T15:41:34-0500] Current time exceeds end time, skipping wait
[2024-11-08T15:41:34-0500] Saved TCP DL results to /data/data/com.termux/files/home/storage/shared/bos_la_2024_trip/verizon/20241108/153925465/tcp_downlink_154128763.out
[2024-11-08T15:41:34-0500] DL AVG TPUT: 
[2024-11-08T15:41:34-0500] 5G booster finished at 2024-11-08 15:41:34.851 EST, duration: 6.117 s
[2024-11-08T15:41:34-0500] -------------------------------
[2024-11-08T15:41:34-0500] Waiting for 2 s...
[2024-11-08T15:41:36-0500] -------------------------------
[2024-11-08T15:41:37-0500] tcp uplink test started at 2024-11-08 15:41:36.972 EST
[2024-11-08T15:41:37-0500] testing tcp uplink with 54.197.223.49:5101, interval 0.5, duration 120, timeout 121 ...
[2024-11-08T15:43:38-0500] Current time exceeds end time, skipping wait
[2024-11-08T15:43:38-0500] Saved uplink test to /data/data/com.termux/files/home/storage/shared/bos_la_2024_trip/verizon/20241108/153925465/tcp_uplink_154137023.out
[2024-11-08T15:43:38-0500] UL AVG TPUT: 
[2024-11-08T15:43:38-0500] tcp uplink test finished at 2024-11-08 15:43:38.103 EST, duration: 121.131 s
[2024-11-08T15:43:38-0500] -------------------------------
[2024-11-08T15:43:38-0500] Waiting for 2 s...
[2024-11-08T15:43:40-0500] -------------------------------
[2024-11-08T15:43:40-0500] Starting 5G booster for 5 s...
[2024-11-08T15:43:40-0500] 5G booster started at 2024-11-08 15:43:40.229 EST
[2024-11-08T15:43:46-0500] Current time exceeds end time, skipping wait
[2024-11-08T15:43:46-0500] Saved TCP DL results to /data/data/com.termux/files/home/storage/shared/bos_la_2024_trip/verizon/20241108/153925465/tcp_downlink_154340270.out
[2024-11-08T15:43:46-0500] DL AVG TPUT: 
[2024-11-08T15:43:46-0500] 5G booster finished at 2024-11-08 15:43:46.390 EST, duration: 6.161 s
[2024-11-08T15:43:46-0500] -------------------------------
[2024-11-08T15:43:46-0500] Waiting for 2 s...
[2024-11-08T15:43:48-0500] -------------------------------
[2024-11-08T15:43:48-0500] ICMP Ping test started at 2024-11-08 15:43:48.541 EST
[2024-11-08T15:44:18-0500] Waiting for .862 s to reach end time
[2024-11-08T15:44:19-0500] Saved ping test to /data/data/com.termux/files/home/storage/shared/bos_la_2024_trip/verizon/20241108/153925465/icmp_ping_154348597.out
[2024-11-08T15:44:19-0500] Ping summary (min/avg/max/mdev) = 29.291/42.321/57.647/4.362 ms
[2024-11-08T15:44:19-0500] Ping test finished at 2024-11-08 15:44:19.633 EST, duration: 31.092 s
[2024-11-08T15:44:19-0500] -------------------------------
[2024-11-08T15:44:19-0500] Waiting for 2 s...
[2024-11-08T15:44:21-0500] -------------------------------
[2024-11-08T15:44:21-0500] Starting 5G booster for 5 s...
[2024-11-08T15:44:21-0500] 5G booster started at 2024-11-08 15:44:21.758 EST
[2024-11-08T15:44:27-0500] Current time exceeds end time, skipping wait
[2024-11-08T15:44:27-0500] Saved TCP DL results to /data/data/com.termux/files/home/storage/shared/bos_la_2024_trip/verizon/20241108/153925465/tcp_downlink_154421798.out
[2024-11-08T15:44:27-0500] DL AVG TPUT: 
[2024-11-08T15:44:27-0500] 5G booster finished at 2024-11-08 15:44:27.902 EST, duration: 6.144 s
[2024-11-08T15:44:27-0500] -------------------------------
[2024-11-08T15:44:27-0500] Waiting for 2 s...
[2024-11-08T15:44:30-0500] -------------------------------
[2024-11-08T15:44:30-0500] TCP Ping test started at 2024-11-08 15:44:30.042 EST
[2024-11-08T15:45:01-0500] Current time exceeds end time, skipping wait
[2024-11-08T15:45:01-0500] Saved TCP Ping test to /data/data/com.termux/files/home/storage/shared/bos_la_2024_trip/verizon/20241108/153925465/tcp_ping_154430119.out
[2024-11-08T15:45:01-0500] TCP Ping summary (min/avg/max/mdev) 
[2024-11-08T15:45:01-0500] TCP Ping test finished at 2024-11-08 15:45:01.209 EST, duration: 31.167 s
[2024-11-08T15:45:01-0500] -------------------------------
[2024-11-08T15:45:01-0500] Waiting for 2 s...
[2024-11-08T15:45:03-0500] -------------------------------
[2024-11-08T15:45:03-0500] Traceroute test started at 2024-11-08 15:45:03.293 EST
[2024-11-08T15:45:07-0500] Waiting for 25.496 s to reach end time
[2024-11-08T15:45:33-0500] Saved traceroute test to /data/data/com.termux/files/home/storage/shared/bos_la_2024_trip/verizon/20241108/153925465/traceroute_154503317.out
[2024-11-08T15:45:33-0500] Traceroute summary (min/avg/max/mdev) 
[2024-11-08T15:45:33-0500] Traceroute test finished at 2024-11-08 15:45:33.397 EST, duration: 30.104 s
[2024-11-08T15:45:33-0500] -------------------------------
[2024-11-08T15:45:33-0500] All tests completed, cleaning up...
[2024-11-08T15:45:33-0500] -------------------------------
[2024-11-08T15:46:00-0500] [measurement] Load environment variables from prod.env file
[2024-11-08T15:46:00-0500] [measurement] Load operator-specific env from verizon.env file
[2024-11-08T15:46:00-0500] Starting a network measurement, please choose a server
[2024-11-08T15:46:00-0500] 0) West Cloud: 54.176.53.206
[2024-11-08T15:46:00-0500] 1) East Cloud: 54.197.223.49
[2024-11-08T15:46:00-0500] 2) Los Angeles Wavelength: 161.188.33.234
[2024-11-08T15:46:00-0500] 3) Las Vegas Wavelength: 155.146.118.158
[2024-11-08T15:46:00-0500] 4) Denver Wavelength: 155.146.144.24
[2024-11-08T15:46:00-0500] 5) Chicago Wavelength: 155.146.180.31
[2024-11-08T15:46:00-0500] 6) Boston Wavelength: 155.146.11.34
[2024-11-08T15:46:21-0500] Enter your choice (0-6): Testing verizon, server 1 (ip: 54.197.223.49, nuttcp_port: 5101, iperf_port: 5001)
[2024-11-08T15:46:21-0500] -------------------------------
[2024-11-08T15:46:21-0500] tcp downlink test started at 2024-11-08 15:46:21.850 EST
[2024-11-08T15:46:21-0500] Testing tcp downlink with 54.197.223.49:5101, interval 0.5 s, duration 120 s, timeout 121 s...
[2024-11-08T15:48:22-0500] Current time exceeds end time, skipping wait
[2024-11-08T15:48:22-0500] Saved tcp downlink test to /data/data/com.termux/files/home/storage/shared/bos_la_2024_trip/verizon/20241108/154621832/tcp_downlink_154621879.out
[2024-11-08T15:48:23-0500] DL AVG TPUT: 
[2024-11-08T15:48:23-0500] tcp downlink test finished at 2024-11-08 15:48:22.973 EST, duration: 121.123 s
[2024-11-08T15:48:23-0500] -------------------------------
[2024-11-08T15:48:23-0500] Waiting for 2 s...
[2024-11-08T15:48:25-0500] -------------------------------
[2024-11-08T15:48:25-0500] Starting 5G booster for 5 s...
[2024-11-08T15:48:25-0500] 5G booster started at 2024-11-08 15:48:25.091 EST
[2024-11-08T15:48:31-0500] Current time exceeds end time, skipping wait
[2024-11-08T15:48:31-0500] Saved TCP DL results to /data/data/com.termux/files/home/storage/shared/bos_la_2024_trip/verizon/20241108/154621832/tcp_downlink_154825120.out
[2024-11-08T15:48:31-0500] DL AVG TPUT: 
[2024-11-08T15:48:31-0500] 5G booster finished at 2024-11-08 15:48:31.180 EST, duration: 6.089 s
[2024-11-08T15:48:31-0500] -------------------------------
[2024-11-08T15:48:31-0500] Waiting for 2 s...
[2024-11-08T15:48:33-0500] -------------------------------
[2024-11-08T15:48:33-0500] tcp uplink test started at 2024-11-08 15:48:33.312 EST
[2024-11-08T15:48:33-0500] testing tcp uplink with 54.197.223.49:5101, interval 0.5, duration 120, timeout 121 ...
[2024-11-08T15:50:34-0500] Current time exceeds end time, skipping wait
[2024-11-08T15:50:34-0500] Saved uplink test to /data/data/com.termux/files/home/storage/shared/bos_la_2024_trip/verizon/20241108/154621832/tcp_uplink_154833337.out
[2024-11-08T15:50:34-0500] UL AVG TPUT: 8.5002 Mbps
[2024-11-08T15:50:34-0500] tcp uplink test finished at 2024-11-08 15:50:34.378 EST, duration: 121.066 s
[2024-11-08T15:50:34-0500] -------------------------------
[2024-11-08T15:50:34-0500] Waiting for 2 s...
[2024-11-08T15:50:36-0500] -------------------------------
[2024-11-08T15:50:36-0500] Starting 5G booster for 5 s...
[2024-11-08T15:50:36-0500] 5G booster started at 2024-11-08 15:50:36.512 EST
[2024-11-08T15:50:42-0500] Current time exceeds end time, skipping wait
[2024-11-08T15:50:42-0500] Saved TCP DL results to /data/data/com.termux/files/home/storage/shared/bos_la_2024_trip/verizon/20241108/154621832/tcp_downlink_155036545.out
[2024-11-08T15:50:42-0500] DL AVG TPUT: 
[2024-11-08T15:50:42-0500] 5G booster finished at 2024-11-08 15:50:42.600 EST, duration: 6.088 s
[2024-11-08T15:50:42-0500] -------------------------------
[2024-11-08T15:50:42-0500] Waiting for 2 s...
[2024-11-08T15:50:44-0500] -------------------------------
[2024-11-08T15:50:44-0500] ICMP Ping test started at 2024-11-08 15:50:44.737 EST
[2024-11-08T15:51:14-0500] Waiting for .886 s to reach end time
[2024-11-08T15:51:15-0500] Saved ping test to /data/data/com.termux/files/home/storage/shared/bos_la_2024_trip/verizon/20241108/154621832/icmp_ping_155044769.out
[2024-11-08T15:51:15-0500] Ping summary (min/avg/max/mdev) = 42.538/56.622/229.435/16.277 ms
[2024-11-08T15:51:15-0500] Ping test finished at 2024-11-08 15:51:15.828 EST, duration: 31.091 s
[2024-11-08T15:51:15-0500] -------------------------------
[2024-11-08T15:51:15-0500] Waiting for 2 s...
[2024-11-08T15:51:17-0500] -------------------------------
[2024-11-08T15:51:17-0500] Starting 5G booster for 5 s...
[2024-11-08T15:51:17-0500] 5G booster started at 2024-11-08 15:51:17.940 EST
[2024-11-08T15:51:24-0500] Current time exceeds end time, skipping wait
[2024-11-08T15:51:24-0500] Saved TCP DL results to /data/data/com.termux/files/home/storage/shared/bos_la_2024_trip/verizon/20241108/154621832/tcp_downlink_155117971.out
[2024-11-08T15:51:24-0500] DL AVG TPUT: 
[2024-11-08T15:51:24-0500] 5G booster finished at 2024-11-08 15:51:24.039 EST, duration: 6.099 s
[2024-11-08T15:51:24-0500] -------------------------------
[2024-11-08T15:51:24-0500] Waiting for 2 s...
[2024-11-08T15:51:26-0500] -------------------------------
[2024-11-08T15:51:26-0500] TCP Ping test started at 2024-11-08 15:51:26.149 EST
[2024-11-08T15:51:57-0500] Current time exceeds end time, skipping wait
[2024-11-08T15:51:57-0500] Saved TCP Ping test to /data/data/com.termux/files/home/storage/shared/bos_la_2024_trip/verizon/20241108/154621832/tcp_ping_155126179.out
[2024-11-08T15:51:57-0500] TCP Ping summary (min/avg/max/mdev) 
[2024-11-08T15:51:57-0500] TCP Ping test finished at 2024-11-08 15:51:57.278 EST, duration: 31.129 s
[2024-11-08T15:51:57-0500] -------------------------------
[2024-11-08T15:51:57-0500] Waiting for 2 s...
[2024-11-08T15:51:59-0500] -------------------------------
[2024-11-08T15:51:59-0500] Traceroute test started at 2024-11-08 15:51:59.421 EST
[2024-11-08T15:52:00-0500] Waiting for 28.632 s to reach end time
[2024-11-08T15:52:29-0500] Saved traceroute test to /data/data/com.termux/files/home/storage/shared/bos_la_2024_trip/verizon/20241108/154621832/traceroute_155159490.out
[2024-11-08T15:52:29-0500] Traceroute summary (min/avg/max/mdev) 
[2024-11-08T15:52:29-0500] Traceroute test finished at 2024-11-08 15:52:29.523 EST, duration: 30.102 s
[2024-11-08T15:52:29-0500] -------------------------------
[2024-11-08T15:52:29-0500] All tests completed, cleaning up...
[2024-11-08T15:52:29-0500] -------------------------------
[2024-11-08T15:53:05-0500] [measurement] Load environment variables from prod.env file
[2024-11-08T15:53:05-0500] [measurement] Load operator-specific env from verizon.env file
[2024-11-08T15:53:05-0500] Starting a network measurement, please choose a server
[2024-11-08T15:53:05-0500] 0) West Cloud: 54.176.53.206
[2024-11-08T15:53:05-0500] 1) East Cloud: 54.197.223.49
[2024-11-08T15:53:05-0500] 2) Los Angeles Wavelength: 161.188.33.234
[2024-11-08T15:53:05-0500] 3) Las Vegas Wavelength: 155.146.118.158
[2024-11-08T15:53:05-0500] 4) Denver Wavelength: 155.146.144.24
[2024-11-08T15:53:05-0500] 5) Chicago Wavelength: 155.146.180.31
[2024-11-08T15:53:05-0500] 6) Boston Wavelength: 155.146.11.34
[2024-11-08T15:53:26-0500] Enter your choice (0-6): Testing verizon, server 1 (ip: 54.197.223.49, nuttcp_port: 5101, iperf_port: 5001)
[2024-11-08T15:53:26-0500] -------------------------------
[2024-11-08T15:53:27-0500] tcp downlink test started at 2024-11-08 15:53:27.009 EST
[2024-11-08T15:53:27-0500] Testing tcp downlink with 54.197.223.49:5101, interval 0.5 s, duration 120 s, timeout 121 s...
[2024-11-08T15:55:28-0500] Current time exceeds end time, skipping wait
[2024-11-08T15:55:28-0500] Saved tcp downlink test to /data/data/com.termux/files/home/storage/shared/bos_la_2024_trip/verizon/20241108/155326983/tcp_downlink_155327049.out
[2024-11-08T15:55:28-0500] DL AVG TPUT: 
[2024-11-08T15:55:28-0500] tcp downlink test finished at 2024-11-08 15:55:28.178 EST, duration: 121.169 s
[2024-11-08T15:55:28-0500] -------------------------------
[2024-11-08T15:55:28-0500] Waiting for 2 s...
[2024-11-08T15:55:30-0500] -------------------------------
[2024-11-08T15:55:30-0500] Starting 5G booster for 5 s...
[2024-11-08T15:55:30-0500] 5G booster started at 2024-11-08 15:55:30.308 EST
[2024-11-08T15:55:36-0500] Current time exceeds end time, skipping wait
[2024-11-08T15:55:36-0500] Saved TCP DL results to /data/data/com.termux/files/home/storage/shared/bos_la_2024_trip/verizon/20241108/155326983/tcp_downlink_155530337.out
[2024-11-08T15:55:36-0500] DL AVG TPUT: 
[2024-11-08T15:55:36-0500] 5G booster finished at 2024-11-08 15:55:36.438 EST, duration: 6.130 s
[2024-11-08T15:55:36-0500] -------------------------------
[2024-11-08T15:55:36-0500] Waiting for 2 s...
[2024-11-08T15:55:38-0500] -------------------------------
[2024-11-08T15:55:38-0500] tcp uplink test started at 2024-11-08 15:55:38.539 EST
[2024-11-08T15:55:38-0500] testing tcp uplink with 54.197.223.49:5101, interval 0.5, duration 120, timeout 121 ...
[2024-11-08T15:57:39-0500] Current time exceeds end time, skipping wait
[2024-11-08T15:57:39-0500] Saved uplink test to /data/data/com.termux/files/home/storage/shared/bos_la_2024_trip/verizon/20241108/155326983/tcp_uplink_155538564.out
[2024-11-08T15:57:39-0500] UL AVG TPUT: 
[2024-11-08T15:57:39-0500] tcp uplink test finished at 2024-11-08 15:57:39.651 EST, duration: 121.112 s
[2024-11-08T15:57:39-0500] -------------------------------
[2024-11-08T15:57:39-0500] Waiting for 2 s...
[2024-11-08T15:57:41-0500] -------------------------------
[2024-11-08T15:57:41-0500] Starting 5G booster for 5 s...
[2024-11-08T15:57:41-0500] 5G booster started at 2024-11-08 15:57:41.792 EST
[2024-11-08T15:57:47-0500] Current time exceeds end time, skipping wait
[2024-11-08T15:57:47-0500] Saved TCP DL results to /data/data/com.termux/files/home/storage/shared/bos_la_2024_trip/verizon/20241108/155326983/tcp_downlink_155741822.out
[2024-11-08T15:57:47-0500] DL AVG TPUT: 
[2024-11-08T15:57:47-0500] 5G booster finished at 2024-11-08 15:57:47.917 EST, duration: 6.125 s
[2024-11-08T15:57:47-0500] -------------------------------
[2024-11-08T15:57:47-0500] Waiting for 2 s...
[2024-11-08T15:57:50-0500] -------------------------------
[2024-11-08T15:57:50-0500] ICMP Ping test started at 2024-11-08 15:57:50.036 EST
[2024-11-08T15:58:20-0500] Waiting for .873 s to reach end time
[2024-11-08T15:58:21-0500] Saved ping test to /data/data/com.termux/files/home/storage/shared/bos_la_2024_trip/verizon/20241108/155326983/icmp_ping_155750066.out
[2024-11-08T15:58:21-0500] Ping summary (min/avg/max/mdev) = 42.257/58.269/217.148/18.531 ms
[2024-11-08T15:58:21-0500] Ping test finished at 2024-11-08 15:58:21.124 EST, duration: 31.088 s
[2024-11-08T15:58:21-0500] -------------------------------
[2024-11-08T15:58:21-0500] Waiting for 2 s...
[2024-11-08T15:58:23-0500] -------------------------------
[2024-11-08T15:58:23-0500] Starting 5G booster for 5 s...
[2024-11-08T15:58:23-0500] 5G booster started at 2024-11-08 15:58:23.233 EST
[2024-11-08T15:58:29-0500] Current time exceeds end time, skipping wait
[2024-11-08T15:58:29-0500] Saved TCP DL results to /data/data/com.termux/files/home/storage/shared/bos_la_2024_trip/verizon/20241108/155326983/tcp_downlink_155823261.out
[2024-11-08T15:58:29-0500] DL AVG TPUT: 
[2024-11-08T15:58:29-0500] 5G booster finished at 2024-11-08 15:58:29.355 EST, duration: 6.122 s
[2024-11-08T15:58:29-0500] -------------------------------
[2024-11-08T15:58:29-0500] Waiting for 2 s...
[2024-11-08T15:58:31-0500] -------------------------------
[2024-11-08T15:58:31-0500] TCP Ping test started at 2024-11-08 15:58:31.451 EST
[2024-11-08T15:59:02-0500] Current time exceeds end time, skipping wait
[2024-11-08T15:59:02-0500] Saved TCP Ping test to /data/data/com.termux/files/home/storage/shared/bos_la_2024_trip/verizon/20241108/155326983/tcp_ping_155831499.out
[2024-11-08T15:59:02-0500] TCP Ping summary (min/avg/max/mdev) 
[2024-11-08T15:59:02-0500] TCP Ping test finished at 2024-11-08 15:59:02.582 EST, duration: 31.131 s
[2024-11-08T15:59:02-0500] -------------------------------
[2024-11-08T15:59:02-0500] Waiting for 2 s...
[2024-11-08T15:59:04-0500] -------------------------------
[2024-11-08T15:59:04-0500] Traceroute test started at 2024-11-08 15:59:04.665 EST
[2024-11-08T15:59:05-0500] Waiting for 28.717 s to reach end time
[2024-11-08T15:59:34-0500] Saved traceroute test to /data/data/com.termux/files/home/storage/shared/bos_la_2024_trip/verizon/20241108/155326983/traceroute_155904690.out
[2024-11-08T15:59:34-0500] Traceroute summary (min/avg/max/mdev) 
[2024-11-08T15:59:34-0500] Traceroute test finished at 2024-11-08 15:59:34.749 EST, duration: 30.084 s
[2024-11-08T15:59:34-0500] -------------------------------
[2024-11-08T15:59:34-0500] All tests completed, cleaning up...
[2024-11-08T15:59:34-0500] -------------------------------
[2024-11-08T15:59:58-0500] [measurement] Load environment variables from prod.env file
[2024-11-08T15:59:58-0500] [measurement] Load operator-specific env from verizon.env file
[2024-11-08T15:59:58-0500] Starting a network measurement, please choose a server
[2024-11-08T15:59:58-0500] 0) West Cloud: 54.176.53.206
[2024-11-08T15:59:58-0500] 1) East Cloud: 54.197.223.49
[2024-11-08T15:59:58-0500] 2) Los Angeles Wavelength: 161.188.33.234
[2024-11-08T15:59:58-0500] 3) Las Vegas Wavelength: 155.146.118.158
[2024-11-08T15:59:58-0500] 4) Denver Wavelength: 155.146.144.24
[2024-11-08T15:59:58-0500] 5) Chicago Wavelength: 155.146.180.31
[2024-11-08T15:59:58-0500] 6) Boston Wavelength: 155.146.11.34
[2024-11-08T16:00:05-0500] Enter your choice (0-6): Testing verizon, server 1 (ip: 54.197.223.49, nuttcp_port: 5101, iperf_port: 5001)
[2024-11-08T16:00:05-0500] -------------------------------
[2024-11-08T16:00:05-0500] tcp downlink test started at 2024-11-08 16:00:05.380 EST
[2024-11-08T16:00:05-0500] Testing tcp downlink with 54.197.223.49:5101, interval 0.5 s, duration 120 s, timeout 121 s...
[2024-11-08T16:02:06-0500] Current time exceeds end time, skipping wait
[2024-11-08T16:02:06-0500] Saved tcp downlink test to /data/data/com.termux/files/home/storage/shared/bos_la_2024_trip/verizon/20241108/160005357/tcp_downlink_160005410.out
[2024-11-08T16:02:06-0500] DL AVG TPUT: 
[2024-11-08T16:02:06-0500] tcp downlink test finished at 2024-11-08 16:02:06.497 EST, duration: 121.117 s
[2024-11-08T16:02:06-0500] -------------------------------
[2024-11-08T16:02:06-0500] Waiting for 2 s...
[2024-11-08T16:02:08-0500] -------------------------------
[2024-11-08T16:02:08-0500] Starting 5G booster for 5 s...
[2024-11-08T16:02:08-0500] 5G booster started at 2024-11-08 16:02:08.599 EST
[2024-11-08T16:02:14-0500] Current time exceeds end time, skipping wait
[2024-11-08T16:02:14-0500] Saved TCP DL results to /data/data/com.termux/files/home/storage/shared/bos_la_2024_trip/verizon/20241108/160005357/tcp_downlink_160208621.out
[2024-11-08T16:02:14-0500] DL AVG TPUT: 
[2024-11-08T16:02:14-0500] 5G booster finished at 2024-11-08 16:02:14.706 EST, duration: 6.107 s
[2024-11-08T16:02:14-0500] -------------------------------
[2024-11-08T16:02:14-0500] Waiting for 2 s...
[2024-11-08T16:02:16-0500] -------------------------------
[2024-11-08T16:02:16-0500] tcp uplink test started at 2024-11-08 16:02:16.822 EST
[2024-11-08T16:02:16-0500] testing tcp uplink with 54.197.223.49:5101, interval 0.5, duration 120, timeout 121 ...
[2024-11-08T16:04:17-0500] Current time exceeds end time, skipping wait
[2024-11-08T16:04:17-0500] Saved uplink test to /data/data/com.termux/files/home/storage/shared/bos_la_2024_trip/verizon/20241108/160005357/tcp_uplink_160216853.out
[2024-11-08T16:04:17-0500] UL AVG TPUT: 
[2024-11-08T16:04:18-0500] tcp uplink test finished at 2024-11-08 16:04:17.933 EST, duration: 121.111 s
[2024-11-08T16:04:18-0500] -------------------------------
[2024-11-08T16:04:18-0500] Waiting for 2 s...
[2024-11-08T16:04:20-0500] -------------------------------
[2024-11-08T16:04:20-0500] Starting 5G booster for 5 s...
[2024-11-08T16:04:20-0500] 5G booster started at 2024-11-08 16:04:20.066 EST
[2024-11-08T16:04:26-0500] Current time exceeds end time, skipping wait
[2024-11-08T16:04:26-0500] Saved TCP DL results to /data/data/com.termux/files/home/storage/shared/bos_la_2024_trip/verizon/20241108/160005357/tcp_downlink_160420091.out
[2024-11-08T16:04:26-0500] DL AVG TPUT: 
[2024-11-08T16:04:26-0500] 5G booster finished at 2024-11-08 16:04:26.178 EST, duration: 6.112 s
[2024-11-08T16:04:26-0500] -------------------------------
[2024-11-08T16:04:26-0500] Waiting for 2 s...
[2024-11-08T16:04:28-0500] -------------------------------
[2024-11-08T16:04:28-0500] ICMP Ping test started at 2024-11-08 16:04:28.278 EST
[2024-11-08T16:04:58-0500] Waiting for .868 s to reach end time
[2024-11-08T16:04:59-0500] Saved ping test to /data/data/com.termux/files/home/storage/shared/bos_la_2024_trip/verizon/20241108/160005357/icmp_ping_160428306.out
[2024-11-08T16:04:59-0500] Ping summary (min/avg/max/mdev) = 45.640/57.012/88.933/7.068 ms
[2024-11-08T16:04:59-0500] Ping test finished at 2024-11-08 16:04:59.357 EST, duration: 31.079 s
[2024-11-08T16:04:59-0500] -------------------------------
[2024-11-08T16:04:59-0500] Waiting for 2 s...
[2024-11-08T16:05:01-0500] -------------------------------
[2024-11-08T16:05:01-0500] Starting 5G booster for 5 s...
[2024-11-08T16:05:01-0500] 5G booster started at 2024-11-08 16:05:01.468 EST
[2024-11-08T16:05:07-0500] Current time exceeds end time, skipping wait
[2024-11-08T16:05:07-0500] Saved TCP DL results to /data/data/com.termux/files/home/storage/shared/bos_la_2024_trip/verizon/20241108/160005357/tcp_downlink_160501503.out
[2024-11-08T16:05:07-0500] DL AVG TPUT: 
[2024-11-08T16:05:07-0500] 5G booster finished at 2024-11-08 16:05:07.591 EST, duration: 6.123 s
[2024-11-08T16:05:07-0500] -------------------------------
[2024-11-08T16:05:07-0500] Waiting for 2 s...
[2024-11-08T16:05:09-0500] -------------------------------
[2024-11-08T16:05:09-0500] TCP Ping test started at 2024-11-08 16:05:09.707 EST
[2024-11-08T16:05:40-0500] Current time exceeds end time, skipping wait
[2024-11-08T16:05:40-0500] Saved TCP Ping test to /data/data/com.termux/files/home/storage/shared/bos_la_2024_trip/verizon/20241108/160005357/tcp_ping_160509732.out
[2024-11-08T16:05:40-0500] TCP Ping summary (min/avg/max/mdev) 
[2024-11-08T16:05:40-0500] TCP Ping test finished at 2024-11-08 16:05:40.806 EST, duration: 31.099 s
[2024-11-08T16:05:40-0500] -------------------------------
[2024-11-08T16:05:40-0500] Waiting for 2 s...
[2024-11-08T16:05:42-0500] -------------------------------
[2024-11-08T16:05:42-0500] Traceroute test started at 2024-11-08 16:05:42.902 EST
[2024-11-08T16:05:44-0500] Waiting for 28.284 s to reach end time
[2024-11-08T16:06:12-0500] Saved traceroute test to /data/data/com.termux/files/home/storage/shared/bos_la_2024_trip/verizon/20241108/160005357/traceroute_160542935.out
[2024-11-08T16:06:12-0500] Traceroute summary (min/avg/max/mdev) 
[2024-11-08T16:06:13-0500] Traceroute test finished at 2024-11-08 16:06:12.972 EST, duration: 30.070 s
[2024-11-08T16:06:13-0500] -------------------------------
[2024-11-08T16:06:13-0500] All tests completed, cleaning up...
[2024-11-08T16:06:13-0500] -------------------------------
[2024-11-08T16:07:01-0500] [measurement] Load environment variables from prod.env file
[2024-11-08T16:07:01-0500] [measurement] Load operator-specific env from verizon.env file
[2024-11-08T16:07:01-0500] Starting a network measurement, please choose a server
[2024-11-08T16:07:01-0500] 0) West Cloud: 54.176.53.206
[2024-11-08T16:07:01-0500] 1) East Cloud: 54.197.223.49
[2024-11-08T16:07:01-0500] 2) Los Angeles Wavelength: 161.188.33.234
[2024-11-08T16:07:01-0500] 3) Las Vegas Wavelength: 155.146.118.158
[2024-11-08T16:07:01-0500] 4) Denver Wavelength: 155.146.144.24
[2024-11-08T16:07:01-0500] 5) Chicago Wavelength: 155.146.180.31
[2024-11-08T16:07:01-0500] 6) Boston Wavelength: 155.146.11.34
[2024-11-08T16:07:09-0500] Enter your choice (0-6): Testing verizon, server 1 (ip: 54.197.223.49, nuttcp_port: 5101, iperf_port: 5001)
[2024-11-08T16:07:09-0500] -------------------------------
[2024-11-08T16:07:09-0500] tcp downlink test started at 2024-11-08 16:07:09.625 EST
[2024-11-08T16:07:09-0500] Testing tcp downlink with 54.197.223.49:5101, interval 0.5 s, duration 120 s, timeout 121 s...
[2024-11-08T16:09:10-0500] Current time exceeds end time, skipping wait
[2024-11-08T16:09:10-0500] Saved tcp downlink test to /data/data/com.termux/files/home/storage/shared/bos_la_2024_trip/verizon/20241108/160709604/tcp_downlink_160709650.out
[2024-11-08T16:09:10-0500] DL AVG TPUT: 
[2024-11-08T16:09:10-0500] tcp downlink test finished at 2024-11-08 16:09:10.738 EST, duration: 121.113 s
[2024-11-08T16:09:10-0500] -------------------------------
[2024-11-08T16:09:10-0500] Waiting for 2 s...
[2024-11-08T16:09:12-0500] -------------------------------
[2024-11-08T16:09:12-0500] Starting 5G booster for 5 s...
[2024-11-08T16:09:12-0500] 5G booster started at 2024-11-08 16:09:12.861 EST
[2024-11-08T16:09:18-0500] Current time exceeds end time, skipping wait
[2024-11-08T16:09:19-0500] Saved TCP DL results to /data/data/com.termux/files/home/storage/shared/bos_la_2024_trip/verizon/20241108/160709604/tcp_downlink_160912892.out
[2024-11-08T16:09:19-0500] DL AVG TPUT: 
[2024-11-08T16:09:19-0500] 5G booster finished at 2024-11-08 16:09:19.008 EST, duration: 6.147 s
[2024-11-08T16:09:19-0500] -------------------------------
[2024-11-08T16:09:19-0500] Waiting for 2 s...
[2024-11-08T16:09:21-0500] -------------------------------
[2024-11-08T16:09:21-0500] tcp uplink test started at 2024-11-08 16:09:21.173 EST
[2024-11-08T16:09:21-0500] testing tcp uplink with 54.197.223.49:5101, interval 0.5, duration 120, timeout 121 ...
[2024-11-08T16:11:22-0500] Current time exceeds end time, skipping wait
[2024-11-08T16:11:22-0500] Saved uplink test to /data/data/com.termux/files/home/storage/shared/bos_la_2024_trip/verizon/20241108/160709604/tcp_uplink_160921247.out
[2024-11-08T16:11:22-0500] UL AVG TPUT: 
[2024-11-08T16:11:22-0500] tcp uplink test finished at 2024-11-08 16:11:22.354 EST, duration: 121.181 s
[2024-11-08T16:11:22-0500] -------------------------------
[2024-11-08T16:11:22-0500] Waiting for 2 s...
[2024-11-08T16:11:24-0500] -------------------------------
[2024-11-08T16:11:24-0500] Starting 5G booster for 5 s...
[2024-11-08T16:11:24-0500] 5G booster started at 2024-11-08 16:11:24.461 EST
[2024-11-08T16:11:30-0500] Current time exceeds end time, skipping wait
[2024-11-08T16:11:30-0500] Saved TCP DL results to /data/data/com.termux/files/home/storage/shared/bos_la_2024_trip/verizon/20241108/160709604/tcp_downlink_161124496.out
[2024-11-08T16:11:30-0500] DL AVG TPUT: 
[2024-11-08T16:11:30-0500] 5G booster finished at 2024-11-08 16:11:30.604 EST, duration: 6.143 s
[2024-11-08T16:11:30-0500] -------------------------------
[2024-11-08T16:11:30-0500] Waiting for 2 s...
[2024-11-08T16:11:32-0500] -------------------------------
[2024-11-08T16:11:32-0500] ICMP Ping test started at 2024-11-08 16:11:32.748 EST
[2024-11-08T16:12:02-0500] Waiting for .889 s to reach end time
[2024-11-08T16:12:03-0500] Saved ping test to /data/data/com.termux/files/home/storage/shared/bos_la_2024_trip/verizon/20241108/160709604/icmp_ping_161132779.out
[2024-11-08T16:12:03-0500] Ping summary (min/avg/max/mdev) = 45.686/60.754/147.773/14.330 ms
[2024-11-08T16:12:03-0500] Ping test finished at 2024-11-08 16:12:03.837 EST, duration: 31.089 s
[2024-11-08T16:12:03-0500] -------------------------------
[2024-11-08T16:12:03-0500] Waiting for 2 s...
[2024-11-08T16:12:05-0500] -------------------------------
[2024-11-08T16:12:05-0500] Starting 5G booster for 5 s...
[2024-11-08T16:12:05-0500] 5G booster started at 2024-11-08 16:12:05.953 EST
[2024-11-08T16:12:12-0500] Current time exceeds end time, skipping wait
[2024-11-08T16:12:12-0500] Saved TCP DL results to /data/data/com.termux/files/home/storage/shared/bos_la_2024_trip/verizon/20241108/160709604/tcp_downlink_161206007.out
[2024-11-08T16:12:12-0500] DL AVG TPUT: 
[2024-11-08T16:12:12-0500] 5G booster finished at 2024-11-08 16:12:12.067 EST, duration: 6.114 s
[2024-11-08T16:12:12-0500] -------------------------------
[2024-11-08T16:12:12-0500] Waiting for 2 s...
[2024-11-08T16:12:14-0500] -------------------------------
[2024-11-08T16:12:14-0500] TCP Ping test started at 2024-11-08 16:12:14.194 EST
[2024-11-08T16:12:45-0500] Current time exceeds end time, skipping wait
[2024-11-08T16:12:45-0500] Saved TCP Ping test to /data/data/com.termux/files/home/storage/shared/bos_la_2024_trip/verizon/20241108/160709604/tcp_ping_161214226.out
[2024-11-08T16:12:45-0500] TCP Ping summary (min/avg/max/mdev) 
[2024-11-08T16:12:45-0500] TCP Ping test finished at 2024-11-08 16:12:45.296 EST, duration: 31.102 s
[2024-11-08T16:12:45-0500] -------------------------------
[2024-11-08T16:12:45-0500] Waiting for 2 s...
[2024-11-08T16:12:47-0500] -------------------------------
[2024-11-08T16:12:47-0500] Traceroute test started at 2024-11-08 16:12:47.440 EST
[2024-11-08T16:12:48-0500] Waiting for 28.727 s to reach end time
[2024-11-08T16:13:17-0500] Saved traceroute test to /data/data/com.termux/files/home/storage/shared/bos_la_2024_trip/verizon/20241108/160709604/traceroute_161247499.out
[2024-11-08T16:13:17-0500] Traceroute summary (min/avg/max/mdev) 
[2024-11-08T16:13:17-0500] Traceroute test finished at 2024-11-08 16:13:17.532 EST, duration: 30.092 s
[2024-11-08T16:13:17-0500] -------------------------------
[2024-11-08T16:13:17-0500] All tests completed, cleaning up...
[2024-11-08T16:13:17-0500] -------------------------------
[2024-11-08T16:31:32-0500] [measurement] Load environment variables from prod.env file
[2024-11-08T16:31:32-0500] [measurement] Load operator-specific env from verizon.env file
[2024-11-08T16:31:32-0500] Starting a network measurement, please choose a server
[2024-11-08T16:31:32-0500] 0) West Cloud: 54.176.53.206
[2024-11-08T16:31:32-0500] 1) East Cloud: 54.197.223.49
[2024-11-08T16:31:32-0500] 2) Los Angeles Wavelength: 161.188.33.234
[2024-11-08T16:31:32-0500] 3) Las Vegas Wavelength: 155.146.118.158
[2024-11-08T16:31:32-0500] 4) Denver Wavelength: 155.146.144.24
[2024-11-08T16:31:32-0500] 5) Chicago Wavelength: 155.146.180.31
[2024-11-08T16:31:32-0500] 6) Boston Wavelength: 155.146.11.34
[2024-11-08T16:31:42-0500] Enter your choice (0-6): Testing verizon, server 1 (ip: 54.197.223.49, nuttcp_port: 5101, iperf_port: 5001)
[2024-11-08T16:31:42-0500] -------------------------------
[2024-11-08T16:31:42-0500] tcp downlink test started at 2024-11-08 16:31:42.085 EST
[2024-11-08T16:31:42-0500] Testing tcp downlink with 54.197.223.49:5101, interval 0.5 s, duration 120 s, timeout 121 s...
[2024-11-08T16:33:43-0500] Current time exceeds end time, skipping wait
[2024-11-08T16:33:43-0500] Saved tcp downlink test to /data/data/com.termux/files/home/storage/shared/bos_la_2024_trip/verizon/20241108/163142066/tcp_downlink_163142114.out
[2024-11-08T16:33:43-0500] DL AVG TPUT: 
[2024-11-08T16:33:43-0500] tcp downlink test finished at 2024-11-08 16:33:43.245 EST, duration: 121.160 s
[2024-11-08T16:33:43-0500] -------------------------------
[2024-11-08T16:33:43-0500] Waiting for 2 s...
[2024-11-08T16:33:45-0500] -------------------------------
[2024-11-08T16:33:45-0500] Starting 5G booster for 5 s...
[2024-11-08T16:33:45-0500] 5G booster started at 2024-11-08 16:33:45.422 EST
[2024-11-08T16:33:51-0500] Current time exceeds end time, skipping wait
[2024-11-08T16:33:51-0500] Saved TCP DL results to /data/data/com.termux/files/home/storage/shared/bos_la_2024_trip/verizon/20241108/163142066/tcp_downlink_163345459.out
[2024-11-08T16:33:51-0500] DL AVG TPUT: 
[2024-11-08T16:33:51-0500] 5G booster finished at 2024-11-08 16:33:51.571 EST, duration: 6.149 s
[2024-11-08T16:33:51-0500] -------------------------------
[2024-11-08T16:33:51-0500] Waiting for 2 s...
[2024-11-08T16:33:53-0500] -------------------------------
[2024-11-08T16:33:53-0500] tcp uplink test started at 2024-11-08 16:33:53.657 EST
[2024-11-08T16:33:53-0500] testing tcp uplink with 54.197.223.49:5101, interval 0.5, duration 120, timeout 121 ...
[2024-11-08T16:35:54-0500] Current time exceeds end time, skipping wait
[2024-11-08T16:35:54-0500] Saved uplink test to /data/data/com.termux/files/home/storage/shared/bos_la_2024_trip/verizon/20241108/163142066/tcp_uplink_163353699.out
[2024-11-08T16:35:54-0500] UL AVG TPUT: 
[2024-11-08T16:35:54-0500] tcp uplink test finished at 2024-11-08 16:35:54.808 EST, duration: 121.151 s
[2024-11-08T16:35:54-0500] -------------------------------
[2024-11-08T16:35:54-0500] Waiting for 2 s...
[2024-11-08T16:35:56-0500] -------------------------------
[2024-11-08T16:35:56-0500] Starting 5G booster for 5 s...
[2024-11-08T16:35:56-0500] 5G booster started at 2024-11-08 16:35:56.921 EST
[2024-11-08T16:36:03-0500] Current time exceeds end time, skipping wait
[2024-11-08T16:36:03-0500] Saved TCP DL results to /data/data/com.termux/files/home/storage/shared/bos_la_2024_trip/verizon/20241108/163142066/tcp_downlink_163556961.out
[2024-11-08T16:36:03-0500] DL AVG TPUT: 
[2024-11-08T16:36:03-0500] 5G booster finished at 2024-11-08 16:36:03.103 EST, duration: 6.182 s
[2024-11-08T16:36:03-0500] -------------------------------
[2024-11-08T16:36:03-0500] Waiting for 2 s...
[2024-11-08T16:36:05-0500] -------------------------------
[2024-11-08T16:36:05-0500] ICMP Ping test started at 2024-11-08 16:36:05.275 EST
[2024-11-08T16:36:35-0500] Waiting for .870 s to reach end time
[2024-11-08T16:36:36-0500] Saved ping test to /data/data/com.termux/files/home/storage/shared/bos_la_2024_trip/verizon/20241108/163142066/icmp_ping_163605304.out
[2024-11-08T16:36:36-0500] Ping summary (min/avg/max/mdev) = 46.355/67.754/209.004/28.074 ms
[2024-11-08T16:36:36-0500] Ping test finished at 2024-11-08 16:36:36.363 EST, duration: 31.088 s
[2024-11-08T16:36:36-0500] -------------------------------
[2024-11-08T16:36:36-0500] Waiting for 2 s...
[2024-11-08T16:36:38-0500] -------------------------------
[2024-11-08T16:36:38-0500] Starting 5G booster for 5 s...
[2024-11-08T16:36:38-0500] 5G booster started at 2024-11-08 16:36:38.484 EST
[2024-11-08T16:36:44-0500] Current time exceeds end time, skipping wait
[2024-11-08T16:36:44-0500] Saved TCP DL results to /data/data/com.termux/files/home/storage/shared/bos_la_2024_trip/verizon/20241108/163142066/tcp_downlink_163638534.out
[2024-11-08T16:36:44-0500] DL AVG TPUT: 
[2024-11-08T16:36:44-0500] 5G booster finished at 2024-11-08 16:36:44.610 EST, duration: 6.126 s
[2024-11-08T16:36:44-0500] -------------------------------
[2024-11-08T16:36:44-0500] Waiting for 2 s...
[2024-11-08T16:36:46-0500] -------------------------------
[2024-11-08T16:36:46-0500] TCP Ping test started at 2024-11-08 16:36:46.696 EST
[2024-11-08T16:37:17-0500] Current time exceeds end time, skipping wait
[2024-11-08T16:37:17-0500] Saved TCP Ping test to /data/data/com.termux/files/home/storage/shared/bos_la_2024_trip/verizon/20241108/163142066/tcp_ping_163646726.out
[2024-11-08T16:37:17-0500] TCP Ping summary (min/avg/max/mdev) 
[2024-11-08T16:37:17-0500] TCP Ping test finished at 2024-11-08 16:37:17.843 EST, duration: 31.147 s
[2024-11-08T16:37:17-0500] -------------------------------
[2024-11-08T16:37:17-0500] Waiting for 2 s...
[2024-11-08T16:37:19-0500] -------------------------------
[2024-11-08T16:37:19-0500] Traceroute test started at 2024-11-08 16:37:19.959 EST
[2024-11-08T16:37:22-0500] Waiting for 27.887 s to reach end time
[2024-11-08T16:37:50-0500] Saved traceroute test to /data/data/com.termux/files/home/storage/shared/bos_la_2024_trip/verizon/20241108/163142066/traceroute_163720001.out
[2024-11-08T16:37:50-0500] Traceroute summary (min/avg/max/mdev) 
[2024-11-08T16:37:50-0500] Traceroute test finished at 2024-11-08 16:37:50.061 EST, duration: 30.102 s
[2024-11-08T16:37:50-0500] -------------------------------
[2024-11-08T16:37:50-0500] All tests completed, cleaning up...
[2024-11-08T16:37:50-0500] -------------------------------
[2024-11-08T16:38:59-0500] [measurement] Load environment variables from prod.env file
[2024-11-08T16:38:59-0500] [measurement] Load operator-specific env from verizon.env file
[2024-11-08T16:38:59-0500] Starting a network measurement, please choose a server
[2024-11-08T16:38:59-0500] 0) West Cloud: 54.176.53.206
[2024-11-08T16:38:59-0500] 1) East Cloud: 54.197.223.49
[2024-11-08T16:38:59-0500] 2) Los Angeles Wavelength: 161.188.33.234
[2024-11-08T16:38:59-0500] 3) Las Vegas Wavelength: 155.146.118.158
[2024-11-08T16:38:59-0500] 4) Denver Wavelength: 155.146.144.24
[2024-11-08T16:38:59-0500] 5) Chicago Wavelength: 155.146.180.31
[2024-11-08T16:38:59-0500] 6) Boston Wavelength: 155.146.11.34
[2024-11-08T16:39:02-0500] Enter your choice (0-6): Testing verizon, server 1 (ip: 54.197.223.49, nuttcp_port: 5101, iperf_port: 5001)
[2024-11-08T16:39:02-0500] -------------------------------
[2024-11-08T16:39:02-0500] tcp downlink test started at 2024-11-08 16:39:02.292 EST
[2024-11-08T16:39:02-0500] Testing tcp downlink with 54.197.223.49:5101, interval 0.5 s, duration 120 s, timeout 121 s...
[2024-11-08T16:41:03-0500] Current time exceeds end time, skipping wait
[2024-11-08T16:41:03-0500] Saved tcp downlink test to /data/data/com.termux/files/home/storage/shared/bos_la_2024_trip/verizon/20241108/163902277/tcp_downlink_163902314.out
[2024-11-08T16:41:03-0500] DL AVG TPUT: 
[2024-11-08T16:41:03-0500] tcp downlink test finished at 2024-11-08 16:41:03.406 EST, duration: 121.114 s
[2024-11-08T16:41:03-0500] -------------------------------
[2024-11-08T16:41:03-0500] Waiting for 2 s...
[2024-11-08T16:41:05-0500] -------------------------------
[2024-11-08T16:41:05-0500] Starting 5G booster for 5 s...
[2024-11-08T16:41:05-0500] 5G booster started at 2024-11-08 16:41:05.522 EST
[2024-11-08T16:41:11-0500] Current time exceeds end time, skipping wait
[2024-11-08T16:41:11-0500] Saved TCP DL results to /data/data/com.termux/files/home/storage/shared/bos_la_2024_trip/verizon/20241108/163902277/tcp_downlink_164105552.out
[2024-11-08T16:41:11-0500] DL AVG TPUT: 
[2024-11-08T16:41:11-0500] 5G booster finished at 2024-11-08 16:41:11.639 EST, duration: 6.117 s
[2024-11-08T16:41:11-0500] -------------------------------
[2024-11-08T16:41:11-0500] Waiting for 2 s...
[2024-11-08T16:41:13-0500] -------------------------------
[2024-11-08T16:41:13-0500] tcp uplink test started at 2024-11-08 16:41:13.773 EST
[2024-11-08T16:41:13-0500] testing tcp uplink with 54.197.223.49:5101, interval 0.5, duration 120, timeout 121 ...
[2024-11-08T16:43:14-0500] Current time exceeds end time, skipping wait
[2024-11-08T16:43:14-0500] Saved uplink test to /data/data/com.termux/files/home/storage/shared/bos_la_2024_trip/verizon/20241108/163902277/tcp_uplink_164113839.out
[2024-11-08T16:43:14-0500] UL AVG TPUT: 
[2024-11-08T16:43:15-0500] tcp uplink test finished at 2024-11-08 16:43:14.924 EST, duration: 121.151 s
[2024-11-08T16:43:15-0500] -------------------------------
[2024-11-08T16:43:15-0500] Waiting for 2 s...
[2024-11-08T16:43:17-0500] -------------------------------
[2024-11-08T16:43:17-0500] Starting 5G booster for 5 s...
[2024-11-08T16:43:17-0500] 5G booster started at 2024-11-08 16:43:17.025 EST
[2024-11-08T16:43:23-0500] Current time exceeds end time, skipping wait
[2024-11-08T16:43:23-0500] Saved TCP DL results to /data/data/com.termux/files/home/storage/shared/bos_la_2024_trip/verizon/20241108/163902277/tcp_downlink_164317050.out
[2024-11-08T16:43:23-0500] DL AVG TPUT: 
[2024-11-08T16:43:23-0500] 5G booster finished at 2024-11-08 16:43:23.189 EST, duration: 6.164 s
[2024-11-08T16:43:23-0500] -------------------------------
[2024-11-08T16:43:23-0500] Waiting for 2 s...
[2024-11-08T16:43:25-0500] -------------------------------
[2024-11-08T16:43:25-0500] ICMP Ping test started at 2024-11-08 16:43:25.306 EST
[2024-11-08T16:43:55-0500] Waiting for .881 s to reach end time
[2024-11-08T16:43:56-0500] Saved ping test to /data/data/com.termux/files/home/storage/shared/bos_la_2024_trip/verizon/20241108/163902277/icmp_ping_164325361.out
[2024-11-08T16:43:56-0500] Ping summary (min/avg/max/mdev) = 43.235/56.039/177.254/14.760 ms
[2024-11-08T16:43:56-0500] Ping test finished at 2024-11-08 16:43:56.404 EST, duration: 31.098 s
[2024-11-08T16:43:56-0500] -------------------------------
[2024-11-08T16:43:56-0500] Waiting for 2 s...
[2024-11-08T16:43:58-0500] -------------------------------
[2024-11-08T16:43:58-0500] Starting 5G booster for 5 s...
[2024-11-08T16:43:58-0500] 5G booster started at 2024-11-08 16:43:58.517 EST
[2024-11-08T16:44:04-0500] Current time exceeds end time, skipping wait
[2024-11-08T16:44:04-0500] Saved TCP DL results to /data/data/com.termux/files/home/storage/shared/bos_la_2024_trip/verizon/20241108/163902277/tcp_downlink_164358547.out
[2024-11-08T16:44:04-0500] DL AVG TPUT: 
[2024-11-08T16:44:04-0500] 5G booster finished at 2024-11-08 16:44:04.661 EST, duration: 6.144 s
[2024-11-08T16:44:04-0500] -------------------------------
[2024-11-08T16:44:04-0500] Waiting for 2 s...
[2024-11-08T16:44:06-0500] -------------------------------
[2024-11-08T16:44:06-0500] TCP Ping test started at 2024-11-08 16:44:06.788 EST
[2024-11-08T16:44:37-0500] Current time exceeds end time, skipping wait
[2024-11-08T16:44:37-0500] Saved TCP Ping test to /data/data/com.termux/files/home/storage/shared/bos_la_2024_trip/verizon/20241108/163902277/tcp_ping_164406821.out
[2024-11-08T16:44:37-0500] TCP Ping summary (min/avg/max/mdev) 
[2024-11-08T16:44:38-0500] TCP Ping test finished at 2024-11-08 16:44:37.915 EST, duration: 31.127 s
[2024-11-08T16:44:38-0500] -------------------------------
[2024-11-08T16:44:38-0500] Waiting for 2 s...
[2024-11-08T16:44:40-0500] -------------------------------
[2024-11-08T16:44:40-0500] Traceroute test started at 2024-11-08 16:44:40.047 EST
[2024-11-08T16:44:43-0500] Waiting for 26.556 s to reach end time
[2024-11-08T16:45:10-0500] Saved traceroute test to /data/data/com.termux/files/home/storage/shared/bos_la_2024_trip/verizon/20241108/163902277/traceroute_164440077.out
[2024-11-08T16:45:10-0500] Traceroute summary (min/avg/max/mdev) 
[2024-11-08T16:45:10-0500] Traceroute test finished at 2024-11-08 16:45:10.126 EST, duration: 30.079 s
[2024-11-08T16:45:10-0500] -------------------------------
[2024-11-08T16:45:10-0500] All tests completed, cleaning up...
[2024-11-08T16:45:10-0500] -------------------------------
[2024-11-08T16:45:46-0500] [measurement] Load environment variables from prod.env file
[2024-11-08T16:45:46-0500] [measurement] Load operator-specific env from verizon.env file
[2024-11-08T16:45:46-0500] Starting a network measurement, please choose a server
[2024-11-08T16:45:46-0500] 0) West Cloud: 54.176.53.206
[2024-11-08T16:45:46-0500] 1) East Cloud: 54.197.223.49
[2024-11-08T16:45:46-0500] 2) Los Angeles Wavelength: 161.188.33.234
[2024-11-08T16:45:46-0500] 3) Las Vegas Wavelength: 155.146.118.158
[2024-11-08T16:45:46-0500] 4) Denver Wavelength: 155.146.144.24
[2024-11-08T16:45:46-0500] 5) Chicago Wavelength: 155.146.180.31
[2024-11-08T16:45:46-0500] 6) Boston Wavelength: 155.146.11.34
[2024-11-08T16:46:05-0500] Enter your choice (0-6): Testing verizon, server 1 (ip: 54.197.223.49, nuttcp_port: 5101, iperf_port: 5001)
[2024-11-08T16:46:05-0500] -------------------------------
[2024-11-08T16:46:05-0500] tcp downlink test started at 2024-11-08 16:46:05.750 EST
[2024-11-08T16:46:05-0500] Testing tcp downlink with 54.197.223.49:5101, interval 0.5 s, duration 120 s, timeout 121 s...
[2024-11-08T16:48:06-0500] Current time exceeds end time, skipping wait
[2024-11-08T16:48:06-0500] Saved tcp downlink test to /data/data/com.termux/files/home/storage/shared/bos_la_2024_trip/verizon/20241108/164605717/tcp_downlink_164605775.out
[2024-11-08T16:48:06-0500] DL AVG TPUT: 
[2024-11-08T16:48:06-0500] tcp downlink test finished at 2024-11-08 16:48:06.870 EST, duration: 121.120 s
[2024-11-08T16:48:06-0500] -------------------------------
[2024-11-08T16:48:06-0500] Waiting for 2 s...
[2024-11-08T16:48:08-0500] -------------------------------
[2024-11-08T16:48:08-0500] Starting 5G booster for 5 s...
[2024-11-08T16:48:09-0500] 5G booster started at 2024-11-08 16:48:08.974 EST
[2024-11-08T16:48:15-0500] Current time exceeds end time, skipping wait
[2024-11-08T16:48:15-0500] Saved TCP DL results to /data/data/com.termux/files/home/storage/shared/bos_la_2024_trip/verizon/20241108/164605717/tcp_downlink_164809011.out
[2024-11-08T16:48:15-0500] DL AVG TPUT: 
[2024-11-08T16:48:15-0500] 5G booster finished at 2024-11-08 16:48:15.108 EST, duration: 6.134 s
[2024-11-08T16:48:15-0500] -------------------------------
[2024-11-08T16:48:15-0500] Waiting for 2 s...
[2024-11-08T16:48:17-0500] -------------------------------
[2024-11-08T16:48:17-0500] tcp uplink test started at 2024-11-08 16:48:17.252 EST
[2024-11-08T16:48:17-0500] testing tcp uplink with 54.197.223.49:5101, interval 0.5, duration 120, timeout 121 ...
[2024-11-08T16:50:18-0500] Current time exceeds end time, skipping wait
[2024-11-08T16:50:18-0500] Saved uplink test to /data/data/com.termux/files/home/storage/shared/bos_la_2024_trip/verizon/20241108/164605717/tcp_uplink_164817302.out
[2024-11-08T16:50:18-0500] UL AVG TPUT: 
[2024-11-08T16:50:18-0500] tcp uplink test finished at 2024-11-08 16:50:18.424 EST, duration: 121.172 s
[2024-11-08T16:50:18-0500] -------------------------------
[2024-11-08T16:50:18-0500] Waiting for 2 s...
[2024-11-08T16:50:20-0500] -------------------------------
[2024-11-08T16:50:20-0500] Starting 5G booster for 5 s...
[2024-11-08T16:50:20-0500] 5G booster started at 2024-11-08 16:50:20.555 EST
[2024-11-08T16:50:26-0500] Current time exceeds end time, skipping wait
[2024-11-08T16:50:26-0500] Saved TCP DL results to /data/data/com.termux/files/home/storage/shared/bos_la_2024_trip/verizon/20241108/164605717/tcp_downlink_165020582.out
[2024-11-08T16:50:26-0500] DL AVG TPUT: 
[2024-11-08T16:50:26-0500] 5G booster finished at 2024-11-08 16:50:26.680 EST, duration: 6.125 s
[2024-11-08T16:50:26-0500] -------------------------------
[2024-11-08T16:50:26-0500] Waiting for 2 s...
[2024-11-08T16:50:28-0500] -------------------------------
[2024-11-08T16:50:28-0500] ICMP Ping test started at 2024-11-08 16:50:28.779 EST
[2024-11-08T16:50:58-0500] Waiting for .887 s to reach end time
[2024-11-08T16:50:59-0500] Saved ping test to /data/data/com.termux/files/home/storage/shared/bos_la_2024_trip/verizon/20241108/164605717/icmp_ping_165028811.out
[2024-11-08T16:50:59-0500] Ping summary (min/avg/max/mdev) = 42.161/55.586/191.624/17.382 ms
[2024-11-08T16:50:59-0500] Ping test finished at 2024-11-08 16:50:59.858 EST, duration: 31.079 s
[2024-11-08T16:50:59-0500] -------------------------------
[2024-11-08T16:50:59-0500] Waiting for 2 s...
[2024-11-08T16:51:01-0500] -------------------------------
[2024-11-08T16:51:01-0500] Starting 5G booster for 5 s...
[2024-11-08T16:51:02-0500] 5G booster started at 2024-11-08 16:51:02.003 EST
[2024-11-08T16:51:08-0500] Current time exceeds end time, skipping wait
[2024-11-08T16:51:08-0500] Saved TCP DL results to /data/data/com.termux/files/home/storage/shared/bos_la_2024_trip/verizon/20241108/164605717/tcp_downlink_165102027.out
[2024-11-08T16:51:08-0500] DL AVG TPUT: 
[2024-11-08T16:51:08-0500] 5G booster finished at 2024-11-08 16:51:08.102 EST, duration: 6.099 s
[2024-11-08T16:51:08-0500] -------------------------------
[2024-11-08T16:51:08-0500] Waiting for 2 s...
[2024-11-08T16:51:10-0500] -------------------------------
[2024-11-08T16:51:10-0500] TCP Ping test started at 2024-11-08 16:51:10.202 EST
[2024-11-08T16:51:41-0500] Current time exceeds end time, skipping wait
[2024-11-08T16:51:41-0500] Saved TCP Ping test to /data/data/com.termux/files/home/storage/shared/bos_la_2024_trip/verizon/20241108/164605717/tcp_ping_165110228.out
[2024-11-08T16:51:41-0500] TCP Ping summary (min/avg/max/mdev) 
[2024-11-08T16:51:41-0500] TCP Ping test finished at 2024-11-08 16:51:41.336 EST, duration: 31.134 s
[2024-11-08T16:51:41-0500] -------------------------------
[2024-11-08T16:51:41-0500] Waiting for 2 s...
[2024-11-08T16:51:43-0500] -------------------------------
[2024-11-08T16:51:43-0500] Traceroute test started at 2024-11-08 16:51:43.468 EST
[2024-11-08T16:51:44-0500] Waiting for 28.639 s to reach end time
[2024-11-08T16:52:13-0500] Saved traceroute test to /data/data/com.termux/files/home/storage/shared/bos_la_2024_trip/verizon/20241108/164605717/traceroute_165143499.out
[2024-11-08T16:52:13-0500] Traceroute summary (min/avg/max/mdev) 
[2024-11-08T16:52:13-0500] Traceroute test finished at 2024-11-08 16:52:13.542 EST, duration: 30.074 s
[2024-11-08T16:52:13-0500] -------------------------------
[2024-11-08T16:52:13-0500] All tests completed, cleaning up...
[2024-11-08T16:52:13-0500] -------------------------------
[2024-11-08T16:52:52-0500] [measurement] Load environment variables from prod.env file
[2024-11-08T16:52:52-0500] [measurement] Load operator-specific env from verizon.env file
[2024-11-08T16:52:52-0500] Starting a network measurement, please choose a server
[2024-11-08T16:52:52-0500] 0) West Cloud: 54.176.53.206
[2024-11-08T16:52:52-0500] 1) East Cloud: 54.197.223.49
[2024-11-08T16:52:52-0500] 2) Los Angeles Wavelength: 161.188.33.234
[2024-11-08T16:52:52-0500] 3) Las Vegas Wavelength: 155.146.118.158
[2024-11-08T16:52:52-0500] 4) Denver Wavelength: 155.146.144.24
[2024-11-08T16:52:52-0500] 5) Chicago Wavelength: 155.146.180.31
[2024-11-08T16:52:52-0500] 6) Boston Wavelength: 155.146.11.34
[2024-11-08T16:52:59-0500] Enter your choice (0-6): Testing verizon, server 1 (ip: 54.197.223.49, nuttcp_port: 5101, iperf_port: 5001)
[2024-11-08T16:52:59-0500] -------------------------------
[2024-11-08T16:52:59-0500] tcp downlink test started at 2024-11-08 16:52:59.267 EST
[2024-11-08T16:52:59-0500] Testing tcp downlink with 54.197.223.49:5101, interval 0.5 s, duration 120 s, timeout 121 s...
[2024-11-08T16:55:00-0500] Current time exceeds end time, skipping wait
[2024-11-08T16:55:00-0500] Saved tcp downlink test to /data/data/com.termux/files/home/storage/shared/bos_la_2024_trip/verizon/20241108/165259244/tcp_downlink_165259303.out
[2024-11-08T16:55:00-0500] DL AVG TPUT: 
[2024-11-08T16:55:00-0500] tcp downlink test finished at 2024-11-08 16:55:00.407 EST, duration: 121.140 s
[2024-11-08T16:55:00-0500] -------------------------------
[2024-11-08T16:55:00-0500] Waiting for 2 s...
[2024-11-08T16:55:02-0500] -------------------------------
[2024-11-08T16:55:02-0500] Starting 5G booster for 5 s...
[2024-11-08T16:55:02-0500] 5G booster started at 2024-11-08 16:55:02.555 EST
[2024-11-08T16:55:08-0500] Current time exceeds end time, skipping wait
[2024-11-08T16:55:08-0500] Saved TCP DL results to /data/data/com.termux/files/home/storage/shared/bos_la_2024_trip/verizon/20241108/165259244/tcp_downlink_165502608.out
[2024-11-08T16:55:08-0500] DL AVG TPUT: 
[2024-11-08T16:55:08-0500] 5G booster finished at 2024-11-08 16:55:08.678 EST, duration: 6.123 s
[2024-11-08T16:55:08-0500] -------------------------------
[2024-11-08T16:55:08-0500] Waiting for 2 s...
[2024-11-08T16:55:10-0500] -------------------------------
[2024-11-08T16:55:10-0500] tcp uplink test started at 2024-11-08 16:55:10.797 EST
[2024-11-08T16:55:10-0500] testing tcp uplink with 54.197.223.49:5101, interval 0.5, duration 120, timeout 121 ...
[2024-11-08T16:57:11-0500] Current time exceeds end time, skipping wait
[2024-11-08T16:57:11-0500] Saved uplink test to /data/data/com.termux/files/home/storage/shared/bos_la_2024_trip/verizon/20241108/165259244/tcp_uplink_165510845.out
[2024-11-08T16:57:11-0500] UL AVG TPUT: 
[2024-11-08T16:57:11-0500] tcp uplink test finished at 2024-11-08 16:57:11.913 EST, duration: 121.116 s
[2024-11-08T16:57:11-0500] -------------------------------
[2024-11-08T16:57:11-0500] Waiting for 2 s...
[2024-11-08T16:57:13-0500] -------------------------------
[2024-11-08T16:57:13-0500] Starting 5G booster for 5 s...
[2024-11-08T16:57:14-0500] 5G booster started at 2024-11-08 16:57:14.021 EST
[2024-11-08T16:57:20-0500] Current time exceeds end time, skipping wait
[2024-11-08T16:57:20-0500] Saved TCP DL results to /data/data/com.termux/files/home/storage/shared/bos_la_2024_trip/verizon/20241108/165259244/tcp_downlink_165714056.out
[2024-11-08T16:57:20-0500] DL AVG TPUT: 
[2024-11-08T16:57:20-0500] 5G booster finished at 2024-11-08 16:57:20.179 EST, duration: 6.158 s
[2024-11-08T16:57:20-0500] -------------------------------
[2024-11-08T16:57:20-0500] Waiting for 2 s...
[2024-11-08T16:57:22-0500] -------------------------------
[2024-11-08T16:57:22-0500] ICMP Ping test started at 2024-11-08 16:57:22.284 EST
[2024-11-08T16:57:52-0500] Waiting for .862 s to reach end time
[2024-11-08T16:57:53-0500] Saved ping test to /data/data/com.termux/files/home/storage/shared/bos_la_2024_trip/verizon/20241108/165259244/icmp_ping_165722324.out
[2024-11-08T16:57:53-0500] Ping summary (min/avg/max/mdev) = 40.769/50.329/74.827/4.878 ms
[2024-11-08T16:57:53-0500] Ping test finished at 2024-11-08 16:57:53.372 EST, duration: 31.088 s
[2024-11-08T16:57:53-0500] -------------------------------
[2024-11-08T16:57:53-0500] Waiting for 2 s...
[2024-11-08T16:57:55-0500] -------------------------------
[2024-11-08T16:57:55-0500] Starting 5G booster for 5 s...
[2024-11-08T16:57:55-0500] 5G booster started at 2024-11-08 16:57:55.510 EST
[2024-11-08T16:58:01-0500] Current time exceeds end time, skipping wait
[2024-11-08T16:58:01-0500] Saved TCP DL results to /data/data/com.termux/files/home/storage/shared/bos_la_2024_trip/verizon/20241108/165259244/tcp_downlink_165755540.out
[2024-11-08T16:58:01-0500] DL AVG TPUT: 
[2024-11-08T16:58:01-0500] 5G booster finished at 2024-11-08 16:58:01.676 EST, duration: 6.166 s
[2024-11-08T16:58:01-0500] -------------------------------
[2024-11-08T16:58:01-0500] Waiting for 2 s...
[2024-11-08T16:58:03-0500] -------------------------------
[2024-11-08T16:58:03-0500] TCP Ping test started at 2024-11-08 16:58:03.781 EST
[2024-11-08T16:58:34-0500] Current time exceeds end time, skipping wait
[2024-11-08T16:58:34-0500] Saved TCP Ping test to /data/data/com.termux/files/home/storage/shared/bos_la_2024_trip/verizon/20241108/165259244/tcp_ping_165803812.out
[2024-11-08T16:58:34-0500] TCP Ping summary (min/avg/max/mdev) 
[2024-11-08T16:58:35-0500] TCP Ping test finished at 2024-11-08 16:58:34.953 EST, duration: 31.172 s
[2024-11-08T16:58:35-0500] -------------------------------
[2024-11-08T16:58:35-0500] Waiting for 2 s...
[2024-11-08T16:58:37-0500] -------------------------------
[2024-11-08T16:58:37-0500] Traceroute test started at 2024-11-08 16:58:37.125 EST
[2024-11-08T16:58:45-0500] Waiting for 21.555 s to reach end time
[2024-11-08T16:59:07-0500] Saved traceroute test to /data/data/com.termux/files/home/storage/shared/bos_la_2024_trip/verizon/20241108/165259244/traceroute_165837157.out
[2024-11-08T16:59:07-0500] Traceroute summary (min/avg/max/mdev) 
[2024-11-08T16:59:07-0500] Traceroute test finished at 2024-11-08 16:59:07.198 EST, duration: 30.073 s
[2024-11-08T16:59:07-0500] -------------------------------
[2024-11-08T16:59:07-0500] All tests completed, cleaning up...
[2024-11-08T16:59:07-0500] -------------------------------
[2024-11-08T16:59:38-0500] [measurement] Load environment variables from prod.env file
[2024-11-08T16:59:38-0500] [measurement] Load operator-specific env from verizon.env file
[2024-11-08T16:59:38-0500] Starting a network measurement, please choose a server
[2024-11-08T16:59:38-0500] 0) West Cloud: 54.176.53.206
[2024-11-08T16:59:38-0500] 1) East Cloud: 54.197.223.49
[2024-11-08T16:59:38-0500] 2) Los Angeles Wavelength: 161.188.33.234
[2024-11-08T16:59:38-0500] 3) Las Vegas Wavelength: 155.146.118.158
[2024-11-08T16:59:38-0500] 4) Denver Wavelength: 155.146.144.24
[2024-11-08T16:59:38-0500] 5) Chicago Wavelength: 155.146.180.31
[2024-11-08T16:59:38-0500] 6) Boston Wavelength: 155.146.11.34
[2024-11-08T16:59:58-0500] Enter your choice (0-6): Testing verizon, server 1 (ip: 54.197.223.49, nuttcp_port: 5101, iperf_port: 5001)
[2024-11-08T16:59:59-0500] -------------------------------
[2024-11-08T16:59:59-0500] tcp downlink test started at 2024-11-08 16:59:59.036 EST
[2024-11-08T16:59:59-0500] Testing tcp downlink with 54.197.223.49:5101, interval 0.5 s, duration 120 s, timeout 121 s...
[2024-11-08T17:02:00-0500] Current time exceeds end time, skipping wait
[2024-11-08T17:02:00-0500] Saved tcp downlink test to /data/data/com.termux/files/home/storage/shared/bos_la_2024_trip/verizon/20241108/165959017/tcp_downlink_165959060.out
[2024-11-08T17:02:00-0500] DL AVG TPUT: 
[2024-11-08T17:02:00-0500] tcp downlink test finished at 2024-11-08 17:02:00.149 EST, duration: 121.113 s
[2024-11-08T17:02:00-0500] -------------------------------
[2024-11-08T17:02:00-0500] Waiting for 2 s...
[2024-11-08T17:02:02-0500] -------------------------------
[2024-11-08T17:02:02-0500] Starting 5G booster for 5 s...
[2024-11-08T17:02:02-0500] 5G booster started at 2024-11-08 17:02:02.285 EST
[2024-11-08T17:02:08-0500] Current time exceeds end time, skipping wait
[2024-11-08T17:02:08-0500] Saved TCP DL results to /data/data/com.termux/files/home/storage/shared/bos_la_2024_trip/verizon/20241108/165959017/tcp_downlink_170202342.out
[2024-11-08T17:02:08-0500] DL AVG TPUT: 
[2024-11-08T17:02:08-0500] 5G booster finished at 2024-11-08 17:02:08.431 EST, duration: 6.146 s
[2024-11-08T17:02:08-0500] -------------------------------
[2024-11-08T17:02:08-0500] Waiting for 2 s...
[2024-11-08T17:02:10-0500] -------------------------------
[2024-11-08T17:02:10-0500] tcp uplink test started at 2024-11-08 17:02:10.555 EST
[2024-11-08T17:02:10-0500] testing tcp uplink with 54.197.223.49:5101, interval 0.5, duration 120, timeout 121 ...
[2024-11-08T17:04:11-0500] Current time exceeds end time, skipping wait
[2024-11-08T17:04:11-0500] Saved uplink test to /data/data/com.termux/files/home/storage/shared/bos_la_2024_trip/verizon/20241108/165959017/tcp_uplink_170210580.out
[2024-11-08T17:04:11-0500] UL AVG TPUT: 
[2024-11-08T17:04:11-0500] tcp uplink test finished at 2024-11-08 17:04:11.657 EST, duration: 121.102 s
[2024-11-08T17:04:11-0500] -------------------------------
[2024-11-08T17:04:11-0500] Waiting for 2 s...
[2024-11-08T17:04:13-0500] -------------------------------
[2024-11-08T17:04:13-0500] Starting 5G booster for 5 s...
[2024-11-08T17:04:13-0500] 5G booster started at 2024-11-08 17:04:13.772 EST
[2024-11-08T17:04:19-0500] Current time exceeds end time, skipping wait
[2024-11-08T17:04:19-0500] Saved TCP DL results to /data/data/com.termux/files/home/storage/shared/bos_la_2024_trip/verizon/20241108/165959017/tcp_downlink_170413804.out
[2024-11-08T17:04:19-0500] DL AVG TPUT: 
[2024-11-08T17:04:19-0500] 5G booster finished at 2024-11-08 17:04:19.891 EST, duration: 6.119 s
[2024-11-08T17:04:19-0500] -------------------------------
[2024-11-08T17:04:19-0500] Waiting for 2 s...
[2024-11-08T17:04:21-0500] -------------------------------
[2024-11-08T17:04:22-0500] ICMP Ping test started at 2024-11-08 17:04:22.021 EST
[2024-11-08T17:04:52-0500] Waiting for .882 s to reach end time
[2024-11-08T17:04:53-0500] Saved ping test to /data/data/com.termux/files/home/storage/shared/bos_la_2024_trip/verizon/20241108/165959017/icmp_ping_170422072.out
[2024-11-08T17:04:53-0500] Ping summary (min/avg/max/mdev) = 43.827/52.544/63.860/3.743 ms
[2024-11-08T17:04:53-0500] Ping test finished at 2024-11-08 17:04:53.115 EST, duration: 31.094 s
[2024-11-08T17:04:53-0500] -------------------------------
[2024-11-08T17:04:53-0500] Waiting for 2 s...
[2024-11-08T17:04:55-0500] -------------------------------
[2024-11-08T17:04:55-0500] Starting 5G booster for 5 s...
[2024-11-08T17:04:55-0500] 5G booster started at 2024-11-08 17:04:55.213 EST
[2024-11-08T17:05:01-0500] Current time exceeds end time, skipping wait
[2024-11-08T17:05:01-0500] Saved TCP DL results to /data/data/com.termux/files/home/storage/shared/bos_la_2024_trip/verizon/20241108/165959017/tcp_downlink_170455249.out
[2024-11-08T17:05:01-0500] DL AVG TPUT: 
[2024-11-08T17:05:01-0500] 5G booster finished at 2024-11-08 17:05:01.346 EST, duration: 6.133 s
[2024-11-08T17:05:01-0500] -------------------------------
[2024-11-08T17:05:01-0500] Waiting for 2 s...
[2024-11-08T17:05:03-0500] -------------------------------
[2024-11-08T17:05:03-0500] TCP Ping test started at 2024-11-08 17:05:03.443 EST
[2024-11-08T17:05:34-0500] Current time exceeds end time, skipping wait
[2024-11-08T17:05:34-0500] Saved TCP Ping test to /data/data/com.termux/files/home/storage/shared/bos_la_2024_trip/verizon/20241108/165959017/tcp_ping_170503523.out
[2024-11-08T17:05:34-0500] TCP Ping summary (min/avg/max/mdev) 
[2024-11-08T17:05:34-0500] TCP Ping test finished at 2024-11-08 17:05:34.655 EST, duration: 31.212 s
[2024-11-08T17:05:34-0500] -------------------------------
[2024-11-08T17:05:34-0500] Waiting for 2 s...
[2024-11-08T17:05:36-0500] -------------------------------
[2024-11-08T17:05:36-0500] Traceroute test started at 2024-11-08 17:05:36.779 EST
[2024-11-08T17:05:38-0500] Waiting for 28.704 s to reach end time
[2024-11-08T17:06:06-0500] Saved traceroute test to /data/data/com.termux/files/home/storage/shared/bos_la_2024_trip/verizon/20241108/165959017/traceroute_170536806.out
[2024-11-08T17:06:06-0500] Traceroute summary (min/avg/max/mdev) 
[2024-11-08T17:06:06-0500] Traceroute test finished at 2024-11-08 17:06:06.857 EST, duration: 30.078 s
[2024-11-08T17:06:06-0500] -------------------------------
[2024-11-08T17:06:06-0500] All tests completed, cleaning up...
[2024-11-08T17:06:06-0500] -------------------------------
[2024-11-08T17:06:50-0500] [measurement] Load environment variables from prod.env file
[2024-11-08T17:06:50-0500] [measurement] Load operator-specific env from verizon.env file
[2024-11-08T17:06:50-0500] Starting a network measurement, please choose a server
[2024-11-08T17:06:50-0500] 0) West Cloud: 54.176.53.206
[2024-11-08T17:06:50-0500] 1) East Cloud: 54.197.223.49
[2024-11-08T17:06:50-0500] 2) Los Angeles Wavelength: 161.188.33.234
[2024-11-08T17:06:50-0500] 3) Las Vegas Wavelength: 155.146.118.158
[2024-11-08T17:06:50-0500] 4) Denver Wavelength: 155.146.144.24
[2024-11-08T17:06:50-0500] 5) Chicago Wavelength: 155.146.180.31
[2024-11-08T17:06:50-0500] 6) Boston Wavelength: 155.146.11.34
[2024-11-08T17:06:58-0500] Enter your choice (0-6): Testing verizon, server 1 (ip: 54.197.223.49, nuttcp_port: 5101, iperf_port: 5001)
[2024-11-08T17:06:58-0500] -------------------------------
[2024-11-08T17:06:58-0500] tcp downlink test started at 2024-11-08 17:06:58.706 EST
[2024-11-08T17:06:58-0500] Testing tcp downlink with 54.197.223.49:5101, interval 0.5 s, duration 120 s, timeout 121 s...
[2024-11-08T17:08:59-0500] Current time exceeds end time, skipping wait
[2024-11-08T17:08:59-0500] Saved tcp downlink test to /data/data/com.termux/files/home/storage/shared/bos_la_2024_trip/verizon/20241108/170658687/tcp_downlink_170658731.out
[2024-11-08T17:08:59-0500] DL AVG TPUT: 
[2024-11-08T17:08:59-0500] tcp downlink test finished at 2024-11-08 17:08:59.852 EST, duration: 121.146 s
[2024-11-08T17:08:59-0500] -------------------------------
[2024-11-08T17:08:59-0500] Waiting for 2 s...
[2024-11-08T17:09:01-0500] -------------------------------
[2024-11-08T17:09:01-0500] Starting 5G booster for 5 s...
[2024-11-08T17:09:01-0500] 5G booster started at 2024-11-08 17:09:01.972 EST
[2024-11-08T17:09:08-0500] Current time exceeds end time, skipping wait
[2024-11-08T17:09:08-0500] Saved TCP DL results to /data/data/com.termux/files/home/storage/shared/bos_la_2024_trip/verizon/20241108/170658687/tcp_downlink_170902002.out
[2024-11-08T17:09:08-0500] DL AVG TPUT: 
[2024-11-08T17:09:08-0500] 5G booster finished at 2024-11-08 17:09:08.098 EST, duration: 6.126 s
[2024-11-08T17:09:08-0500] -------------------------------
[2024-11-08T17:09:08-0500] Waiting for 2 s...
[2024-11-08T17:09:10-0500] -------------------------------
[2024-11-08T17:09:10-0500] tcp uplink test started at 2024-11-08 17:09:10.204 EST
[2024-11-08T17:09:10-0500] testing tcp uplink with 54.197.223.49:5101, interval 0.5, duration 120, timeout 121 ...
[2024-11-08T17:11:11-0500] Current time exceeds end time, skipping wait
[2024-11-08T17:11:11-0500] Saved uplink test to /data/data/com.termux/files/home/storage/shared/bos_la_2024_trip/verizon/20241108/170658687/tcp_uplink_170910247.out
[2024-11-08T17:11:11-0500] UL AVG TPUT: 4.4894 Mbps
[2024-11-08T17:11:11-0500] tcp uplink test finished at 2024-11-08 17:11:11.329 EST, duration: 121.125 s
[2024-11-08T17:11:11-0500] -------------------------------
[2024-11-08T17:11:11-0500] Waiting for 2 s...
[2024-11-08T17:11:13-0500] -------------------------------
[2024-11-08T17:11:13-0500] Starting 5G booster for 5 s...
[2024-11-08T17:11:13-0500] 5G booster started at 2024-11-08 17:11:13.440 EST
[2024-11-08T17:11:19-0500] Current time exceeds end time, skipping wait
[2024-11-08T17:11:19-0500] Saved TCP DL results to /data/data/com.termux/files/home/storage/shared/bos_la_2024_trip/verizon/20241108/170658687/tcp_downlink_171113469.out
[2024-11-08T17:11:19-0500] DL AVG TPUT: 
[2024-11-08T17:11:19-0500] 5G booster finished at 2024-11-08 17:11:19.596 EST, duration: 6.156 s
[2024-11-08T17:11:19-0500] -------------------------------
[2024-11-08T17:11:19-0500] Waiting for 2 s...
[2024-11-08T17:11:21-0500] -------------------------------
[2024-11-08T17:11:21-0500] ICMP Ping test started at 2024-11-08 17:11:21.762 EST
[2024-11-08T17:11:51-0500] Waiting for .870 s to reach end time
[2024-11-08T17:11:52-0500] Saved ping test to /data/data/com.termux/files/home/storage/shared/bos_la_2024_trip/verizon/20241108/170658687/icmp_ping_171121795.out
[2024-11-08T17:11:52-0500] Ping summary (min/avg/max/mdev) = 43.543/60.097/235.455/16.742 ms
[2024-11-08T17:11:52-0500] Ping test finished at 2024-11-08 17:11:52.868 EST, duration: 31.106 s
[2024-11-08T17:11:52-0500] -------------------------------
[2024-11-08T17:11:52-0500] Waiting for 2 s...
[2024-11-08T17:11:54-0500] -------------------------------
[2024-11-08T17:11:54-0500] Starting 5G booster for 5 s...
[2024-11-08T17:11:55-0500] 5G booster started at 2024-11-08 17:11:54.980 EST
[2024-11-08T17:12:01-0500] Current time exceeds end time, skipping wait
[2024-11-08T17:12:01-0500] Saved TCP DL results to /data/data/com.termux/files/home/storage/shared/bos_la_2024_trip/verizon/20241108/170658687/tcp_downlink_171155014.out
[2024-11-08T17:12:01-0500] DL AVG TPUT: 
[2024-11-08T17:12:01-0500] 5G booster finished at 2024-11-08 17:12:01.095 EST, duration: 6.115 s
[2024-11-08T17:12:01-0500] -------------------------------
[2024-11-08T17:12:01-0500] Waiting for 2 s...
[2024-11-08T17:12:03-0500] -------------------------------
[2024-11-08T17:12:03-0500] TCP Ping test started at 2024-11-08 17:12:03.213 EST
[2024-11-08T17:12:34-0500] Current time exceeds end time, skipping wait
[2024-11-08T17:12:34-0500] Saved TCP Ping test to /data/data/com.termux/files/home/storage/shared/bos_la_2024_trip/verizon/20241108/170658687/tcp_ping_171203245.out
[2024-11-08T17:12:34-0500] TCP Ping summary (min/avg/max/mdev) 
[2024-11-08T17:12:34-0500] TCP Ping test finished at 2024-11-08 17:12:34.381 EST, duration: 31.168 s
[2024-11-08T17:12:34-0500] -------------------------------
[2024-11-08T17:12:34-0500] Waiting for 2 s...
[2024-11-08T17:12:36-0500] -------------------------------
[2024-11-08T17:12:36-0500] Traceroute test started at 2024-11-08 17:12:36.478 EST
[2024-11-08T17:12:37-0500] Waiting for 28.669 s to reach end time
[2024-11-08T17:13:06-0500] Saved traceroute test to /data/data/com.termux/files/home/storage/shared/bos_la_2024_trip/verizon/20241108/170658687/traceroute_171236517.out
[2024-11-08T17:13:06-0500] Traceroute summary (min/avg/max/mdev) 
[2024-11-08T17:13:06-0500] Traceroute test finished at 2024-11-08 17:13:06.564 EST, duration: 30.086 s
[2024-11-08T17:13:06-0500] -------------------------------
[2024-11-08T17:13:06-0500] All tests completed, cleaning up...
[2024-11-08T17:13:06-0500] -------------------------------
[2024-11-08T17:13:42-0500] [measurement] Load environment variables from prod.env file
[2024-11-08T17:13:42-0500] [measurement] Load operator-specific env from verizon.env file
[2024-11-08T17:13:42-0500] Starting a network measurement, please choose a server
[2024-11-08T17:13:42-0500] 0) West Cloud: 54.176.53.206
[2024-11-08T17:13:42-0500] 1) East Cloud: 54.197.223.49
[2024-11-08T17:13:42-0500] 2) Los Angeles Wavelength: 161.188.33.234
[2024-11-08T17:13:42-0500] 3) Las Vegas Wavelength: 155.146.118.158
[2024-11-08T17:13:42-0500] 4) Denver Wavelength: 155.146.144.24
[2024-11-08T17:13:42-0500] 5) Chicago Wavelength: 155.146.180.31
[2024-11-08T17:13:42-0500] 6) Boston Wavelength: 155.146.11.34
[2024-11-08T17:13:43-0500] Enter your choice (0-6): Testing verizon, server 1 (ip: 54.197.223.49, nuttcp_port: 5101, iperf_port: 5001)
[2024-11-08T17:13:43-0500] -------------------------------
[2024-11-08T17:13:43-0500] tcp downlink test started at 2024-11-08 17:13:43.588 EST
[2024-11-08T17:13:43-0500] Testing tcp downlink with 54.197.223.49:5101, interval 0.5 s, duration 120 s, timeout 121 s...
[2024-11-08T17:15:44-0500] Current time exceeds end time, skipping wait
[2024-11-08T17:15:44-0500] Saved tcp downlink test to /data/data/com.termux/files/home/storage/shared/bos_la_2024_trip/verizon/20241108/171343569/tcp_downlink_171343613.out
[2024-11-08T17:15:44-0500] DL AVG TPUT: 
[2024-11-08T17:15:44-0500] tcp downlink test finished at 2024-11-08 17:15:44.680 EST, duration: 121.092 s
[2024-11-08T17:15:44-0500] -------------------------------
[2024-11-08T17:15:44-0500] Waiting for 2 s...
[2024-11-08T17:15:46-0500] -------------------------------
[2024-11-08T17:15:46-0500] Starting 5G booster for 5 s...
[2024-11-08T17:15:46-0500] 5G booster started at 2024-11-08 17:15:46.796 EST
[2024-11-08T17:15:52-0500] Current time exceeds end time, skipping wait
[2024-11-08T17:15:52-0500] Saved TCP DL results to /data/data/com.termux/files/home/storage/shared/bos_la_2024_trip/verizon/20241108/171343569/tcp_downlink_171546845.out
[2024-11-08T17:15:52-0500] DL AVG TPUT: 
[2024-11-08T17:15:53-0500] 5G booster finished at 2024-11-08 17:15:52.930 EST, duration: 6.134 s
[2024-11-08T17:15:53-0500] -------------------------------
[2024-11-08T17:15:53-0500] Waiting for 2 s...
[2024-11-08T17:15:55-0500] -------------------------------
[2024-11-08T17:15:55-0500] tcp uplink test started at 2024-11-08 17:15:55.065 EST
[2024-11-08T17:15:55-0500] testing tcp uplink with 54.197.223.49:5101, interval 0.5, duration 120, timeout 121 ...
[2024-11-08T17:17:56-0500] Current time exceeds end time, skipping wait
[2024-11-08T17:17:56-0500] Saved uplink test to /data/data/com.termux/files/home/storage/shared/bos_la_2024_trip/verizon/20241108/171343569/tcp_uplink_171555121.out
[2024-11-08T17:17:56-0500] UL AVG TPUT: 
[2024-11-08T17:17:56-0500] tcp uplink test finished at 2024-11-08 17:17:56.204 EST, duration: 121.139 s
[2024-11-08T17:17:56-0500] -------------------------------
[2024-11-08T17:17:56-0500] Waiting for 2 s...
[2024-11-08T17:17:58-0500] -------------------------------
[2024-11-08T17:17:58-0500] Starting 5G booster for 5 s...
[2024-11-08T17:17:58-0500] 5G booster started at 2024-11-08 17:17:58.323 EST
[2024-11-08T17:18:04-0500] Current time exceeds end time, skipping wait
[2024-11-08T17:18:04-0500] Saved TCP DL results to /data/data/com.termux/files/home/storage/shared/bos_la_2024_trip/verizon/20241108/171343569/tcp_downlink_171758352.out
[2024-11-08T17:18:04-0500] DL AVG TPUT: 
[2024-11-08T17:18:04-0500] 5G booster finished at 2024-11-08 17:18:04.491 EST, duration: 6.168 s
[2024-11-08T17:18:04-0500] -------------------------------
[2024-11-08T17:18:04-0500] Waiting for 2 s...
[2024-11-08T17:18:06-0500] -------------------------------
[2024-11-08T17:18:06-0500] ICMP Ping test started at 2024-11-08 17:18:06.574 EST
[2024-11-08T17:18:36-0500] Waiting for .871 s to reach end time
[2024-11-08T17:18:37-0500] Saved ping test to /data/data/com.termux/files/home/storage/shared/bos_la_2024_trip/verizon/20241108/171343569/icmp_ping_171806604.out
[2024-11-08T17:18:37-0500] Ping summary (min/avg/max/mdev) = 41.285/56.495/241.502/19.289 ms
[2024-11-08T17:18:37-0500] Ping test finished at 2024-11-08 17:18:37.667 EST, duration: 31.093 s
[2024-11-08T17:18:37-0500] -------------------------------
[2024-11-08T17:18:37-0500] Waiting for 2 s...
[2024-11-08T17:18:39-0500] -------------------------------
[2024-11-08T17:18:39-0500] Starting 5G booster for 5 s...
[2024-11-08T17:18:39-0500] 5G booster started at 2024-11-08 17:18:39.789 EST
[2024-11-08T17:18:45-0500] Current time exceeds end time, skipping wait
[2024-11-08T17:18:45-0500] Saved TCP DL results to /data/data/com.termux/files/home/storage/shared/bos_la_2024_trip/verizon/20241108/171343569/tcp_downlink_171839839.out
[2024-11-08T17:18:45-0500] DL AVG TPUT: 
[2024-11-08T17:18:46-0500] 5G booster finished at 2024-11-08 17:18:45.946 EST, duration: 6.157 s
[2024-11-08T17:18:46-0500] -------------------------------
[2024-11-08T17:18:46-0500] Waiting for 2 s...
[2024-11-08T17:18:48-0500] -------------------------------
[2024-11-08T17:18:48-0500] TCP Ping test started at 2024-11-08 17:18:48.060 EST
[2024-11-08T17:19:19-0500] Current time exceeds end time, skipping wait
[2024-11-08T17:19:19-0500] Saved TCP Ping test to /data/data/com.termux/files/home/storage/shared/bos_la_2024_trip/verizon/20241108/171343569/tcp_ping_171848110.out
[2024-11-08T17:19:19-0500] TCP Ping summary (min/avg/max/mdev) 
[2024-11-08T17:19:19-0500] TCP Ping test finished at 2024-11-08 17:19:19.254 EST, duration: 31.194 s
[2024-11-08T17:19:19-0500] -------------------------------
[2024-11-08T17:19:19-0500] Waiting for 2 s...
[2024-11-08T17:19:21-0500] -------------------------------
[2024-11-08T17:19:21-0500] Traceroute test started at 2024-11-08 17:19:21.372 EST
[2024-11-08T17:19:23-0500] Waiting for 28.434 s to reach end time
[2024-11-08T17:19:51-0500] Saved traceroute test to /data/data/com.termux/files/home/storage/shared/bos_la_2024_trip/verizon/20241108/171343569/traceroute_171921421.out
[2024-11-08T17:19:51-0500] Traceroute summary (min/avg/max/mdev) 
[2024-11-08T17:19:51-0500] Traceroute test finished at 2024-11-08 17:19:51.518 EST, duration: 30.146 s
[2024-11-08T17:19:51-0500] -------------------------------
[2024-11-08T17:19:51-0500] All tests completed, cleaning up...
[2024-11-08T17:19:51-0500] -------------------------------
[2024-11-08T17:20:17-0500] [measurement] Load environment variables from prod.env file
[2024-11-08T17:20:17-0500] [measurement] Load operator-specific env from verizon.env file
[2024-11-08T17:20:17-0500] Starting a network measurement, please choose a server
[2024-11-08T17:20:17-0500] 0) West Cloud: 54.176.53.206
[2024-11-08T17:20:17-0500] 1) East Cloud: 54.197.223.49
[2024-11-08T17:20:17-0500] 2) Los Angeles Wavelength: 161.188.33.234
[2024-11-08T17:20:17-0500] 3) Las Vegas Wavelength: 155.146.118.158
[2024-11-08T17:20:17-0500] 4) Denver Wavelength: 155.146.144.24
[2024-11-08T17:20:17-0500] 5) Chicago Wavelength: 155.146.180.31
[2024-11-08T17:20:17-0500] 6) Boston Wavelength: 155.146.11.34
[2024-11-08T17:20:29-0500] Enter your choice (0-6): Testing verizon, server 1 (ip: 54.197.223.49, nuttcp_port: 5101, iperf_port: 5001)
[2024-11-08T17:20:29-0500] -------------------------------
[2024-11-08T17:20:29-0500] tcp downlink test started at 2024-11-08 17:20:29.496 EST
[2024-11-08T17:20:29-0500] Testing tcp downlink with 54.197.223.49:5101, interval 0.5 s, duration 120 s, timeout 121 s...
[2024-11-08T17:22:30-0500] Current time exceeds end time, skipping wait
[2024-11-08T17:22:30-0500] Saved tcp downlink test to /data/data/com.termux/files/home/storage/shared/bos_la_2024_trip/verizon/20241108/172029473/tcp_downlink_172029534.out
[2024-11-08T17:22:30-0500] DL AVG TPUT: 
[2024-11-08T17:22:30-0500] tcp downlink test finished at 2024-11-08 17:22:30.636 EST, duration: 121.140 s
[2024-11-08T17:22:30-0500] -------------------------------
[2024-11-08T17:22:30-0500] Waiting for 2 s...
[2024-11-08T17:22:32-0500] -------------------------------
[2024-11-08T17:22:32-0500] Starting 5G booster for 5 s...
[2024-11-08T17:22:32-0500] 5G booster started at 2024-11-08 17:22:32.740 EST
[2024-11-08T17:22:38-0500] Current time exceeds end time, skipping wait
[2024-11-08T17:22:38-0500] Saved TCP DL results to /data/data/com.termux/files/home/storage/shared/bos_la_2024_trip/verizon/20241108/172029473/tcp_downlink_172232766.out
[2024-11-08T17:22:38-0500] DL AVG TPUT: 
[2024-11-08T17:22:38-0500] 5G booster finished at 2024-11-08 17:22:38.873 EST, duration: 6.133 s
[2024-11-08T17:22:38-0500] -------------------------------
[2024-11-08T17:22:38-0500] Waiting for 2 s...
[2024-11-08T17:22:40-0500] -------------------------------
[2024-11-08T17:22:40-0500] tcp uplink test started at 2024-11-08 17:22:40.974 EST
[2024-11-08T17:22:41-0500] testing tcp uplink with 54.197.223.49:5101, interval 0.5, duration 120, timeout 121 ...
[2024-11-08T17:24:42-0500] Current time exceeds end time, skipping wait
[2024-11-08T17:24:42-0500] Saved uplink test to /data/data/com.termux/files/home/storage/shared/bos_la_2024_trip/verizon/20241108/172029473/tcp_uplink_172241004.out
[2024-11-08T17:24:42-0500] UL AVG TPUT: 
[2024-11-08T17:24:42-0500] tcp uplink test finished at 2024-11-08 17:24:42.122 EST, duration: 121.148 s
[2024-11-08T17:24:42-0500] -------------------------------
[2024-11-08T17:24:42-0500] Waiting for 2 s...
[2024-11-08T17:24:44-0500] -------------------------------
[2024-11-08T17:24:44-0500] Starting 5G booster for 5 s...
[2024-11-08T17:24:44-0500] 5G booster started at 2024-11-08 17:24:44.262 EST
[2024-11-08T17:24:50-0500] Current time exceeds end time, skipping wait
[2024-11-08T17:24:50-0500] Saved TCP DL results to /data/data/com.termux/files/home/storage/shared/bos_la_2024_trip/verizon/20241108/172029473/tcp_downlink_172444288.out
[2024-11-08T17:24:50-0500] DL AVG TPUT: 
[2024-11-08T17:24:50-0500] 5G booster finished at 2024-11-08 17:24:50.392 EST, duration: 6.130 s
[2024-11-08T17:24:50-0500] -------------------------------
[2024-11-08T17:24:50-0500] Waiting for 2 s...
[2024-11-08T17:24:52-0500] -------------------------------
[2024-11-08T17:24:52-0500] ICMP Ping test started at 2024-11-08 17:24:52.506 EST
[2024-11-08T17:25:22-0500] Waiting for .834 s to reach end time
[2024-11-08T17:25:23-0500] Saved ping test to /data/data/com.termux/files/home/storage/shared/bos_la_2024_trip/verizon/20241108/172029473/icmp_ping_172452582.out
[2024-11-08T17:25:23-0500] Ping summary (min/avg/max/mdev) = 41.876/51.200/90.213/7.407 ms
[2024-11-08T17:25:23-0500] Ping test finished at 2024-11-08 17:25:23.612 EST, duration: 31.106 s
[2024-11-08T17:25:23-0500] -------------------------------
[2024-11-08T17:25:23-0500] Waiting for 2 s...
[2024-11-08T17:25:25-0500] -------------------------------
[2024-11-08T17:25:25-0500] Starting 5G booster for 5 s...
[2024-11-08T17:25:25-0500] 5G booster started at 2024-11-08 17:25:25.748 EST
[2024-11-08T17:25:31-0500] Current time exceeds end time, skipping wait
[2024-11-08T17:25:31-0500] Saved TCP DL results to /data/data/com.termux/files/home/storage/shared/bos_la_2024_trip/verizon/20241108/172029473/tcp_downlink_172525782.out
[2024-11-08T17:25:31-0500] DL AVG TPUT: 
[2024-11-08T17:25:32-0500] 5G booster finished at 2024-11-08 17:25:31.940 EST, duration: 6.192 s
[2024-11-08T17:25:32-0500] -------------------------------
[2024-11-08T17:25:32-0500] Waiting for 2 s...
[2024-11-08T17:25:34-0500] -------------------------------
[2024-11-08T17:25:34-0500] TCP Ping test started at 2024-11-08 17:25:34.069 EST
[2024-11-08T17:26:05-0500] Current time exceeds end time, skipping wait
[2024-11-08T17:26:05-0500] Saved TCP Ping test to /data/data/com.termux/files/home/storage/shared/bos_la_2024_trip/verizon/20241108/172029473/tcp_ping_172534097.out
[2024-11-08T17:26:05-0500] TCP Ping summary (min/avg/max/mdev) 
[2024-11-08T17:26:05-0500] TCP Ping test finished at 2024-11-08 17:26:05.231 EST, duration: 31.162 s
[2024-11-08T17:26:05-0500] -------------------------------
[2024-11-08T17:26:05-0500] Waiting for 2 s...
[2024-11-08T17:26:07-0500] -------------------------------
[2024-11-08T17:26:07-0500] Traceroute test started at 2024-11-08 17:26:07.331 EST
[2024-11-08T17:26:08-0500] Waiting for 28.972 s to reach end time
[2024-11-08T17:26:37-0500] Saved traceroute test to /data/data/com.termux/files/home/storage/shared/bos_la_2024_trip/verizon/20241108/172029473/traceroute_172607395.out
[2024-11-08T17:26:37-0500] Traceroute summary (min/avg/max/mdev) 
[2024-11-08T17:26:37-0500] Traceroute test finished at 2024-11-08 17:26:37.427 EST, duration: 30.096 s
[2024-11-08T17:26:37-0500] -------------------------------
[2024-11-08T17:26:37-0500] All tests completed, cleaning up...
[2024-11-08T17:26:37-0500] -------------------------------
[2024-11-08T17:27:12-0500] [measurement] Load environment variables from prod.env file
[2024-11-08T17:27:12-0500] [measurement] Load operator-specific env from verizon.env file
[2024-11-08T17:27:12-0500] Starting a network measurement, please choose a server
[2024-11-08T17:27:12-0500] 0) West Cloud: 54.176.53.206
[2024-11-08T17:27:12-0500] 1) East Cloud: 54.197.223.49
[2024-11-08T17:27:12-0500] 2) Los Angeles Wavelength: 161.188.33.234
[2024-11-08T17:27:12-0500] 3) Las Vegas Wavelength: 155.146.118.158
[2024-11-08T17:27:12-0500] 4) Denver Wavelength: 155.146.144.24
[2024-11-08T17:27:12-0500] 5) Chicago Wavelength: 155.146.180.31
[2024-11-08T17:27:12-0500] 6) Boston Wavelength: 155.146.11.34
[2024-11-08T17:27:37-0500] Enter your choice (0-6): Testing verizon, server 1 (ip: 54.197.223.49, nuttcp_port: 5101, iperf_port: 5001)
[2024-11-08T17:27:37-0500] -------------------------------
[2024-11-08T17:27:37-0500] tcp downlink test started at 2024-11-08 17:27:37.497 EST
[2024-11-08T17:27:37-0500] Testing tcp downlink with 54.197.223.49:5101, interval 0.5 s, duration 120 s, timeout 121 s...
[2024-11-08T17:29:38-0500] Current time exceeds end time, skipping wait
[2024-11-08T17:29:38-0500] Saved tcp downlink test to /data/data/com.termux/files/home/storage/shared/bos_la_2024_trip/verizon/20241108/172737479/tcp_downlink_172737523.out
[2024-11-08T17:29:38-0500] DL AVG TPUT: 
[2024-11-08T17:29:38-0500] tcp downlink test finished at 2024-11-08 17:29:38.609 EST, duration: 121.112 s
[2024-11-08T17:29:38-0500] -------------------------------
[2024-11-08T17:29:38-0500] Waiting for 2 s...
[2024-11-08T17:29:40-0500] -------------------------------
[2024-11-08T17:29:40-0500] Starting 5G booster for 5 s...
[2024-11-08T17:29:40-0500] 5G booster started at 2024-11-08 17:29:40.723 EST
[2024-11-08T17:29:46-0500] Current time exceeds end time, skipping wait
[2024-11-08T17:29:46-0500] Saved TCP DL results to /data/data/com.termux/files/home/storage/shared/bos_la_2024_trip/verizon/20241108/172737479/tcp_downlink_172940775.out
[2024-11-08T17:29:46-0500] DL AVG TPUT: 
[2024-11-08T17:29:46-0500] 5G booster finished at 2024-11-08 17:29:46.842 EST, duration: 6.119 s
[2024-11-08T17:29:46-0500] -------------------------------
[2024-11-08T17:29:46-0500] Waiting for 2 s...
[2024-11-08T17:29:48-0500] -------------------------------
[2024-11-08T17:29:48-0500] tcp uplink test started at 2024-11-08 17:29:48.942 EST
[2024-11-08T17:29:48-0500] testing tcp uplink with 54.197.223.49:5101, interval 0.5, duration 120, timeout 121 ...
[2024-11-08T17:31:50-0500] Current time exceeds end time, skipping wait
[2024-11-08T17:31:50-0500] Saved uplink test to /data/data/com.termux/files/home/storage/shared/bos_la_2024_trip/verizon/20241108/172737479/tcp_uplink_172948970.out
[2024-11-08T17:31:50-0500] UL AVG TPUT: 
[2024-11-08T17:31:50-0500] tcp uplink test finished at 2024-11-08 17:31:50.053 EST, duration: 121.111 s
[2024-11-08T17:31:50-0500] -------------------------------
[2024-11-08T17:31:50-0500] Waiting for 2 s...
[2024-11-08T17:31:52-0500] -------------------------------
[2024-11-08T17:31:52-0500] Starting 5G booster for 5 s...
[2024-11-08T17:31:52-0500] 5G booster started at 2024-11-08 17:31:52.169 EST
[2024-11-08T17:31:58-0500] Current time exceeds end time, skipping wait
[2024-11-08T17:31:58-0500] Saved TCP DL results to /data/data/com.termux/files/home/storage/shared/bos_la_2024_trip/verizon/20241108/172737479/tcp_downlink_173152197.out
[2024-11-08T17:31:58-0500] DL AVG TPUT: 
[2024-11-08T17:31:58-0500] 5G booster finished at 2024-11-08 17:31:58.323 EST, duration: 6.154 s
[2024-11-08T17:31:58-0500] -------------------------------
[2024-11-08T17:31:58-0500] Waiting for 2 s...
[2024-11-08T17:32:00-0500] -------------------------------
[2024-11-08T17:32:00-0500] ICMP Ping test started at 2024-11-08 17:32:00.430 EST
[2024-11-08T17:32:30-0500] Waiting for .890 s to reach end time
[2024-11-08T17:32:31-0500] Saved ping test to /data/data/com.termux/files/home/storage/shared/bos_la_2024_trip/verizon/20241108/172737479/icmp_ping_173200456.out
[2024-11-08T17:32:31-0500] Ping summary (min/avg/max/mdev) = 36.143/49.162/101.015/7.366 ms
[2024-11-08T17:32:31-0500] Ping test finished at 2024-11-08 17:32:31.510 EST, duration: 31.080 s
[2024-11-08T17:32:31-0500] -------------------------------
[2024-11-08T17:32:31-0500] Waiting for 2 s...
[2024-11-08T17:32:33-0500] -------------------------------
[2024-11-08T17:32:33-0500] Starting 5G booster for 5 s...
[2024-11-08T17:32:33-0500] 5G booster started at 2024-11-08 17:32:33.636 EST
[2024-11-08T17:32:39-0500] Current time exceeds end time, skipping wait
[2024-11-08T17:32:39-0500] Saved TCP DL results to /data/data/com.termux/files/home/storage/shared/bos_la_2024_trip/verizon/20241108/172737479/tcp_downlink_173233713.out
[2024-11-08T17:32:39-0500] DL AVG TPUT: 
[2024-11-08T17:32:39-0500] 5G booster finished at 2024-11-08 17:32:39.824 EST, duration: 6.188 s
[2024-11-08T17:32:39-0500] -------------------------------
[2024-11-08T17:32:39-0500] Waiting for 2 s...
[2024-11-08T17:32:41-0500] -------------------------------
[2024-11-08T17:32:41-0500] TCP Ping test started at 2024-11-08 17:32:41.941 EST
[2024-11-08T17:33:13-0500] Current time exceeds end time, skipping wait
[2024-11-08T17:33:13-0500] Saved TCP Ping test to /data/data/com.termux/files/home/storage/shared/bos_la_2024_trip/verizon/20241108/172737479/tcp_ping_173241974.out
[2024-11-08T17:33:13-0500] TCP Ping summary (min/avg/max/mdev) 
[2024-11-08T17:33:13-0500] TCP Ping test finished at 2024-11-08 17:33:13.078 EST, duration: 31.137 s
[2024-11-08T17:33:13-0500] -------------------------------
[2024-11-08T17:33:13-0500] Waiting for 2 s...
[2024-11-08T17:33:15-0500] -------------------------------
[2024-11-08T17:33:15-0500] Traceroute test started at 2024-11-08 17:33:15.195 EST
[2024-11-08T17:33:16-0500] Waiting for 28.611 s to reach end time
[2024-11-08T17:33:45-0500] Saved traceroute test to /data/data/com.termux/files/home/storage/shared/bos_la_2024_trip/verizon/20241108/172737479/traceroute_173315222.out
[2024-11-08T17:33:45-0500] Traceroute summary (min/avg/max/mdev) 
[2024-11-08T17:33:45-0500] Traceroute test finished at 2024-11-08 17:33:45.264 EST, duration: 30.069 s
[2024-11-08T17:33:45-0500] -------------------------------
[2024-11-08T17:33:45-0500] All tests completed, cleaning up...
[2024-11-08T17:33:45-0500] -------------------------------
[2024-11-08T17:34:24-0500] [measurement] Load environment variables from prod.env file
[2024-11-08T17:34:24-0500] [measurement] Load operator-specific env from verizon.env file
[2024-11-08T17:34:24-0500] Starting a network measurement, please choose a server
[2024-11-08T17:34:24-0500] 0) West Cloud: 54.176.53.206
[2024-11-08T17:34:24-0500] 1) East Cloud: 54.197.223.49
[2024-11-08T17:34:24-0500] 2) Los Angeles Wavelength: 161.188.33.234
[2024-11-08T17:34:24-0500] 3) Las Vegas Wavelength: 155.146.118.158
[2024-11-08T17:34:24-0500] 4) Denver Wavelength: 155.146.144.24
[2024-11-08T17:34:24-0500] 5) Chicago Wavelength: 155.146.180.31
[2024-11-08T17:34:24-0500] 6) Boston Wavelength: 155.146.11.34
[2024-11-08T17:34:32-0500] Enter your choice (0-6): Testing verizon, server 1 (ip: 54.197.223.49, nuttcp_port: 5101, iperf_port: 5001)
[2024-11-08T17:34:32-0500] -------------------------------
[2024-11-08T17:34:32-0500] tcp downlink test started at 2024-11-08 17:34:32.562 EST
[2024-11-08T17:34:32-0500] Testing tcp downlink with 54.197.223.49:5101, interval 0.5 s, duration 120 s, timeout 121 s...
[2024-11-08T17:36:33-0500] Current time exceeds end time, skipping wait
[2024-11-08T17:36:33-0500] Saved tcp downlink test to /data/data/com.termux/files/home/storage/shared/bos_la_2024_trip/verizon/20241108/173432541/tcp_downlink_173432591.out
[2024-11-08T17:36:33-0500] DL AVG TPUT: 
[2024-11-08T17:36:33-0500] tcp downlink test finished at 2024-11-08 17:36:33.685 EST, duration: 121.123 s
[2024-11-08T17:36:33-0500] -------------------------------
[2024-11-08T17:36:33-0500] Waiting for 2 s...
[2024-11-08T17:36:35-0500] -------------------------------
[2024-11-08T17:36:35-0500] Starting 5G booster for 5 s...
[2024-11-08T17:36:35-0500] 5G booster started at 2024-11-08 17:36:35.775 EST
[2024-11-08T17:36:41-0500] Current time exceeds end time, skipping wait
[2024-11-08T17:36:41-0500] Saved TCP DL results to /data/data/com.termux/files/home/storage/shared/bos_la_2024_trip/verizon/20241108/173432541/tcp_downlink_173635819.out
[2024-11-08T17:36:41-0500] DL AVG TPUT: 
[2024-11-08T17:36:41-0500] 5G booster finished at 2024-11-08 17:36:41.889 EST, duration: 6.114 s
[2024-11-08T17:36:41-0500] -------------------------------
[2024-11-08T17:36:41-0500] Waiting for 2 s...
[2024-11-08T17:36:43-0500] -------------------------------
[2024-11-08T17:36:44-0500] tcp uplink test started at 2024-11-08 17:36:44.003 EST
[2024-11-08T17:36:44-0500] testing tcp uplink with 54.197.223.49:5101, interval 0.5, duration 120, timeout 121 ...
[2024-11-08T17:38:45-0500] Current time exceeds end time, skipping wait
[2024-11-08T17:38:45-0500] Saved uplink test to /data/data/com.termux/files/home/storage/shared/bos_la_2024_trip/verizon/20241108/173432541/tcp_uplink_173644027.out
[2024-11-08T17:38:45-0500] UL AVG TPUT: 
[2024-11-08T17:38:45-0500] tcp uplink test finished at 2024-11-08 17:38:45.105 EST, duration: 121.102 s
[2024-11-08T17:38:45-0500] -------------------------------
[2024-11-08T17:38:45-0500] Waiting for 2 s...
[2024-11-08T17:38:47-0500] -------------------------------
[2024-11-08T17:38:47-0500] Starting 5G booster for 5 s...
[2024-11-08T17:38:47-0500] 5G booster started at 2024-11-08 17:38:47.254 EST
[2024-11-08T17:38:53-0500] Current time exceeds end time, skipping wait
[2024-11-08T17:38:53-0500] Saved TCP DL results to /data/data/com.termux/files/home/storage/shared/bos_la_2024_trip/verizon/20241108/173432541/tcp_downlink_173847298.out
[2024-11-08T17:38:53-0500] DL AVG TPUT: 
[2024-11-08T17:38:53-0500] 5G booster finished at 2024-11-08 17:38:53.378 EST, duration: 6.124 s
[2024-11-08T17:38:53-0500] -------------------------------
[2024-11-08T17:38:53-0500] Waiting for 2 s...
[2024-11-08T17:38:55-0500] -------------------------------
[2024-11-08T17:38:55-0500] ICMP Ping test started at 2024-11-08 17:38:55.481 EST
[2024-11-08T17:39:25-0500] Waiting for .900 s to reach end time
[2024-11-08T17:39:26-0500] Saved ping test to /data/data/com.termux/files/home/storage/shared/bos_la_2024_trip/verizon/20241108/173432541/icmp_ping_173855510.out
[2024-11-08T17:39:26-0500] Ping summary (min/avg/max/mdev) = 24.260/42.038/373.003/29.352 ms
[2024-11-08T17:39:26-0500] Ping test finished at 2024-11-08 17:39:26.571 EST, duration: 31.090 s
[2024-11-08T17:39:26-0500] -------------------------------
[2024-11-08T17:39:26-0500] Waiting for 2 s...
[2024-11-08T17:39:28-0500] -------------------------------
[2024-11-08T17:39:28-0500] Starting 5G booster for 5 s...
[2024-11-08T17:39:28-0500] 5G booster started at 2024-11-08 17:39:28.684 EST
[2024-11-08T17:39:34-0500] Current time exceeds end time, skipping wait
[2024-11-08T17:39:34-0500] Saved TCP DL results to /data/data/com.termux/files/home/storage/shared/bos_la_2024_trip/verizon/20241108/173432541/tcp_downlink_173928716.out
[2024-11-08T17:39:34-0500] DL AVG TPUT: 
[2024-11-08T17:39:34-0500] 5G booster finished at 2024-11-08 17:39:34.791 EST, duration: 6.107 s
[2024-11-08T17:39:34-0500] -------------------------------
[2024-11-08T17:39:34-0500] Waiting for 2 s...
[2024-11-08T17:39:36-0500] -------------------------------
[2024-11-08T17:39:36-0500] TCP Ping test started at 2024-11-08 17:39:36.951 EST
[2024-11-08T17:40:08-0500] Current time exceeds end time, skipping wait
[2024-11-08T17:40:08-0500] Saved TCP Ping test to /data/data/com.termux/files/home/storage/shared/bos_la_2024_trip/verizon/20241108/173432541/tcp_ping_173936983.out
[2024-11-08T17:40:08-0500] TCP Ping summary (min/avg/max/mdev) 
[2024-11-08T17:40:08-0500] TCP Ping test finished at 2024-11-08 17:40:08.061 EST, duration: 31.110 s
[2024-11-08T17:40:08-0500] -------------------------------
[2024-11-08T17:40:08-0500] Waiting for 2 s...
[2024-11-08T17:40:10-0500] -------------------------------
[2024-11-08T17:40:10-0500] Traceroute test started at 2024-11-08 17:40:10.139 EST
[2024-11-08T17:40:11-0500] Waiting for 28.927 s to reach end time
[2024-11-08T17:40:40-0500] Saved traceroute test to /data/data/com.termux/files/home/storage/shared/bos_la_2024_trip/verizon/20241108/173432541/traceroute_174010163.out
[2024-11-08T17:40:40-0500] Traceroute summary (min/avg/max/mdev) 
[2024-11-08T17:40:40-0500] Traceroute test finished at 2024-11-08 17:40:40.211 EST, duration: 30.072 s
[2024-11-08T17:40:40-0500] -------------------------------
[2024-11-08T17:40:40-0500] All tests completed, cleaning up...
[2024-11-08T17:40:40-0500] -------------------------------
[2024-11-08T17:41:19-0500] [measurement] Load environment variables from prod.env file
[2024-11-08T17:41:19-0500] [measurement] Load operator-specific env from verizon.env file
[2024-11-08T17:41:19-0500] Starting a network measurement, please choose a server
[2024-11-08T17:41:19-0500] 0) West Cloud: 54.176.53.206
[2024-11-08T17:41:19-0500] 1) East Cloud: 54.197.223.49
[2024-11-08T17:41:19-0500] 2) Los Angeles Wavelength: 161.188.33.234
[2024-11-08T17:41:19-0500] 3) Las Vegas Wavelength: 155.146.118.158
[2024-11-08T17:41:19-0500] 4) Denver Wavelength: 155.146.144.24
[2024-11-08T17:41:19-0500] 5) Chicago Wavelength: 155.146.180.31
[2024-11-08T17:41:19-0500] 6) Boston Wavelength: 155.146.11.34
[2024-11-08T17:41:40-0500] Enter your choice (0-6): Invalid choice, please enter a number in range
[2024-11-08T17:41:40-0500] Starting a network measurement, please choose a server
[2024-11-08T17:41:40-0500] 0) West Cloud: 54.176.53.206
[2024-11-08T17:41:40-0500] 1) East Cloud: 54.197.223.49
[2024-11-08T17:41:40-0500] 2) Los Angeles Wavelength: 161.188.33.234
[2024-11-08T17:41:40-0500] 3) Las Vegas Wavelength: 155.146.118.158
[2024-11-08T17:41:40-0500] 4) Denver Wavelength: 155.146.144.24
[2024-11-08T17:41:40-0500] 5) Chicago Wavelength: 155.146.180.31
[2024-11-08T17:41:40-0500] 6) Boston Wavelength: 155.146.11.34
[2024-11-08T17:42:04-0500] Enter your choice (0-6): Testing verizon, server 1 (ip: 54.197.223.49, nuttcp_port: 5101, iperf_port: 5001)
[2024-11-08T17:42:04-0500] -------------------------------
[2024-11-08T17:42:04-0500] tcp downlink test started at 2024-11-08 17:42:04.671 EST
[2024-11-08T17:42:04-0500] Testing tcp downlink with 54.197.223.49:5101, interval 0.5 s, duration 120 s, timeout 121 s...
[2024-11-08T17:44:05-0500] Current time exceeds end time, skipping wait
[2024-11-08T17:44:05-0500] Saved tcp downlink test to /data/data/com.termux/files/home/storage/shared/bos_la_2024_trip/verizon/20241108/174204651/tcp_downlink_174204700.out
[2024-11-08T17:44:05-0500] DL AVG TPUT: 
[2024-11-08T17:44:05-0500] tcp downlink test finished at 2024-11-08 17:44:05.811 EST, duration: 121.140 s
[2024-11-08T17:44:05-0500] -------------------------------
[2024-11-08T17:44:05-0500] Waiting for 2 s...
[2024-11-08T17:44:07-0500] -------------------------------
[2024-11-08T17:44:07-0500] Starting 5G booster for 5 s...
[2024-11-08T17:44:07-0500] 5G booster started at 2024-11-08 17:44:07.953 EST
[2024-11-08T17:44:14-0500] Current time exceeds end time, skipping wait
[2024-11-08T17:44:14-0500] Saved TCP DL results to /data/data/com.termux/files/home/storage/shared/bos_la_2024_trip/verizon/20241108/174204651/tcp_downlink_174408004.out
[2024-11-08T17:44:14-0500] DL AVG TPUT: 
[2024-11-08T17:44:14-0500] 5G booster finished at 2024-11-08 17:44:14.099 EST, duration: 6.146 s
[2024-11-08T17:44:14-0500] -------------------------------
[2024-11-08T17:44:14-0500] Waiting for 2 s...
[2024-11-08T17:44:16-0500] -------------------------------
[2024-11-08T17:44:16-0500] tcp uplink test started at 2024-11-08 17:44:16.236 EST
[2024-11-08T17:44:16-0500] testing tcp uplink with 54.197.223.49:5101, interval 0.5, duration 120, timeout 121 ...
[2024-11-08T17:46:17-0500] Current time exceeds end time, skipping wait
[2024-11-08T17:46:17-0500] Saved uplink test to /data/data/com.termux/files/home/storage/shared/bos_la_2024_trip/verizon/20241108/174204651/tcp_uplink_174416272.out
[2024-11-08T17:46:17-0500] UL AVG TPUT: 
[2024-11-08T17:46:17-0500] tcp uplink test finished at 2024-11-08 17:46:17.385 EST, duration: 121.149 s
[2024-11-08T17:46:17-0500] -------------------------------
[2024-11-08T17:46:17-0500] Waiting for 2 s...
[2024-11-08T17:46:19-0500] -------------------------------
[2024-11-08T17:46:19-0500] Starting 5G booster for 5 s...
[2024-11-08T17:46:19-0500] 5G booster started at 2024-11-08 17:46:19.514 EST
[2024-11-08T17:46:25-0500] Current time exceeds end time, skipping wait
[2024-11-08T17:46:25-0500] Saved TCP DL results to /data/data/com.termux/files/home/storage/shared/bos_la_2024_trip/verizon/20241108/174204651/tcp_downlink_174619543.out
[2024-11-08T17:46:25-0500] [CAUTION] EMPTY LOG!
[2024-11-08T17:46:25-0500] 5G booster finished at 2024-11-08 17:46:25.636 EST, duration: 6.122 s
[2024-11-08T17:46:25-0500] -------------------------------
[2024-11-08T17:46:25-0500] Waiting for 2 s...
[2024-11-08T17:46:27-0500] -------------------------------
[2024-11-08T17:46:27-0500] ICMP Ping test started at 2024-11-08 17:46:27.720 EST
[2024-11-08T17:46:57-0500] Waiting for .883 s to reach end time
[2024-11-08T17:46:58-0500] Saved ping test to /data/data/com.termux/files/home/storage/shared/bos_la_2024_trip/verizon/20241108/174204651/icmp_ping_174627751.out
[2024-11-08T17:46:58-0500] Ping summary (min/avg/max/mdev) = 28.160/132.346/2300.656/368.059 ms
[2024-11-08T17:46:58-0500] Ping test finished at 2024-11-08 17:46:58.829 EST, duration: 31.109 s
[2024-11-08T17:46:58-0500] -------------------------------
[2024-11-08T17:46:58-0500] Waiting for 2 s...
[2024-11-08T17:47:00-0500] -------------------------------
[2024-11-08T17:47:00-0500] Starting 5G booster for 5 s...
[2024-11-08T17:47:01-0500] 5G booster started at 2024-11-08 17:47:00.978 EST
[2024-11-08T17:47:07-0500] Current time exceeds end time, skipping wait
[2024-11-08T17:47:07-0500] Saved TCP DL results to /data/data/com.termux/files/home/storage/shared/bos_la_2024_trip/verizon/20241108/174204651/tcp_downlink_174701030.out
[2024-11-08T17:47:07-0500] DL AVG TPUT: 
[2024-11-08T17:47:07-0500] 5G booster finished at 2024-11-08 17:47:07.139 EST, duration: 6.161 s
[2024-11-08T17:47:07-0500] -------------------------------
[2024-11-08T17:47:07-0500] Waiting for 2 s...
[2024-11-08T17:47:09-0500] -------------------------------
[2024-11-08T17:47:09-0500] TCP Ping test started at 2024-11-08 17:47:09.243 EST
[2024-11-08T17:47:40-0500] Current time exceeds end time, skipping wait
[2024-11-08T17:47:40-0500] Saved TCP Ping test to /data/data/com.termux/files/home/storage/shared/bos_la_2024_trip/verizon/20241108/174204651/tcp_ping_174709270.out
[2024-11-08T17:47:40-0500] TCP Ping summary (min/avg/max/mdev) 
[2024-11-08T17:47:40-0500] TCP Ping test finished at 2024-11-08 17:47:40.389 EST, duration: 31.146 s
[2024-11-08T17:47:40-0500] -------------------------------
[2024-11-08T17:47:40-0500] Waiting for 2 s...
[2024-11-08T17:47:42-0500] -------------------------------
[2024-11-08T17:47:42-0500] Traceroute test started at 2024-11-08 17:47:42.502 EST
[2024-11-08T17:47:44-0500] Waiting for 28.091 s to reach end time
[2024-11-08T17:48:12-0500] Saved traceroute test to /data/data/com.termux/files/home/storage/shared/bos_la_2024_trip/verizon/20241108/174204651/traceroute_174742532.out
[2024-11-08T17:48:12-0500] Traceroute summary (min/avg/max/mdev) 
[2024-11-08T17:48:12-0500] Traceroute test finished at 2024-11-08 17:48:12.578 EST, duration: 30.076 s
[2024-11-08T17:48:12-0500] -------------------------------
[2024-11-08T17:48:12-0500] All tests completed, cleaning up...
[2024-11-08T17:48:12-0500] -------------------------------
[2024-11-08T17:48:39-0500] [measurement] Load environment variables from prod.env file
[2024-11-08T17:48:39-0500] [measurement] Load operator-specific env from verizon.env file
[2024-11-08T17:48:39-0500] Starting a network measurement, please choose a server
[2024-11-08T17:48:39-0500] 0) West Cloud: 54.176.53.206
[2024-11-08T17:48:39-0500] 1) East Cloud: 54.197.223.49
[2024-11-08T17:48:39-0500] 2) Los Angeles Wavelength: 161.188.33.234
[2024-11-08T17:48:39-0500] 3) Las Vegas Wavelength: 155.146.118.158
[2024-11-08T17:48:39-0500] 4) Denver Wavelength: 155.146.144.24
[2024-11-08T17:48:39-0500] 5) Chicago Wavelength: 155.146.180.31
[2024-11-08T17:48:39-0500] 6) Boston Wavelength: 155.146.11.34
[2024-11-08T17:48:45-0500] Enter your choice (0-6): Testing verizon, server 1 (ip: 54.197.223.49, nuttcp_port: 5101, iperf_port: 5001)
[2024-11-08T17:48:45-0500] -------------------------------
[2024-11-08T17:48:45-0500] tcp downlink test started at 2024-11-08 17:48:45.712 EST
[2024-11-08T17:48:45-0500] Testing tcp downlink with 54.197.223.49:5101, interval 0.5 s, duration 120 s, timeout 121 s...
[2024-11-08T17:50:46-0500] Current time exceeds end time, skipping wait
[2024-11-08T17:50:46-0500] Saved tcp downlink test to /data/data/com.termux/files/home/storage/shared/bos_la_2024_trip/verizon/20241108/174845687/tcp_downlink_174845740.out
[2024-11-08T17:50:46-0500] DL AVG TPUT: 
[2024-11-08T17:50:46-0500] tcp downlink test finished at 2024-11-08 17:50:46.820 EST, duration: 121.108 s
[2024-11-08T17:50:46-0500] -------------------------------
[2024-11-08T17:50:46-0500] Waiting for 2 s...
[2024-11-08T17:50:48-0500] -------------------------------
[2024-11-08T17:50:48-0500] Starting 5G booster for 5 s...
[2024-11-08T17:50:48-0500] 5G booster started at 2024-11-08 17:50:48.931 EST
[2024-11-08T17:50:55-0500] Current time exceeds end time, skipping wait
[2024-11-08T17:50:55-0500] Saved TCP DL results to /data/data/com.termux/files/home/storage/shared/bos_la_2024_trip/verizon/20241108/174845687/tcp_downlink_175048959.out
[2024-11-08T17:50:55-0500] DL AVG TPUT: 
[2024-11-08T17:50:55-0500] 5G booster finished at 2024-11-08 17:50:55.048 EST, duration: 6.117 s
[2024-11-08T17:50:55-0500] -------------------------------
[2024-11-08T17:50:55-0500] Waiting for 2 s...
[2024-11-08T17:50:57-0500] -------------------------------
[2024-11-08T17:50:57-0500] tcp uplink test started at 2024-11-08 17:50:57.129 EST
[2024-11-08T17:50:57-0500] testing tcp uplink with 54.197.223.49:5101, interval 0.5, duration 120, timeout 121 ...
[2024-11-08T17:52:58-0500] Current time exceeds end time, skipping wait
[2024-11-08T17:52:58-0500] Saved uplink test to /data/data/com.termux/files/home/storage/shared/bos_la_2024_trip/verizon/20241108/174845687/tcp_uplink_175057153.out
[2024-11-08T17:52:58-0500] UL AVG TPUT: 
[2024-11-08T17:52:58-0500] tcp uplink test finished at 2024-11-08 17:52:58.239 EST, duration: 121.110 s
[2024-11-08T17:52:58-0500] -------------------------------
[2024-11-08T17:52:58-0500] Waiting for 2 s...
[2024-11-08T17:53:00-0500] -------------------------------
[2024-11-08T17:53:00-0500] Starting 5G booster for 5 s...
[2024-11-08T17:53:00-0500] 5G booster started at 2024-11-08 17:53:00.355 EST
[2024-11-08T17:53:06-0500] Current time exceeds end time, skipping wait
[2024-11-08T17:53:06-0500] Saved TCP DL results to /data/data/com.termux/files/home/storage/shared/bos_la_2024_trip/verizon/20241108/174845687/tcp_downlink_175300382.out
[2024-11-08T17:53:06-0500] DL AVG TPUT: 
[2024-11-08T17:53:06-0500] 5G booster finished at 2024-11-08 17:53:06.489 EST, duration: 6.134 s
[2024-11-08T17:53:06-0500] -------------------------------
[2024-11-08T17:53:06-0500] Waiting for 2 s...
[2024-11-08T17:53:08-0500] -------------------------------
[2024-11-08T17:53:08-0500] ICMP Ping test started at 2024-11-08 17:53:08.602 EST
[2024-11-08T17:53:38-0500] Waiting for .893 s to reach end time
[2024-11-08T17:53:39-0500] Saved ping test to /data/data/com.termux/files/home/storage/shared/bos_la_2024_trip/verizon/20241108/174845687/icmp_ping_175308656.out
[2024-11-08T17:53:39-0500] Ping summary (min/avg/max/mdev) = 28.016/74.064/238.373/52.425 ms
[2024-11-08T17:53:39-0500] Ping test finished at 2024-11-08 17:53:39.654 EST, duration: 31.052 s
[2024-11-08T17:53:39-0500] -------------------------------
[2024-11-08T17:53:39-0500] Waiting for 2 s...
[2024-11-08T17:53:41-0500] -------------------------------
[2024-11-08T17:53:41-0500] Starting 5G booster for 5 s...
[2024-11-08T17:53:41-0500] 5G booster started at 2024-11-08 17:53:41.749 EST
[2024-11-08T17:53:47-0500] Current time exceeds end time, skipping wait
[2024-11-08T17:53:47-0500] Saved TCP DL results to /data/data/com.termux/files/home/storage/shared/bos_la_2024_trip/verizon/20241108/174845687/tcp_downlink_175341783.out
[2024-11-08T17:53:47-0500] DL AVG TPUT: 
[2024-11-08T17:53:47-0500] 5G booster finished at 2024-11-08 17:53:47.842 EST, duration: 6.093 s
[2024-11-08T17:53:47-0500] -------------------------------
[2024-11-08T17:53:47-0500] Waiting for 2 s...
[2024-11-08T17:53:49-0500] -------------------------------
[2024-11-08T17:53:49-0500] TCP Ping test started at 2024-11-08 17:53:49.940 EST
[2024-11-08T17:54:21-0500] Current time exceeds end time, skipping wait
[2024-11-08T17:54:21-0500] Saved TCP Ping test to /data/data/com.termux/files/home/storage/shared/bos_la_2024_trip/verizon/20241108/174845687/tcp_ping_175349971.out
[2024-11-08T17:54:21-0500] TCP Ping summary (min/avg/max/mdev) 
[2024-11-08T17:54:21-0500] TCP Ping test finished at 2024-11-08 17:54:21.070 EST, duration: 31.130 s
[2024-11-08T17:54:21-0500] -------------------------------
[2024-11-08T17:54:21-0500] Waiting for 2 s...
[2024-11-08T17:54:23-0500] -------------------------------
[2024-11-08T17:54:23-0500] Traceroute test started at 2024-11-08 17:54:23.167 EST
[2024-11-08T17:54:25-0500] Waiting for 27.390 s to reach end time
[2024-11-08T17:54:53-0500] Saved traceroute test to /data/data/com.termux/files/home/storage/shared/bos_la_2024_trip/verizon/20241108/174845687/traceroute_175423191.out
[2024-11-08T17:54:53-0500] Traceroute summary (min/avg/max/mdev) 
[2024-11-08T17:54:53-0500] Traceroute test finished at 2024-11-08 17:54:53.253 EST, duration: 30.086 s
[2024-11-08T17:54:53-0500] -------------------------------
[2024-11-08T17:54:53-0500] All tests completed, cleaning up...
[2024-11-08T17:54:53-0500] -------------------------------
[2024-11-08T17:55:33-0500] [measurement] Load environment variables from prod.env file
[2024-11-08T17:55:33-0500] [measurement] Load operator-specific env from verizon.env file
[2024-11-08T17:55:33-0500] Starting a network measurement, please choose a server
[2024-11-08T17:55:33-0500] 0) West Cloud: 54.176.53.206
[2024-11-08T17:55:33-0500] 1) East Cloud: 54.197.223.49
[2024-11-08T17:55:33-0500] 2) Los Angeles Wavelength: 161.188.33.234
[2024-11-08T17:55:33-0500] 3) Las Vegas Wavelength: 155.146.118.158
[2024-11-08T17:55:33-0500] 4) Denver Wavelength: 155.146.144.24
[2024-11-08T17:55:33-0500] 5) Chicago Wavelength: 155.146.180.31
[2024-11-08T17:55:33-0500] 6) Boston Wavelength: 155.146.11.34
[2024-11-08T17:55:47-0500] Enter your choice (0-6): Testing verizon, server 1 (ip: 54.197.223.49, nuttcp_port: 5101, iperf_port: 5001)
[2024-11-08T17:55:47-0500] -------------------------------
[2024-11-08T17:55:47-0500] tcp downlink test started at 2024-11-08 17:55:47.195 EST
[2024-11-08T17:55:47-0500] Testing tcp downlink with 54.197.223.49:5101, interval 0.5 s, duration 120 s, timeout 121 s...
[2024-11-08T17:57:48-0500] Current time exceeds end time, skipping wait
[2024-11-08T17:57:48-0500] Saved tcp downlink test to /data/data/com.termux/files/home/storage/shared/bos_la_2024_trip/verizon/20241108/175547155/tcp_downlink_175547227.out
[2024-11-08T17:57:48-0500] DL AVG TPUT: 
[2024-11-08T17:57:48-0500] tcp downlink test finished at 2024-11-08 17:57:48.347 EST, duration: 121.152 s
[2024-11-08T17:57:48-0500] -------------------------------
[2024-11-08T17:57:48-0500] Waiting for 2 s...
[2024-11-08T17:57:50-0500] -------------------------------
[2024-11-08T17:57:50-0500] Starting 5G booster for 5 s...
[2024-11-08T17:57:50-0500] 5G booster started at 2024-11-08 17:57:50.481 EST
[2024-11-08T17:57:56-0500] Current time exceeds end time, skipping wait
[2024-11-08T17:57:56-0500] Saved TCP DL results to /data/data/com.termux/files/home/storage/shared/bos_la_2024_trip/verizon/20241108/175547155/tcp_downlink_175750510.out
[2024-11-08T17:57:56-0500] DL AVG TPUT: 
[2024-11-08T17:57:56-0500] 5G booster finished at 2024-11-08 17:57:56.617 EST, duration: 6.136 s
[2024-11-08T17:57:56-0500] -------------------------------
[2024-11-08T17:57:56-0500] Waiting for 2 s...
[2024-11-08T17:57:58-0500] -------------------------------
[2024-11-08T17:57:58-0500] tcp uplink test started at 2024-11-08 17:57:58.724 EST
[2024-11-08T17:57:58-0500] testing tcp uplink with 54.197.223.49:5101, interval 0.5, duration 120, timeout 121 ...
[2024-11-08T17:59:59-0500] Current time exceeds end time, skipping wait
[2024-11-08T17:59:59-0500] Saved uplink test to /data/data/com.termux/files/home/storage/shared/bos_la_2024_trip/verizon/20241108/175547155/tcp_uplink_175758752.out
[2024-11-08T17:59:59-0500] UL AVG TPUT: 
[2024-11-08T17:59:59-0500] tcp uplink test finished at 2024-11-08 17:59:59.869 EST, duration: 121.145 s
[2024-11-08T17:59:59-0500] -------------------------------
[2024-11-08T17:59:59-0500] Waiting for 2 s...
[2024-11-08T18:00:01-0500] -------------------------------
[2024-11-08T18:00:01-0500] Starting 5G booster for 5 s...
[2024-11-08T18:00:02-0500] 5G booster started at 2024-11-08 18:00:02.004 EST
[2024-11-08T18:00:08-0500] Current time exceeds end time, skipping wait
[2024-11-08T18:00:08-0500] Saved TCP DL results to /data/data/com.termux/files/home/storage/shared/bos_la_2024_trip/verizon/20241108/175547155/tcp_downlink_180002039.out
[2024-11-08T18:00:08-0500] DL AVG TPUT: 
[2024-11-08T18:00:08-0500] 5G booster finished at 2024-11-08 18:00:08.176 EST, duration: 6.172 s
[2024-11-08T18:00:08-0500] -------------------------------
[2024-11-08T18:00:08-0500] Waiting for 2 s...
[2024-11-08T18:00:10-0500] -------------------------------
[2024-11-08T18:00:10-0500] ICMP Ping test started at 2024-11-08 18:00:10.295 EST
[2024-11-08T18:00:40-0500] Waiting for .859 s to reach end time
[2024-11-08T18:00:41-0500] Saved ping test to /data/data/com.termux/files/home/storage/shared/bos_la_2024_trip/verizon/20241108/175547155/icmp_ping_180010332.out
[2024-11-08T18:00:41-0500] Ping summary (min/avg/max/mdev) = 37.630/47.310/69.047/6.673 ms
[2024-11-08T18:00:41-0500] Ping test finished at 2024-11-08 18:00:41.370 EST, duration: 31.075 s
[2024-11-08T18:00:41-0500] -------------------------------
[2024-11-08T18:00:41-0500] Waiting for 2 s...
[2024-11-08T18:00:43-0500] -------------------------------
[2024-11-08T18:00:43-0500] Starting 5G booster for 5 s...
[2024-11-08T18:00:43-0500] 5G booster started at 2024-11-08 18:00:43.466 EST
[2024-11-08T18:00:49-0500] Current time exceeds end time, skipping wait
[2024-11-08T18:00:49-0500] Saved TCP DL results to /data/data/com.termux/files/home/storage/shared/bos_la_2024_trip/verizon/20241108/175547155/tcp_downlink_180043518.out
[2024-11-08T18:00:49-0500] DL AVG TPUT: 
[2024-11-08T18:00:49-0500] 5G booster finished at 2024-11-08 18:00:49.607 EST, duration: 6.141 s
[2024-11-08T18:00:49-0500] -------------------------------
[2024-11-08T18:00:49-0500] Waiting for 2 s...
[2024-11-08T18:00:51-0500] -------------------------------
[2024-11-08T18:00:51-0500] TCP Ping test started at 2024-11-08 18:00:51.749 EST
[2024-11-08T18:01:22-0500] Current time exceeds end time, skipping wait
[2024-11-08T18:01:22-0500] Saved TCP Ping test to /data/data/com.termux/files/home/storage/shared/bos_la_2024_trip/verizon/20241108/175547155/tcp_ping_180051784.out
[2024-11-08T18:01:22-0500] TCP Ping summary (min/avg/max/mdev) 
[2024-11-08T18:01:22-0500] TCP Ping test finished at 2024-11-08 18:01:22.889 EST, duration: 31.140 s
[2024-11-08T18:01:22-0500] -------------------------------
[2024-11-08T18:01:22-0500] Waiting for 2 s...
[2024-11-08T18:01:24-0500] -------------------------------
[2024-11-08T18:01:25-0500] Traceroute test started at 2024-11-08 18:01:25.011 EST
[2024-11-08T18:01:26-0500] Waiting for 28.985 s to reach end time
[2024-11-08T18:01:55-0500] Saved traceroute test to /data/data/com.termux/files/home/storage/shared/bos_la_2024_trip/verizon/20241108/175547155/traceroute_180125044.out
[2024-11-08T18:01:55-0500] Traceroute summary (min/avg/max/mdev) 
[2024-11-08T18:01:55-0500] Traceroute test finished at 2024-11-08 18:01:55.148 EST, duration: 30.137 s
[2024-11-08T18:01:55-0500] -------------------------------
[2024-11-08T18:01:55-0500] All tests completed, cleaning up...
[2024-11-08T18:01:55-0500] -------------------------------
[2024-11-08T18:02:30-0500] [measurement] Load environment variables from prod.env file
[2024-11-08T18:02:30-0500] [measurement] Load operator-specific env from verizon.env file
[2024-11-08T18:02:30-0500] Starting a network measurement, please choose a server
[2024-11-08T18:02:30-0500] 0) West Cloud: 54.176.53.206
[2024-11-08T18:02:30-0500] 1) East Cloud: 54.197.223.49
[2024-11-08T18:02:30-0500] 2) Los Angeles Wavelength: 161.188.33.234
[2024-11-08T18:02:30-0500] 3) Las Vegas Wavelength: 155.146.118.158
[2024-11-08T18:02:30-0500] 4) Denver Wavelength: 155.146.144.24
[2024-11-08T18:02:30-0500] 5) Chicago Wavelength: 155.146.180.31
[2024-11-08T18:02:30-0500] 6) Boston Wavelength: 155.146.11.34
[2024-11-08T18:02:37-0500] Enter your choice (0-6): Testing verizon, server 6 (ip: 155.146.11.34, nuttcp_port: 5101, iperf_port: 5001)
[2024-11-08T18:02:37-0500] -------------------------------
[2024-11-08T18:02:37-0500] tcp downlink test started at 2024-11-08 18:02:37.547 EST
[2024-11-08T18:02:37-0500] Testing tcp downlink with 155.146.11.34:5101, interval 0.5 s, duration 120 s, timeout 121 s...
[2024-11-08T18:04:38-0500] Current time exceeds end time, skipping wait
[2024-11-08T18:04:38-0500] Saved tcp downlink test to /data/data/com.termux/files/home/storage/shared/bos_la_2024_trip/verizon/20241108/180237528/tcp_downlink_180237571.out
[2024-11-08T18:04:38-0500] DL AVG TPUT: 
[2024-11-08T18:04:38-0500] tcp downlink test finished at 2024-11-08 18:04:38.661 EST, duration: 121.114 s
[2024-11-08T18:04:38-0500] -------------------------------
[2024-11-08T18:04:38-0500] Waiting for 2 s...
[2024-11-08T18:04:40-0500] -------------------------------
[2024-11-08T18:04:40-0500] Starting 5G booster for 5 s...
[2024-11-08T18:04:40-0500] 5G booster started at 2024-11-08 18:04:40.799 EST
[2024-11-08T18:04:46-0500] Current time exceeds end time, skipping wait
[2024-11-08T18:04:46-0500] Saved TCP DL results to /data/data/com.termux/files/home/storage/shared/bos_la_2024_trip/verizon/20241108/180237528/tcp_downlink_180440833.out
[2024-11-08T18:04:46-0500] DL AVG TPUT: 
[2024-11-08T18:04:46-0500] 5G booster finished at 2024-11-08 18:04:46.883 EST, duration: 6.084 s
[2024-11-08T18:04:46-0500] -------------------------------
[2024-11-08T18:04:46-0500] Waiting for 2 s...
[2024-11-08T18:04:48-0500] -------------------------------
[2024-11-08T18:04:49-0500] tcp uplink test started at 2024-11-08 18:04:48.971 EST
[2024-11-08T18:04:49-0500] testing tcp uplink with 155.146.11.34:5101, interval 0.5, duration 120, timeout 121 ...
[2024-11-08T18:06:43-0500] Waiting for 6.405 s to reach end time
[2024-11-08T18:06:50-0500] Saved uplink test to /data/data/com.termux/files/home/storage/shared/bos_la_2024_trip/verizon/20241108/180237528/tcp_uplink_180449020.out
[2024-11-08T18:06:50-0500] UL AVG TPUT: 
[2024-11-08T18:06:50-0500] tcp uplink test finished at 2024-11-08 18:06:50.020 EST, duration: 121.049 s
[2024-11-08T18:06:50-0500] -------------------------------
[2024-11-08T18:06:50-0500] Waiting for 2 s...
[2024-11-08T18:06:52-0500] -------------------------------
[2024-11-08T18:06:52-0500] Starting 5G booster for 5 s...
[2024-11-08T18:06:52-0500] 5G booster started at 2024-11-08 18:06:52.128 EST
[2024-11-08T18:06:58-0500] Current time exceeds end time, skipping wait
[2024-11-08T18:06:58-0500] Saved TCP DL results to /data/data/com.termux/files/home/storage/shared/bos_la_2024_trip/verizon/20241108/180237528/tcp_downlink_180652153.out
[2024-11-08T18:06:58-0500] DL AVG TPUT: 
[2024-11-08T18:06:58-0500] 5G booster finished at 2024-11-08 18:06:58.249 EST, duration: 6.121 s
[2024-11-08T18:06:58-0500] -------------------------------
[2024-11-08T18:06:58-0500] Waiting for 2 s...
[2024-11-08T18:07:00-0500] -------------------------------
[2024-11-08T18:07:00-0500] ICMP Ping test started at 2024-11-08 18:07:00.346 EST
[2024-11-08T18:07:30-0500] Waiting for .863 s to reach end time
[2024-11-08T18:07:31-0500] Saved ping test to /data/data/com.termux/files/home/storage/shared/bos_la_2024_trip/verizon/20241108/180237528/icmp_ping_180700416.out
[2024-11-08T18:07:31-0500] Ping summary (min/avg/max/mdev) = 19.762/104.216/1677.192/247.750 ms
[2024-11-08T18:07:31-0500] Ping test finished at 2024-11-08 18:07:31.401 EST, duration: 31.055 s
[2024-11-08T18:07:31-0500] -------------------------------
[2024-11-08T18:07:31-0500] Waiting for 2 s...
[2024-11-08T18:07:33-0500] -------------------------------
[2024-11-08T18:07:33-0500] Starting 5G booster for 5 s...
[2024-11-08T18:07:33-0500] 5G booster started at 2024-11-08 18:07:33.509 EST
[2024-11-08T18:07:39-0500] Current time exceeds end time, skipping wait
[2024-11-08T18:07:39-0500] Saved TCP DL results to /data/data/com.termux/files/home/storage/shared/bos_la_2024_trip/verizon/20241108/180237528/tcp_downlink_180733552.out
[2024-11-08T18:07:39-0500] DL AVG TPUT: 
[2024-11-08T18:07:39-0500] 5G booster finished at 2024-11-08 18:07:39.669 EST, duration: 6.160 s
[2024-11-08T18:07:39-0500] -------------------------------
[2024-11-08T18:07:39-0500] Waiting for 2 s...
[2024-11-08T18:07:41-0500] -------------------------------
[2024-11-08T18:07:41-0500] TCP Ping test started at 2024-11-08 18:07:41.790 EST
[2024-11-08T18:08:12-0500] Current time exceeds end time, skipping wait
[2024-11-08T18:08:12-0500] Saved TCP Ping test to /data/data/com.termux/files/home/storage/shared/bos_la_2024_trip/verizon/20241108/180237528/tcp_ping_180741819.out
[2024-11-08T18:08:12-0500] TCP Ping summary (min/avg/max/mdev) 
[2024-11-08T18:08:13-0500] TCP Ping test finished at 2024-11-08 18:08:12.938 EST, duration: 31.148 s
[2024-11-08T18:08:13-0500] -------------------------------
[2024-11-08T18:08:13-0500] Waiting for 2 s...
[2024-11-08T18:08:15-0500] -------------------------------
[2024-11-08T18:08:15-0500] Traceroute test started at 2024-11-08 18:08:15.068 EST
[2024-11-08T18:08:16-0500] Waiting for 28.995 s to reach end time
[2024-11-08T18:08:45-0500] Saved traceroute test to /data/data/com.termux/files/home/storage/shared/bos_la_2024_trip/verizon/20241108/180237528/traceroute_180815119.out
[2024-11-08T18:08:45-0500] Traceroute summary (min/avg/max/mdev) 
[2024-11-08T18:08:45-0500] Traceroute test finished at 2024-11-08 18:08:45.163 EST, duration: 30.095 s
[2024-11-08T18:08:45-0500] -------------------------------
[2024-11-08T18:08:45-0500] All tests completed, cleaning up...
[2024-11-08T18:08:45-0500] -------------------------------
[2024-11-08T18:09:33-0500] [measurement] Load environment variables from prod.env file
[2024-11-08T18:09:33-0500] [measurement] Load operator-specific env from verizon.env file
[2024-11-08T18:09:33-0500] Starting a network measurement, please choose a server
[2024-11-08T18:09:33-0500] 0) West Cloud: 54.176.53.206
[2024-11-08T18:09:33-0500] 1) East Cloud: 54.197.223.49
[2024-11-08T18:09:33-0500] 2) Los Angeles Wavelength: 161.188.33.234
[2024-11-08T18:09:33-0500] 3) Las Vegas Wavelength: 155.146.118.158
[2024-11-08T18:09:33-0500] 4) Denver Wavelength: 155.146.144.24
[2024-11-08T18:09:33-0500] 5) Chicago Wavelength: 155.146.180.31
[2024-11-08T18:09:33-0500] 6) Boston Wavelength: 155.146.11.34
[2024-11-08T18:09:37-0500] Enter your choice (0-6): Testing verizon, server 6 (ip: 155.146.11.34, nuttcp_port: 5101, iperf_port: 5001)
[2024-11-08T18:09:37-0500] -------------------------------
[2024-11-08T18:09:37-0500] tcp downlink test started at 2024-11-08 18:09:37.819 EST
[2024-11-08T18:09:37-0500] Testing tcp downlink with 155.146.11.34:5101, interval 0.5 s, duration 120 s, timeout 121 s...
[2024-11-08T18:11:38-0500] Current time exceeds end time, skipping wait
[2024-11-08T18:11:38-0500] Saved tcp downlink test to /data/data/com.termux/files/home/storage/shared/bos_la_2024_trip/verizon/20241108/180937800/tcp_downlink_180937850.out
[2024-11-08T18:11:38-0500] DL AVG TPUT: 
[2024-11-08T18:11:39-0500] tcp downlink test finished at 2024-11-08 18:11:38.931 EST, duration: 121.112 s
[2024-11-08T18:11:39-0500] -------------------------------
[2024-11-08T18:11:39-0500] Waiting for 2 s...
[2024-11-08T18:11:41-0500] -------------------------------
[2024-11-08T18:11:41-0500] Starting 5G booster for 5 s...
[2024-11-08T18:11:41-0500] 5G booster started at 2024-11-08 18:11:41.036 EST
[2024-11-08T18:11:47-0500] Current time exceeds end time, skipping wait
[2024-11-08T18:11:47-0500] Saved TCP DL results to /data/data/com.termux/files/home/storage/shared/bos_la_2024_trip/verizon/20241108/180937800/tcp_downlink_181141058.out
[2024-11-08T18:11:47-0500] DL AVG TPUT: 
[2024-11-08T18:11:47-0500] 5G booster finished at 2024-11-08 18:11:47.122 EST, duration: 6.086 s
[2024-11-08T18:11:47-0500] -------------------------------
[2024-11-08T18:11:47-0500] Waiting for 2 s...
[2024-11-08T18:11:49-0500] -------------------------------
[2024-11-08T18:11:49-0500] tcp uplink test started at 2024-11-08 18:11:49.293 EST
[2024-11-08T18:11:49-0500] testing tcp uplink with 155.146.11.34:5101, interval 0.5, duration 120, timeout 121 ...
[2024-11-08T18:13:50-0500] Current time exceeds end time, skipping wait
[2024-11-08T18:13:50-0500] Saved uplink test to /data/data/com.termux/files/home/storage/shared/bos_la_2024_trip/verizon/20241108/180937800/tcp_uplink_181149327.out
[2024-11-08T18:13:50-0500] UL AVG TPUT: 
[2024-11-08T18:13:50-0500] tcp uplink test finished at 2024-11-08 18:13:50.440 EST, duration: 121.147 s
[2024-11-08T18:13:50-0500] -------------------------------
[2024-11-08T18:13:50-0500] Waiting for 2 s...
[2024-11-08T18:13:52-0500] -------------------------------
[2024-11-08T18:13:52-0500] Starting 5G booster for 5 s...
[2024-11-08T18:13:52-0500] 5G booster started at 2024-11-08 18:13:52.579 EST
[2024-11-08T18:13:58-0500] Current time exceeds end time, skipping wait
[2024-11-08T18:13:58-0500] Saved TCP DL results to /data/data/com.termux/files/home/storage/shared/bos_la_2024_trip/verizon/20241108/180937800/tcp_downlink_181352629.out
[2024-11-08T18:13:58-0500] DL AVG TPUT: 
[2024-11-08T18:13:58-0500] 5G booster finished at 2024-11-08 18:13:58.740 EST, duration: 6.161 s
[2024-11-08T18:13:58-0500] -------------------------------
[2024-11-08T18:13:58-0500] Waiting for 2 s...
[2024-11-08T18:14:00-0500] -------------------------------
[2024-11-08T18:14:00-0500] ICMP Ping test started at 2024-11-08 18:14:00.874 EST
[2024-11-08T18:14:31-0500] Waiting for .897 s to reach end time
[2024-11-08T18:14:32-0500] Saved ping test to /data/data/com.termux/files/home/storage/shared/bos_la_2024_trip/verizon/20241108/180937800/icmp_ping_181400903.out
[2024-11-08T18:14:32-0500] Ping summary (min/avg/max/mdev) = 13.358/28.386/57.723/5.394 ms
[2024-11-08T18:14:32-0500] Ping test finished at 2024-11-08 18:14:32.003 EST, duration: 31.129 s
[2024-11-08T18:14:32-0500] -------------------------------
[2024-11-08T18:14:32-0500] Waiting for 2 s...
[2024-11-08T18:14:34-0500] -------------------------------
[2024-11-08T18:14:34-0500] Starting 5G booster for 5 s...
[2024-11-08T18:14:34-0500] 5G booster started at 2024-11-08 18:14:34.139 EST
[2024-11-08T18:14:40-0500] Current time exceeds end time, skipping wait
[2024-11-08T18:14:40-0500] Saved TCP DL results to /data/data/com.termux/files/home/storage/shared/bos_la_2024_trip/verizon/20241108/180937800/tcp_downlink_181434170.out
[2024-11-08T18:14:40-0500] DL AVG TPUT: 
[2024-11-08T18:14:40-0500] 5G booster finished at 2024-11-08 18:14:40.289 EST, duration: 6.150 s
[2024-11-08T18:14:40-0500] -------------------------------
[2024-11-08T18:14:40-0500] Waiting for 2 s...
[2024-11-08T18:14:42-0500] -------------------------------
[2024-11-08T18:14:42-0500] TCP Ping test started at 2024-11-08 18:14:42.391 EST
[2024-11-08T18:15:13-0500] Current time exceeds end time, skipping wait
[2024-11-08T18:15:13-0500] Saved TCP Ping test to /data/data/com.termux/files/home/storage/shared/bos_la_2024_trip/verizon/20241108/180937800/tcp_ping_181442421.out
[2024-11-08T18:15:13-0500] TCP Ping summary (min/avg/max/mdev) 
[2024-11-08T18:15:13-0500] TCP Ping test finished at 2024-11-08 18:15:13.520 EST, duration: 31.129 s
[2024-11-08T18:15:13-0500] -------------------------------
[2024-11-08T18:15:13-0500] Waiting for 2 s...
[2024-11-08T18:15:15-0500] -------------------------------
[2024-11-08T18:15:15-0500] Traceroute test started at 2024-11-08 18:15:15.635 EST
[2024-11-08T18:15:16-0500] Waiting for 29.101 s to reach end time
[2024-11-08T18:15:45-0500] Saved traceroute test to /data/data/com.termux/files/home/storage/shared/bos_la_2024_trip/verizon/20241108/180937800/traceroute_181515684.out
[2024-11-08T18:15:45-0500] Traceroute summary (min/avg/max/mdev) 
[2024-11-08T18:15:45-0500] Traceroute test finished at 2024-11-08 18:15:45.721 EST, duration: 30.086 s
[2024-11-08T18:15:45-0500] -------------------------------
[2024-11-08T18:15:45-0500] All tests completed, cleaning up...
[2024-11-08T18:15:45-0500] -------------------------------
[2024-11-08T18:16:14-0500] [measurement] Load environment variables from prod.env file
[2024-11-08T18:16:14-0500] [measurement] Load operator-specific env from verizon.env file
[2024-11-08T18:16:14-0500] Starting a network measurement, please choose a server
[2024-11-08T18:16:14-0500] 0) West Cloud: 54.176.53.206
[2024-11-08T18:16:14-0500] 1) East Cloud: 54.197.223.49
[2024-11-08T18:16:14-0500] 2) Los Angeles Wavelength: 161.188.33.234
[2024-11-08T18:16:14-0500] 3) Las Vegas Wavelength: 155.146.118.158
[2024-11-08T18:16:14-0500] 4) Denver Wavelength: 155.146.144.24
[2024-11-08T18:16:14-0500] 5) Chicago Wavelength: 155.146.180.31
[2024-11-08T18:16:14-0500] 6) Boston Wavelength: 155.146.11.34
[2024-11-08T18:16:36-0500] Enter your choice (0-6): Testing verizon, server 6 (ip: 155.146.11.34, nuttcp_port: 5101, iperf_port: 5001)
[2024-11-08T18:16:36-0500] -------------------------------
[2024-11-08T18:16:36-0500] tcp downlink test started at 2024-11-08 18:16:36.792 EST
[2024-11-08T18:16:36-0500] Testing tcp downlink with 155.146.11.34:5101, interval 0.5 s, duration 120 s, timeout 121 s...
[2024-11-08T18:18:37-0500] Current time exceeds end time, skipping wait
[2024-11-08T18:18:37-0500] Saved tcp downlink test to /data/data/com.termux/files/home/storage/shared/bos_la_2024_trip/verizon/20241108/181636763/tcp_downlink_181636828.out
[2024-11-08T18:18:38-0500] DL AVG TPUT: 
[2024-11-08T18:18:38-0500] tcp downlink test finished at 2024-11-08 18:18:37.962 EST, duration: 121.170 s
[2024-11-08T18:18:38-0500] -------------------------------
[2024-11-08T18:18:38-0500] Waiting for 2 s...
[2024-11-08T18:18:40-0500] -------------------------------
[2024-11-08T18:18:40-0500] Starting 5G booster for 5 s...
[2024-11-08T18:18:40-0500] 5G booster started at 2024-11-08 18:18:40.150 EST
[2024-11-08T18:18:46-0500] Current time exceeds end time, skipping wait
[2024-11-08T18:18:46-0500] Saved TCP DL results to /data/data/com.termux/files/home/storage/shared/bos_la_2024_trip/verizon/20241108/181636763/tcp_downlink_181840186.out
[2024-11-08T18:18:46-0500] DL AVG TPUT: 
[2024-11-08T18:18:46-0500] 5G booster finished at 2024-11-08 18:18:46.310 EST, duration: 6.160 s
[2024-11-08T18:18:46-0500] -------------------------------
[2024-11-08T18:18:46-0500] Waiting for 2 s...
[2024-11-08T18:18:48-0500] -------------------------------
[2024-11-08T18:18:48-0500] tcp uplink test started at 2024-11-08 18:18:48.447 EST
[2024-11-08T18:18:48-0500] testing tcp uplink with 155.146.11.34:5101, interval 0.5, duration 120, timeout 121 ...
[2024-11-08T18:20:49-0500] Current time exceeds end time, skipping wait
[2024-11-08T18:20:49-0500] Saved uplink test to /data/data/com.termux/files/home/storage/shared/bos_la_2024_trip/verizon/20241108/181636763/tcp_uplink_181848490.out
[2024-11-08T18:20:49-0500] UL AVG TPUT: 111.9084 Mbps
[2024-11-08T18:20:49-0500] tcp uplink test finished at 2024-11-08 18:20:49.591 EST, duration: 121.144 s
[2024-11-08T18:20:49-0500] -------------------------------
[2024-11-08T18:20:49-0500] Waiting for 2 s...
[2024-11-08T18:20:51-0500] -------------------------------
[2024-11-08T18:20:51-0500] Starting 5G booster for 5 s...
[2024-11-08T18:20:51-0500] 5G booster started at 2024-11-08 18:20:51.747 EST
[2024-11-08T18:20:57-0500] Current time exceeds end time, skipping wait
[2024-11-08T18:20:57-0500] Saved TCP DL results to /data/data/com.termux/files/home/storage/shared/bos_la_2024_trip/verizon/20241108/181636763/tcp_downlink_182051791.out
[2024-11-08T18:20:57-0500] DL AVG TPUT: 
[2024-11-08T18:20:58-0500] 5G booster finished at 2024-11-08 18:20:57.914 EST, duration: 6.167 s
[2024-11-08T18:20:58-0500] -------------------------------
[2024-11-08T18:20:58-0500] Waiting for 2 s...
[2024-11-08T18:21:00-0500] -------------------------------
[2024-11-08T18:21:00-0500] ICMP Ping test started at 2024-11-08 18:21:00.052 EST
[2024-11-08T18:21:30-0500] Waiting for .837 s to reach end time
[2024-11-08T18:21:31-0500] Saved ping test to /data/data/com.termux/files/home/storage/shared/bos_la_2024_trip/verizon/20241108/181636763/icmp_ping_182100096.out
[2024-11-08T18:21:31-0500] Ping summary (min/avg/max/mdev) = 17.708/27.750/98.443/9.252 ms
[2024-11-08T18:21:31-0500] Ping test finished at 2024-11-08 18:21:31.155 EST, duration: 31.103 s
[2024-11-08T18:21:31-0500] -------------------------------
[2024-11-08T18:21:31-0500] Waiting for 2 s...
[2024-11-08T18:21:33-0500] -------------------------------
[2024-11-08T18:21:33-0500] Starting 5G booster for 5 s...
[2024-11-08T18:21:33-0500] 5G booster started at 2024-11-08 18:21:33.298 EST
[2024-11-08T18:21:39-0500] Current time exceeds end time, skipping wait
[2024-11-08T18:21:39-0500] Saved TCP DL results to /data/data/com.termux/files/home/storage/shared/bos_la_2024_trip/verizon/20241108/181636763/tcp_downlink_182133341.out
[2024-11-08T18:21:39-0500] DL AVG TPUT: 
[2024-11-08T18:21:39-0500] 5G booster finished at 2024-11-08 18:21:39.435 EST, duration: 6.137 s
[2024-11-08T18:21:39-0500] -------------------------------
[2024-11-08T18:21:39-0500] Waiting for 2 s...
[2024-11-08T18:21:41-0500] -------------------------------
[2024-11-08T18:21:41-0500] TCP Ping test started at 2024-11-08 18:21:41.566 EST
[2024-11-08T18:22:12-0500] Current time exceeds end time, skipping wait
[2024-11-08T18:22:12-0500] Saved TCP Ping test to /data/data/com.termux/files/home/storage/shared/bos_la_2024_trip/verizon/20241108/181636763/tcp_ping_182141598.out
[2024-11-08T18:22:12-0500] TCP Ping summary (min/avg/max/mdev) 
[2024-11-08T18:22:12-0500] TCP Ping test finished at 2024-11-08 18:22:12.702 EST, duration: 31.136 s
[2024-11-08T18:22:12-0500] -------------------------------
[2024-11-08T18:22:12-0500] Waiting for 2 s...
[2024-11-08T18:22:14-0500] -------------------------------
[2024-11-08T18:22:14-0500] Traceroute test started at 2024-11-08 18:22:14.838 EST
[2024-11-08T18:22:15-0500] Waiting for 29.431 s to reach end time
[2024-11-08T18:22:44-0500] Saved traceroute test to /data/data/com.termux/files/home/storage/shared/bos_la_2024_trip/verizon/20241108/181636763/traceroute_182214878.out
[2024-11-08T18:22:44-0500] Traceroute summary (min/avg/max/mdev) 
[2024-11-08T18:22:44-0500] Traceroute test finished at 2024-11-08 18:22:44.915 EST, duration: 30.077 s
[2024-11-08T18:22:44-0500] -------------------------------
[2024-11-08T18:22:44-0500] All tests completed, cleaning up...
[2024-11-08T18:22:44-0500] -------------------------------
[2024-11-08T18:24:50-0500] [measurement] Load environment variables from prod.env file
[2024-11-08T18:24:50-0500] [measurement] Load operator-specific env from verizon.env file
[2024-11-08T18:24:50-0500] Starting a network measurement, please choose a server
[2024-11-08T18:24:50-0500] 0) West Cloud: 54.176.53.206
[2024-11-08T18:24:50-0500] 1) East Cloud: 54.197.223.49
[2024-11-08T18:24:50-0500] 2) Los Angeles Wavelength: 161.188.33.234
[2024-11-08T18:24:50-0500] 3) Las Vegas Wavelength: 155.146.118.158
[2024-11-08T18:24:50-0500] 4) Denver Wavelength: 155.146.144.24
[2024-11-08T18:24:50-0500] 5) Chicago Wavelength: 155.146.180.31
[2024-11-08T18:24:50-0500] 6) Boston Wavelength: 155.146.11.34
[2024-11-08T18:25:03-0500] Enter your choice (0-6): Testing verizon, server 6 (ip: 155.146.11.34, nuttcp_port: 5101, iperf_port: 5001)
[2024-11-08T18:25:03-0500] -------------------------------
[2024-11-08T18:25:03-0500] tcp downlink test started at 2024-11-08 18:25:03.546 EST
[2024-11-08T18:25:03-0500] Testing tcp downlink with 155.146.11.34:5101, interval 0.5 s, duration 120 s, timeout 121 s...
[2024-11-08T18:27:04-0500] Current time exceeds end time, skipping wait
[2024-11-08T18:27:04-0500] Saved tcp downlink test to /data/data/com.termux/files/home/storage/shared/bos_la_2024_trip/verizon/20241108/182503525/tcp_downlink_182503570.out
[2024-11-08T18:27:04-0500] DL AVG TPUT: 
[2024-11-08T18:27:04-0500] tcp downlink test finished at 2024-11-08 18:27:04.643 EST, duration: 121.097 s
[2024-11-08T18:27:04-0500] -------------------------------
[2024-11-08T18:27:04-0500] Waiting for 2 s...
[2024-11-08T18:27:06-0500] -------------------------------
[2024-11-08T18:27:06-0500] Starting 5G booster for 5 s...
[2024-11-08T18:27:06-0500] 5G booster started at 2024-11-08 18:27:06.749 EST
[2024-11-08T18:27:12-0500] Current time exceeds end time, skipping wait
[2024-11-08T18:27:12-0500] Saved TCP DL results to /data/data/com.termux/files/home/storage/shared/bos_la_2024_trip/verizon/20241108/182503525/tcp_downlink_182706796.out
[2024-11-08T18:27:12-0500] DL AVG TPUT: 
[2024-11-08T18:27:12-0500] 5G booster finished at 2024-11-08 18:27:12.900 EST, duration: 6.151 s
[2024-11-08T18:27:12-0500] -------------------------------
[2024-11-08T18:27:12-0500] Waiting for 2 s...
[2024-11-08T18:27:14-0500] -------------------------------
[2024-11-08T18:27:15-0500] tcp uplink test started at 2024-11-08 18:27:15.003 EST
[2024-11-08T18:27:15-0500] testing tcp uplink with 155.146.11.34:5101, interval 0.5, duration 120, timeout 121 ...
[2024-11-08T18:29:16-0500] Current time exceeds end time, skipping wait
[2024-11-08T18:29:16-0500] Saved uplink test to /data/data/com.termux/files/home/storage/shared/bos_la_2024_trip/verizon/20241108/182503525/tcp_uplink_182715030.out
[2024-11-08T18:29:16-0500] UL AVG TPUT: 
[2024-11-08T18:29:16-0500] tcp uplink test finished at 2024-11-08 18:29:16.117 EST, duration: 121.114 s
[2024-11-08T18:29:16-0500] -------------------------------
[2024-11-08T18:29:16-0500] Waiting for 2 s...
[2024-11-08T18:29:18-0500] -------------------------------
[2024-11-08T18:29:18-0500] Starting 5G booster for 5 s...
[2024-11-08T18:29:18-0500] 5G booster started at 2024-11-08 18:29:18.241 EST
[2024-11-08T18:29:24-0500] Current time exceeds end time, skipping wait
[2024-11-08T18:29:24-0500] Saved TCP DL results to /data/data/com.termux/files/home/storage/shared/bos_la_2024_trip/verizon/20241108/182503525/tcp_downlink_182918277.out
[2024-11-08T18:29:24-0500] DL AVG TPUT: 
[2024-11-08T18:29:24-0500] 5G booster finished at 2024-11-08 18:29:24.398 EST, duration: 6.157 s
[2024-11-08T18:29:24-0500] -------------------------------
[2024-11-08T18:29:24-0500] Waiting for 2 s...
[2024-11-08T18:29:26-0500] -------------------------------
[2024-11-08T18:29:26-0500] ICMP Ping test started at 2024-11-08 18:29:26.575 EST
[2024-11-08T18:29:56-0500] Waiting for .848 s to reach end time
[2024-11-08T18:29:57-0500] Saved ping test to /data/data/com.termux/files/home/storage/shared/bos_la_2024_trip/verizon/20241108/182503525/icmp_ping_182926633.out
[2024-11-08T18:29:57-0500] Ping summary (min/avg/max/mdev) = 19.190/49.165/501.699/58.743 ms
[2024-11-08T18:29:57-0500] Ping test finished at 2024-11-08 18:29:57.676 EST, duration: 31.101 s
[2024-11-08T18:29:57-0500] -------------------------------
[2024-11-08T18:29:57-0500] Waiting for 2 s...
[2024-11-08T18:29:59-0500] -------------------------------
[2024-11-08T18:29:59-0500] Starting 5G booster for 5 s...
[2024-11-08T18:29:59-0500] 5G booster started at 2024-11-08 18:29:59.821 EST
[2024-11-08T18:30:05-0500] Current time exceeds end time, skipping wait
[2024-11-08T18:30:05-0500] Saved TCP DL results to /data/data/com.termux/files/home/storage/shared/bos_la_2024_trip/verizon/20241108/182503525/tcp_downlink_182959856.out
[2024-11-08T18:30:05-0500] DL AVG TPUT: 
[2024-11-08T18:30:06-0500] 5G booster finished at 2024-11-08 18:30:05.959 EST, duration: 6.138 s
[2024-11-08T18:30:06-0500] -------------------------------
[2024-11-08T18:30:06-0500] Waiting for 2 s...
[2024-11-08T18:30:08-0500] -------------------------------
[2024-11-08T18:30:08-0500] TCP Ping test started at 2024-11-08 18:30:08.088 EST
[2024-11-08T18:30:39-0500] Current time exceeds end time, skipping wait
[2024-11-08T18:30:39-0500] Saved TCP Ping test to /data/data/com.termux/files/home/storage/shared/bos_la_2024_trip/verizon/20241108/182503525/tcp_ping_183008122.out
[2024-11-08T18:30:39-0500] TCP Ping summary (min/avg/max/mdev) 
[2024-11-08T18:30:39-0500] TCP Ping test finished at 2024-11-08 18:30:39.259 EST, duration: 31.171 s
[2024-11-08T18:30:39-0500] -------------------------------
[2024-11-08T18:30:39-0500] Waiting for 2 s...
[2024-11-08T18:30:41-0500] -------------------------------
[2024-11-08T18:30:41-0500] Traceroute test started at 2024-11-08 18:30:41.365 EST
[2024-11-08T18:30:42-0500] Waiting for 29.390 s to reach end time
[2024-11-08T18:31:11-0500] Saved traceroute test to /data/data/com.termux/files/home/storage/shared/bos_la_2024_trip/verizon/20241108/182503525/traceroute_183041432.out
[2024-11-08T18:31:11-0500] Traceroute summary (min/avg/max/mdev) 
[2024-11-08T18:31:11-0500] Traceroute test finished at 2024-11-08 18:31:11.451 EST, duration: 30.086 s
[2024-11-08T18:31:11-0500] -------------------------------
[2024-11-08T18:31:11-0500] All tests completed, cleaning up...
[2024-11-08T18:31:11-0500] -------------------------------
[2024-11-08T18:32:53-0500] [measurement] Load environment variables from prod.env file
[2024-11-08T18:32:53-0500] [measurement] Load operator-specific env from verizon.env file
[2024-11-08T18:32:53-0500] Starting a network measurement, please choose a server
[2024-11-08T18:32:53-0500] 0) West Cloud: 54.176.53.206
[2024-11-08T18:32:53-0500] 1) East Cloud: 54.197.223.49
[2024-11-08T18:32:53-0500] 2) Los Angeles Wavelength: 161.188.33.234
[2024-11-08T18:32:53-0500] 3) Las Vegas Wavelength: 155.146.118.158
[2024-11-08T18:32:53-0500] 4) Denver Wavelength: 155.146.144.24
[2024-11-08T18:32:53-0500] 5) Chicago Wavelength: 155.146.180.31
[2024-11-08T18:32:53-0500] 6) Boston Wavelength: 155.146.11.34
[2024-11-08T18:33:06-0500] Enter your choice (0-6): Testing verizon, server 6 (ip: 155.146.11.34, nuttcp_port: 5101, iperf_port: 5001)
[2024-11-08T18:33:06-0500] -------------------------------
[2024-11-08T18:33:06-0500] tcp downlink test started at 2024-11-08 18:33:06.640 EST
[2024-11-08T18:33:06-0500] Testing tcp downlink with 155.146.11.34:5101, interval 0.5 s, duration 120 s, timeout 121 s...
[2024-11-08T18:35:07-0500] Current time exceeds end time, skipping wait
[2024-11-08T18:35:07-0500] Saved tcp downlink test to /data/data/com.termux/files/home/storage/shared/bos_la_2024_trip/verizon/20241108/183306607/tcp_downlink_183306697.out
[2024-11-08T18:35:07-0500] DL AVG TPUT: 
[2024-11-08T18:35:07-0500] tcp downlink test finished at 2024-11-08 18:35:07.795 EST, duration: 121.155 s
[2024-11-08T18:35:07-0500] -------------------------------
[2024-11-08T18:35:07-0500] Waiting for 2 s...
[2024-11-08T18:35:09-0500] -------------------------------
[2024-11-08T18:35:09-0500] Starting 5G booster for 5 s...
[2024-11-08T18:35:09-0500] 5G booster started at 2024-11-08 18:35:09.907 EST
[2024-11-08T18:35:16-0500] Current time exceeds end time, skipping wait
[2024-11-08T18:35:16-0500] Saved TCP DL results to /data/data/com.termux/files/home/storage/shared/bos_la_2024_trip/verizon/20241108/183306607/tcp_downlink_183509991.out
[2024-11-08T18:35:16-0500] DL AVG TPUT: 
[2024-11-08T18:35:16-0500] 5G booster finished at 2024-11-08 18:35:16.065 EST, duration: 6.158 s
[2024-11-08T18:35:16-0500] -------------------------------
[2024-11-08T18:35:16-0500] Waiting for 2 s...
[2024-11-08T18:35:18-0500] -------------------------------
[2024-11-08T18:35:18-0500] tcp uplink test started at 2024-11-08 18:35:18.198 EST
[2024-11-08T18:35:18-0500] testing tcp uplink with 155.146.11.34:5101, interval 0.5, duration 120, timeout 121 ...
[2024-11-08T18:37:19-0500] Current time exceeds end time, skipping wait
[2024-11-08T18:37:19-0500] Saved uplink test to /data/data/com.termux/files/home/storage/shared/bos_la_2024_trip/verizon/20241108/183306607/tcp_uplink_183518227.out
[2024-11-08T18:37:19-0500] UL AVG TPUT: 
[2024-11-08T18:37:19-0500] tcp uplink test finished at 2024-11-08 18:37:19.345 EST, duration: 121.147 s
[2024-11-08T18:37:19-0500] -------------------------------
[2024-11-08T18:37:19-0500] Waiting for 2 s...
[2024-11-08T18:37:21-0500] -------------------------------
[2024-11-08T18:37:21-0500] Starting 5G booster for 5 s...
[2024-11-08T18:37:21-0500] 5G booster started at 2024-11-08 18:37:21.536 EST
[2024-11-08T18:37:27-0500] Current time exceeds end time, skipping wait
[2024-11-08T18:37:27-0500] Saved TCP DL results to /data/data/com.termux/files/home/storage/shared/bos_la_2024_trip/verizon/20241108/183306607/tcp_downlink_183721589.out
[2024-11-08T18:37:27-0500] DL AVG TPUT: 
[2024-11-08T18:37:27-0500] 5G booster finished at 2024-11-08 18:37:27.724 EST, duration: 6.188 s
[2024-11-08T18:37:27-0500] -------------------------------
[2024-11-08T18:37:27-0500] Waiting for 2 s...
[2024-11-08T18:37:29-0500] -------------------------------
[2024-11-08T18:37:29-0500] ICMP Ping test started at 2024-11-08 18:37:29.869 EST
[2024-11-08T18:38:00-0500] Waiting for .872 s to reach end time
[2024-11-08T18:38:00-0500] Saved ping test to /data/data/com.termux/files/home/storage/shared/bos_la_2024_trip/verizon/20241108/183306607/icmp_ping_183729910.out
[2024-11-08T18:38:01-0500] Ping summary (min/avg/max/mdev) = 21.139/32.705/65.411/7.216 ms
[2024-11-08T18:38:01-0500] Ping test finished at 2024-11-08 18:38:00.962 EST, duration: 31.093 s
[2024-11-08T18:38:01-0500] -------------------------------
[2024-11-08T18:38:01-0500] Waiting for 2 s...
[2024-11-08T18:38:03-0500] -------------------------------
[2024-11-08T18:38:03-0500] Starting 5G booster for 5 s...
[2024-11-08T18:38:03-0500] 5G booster started at 2024-11-08 18:38:03.124 EST
[2024-11-08T18:38:09-0500] Current time exceeds end time, skipping wait
[2024-11-08T18:38:09-0500] Saved TCP DL results to /data/data/com.termux/files/home/storage/shared/bos_la_2024_trip/verizon/20241108/183306607/tcp_downlink_183803172.out
[2024-11-08T18:38:09-0500] DL AVG TPUT: 
[2024-11-08T18:38:09-0500] 5G booster finished at 2024-11-08 18:38:09.251 EST, duration: 6.127 s
[2024-11-08T18:38:09-0500] -------------------------------
[2024-11-08T18:38:09-0500] Waiting for 2 s...
[2024-11-08T18:38:11-0500] -------------------------------
[2024-11-08T18:38:11-0500] TCP Ping test started at 2024-11-08 18:38:11.372 EST
[2024-11-08T18:38:42-0500] Current time exceeds end time, skipping wait
[2024-11-08T18:38:42-0500] Saved TCP Ping test to /data/data/com.termux/files/home/storage/shared/bos_la_2024_trip/verizon/20241108/183306607/tcp_ping_183811400.out
[2024-11-08T18:38:42-0500] TCP Ping summary (min/avg/max/mdev) 
[2024-11-08T18:38:42-0500] TCP Ping test finished at 2024-11-08 18:38:42.500 EST, duration: 31.128 s
[2024-11-08T18:38:42-0500] -------------------------------
[2024-11-08T18:38:42-0500] Waiting for 2 s...
[2024-11-08T18:38:44-0500] -------------------------------
[2024-11-08T18:38:44-0500] Traceroute test started at 2024-11-08 18:38:44.636 EST
[2024-11-08T18:38:45-0500] Waiting for 29.105 s to reach end time
[2024-11-08T18:39:14-0500] Saved traceroute test to /data/data/com.termux/files/home/storage/shared/bos_la_2024_trip/verizon/20241108/183306607/traceroute_183844669.out
[2024-11-08T18:39:14-0500] Traceroute summary (min/avg/max/mdev) 
[2024-11-08T18:39:14-0500] Traceroute test finished at 2024-11-08 18:39:14.724 EST, duration: 30.088 s
[2024-11-08T18:39:14-0500] -------------------------------
[2024-11-08T18:39:14-0500] All tests completed, cleaning up...
[2024-11-08T18:39:14-0500] -------------------------------
[2024-11-08T18:41:00-0500] [measurement] Load environment variables from prod.env file
[2024-11-08T18:41:00-0500] [measurement] Load operator-specific env from verizon.env file
[2024-11-08T18:41:00-0500] Starting a network measurement, please choose a server
[2024-11-08T18:41:00-0500] 0) West Cloud: 54.176.53.206
[2024-11-08T18:41:00-0500] 1) East Cloud: 54.197.223.49
[2024-11-08T18:41:00-0500] 2) Los Angeles Wavelength: 161.188.33.234
[2024-11-08T18:41:00-0500] 3) Las Vegas Wavelength: 155.146.118.158
[2024-11-08T18:41:00-0500] 4) Denver Wavelength: 155.146.144.24
[2024-11-08T18:41:00-0500] 5) Chicago Wavelength: 155.146.180.31
[2024-11-08T18:41:00-0500] 6) Boston Wavelength: 155.146.11.34
[2024-11-08T18:41:04-0500] Enter your choice (0-6): Testing verizon, server 6 (ip: 155.146.11.34, nuttcp_port: 5101, iperf_port: 5001)
[2024-11-08T18:41:04-0500] -------------------------------
[2024-11-08T18:41:04-0500] tcp downlink test started at 2024-11-08 18:41:04.491 EST
[2024-11-08T18:41:04-0500] Testing tcp downlink with 155.146.11.34:5101, interval 0.5 s, duration 120 s, timeout 121 s...
[2024-11-08T18:43:05-0500] Current time exceeds end time, skipping wait
[2024-11-08T18:43:05-0500] Saved tcp downlink test to /data/data/com.termux/files/home/storage/shared/bos_la_2024_trip/verizon/20241108/184104468/tcp_downlink_184104517.out
[2024-11-08T18:43:05-0500] DL AVG TPUT: 
[2024-11-08T18:43:05-0500] tcp downlink test finished at 2024-11-08 18:43:05.596 EST, duration: 121.105 s
[2024-11-08T18:43:05-0500] -------------------------------
[2024-11-08T18:43:05-0500] Waiting for 2 s...
[2024-11-08T18:43:07-0500] -------------------------------
[2024-11-08T18:43:07-0500] Starting 5G booster for 5 s...
[2024-11-08T18:43:07-0500] 5G booster started at 2024-11-08 18:43:07.716 EST
[2024-11-08T18:43:13-0500] Current time exceeds end time, skipping wait
[2024-11-08T18:43:13-0500] Saved TCP DL results to /data/data/com.termux/files/home/storage/shared/bos_la_2024_trip/verizon/20241108/184104468/tcp_downlink_184307746.out
[2024-11-08T18:43:13-0500] DL AVG TPUT: 
[2024-11-08T18:43:13-0500] 5G booster finished at 2024-11-08 18:43:13.862 EST, duration: 6.146 s
[2024-11-08T18:43:13-0500] -------------------------------
[2024-11-08T18:43:13-0500] Waiting for 2 s...
[2024-11-08T18:43:15-0500] -------------------------------
[2024-11-08T18:43:16-0500] tcp uplink test started at 2024-11-08 18:43:15.999 EST
[2024-11-08T18:43:16-0500] testing tcp uplink with 155.146.11.34:5101, interval 0.5, duration 120, timeout 121 ...
[2024-11-08T18:45:17-0500] Current time exceeds end time, skipping wait
[2024-11-08T18:45:17-0500] Saved uplink test to /data/data/com.termux/files/home/storage/shared/bos_la_2024_trip/verizon/20241108/184104468/tcp_uplink_184316028.out
[2024-11-08T18:45:17-0500] UL AVG TPUT: 
[2024-11-08T18:45:17-0500] tcp uplink test finished at 2024-11-08 18:45:17.114 EST, duration: 121.115 s
[2024-11-08T18:45:17-0500] -------------------------------
[2024-11-08T18:45:17-0500] Waiting for 2 s...
[2024-11-08T18:45:19-0500] -------------------------------
[2024-11-08T18:45:19-0500] Starting 5G booster for 5 s...
[2024-11-08T18:45:19-0500] 5G booster started at 2024-11-08 18:45:19.265 EST
[2024-11-08T18:45:25-0500] Current time exceeds end time, skipping wait
[2024-11-08T18:45:25-0500] Saved TCP DL results to /data/data/com.termux/files/home/storage/shared/bos_la_2024_trip/verizon/20241108/184104468/tcp_downlink_184519297.out
[2024-11-08T18:45:25-0500] DL AVG TPUT: 
[2024-11-08T18:45:25-0500] 5G booster finished at 2024-11-08 18:45:25.396 EST, duration: 6.131 s
[2024-11-08T18:45:25-0500] -------------------------------
[2024-11-08T18:45:25-0500] Waiting for 2 s...
[2024-11-08T18:45:27-0500] -------------------------------
[2024-11-08T18:45:27-0500] ICMP Ping test started at 2024-11-08 18:45:27.523 EST
[2024-11-08T18:45:57-0500] Waiting for .886 s to reach end time
[2024-11-08T18:45:58-0500] Saved ping test to /data/data/com.termux/files/home/storage/shared/bos_la_2024_trip/verizon/20241108/184104468/icmp_ping_184527551.out
[2024-11-08T18:45:58-0500] Ping summary (min/avg/max/mdev) = 20.375/36.864/122.987/14.977 ms
[2024-11-08T18:45:58-0500] Ping test finished at 2024-11-08 18:45:58.628 EST, duration: 31.105 s
[2024-11-08T18:45:58-0500] -------------------------------
[2024-11-08T18:45:58-0500] Waiting for 2 s...
[2024-11-08T18:46:00-0500] -------------------------------
[2024-11-08T18:46:00-0500] Starting 5G booster for 5 s...
[2024-11-08T18:46:00-0500] 5G booster started at 2024-11-08 18:46:00.724 EST
[2024-11-08T18:46:06-0500] Current time exceeds end time, skipping wait
[2024-11-08T18:46:06-0500] Saved TCP DL results to /data/data/com.termux/files/home/storage/shared/bos_la_2024_trip/verizon/20241108/184104468/tcp_downlink_184600752.out
[2024-11-08T18:46:06-0500] DL AVG TPUT: 
[2024-11-08T18:46:06-0500] 5G booster finished at 2024-11-08 18:46:06.823 EST, duration: 6.099 s
[2024-11-08T18:46:06-0500] -------------------------------
[2024-11-08T18:46:06-0500] Waiting for 2 s...
[2024-11-08T18:46:08-0500] -------------------------------
[2024-11-08T18:46:08-0500] TCP Ping test started at 2024-11-08 18:46:08.927 EST
[2024-11-08T18:46:40-0500] Current time exceeds end time, skipping wait
[2024-11-08T18:46:40-0500] Saved TCP Ping test to /data/data/com.termux/files/home/storage/shared/bos_la_2024_trip/verizon/20241108/184104468/tcp_ping_184608949.out
[2024-11-08T18:46:40-0500] TCP Ping summary (min/avg/max/mdev) 
[2024-11-08T18:46:40-0500] TCP Ping test finished at 2024-11-08 18:46:40.052 EST, duration: 31.125 s
[2024-11-08T18:46:40-0500] -------------------------------
[2024-11-08T18:46:40-0500] Waiting for 2 s...
[2024-11-08T18:46:42-0500] -------------------------------
[2024-11-08T18:46:42-0500] Traceroute test started at 2024-11-08 18:46:42.147 EST
[2024-11-08T18:46:42-0500] Waiting for 29.394 s to reach end time
[2024-11-08T18:47:12-0500] Saved traceroute test to /data/data/com.termux/files/home/storage/shared/bos_la_2024_trip/verizon/20241108/184104468/traceroute_184642173.out
[2024-11-08T18:47:12-0500] Traceroute summary (min/avg/max/mdev) 
[2024-11-08T18:47:12-0500] Traceroute test finished at 2024-11-08 18:47:12.242 EST, duration: 30.095 s
[2024-11-08T18:47:12-0500] -------------------------------
[2024-11-08T18:47:12-0500] All tests completed, cleaning up...
[2024-11-08T18:47:12-0500] -------------------------------
