[2024-11-03T09:51:53-0700] [measurement] Load environment variables from prod.env file
[2024-11-03T09:51:53-0700] [measurement] Load operator-specific env from verizon.env file
[2024-11-03T09:51:53-0700] Starting a network measurement, please choose a server
[2024-11-03T09:51:53-0700] 0) West Cloud: 54.176.53.206
[2024-11-03T09:51:53-0700] 1) East Cloud: 54.197.223.49
[2024-11-03T09:51:53-0700] 2) Los Angeles Wavelength: 161.188.33.234
[2024-11-03T09:51:53-0700] 3) Las Vegas Wavelength: 155.146.118.158
[2024-11-03T09:51:53-0700] 4) Denver Wavelength: 155.146.144.24
[2024-11-03T09:51:53-0700] 5) Chicago Wavelength: 155.146.180.31
[2024-11-03T09:51:53-0700] 6) Boston Wavelength: 155.146.11.34
[2024-11-03T09:52:00-0700] Enter your choice (0-6): Testing verizon, server 0 (ip: 54.176.53.206, nuttcp_port: 5101, iperf_port: 5001)
[2024-11-03T09:52:00-0700] -------------------------------
[2024-11-03T09:52:00-0700] tcp downlink test started at 2024-11-03 09:52:00.684 MST
[2024-11-03T09:52:00-0700] Testing tcp downlink with 54.176.53.206:5101, interval 0.5 s, duration 120 s, timeout 121 s...
[2024-11-03T09:52:00-0700] nuttcp-r: v8.1.4: Error: connect: Connection refused
[2024-11-03T09:52:00-0700] errno=111
[2024-11-03T09:52:00-0700] Waiting for 120.849 s to reach end time
[2024-11-03T10:04:38-0700] [measurement] Load environment variables from prod.env file
[2024-11-03T10:04:38-0700] [measurement] Load operator-specific env from verizon.env file
[2024-11-03T10:04:38-0700] Starting a network measurement, please choose a server
[2024-11-03T10:04:38-0700] 0) West Cloud: 54.176.53.206
[2024-11-03T10:04:38-0700] 1) East Cloud: 54.197.223.49
[2024-11-03T10:04:38-0700] 2) Los Angeles Wavelength: 161.188.33.234
[2024-11-03T10:04:38-0700] 3) Las Vegas Wavelength: 155.146.118.158
[2024-11-03T10:04:38-0700] 4) Denver Wavelength: 155.146.144.24
[2024-11-03T10:04:38-0700] 5) Chicago Wavelength: 155.146.180.31
[2024-11-03T10:04:38-0700] 6) Boston Wavelength: 155.146.11.34
[2024-11-03T10:04:40-0700] Enter your choice (0-6): Testing verizon, server 0 (ip: 54.176.53.206, nuttcp_port: 5101, iperf_port: 5001)
[2024-11-03T10:04:40-0700] -------------------------------
[2024-11-03T10:04:40-0700] tcp downlink test started at 2024-11-03 10:04:40.561 MST
[2024-11-03T10:04:40-0700] Testing tcp downlink with 54.176.53.206:5101, interval 0.5 s, duration 120 s, timeout 121 s...
[2024-11-03T10:06:41-0700] Current time exceeds end time, skipping wait
[2024-11-03T10:06:41-0700] Saved tcp downlink test to /data/data/com.termux/files/home/storage/shared/bos_la_2024_trip/verizon/20241103/100440541/tcp_downlink_100440591.out
[2024-11-03T10:06:41-0700] DL AVG TPUT: 
[2024-11-03T10:06:41-0700] tcp downlink test finished at 2024-11-03 10:06:41.695 MST, duration: 121.134 s
[2024-11-03T10:06:41-0700] -------------------------------
[2024-11-03T10:06:41-0700] Waiting for 2 s...
[2024-11-03T10:06:43-0700] -------------------------------
[2024-11-03T10:06:43-0700] Starting 5G booster for 5 s...
[2024-11-03T10:06:43-0700] 5G booster started at 2024-11-03 10:06:43.799 MST
[2024-11-03T10:06:49-0700] Current time exceeds end time, skipping wait
[2024-11-03T10:06:49-0700] Saved TCP DL results to /data/data/com.termux/files/home/storage/shared/bos_la_2024_trip/verizon/20241103/100440541/tcp_downlink_100643829.out
[2024-11-03T10:06:49-0700] DL AVG TPUT: 
[2024-11-03T10:06:49-0700] 5G booster finished at 2024-11-03 10:06:49.903 MST, duration: 6.104 s
[2024-11-03T10:06:49-0700] -------------------------------
[2024-11-03T10:06:49-0700] Waiting for 2 s...
[2024-11-03T10:06:51-0700] -------------------------------
[2024-11-03T10:06:52-0700] tcp uplink test started at 2024-11-03 10:06:51.997 MST
[2024-11-03T10:06:52-0700] testing tcp uplink with 54.176.53.206:5101, interval 0.5, duration 120, timeout 121 ...
[2024-11-03T10:08:53-0700] Waiting for .038 s to reach end time
[2024-11-03T10:08:53-0700] Saved uplink test to /data/data/com.termux/files/home/storage/shared/bos_la_2024_trip/verizon/20241103/100440541/tcp_uplink_100652024.out
[2024-11-03T10:08:53-0700] UL AVG TPUT: 129.9246 Mbps
[2024-11-03T10:08:53-0700] tcp uplink test finished at 2024-11-03 10:08:53.057 MST, duration: 121.060 s
[2024-11-03T10:08:53-0700] -------------------------------
[2024-11-03T10:08:53-0700] Waiting for 2 s...
[2024-11-03T10:08:55-0700] -------------------------------
[2024-11-03T10:08:55-0700] Starting 5G booster for 5 s...
[2024-11-03T10:08:55-0700] 5G booster started at 2024-11-03 10:08:55.153 MST
[2024-11-03T10:09:01-0700] Current time exceeds end time, skipping wait
[2024-11-03T10:09:01-0700] Saved TCP DL results to /data/data/com.termux/files/home/storage/shared/bos_la_2024_trip/verizon/20241103/100440541/tcp_downlink_100855181.out
[2024-11-03T10:09:01-0700] DL AVG TPUT: 
[2024-11-03T10:09:01-0700] 5G booster finished at 2024-11-03 10:09:01.293 MST, duration: 6.140 s
[2024-11-03T10:09:01-0700] -------------------------------
[2024-11-03T10:09:01-0700] Waiting for 2 s...
[2024-11-03T10:09:03-0700] -------------------------------
[2024-11-03T10:09:03-0700] ICMP Ping test started at 2024-11-03 10:09:03.413 MST
[2024-11-03T10:09:33-0700] Waiting for .862 s to reach end time
[2024-11-03T10:09:34-0700] Saved ping test to /data/data/com.termux/files/home/storage/shared/bos_la_2024_trip/verizon/20241103/100440541/icmp_ping_100903440.out
[2024-11-03T10:09:34-0700] Ping summary (min/avg/max/mdev) = 40.758/56.720/73.323/6.879 ms
[2024-11-03T10:09:34-0700] Ping test finished at 2024-11-03 10:09:34.535 MST, duration: 31.122 s
[2024-11-03T10:09:34-0700] -------------------------------
[2024-11-03T10:09:34-0700] Waiting for 2 s...
[2024-11-03T10:09:36-0700] -------------------------------
[2024-11-03T10:09:36-0700] Starting 5G booster for 5 s...
[2024-11-03T10:09:36-0700] 5G booster started at 2024-11-03 10:09:36.689 MST
[2024-11-03T10:09:42-0700] Current time exceeds end time, skipping wait
[2024-11-03T10:09:42-0700] Saved TCP DL results to /data/data/com.termux/files/home/storage/shared/bos_la_2024_trip/verizon/20241103/100440541/tcp_downlink_100936749.out
[2024-11-03T10:09:42-0700] DL AVG TPUT: 
[2024-11-03T10:09:43-0700] 5G booster finished at 2024-11-03 10:09:42.892 MST, duration: 6.203 s
[2024-11-03T10:09:43-0700] -------------------------------
[2024-11-03T10:09:43-0700] Waiting for 2 s...
[2024-11-03T10:09:45-0700] -------------------------------
[2024-11-03T10:09:45-0700] TCP Ping test started at 2024-11-03 10:09:45.066 MST
[2024-11-03T10:10:16-0700] Current time exceeds end time, skipping wait
[2024-11-03T10:10:16-0700] Saved TCP Ping test to /data/data/com.termux/files/home/storage/shared/bos_la_2024_trip/verizon/20241103/100440541/tcp_ping_100945097.out
[2024-11-03T10:10:16-0700] TCP Ping summary (min/avg/max/mdev) 
[2024-11-03T10:10:16-0700] TCP Ping test finished at 2024-11-03 10:10:16.249 MST, duration: 31.183 s
[2024-11-03T10:10:16-0700] -------------------------------
[2024-11-03T10:10:16-0700] Waiting for 2 s...
[2024-11-03T10:10:18-0700] -------------------------------
[2024-11-03T10:10:18-0700] Traceroute test started at 2024-11-03 10:10:18.417 MST
[2024-11-03T10:10:19-0700] Waiting for 28.778 s to reach end time
[2024-11-03T10:10:48-0700] Saved traceroute test to /data/data/com.termux/files/home/storage/shared/bos_la_2024_trip/verizon/20241103/100440541/traceroute_101018450.out
[2024-11-03T10:10:48-0700] Traceroute summary (min/avg/max/mdev) 
[2024-11-03T10:10:48-0700] Traceroute test finished at 2024-11-03 10:10:48.518 MST, duration: 30.101 s
[2024-11-03T10:10:48-0700] -------------------------------
[2024-11-03T10:10:48-0700] All tests completed, cleaning up...
[2024-11-03T10:10:48-0700] -------------------------------
[2024-11-03T10:13:12-0700] [measurement] Load environment variables from prod.env file
[2024-11-03T10:13:12-0700] [measurement] Load operator-specific env from verizon.env file
[2024-11-03T10:13:12-0700] Starting a network measurement, please choose a server
[2024-11-03T10:13:12-0700] 0) West Cloud: 54.176.53.206
[2024-11-03T10:13:12-0700] 1) East Cloud: 54.197.223.49
[2024-11-03T10:13:12-0700] 2) Los Angeles Wavelength: 161.188.33.234
[2024-11-03T10:13:12-0700] 3) Las Vegas Wavelength: 155.146.118.158
[2024-11-03T10:13:12-0700] 4) Denver Wavelength: 155.146.144.24
[2024-11-03T10:13:12-0700] 5) Chicago Wavelength: 155.146.180.31
[2024-11-03T10:13:12-0700] 6) Boston Wavelength: 155.146.11.34
[2024-11-03T10:13:16-0700] Enter your choice (0-6): Testing verizon, server 0 (ip: 54.176.53.206, nuttcp_port: 5101, iperf_port: 5001)
[2024-11-03T10:13:16-0700] -------------------------------
[2024-11-03T10:13:16-0700] tcp downlink test started at 2024-11-03 10:13:16.927 MST
[2024-11-03T10:13:16-0700] Testing tcp downlink with 54.176.53.206:5101, interval 0.5 s, duration 120 s, timeout 121 s...
[2024-11-03T10:15:18-0700] Current time exceeds end time, skipping wait
[2024-11-03T10:15:18-0700] Saved tcp downlink test to /data/data/com.termux/files/home/storage/shared/bos_la_2024_trip/verizon/20241103/101316904/tcp_downlink_101316956.out
[2024-11-03T10:15:18-0700] DL AVG TPUT: 
[2024-11-03T10:15:18-0700] tcp downlink test finished at 2024-11-03 10:15:18.073 MST, duration: 121.146 s
[2024-11-03T10:15:18-0700] -------------------------------
[2024-11-03T10:15:18-0700] Waiting for 2 s...
[2024-11-03T10:15:20-0700] -------------------------------
[2024-11-03T10:15:20-0700] Starting 5G booster for 5 s...
[2024-11-03T10:15:20-0700] 5G booster started at 2024-11-03 10:15:20.172 MST
[2024-11-03T10:15:26-0700] Current time exceeds end time, skipping wait
[2024-11-03T10:15:26-0700] Saved TCP DL results to /data/data/com.termux/files/home/storage/shared/bos_la_2024_trip/verizon/20241103/101316904/tcp_downlink_101520204.out
[2024-11-03T10:15:26-0700] DL AVG TPUT: 
[2024-11-03T10:15:26-0700] 5G booster finished at 2024-11-03 10:15:26.276 MST, duration: 6.104 s
[2024-11-03T10:15:26-0700] -------------------------------
[2024-11-03T10:15:26-0700] Waiting for 2 s...
[2024-11-03T10:15:28-0700] -------------------------------
[2024-11-03T10:15:28-0700] tcp uplink test started at 2024-11-03 10:15:28.399 MST
[2024-11-03T10:15:28-0700] testing tcp uplink with 54.176.53.206:5101, interval 0.5, duration 120, timeout 121 ...
[2024-11-03T10:17:29-0700] Current time exceeds end time, skipping wait
[2024-11-03T10:17:29-0700] Saved uplink test to /data/data/com.termux/files/home/storage/shared/bos_la_2024_trip/verizon/20241103/101316904/tcp_uplink_101528445.out
[2024-11-03T10:17:29-0700] UL AVG TPUT: 
[2024-11-03T10:17:29-0700] tcp uplink test finished at 2024-11-03 10:17:29.515 MST, duration: 121.116 s
[2024-11-03T10:17:29-0700] -------------------------------
[2024-11-03T10:17:29-0700] Waiting for 2 s...
[2024-11-03T10:17:31-0700] -------------------------------
[2024-11-03T10:17:31-0700] Starting 5G booster for 5 s...
[2024-11-03T10:17:31-0700] 5G booster started at 2024-11-03 10:17:31.649 MST
[2024-11-03T10:17:32-0700] server aborted connection
[2024-11-03T10:17:32-0700] Waiting for 5.556 s to reach end time
[2024-11-03T10:17:37-0700] Saved TCP DL results to /data/data/com.termux/files/home/storage/shared/bos_la_2024_trip/verizon/20241103/101316904/tcp_downlink_101731683.out
[2024-11-03T10:17:37-0700] [CAUTION] EMPTY LOG!
[2024-11-03T10:17:37-0700] 5G booster finished at 2024-11-03 10:17:37.743 MST, duration: 6.094 s
[2024-11-03T10:17:37-0700] -------------------------------
[2024-11-03T10:17:37-0700] Waiting for 2 s...
[2024-11-03T10:17:39-0700] -------------------------------
[2024-11-03T10:17:39-0700] ICMP Ping test started at 2024-11-03 10:17:39.849 MST
[2024-11-03T10:18:10-0700] Waiting for .798 s to reach end time
[2024-11-03T10:18:10-0700] Saved ping test to /data/data/com.termux/files/home/storage/shared/bos_la_2024_trip/verizon/20241103/101316904/icmp_ping_101739920.out
[2024-11-03T10:18:10-0700] Ping summary (min/avg/max/mdev) = 46.550/108.664/1446.801/202.553 ms
[2024-11-03T10:18:11-0700] Ping test finished at 2024-11-03 10:18:10.959 MST, duration: 31.110 s
[2024-11-03T10:18:11-0700] -------------------------------
[2024-11-03T10:18:11-0700] Waiting for 2 s...
[2024-11-03T10:18:13-0700] -------------------------------
[2024-11-03T10:18:13-0700] Starting 5G booster for 5 s...
[2024-11-03T10:18:13-0700] 5G booster started at 2024-11-03 10:18:13.086 MST
[2024-11-03T10:18:19-0700] Current time exceeds end time, skipping wait
[2024-11-03T10:18:19-0700] Saved TCP DL results to /data/data/com.termux/files/home/storage/shared/bos_la_2024_trip/verizon/20241103/101316904/tcp_downlink_101813115.out
[2024-11-03T10:18:19-0700] DL AVG TPUT: 
[2024-11-03T10:18:19-0700] 5G booster finished at 2024-11-03 10:18:19.200 MST, duration: 6.114 s
[2024-11-03T10:18:19-0700] -------------------------------
[2024-11-03T10:18:19-0700] Waiting for 2 s...
[2024-11-03T10:18:21-0700] -------------------------------
[2024-11-03T10:18:21-0700] TCP Ping test started at 2024-11-03 10:18:21.295 MST
[2024-11-03T10:18:52-0700] Current time exceeds end time, skipping wait
[2024-11-03T10:18:52-0700] Saved TCP Ping test to /data/data/com.termux/files/home/storage/shared/bos_la_2024_trip/verizon/20241103/101316904/tcp_ping_101821327.out
[2024-11-03T10:18:52-0700] TCP Ping summary (min/avg/max/mdev) 
[2024-11-03T10:18:52-0700] TCP Ping test finished at 2024-11-03 10:18:52.427 MST, duration: 31.132 s
[2024-11-03T10:18:52-0700] -------------------------------
[2024-11-03T10:18:52-0700] Waiting for 2 s...
[2024-11-03T10:18:54-0700] -------------------------------
[2024-11-03T10:18:54-0700] Traceroute test started at 2024-11-03 10:18:54.583 MST
[2024-11-03T10:18:56-0700] Waiting for 28.289 s to reach end time
[2024-11-03T10:19:24-0700] Saved traceroute test to /data/data/com.termux/files/home/storage/shared/bos_la_2024_trip/verizon/20241103/101316904/traceroute_101854660.out
[2024-11-03T10:19:24-0700] Traceroute summary (min/avg/max/mdev) 
[2024-11-03T10:19:24-0700] Traceroute test finished at 2024-11-03 10:19:24.703 MST, duration: 30.120 s
[2024-11-03T10:19:24-0700] -------------------------------
[2024-11-03T10:19:24-0700] All tests completed, cleaning up...
[2024-11-03T10:19:24-0700] -------------------------------
[2024-11-03T10:22:52-0700] [measurement] Load environment variables from prod.env file
[2024-11-03T10:22:52-0700] [measurement] Load operator-specific env from verizon.env file
[2024-11-03T10:22:52-0700] Starting a network measurement, please choose a server
[2024-11-03T10:22:52-0700] 0) West Cloud: 54.176.53.206
[2024-11-03T10:22:52-0700] 1) East Cloud: 54.197.223.49
[2024-11-03T10:22:52-0700] 2) Los Angeles Wavelength: 161.188.33.234
[2024-11-03T10:22:52-0700] 3) Las Vegas Wavelength: 155.146.118.158
[2024-11-03T10:22:52-0700] 4) Denver Wavelength: 155.146.144.24
[2024-11-03T10:22:52-0700] 5) Chicago Wavelength: 155.146.180.31
[2024-11-03T10:22:52-0700] 6) Boston Wavelength: 155.146.11.34
[2024-11-03T10:22:57-0700] Enter your choice (0-6): Testing verizon, server 0 (ip: 54.176.53.206, nuttcp_port: 5101, iperf_port: 5001)
[2024-11-03T10:22:57-0700] -------------------------------
[2024-11-03T10:22:57-0700] tcp downlink test started at 2024-11-03 10:22:57.905 MST
[2024-11-03T10:22:57-0700] Testing tcp downlink with 54.176.53.206:5101, interval 0.5 s, duration 120 s, timeout 121 s...
[2024-11-03T10:24:59-0700] Current time exceeds end time, skipping wait
[2024-11-03T10:24:59-0700] Saved tcp downlink test to /data/data/com.termux/files/home/storage/shared/bos_la_2024_trip/verizon/20241103/102257882/tcp_downlink_102257930.out
[2024-11-03T10:24:59-0700] DL AVG TPUT: 
[2024-11-03T10:24:59-0700] tcp downlink test finished at 2024-11-03 10:24:59.080 MST, duration: 121.175 s
[2024-11-03T10:24:59-0700] -------------------------------
[2024-11-03T10:24:59-0700] Waiting for 2 s...
[2024-11-03T10:25:01-0700] -------------------------------
[2024-11-03T10:25:01-0700] Starting 5G booster for 5 s...
[2024-11-03T10:25:01-0700] 5G booster started at 2024-11-03 10:25:01.204 MST
[2024-11-03T10:25:07-0700] Current time exceeds end time, skipping wait
[2024-11-03T10:25:07-0700] Saved TCP DL results to /data/data/com.termux/files/home/storage/shared/bos_la_2024_trip/verizon/20241103/102257882/tcp_downlink_102501233.out
[2024-11-03T10:25:07-0700] DL AVG TPUT: 
[2024-11-03T10:25:07-0700] 5G booster finished at 2024-11-03 10:25:07.345 MST, duration: 6.141 s
[2024-11-03T10:25:07-0700] -------------------------------
[2024-11-03T10:25:07-0700] Waiting for 2 s...
[2024-11-03T10:25:09-0700] -------------------------------
[2024-11-03T10:25:09-0700] tcp uplink test started at 2024-11-03 10:25:09.474 MST
[2024-11-03T10:25:09-0700] testing tcp uplink with 54.176.53.206:5101, interval 0.5, duration 120, timeout 121 ...
[2024-11-03T10:27:10-0700] Current time exceeds end time, skipping wait
[2024-11-03T10:27:10-0700] Saved uplink test to /data/data/com.termux/files/home/storage/shared/bos_la_2024_trip/verizon/20241103/102257882/tcp_uplink_102509513.out
[2024-11-03T10:27:10-0700] UL AVG TPUT: 
[2024-11-03T10:27:10-0700] tcp uplink test finished at 2024-11-03 10:27:10.617 MST, duration: 121.143 s
[2024-11-03T10:27:10-0700] -------------------------------
[2024-11-03T10:27:10-0700] Waiting for 2 s...
[2024-11-03T10:27:12-0700] -------------------------------
[2024-11-03T10:27:12-0700] Starting 5G booster for 5 s...
[2024-11-03T10:27:12-0700] 5G booster started at 2024-11-03 10:27:12.748 MST
[2024-11-03T10:27:18-0700] Current time exceeds end time, skipping wait
[2024-11-03T10:27:18-0700] Saved TCP DL results to /data/data/com.termux/files/home/storage/shared/bos_la_2024_trip/verizon/20241103/102257882/tcp_downlink_102712789.out
[2024-11-03T10:27:18-0700] DL AVG TPUT: 
[2024-11-03T10:27:18-0700] 5G booster finished at 2024-11-03 10:27:18.896 MST, duration: 6.148 s
[2024-11-03T10:27:18-0700] -------------------------------
[2024-11-03T10:27:18-0700] Waiting for 2 s...
[2024-11-03T10:27:20-0700] -------------------------------
[2024-11-03T10:27:21-0700] ICMP Ping test started at 2024-11-03 10:27:21.008 MST
[2024-11-03T10:27:51-0700] Waiting for .855 s to reach end time
[2024-11-03T10:27:52-0700] Saved ping test to /data/data/com.termux/files/home/storage/shared/bos_la_2024_trip/verizon/20241103/102257882/icmp_ping_102721045.out
[2024-11-03T10:27:52-0700] Ping summary (min/avg/max/mdev) = 38.420/47.982/59.148/4.440 ms
[2024-11-03T10:27:52-0700] Ping test finished at 2024-11-03 10:27:52.118 MST, duration: 31.110 s
[2024-11-03T10:27:52-0700] -------------------------------
[2024-11-03T10:27:52-0700] Waiting for 2 s...
[2024-11-03T10:27:54-0700] -------------------------------
[2024-11-03T10:27:54-0700] Starting 5G booster for 5 s...
[2024-11-03T10:27:54-0700] 5G booster started at 2024-11-03 10:27:54.244 MST
[2024-11-03T10:28:00-0700] Current time exceeds end time, skipping wait
[2024-11-03T10:28:00-0700] Saved TCP DL results to /data/data/com.termux/files/home/storage/shared/bos_la_2024_trip/verizon/20241103/102257882/tcp_downlink_102754285.out
[2024-11-03T10:28:00-0700] DL AVG TPUT: 
[2024-11-03T10:28:00-0700] 5G booster finished at 2024-11-03 10:28:00.391 MST, duration: 6.147 s
[2024-11-03T10:28:00-0700] -------------------------------
[2024-11-03T10:28:00-0700] Waiting for 2 s...
[2024-11-03T10:28:02-0700] -------------------------------
[2024-11-03T10:28:02-0700] TCP Ping test started at 2024-11-03 10:28:02.511 MST
[2024-11-03T10:28:33-0700] Current time exceeds end time, skipping wait
[2024-11-03T10:28:33-0700] Saved TCP Ping test to /data/data/com.termux/files/home/storage/shared/bos_la_2024_trip/verizon/20241103/102257882/tcp_ping_102802586.out
[2024-11-03T10:28:33-0700] TCP Ping summary (min/avg/max/mdev) 
[2024-11-03T10:28:33-0700] TCP Ping test finished at 2024-11-03 10:28:33.713 MST, duration: 31.202 s
[2024-11-03T10:28:33-0700] -------------------------------
[2024-11-03T10:28:33-0700] Waiting for 2 s...
[2024-11-03T10:28:35-0700] -------------------------------
[2024-11-03T10:28:35-0700] Traceroute test started at 2024-11-03 10:28:35.835 MST
[2024-11-03T10:28:37-0700] Waiting for 28.537 s to reach end time
[2024-11-03T10:29:05-0700] Saved traceroute test to /data/data/com.termux/files/home/storage/shared/bos_la_2024_trip/verizon/20241103/102257882/traceroute_102835874.out
[2024-11-03T10:29:05-0700] Traceroute summary (min/avg/max/mdev) 
[2024-11-03T10:29:06-0700] Traceroute test finished at 2024-11-03 10:29:05.960 MST, duration: 30.125 s
[2024-11-03T10:29:06-0700] -------------------------------
[2024-11-03T10:29:06-0700] All tests completed, cleaning up...
[2024-11-03T10:29:06-0700] -------------------------------
[2024-11-03T10:29:52-0700] [measurement] Load environment variables from prod.env file
[2024-11-03T10:29:52-0700] [measurement] Load operator-specific env from verizon.env file
[2024-11-03T10:29:52-0700] Starting a network measurement, please choose a server
[2024-11-03T10:29:52-0700] 0) West Cloud: 54.176.53.206
[2024-11-03T10:29:52-0700] 1) East Cloud: 54.197.223.49
[2024-11-03T10:29:52-0700] 2) Los Angeles Wavelength: 161.188.33.234
[2024-11-03T10:29:52-0700] 3) Las Vegas Wavelength: 155.146.118.158
[2024-11-03T10:29:52-0700] 4) Denver Wavelength: 155.146.144.24
[2024-11-03T10:29:52-0700] 5) Chicago Wavelength: 155.146.180.31
[2024-11-03T10:29:52-0700] 6) Boston Wavelength: 155.146.11.34
[2024-11-03T10:29:57-0700] Enter your choice (0-6): Testing verizon, server 0 (ip: 54.176.53.206, nuttcp_port: 5101, iperf_port: 5001)
[2024-11-03T10:29:57-0700] -------------------------------
[2024-11-03T10:29:57-0700] tcp downlink test started at 2024-11-03 10:29:57.582 MST
[2024-11-03T10:29:57-0700] Testing tcp downlink with 54.176.53.206:5101, interval 0.5 s, duration 120 s, timeout 121 s...
[2024-11-03T10:31:58-0700] Current time exceeds end time, skipping wait
[2024-11-03T10:31:58-0700] Saved tcp downlink test to /data/data/com.termux/files/home/storage/shared/bos_la_2024_trip/verizon/20241103/102957565/tcp_downlink_102957608.out
[2024-11-03T10:31:58-0700] DL AVG TPUT: 
[2024-11-03T10:31:58-0700] tcp downlink test finished at 2024-11-03 10:31:58.705 MST, duration: 121.123 s
[2024-11-03T10:31:58-0700] -------------------------------
[2024-11-03T10:31:58-0700] Waiting for 2 s...
[2024-11-03T10:32:00-0700] -------------------------------
[2024-11-03T10:32:00-0700] Starting 5G booster for 5 s...
[2024-11-03T10:32:00-0700] 5G booster started at 2024-11-03 10:32:00.806 MST
[2024-11-03T10:32:00-0700] server aborted connection
[2024-11-03T10:32:01-0700] Waiting for 5.804 s to reach end time
[2024-11-03T10:32:06-0700] Saved TCP DL results to /data/data/com.termux/files/home/storage/shared/bos_la_2024_trip/verizon/20241103/102957565/tcp_downlink_103200845.out
[2024-11-03T10:32:06-0700] [CAUTION] EMPTY LOG!
[2024-11-03T10:32:07-0700] 5G booster finished at 2024-11-03 10:32:06.888 MST, duration: 6.082 s
[2024-11-03T10:32:07-0700] -------------------------------
[2024-11-03T10:32:07-0700] Waiting for 2 s...
[2024-11-03T10:32:09-0700] -------------------------------
[2024-11-03T10:32:09-0700] tcp uplink test started at 2024-11-03 10:32:09.047 MST
[2024-11-03T10:32:09-0700] testing tcp uplink with 54.176.53.206:5101, interval 0.5, duration 120, timeout 121 ...
[2024-11-03T10:34:10-0700] Current time exceeds end time, skipping wait
[2024-11-03T10:34:10-0700] Saved uplink test to /data/data/com.termux/files/home/storage/shared/bos_la_2024_trip/verizon/20241103/102957565/tcp_uplink_103209102.out
[2024-11-03T10:34:10-0700] UL AVG TPUT: 
[2024-11-03T10:34:10-0700] tcp uplink test finished at 2024-11-03 10:34:10.191 MST, duration: 121.144 s
[2024-11-03T10:34:10-0700] -------------------------------
[2024-11-03T10:34:10-0700] Waiting for 2 s...
[2024-11-03T10:34:12-0700] -------------------------------
[2024-11-03T10:34:12-0700] Starting 5G booster for 5 s...
[2024-11-03T10:34:12-0700] 5G booster started at 2024-11-03 10:34:12.338 MST
[2024-11-03T10:34:18-0700] Current time exceeds end time, skipping wait
[2024-11-03T10:34:18-0700] Saved TCP DL results to /data/data/com.termux/files/home/storage/shared/bos_la_2024_trip/verizon/20241103/102957565/tcp_downlink_103412383.out
[2024-11-03T10:34:18-0700] DL AVG TPUT: 
[2024-11-03T10:34:18-0700] 5G booster finished at 2024-11-03 10:34:18.481 MST, duration: 6.143 s
[2024-11-03T10:34:18-0700] -------------------------------
[2024-11-03T10:34:18-0700] Waiting for 2 s...
[2024-11-03T10:34:20-0700] -------------------------------
[2024-11-03T10:34:20-0700] ICMP Ping test started at 2024-11-03 10:34:20.596 MST
[2024-11-03T10:34:50-0700] Waiting for .859 s to reach end time
[2024-11-03T10:34:51-0700] Saved ping test to /data/data/com.termux/files/home/storage/shared/bos_la_2024_trip/verizon/20241103/102957565/icmp_ping_103420637.out
[2024-11-03T10:34:51-0700] Ping summary (min/avg/max/mdev) = 48.390/61.740/85.917/5.442 ms
[2024-11-03T10:34:51-0700] Ping test finished at 2024-11-03 10:34:51.698 MST, duration: 31.102 s
[2024-11-03T10:34:51-0700] -------------------------------
[2024-11-03T10:34:51-0700] Waiting for 2 s...
[2024-11-03T10:34:53-0700] -------------------------------
[2024-11-03T10:34:53-0700] Starting 5G booster for 5 s...
[2024-11-03T10:34:53-0700] 5G booster started at 2024-11-03 10:34:53.815 MST
[2024-11-03T10:34:59-0700] Current time exceeds end time, skipping wait
[2024-11-03T10:34:59-0700] Saved TCP DL results to /data/data/com.termux/files/home/storage/shared/bos_la_2024_trip/verizon/20241103/102957565/tcp_downlink_103453848.out
[2024-11-03T10:34:59-0700] DL AVG TPUT: 
[2024-11-03T10:35:00-0700] 5G booster finished at 2024-11-03 10:34:59.929 MST, duration: 6.114 s
[2024-11-03T10:35:00-0700] -------------------------------
[2024-11-03T10:35:00-0700] Waiting for 2 s...
[2024-11-03T10:35:02-0700] -------------------------------
[2024-11-03T10:35:02-0700] TCP Ping test started at 2024-11-03 10:35:02.030 MST
[2024-11-03T10:35:33-0700] Current time exceeds end time, skipping wait
[2024-11-03T10:35:33-0700] Saved TCP Ping test to /data/data/com.termux/files/home/storage/shared/bos_la_2024_trip/verizon/20241103/102957565/tcp_ping_103502061.out
[2024-11-03T10:35:33-0700] TCP Ping summary (min/avg/max/mdev) 
[2024-11-03T10:35:33-0700] TCP Ping test finished at 2024-11-03 10:35:33.201 MST, duration: 31.171 s
[2024-11-03T10:35:33-0700] -------------------------------
[2024-11-03T10:35:33-0700] Waiting for 2 s...
[2024-11-03T10:35:35-0700] -------------------------------
[2024-11-03T10:35:35-0700] Traceroute test started at 2024-11-03 10:35:35.344 MST
[2024-11-03T10:35:37-0700] Waiting for 28.327 s to reach end time
[2024-11-03T10:36:05-0700] Saved traceroute test to /data/data/com.termux/files/home/storage/shared/bos_la_2024_trip/verizon/20241103/102957565/traceroute_103535376.out
[2024-11-03T10:36:05-0700] Traceroute summary (min/avg/max/mdev) 
[2024-11-03T10:36:05-0700] Traceroute test finished at 2024-11-03 10:36:05.431 MST, duration: 30.087 s
[2024-11-03T10:36:05-0700] -------------------------------
[2024-11-03T10:36:05-0700] All tests completed, cleaning up...
[2024-11-03T10:36:05-0700] -------------------------------
[2024-11-03T10:37:05-0700] [measurement] Load environment variables from prod.env file
[2024-11-03T10:37:05-0700] [measurement] Load operator-specific env from verizon.env file
[2024-11-03T10:37:05-0700] Starting a network measurement, please choose a server
[2024-11-03T10:37:05-0700] 0) West Cloud: 54.176.53.206
[2024-11-03T10:37:05-0700] 1) East Cloud: 54.197.223.49
[2024-11-03T10:37:05-0700] 2) Los Angeles Wavelength: 161.188.33.234
[2024-11-03T10:37:05-0700] 3) Las Vegas Wavelength: 155.146.118.158
[2024-11-03T10:37:05-0700] 4) Denver Wavelength: 155.146.144.24
[2024-11-03T10:37:05-0700] 5) Chicago Wavelength: 155.146.180.31
[2024-11-03T10:37:05-0700] 6) Boston Wavelength: 155.146.11.34
[2024-11-03T10:37:20-0700] Enter your choice (0-6): Testing verizon, server 0 (ip: 54.176.53.206, nuttcp_port: 5101, iperf_port: 5001)
[2024-11-03T10:37:20-0700] -------------------------------
[2024-11-03T10:37:20-0700] tcp downlink test started at 2024-11-03 10:37:20.933 MST
[2024-11-03T10:37:20-0700] Testing tcp downlink with 54.176.53.206:5101, interval 0.5 s, duration 120 s, timeout 121 s...
[2024-11-03T10:39:22-0700] Current time exceeds end time, skipping wait
[2024-11-03T10:39:22-0700] Saved tcp downlink test to /data/data/com.termux/files/home/storage/shared/bos_la_2024_trip/verizon/20241103/103720906/tcp_downlink_103720962.out
[2024-11-03T10:39:22-0700] DL AVG TPUT: 
[2024-11-03T10:39:22-0700] tcp downlink test finished at 2024-11-03 10:39:22.077 MST, duration: 121.144 s
[2024-11-03T10:39:22-0700] -------------------------------
[2024-11-03T10:39:22-0700] Waiting for 2 s...
[2024-11-03T10:39:24-0700] -------------------------------
[2024-11-03T10:39:24-0700] Starting 5G booster for 5 s...
[2024-11-03T10:39:24-0700] 5G booster started at 2024-11-03 10:39:24.208 MST
[2024-11-03T10:39:30-0700] Current time exceeds end time, skipping wait
[2024-11-03T10:39:30-0700] Saved TCP DL results to /data/data/com.termux/files/home/storage/shared/bos_la_2024_trip/verizon/20241103/103720906/tcp_downlink_103924235.out
[2024-11-03T10:39:30-0700] DL AVG TPUT: 
[2024-11-03T10:39:30-0700] 5G booster finished at 2024-11-03 10:39:30.342 MST, duration: 6.134 s
[2024-11-03T10:39:30-0700] -------------------------------
[2024-11-03T10:39:30-0700] Waiting for 2 s...
[2024-11-03T10:39:32-0700] -------------------------------
[2024-11-03T10:39:32-0700] tcp uplink test started at 2024-11-03 10:39:32.473 MST
[2024-11-03T10:39:32-0700] testing tcp uplink with 54.176.53.206:5101, interval 0.5, duration 120, timeout 121 ...
[2024-11-03T10:41:33-0700] Current time exceeds end time, skipping wait
[2024-11-03T10:41:33-0700] Saved uplink test to /data/data/com.termux/files/home/storage/shared/bos_la_2024_trip/verizon/20241103/103720906/tcp_uplink_103932526.out
[2024-11-03T10:41:33-0700] UL AVG TPUT: 
[2024-11-03T10:41:33-0700] tcp uplink test finished at 2024-11-03 10:41:33.623 MST, duration: 121.150 s
[2024-11-03T10:41:33-0700] -------------------------------
[2024-11-03T10:41:33-0700] Waiting for 2 s...
[2024-11-03T10:41:35-0700] -------------------------------
[2024-11-03T10:41:35-0700] Starting 5G booster for 5 s...
[2024-11-03T10:41:35-0700] 5G booster started at 2024-11-03 10:41:35.784 MST
[2024-11-03T10:41:41-0700] Current time exceeds end time, skipping wait
[2024-11-03T10:41:41-0700] Saved TCP DL results to /data/data/com.termux/files/home/storage/shared/bos_la_2024_trip/verizon/20241103/103720906/tcp_downlink_104135842.out
[2024-11-03T10:41:41-0700] DL AVG TPUT: 
[2024-11-03T10:41:42-0700] 5G booster finished at 2024-11-03 10:41:41.945 MST, duration: 6.161 s
[2024-11-03T10:41:42-0700] -------------------------------
[2024-11-03T10:41:42-0700] Waiting for 2 s...
[2024-11-03T10:41:44-0700] -------------------------------
[2024-11-03T10:41:44-0700] ICMP Ping test started at 2024-11-03 10:41:44.064 MST
[2024-11-03T10:42:14-0700] Waiting for .855 s to reach end time
[2024-11-03T10:42:15-0700] Saved ping test to /data/data/com.termux/files/home/storage/shared/bos_la_2024_trip/verizon/20241103/103720906/icmp_ping_104144104.out
[2024-11-03T10:42:15-0700] Ping summary (min/avg/max/mdev) = 46.210/59.106/147.615/11.790 ms
[2024-11-03T10:42:15-0700] Ping test finished at 2024-11-03 10:42:15.183 MST, duration: 31.119 s
[2024-11-03T10:42:15-0700] -------------------------------
[2024-11-03T10:42:15-0700] Waiting for 2 s...
[2024-11-03T10:42:17-0700] -------------------------------
[2024-11-03T10:42:17-0700] Starting 5G booster for 5 s...
[2024-11-03T10:42:17-0700] 5G booster started at 2024-11-03 10:42:17.329 MST
[2024-11-03T10:42:23-0700] Current time exceeds end time, skipping wait
[2024-11-03T10:42:23-0700] Saved TCP DL results to /data/data/com.termux/files/home/storage/shared/bos_la_2024_trip/verizon/20241103/103720906/tcp_downlink_104217359.out
[2024-11-03T10:42:23-0700] DL AVG TPUT: 
[2024-11-03T10:42:23-0700] 5G booster finished at 2024-11-03 10:42:23.462 MST, duration: 6.133 s
[2024-11-03T10:42:23-0700] -------------------------------
[2024-11-03T10:42:23-0700] Waiting for 2 s...
[2024-11-03T10:42:25-0700] -------------------------------
[2024-11-03T10:42:25-0700] TCP Ping test started at 2024-11-03 10:42:25.612 MST
[2024-11-03T10:42:56-0700] Current time exceeds end time, skipping wait
[2024-11-03T10:42:56-0700] Saved TCP Ping test to /data/data/com.termux/files/home/storage/shared/bos_la_2024_trip/verizon/20241103/103720906/tcp_ping_104225643.out
[2024-11-03T10:42:56-0700] TCP Ping summary (min/avg/max/mdev) 
[2024-11-03T10:42:56-0700] TCP Ping test finished at 2024-11-03 10:42:56.786 MST, duration: 31.174 s
[2024-11-03T10:42:56-0700] -------------------------------
[2024-11-03T10:42:56-0700] Waiting for 2 s...
[2024-11-03T10:42:58-0700] -------------------------------
[2024-11-03T10:42:58-0700] Traceroute test started at 2024-11-03 10:42:58.928 MST
[2024-11-03T10:43:00-0700] Waiting for 28.362 s to reach end time
[2024-11-03T10:43:29-0700] Saved traceroute test to /data/data/com.termux/files/home/storage/shared/bos_la_2024_trip/verizon/20241103/103720906/traceroute_104258965.out
[2024-11-03T10:43:29-0700] Traceroute summary (min/avg/max/mdev) 
[2024-11-03T10:43:29-0700] Traceroute test finished at 2024-11-03 10:43:29.006 MST, duration: 30.078 s
[2024-11-03T10:43:29-0700] -------------------------------
[2024-11-03T10:43:29-0700] All tests completed, cleaning up...
[2024-11-03T10:43:29-0700] -------------------------------
[2024-11-03T10:45:48-0700] [measurement] Load environment variables from prod.env file
[2024-11-03T10:45:48-0700] [measurement] Load operator-specific env from verizon.env file
[2024-11-03T10:45:48-0700] Starting a network measurement, please choose a server
[2024-11-03T10:45:48-0700] 0) West Cloud: 54.176.53.206
[2024-11-03T10:45:48-0700] 1) East Cloud: 54.197.223.49
[2024-11-03T10:45:48-0700] 2) Los Angeles Wavelength: 161.188.33.234
[2024-11-03T10:45:48-0700] 3) Las Vegas Wavelength: 155.146.118.158
[2024-11-03T10:45:48-0700] 4) Denver Wavelength: 155.146.144.24
[2024-11-03T10:45:48-0700] 5) Chicago Wavelength: 155.146.180.31
[2024-11-03T10:45:48-0700] 6) Boston Wavelength: 155.146.11.34
[2024-11-03T10:45:55-0700] Enter your choice (0-6): Testing verizon, server 0 (ip: 54.176.53.206, nuttcp_port: 5101, iperf_port: 5001)
[2024-11-03T10:45:55-0700] -------------------------------
[2024-11-03T10:45:55-0700] tcp downlink test started at 2024-11-03 10:45:55.839 MST
[2024-11-03T10:45:55-0700] Testing tcp downlink with 54.176.53.206:5101, interval 0.5 s, duration 120 s, timeout 121 s...
[2024-11-03T10:47:56-0700] Current time exceeds end time, skipping wait
[2024-11-03T10:47:56-0700] Saved tcp downlink test to /data/data/com.termux/files/home/storage/shared/bos_la_2024_trip/verizon/20241103/104555819/tcp_downlink_104555863.out
[2024-11-03T10:47:57-0700] DL AVG TPUT: 
[2024-11-03T10:47:57-0700] tcp downlink test finished at 2024-11-03 10:47:56.973 MST, duration: 121.134 s
[2024-11-03T10:47:57-0700] -------------------------------
[2024-11-03T10:47:57-0700] Waiting for 2 s...
[2024-11-03T10:47:59-0700] -------------------------------
[2024-11-03T10:47:59-0700] Starting 5G booster for 5 s...
[2024-11-03T10:47:59-0700] 5G booster started at 2024-11-03 10:47:59.089 MST
[2024-11-03T10:48:05-0700] Current time exceeds end time, skipping wait
[2024-11-03T10:48:05-0700] Saved TCP DL results to /data/data/com.termux/files/home/storage/shared/bos_la_2024_trip/verizon/20241103/104555819/tcp_downlink_104759115.out
[2024-11-03T10:48:05-0700] DL AVG TPUT: 
[2024-11-03T10:48:05-0700] 5G booster finished at 2024-11-03 10:48:05.213 MST, duration: 6.124 s
[2024-11-03T10:48:05-0700] -------------------------------
[2024-11-03T10:48:05-0700] Waiting for 2 s...
[2024-11-03T10:48:07-0700] -------------------------------
[2024-11-03T10:48:07-0700] tcp uplink test started at 2024-11-03 10:48:07.311 MST
[2024-11-03T10:48:07-0700] testing tcp uplink with 54.176.53.206:5101, interval 0.5, duration 120, timeout 121 ...
[2024-11-03T10:50:08-0700] Current time exceeds end time, skipping wait
[2024-11-03T10:50:08-0700] Saved uplink test to /data/data/com.termux/files/home/storage/shared/bos_la_2024_trip/verizon/20241103/104555819/tcp_uplink_104807338.out
[2024-11-03T10:50:08-0700] UL AVG TPUT: 
[2024-11-03T10:50:08-0700] tcp uplink test finished at 2024-11-03 10:50:08.433 MST, duration: 121.122 s
[2024-11-03T10:50:08-0700] -------------------------------
[2024-11-03T10:50:08-0700] Waiting for 2 s...
[2024-11-03T10:50:10-0700] -------------------------------
[2024-11-03T10:50:10-0700] Starting 5G booster for 5 s...
[2024-11-03T10:50:10-0700] 5G booster started at 2024-11-03 10:50:10.571 MST
[2024-11-03T10:50:16-0700] Current time exceeds end time, skipping wait
[2024-11-03T10:50:16-0700] Saved TCP DL results to /data/data/com.termux/files/home/storage/shared/bos_la_2024_trip/verizon/20241103/104555819/tcp_downlink_105010606.out
[2024-11-03T10:50:16-0700] DL AVG TPUT: 
[2024-11-03T10:50:16-0700] 5G booster finished at 2024-11-03 10:50:16.686 MST, duration: 6.115 s
[2024-11-03T10:50:16-0700] -------------------------------
[2024-11-03T10:50:16-0700] Waiting for 2 s...
[2024-11-03T10:50:18-0700] -------------------------------
[2024-11-03T10:50:18-0700] ICMP Ping test started at 2024-11-03 10:50:18.838 MST
[2024-11-03T10:50:49-0700] Waiting for .869 s to reach end time
[2024-11-03T10:50:49-0700] Saved ping test to /data/data/com.termux/files/home/storage/shared/bos_la_2024_trip/verizon/20241103/104555819/icmp_ping_105018892.out
[2024-11-03T10:50:49-0700] Ping summary (min/avg/max/mdev) = 55.498/84.479/486.829/46.599 ms
[2024-11-03T10:50:49-0700] Ping test finished at 2024-11-03 10:50:49.920 MST, duration: 31.082 s
[2024-11-03T10:50:49-0700] -------------------------------
[2024-11-03T10:50:49-0700] Waiting for 2 s...
[2024-11-03T10:50:52-0700] -------------------------------
[2024-11-03T10:50:52-0700] Starting 5G booster for 5 s...
[2024-11-03T10:50:52-0700] 5G booster started at 2024-11-03 10:50:52.032 MST
[2024-11-03T10:50:58-0700] Current time exceeds end time, skipping wait
[2024-11-03T10:50:58-0700] Saved TCP DL results to /data/data/com.termux/files/home/storage/shared/bos_la_2024_trip/verizon/20241103/104555819/tcp_downlink_105052058.out
[2024-11-03T10:50:58-0700] DL AVG TPUT: 
[2024-11-03T10:50:58-0700] 5G booster finished at 2024-11-03 10:50:58.143 MST, duration: 6.111 s
[2024-11-03T10:50:58-0700] -------------------------------
[2024-11-03T10:50:58-0700] Waiting for 2 s...
[2024-11-03T10:51:00-0700] -------------------------------
[2024-11-03T10:51:00-0700] TCP Ping test started at 2024-11-03 10:51:00.293 MST
[2024-11-03T10:51:31-0700] Current time exceeds end time, skipping wait
[2024-11-03T10:51:31-0700] Saved TCP Ping test to /data/data/com.termux/files/home/storage/shared/bos_la_2024_trip/verizon/20241103/104555819/tcp_ping_105100344.out
[2024-11-03T10:51:31-0700] TCP Ping summary (min/avg/max/mdev) 
[2024-11-03T10:51:31-0700] TCP Ping test finished at 2024-11-03 10:51:31.464 MST, duration: 31.171 s
[2024-11-03T10:51:31-0700] -------------------------------
[2024-11-03T10:51:31-0700] Waiting for 2 s...
[2024-11-03T10:51:33-0700] -------------------------------
[2024-11-03T10:51:33-0700] Traceroute test started at 2024-11-03 10:51:33.593 MST
[2024-11-03T10:51:36-0700] Waiting for 27.574 s to reach end time
[2024-11-03T10:52:03-0700] Saved traceroute test to /data/data/com.termux/files/home/storage/shared/bos_la_2024_trip/verizon/20241103/104555819/traceroute_105133644.out
[2024-11-03T10:52:03-0700] Traceroute summary (min/avg/max/mdev) 
[2024-11-03T10:52:03-0700] Traceroute test finished at 2024-11-03 10:52:03.668 MST, duration: 30.075 s
[2024-11-03T10:52:03-0700] -------------------------------
[2024-11-03T10:52:03-0700] All tests completed, cleaning up...
[2024-11-03T10:52:03-0700] -------------------------------
[2024-11-03T10:52:40-0700] [measurement] Load environment variables from prod.env file
[2024-11-03T10:52:40-0700] [measurement] Load operator-specific env from verizon.env file
[2024-11-03T10:52:40-0700] Starting a network measurement, please choose a server
[2024-11-03T10:52:40-0700] 0) West Cloud: 54.176.53.206
[2024-11-03T10:52:40-0700] 1) East Cloud: 54.197.223.49
[2024-11-03T10:52:40-0700] 2) Los Angeles Wavelength: 161.188.33.234
[2024-11-03T10:52:40-0700] 3) Las Vegas Wavelength: 155.146.118.158
[2024-11-03T10:52:40-0700] 4) Denver Wavelength: 155.146.144.24
[2024-11-03T10:52:40-0700] 5) Chicago Wavelength: 155.146.180.31
[2024-11-03T10:52:40-0700] 6) Boston Wavelength: 155.146.11.34
[2024-11-03T10:52:58-0700] Enter your choice (0-6): Testing verizon, server 0 (ip: 54.176.53.206, nuttcp_port: 5101, iperf_port: 5001)
[2024-11-03T10:52:58-0700] -------------------------------
[2024-11-03T10:52:58-0700] tcp downlink test started at 2024-11-03 10:52:58.406 MST
[2024-11-03T10:52:58-0700] Testing tcp downlink with 54.176.53.206:5101, interval 0.5 s, duration 120 s, timeout 121 s...
[2024-11-03T10:54:59-0700] Current time exceeds end time, skipping wait
[2024-11-03T10:54:59-0700] Saved tcp downlink test to /data/data/com.termux/files/home/storage/shared/bos_la_2024_trip/verizon/20241103/105258385/tcp_downlink_105258455.out
[2024-11-03T10:54:59-0700] DL AVG TPUT: 
[2024-11-03T10:54:59-0700] tcp downlink test finished at 2024-11-03 10:54:59.531 MST, duration: 121.125 s
[2024-11-03T10:54:59-0700] -------------------------------
[2024-11-03T10:54:59-0700] Waiting for 2 s...
[2024-11-03T10:55:01-0700] -------------------------------
[2024-11-03T10:55:01-0700] Starting 5G booster for 5 s...
[2024-11-03T10:55:01-0700] 5G booster started at 2024-11-03 10:55:01.640 MST
[2024-11-03T10:55:07-0700] Current time exceeds end time, skipping wait
[2024-11-03T10:55:07-0700] Saved TCP DL results to /data/data/com.termux/files/home/storage/shared/bos_la_2024_trip/verizon/20241103/105258385/tcp_downlink_105501668.out
[2024-11-03T10:55:07-0700] DL AVG TPUT: 
[2024-11-03T10:55:07-0700] 5G booster finished at 2024-11-03 10:55:07.789 MST, duration: 6.149 s
[2024-11-03T10:55:07-0700] -------------------------------
[2024-11-03T10:55:07-0700] Waiting for 2 s...
[2024-11-03T10:55:09-0700] -------------------------------
[2024-11-03T10:55:09-0700] tcp uplink test started at 2024-11-03 10:55:09.888 MST
[2024-11-03T10:55:09-0700] testing tcp uplink with 54.176.53.206:5101, interval 0.5, duration 120, timeout 121 ...
[2024-11-03T10:57:11-0700] Current time exceeds end time, skipping wait
[2024-11-03T10:57:11-0700] Saved uplink test to /data/data/com.termux/files/home/storage/shared/bos_la_2024_trip/verizon/20241103/105258385/tcp_uplink_105509938.out
[2024-11-03T10:57:11-0700] UL AVG TPUT: 
[2024-11-03T10:57:11-0700] tcp uplink test finished at 2024-11-03 10:57:11.059 MST, duration: 121.171 s
[2024-11-03T10:57:11-0700] -------------------------------
[2024-11-03T10:57:11-0700] Waiting for 2 s...
[2024-11-03T10:57:13-0700] -------------------------------
[2024-11-03T10:57:13-0700] Starting 5G booster for 5 s...
[2024-11-03T10:57:13-0700] 5G booster started at 2024-11-03 10:57:13.194 MST
[2024-11-03T10:57:19-0700] Current time exceeds end time, skipping wait
[2024-11-03T10:57:19-0700] Saved TCP DL results to /data/data/com.termux/files/home/storage/shared/bos_la_2024_trip/verizon/20241103/105258385/tcp_downlink_105713239.out
[2024-11-03T10:57:19-0700] DL AVG TPUT: 
[2024-11-03T10:57:19-0700] 5G booster finished at 2024-11-03 10:57:19.347 MST, duration: 6.153 s
[2024-11-03T10:57:19-0700] -------------------------------
[2024-11-03T10:57:19-0700] Waiting for 2 s...
[2024-11-03T10:57:21-0700] -------------------------------
[2024-11-03T10:57:21-0700] ICMP Ping test started at 2024-11-03 10:57:21.465 MST
[2024-11-03T10:57:51-0700] Waiting for .863 s to reach end time
[2024-11-03T10:57:52-0700] Saved ping test to /data/data/com.termux/files/home/storage/shared/bos_la_2024_trip/verizon/20241103/105258385/icmp_ping_105721506.out
[2024-11-03T10:57:52-0700] Ping summary (min/avg/max/mdev) = 49.818/61.803/226.705/15.009 ms
[2024-11-03T10:57:52-0700] Ping test finished at 2024-11-03 10:57:52.616 MST, duration: 31.151 s
[2024-11-03T10:57:52-0700] -------------------------------
[2024-11-03T10:57:52-0700] Waiting for 2 s...
[2024-11-03T10:57:54-0700] -------------------------------
[2024-11-03T10:57:54-0700] Starting 5G booster for 5 s...
[2024-11-03T10:57:54-0700] 5G booster started at 2024-11-03 10:57:54.763 MST
[2024-11-03T10:58:00-0700] Current time exceeds end time, skipping wait
[2024-11-03T10:58:00-0700] Saved TCP DL results to /data/data/com.termux/files/home/storage/shared/bos_la_2024_trip/verizon/20241103/105258385/tcp_downlink_105754803.out
[2024-11-03T10:58:00-0700] DL AVG TPUT: 
[2024-11-03T10:58:01-0700] 5G booster finished at 2024-11-03 10:58:00.914 MST, duration: 6.151 s
[2024-11-03T10:58:01-0700] -------------------------------
[2024-11-03T10:58:01-0700] Waiting for 2 s...
[2024-11-03T10:58:03-0700] -------------------------------
[2024-11-03T10:58:03-0700] TCP Ping test started at 2024-11-03 10:58:03.029 MST
[2024-11-03T10:58:34-0700] Current time exceeds end time, skipping wait
[2024-11-03T10:58:34-0700] Saved TCP Ping test to /data/data/com.termux/files/home/storage/shared/bos_la_2024_trip/verizon/20241103/105258385/tcp_ping_105803057.out
[2024-11-03T10:58:34-0700] TCP Ping summary (min/avg/max/mdev) 
[2024-11-03T10:58:34-0700] TCP Ping test finished at 2024-11-03 10:58:34.158 MST, duration: 31.129 s
[2024-11-03T10:58:34-0700] -------------------------------
[2024-11-03T10:58:34-0700] Waiting for 2 s...
[2024-11-03T10:58:36-0700] -------------------------------
[2024-11-03T10:58:36-0700] Traceroute test started at 2024-11-03 10:58:36.240 MST
[2024-11-03T10:58:37-0700] Waiting for 28.440 s to reach end time
[2024-11-03T10:59:06-0700] Saved traceroute test to /data/data/com.termux/files/home/storage/shared/bos_la_2024_trip/verizon/20241103/105258385/traceroute_105836265.out
[2024-11-03T10:59:06-0700] Traceroute summary (min/avg/max/mdev) 
[2024-11-03T10:59:06-0700] Traceroute test finished at 2024-11-03 10:59:06.325 MST, duration: 30.085 s
[2024-11-03T10:59:06-0700] -------------------------------
[2024-11-03T10:59:06-0700] All tests completed, cleaning up...
[2024-11-03T10:59:06-0700] -------------------------------
[2024-11-03T10:59:37-0700] [measurement] Load environment variables from prod.env file
[2024-11-03T10:59:37-0700] [measurement] Load operator-specific env from verizon.env file
[2024-11-03T10:59:37-0700] Starting a network measurement, please choose a server
[2024-11-03T10:59:37-0700] 0) West Cloud: 54.176.53.206
[2024-11-03T10:59:37-0700] 1) East Cloud: 54.197.223.49
[2024-11-03T10:59:37-0700] 2) Los Angeles Wavelength: 161.188.33.234
[2024-11-03T10:59:37-0700] 3) Las Vegas Wavelength: 155.146.118.158
[2024-11-03T10:59:37-0700] 4) Denver Wavelength: 155.146.144.24
[2024-11-03T10:59:37-0700] 5) Chicago Wavelength: 155.146.180.31
[2024-11-03T10:59:37-0700] 6) Boston Wavelength: 155.146.11.34
[2024-11-03T10:59:56-0700] Enter your choice (0-6): Testing verizon, server 0 (ip: 54.176.53.206, nuttcp_port: 5101, iperf_port: 5001)
[2024-11-03T10:59:56-0700] -------------------------------
[2024-11-03T10:59:56-0700] tcp downlink test started at 2024-11-03 10:59:56.265 MST
[2024-11-03T10:59:56-0700] Testing tcp downlink with 54.176.53.206:5101, interval 0.5 s, duration 120 s, timeout 121 s...
[2024-11-03T11:01:57-0700] Current time exceeds end time, skipping wait
[2024-11-03T11:01:57-0700] Saved tcp downlink test to /data/data/com.termux/files/home/storage/shared/bos_la_2024_trip/verizon/20241103/105956243/tcp_downlink_105956290.out
[2024-11-03T11:01:57-0700] DL AVG TPUT: 
[2024-11-03T11:01:57-0700] tcp downlink test finished at 2024-11-03 11:01:57.378 MST, duration: 121.113 s
[2024-11-03T11:01:57-0700] -------------------------------
[2024-11-03T11:01:57-0700] Waiting for 2 s...
[2024-11-03T11:01:59-0700] -------------------------------
[2024-11-03T11:01:59-0700] Starting 5G booster for 5 s...
[2024-11-03T11:01:59-0700] 5G booster started at 2024-11-03 11:01:59.520 MST
[2024-11-03T11:02:05-0700] Current time exceeds end time, skipping wait
[2024-11-03T11:02:05-0700] Saved TCP DL results to /data/data/com.termux/files/home/storage/shared/bos_la_2024_trip/verizon/20241103/105956243/tcp_downlink_110159569.out
[2024-11-03T11:02:05-0700] DL AVG TPUT: 
[2024-11-03T11:02:05-0700] 5G booster finished at 2024-11-03 11:02:05.650 MST, duration: 6.130 s
[2024-11-03T11:02:05-0700] -------------------------------
[2024-11-03T11:02:05-0700] Waiting for 2 s...
[2024-11-03T11:02:07-0700] -------------------------------
[2024-11-03T11:02:07-0700] tcp uplink test started at 2024-11-03 11:02:07.785 MST
[2024-11-03T11:02:07-0700] testing tcp uplink with 54.176.53.206:5101, interval 0.5, duration 120, timeout 121 ...
[2024-11-03T11:04:08-0700] Current time exceeds end time, skipping wait
[2024-11-03T11:04:08-0700] Saved uplink test to /data/data/com.termux/files/home/storage/shared/bos_la_2024_trip/verizon/20241103/105956243/tcp_uplink_110207816.out
[2024-11-03T11:04:08-0700] UL AVG TPUT: 
[2024-11-03T11:04:09-0700] tcp uplink test finished at 2024-11-03 11:04:08.924 MST, duration: 121.139 s
[2024-11-03T11:04:09-0700] -------------------------------
[2024-11-03T11:04:09-0700] Waiting for 2 s...
[2024-11-03T11:04:11-0700] -------------------------------
[2024-11-03T11:04:11-0700] Starting 5G booster for 5 s...
[2024-11-03T11:04:11-0700] 5G booster started at 2024-11-03 11:04:11.064 MST
[2024-11-03T11:04:17-0700] Current time exceeds end time, skipping wait
[2024-11-03T11:04:17-0700] Saved TCP DL results to /data/data/com.termux/files/home/storage/shared/bos_la_2024_trip/verizon/20241103/105956243/tcp_downlink_110411108.out
[2024-11-03T11:04:17-0700] DL AVG TPUT: 
[2024-11-03T11:04:17-0700] 5G booster finished at 2024-11-03 11:04:17.196 MST, duration: 6.132 s
[2024-11-03T11:04:17-0700] -------------------------------
[2024-11-03T11:04:17-0700] Waiting for 2 s...
[2024-11-03T11:04:19-0700] -------------------------------
[2024-11-03T11:04:19-0700] ICMP Ping test started at 2024-11-03 11:04:19.322 MST
[2024-11-03T11:04:49-0700] Waiting for .848 s to reach end time
[2024-11-03T11:04:50-0700] Saved ping test to /data/data/com.termux/files/home/storage/shared/bos_la_2024_trip/verizon/20241103/105956243/icmp_ping_110419365.out
[2024-11-03T11:04:50-0700] Ping summary (min/avg/max/mdev) = 54.444/90.585/984.468/106.248 ms
[2024-11-03T11:04:50-0700] Ping test finished at 2024-11-03 11:04:50.467 MST, duration: 31.145 s
[2024-11-03T11:04:50-0700] -------------------------------
[2024-11-03T11:04:50-0700] Waiting for 2 s...
[2024-11-03T11:04:52-0700] -------------------------------
[2024-11-03T11:04:52-0700] Starting 5G booster for 5 s...
[2024-11-03T11:04:52-0700] 5G booster started at 2024-11-03 11:04:52.588 MST
[2024-11-03T11:04:58-0700] Current time exceeds end time, skipping wait
[2024-11-03T11:04:58-0700] Saved TCP DL results to /data/data/com.termux/files/home/storage/shared/bos_la_2024_trip/verizon/20241103/105956243/tcp_downlink_110452626.out
[2024-11-03T11:04:58-0700] DL AVG TPUT: 
[2024-11-03T11:04:58-0700] 5G booster finished at 2024-11-03 11:04:58.717 MST, duration: 6.129 s
[2024-11-03T11:04:58-0700] -------------------------------
[2024-11-03T11:04:58-0700] Waiting for 2 s...
[2024-11-03T11:05:00-0700] -------------------------------
[2024-11-03T11:05:00-0700] TCP Ping test started at 2024-11-03 11:05:00.826 MST
[2024-11-03T11:05:31-0700] Current time exceeds end time, skipping wait
[2024-11-03T11:05:31-0700] Saved TCP Ping test to /data/data/com.termux/files/home/storage/shared/bos_la_2024_trip/verizon/20241103/105956243/tcp_ping_110500857.out
[2024-11-03T11:05:32-0700] TCP Ping summary (min/avg/max/mdev) 
[2024-11-03T11:05:32-0700] TCP Ping test finished at 2024-11-03 11:05:31.967 MST, duration: 31.141 s
[2024-11-03T11:05:32-0700] -------------------------------
[2024-11-03T11:05:32-0700] Waiting for 2 s...
[2024-11-03T11:05:34-0700] -------------------------------
[2024-11-03T11:05:34-0700] Traceroute test started at 2024-11-03 11:05:34.080 MST
[2024-11-03T11:05:36-0700] Waiting for 28.007 s to reach end time
[2024-11-03T11:06:04-0700] Saved traceroute test to /data/data/com.termux/files/home/storage/shared/bos_la_2024_trip/verizon/20241103/105956243/traceroute_110534132.out
[2024-11-03T11:06:04-0700] Traceroute summary (min/avg/max/mdev) 
[2024-11-03T11:06:04-0700] Traceroute test finished at 2024-11-03 11:06:04.176 MST, duration: 30.096 s
[2024-11-03T11:06:04-0700] -------------------------------
[2024-11-03T11:06:04-0700] All tests completed, cleaning up...
[2024-11-03T11:06:04-0700] -------------------------------
[2024-11-03T11:06:49-0700] [measurement] Load environment variables from prod.env file
[2024-11-03T11:06:49-0700] [measurement] Load operator-specific env from verizon.env file
[2024-11-03T11:06:49-0700] Starting a network measurement, please choose a server
[2024-11-03T11:06:49-0700] 0) West Cloud: 54.176.53.206
[2024-11-03T11:06:49-0700] 1) East Cloud: 54.197.223.49
[2024-11-03T11:06:49-0700] 2) Los Angeles Wavelength: 161.188.33.234
[2024-11-03T11:06:49-0700] 3) Las Vegas Wavelength: 155.146.118.158
[2024-11-03T11:06:49-0700] 4) Denver Wavelength: 155.146.144.24
[2024-11-03T11:06:49-0700] 5) Chicago Wavelength: 155.146.180.31
[2024-11-03T11:06:49-0700] 6) Boston Wavelength: 155.146.11.34
[2024-11-03T11:06:53-0700] Enter your choice (0-6): Testing verizon, server 0 (ip: 54.176.53.206, nuttcp_port: 5101, iperf_port: 5001)
[2024-11-03T11:06:53-0700] -------------------------------
[2024-11-03T11:06:53-0700] tcp downlink test started at 2024-11-03 11:06:53.164 MST
[2024-11-03T11:06:53-0700] Testing tcp downlink with 54.176.53.206:5101, interval 0.5 s, duration 120 s, timeout 121 s...
[2024-11-03T11:08:54-0700] Current time exceeds end time, skipping wait
[2024-11-03T11:08:54-0700] Saved tcp downlink test to /data/data/com.termux/files/home/storage/shared/bos_la_2024_trip/verizon/20241103/110653143/tcp_downlink_110653192.out
[2024-11-03T11:08:54-0700] DL AVG TPUT: 
[2024-11-03T11:08:54-0700] tcp downlink test finished at 2024-11-03 11:08:54.281 MST, duration: 121.117 s
[2024-11-03T11:08:54-0700] -------------------------------
[2024-11-03T11:08:54-0700] Waiting for 2 s...
[2024-11-03T11:08:56-0700] -------------------------------
[2024-11-03T11:08:56-0700] Starting 5G booster for 5 s...
[2024-11-03T11:08:56-0700] 5G booster started at 2024-11-03 11:08:56.385 MST
[2024-11-03T11:08:56-0700] server aborted connection
[2024-11-03T11:08:56-0700] Waiting for 5.738 s to reach end time
[2024-11-03T11:09:02-0700] Saved TCP DL results to /data/data/com.termux/files/home/storage/shared/bos_la_2024_trip/verizon/20241103/110653143/tcp_downlink_110856408.out
[2024-11-03T11:09:02-0700] [CAUTION] EMPTY LOG!
[2024-11-03T11:09:02-0700] 5G booster finished at 2024-11-03 11:09:02.480 MST, duration: 6.095 s
[2024-11-03T11:09:02-0700] -------------------------------
[2024-11-03T11:09:02-0700] Waiting for 2 s...
[2024-11-03T11:09:04-0700] -------------------------------
[2024-11-03T11:09:04-0700] tcp uplink test started at 2024-11-03 11:09:04.577 MST
[2024-11-03T11:09:04-0700] testing tcp uplink with 54.176.53.206:5101, interval 0.5, duration 120, timeout 121 ...
[2024-11-03T11:09:04-0700] server aborted connection
[2024-11-03T11:09:04-0700] Waiting for 120.729 s to reach end time
[2024-11-03T11:11:05-0700] Saved uplink test to /data/data/com.termux/files/home/storage/shared/bos_la_2024_trip/verizon/20241103/110653143/tcp_uplink_110904610.out
[2024-11-03T11:11:05-0700] [CAUTION] EMPTY LOG!
[2024-11-03T11:11:05-0700] tcp uplink test finished at 2024-11-03 11:11:05.661 MST, duration: 121.084 s
[2024-11-03T11:11:05-0700] -------------------------------
[2024-11-03T11:11:05-0700] Waiting for 2 s...
[2024-11-03T11:11:07-0700] -------------------------------
[2024-11-03T11:11:07-0700] Starting 5G booster for 5 s...
[2024-11-03T11:11:07-0700] 5G booster started at 2024-11-03 11:11:07.751 MST
[2024-11-03T11:11:08-0700] server aborted connection
[2024-11-03T11:11:08-0700] Waiting for 5.650 s to reach end time
[2024-11-03T11:11:13-0700] Saved TCP DL results to /data/data/com.termux/files/home/storage/shared/bos_la_2024_trip/verizon/20241103/110653143/tcp_downlink_111107790.out
[2024-11-03T11:11:13-0700] [CAUTION] EMPTY LOG!
[2024-11-03T11:11:13-0700] 5G booster finished at 2024-11-03 11:11:13.894 MST, duration: 6.143 s
[2024-11-03T11:11:13-0700] -------------------------------
[2024-11-03T11:11:13-0700] Waiting for 2 s...
[2024-11-03T11:11:15-0700] -------------------------------
[2024-11-03T11:11:16-0700] ICMP Ping test started at 2024-11-03 11:11:16.009 MST
[2024-11-03T11:11:46-0700] Waiting for .904 s to reach end time
[2024-11-03T11:11:47-0700] Saved ping test to /data/data/com.termux/files/home/storage/shared/bos_la_2024_trip/verizon/20241103/110653143/icmp_ping_111116039.out
[2024-11-03T11:11:47-0700] Ping summary (min/avg/max/mdev) = 65.802/95.133/497.214/52.220 ms
[2024-11-03T11:11:47-0700] Ping test finished at 2024-11-03 11:11:47.104 MST, duration: 31.095 s
[2024-11-03T11:11:47-0700] -------------------------------
[2024-11-03T11:11:47-0700] Waiting for 2 s...
[2024-11-03T11:11:49-0700] -------------------------------
[2024-11-03T11:11:49-0700] Starting 5G booster for 5 s...
[2024-11-03T11:11:49-0700] 5G booster started at 2024-11-03 11:11:49.241 MST
[2024-11-03T11:11:49-0700] server aborted connection
[2024-11-03T11:11:49-0700] Waiting for 5.663 s to reach end time
[2024-11-03T11:11:55-0700] Saved TCP DL results to /data/data/com.termux/files/home/storage/shared/bos_la_2024_trip/verizon/20241103/110653143/tcp_downlink_111149291.out
[2024-11-03T11:11:55-0700] [CAUTION] EMPTY LOG!
[2024-11-03T11:11:55-0700] 5G booster finished at 2024-11-03 11:11:55.393 MST, duration: 6.152 s
[2024-11-03T11:11:55-0700] -------------------------------
[2024-11-03T11:11:55-0700] Waiting for 2 s...
[2024-11-03T11:11:57-0700] -------------------------------
[2024-11-03T11:11:57-0700] TCP Ping test started at 2024-11-03 11:11:57.520 MST
[2024-11-03T11:12:28-0700] Current time exceeds end time, skipping wait
[2024-11-03T11:12:28-0700] Saved TCP Ping test to /data/data/com.termux/files/home/storage/shared/bos_la_2024_trip/verizon/20241103/110653143/tcp_ping_111157546.out
[2024-11-03T11:12:28-0700] TCP Ping summary (min/avg/max/mdev) 
[2024-11-03T11:12:28-0700] TCP Ping test finished at 2024-11-03 11:12:28.657 MST, duration: 31.137 s
[2024-11-03T11:12:28-0700] -------------------------------
[2024-11-03T11:12:28-0700] Waiting for 2 s...
[2024-11-03T11:12:30-0700] -------------------------------
[2024-11-03T11:12:30-0700] Traceroute test started at 2024-11-03 11:12:30.810 MST
[2024-11-03T11:12:33-0700] Waiting for 27.435 s to reach end time
[2024-11-03T11:13:00-0700] Saved traceroute test to /data/data/com.termux/files/home/storage/shared/bos_la_2024_trip/verizon/20241103/110653143/traceroute_111230858.out
[2024-11-03T11:13:00-0700] Traceroute summary (min/avg/max/mdev) 
[2024-11-03T11:13:00-0700] Traceroute test finished at 2024-11-03 11:13:00.898 MST, duration: 30.088 s
[2024-11-03T11:13:00-0700] -------------------------------
[2024-11-03T11:13:00-0700] All tests completed, cleaning up...
[2024-11-03T11:13:00-0700] -------------------------------
[2024-11-03T11:14:01-0700] [measurement] Load environment variables from prod.env file
[2024-11-03T11:14:01-0700] [measurement] Load operator-specific env from verizon.env file
[2024-11-03T11:14:01-0700] Starting a network measurement, please choose a server
[2024-11-03T11:14:01-0700] 0) West Cloud: 54.176.53.206
[2024-11-03T11:14:01-0700] 1) East Cloud: 54.197.223.49
[2024-11-03T11:14:01-0700] 2) Los Angeles Wavelength: 161.188.33.234
[2024-11-03T11:14:01-0700] 3) Las Vegas Wavelength: 155.146.118.158
[2024-11-03T11:14:01-0700] 4) Denver Wavelength: 155.146.144.24
[2024-11-03T11:14:01-0700] 5) Chicago Wavelength: 155.146.180.31
[2024-11-03T11:14:01-0700] 6) Boston Wavelength: 155.146.11.34
[2024-11-03T11:14:09-0700] Enter your choice (0-6): Testing verizon, server 0 (ip: 54.176.53.206, nuttcp_port: 5101, iperf_port: 5001)
[2024-11-03T11:14:09-0700] -------------------------------
[2024-11-03T11:14:09-0700] tcp downlink test started at 2024-11-03 11:14:09.291 MST
[2024-11-03T11:14:09-0700] Testing tcp downlink with 54.176.53.206:5101, interval 0.5 s, duration 120 s, timeout 121 s...
[2024-11-03T11:16:10-0700] Current time exceeds end time, skipping wait
[2024-11-03T11:16:10-0700] Saved tcp downlink test to /data/data/com.termux/files/home/storage/shared/bos_la_2024_trip/verizon/20241103/111409276/tcp_downlink_111409312.out
[2024-11-03T11:16:10-0700] DL AVG TPUT: 
[2024-11-03T11:16:10-0700] tcp downlink test finished at 2024-11-03 11:16:10.394 MST, duration: 121.103 s
[2024-11-03T11:16:10-0700] -------------------------------
[2024-11-03T11:16:10-0700] Waiting for 2 s...
[2024-11-03T11:16:12-0700] -------------------------------
[2024-11-03T11:16:12-0700] Starting 5G booster for 5 s...
[2024-11-03T11:16:12-0700] 5G booster started at 2024-11-03 11:16:12.529 MST
[2024-11-03T11:16:18-0700] Current time exceeds end time, skipping wait
[2024-11-03T11:16:18-0700] Saved TCP DL results to /data/data/com.termux/files/home/storage/shared/bos_la_2024_trip/verizon/20241103/111409276/tcp_downlink_111612559.out
[2024-11-03T11:16:18-0700] DL AVG TPUT: 
[2024-11-03T11:16:18-0700] 5G booster finished at 2024-11-03 11:16:18.642 MST, duration: 6.113 s
[2024-11-03T11:16:18-0700] -------------------------------
[2024-11-03T11:16:18-0700] Waiting for 2 s...
[2024-11-03T11:16:20-0700] -------------------------------
[2024-11-03T11:16:20-0700] tcp uplink test started at 2024-11-03 11:16:20.743 MST
[2024-11-03T11:16:20-0700] testing tcp uplink with 54.176.53.206:5101, interval 0.5, duration 120, timeout 121 ...
[2024-11-03T11:17:39-0700] Waiting for 42.275 s to reach end time
[2024-11-03T11:18:21-0700] Saved uplink test to /data/data/com.termux/files/home/storage/shared/bos_la_2024_trip/verizon/20241103/111409276/tcp_uplink_111620764.out
[2024-11-03T11:18:21-0700] UL AVG TPUT: 
[2024-11-03T11:18:21-0700] tcp uplink test finished at 2024-11-03 11:18:21.806 MST, duration: 121.063 s
[2024-11-03T11:18:21-0700] -------------------------------
[2024-11-03T11:18:21-0700] Waiting for 2 s...
[2024-11-03T11:18:23-0700] -------------------------------
[2024-11-03T11:18:23-0700] Starting 5G booster for 5 s...
[2024-11-03T11:18:23-0700] 5G booster started at 2024-11-03 11:18:23.941 MST
[2024-11-03T11:18:30-0700] Current time exceeds end time, skipping wait
[2024-11-03T11:18:30-0700] Saved TCP DL results to /data/data/com.termux/files/home/storage/shared/bos_la_2024_trip/verizon/20241103/111409276/tcp_downlink_111823997.out
[2024-11-03T11:18:30-0700] DL AVG TPUT: 
[2024-11-03T11:18:30-0700] 5G booster finished at 2024-11-03 11:18:30.069 MST, duration: 6.128 s
[2024-11-03T11:18:30-0700] -------------------------------
[2024-11-03T11:18:30-0700] Waiting for 2 s...
[2024-11-03T11:18:32-0700] -------------------------------
[2024-11-03T11:18:32-0700] ICMP Ping test started at 2024-11-03 11:18:32.176 MST
[2024-11-03T11:19:02-0700] Waiting for .888 s to reach end time
[2024-11-03T11:19:03-0700] Saved ping test to /data/data/com.termux/files/home/storage/shared/bos_la_2024_trip/verizon/20241103/111409276/icmp_ping_111832206.out
[2024-11-03T11:19:03-0700] Ping summary (min/avg/max/mdev) = 90.332/101.655/112.737/5.004 ms
[2024-11-03T11:19:03-0700] Ping test finished at 2024-11-03 11:19:03.254 MST, duration: 31.078 s
[2024-11-03T11:19:03-0700] -------------------------------
[2024-11-03T11:19:03-0700] Waiting for 2 s...
[2024-11-03T11:19:05-0700] -------------------------------
[2024-11-03T11:19:05-0700] Starting 5G booster for 5 s...
[2024-11-03T11:19:05-0700] 5G booster started at 2024-11-03 11:19:05.378 MST
[2024-11-03T11:19:11-0700] Current time exceeds end time, skipping wait
[2024-11-03T11:19:11-0700] Saved TCP DL results to /data/data/com.termux/files/home/storage/shared/bos_la_2024_trip/verizon/20241103/111409276/tcp_downlink_111905403.out
[2024-11-03T11:19:11-0700] DL AVG TPUT: 
[2024-11-03T11:19:11-0700] 5G booster finished at 2024-11-03 11:19:11.481 MST, duration: 6.103 s
[2024-11-03T11:19:11-0700] -------------------------------
[2024-11-03T11:19:11-0700] Waiting for 2 s...
[2024-11-03T11:19:13-0700] -------------------------------
[2024-11-03T11:19:13-0700] TCP Ping test started at 2024-11-03 11:19:13.616 MST
[2024-11-03T11:19:44-0700] Current time exceeds end time, skipping wait
[2024-11-03T11:19:44-0700] Saved TCP Ping test to /data/data/com.termux/files/home/storage/shared/bos_la_2024_trip/verizon/20241103/111409276/tcp_ping_111913645.out
[2024-11-03T11:19:44-0700] TCP Ping summary (min/avg/max/mdev) 
[2024-11-03T11:19:44-0700] TCP Ping test finished at 2024-11-03 11:19:44.749 MST, duration: 31.133 s
[2024-11-03T11:19:44-0700] -------------------------------
[2024-11-03T11:19:44-0700] Waiting for 2 s...
[2024-11-03T11:19:46-0700] -------------------------------
[2024-11-03T11:19:46-0700] Traceroute test started at 2024-11-03 11:19:46.866 MST
[2024-11-03T11:19:49-0700] Waiting for 27.138 s to reach end time
[2024-11-03T11:20:16-0700] Saved traceroute test to /data/data/com.termux/files/home/storage/shared/bos_la_2024_trip/verizon/20241103/111409276/traceroute_111946896.out
[2024-11-03T11:20:16-0700] Traceroute summary (min/avg/max/mdev) 
[2024-11-03T11:20:17-0700] Traceroute test finished at 2024-11-03 11:20:16.948 MST, duration: 30.082 s
[2024-11-03T11:20:17-0700] -------------------------------
[2024-11-03T11:20:17-0700] All tests completed, cleaning up...
[2024-11-03T11:20:17-0700] -------------------------------
[2024-11-03T11:20:46-0700] [measurement] Load environment variables from prod.env file
[2024-11-03T11:20:46-0700] [measurement] Load operator-specific env from verizon.env file
[2024-11-03T11:20:46-0700] Starting a network measurement, please choose a server
[2024-11-03T11:20:46-0700] 0) West Cloud: 54.176.53.206
[2024-11-03T11:20:46-0700] 1) East Cloud: 54.197.223.49
[2024-11-03T11:20:46-0700] 2) Los Angeles Wavelength: 161.188.33.234
[2024-11-03T11:20:46-0700] 3) Las Vegas Wavelength: 155.146.118.158
[2024-11-03T11:20:46-0700] 4) Denver Wavelength: 155.146.144.24
[2024-11-03T11:20:46-0700] 5) Chicago Wavelength: 155.146.180.31
[2024-11-03T11:20:46-0700] 6) Boston Wavelength: 155.146.11.34
[2024-11-03T11:21:08-0700] Enter your choice (0-6): Testing verizon, server 0 (ip: 54.176.53.206, nuttcp_port: 5101, iperf_port: 5001)
[2024-11-03T11:21:08-0700] -------------------------------
[2024-11-03T11:21:09-0700] tcp downlink test started at 2024-11-03 11:21:08.982 MST
[2024-11-03T11:21:09-0700] Testing tcp downlink with 54.176.53.206:5101, interval 0.5 s, duration 120 s, timeout 121 s...
[2024-11-03T11:23:10-0700] Current time exceeds end time, skipping wait
[2024-11-03T11:23:10-0700] Saved tcp downlink test to /data/data/com.termux/files/home/storage/shared/bos_la_2024_trip/verizon/20241103/112108956/tcp_downlink_112109021.out
[2024-11-03T11:23:10-0700] DL AVG TPUT: 
[2024-11-03T11:23:10-0700] tcp downlink test finished at 2024-11-03 11:23:10.121 MST, duration: 121.139 s
[2024-11-03T11:23:10-0700] -------------------------------
[2024-11-03T11:23:10-0700] Waiting for 2 s...
[2024-11-03T11:23:12-0700] -------------------------------
[2024-11-03T11:23:12-0700] Starting 5G booster for 5 s...
[2024-11-03T11:23:12-0700] 5G booster started at 2024-11-03 11:23:12.243 MST
[2024-11-03T11:23:18-0700] Current time exceeds end time, skipping wait
[2024-11-03T11:23:18-0700] Saved TCP DL results to /data/data/com.termux/files/home/storage/shared/bos_la_2024_trip/verizon/20241103/112108956/tcp_downlink_112312271.out
[2024-11-03T11:23:18-0700] DL AVG TPUT: 
[2024-11-03T11:23:18-0700] 5G booster finished at 2024-11-03 11:23:18.344 MST, duration: 6.101 s
[2024-11-03T11:23:18-0700] -------------------------------
[2024-11-03T11:23:18-0700] Waiting for 2 s...
[2024-11-03T11:23:20-0700] -------------------------------
[2024-11-03T11:23:20-0700] tcp uplink test started at 2024-11-03 11:23:20.438 MST
[2024-11-03T11:23:20-0700] testing tcp uplink with 54.176.53.206:5101, interval 0.5, duration 120, timeout 121 ...
[2024-11-03T11:25:21-0700] Current time exceeds end time, skipping wait
[2024-11-03T11:25:21-0700] Saved uplink test to /data/data/com.termux/files/home/storage/shared/bos_la_2024_trip/verizon/20241103/112108956/tcp_uplink_112320461.out
[2024-11-03T11:25:21-0700] UL AVG TPUT: 
[2024-11-03T11:25:21-0700] tcp uplink test finished at 2024-11-03 11:25:21.554 MST, duration: 121.116 s
[2024-11-03T11:25:21-0700] -------------------------------
[2024-11-03T11:25:21-0700] Waiting for 2 s...
[2024-11-03T11:25:23-0700] -------------------------------
[2024-11-03T11:25:23-0700] Starting 5G booster for 5 s...
[2024-11-03T11:25:23-0700] 5G booster started at 2024-11-03 11:25:23.683 MST
[2024-11-03T11:25:29-0700] Current time exceeds end time, skipping wait
[2024-11-03T11:25:29-0700] Saved TCP DL results to /data/data/com.termux/files/home/storage/shared/bos_la_2024_trip/verizon/20241103/112108956/tcp_downlink_112523742.out
[2024-11-03T11:25:29-0700] DL AVG TPUT: 
[2024-11-03T11:25:29-0700] 5G booster finished at 2024-11-03 11:25:29.817 MST, duration: 6.134 s
[2024-11-03T11:25:29-0700] -------------------------------
[2024-11-03T11:25:29-0700] Waiting for 2 s...
[2024-11-03T11:25:31-0700] -------------------------------
[2024-11-03T11:25:31-0700] ICMP Ping test started at 2024-11-03 11:25:31.952 MST
[2024-11-03T11:26:02-0700] Waiting for .913 s to reach end time
[2024-11-03T11:26:03-0700] Saved ping test to /data/data/com.termux/files/home/storage/shared/bos_la_2024_trip/verizon/20241103/112108956/icmp_ping_112531980.out
[2024-11-03T11:26:03-0700] Ping summary (min/avg/max/mdev) = 76.949/90.234/175.185/12.952 ms
[2024-11-03T11:26:03-0700] Ping test finished at 2024-11-03 11:26:03.024 MST, duration: 31.072 s
[2024-11-03T11:26:03-0700] -------------------------------
[2024-11-03T11:26:03-0700] Waiting for 2 s...
[2024-11-03T11:26:05-0700] -------------------------------
[2024-11-03T11:26:05-0700] Starting 5G booster for 5 s...
[2024-11-03T11:26:05-0700] 5G booster started at 2024-11-03 11:26:05.122 MST
[2024-11-03T11:26:11-0700] Current time exceeds end time, skipping wait
[2024-11-03T11:26:11-0700] Saved TCP DL results to /data/data/com.termux/files/home/storage/shared/bos_la_2024_trip/verizon/20241103/112108956/tcp_downlink_112605150.out
[2024-11-03T11:26:11-0700] DL AVG TPUT: 
[2024-11-03T11:26:11-0700] 5G booster finished at 2024-11-03 11:26:11.266 MST, duration: 6.144 s
[2024-11-03T11:26:11-0700] -------------------------------
[2024-11-03T11:26:11-0700] Waiting for 2 s...
[2024-11-03T11:26:13-0700] -------------------------------
[2024-11-03T11:26:13-0700] TCP Ping test started at 2024-11-03 11:26:13.376 MST
[2024-11-03T11:26:44-0700] Current time exceeds end time, skipping wait
[2024-11-03T11:26:44-0700] Saved TCP Ping test to /data/data/com.termux/files/home/storage/shared/bos_la_2024_trip/verizon/20241103/112108956/tcp_ping_112613405.out
[2024-11-03T11:26:44-0700] TCP Ping summary (min/avg/max/mdev) 
[2024-11-03T11:26:44-0700] TCP Ping test finished at 2024-11-03 11:26:44.517 MST, duration: 31.141 s
[2024-11-03T11:26:44-0700] -------------------------------
[2024-11-03T11:26:44-0700] Waiting for 2 s...
[2024-11-03T11:26:46-0700] -------------------------------
[2024-11-03T11:26:46-0700] Traceroute test started at 2024-11-03 11:26:46.698 MST
[2024-11-03T11:26:49-0700] Waiting for 27.626 s to reach end time
[2024-11-03T11:27:16-0700] Saved traceroute test to /data/data/com.termux/files/home/storage/shared/bos_la_2024_trip/verizon/20241103/112108956/traceroute_112646748.out
[2024-11-03T11:27:16-0700] Traceroute summary (min/avg/max/mdev) 
[2024-11-03T11:27:16-0700] Traceroute test finished at 2024-11-03 11:27:16.783 MST, duration: 30.085 s
[2024-11-03T11:27:16-0700] -------------------------------
[2024-11-03T11:27:16-0700] All tests completed, cleaning up...
[2024-11-03T11:27:16-0700] -------------------------------
[2024-11-03T11:27:54-0700] [measurement] Load environment variables from prod.env file
[2024-11-03T11:27:54-0700] [measurement] Load operator-specific env from verizon.env file
[2024-11-03T11:27:54-0700] Starting a network measurement, please choose a server
[2024-11-03T11:27:54-0700] 0) West Cloud: 54.176.53.206
[2024-11-03T11:27:54-0700] 1) East Cloud: 54.197.223.49
[2024-11-03T11:27:54-0700] 2) Los Angeles Wavelength: 161.188.33.234
[2024-11-03T11:27:54-0700] 3) Las Vegas Wavelength: 155.146.118.158
[2024-11-03T11:27:54-0700] 4) Denver Wavelength: 155.146.144.24
[2024-11-03T11:27:54-0700] 5) Chicago Wavelength: 155.146.180.31
[2024-11-03T11:27:54-0700] 6) Boston Wavelength: 155.146.11.34
[2024-11-03T11:28:08-0700] Enter your choice (0-6): Testing verizon, server 0 (ip: 54.176.53.206, nuttcp_port: 5101, iperf_port: 5001)
[2024-11-03T11:28:08-0700] -------------------------------
[2024-11-03T11:28:08-0700] tcp downlink test started at 2024-11-03 11:28:08.643 MST
[2024-11-03T11:28:08-0700] Testing tcp downlink with 54.176.53.206:5101, interval 0.5 s, duration 120 s, timeout 121 s...
[2024-11-03T11:30:09-0700] Current time exceeds end time, skipping wait
[2024-11-03T11:30:09-0700] Saved tcp downlink test to /data/data/com.termux/files/home/storage/shared/bos_la_2024_trip/verizon/20241103/112808609/tcp_downlink_112808669.out
[2024-11-03T11:30:09-0700] DL AVG TPUT: 
[2024-11-03T11:30:09-0700] tcp downlink test finished at 2024-11-03 11:30:09.796 MST, duration: 121.153 s
[2024-11-03T11:30:09-0700] -------------------------------
[2024-11-03T11:30:09-0700] Waiting for 2 s...
[2024-11-03T11:30:11-0700] -------------------------------
[2024-11-03T11:30:11-0700] Starting 5G booster for 5 s...
[2024-11-03T11:30:11-0700] 5G booster started at 2024-11-03 11:30:11.890 MST
[2024-11-03T11:30:18-0700] Current time exceeds end time, skipping wait
[2024-11-03T11:30:18-0700] Saved TCP DL results to /data/data/com.termux/files/home/storage/shared/bos_la_2024_trip/verizon/20241103/112808609/tcp_downlink_113011916.out
[2024-11-03T11:30:18-0700] DL AVG TPUT: 
[2024-11-03T11:30:18-0700] 5G booster finished at 2024-11-03 11:30:18.027 MST, duration: 6.137 s
[2024-11-03T11:30:18-0700] -------------------------------
[2024-11-03T11:30:18-0700] Waiting for 2 s...
[2024-11-03T11:30:20-0700] -------------------------------
[2024-11-03T11:30:20-0700] tcp uplink test started at 2024-11-03 11:30:20.124 MST
[2024-11-03T11:30:20-0700] testing tcp uplink with 54.176.53.206:5101, interval 0.5, duration 120, timeout 121 ...
[2024-11-03T11:32:21-0700] Current time exceeds end time, skipping wait
[2024-11-03T11:32:21-0700] Saved uplink test to /data/data/com.termux/files/home/storage/shared/bos_la_2024_trip/verizon/20241103/112808609/tcp_uplink_113020184.out
[2024-11-03T11:32:21-0700] UL AVG TPUT: 
[2024-11-03T11:32:21-0700] tcp uplink test finished at 2024-11-03 11:32:21.286 MST, duration: 121.162 s
[2024-11-03T11:32:21-0700] -------------------------------
[2024-11-03T11:32:21-0700] Waiting for 2 s...
[2024-11-03T11:32:23-0700] -------------------------------
[2024-11-03T11:32:23-0700] Starting 5G booster for 5 s...
[2024-11-03T11:32:23-0700] 5G booster started at 2024-11-03 11:32:23.390 MST
[2024-11-03T11:32:29-0700] Current time exceeds end time, skipping wait
[2024-11-03T11:32:29-0700] Saved TCP DL results to /data/data/com.termux/files/home/storage/shared/bos_la_2024_trip/verizon/20241103/112808609/tcp_downlink_113223443.out
[2024-11-03T11:32:29-0700] DL AVG TPUT: 
[2024-11-03T11:32:29-0700] 5G booster finished at 2024-11-03 11:32:29.518 MST, duration: 6.128 s
[2024-11-03T11:32:29-0700] -------------------------------
[2024-11-03T11:32:29-0700] Waiting for 2 s...
[2024-11-03T11:32:31-0700] -------------------------------
[2024-11-03T11:32:31-0700] ICMP Ping test started at 2024-11-03 11:32:31.657 MST
[2024-11-03T11:33:01-0700] Waiting for .890 s to reach end time
[2024-11-03T11:33:02-0700] Saved ping test to /data/data/com.termux/files/home/storage/shared/bos_la_2024_trip/verizon/20241103/112808609/icmp_ping_113231686.out
[2024-11-03T11:33:02-0700] Ping summary (min/avg/max/mdev) = 89.157/120.553/215.118/33.631 ms
[2024-11-03T11:33:02-0700] Ping test finished at 2024-11-03 11:33:02.735 MST, duration: 31.078 s
[2024-11-03T11:33:02-0700] -------------------------------
[2024-11-03T11:33:02-0700] Waiting for 2 s...
[2024-11-03T11:33:04-0700] -------------------------------
[2024-11-03T11:33:04-0700] Starting 5G booster for 5 s...
[2024-11-03T11:33:04-0700] 5G booster started at 2024-11-03 11:33:04.915 MST
[2024-11-03T11:33:11-0700] Current time exceeds end time, skipping wait
[2024-11-03T11:33:11-0700] Saved TCP DL results to /data/data/com.termux/files/home/storage/shared/bos_la_2024_trip/verizon/20241103/112808609/tcp_downlink_113304947.out
[2024-11-03T11:33:11-0700] DL AVG TPUT: 
[2024-11-03T11:33:11-0700] 5G booster finished at 2024-11-03 11:33:11.023 MST, duration: 6.108 s
[2024-11-03T11:33:11-0700] -------------------------------
[2024-11-03T11:33:11-0700] Waiting for 2 s...
[2024-11-03T11:33:13-0700] -------------------------------
[2024-11-03T11:33:13-0700] TCP Ping test started at 2024-11-03 11:33:13.137 MST
[2024-11-03T11:33:44-0700] Current time exceeds end time, skipping wait
[2024-11-03T11:33:44-0700] Saved TCP Ping test to /data/data/com.termux/files/home/storage/shared/bos_la_2024_trip/verizon/20241103/112808609/tcp_ping_113313191.out
[2024-11-03T11:33:44-0700] TCP Ping summary (min/avg/max/mdev) 
[2024-11-03T11:33:44-0700] TCP Ping test finished at 2024-11-03 11:33:44.290 MST, duration: 31.153 s
[2024-11-03T11:33:44-0700] -------------------------------
[2024-11-03T11:33:44-0700] Waiting for 2 s...
[2024-11-03T11:33:46-0700] -------------------------------
[2024-11-03T11:33:46-0700] Traceroute test started at 2024-11-03 11:33:46.451 MST
[2024-11-03T11:33:49-0700] Waiting for 27.291 s to reach end time
[2024-11-03T11:34:16-0700] Saved traceroute test to /data/data/com.termux/files/home/storage/shared/bos_la_2024_trip/verizon/20241103/112808609/traceroute_113346484.out
[2024-11-03T11:34:16-0700] Traceroute summary (min/avg/max/mdev) 
[2024-11-03T11:34:16-0700] Traceroute test finished at 2024-11-03 11:34:16.530 MST, duration: 30.079 s
[2024-11-03T11:34:16-0700] -------------------------------
[2024-11-03T11:34:16-0700] All tests completed, cleaning up...
[2024-11-03T11:34:16-0700] -------------------------------
[2024-11-03T11:49:47-0700] [measurement] Load environment variables from prod.env file
[2024-11-03T11:49:47-0700] [measurement] Load operator-specific env from verizon.env file
[2024-11-03T11:49:47-0700] Starting a network measurement, please choose a server
[2024-11-03T11:49:47-0700] 0) West Cloud: 54.176.53.206
[2024-11-03T11:49:47-0700] 1) East Cloud: 54.197.223.49
[2024-11-03T11:49:47-0700] 2) Los Angeles Wavelength: 161.188.33.234
[2024-11-03T11:49:47-0700] 3) Las Vegas Wavelength: 155.146.118.158
[2024-11-03T11:49:47-0700] 4) Denver Wavelength: 155.146.144.24
[2024-11-03T11:49:47-0700] 5) Chicago Wavelength: 155.146.180.31
[2024-11-03T11:49:47-0700] 6) Boston Wavelength: 155.146.11.34
[2024-11-03T11:49:56-0700] Enter your choice (0-6): Testing verizon, server 0 (ip: 54.176.53.206, nuttcp_port: 5101, iperf_port: 5001)
[2024-11-03T11:49:56-0700] -------------------------------
[2024-11-03T11:49:56-0700] tcp downlink test started at 2024-11-03 11:49:56.638 MST
[2024-11-03T11:49:56-0700] Testing tcp downlink with 54.176.53.206:5101, interval 0.5 s, duration 120 s, timeout 121 s...
[2024-11-03T11:51:57-0700] Current time exceeds end time, skipping wait
[2024-11-03T11:51:57-0700] Saved tcp downlink test to /data/data/com.termux/files/home/storage/shared/bos_la_2024_trip/verizon/20241103/114956622/tcp_downlink_114956659.out
[2024-11-03T11:51:57-0700] DL AVG TPUT: 
[2024-11-03T11:51:57-0700] tcp downlink test finished at 2024-11-03 11:51:57.770 MST, duration: 121.132 s
[2024-11-03T11:51:57-0700] -------------------------------
[2024-11-03T11:51:57-0700] Waiting for 2 s...
[2024-11-03T11:51:59-0700] -------------------------------
[2024-11-03T11:51:59-0700] Starting 5G booster for 5 s...
[2024-11-03T11:51:59-0700] 5G booster started at 2024-11-03 11:51:59.909 MST
[2024-11-03T11:52:06-0700] Current time exceeds end time, skipping wait
[2024-11-03T11:52:06-0700] Saved TCP DL results to /data/data/com.termux/files/home/storage/shared/bos_la_2024_trip/verizon/20241103/114956622/tcp_downlink_115159937.out
[2024-11-03T11:52:06-0700] DL AVG TPUT: 
[2024-11-03T11:52:06-0700] 5G booster finished at 2024-11-03 11:52:06.021 MST, duration: 6.112 s
[2024-11-03T11:52:06-0700] -------------------------------
[2024-11-03T11:52:06-0700] Waiting for 2 s...
[2024-11-03T11:52:08-0700] -------------------------------
[2024-11-03T11:52:08-0700] tcp uplink test started at 2024-11-03 11:52:08.130 MST
[2024-11-03T11:52:08-0700] testing tcp uplink with 54.176.53.206:5101, interval 0.5, duration 120, timeout 121 ...
[2024-11-03T11:54:09-0700] Current time exceeds end time, skipping wait
[2024-11-03T11:54:09-0700] Saved uplink test to /data/data/com.termux/files/home/storage/shared/bos_la_2024_trip/verizon/20241103/114956622/tcp_uplink_115208153.out
[2024-11-03T11:54:09-0700] UL AVG TPUT: 
[2024-11-03T11:54:09-0700] tcp uplink test finished at 2024-11-03 11:54:09.244 MST, duration: 121.114 s
[2024-11-03T11:54:09-0700] -------------------------------
[2024-11-03T11:54:09-0700] Waiting for 2 s...
[2024-11-03T11:54:11-0700] -------------------------------
[2024-11-03T11:54:11-0700] Starting 5G booster for 5 s...
[2024-11-03T11:54:11-0700] 5G booster started at 2024-11-03 11:54:11.377 MST
[2024-11-03T11:54:17-0700] Current time exceeds end time, skipping wait
[2024-11-03T11:54:17-0700] Saved TCP DL results to /data/data/com.termux/files/home/storage/shared/bos_la_2024_trip/verizon/20241103/114956622/tcp_downlink_115411432.out
[2024-11-03T11:54:17-0700] DL AVG TPUT: 
[2024-11-03T11:54:17-0700] 5G booster finished at 2024-11-03 11:54:17.538 MST, duration: 6.161 s
[2024-11-03T11:54:17-0700] -------------------------------
[2024-11-03T11:54:17-0700] Waiting for 2 s...
[2024-11-03T11:54:19-0700] -------------------------------
[2024-11-03T11:54:19-0700] ICMP Ping test started at 2024-11-03 11:54:19.666 MST
[2024-11-03T11:54:49-0700] Waiting for .882 s to reach end time
[2024-11-03T11:54:50-0700] Saved ping test to /data/data/com.termux/files/home/storage/shared/bos_la_2024_trip/verizon/20241103/114956622/icmp_ping_115419716.out
[2024-11-03T11:54:50-0700] Ping summary (min/avg/max/mdev) = 80.014/127.533/404.136/56.521 ms
[2024-11-03T11:54:50-0700] Ping test finished at 2024-11-03 11:54:50.769 MST, duration: 31.103 s
[2024-11-03T11:54:50-0700] -------------------------------
[2024-11-03T11:54:50-0700] Waiting for 2 s...
[2024-11-03T11:54:52-0700] -------------------------------
[2024-11-03T11:54:52-0700] Starting 5G booster for 5 s...
[2024-11-03T11:54:52-0700] 5G booster started at 2024-11-03 11:54:52.889 MST
[2024-11-03T11:54:59-0700] Current time exceeds end time, skipping wait
[2024-11-03T11:54:59-0700] Saved TCP DL results to /data/data/com.termux/files/home/storage/shared/bos_la_2024_trip/verizon/20241103/114956622/tcp_downlink_115452918.out
[2024-11-03T11:54:59-0700] DL AVG TPUT: 
[2024-11-03T11:54:59-0700] 5G booster finished at 2024-11-03 11:54:59.023 MST, duration: 6.134 s
[2024-11-03T11:54:59-0700] -------------------------------
[2024-11-03T11:54:59-0700] Waiting for 2 s...
[2024-11-03T11:55:01-0700] -------------------------------
[2024-11-03T11:55:01-0700] TCP Ping test started at 2024-11-03 11:55:01.135 MST
[2024-11-03T11:55:32-0700] Current time exceeds end time, skipping wait
[2024-11-03T11:55:32-0700] Saved TCP Ping test to /data/data/com.termux/files/home/storage/shared/bos_la_2024_trip/verizon/20241103/114956622/tcp_ping_115501214.out
[2024-11-03T11:55:32-0700] TCP Ping summary (min/avg/max/mdev) 
[2024-11-03T11:55:32-0700] TCP Ping test finished at 2024-11-03 11:55:32.356 MST, duration: 31.221 s
[2024-11-03T11:55:32-0700] -------------------------------
[2024-11-03T11:55:32-0700] Waiting for 2 s...
[2024-11-03T11:55:34-0700] -------------------------------
[2024-11-03T11:55:34-0700] Traceroute test started at 2024-11-03 11:55:34.473 MST
[2024-11-03T11:55:38-0700] Waiting for 26.408 s to reach end time
[2024-11-03T11:56:04-0700] Saved traceroute test to /data/data/com.termux/files/home/storage/shared/bos_la_2024_trip/verizon/20241103/114956622/traceroute_115534507.out
[2024-11-03T11:56:04-0700] Traceroute summary (min/avg/max/mdev) 
[2024-11-03T11:56:04-0700] Traceroute test finished at 2024-11-03 11:56:04.561 MST, duration: 30.088 s
[2024-11-03T11:56:04-0700] -------------------------------
[2024-11-03T11:56:04-0700] All tests completed, cleaning up...
[2024-11-03T11:56:04-0700] -------------------------------
[2024-11-03T11:57:33-0700] [measurement] Load environment variables from prod.env file
[2024-11-03T11:57:33-0700] [measurement] Load operator-specific env from verizon.env file
[2024-11-03T11:57:33-0700] Starting a network measurement, please choose a server
[2024-11-03T11:57:33-0700] 0) West Cloud: 54.176.53.206
[2024-11-03T11:57:33-0700] 1) East Cloud: 54.197.223.49
[2024-11-03T11:57:33-0700] 2) Los Angeles Wavelength: 161.188.33.234
[2024-11-03T11:57:33-0700] 3) Las Vegas Wavelength: 155.146.118.158
[2024-11-03T11:57:33-0700] 4) Denver Wavelength: 155.146.144.24
[2024-11-03T11:57:33-0700] 5) Chicago Wavelength: 155.146.180.31
[2024-11-03T11:57:33-0700] 6) Boston Wavelength: 155.146.11.34
[2024-11-03T11:57:34-0700] Enter your choice (0-6): Testing verizon, server 0 (ip: 54.176.53.206, nuttcp_port: 5101, iperf_port: 5001)
[2024-11-03T11:57:35-0700] -------------------------------
[2024-11-03T11:57:35-0700] tcp downlink test started at 2024-11-03 11:57:35.039 MST
[2024-11-03T11:57:35-0700] Testing tcp downlink with 54.176.53.206:5101, interval 0.5 s, duration 120 s, timeout 121 s...
[2024-11-03T11:59:36-0700] Current time exceeds end time, skipping wait
[2024-11-03T11:59:36-0700] Saved tcp downlink test to /data/data/com.termux/files/home/storage/shared/bos_la_2024_trip/verizon/20241103/115735018/tcp_downlink_115735061.out
[2024-11-03T11:59:36-0700] DL AVG TPUT: 
[2024-11-03T11:59:36-0700] tcp downlink test finished at 2024-11-03 11:59:36.153 MST, duration: 121.114 s
[2024-11-03T11:59:36-0700] -------------------------------
[2024-11-03T11:59:36-0700] Waiting for 2 s...
[2024-11-03T11:59:38-0700] -------------------------------
[2024-11-03T11:59:38-0700] Starting 5G booster for 5 s...
[2024-11-03T11:59:38-0700] 5G booster started at 2024-11-03 11:59:38.251 MST
[2024-11-03T11:59:44-0700] Current time exceeds end time, skipping wait
[2024-11-03T11:59:44-0700] Saved TCP DL results to /data/data/com.termux/files/home/storage/shared/bos_la_2024_trip/verizon/20241103/115735018/tcp_downlink_115938286.out
[2024-11-03T11:59:44-0700] DL AVG TPUT: 
[2024-11-03T11:59:44-0700] 5G booster finished at 2024-11-03 11:59:44.403 MST, duration: 6.152 s
[2024-11-03T11:59:44-0700] -------------------------------
[2024-11-03T11:59:44-0700] Waiting for 2 s...
[2024-11-03T11:59:46-0700] -------------------------------
[2024-11-03T11:59:46-0700] tcp uplink test started at 2024-11-03 11:59:46.539 MST
[2024-11-03T11:59:46-0700] testing tcp uplink with 54.176.53.206:5101, interval 0.5, duration 120, timeout 121 ...
[2024-11-03T12:01:47-0700] Current time exceeds end time, skipping wait
[2024-11-03T12:01:47-0700] Saved uplink test to /data/data/com.termux/files/home/storage/shared/bos_la_2024_trip/verizon/20241103/115735018/tcp_uplink_115946591.out
[2024-11-03T12:01:47-0700] UL AVG TPUT: 
[2024-11-03T12:01:47-0700] tcp uplink test finished at 2024-11-03 12:01:47.672 MST, duration: 121.133 s
[2024-11-03T12:01:47-0700] -------------------------------
[2024-11-03T12:01:47-0700] Waiting for 2 s...
[2024-11-03T12:01:49-0700] -------------------------------
[2024-11-03T12:01:49-0700] Starting 5G booster for 5 s...
[2024-11-03T12:01:49-0700] 5G booster started at 2024-11-03 12:01:49.775 MST
[2024-11-03T12:01:55-0700] Current time exceeds end time, skipping wait
[2024-11-03T12:01:55-0700] Saved TCP DL results to /data/data/com.termux/files/home/storage/shared/bos_la_2024_trip/verizon/20241103/115735018/tcp_downlink_120149824.out
[2024-11-03T12:01:55-0700] DL AVG TPUT: 
[2024-11-03T12:01:56-0700] 5G booster finished at 2024-11-03 12:01:55.923 MST, duration: 6.148 s
[2024-11-03T12:01:56-0700] -------------------------------
[2024-11-03T12:01:56-0700] Waiting for 2 s...
[2024-11-03T12:01:58-0700] -------------------------------
[2024-11-03T12:01:58-0700] ICMP Ping test started at 2024-11-03 12:01:58.046 MST
[2024-11-03T12:02:28-0700] Waiting for .845 s to reach end time
[2024-11-03T12:02:29-0700] Saved ping test to /data/data/com.termux/files/home/storage/shared/bos_la_2024_trip/verizon/20241103/115735018/icmp_ping_120158103.out
[2024-11-03T12:02:29-0700] Ping summary (min/avg/max/mdev) = 79.908/107.039/344.738/36.674 ms
[2024-11-03T12:02:29-0700] Ping test finished at 2024-11-03 12:02:29.144 MST, duration: 31.098 s
[2024-11-03T12:02:29-0700] -------------------------------
[2024-11-03T12:02:29-0700] Waiting for 2 s...
[2024-11-03T12:02:31-0700] -------------------------------
[2024-11-03T12:02:31-0700] Starting 5G booster for 5 s...
[2024-11-03T12:02:31-0700] 5G booster started at 2024-11-03 12:02:31.269 MST
[2024-11-03T12:02:37-0700] Current time exceeds end time, skipping wait
[2024-11-03T12:02:37-0700] Saved TCP DL results to /data/data/com.termux/files/home/storage/shared/bos_la_2024_trip/verizon/20241103/115735018/tcp_downlink_120231294.out
[2024-11-03T12:02:37-0700] DL AVG TPUT: 
[2024-11-03T12:02:37-0700] 5G booster finished at 2024-11-03 12:02:37.375 MST, duration: 6.106 s
[2024-11-03T12:02:37-0700] -------------------------------
[2024-11-03T12:02:37-0700] Waiting for 2 s...
[2024-11-03T12:02:39-0700] -------------------------------
[2024-11-03T12:02:39-0700] TCP Ping test started at 2024-11-03 12:02:39.479 MST
[2024-11-03T12:03:10-0700] Current time exceeds end time, skipping wait
[2024-11-03T12:03:10-0700] Saved TCP Ping test to /data/data/com.termux/files/home/storage/shared/bos_la_2024_trip/verizon/20241103/115735018/tcp_ping_120239505.out
[2024-11-03T12:03:10-0700] TCP Ping summary (min/avg/max/mdev) 
[2024-11-03T12:03:10-0700] TCP Ping test finished at 2024-11-03 12:03:10.591 MST, duration: 31.112 s
[2024-11-03T12:03:10-0700] -------------------------------
[2024-11-03T12:03:10-0700] Waiting for 2 s...
[2024-11-03T12:03:12-0700] -------------------------------
[2024-11-03T12:03:12-0700] Traceroute test started at 2024-11-03 12:03:12.706 MST
[2024-11-03T12:03:15-0700] Waiting for 27.541 s to reach end time
[2024-11-03T12:03:42-0700] Saved traceroute test to /data/data/com.termux/files/home/storage/shared/bos_la_2024_trip/verizon/20241103/115735018/traceroute_120312758.out
[2024-11-03T12:03:42-0700] Traceroute summary (min/avg/max/mdev) 
[2024-11-03T12:03:42-0700] Traceroute test finished at 2024-11-03 12:03:42.808 MST, duration: 30.102 s
[2024-11-03T12:03:42-0700] -------------------------------
[2024-11-03T12:03:42-0700] All tests completed, cleaning up...
[2024-11-03T12:03:42-0700] -------------------------------
[2024-11-03T12:04:21-0700] [measurement] Load environment variables from prod.env file
[2024-11-03T12:04:21-0700] [measurement] Load operator-specific env from verizon.env file
[2024-11-03T12:04:21-0700] Starting a network measurement, please choose a server
[2024-11-03T12:04:21-0700] 0) West Cloud: 54.176.53.206
[2024-11-03T12:04:21-0700] 1) East Cloud: 54.197.223.49
[2024-11-03T12:04:21-0700] 2) Los Angeles Wavelength: 161.188.33.234
[2024-11-03T12:04:21-0700] 3) Las Vegas Wavelength: 155.146.118.158
[2024-11-03T12:04:21-0700] 4) Denver Wavelength: 155.146.144.24
[2024-11-03T12:04:21-0700] 5) Chicago Wavelength: 155.146.180.31
[2024-11-03T12:04:21-0700] 6) Boston Wavelength: 155.146.11.34
[2024-11-03T12:04:31-0700] Enter your choice (0-6): Testing verizon, server 0 (ip: 54.176.53.206, nuttcp_port: 5101, iperf_port: 5001)
[2024-11-03T12:04:31-0700] -------------------------------
[2024-11-03T12:04:31-0700] tcp downlink test started at 2024-11-03 12:04:31.587 MST
[2024-11-03T12:04:31-0700] Testing tcp downlink with 54.176.53.206:5101, interval 0.5 s, duration 120 s, timeout 121 s...
[2024-11-03T12:06:32-0700] Current time exceeds end time, skipping wait
[2024-11-03T12:06:32-0700] Saved tcp downlink test to /data/data/com.termux/files/home/storage/shared/bos_la_2024_trip/verizon/20241103/120431571/tcp_downlink_120431607.out
[2024-11-03T12:06:32-0700] DL AVG TPUT: 
[2024-11-03T12:06:32-0700] tcp downlink test finished at 2024-11-03 12:06:32.711 MST, duration: 121.124 s
[2024-11-03T12:06:32-0700] -------------------------------
[2024-11-03T12:06:32-0700] Waiting for 2 s...
[2024-11-03T12:06:34-0700] -------------------------------
[2024-11-03T12:06:34-0700] Starting 5G booster for 5 s...
[2024-11-03T12:06:34-0700] 5G booster started at 2024-11-03 12:06:34.862 MST
[2024-11-03T12:06:40-0700] Current time exceeds end time, skipping wait
[2024-11-03T12:06:41-0700] Saved TCP DL results to /data/data/com.termux/files/home/storage/shared/bos_la_2024_trip/verizon/20241103/120431571/tcp_downlink_120634889.out
[2024-11-03T12:06:41-0700] DL AVG TPUT: 
[2024-11-03T12:06:41-0700] 5G booster finished at 2024-11-03 12:06:40.984 MST, duration: 6.122 s
[2024-11-03T12:06:41-0700] -------------------------------
[2024-11-03T12:06:41-0700] Waiting for 2 s...
[2024-11-03T12:06:43-0700] -------------------------------
[2024-11-03T12:06:43-0700] tcp uplink test started at 2024-11-03 12:06:43.106 MST
[2024-11-03T12:06:43-0700] testing tcp uplink with 54.176.53.206:5101, interval 0.5, duration 120, timeout 121 ...
[2024-11-03T12:08:44-0700] Current time exceeds end time, skipping wait
[2024-11-03T12:08:44-0700] Saved uplink test to /data/data/com.termux/files/home/storage/shared/bos_la_2024_trip/verizon/20241103/120431571/tcp_uplink_120643132.out
[2024-11-03T12:08:44-0700] UL AVG TPUT: 
[2024-11-03T12:08:44-0700] tcp uplink test finished at 2024-11-03 12:08:44.241 MST, duration: 121.135 s
[2024-11-03T12:08:44-0700] -------------------------------
[2024-11-03T12:08:44-0700] Waiting for 2 s...
[2024-11-03T12:08:46-0700] -------------------------------
[2024-11-03T12:08:46-0700] Starting 5G booster for 5 s...
[2024-11-03T12:08:46-0700] 5G booster started at 2024-11-03 12:08:46.381 MST
[2024-11-03T12:08:52-0700] Current time exceeds end time, skipping wait
[2024-11-03T12:08:52-0700] Saved TCP DL results to /data/data/com.termux/files/home/storage/shared/bos_la_2024_trip/verizon/20241103/120431571/tcp_downlink_120846409.out
[2024-11-03T12:08:52-0700] DL AVG TPUT: 
[2024-11-03T12:08:52-0700] 5G booster finished at 2024-11-03 12:08:52.522 MST, duration: 6.141 s
[2024-11-03T12:08:52-0700] -------------------------------
[2024-11-03T12:08:52-0700] Waiting for 2 s...
[2024-11-03T12:08:54-0700] -------------------------------
[2024-11-03T12:08:54-0700] ICMP Ping test started at 2024-11-03 12:08:54.641 MST
[2024-11-03T12:09:24-0700] Waiting for .888 s to reach end time
[2024-11-03T12:09:25-0700] Saved ping test to /data/data/com.termux/files/home/storage/shared/bos_la_2024_trip/verizon/20241103/120431571/icmp_ping_120854669.out
[2024-11-03T12:09:25-0700] Ping summary (min/avg/max/mdev) = 70.949/93.521/123.362/9.385 ms
[2024-11-03T12:09:25-0700] Ping test finished at 2024-11-03 12:09:25.742 MST, duration: 31.101 s
[2024-11-03T12:09:25-0700] -------------------------------
[2024-11-03T12:09:25-0700] Waiting for 2 s...
[2024-11-03T12:09:27-0700] -------------------------------
[2024-11-03T12:09:27-0700] Starting 5G booster for 5 s...
[2024-11-03T12:09:27-0700] 5G booster started at 2024-11-03 12:09:27.849 MST
[2024-11-03T12:09:33-0700] Current time exceeds end time, skipping wait
[2024-11-03T12:09:34-0700] Saved TCP DL results to /data/data/com.termux/files/home/storage/shared/bos_la_2024_trip/verizon/20241103/120431571/tcp_downlink_120927899.out
[2024-11-03T12:09:34-0700] DL AVG TPUT: 
[2024-11-03T12:09:34-0700] 5G booster finished at 2024-11-03 12:09:34.005 MST, duration: 6.156 s
[2024-11-03T12:09:34-0700] -------------------------------
[2024-11-03T12:09:34-0700] Waiting for 2 s...
[2024-11-03T12:09:36-0700] -------------------------------
[2024-11-03T12:09:36-0700] TCP Ping test started at 2024-11-03 12:09:36.113 MST
[2024-11-03T12:10:07-0700] Current time exceeds end time, skipping wait
[2024-11-03T12:10:07-0700] Saved TCP Ping test to /data/data/com.termux/files/home/storage/shared/bos_la_2024_trip/verizon/20241103/120431571/tcp_ping_120936145.out
[2024-11-03T12:10:07-0700] TCP Ping summary (min/avg/max/mdev) 
[2024-11-03T12:10:07-0700] TCP Ping test finished at 2024-11-03 12:10:07.270 MST, duration: 31.157 s
[2024-11-03T12:10:07-0700] -------------------------------
[2024-11-03T12:10:07-0700] Waiting for 2 s...
[2024-11-03T12:10:09-0700] -------------------------------
[2024-11-03T12:10:09-0700] Traceroute test started at 2024-11-03 12:10:09.377 MST
[2024-11-03T12:10:18-0700] Waiting for 21.306 s to reach end time
[2024-11-03T12:10:39-0700] Saved traceroute test to /data/data/com.termux/files/home/storage/shared/bos_la_2024_trip/verizon/20241103/120431571/traceroute_121009410.out
[2024-11-03T12:10:39-0700] Traceroute summary (min/avg/max/mdev) 
[2024-11-03T12:10:39-0700] Traceroute test finished at 2024-11-03 12:10:39.488 MST, duration: 30.111 s
[2024-11-03T12:10:39-0700] -------------------------------
[2024-11-03T12:10:39-0700] All tests completed, cleaning up...
[2024-11-03T12:10:39-0700] -------------------------------
[2024-11-03T12:11:25-0700] [measurement] Load environment variables from prod.env file
[2024-11-03T12:11:25-0700] [measurement] Load operator-specific env from verizon.env file
[2024-11-03T12:11:25-0700] Starting a network measurement, please choose a server
[2024-11-03T12:11:25-0700] 0) West Cloud: 54.176.53.206
[2024-11-03T12:11:25-0700] 1) East Cloud: 54.197.223.49
[2024-11-03T12:11:25-0700] 2) Los Angeles Wavelength: 161.188.33.234
[2024-11-03T12:11:25-0700] 3) Las Vegas Wavelength: 155.146.118.158
[2024-11-03T12:11:25-0700] 4) Denver Wavelength: 155.146.144.24
[2024-11-03T12:11:25-0700] 5) Chicago Wavelength: 155.146.180.31
[2024-11-03T12:11:25-0700] 6) Boston Wavelength: 155.146.11.34
[2024-11-03T12:11:33-0700] Enter your choice (0-6): Testing verizon, server 0 (ip: 54.176.53.206, nuttcp_port: 5101, iperf_port: 5001)
[2024-11-03T12:11:33-0700] -------------------------------
[2024-11-03T12:11:33-0700] tcp downlink test started at 2024-11-03 12:11:33.359 MST
[2024-11-03T12:11:33-0700] Testing tcp downlink with 54.176.53.206:5101, interval 0.5 s, duration 120 s, timeout 121 s...
[2024-11-03T12:13:34-0700] Current time exceeds end time, skipping wait
[2024-11-03T12:13:34-0700] Saved tcp downlink test to /data/data/com.termux/files/home/storage/shared/bos_la_2024_trip/verizon/20241103/121133341/tcp_downlink_121133398.out
[2024-11-03T12:13:34-0700] DL AVG TPUT: 
[2024-11-03T12:13:34-0700] tcp downlink test finished at 2024-11-03 12:13:34.491 MST, duration: 121.132 s
[2024-11-03T12:13:34-0700] -------------------------------
[2024-11-03T12:13:34-0700] Waiting for 2 s...
[2024-11-03T12:13:36-0700] -------------------------------
[2024-11-03T12:13:36-0700] Starting 5G booster for 5 s...
[2024-11-03T12:13:36-0700] 5G booster started at 2024-11-03 12:13:36.632 MST
[2024-11-03T12:13:42-0700] Current time exceeds end time, skipping wait
[2024-11-03T12:13:42-0700] Saved TCP DL results to /data/data/com.termux/files/home/storage/shared/bos_la_2024_trip/verizon/20241103/121133341/tcp_downlink_121336681.out
[2024-11-03T12:13:42-0700] DL AVG TPUT: 
[2024-11-03T12:13:42-0700] 5G booster finished at 2024-11-03 12:13:42.789 MST, duration: 6.157 s
[2024-11-03T12:13:42-0700] -------------------------------
[2024-11-03T12:13:42-0700] Waiting for 2 s...
[2024-11-03T12:13:44-0700] -------------------------------
[2024-11-03T12:13:44-0700] tcp uplink test started at 2024-11-03 12:13:44.879 MST
[2024-11-03T12:13:44-0700] testing tcp uplink with 54.176.53.206:5101, interval 0.5, duration 120, timeout 121 ...
[2024-11-03T12:15:45-0700] Current time exceeds end time, skipping wait
[2024-11-03T12:15:45-0700] Saved uplink test to /data/data/com.termux/files/home/storage/shared/bos_la_2024_trip/verizon/20241103/121133341/tcp_uplink_121344904.out
[2024-11-03T12:15:45-0700] UL AVG TPUT: 42.2655 Mbps
[2024-11-03T12:15:46-0700] tcp uplink test finished at 2024-11-03 12:15:45.957 MST, duration: 121.078 s
[2024-11-03T12:15:46-0700] -------------------------------
[2024-11-03T12:15:46-0700] Waiting for 2 s...
[2024-11-03T12:15:48-0700] -------------------------------
[2024-11-03T12:15:48-0700] Starting 5G booster for 5 s...
[2024-11-03T12:15:48-0700] 5G booster started at 2024-11-03 12:15:48.082 MST
[2024-11-03T12:15:54-0700] Current time exceeds end time, skipping wait
[2024-11-03T12:15:54-0700] Saved TCP DL results to /data/data/com.termux/files/home/storage/shared/bos_la_2024_trip/verizon/20241103/121133341/tcp_downlink_121548118.out
[2024-11-03T12:15:54-0700] DL AVG TPUT: 
[2024-11-03T12:15:54-0700] 5G booster finished at 2024-11-03 12:15:54.219 MST, duration: 6.137 s
[2024-11-03T12:15:54-0700] -------------------------------
[2024-11-03T12:15:54-0700] Waiting for 2 s...
[2024-11-03T12:15:56-0700] -------------------------------
[2024-11-03T12:15:56-0700] ICMP Ping test started at 2024-11-03 12:15:56.353 MST
[2024-11-03T12:16:26-0700] Waiting for .854 s to reach end time
[2024-11-03T12:16:27-0700] Saved ping test to /data/data/com.termux/files/home/storage/shared/bos_la_2024_trip/verizon/20241103/121133341/icmp_ping_121556393.out
[2024-11-03T12:16:27-0700] Ping summary (min/avg/max/mdev) = 70.660/90.411/252.489/25.442 ms
[2024-11-03T12:16:27-0700] Ping test finished at 2024-11-03 12:16:27.455 MST, duration: 31.102 s
[2024-11-03T12:16:27-0700] -------------------------------
[2024-11-03T12:16:27-0700] Waiting for 2 s...
[2024-11-03T12:16:29-0700] -------------------------------
[2024-11-03T12:16:29-0700] Starting 5G booster for 5 s...
[2024-11-03T12:16:29-0700] 5G booster started at 2024-11-03 12:16:29.574 MST
[2024-11-03T12:16:35-0700] Current time exceeds end time, skipping wait
[2024-11-03T12:16:35-0700] Saved TCP DL results to /data/data/com.termux/files/home/storage/shared/bos_la_2024_trip/verizon/20241103/121133341/tcp_downlink_121629631.out
[2024-11-03T12:16:35-0700] DL AVG TPUT: 
[2024-11-03T12:16:35-0700] 5G booster finished at 2024-11-03 12:16:35.740 MST, duration: 6.166 s
[2024-11-03T12:16:35-0700] -------------------------------
[2024-11-03T12:16:35-0700] Waiting for 2 s...
[2024-11-03T12:16:37-0700] -------------------------------
[2024-11-03T12:16:37-0700] TCP Ping test started at 2024-11-03 12:16:37.863 MST
[2024-11-03T12:17:09-0700] Current time exceeds end time, skipping wait
[2024-11-03T12:17:09-0700] Saved TCP Ping test to /data/data/com.termux/files/home/storage/shared/bos_la_2024_trip/verizon/20241103/121133341/tcp_ping_121637917.out
[2024-11-03T12:17:09-0700] TCP Ping summary (min/avg/max/mdev) 
[2024-11-03T12:17:09-0700] TCP Ping test finished at 2024-11-03 12:17:09.034 MST, duration: 31.171 s
[2024-11-03T12:17:09-0700] -------------------------------
[2024-11-03T12:17:09-0700] Waiting for 2 s...
[2024-11-03T12:17:11-0700] -------------------------------
[2024-11-03T12:17:11-0700] Traceroute test started at 2024-11-03 12:17:11.153 MST
[2024-11-03T12:17:14-0700] Waiting for 26.292 s to reach end time
[2024-11-03T12:17:41-0700] Saved traceroute test to /data/data/com.termux/files/home/storage/shared/bos_la_2024_trip/verizon/20241103/121133341/traceroute_121711189.out
[2024-11-03T12:17:41-0700] Traceroute summary (min/avg/max/mdev) 
[2024-11-03T12:17:41-0700] Traceroute test finished at 2024-11-03 12:17:41.244 MST, duration: 30.091 s
[2024-11-03T12:17:41-0700] -------------------------------
[2024-11-03T12:17:41-0700] All tests completed, cleaning up...
[2024-11-03T12:17:41-0700] -------------------------------
[2024-11-03T12:19:04-0700] [measurement] Load environment variables from prod.env file
[2024-11-03T12:19:04-0700] [measurement] Load operator-specific env from verizon.env file
[2024-11-03T12:19:04-0700] Starting a network measurement, please choose a server
[2024-11-03T12:19:04-0700] 0) West Cloud: 54.176.53.206
[2024-11-03T12:19:04-0700] 1) East Cloud: 54.197.223.49
[2024-11-03T12:19:04-0700] 2) Los Angeles Wavelength: 161.188.33.234
[2024-11-03T12:19:04-0700] 3) Las Vegas Wavelength: 155.146.118.158
[2024-11-03T12:19:04-0700] 4) Denver Wavelength: 155.146.144.24
[2024-11-03T12:19:04-0700] 5) Chicago Wavelength: 155.146.180.31
[2024-11-03T12:19:04-0700] 6) Boston Wavelength: 155.146.11.34
[2024-11-03T12:19:16-0700] Enter your choice (0-6): Testing verizon, server 0 (ip: 54.176.53.206, nuttcp_port: 5101, iperf_port: 5001)
[2024-11-03T12:19:16-0700] -------------------------------
[2024-11-03T12:19:16-0700] tcp downlink test started at 2024-11-03 12:19:16.968 MST
[2024-11-03T12:19:17-0700] Testing tcp downlink with 54.176.53.206:5101, interval 0.5 s, duration 120 s, timeout 121 s...
[2024-11-03T12:21:18-0700] Current time exceeds end time, skipping wait
[2024-11-03T12:21:18-0700] Saved tcp downlink test to /data/data/com.termux/files/home/storage/shared/bos_la_2024_trip/verizon/20241103/121916939/tcp_downlink_121917001.out
[2024-11-03T12:21:18-0700] DL AVG TPUT: 
[2024-11-03T12:21:18-0700] tcp downlink test finished at 2024-11-03 12:21:18.120 MST, duration: 121.152 s
[2024-11-03T12:21:18-0700] -------------------------------
[2024-11-03T12:21:18-0700] Waiting for 2 s...
[2024-11-03T12:21:20-0700] -------------------------------
[2024-11-03T12:21:20-0700] Starting 5G booster for 5 s...
[2024-11-03T12:21:20-0700] 5G booster started at 2024-11-03 12:21:20.281 MST
[2024-11-03T12:21:26-0700] Current time exceeds end time, skipping wait
[2024-11-03T12:21:26-0700] Saved TCP DL results to /data/data/com.termux/files/home/storage/shared/bos_la_2024_trip/verizon/20241103/121916939/tcp_downlink_122120321.out
[2024-11-03T12:21:26-0700] DL AVG TPUT: 
[2024-11-03T12:21:26-0700] 5G booster finished at 2024-11-03 12:21:26.454 MST, duration: 6.173 s
[2024-11-03T12:21:26-0700] -------------------------------
[2024-11-03T12:21:26-0700] Waiting for 2 s...
[2024-11-03T12:21:28-0700] -------------------------------
[2024-11-03T12:21:28-0700] tcp uplink test started at 2024-11-03 12:21:28.587 MST
[2024-11-03T12:21:28-0700] testing tcp uplink with 54.176.53.206:5101, interval 0.5, duration 120, timeout 121 ...
[2024-11-03T12:23:29-0700] Current time exceeds end time, skipping wait
[2024-11-03T12:23:29-0700] Saved uplink test to /data/data/com.termux/files/home/storage/shared/bos_la_2024_trip/verizon/20241103/121916939/tcp_uplink_122128631.out
[2024-11-03T12:23:29-0700] UL AVG TPUT: 
[2024-11-03T12:23:29-0700] tcp uplink test finished at 2024-11-03 12:23:29.754 MST, duration: 121.167 s
[2024-11-03T12:23:29-0700] -------------------------------
[2024-11-03T12:23:29-0700] Waiting for 2 s...
[2024-11-03T12:23:31-0700] -------------------------------
[2024-11-03T12:23:31-0700] Starting 5G booster for 5 s...
[2024-11-03T12:23:31-0700] 5G booster started at 2024-11-03 12:23:31.938 MST
[2024-11-03T12:23:38-0700] Current time exceeds end time, skipping wait
[2024-11-03T12:23:38-0700] Saved TCP DL results to /data/data/com.termux/files/home/storage/shared/bos_la_2024_trip/verizon/20241103/121916939/tcp_downlink_122331988.out
[2024-11-03T12:23:38-0700] DL AVG TPUT: 
[2024-11-03T12:23:38-0700] 5G booster finished at 2024-11-03 12:23:38.111 MST, duration: 6.173 s
[2024-11-03T12:23:38-0700] -------------------------------
[2024-11-03T12:23:38-0700] Waiting for 2 s...
[2024-11-03T12:23:40-0700] -------------------------------
[2024-11-03T12:23:40-0700] ICMP Ping test started at 2024-11-03 12:23:40.257 MST
[2024-11-03T12:24:10-0700] Waiting for .819 s to reach end time
[2024-11-03T12:24:11-0700] Saved ping test to /data/data/com.termux/files/home/storage/shared/bos_la_2024_trip/verizon/20241103/121916939/icmp_ping_122340308.out
[2024-11-03T12:24:11-0700] Ping summary (min/avg/max/mdev) = 69.354/80.322/147.467/11.872 ms
[2024-11-03T12:24:11-0700] Ping test finished at 2024-11-03 12:24:11.393 MST, duration: 31.136 s
[2024-11-03T12:24:11-0700] -------------------------------
[2024-11-03T12:24:11-0700] Waiting for 2 s...
[2024-11-03T12:24:13-0700] -------------------------------
[2024-11-03T12:24:13-0700] Starting 5G booster for 5 s...
[2024-11-03T12:24:13-0700] 5G booster started at 2024-11-03 12:24:13.538 MST
[2024-11-03T12:24:19-0700] Current time exceeds end time, skipping wait
[2024-11-03T12:24:19-0700] Saved TCP DL results to /data/data/com.termux/files/home/storage/shared/bos_la_2024_trip/verizon/20241103/121916939/tcp_downlink_122413582.out
[2024-11-03T12:24:19-0700] DL AVG TPUT: 
[2024-11-03T12:24:19-0700] 5G booster finished at 2024-11-03 12:24:19.695 MST, duration: 6.157 s
[2024-11-03T12:24:19-0700] -------------------------------
[2024-11-03T12:24:19-0700] Waiting for 2 s...
[2024-11-03T12:24:21-0700] -------------------------------
[2024-11-03T12:24:21-0700] TCP Ping test started at 2024-11-03 12:24:21.825 MST
[2024-11-03T12:24:52-0700] Current time exceeds end time, skipping wait
[2024-11-03T12:24:52-0700] Saved TCP Ping test to /data/data/com.termux/files/home/storage/shared/bos_la_2024_trip/verizon/20241103/121916939/tcp_ping_122421863.out
[2024-11-03T12:24:53-0700] TCP Ping summary (min/avg/max/mdev) 
[2024-11-03T12:24:53-0700] TCP Ping test finished at 2024-11-03 12:24:52.985 MST, duration: 31.160 s
[2024-11-03T12:24:53-0700] -------------------------------
[2024-11-03T12:24:53-0700] Waiting for 2 s...
[2024-11-03T12:24:55-0700] -------------------------------
[2024-11-03T12:24:55-0700] Traceroute test started at 2024-11-03 12:24:55.090 MST
[2024-11-03T12:24:57-0700] Waiting for 27.826 s to reach end time
[2024-11-03T12:25:25-0700] Saved traceroute test to /data/data/com.termux/files/home/storage/shared/bos_la_2024_trip/verizon/20241103/121916939/traceroute_122455122.out
[2024-11-03T12:25:25-0700] Traceroute summary (min/avg/max/mdev) 
[2024-11-03T12:25:25-0700] Traceroute test finished at 2024-11-03 12:25:25.157 MST, duration: 30.067 s
[2024-11-03T12:25:25-0700] -------------------------------
[2024-11-03T12:25:25-0700] All tests completed, cleaning up...
[2024-11-03T12:25:25-0700] -------------------------------
[2024-11-03T12:25:59-0700] [measurement] Load environment variables from prod.env file
[2024-11-03T12:25:59-0700] [measurement] Load operator-specific env from verizon.env file
[2024-11-03T12:25:59-0700] Starting a network measurement, please choose a server
[2024-11-03T12:25:59-0700] 0) West Cloud: 54.176.53.206
[2024-11-03T12:25:59-0700] 1) East Cloud: 54.197.223.49
[2024-11-03T12:25:59-0700] 2) Los Angeles Wavelength: 161.188.33.234
[2024-11-03T12:25:59-0700] 3) Las Vegas Wavelength: 155.146.118.158
[2024-11-03T12:25:59-0700] 4) Denver Wavelength: 155.146.144.24
[2024-11-03T12:25:59-0700] 5) Chicago Wavelength: 155.146.180.31
[2024-11-03T12:25:59-0700] 6) Boston Wavelength: 155.146.11.34
[2024-11-03T12:26:14-0700] Enter your choice (0-6): Testing verizon, server 0 (ip: 54.176.53.206, nuttcp_port: 5101, iperf_port: 5001)
[2024-11-03T12:26:14-0700] -------------------------------
[2024-11-03T12:26:14-0700] tcp downlink test started at 2024-11-03 12:26:14.843 MST
[2024-11-03T12:26:14-0700] Testing tcp downlink with 54.176.53.206:5101, interval 0.5 s, duration 120 s, timeout 121 s...
[2024-11-03T12:28:15-0700] Current time exceeds end time, skipping wait
[2024-11-03T12:28:15-0700] Saved tcp downlink test to /data/data/com.termux/files/home/storage/shared/bos_la_2024_trip/verizon/20241103/122614818/tcp_downlink_122614867.out
[2024-11-03T12:28:16-0700] DL AVG TPUT: 
[2024-11-03T12:28:16-0700] tcp downlink test finished at 2024-11-03 12:28:15.982 MST, duration: 121.139 s
[2024-11-03T12:28:16-0700] -------------------------------
[2024-11-03T12:28:16-0700] Waiting for 2 s...
[2024-11-03T12:28:18-0700] -------------------------------
[2024-11-03T12:28:18-0700] Starting 5G booster for 5 s...
[2024-11-03T12:28:18-0700] 5G booster started at 2024-11-03 12:28:18.123 MST
[2024-11-03T12:28:24-0700] Current time exceeds end time, skipping wait
[2024-11-03T12:28:24-0700] Saved TCP DL results to /data/data/com.termux/files/home/storage/shared/bos_la_2024_trip/verizon/20241103/122614818/tcp_downlink_122818170.out
[2024-11-03T12:28:24-0700] DL AVG TPUT: 
[2024-11-03T12:28:24-0700] 5G booster finished at 2024-11-03 12:28:24.277 MST, duration: 6.154 s
[2024-11-03T12:28:24-0700] -------------------------------
[2024-11-03T12:28:24-0700] Waiting for 2 s...
[2024-11-03T12:28:26-0700] -------------------------------
[2024-11-03T12:28:26-0700] tcp uplink test started at 2024-11-03 12:28:26.425 MST
[2024-11-03T12:28:26-0700] testing tcp uplink with 54.176.53.206:5101, interval 0.5, duration 120, timeout 121 ...
[2024-11-03T12:30:27-0700] Current time exceeds end time, skipping wait
[2024-11-03T12:30:27-0700] Saved uplink test to /data/data/com.termux/files/home/storage/shared/bos_la_2024_trip/verizon/20241103/122614818/tcp_uplink_122826470.out
[2024-11-03T12:30:27-0700] UL AVG TPUT: 
[2024-11-03T12:30:27-0700] tcp uplink test finished at 2024-11-03 12:30:27.596 MST, duration: 121.171 s
[2024-11-03T12:30:27-0700] -------------------------------
[2024-11-03T12:30:27-0700] Waiting for 2 s...
[2024-11-03T12:30:29-0700] -------------------------------
[2024-11-03T12:30:29-0700] Starting 5G booster for 5 s...
[2024-11-03T12:30:29-0700] 5G booster started at 2024-11-03 12:30:29.762 MST
[2024-11-03T12:30:35-0700] Current time exceeds end time, skipping wait
[2024-11-03T12:30:35-0700] Saved TCP DL results to /data/data/com.termux/files/home/storage/shared/bos_la_2024_trip/verizon/20241103/122614818/tcp_downlink_123029815.out
[2024-11-03T12:30:36-0700] DL AVG TPUT: 
[2024-11-03T12:30:36-0700] 5G booster finished at 2024-11-03 12:30:35.962 MST, duration: 6.200 s
[2024-11-03T12:30:36-0700] -------------------------------
[2024-11-03T12:30:36-0700] Waiting for 2 s...
[2024-11-03T12:30:38-0700] -------------------------------
[2024-11-03T12:30:38-0700] ICMP Ping test started at 2024-11-03 12:30:38.136 MST
[2024-11-03T12:31:08-0700] Waiting for .856 s to reach end time
[2024-11-03T12:31:09-0700] Saved ping test to /data/data/com.termux/files/home/storage/shared/bos_la_2024_trip/verizon/20241103/122614818/icmp_ping_123038182.out
[2024-11-03T12:31:09-0700] Ping summary (min/avg/max/mdev) = 67.275/83.923/184.489/16.879 ms
[2024-11-03T12:31:09-0700] Ping test finished at 2024-11-03 12:31:09.241 MST, duration: 31.105 s
[2024-11-03T12:31:09-0700] -------------------------------
[2024-11-03T12:31:09-0700] Waiting for 2 s...
[2024-11-03T12:31:11-0700] -------------------------------
[2024-11-03T12:31:11-0700] Starting 5G booster for 5 s...
[2024-11-03T12:31:11-0700] 5G booster started at 2024-11-03 12:31:11.386 MST
[2024-11-03T12:31:17-0700] Current time exceeds end time, skipping wait
[2024-11-03T12:31:17-0700] Saved TCP DL results to /data/data/com.termux/files/home/storage/shared/bos_la_2024_trip/verizon/20241103/122614818/tcp_downlink_123111429.out
[2024-11-03T12:31:17-0700] DL AVG TPUT: 
[2024-11-03T12:31:17-0700] 5G booster finished at 2024-11-03 12:31:17.522 MST, duration: 6.136 s
[2024-11-03T12:31:17-0700] -------------------------------
[2024-11-03T12:31:17-0700] Waiting for 2 s...
[2024-11-03T12:31:19-0700] -------------------------------
[2024-11-03T12:31:19-0700] TCP Ping test started at 2024-11-03 12:31:19.632 MST
[2024-11-03T12:31:50-0700] Current time exceeds end time, skipping wait
[2024-11-03T12:31:50-0700] Saved TCP Ping test to /data/data/com.termux/files/home/storage/shared/bos_la_2024_trip/verizon/20241103/122614818/tcp_ping_123119690.out
[2024-11-03T12:31:50-0700] TCP Ping summary (min/avg/max/mdev) 
[2024-11-03T12:31:50-0700] TCP Ping test finished at 2024-11-03 12:31:50.818 MST, duration: 31.186 s
[2024-11-03T12:31:50-0700] -------------------------------
[2024-11-03T12:31:50-0700] Waiting for 2 s...
[2024-11-03T12:31:52-0700] -------------------------------
[2024-11-03T12:31:52-0700] Traceroute test started at 2024-11-03 12:31:52.959 MST
[2024-11-03T12:31:55-0700] Waiting for 27.940 s to reach end time
[2024-11-03T12:32:23-0700] Saved traceroute test to /data/data/com.termux/files/home/storage/shared/bos_la_2024_trip/verizon/20241103/122614818/traceroute_123153007.out
[2024-11-03T12:32:23-0700] Traceroute summary (min/avg/max/mdev) 
[2024-11-03T12:32:23-0700] Traceroute test finished at 2024-11-03 12:32:23.014 MST, duration: 30.055 s
[2024-11-03T12:32:23-0700] -------------------------------
[2024-11-03T12:32:23-0700] All tests completed, cleaning up...
[2024-11-03T12:32:23-0700] -------------------------------
[2024-11-03T12:32:47-0700] [measurement] Load environment variables from prod.env file
[2024-11-03T12:32:47-0700] [measurement] Load operator-specific env from verizon.env file
[2024-11-03T12:32:47-0700] Starting a network measurement, please choose a server
[2024-11-03T12:32:47-0700] 0) West Cloud: 54.176.53.206
[2024-11-03T12:32:47-0700] 1) East Cloud: 54.197.223.49
[2024-11-03T12:32:47-0700] 2) Los Angeles Wavelength: 161.188.33.234
[2024-11-03T12:32:47-0700] 3) Las Vegas Wavelength: 155.146.118.158
[2024-11-03T12:32:47-0700] 4) Denver Wavelength: 155.146.144.24
[2024-11-03T12:32:47-0700] 5) Chicago Wavelength: 155.146.180.31
[2024-11-03T12:32:47-0700] 6) Boston Wavelength: 155.146.11.34
[2024-11-03T12:32:57-0700] Enter your choice (0-6): Testing verizon, server 0 (ip: 54.176.53.206, nuttcp_port: 5101, iperf_port: 5001)
[2024-11-03T12:32:57-0700] -------------------------------
[2024-11-03T12:32:57-0700] tcp downlink test started at 2024-11-03 12:32:57.596 MST
[2024-11-03T12:32:57-0700] Testing tcp downlink with 54.176.53.206:5101, interval 0.5 s, duration 120 s, timeout 121 s...
[2024-11-03T12:34:58-0700] Current time exceeds end time, skipping wait
[2024-11-03T12:34:58-0700] Saved tcp downlink test to /data/data/com.termux/files/home/storage/shared/bos_la_2024_trip/verizon/20241103/123257572/tcp_downlink_123257630.out
[2024-11-03T12:34:58-0700] DL AVG TPUT: 
[2024-11-03T12:34:58-0700] tcp downlink test finished at 2024-11-03 12:34:58.725 MST, duration: 121.129 s
[2024-11-03T12:34:58-0700] -------------------------------
[2024-11-03T12:34:58-0700] Waiting for 2 s...
[2024-11-03T12:35:00-0700] -------------------------------
[2024-11-03T12:35:00-0700] Starting 5G booster for 5 s...
[2024-11-03T12:35:00-0700] 5G booster started at 2024-11-03 12:35:00.821 MST
[2024-11-03T12:35:06-0700] Current time exceeds end time, skipping wait
[2024-11-03T12:35:06-0700] Saved TCP DL results to /data/data/com.termux/files/home/storage/shared/bos_la_2024_trip/verizon/20241103/123257572/tcp_downlink_123500844.out
[2024-11-03T12:35:06-0700] DL AVG TPUT: 
[2024-11-03T12:35:07-0700] 5G booster finished at 2024-11-03 12:35:06.945 MST, duration: 6.124 s
[2024-11-03T12:35:07-0700] -------------------------------
[2024-11-03T12:35:07-0700] Waiting for 2 s...
[2024-11-03T12:35:09-0700] -------------------------------
[2024-11-03T12:35:09-0700] tcp uplink test started at 2024-11-03 12:35:09.054 MST
[2024-11-03T12:35:09-0700] testing tcp uplink with 54.176.53.206:5101, interval 0.5, duration 120, timeout 121 ...
[2024-11-03T12:37:10-0700] Current time exceeds end time, skipping wait
[2024-11-03T12:37:10-0700] Saved uplink test to /data/data/com.termux/files/home/storage/shared/bos_la_2024_trip/verizon/20241103/123257572/tcp_uplink_123509111.out
[2024-11-03T12:37:10-0700] UL AVG TPUT: 
[2024-11-03T12:37:10-0700] tcp uplink test finished at 2024-11-03 12:37:10.236 MST, duration: 121.182 s
[2024-11-03T12:37:10-0700] -------------------------------
[2024-11-03T12:37:10-0700] Waiting for 2 s...
[2024-11-03T12:37:12-0700] -------------------------------
[2024-11-03T12:37:12-0700] Starting 5G booster for 5 s...
[2024-11-03T12:37:12-0700] 5G booster started at 2024-11-03 12:37:12.422 MST
[2024-11-03T12:37:18-0700] Current time exceeds end time, skipping wait
[2024-11-03T12:37:18-0700] Saved TCP DL results to /data/data/com.termux/files/home/storage/shared/bos_la_2024_trip/verizon/20241103/123257572/tcp_downlink_123712468.out
[2024-11-03T12:37:18-0700] DL AVG TPUT: 
[2024-11-03T12:37:18-0700] 5G booster finished at 2024-11-03 12:37:18.548 MST, duration: 6.126 s
[2024-11-03T12:37:18-0700] -------------------------------
[2024-11-03T12:37:18-0700] Waiting for 2 s...
[2024-11-03T12:37:20-0700] -------------------------------
[2024-11-03T12:37:20-0700] ICMP Ping test started at 2024-11-03 12:37:20.673 MST
[2024-11-03T12:37:50-0700] Waiting for .881 s to reach end time
[2024-11-03T12:37:51-0700] Saved ping test to /data/data/com.termux/files/home/storage/shared/bos_la_2024_trip/verizon/20241103/123257572/icmp_ping_123720707.out
[2024-11-03T12:37:51-0700] Ping summary (min/avg/max/mdev) = 66.491/79.823/119.946/8.694 ms
[2024-11-03T12:37:51-0700] Ping test finished at 2024-11-03 12:37:51.780 MST, duration: 31.107 s
[2024-11-03T12:37:51-0700] -------------------------------
[2024-11-03T12:37:51-0700] Waiting for 2 s...
[2024-11-03T12:37:53-0700] -------------------------------
[2024-11-03T12:37:53-0700] Starting 5G booster for 5 s...
[2024-11-03T12:37:53-0700] 5G booster started at 2024-11-03 12:37:53.927 MST
[2024-11-03T12:38:00-0700] Current time exceeds end time, skipping wait
[2024-11-03T12:38:00-0700] Saved TCP DL results to /data/data/com.termux/files/home/storage/shared/bos_la_2024_trip/verizon/20241103/123257572/tcp_downlink_123753970.out
[2024-11-03T12:38:00-0700] DL AVG TPUT: 
[2024-11-03T12:38:00-0700] 5G booster finished at 2024-11-03 12:38:00.040 MST, duration: 6.113 s
[2024-11-03T12:38:00-0700] -------------------------------
[2024-11-03T12:38:00-0700] Waiting for 2 s...
[2024-11-03T12:38:02-0700] -------------------------------
[2024-11-03T12:38:02-0700] TCP Ping test started at 2024-11-03 12:38:02.160 MST
[2024-11-03T12:38:33-0700] Current time exceeds end time, skipping wait
[2024-11-03T12:38:33-0700] Saved TCP Ping test to /data/data/com.termux/files/home/storage/shared/bos_la_2024_trip/verizon/20241103/123257572/tcp_ping_123802218.out
[2024-11-03T12:38:33-0700] TCP Ping summary (min/avg/max/mdev) 
[2024-11-03T12:38:33-0700] TCP Ping test finished at 2024-11-03 12:38:33.342 MST, duration: 31.182 s
[2024-11-03T12:38:33-0700] -------------------------------
[2024-11-03T12:38:33-0700] Waiting for 2 s...
[2024-11-03T12:38:35-0700] -------------------------------
[2024-11-03T12:38:35-0700] Traceroute test started at 2024-11-03 12:38:35.481 MST
[2024-11-03T12:38:39-0700] Waiting for 26.330 s to reach end time
[2024-11-03T12:39:05-0700] Saved traceroute test to /data/data/com.termux/files/home/storage/shared/bos_la_2024_trip/verizon/20241103/123257572/traceroute_123835521.out
[2024-11-03T12:39:05-0700] Traceroute summary (min/avg/max/mdev) 
[2024-11-03T12:39:05-0700] Traceroute test finished at 2024-11-03 12:39:05.601 MST, duration: 30.120 s
[2024-11-03T12:39:05-0700] -------------------------------
[2024-11-03T12:39:05-0700] All tests completed, cleaning up...
[2024-11-03T12:39:05-0700] -------------------------------
[2024-11-03T12:39:38-0700] [measurement] Load environment variables from prod.env file
[2024-11-03T12:39:38-0700] [measurement] Load operator-specific env from verizon.env file
[2024-11-03T12:39:38-0700] Starting a network measurement, please choose a server
[2024-11-03T12:39:38-0700] 0) West Cloud: 54.176.53.206
[2024-11-03T12:39:38-0700] 1) East Cloud: 54.197.223.49
[2024-11-03T12:39:38-0700] 2) Los Angeles Wavelength: 161.188.33.234
[2024-11-03T12:39:38-0700] 3) Las Vegas Wavelength: 155.146.118.158
[2024-11-03T12:39:38-0700] 4) Denver Wavelength: 155.146.144.24
[2024-11-03T12:39:38-0700] 5) Chicago Wavelength: 155.146.180.31
[2024-11-03T12:39:38-0700] 6) Boston Wavelength: 155.146.11.34
[2024-11-03T12:39:45-0700] Enter your choice (0-6): Testing verizon, server 0 (ip: 54.176.53.206, nuttcp_port: 5101, iperf_port: 5001)
[2024-11-03T12:39:45-0700] -------------------------------
[2024-11-03T12:39:45-0700] tcp downlink test started at 2024-11-03 12:39:45.908 MST
[2024-11-03T12:39:45-0700] Testing tcp downlink with 54.176.53.206:5101, interval 0.5 s, duration 120 s, timeout 121 s...
[2024-11-03T12:41:47-0700] Current time exceeds end time, skipping wait
[2024-11-03T12:41:47-0700] Saved tcp downlink test to /data/data/com.termux/files/home/storage/shared/bos_la_2024_trip/verizon/20241103/123945884/tcp_downlink_123945939.out
[2024-11-03T12:41:47-0700] DL AVG TPUT: 
[2024-11-03T12:41:47-0700] tcp downlink test finished at 2024-11-03 12:41:47.048 MST, duration: 121.140 s
[2024-11-03T12:41:47-0700] -------------------------------
[2024-11-03T12:41:47-0700] Waiting for 2 s...
[2024-11-03T12:41:49-0700] -------------------------------
[2024-11-03T12:41:49-0700] Starting 5G booster for 5 s...
[2024-11-03T12:41:49-0700] 5G booster started at 2024-11-03 12:41:49.177 MST
[2024-11-03T12:41:55-0700] Current time exceeds end time, skipping wait
[2024-11-03T12:41:55-0700] Saved TCP DL results to /data/data/com.termux/files/home/storage/shared/bos_la_2024_trip/verizon/20241103/123945884/tcp_downlink_124149204.out
[2024-11-03T12:41:55-0700] DL AVG TPUT: 
[2024-11-03T12:41:55-0700] 5G booster finished at 2024-11-03 12:41:55.306 MST, duration: 6.129 s
[2024-11-03T12:41:55-0700] -------------------------------
[2024-11-03T12:41:55-0700] Waiting for 2 s...
[2024-11-03T12:41:57-0700] -------------------------------
[2024-11-03T12:41:57-0700] tcp uplink test started at 2024-11-03 12:41:57.441 MST
[2024-11-03T12:41:57-0700] testing tcp uplink with 54.176.53.206:5101, interval 0.5, duration 120, timeout 121 ...
[2024-11-03T12:43:58-0700] Current time exceeds end time, skipping wait
[2024-11-03T12:43:58-0700] Saved uplink test to /data/data/com.termux/files/home/storage/shared/bos_la_2024_trip/verizon/20241103/123945884/tcp_uplink_124157491.out
[2024-11-03T12:43:58-0700] UL AVG TPUT: 
[2024-11-03T12:43:58-0700] tcp uplink test finished at 2024-11-03 12:43:58.584 MST, duration: 121.143 s
[2024-11-03T12:43:58-0700] -------------------------------
[2024-11-03T12:43:58-0700] Waiting for 2 s...
[2024-11-03T12:44:00-0700] -------------------------------
[2024-11-03T12:44:00-0700] Starting 5G booster for 5 s...
[2024-11-03T12:44:00-0700] 5G booster started at 2024-11-03 12:44:00.716 MST
[2024-11-03T12:44:06-0700] Current time exceeds end time, skipping wait
[2024-11-03T12:44:06-0700] Saved TCP DL results to /data/data/com.termux/files/home/storage/shared/bos_la_2024_trip/verizon/20241103/123945884/tcp_downlink_124400767.out
[2024-11-03T12:44:06-0700] DL AVG TPUT: 
[2024-11-03T12:44:07-0700] 5G booster finished at 2024-11-03 12:44:06.897 MST, duration: 6.181 s
[2024-11-03T12:44:07-0700] -------------------------------
[2024-11-03T12:44:07-0700] Waiting for 2 s...
[2024-11-03T12:44:09-0700] -------------------------------
[2024-11-03T12:44:09-0700] ICMP Ping test started at 2024-11-03 12:44:09.027 MST
[2024-11-03T12:44:39-0700] Waiting for .825 s to reach end time
[2024-11-03T12:44:40-0700] Saved ping test to /data/data/com.termux/files/home/storage/shared/bos_la_2024_trip/verizon/20241103/123945884/icmp_ping_124409076.out
[2024-11-03T12:44:40-0700] Ping summary (min/avg/max/mdev) = 92.619/103.497/119.298/5.494 ms
[2024-11-03T12:44:40-0700] Ping test finished at 2024-11-03 12:44:40.137 MST, duration: 31.110 s
[2024-11-03T12:44:40-0700] -------------------------------
[2024-11-03T12:44:40-0700] Waiting for 2 s...
[2024-11-03T12:44:42-0700] -------------------------------
[2024-11-03T12:44:42-0700] Starting 5G booster for 5 s...
[2024-11-03T12:44:42-0700] 5G booster started at 2024-11-03 12:44:42.293 MST
[2024-11-03T12:44:48-0700] Current time exceeds end time, skipping wait
[2024-11-03T12:44:48-0700] Saved TCP DL results to /data/data/com.termux/files/home/storage/shared/bos_la_2024_trip/verizon/20241103/123945884/tcp_downlink_124442340.out
[2024-11-03T12:44:48-0700] DL AVG TPUT: 
[2024-11-03T12:44:48-0700] 5G booster finished at 2024-11-03 12:44:48.450 MST, duration: 6.157 s
[2024-11-03T12:44:48-0700] -------------------------------
[2024-11-03T12:44:48-0700] Waiting for 2 s...
[2024-11-03T12:44:50-0700] -------------------------------
[2024-11-03T12:44:50-0700] TCP Ping test started at 2024-11-03 12:44:50.587 MST
[2024-11-03T12:45:21-0700] Current time exceeds end time, skipping wait
[2024-11-03T12:45:21-0700] Saved TCP Ping test to /data/data/com.termux/files/home/storage/shared/bos_la_2024_trip/verizon/20241103/123945884/tcp_ping_124450626.out
[2024-11-03T12:45:21-0700] TCP Ping summary (min/avg/max/mdev) 
[2024-11-03T12:45:21-0700] TCP Ping test finished at 2024-11-03 12:45:21.763 MST, duration: 31.176 s
[2024-11-03T12:45:21-0700] -------------------------------
[2024-11-03T12:45:21-0700] Waiting for 2 s...
[2024-11-03T12:45:23-0700] -------------------------------
[2024-11-03T12:45:23-0700] Traceroute test started at 2024-11-03 12:45:23.882 MST
[2024-11-03T12:45:26-0700] Waiting for 27.449 s to reach end time
[2024-11-03T12:45:53-0700] Saved traceroute test to /data/data/com.termux/files/home/storage/shared/bos_la_2024_trip/verizon/20241103/123945884/traceroute_124523912.out
[2024-11-03T12:45:54-0700] Traceroute summary (min/avg/max/mdev) 
[2024-11-03T12:45:54-0700] Traceroute test finished at 2024-11-03 12:45:53.992 MST, duration: 30.110 s
[2024-11-03T12:45:54-0700] -------------------------------
[2024-11-03T12:45:54-0700] All tests completed, cleaning up...
[2024-11-03T12:45:54-0700] -------------------------------
[2024-11-03T12:46:21-0700] [measurement] Load environment variables from prod.env file
[2024-11-03T12:46:21-0700] [measurement] Load operator-specific env from verizon.env file
[2024-11-03T12:46:21-0700] Starting a network measurement, please choose a server
[2024-11-03T12:46:21-0700] 0) West Cloud: 54.176.53.206
[2024-11-03T12:46:21-0700] 1) East Cloud: 54.197.223.49
[2024-11-03T12:46:21-0700] 2) Los Angeles Wavelength: 161.188.33.234
[2024-11-03T12:46:21-0700] 3) Las Vegas Wavelength: 155.146.118.158
[2024-11-03T12:46:21-0700] 4) Denver Wavelength: 155.146.144.24
[2024-11-03T12:46:21-0700] 5) Chicago Wavelength: 155.146.180.31
[2024-11-03T12:46:21-0700] 6) Boston Wavelength: 155.146.11.34
[2024-11-03T12:46:31-0700] Enter your choice (0-6): Testing verizon, server 0 (ip: 54.176.53.206, nuttcp_port: 5101, iperf_port: 5001)
[2024-11-03T12:46:31-0700] -------------------------------
[2024-11-03T12:46:31-0700] tcp downlink test started at 2024-11-03 12:46:31.417 MST
[2024-11-03T12:46:31-0700] Testing tcp downlink with 54.176.53.206:5101, interval 0.5 s, duration 120 s, timeout 121 s...
[2024-11-03T12:48:32-0700] Current time exceeds end time, skipping wait
[2024-11-03T12:48:32-0700] Saved tcp downlink test to /data/data/com.termux/files/home/storage/shared/bos_la_2024_trip/verizon/20241103/124631394/tcp_downlink_124631449.out
[2024-11-03T12:48:32-0700] DL AVG TPUT: 
[2024-11-03T12:48:32-0700] tcp downlink test finished at 2024-11-03 12:48:32.523 MST, duration: 121.106 s
[2024-11-03T12:48:32-0700] -------------------------------
[2024-11-03T12:48:32-0700] Waiting for 2 s...
[2024-11-03T12:48:34-0700] -------------------------------
[2024-11-03T12:48:34-0700] Starting 5G booster for 5 s...
[2024-11-03T12:48:34-0700] 5G booster started at 2024-11-03 12:48:34.642 MST
[2024-11-03T12:48:40-0700] Current time exceeds end time, skipping wait
[2024-11-03T12:48:40-0700] Saved TCP DL results to /data/data/com.termux/files/home/storage/shared/bos_la_2024_trip/verizon/20241103/124631394/tcp_downlink_124834667.out
[2024-11-03T12:48:40-0700] DL AVG TPUT: 
[2024-11-03T12:48:40-0700] 5G booster finished at 2024-11-03 12:48:40.780 MST, duration: 6.138 s
[2024-11-03T12:48:40-0700] -------------------------------
[2024-11-03T12:48:40-0700] Waiting for 2 s...
[2024-11-03T12:48:42-0700] -------------------------------
[2024-11-03T12:48:42-0700] tcp uplink test started at 2024-11-03 12:48:42.914 MST
[2024-11-03T12:48:42-0700] testing tcp uplink with 54.176.53.206:5101, interval 0.5, duration 120, timeout 121 ...
[2024-11-03T12:50:44-0700] Current time exceeds end time, skipping wait
[2024-11-03T12:50:44-0700] Saved uplink test to /data/data/com.termux/files/home/storage/shared/bos_la_2024_trip/verizon/20241103/124631394/tcp_uplink_124842943.out
[2024-11-03T12:50:44-0700] UL AVG TPUT: 
[2024-11-03T12:50:44-0700] tcp uplink test finished at 2024-11-03 12:50:44.076 MST, duration: 121.162 s
[2024-11-03T12:50:44-0700] -------------------------------
[2024-11-03T12:50:44-0700] Waiting for 2 s...
[2024-11-03T12:50:46-0700] -------------------------------
[2024-11-03T12:50:46-0700] Starting 5G booster for 5 s...
[2024-11-03T12:50:46-0700] 5G booster started at 2024-11-03 12:50:46.240 MST
[2024-11-03T12:50:52-0700] Current time exceeds end time, skipping wait
[2024-11-03T12:50:52-0700] Saved TCP DL results to /data/data/com.termux/files/home/storage/shared/bos_la_2024_trip/verizon/20241103/124631394/tcp_downlink_125046279.out
[2024-11-03T12:50:52-0700] DL AVG TPUT: 
[2024-11-03T12:50:52-0700] 5G booster finished at 2024-11-03 12:50:52.362 MST, duration: 6.122 s
[2024-11-03T12:50:52-0700] -------------------------------
[2024-11-03T12:50:52-0700] Waiting for 2 s...
[2024-11-03T12:50:54-0700] -------------------------------
[2024-11-03T12:50:54-0700] ICMP Ping test started at 2024-11-03 12:50:54.490 MST
[2024-11-03T12:51:24-0700] Waiting for .860 s to reach end time
[2024-11-03T12:51:25-0700] Saved ping test to /data/data/com.termux/files/home/storage/shared/bos_la_2024_trip/verizon/20241103/124631394/icmp_ping_125054543.out
[2024-11-03T12:51:25-0700] Ping summary (min/avg/max/mdev) = 65.094/88.955/218.717/13.192 ms
[2024-11-03T12:51:25-0700] Ping test finished at 2024-11-03 12:51:25.606 MST, duration: 31.116 s
[2024-11-03T12:51:25-0700] -------------------------------
[2024-11-03T12:51:25-0700] Waiting for 2 s...
[2024-11-03T12:51:27-0700] -------------------------------
[2024-11-03T12:51:27-0700] Starting 5G booster for 5 s...
[2024-11-03T12:51:27-0700] 5G booster started at 2024-11-03 12:51:27.792 MST
[2024-11-03T12:51:33-0700] Current time exceeds end time, skipping wait
[2024-11-03T12:51:33-0700] Saved TCP DL results to /data/data/com.termux/files/home/storage/shared/bos_la_2024_trip/verizon/20241103/124631394/tcp_downlink_125127827.out
[2024-11-03T12:51:33-0700] DL AVG TPUT: 
[2024-11-03T12:51:34-0700] 5G booster finished at 2024-11-03 12:51:33.927 MST, duration: 6.135 s
[2024-11-03T12:51:34-0700] -------------------------------
[2024-11-03T12:51:34-0700] Waiting for 2 s...
[2024-11-03T12:51:36-0700] -------------------------------
[2024-11-03T12:51:36-0700] TCP Ping test started at 2024-11-03 12:51:36.029 MST
[2024-11-03T12:52:07-0700] Current time exceeds end time, skipping wait
[2024-11-03T12:52:07-0700] Saved TCP Ping test to /data/data/com.termux/files/home/storage/shared/bos_la_2024_trip/verizon/20241103/124631394/tcp_ping_125136061.out
[2024-11-03T12:52:07-0700] TCP Ping summary (min/avg/max/mdev) 
[2024-11-03T12:52:07-0700] TCP Ping test finished at 2024-11-03 12:52:07.161 MST, duration: 31.132 s
[2024-11-03T12:52:07-0700] -------------------------------
[2024-11-03T12:52:07-0700] Waiting for 2 s...
[2024-11-03T12:52:09-0700] -------------------------------
[2024-11-03T12:52:09-0700] Traceroute test started at 2024-11-03 12:52:09.279 MST
[2024-11-03T12:52:12-0700] Waiting for 27.118 s to reach end time
[2024-11-03T12:52:39-0700] Saved traceroute test to /data/data/com.termux/files/home/storage/shared/bos_la_2024_trip/verizon/20241103/124631394/traceroute_125209307.out
[2024-11-03T12:52:39-0700] Traceroute summary (min/avg/max/mdev) 
[2024-11-03T12:52:39-0700] Traceroute test finished at 2024-11-03 12:52:39.346 MST, duration: 30.067 s
[2024-11-03T12:52:39-0700] -------------------------------
[2024-11-03T12:52:39-0700] All tests completed, cleaning up...
[2024-11-03T12:52:39-0700] -------------------------------
[2024-11-03T12:54:22-0700] [measurement] Load environment variables from prod.env file
[2024-11-03T12:54:22-0700] [measurement] Load operator-specific env from verizon.env file
[2024-11-03T12:54:22-0700] Starting a network measurement, please choose a server
[2024-11-03T12:54:22-0700] 0) West Cloud: 54.176.53.206
[2024-11-03T12:54:22-0700] 1) East Cloud: 54.197.223.49
[2024-11-03T12:54:22-0700] 2) Los Angeles Wavelength: 161.188.33.234
[2024-11-03T12:54:22-0700] 3) Las Vegas Wavelength: 155.146.118.158
[2024-11-03T12:54:22-0700] 4) Denver Wavelength: 155.146.144.24
[2024-11-03T12:54:22-0700] 5) Chicago Wavelength: 155.146.180.31
[2024-11-03T12:54:22-0700] 6) Boston Wavelength: 155.146.11.34
[2024-11-03T12:54:40-0700] Enter your choice (0-6): Testing verizon, server 0 (ip: 54.176.53.206, nuttcp_port: 5101, iperf_port: 5001)
[2024-11-03T12:54:41-0700] -------------------------------
[2024-11-03T12:54:41-0700] tcp downlink test started at 2024-11-03 12:54:41.060 MST
[2024-11-03T12:54:41-0700] Testing tcp downlink with 54.176.53.206:5101, interval 0.5 s, duration 120 s, timeout 121 s...
[2024-11-03T12:56:42-0700] Current time exceeds end time, skipping wait
[2024-11-03T12:56:42-0700] Saved tcp downlink test to /data/data/com.termux/files/home/storage/shared/bos_la_2024_trip/verizon/20241103/125441037/tcp_downlink_125441087.out
[2024-11-03T12:56:42-0700] DL AVG TPUT: 
[2024-11-03T12:56:42-0700] tcp downlink test finished at 2024-11-03 12:56:42.197 MST, duration: 121.137 s
[2024-11-03T12:56:42-0700] -------------------------------
[2024-11-03T12:56:42-0700] Waiting for 2 s...
[2024-11-03T12:56:44-0700] -------------------------------
[2024-11-03T12:56:44-0700] Starting 5G booster for 5 s...
[2024-11-03T12:56:44-0700] 5G booster started at 2024-11-03 12:56:44.325 MST
[2024-11-03T12:56:50-0700] Current time exceeds end time, skipping wait
[2024-11-03T12:56:50-0700] Saved TCP DL results to /data/data/com.termux/files/home/storage/shared/bos_la_2024_trip/verizon/20241103/125441037/tcp_downlink_125644361.out
[2024-11-03T12:56:50-0700] DL AVG TPUT: 
[2024-11-03T12:56:50-0700] 5G booster finished at 2024-11-03 12:56:50.455 MST, duration: 6.130 s
[2024-11-03T12:56:50-0700] -------------------------------
[2024-11-03T12:56:50-0700] Waiting for 2 s...
[2024-11-03T12:56:52-0700] -------------------------------
[2024-11-03T12:56:52-0700] tcp uplink test started at 2024-11-03 12:56:52.598 MST
[2024-11-03T12:56:52-0700] testing tcp uplink with 54.176.53.206:5101, interval 0.5, duration 120, timeout 121 ...
[2024-11-03T12:58:53-0700] Current time exceeds end time, skipping wait
[2024-11-03T12:58:53-0700] Saved uplink test to /data/data/com.termux/files/home/storage/shared/bos_la_2024_trip/verizon/20241103/125441037/tcp_uplink_125652639.out
[2024-11-03T12:58:53-0700] UL AVG TPUT: 
[2024-11-03T12:58:53-0700] tcp uplink test finished at 2024-11-03 12:58:53.739 MST, duration: 121.141 s
[2024-11-03T12:58:53-0700] -------------------------------
[2024-11-03T12:58:53-0700] Waiting for 2 s...
[2024-11-03T12:58:55-0700] -------------------------------
[2024-11-03T12:58:55-0700] Starting 5G booster for 5 s...
[2024-11-03T12:58:55-0700] 5G booster started at 2024-11-03 12:58:55.884 MST
[2024-11-03T12:59:02-0700] Current time exceeds end time, skipping wait
[2024-11-03T12:59:02-0700] Saved TCP DL results to /data/data/com.termux/files/home/storage/shared/bos_la_2024_trip/verizon/20241103/125441037/tcp_downlink_125855924.out
[2024-11-03T12:59:02-0700] DL AVG TPUT: 
[2024-11-03T12:59:02-0700] 5G booster finished at 2024-11-03 12:59:02.019 MST, duration: 6.135 s
[2024-11-03T12:59:02-0700] -------------------------------
[2024-11-03T12:59:02-0700] Waiting for 2 s...
[2024-11-03T12:59:04-0700] -------------------------------
[2024-11-03T12:59:04-0700] ICMP Ping test started at 2024-11-03 12:59:04.151 MST
[2024-11-03T12:59:34-0700] Waiting for .856 s to reach end time
[2024-11-03T12:59:35-0700] Saved ping test to /data/data/com.termux/files/home/storage/shared/bos_la_2024_trip/verizon/20241103/125441037/icmp_ping_125904192.out
[2024-11-03T12:59:35-0700] Ping summary (min/avg/max/mdev) = 67.884/88.559/219.898/21.937 ms
[2024-11-03T12:59:35-0700] Ping test finished at 2024-11-03 12:59:35.255 MST, duration: 31.104 s
[2024-11-03T12:59:35-0700] -------------------------------
[2024-11-03T12:59:35-0700] Waiting for 2 s...
[2024-11-03T12:59:37-0700] -------------------------------
[2024-11-03T12:59:37-0700] Starting 5G booster for 5 s...
[2024-11-03T12:59:37-0700] 5G booster started at 2024-11-03 12:59:37.375 MST
[2024-11-03T12:59:43-0700] Current time exceeds end time, skipping wait
[2024-11-03T12:59:43-0700] Saved TCP DL results to /data/data/com.termux/files/home/storage/shared/bos_la_2024_trip/verizon/20241103/125441037/tcp_downlink_125937430.out
[2024-11-03T12:59:43-0700] DL AVG TPUT: 
[2024-11-03T12:59:43-0700] 5G booster finished at 2024-11-03 12:59:43.544 MST, duration: 6.169 s
[2024-11-03T12:59:43-0700] -------------------------------
[2024-11-03T12:59:43-0700] Waiting for 2 s...
[2024-11-03T12:59:45-0700] -------------------------------
[2024-11-03T12:59:45-0700] TCP Ping test started at 2024-11-03 12:59:45.680 MST
[2024-11-03T13:00:16-0700] Current time exceeds end time, skipping wait
[2024-11-03T13:00:16-0700] Saved TCP Ping test to /data/data/com.termux/files/home/storage/shared/bos_la_2024_trip/verizon/20241103/125441037/tcp_ping_125945731.out
[2024-11-03T13:00:16-0700] TCP Ping summary (min/avg/max/mdev) 
[2024-11-03T13:00:16-0700] TCP Ping test finished at 2024-11-03 13:00:16.817 MST, duration: 31.137 s
[2024-11-03T13:00:16-0700] -------------------------------
[2024-11-03T13:00:16-0700] Waiting for 2 s...
[2024-11-03T13:00:18-0700] -------------------------------
[2024-11-03T13:00:18-0700] Traceroute test started at 2024-11-03 13:00:18.948 MST
[2024-11-03T13:00:22-0700] Waiting for 26.781 s to reach end time
[2024-11-03T13:00:49-0700] Saved traceroute test to /data/data/com.termux/files/home/storage/shared/bos_la_2024_trip/verizon/20241103/125441037/traceroute_130018978.out
[2024-11-03T13:00:49-0700] Traceroute summary (min/avg/max/mdev) 
[2024-11-03T13:00:49-0700] Traceroute test finished at 2024-11-03 13:00:49.019 MST, duration: 30.071 s
[2024-11-03T13:00:49-0700] -------------------------------
[2024-11-03T13:00:49-0700] All tests completed, cleaning up...
[2024-11-03T13:00:49-0700] -------------------------------
[2024-11-03T13:01:49-0700] [measurement] Load environment variables from prod.env file
[2024-11-03T13:01:49-0700] [measurement] Load operator-specific env from verizon.env file
[2024-11-03T13:01:49-0700] Starting a network measurement, please choose a server
[2024-11-03T13:01:49-0700] 0) West Cloud: 54.176.53.206
[2024-11-03T13:01:49-0700] 1) East Cloud: 54.197.223.49
[2024-11-03T13:01:49-0700] 2) Los Angeles Wavelength: 161.188.33.234
[2024-11-03T13:01:49-0700] 3) Las Vegas Wavelength: 155.146.118.158
[2024-11-03T13:01:49-0700] 4) Denver Wavelength: 155.146.144.24
[2024-11-03T13:01:49-0700] 5) Chicago Wavelength: 155.146.180.31
[2024-11-03T13:01:49-0700] 6) Boston Wavelength: 155.146.11.34
[2024-11-03T13:02:01-0700] Enter your choice (0-6): Testing verizon, server 0 (ip: 54.176.53.206, nuttcp_port: 5101, iperf_port: 5001)
[2024-11-03T13:02:02-0700] -------------------------------
[2024-11-03T13:02:02-0700] tcp downlink test started at 2024-11-03 13:02:02.032 MST
[2024-11-03T13:02:02-0700] Testing tcp downlink with 54.176.53.206:5101, interval 0.5 s, duration 120 s, timeout 121 s...
[2024-11-03T13:04:03-0700] Current time exceeds end time, skipping wait
[2024-11-03T13:04:03-0700] Saved tcp downlink test to /data/data/com.termux/files/home/storage/shared/bos_la_2024_trip/verizon/20241103/130202013/tcp_downlink_130202063.out
[2024-11-03T13:04:03-0700] DL AVG TPUT: 
[2024-11-03T13:04:03-0700] tcp downlink test finished at 2024-11-03 13:04:03.181 MST, duration: 121.149 s
[2024-11-03T13:04:03-0700] -------------------------------
[2024-11-03T13:04:03-0700] Waiting for 2 s...
[2024-11-03T13:04:05-0700] -------------------------------
[2024-11-03T13:04:05-0700] Starting 5G booster for 5 s...
[2024-11-03T13:04:05-0700] 5G booster started at 2024-11-03 13:04:05.309 MST
[2024-11-03T13:04:11-0700] Current time exceeds end time, skipping wait
[2024-11-03T13:04:11-0700] Saved TCP DL results to /data/data/com.termux/files/home/storage/shared/bos_la_2024_trip/verizon/20241103/130202013/tcp_downlink_130405367.out
[2024-11-03T13:04:11-0700] DL AVG TPUT: 
[2024-11-03T13:04:11-0700] 5G booster finished at 2024-11-03 13:04:11.480 MST, duration: 6.171 s
[2024-11-03T13:04:11-0700] -------------------------------
[2024-11-03T13:04:11-0700] Waiting for 2 s...
[2024-11-03T13:04:13-0700] -------------------------------
[2024-11-03T13:04:13-0700] tcp uplink test started at 2024-11-03 13:04:13.607 MST
[2024-11-03T13:04:13-0700] testing tcp uplink with 54.176.53.206:5101, interval 0.5, duration 120, timeout 121 ...
[2024-11-03T13:06:14-0700] Current time exceeds end time, skipping wait
[2024-11-03T13:06:14-0700] Saved uplink test to /data/data/com.termux/files/home/storage/shared/bos_la_2024_trip/verizon/20241103/130202013/tcp_uplink_130413635.out
[2024-11-03T13:06:14-0700] UL AVG TPUT: 
[2024-11-03T13:06:14-0700] tcp uplink test finished at 2024-11-03 13:06:14.716 MST, duration: 121.109 s
[2024-11-03T13:06:14-0700] -------------------------------
[2024-11-03T13:06:14-0700] Waiting for 2 s...
[2024-11-03T13:06:16-0700] -------------------------------
[2024-11-03T13:06:16-0700] Starting 5G booster for 5 s...
[2024-11-03T13:06:16-0700] 5G booster started at 2024-11-03 13:06:16.836 MST
[2024-11-03T13:06:22-0700] Current time exceeds end time, skipping wait
[2024-11-03T13:06:22-0700] Saved TCP DL results to /data/data/com.termux/files/home/storage/shared/bos_la_2024_trip/verizon/20241103/130202013/tcp_downlink_130616864.out
[2024-11-03T13:06:22-0700] DL AVG TPUT: 
[2024-11-03T13:06:23-0700] 5G booster finished at 2024-11-03 13:06:22.940 MST, duration: 6.104 s
[2024-11-03T13:06:23-0700] -------------------------------
[2024-11-03T13:06:23-0700] Waiting for 2 s...
[2024-11-03T13:06:25-0700] -------------------------------
[2024-11-03T13:06:25-0700] ICMP Ping test started at 2024-11-03 13:06:25.032 MST
[2024-11-03T13:06:55-0700] Waiting for .930 s to reach end time
[2024-11-03T13:06:56-0700] Saved ping test to /data/data/com.termux/files/home/storage/shared/bos_la_2024_trip/verizon/20241103/130202013/icmp_ping_130625053.out
[2024-11-03T13:06:56-0700] Ping summary (min/avg/max/mdev) = 64.812/76.773/89.761/4.736 ms
[2024-11-03T13:06:56-0700] Ping test finished at 2024-11-03 13:06:56.081 MST, duration: 31.049 s
[2024-11-03T13:06:56-0700] -------------------------------
[2024-11-03T13:06:56-0700] Waiting for 2 s...
[2024-11-03T13:06:58-0700] -------------------------------
[2024-11-03T13:06:58-0700] Starting 5G booster for 5 s...
[2024-11-03T13:06:58-0700] 5G booster started at 2024-11-03 13:06:58.177 MST
[2024-11-03T13:07:04-0700] Current time exceeds end time, skipping wait
[2024-11-03T13:07:04-0700] Saved TCP DL results to /data/data/com.termux/files/home/storage/shared/bos_la_2024_trip/verizon/20241103/130202013/tcp_downlink_130658228.out
[2024-11-03T13:07:04-0700] DL AVG TPUT: 
[2024-11-03T13:07:04-0700] 5G booster finished at 2024-11-03 13:07:04.304 MST, duration: 6.127 s
[2024-11-03T13:07:04-0700] -------------------------------
[2024-11-03T13:07:04-0700] Waiting for 2 s...
[2024-11-03T13:07:06-0700] -------------------------------
[2024-11-03T13:07:06-0700] TCP Ping test started at 2024-11-03 13:07:06.410 MST
[2024-11-03T13:07:37-0700] Current time exceeds end time, skipping wait
[2024-11-03T13:07:37-0700] Saved TCP Ping test to /data/data/com.termux/files/home/storage/shared/bos_la_2024_trip/verizon/20241103/130202013/tcp_ping_130706438.out
[2024-11-03T13:07:37-0700] TCP Ping summary (min/avg/max/mdev) 
[2024-11-03T13:07:37-0700] TCP Ping test finished at 2024-11-03 13:07:37.543 MST, duration: 31.133 s
[2024-11-03T13:07:37-0700] -------------------------------
[2024-11-03T13:07:37-0700] Waiting for 2 s...
[2024-11-03T13:07:39-0700] -------------------------------
[2024-11-03T13:07:39-0700] Traceroute test started at 2024-11-03 13:07:39.691 MST
[2024-11-03T13:07:41-0700] Waiting for 27.875 s to reach end time
[2024-11-03T13:08:09-0700] Saved traceroute test to /data/data/com.termux/files/home/storage/shared/bos_la_2024_trip/verizon/20241103/130202013/traceroute_130739730.out
[2024-11-03T13:08:09-0700] Traceroute summary (min/avg/max/mdev) 
[2024-11-03T13:08:09-0700] Traceroute test finished at 2024-11-03 13:08:09.765 MST, duration: 30.074 s
[2024-11-03T13:08:09-0700] -------------------------------
[2024-11-03T13:08:09-0700] All tests completed, cleaning up...
[2024-11-03T13:08:09-0700] -------------------------------
[2024-11-03T13:08:27-0700] [measurement] Load environment variables from prod.env file
[2024-11-03T13:08:27-0700] [measurement] Load operator-specific env from verizon.env file
[2024-11-03T13:08:27-0700] Starting a network measurement, please choose a server
[2024-11-03T13:08:27-0700] 0) West Cloud: 54.176.53.206
[2024-11-03T13:08:27-0700] 1) East Cloud: 54.197.223.49
[2024-11-03T13:08:27-0700] 2) Los Angeles Wavelength: 161.188.33.234
[2024-11-03T13:08:27-0700] 3) Las Vegas Wavelength: 155.146.118.158
[2024-11-03T13:08:27-0700] 4) Denver Wavelength: 155.146.144.24
[2024-11-03T13:08:27-0700] 5) Chicago Wavelength: 155.146.180.31
[2024-11-03T13:08:27-0700] 6) Boston Wavelength: 155.146.11.34
[2024-11-03T13:08:46-0700] Enter your choice (0-6): Testing verizon, server 0 (ip: 54.176.53.206, nuttcp_port: 5101, iperf_port: 5001)
[2024-11-03T13:08:46-0700] -------------------------------
[2024-11-03T13:08:46-0700] tcp downlink test started at 2024-11-03 13:08:46.178 MST
[2024-11-03T13:08:46-0700] Testing tcp downlink with 54.176.53.206:5101, interval 0.5 s, duration 120 s, timeout 121 s...
[2024-11-03T13:10:47-0700] Current time exceeds end time, skipping wait
[2024-11-03T13:10:47-0700] Saved tcp downlink test to /data/data/com.termux/files/home/storage/shared/bos_la_2024_trip/verizon/20241103/130846156/tcp_downlink_130846213.out
[2024-11-03T13:10:47-0700] DL AVG TPUT: 
[2024-11-03T13:10:47-0700] tcp downlink test finished at 2024-11-03 13:10:47.312 MST, duration: 121.134 s
[2024-11-03T13:10:47-0700] -------------------------------
[2024-11-03T13:10:47-0700] Waiting for 2 s...
[2024-11-03T13:10:49-0700] -------------------------------
[2024-11-03T13:10:49-0700] Starting 5G booster for 5 s...
[2024-11-03T13:10:49-0700] 5G booster started at 2024-11-03 13:10:49.450 MST
[2024-11-03T13:10:55-0700] Current time exceeds end time, skipping wait
[2024-11-03T13:10:55-0700] Saved TCP DL results to /data/data/com.termux/files/home/storage/shared/bos_la_2024_trip/verizon/20241103/130846156/tcp_downlink_131049483.out
[2024-11-03T13:10:55-0700] DL AVG TPUT: 
[2024-11-03T13:10:55-0700] 5G booster finished at 2024-11-03 13:10:55.605 MST, duration: 6.155 s
[2024-11-03T13:10:55-0700] -------------------------------
[2024-11-03T13:10:55-0700] Waiting for 2 s...
[2024-11-03T13:10:57-0700] -------------------------------
[2024-11-03T13:10:57-0700] tcp uplink test started at 2024-11-03 13:10:57.720 MST
[2024-11-03T13:10:57-0700] testing tcp uplink with 54.176.53.206:5101, interval 0.5, duration 120, timeout 121 ...
[2024-11-03T13:12:38-0700] Waiting for 19.861 s to reach end time
[2024-11-03T13:12:58-0700] Saved uplink test to /data/data/com.termux/files/home/storage/shared/bos_la_2024_trip/verizon/20241103/130846156/tcp_uplink_131057750.out
[2024-11-03T13:12:58-0700] UL AVG TPUT: 
[2024-11-03T13:12:58-0700] tcp uplink test finished at 2024-11-03 13:12:58.824 MST, duration: 121.104 s
[2024-11-03T13:12:58-0700] -------------------------------
[2024-11-03T13:12:58-0700] Waiting for 2 s...
[2024-11-03T13:13:00-0700] -------------------------------
[2024-11-03T13:13:00-0700] Starting 5G booster for 5 s...
[2024-11-03T13:13:00-0700] 5G booster started at 2024-11-03 13:13:00.945 MST
[2024-11-03T13:13:07-0700] Current time exceeds end time, skipping wait
[2024-11-03T13:13:07-0700] Saved TCP DL results to /data/data/com.termux/files/home/storage/shared/bos_la_2024_trip/verizon/20241103/130846156/tcp_downlink_131300996.out
[2024-11-03T13:13:07-0700] DL AVG TPUT: 
[2024-11-03T13:13:07-0700] 5G booster finished at 2024-11-03 13:13:07.105 MST, duration: 6.160 s
[2024-11-03T13:13:07-0700] -------------------------------
[2024-11-03T13:13:07-0700] Waiting for 2 s...
[2024-11-03T13:13:09-0700] -------------------------------
[2024-11-03T13:13:09-0700] ICMP Ping test started at 2024-11-03 13:13:09.240 MST
[2024-11-03T13:13:39-0700] Waiting for .877 s to reach end time
[2024-11-03T13:13:40-0700] Saved ping test to /data/data/com.termux/files/home/storage/shared/bos_la_2024_trip/verizon/20241103/130846156/icmp_ping_131309273.out
[2024-11-03T13:13:40-0700] Ping summary (min/avg/max/mdev) = 65.882/157.890/4814.487/454.977 ms
[2024-11-03T13:13:40-0700] Ping test finished at 2024-11-03 13:13:40.318 MST, duration: 31.078 s
[2024-11-03T13:13:40-0700] -------------------------------
[2024-11-03T13:13:40-0700] Waiting for 2 s...
[2024-11-03T13:13:42-0700] -------------------------------
[2024-11-03T13:13:42-0700] Starting 5G booster for 5 s...
[2024-11-03T13:13:42-0700] 5G booster started at 2024-11-03 13:13:42.454 MST
[2024-11-03T13:13:48-0700] Current time exceeds end time, skipping wait
[2024-11-03T13:13:48-0700] Saved TCP DL results to /data/data/com.termux/files/home/storage/shared/bos_la_2024_trip/verizon/20241103/130846156/tcp_downlink_131342486.out
[2024-11-03T13:13:48-0700] DL AVG TPUT: 
[2024-11-03T13:13:48-0700] 5G booster finished at 2024-11-03 13:13:48.560 MST, duration: 6.106 s
[2024-11-03T13:13:48-0700] -------------------------------
[2024-11-03T13:13:48-0700] Waiting for 2 s...
[2024-11-03T13:13:50-0700] -------------------------------
[2024-11-03T13:13:50-0700] TCP Ping test started at 2024-11-03 13:13:50.666 MST
[2024-11-03T13:14:21-0700] Current time exceeds end time, skipping wait
[2024-11-03T13:14:21-0700] Saved TCP Ping test to /data/data/com.termux/files/home/storage/shared/bos_la_2024_trip/verizon/20241103/130846156/tcp_ping_131350698.out
[2024-11-03T13:14:21-0700] TCP Ping summary (min/avg/max/mdev) 
[2024-11-03T13:14:21-0700] TCP Ping test finished at 2024-11-03 13:14:21.835 MST, duration: 31.169 s
[2024-11-03T13:14:21-0700] -------------------------------
[2024-11-03T13:14:21-0700] Waiting for 2 s...
[2024-11-03T13:14:23-0700] -------------------------------
[2024-11-03T13:14:23-0700] Traceroute test started at 2024-11-03 13:14:23.939 MST
[2024-11-03T13:14:26-0700] Waiting for 27.873 s to reach end time
[2024-11-03T13:14:54-0700] Saved traceroute test to /data/data/com.termux/files/home/storage/shared/bos_la_2024_trip/verizon/20241103/130846156/traceroute_131423984.out
[2024-11-03T13:14:54-0700] Traceroute summary (min/avg/max/mdev) 
[2024-11-03T13:14:54-0700] Traceroute test finished at 2024-11-03 13:14:54.066 MST, duration: 30.127 s
[2024-11-03T13:14:54-0700] -------------------------------
[2024-11-03T13:14:54-0700] All tests completed, cleaning up...
[2024-11-03T13:14:54-0700] -------------------------------
[2024-11-03T13:15:37-0700] [measurement] Load environment variables from prod.env file
[2024-11-03T13:15:37-0700] [measurement] Load operator-specific env from verizon.env file
[2024-11-03T13:15:37-0700] Starting a network measurement, please choose a server
[2024-11-03T13:15:37-0700] 0) West Cloud: 54.176.53.206
[2024-11-03T13:15:37-0700] 1) East Cloud: 54.197.223.49
[2024-11-03T13:15:37-0700] 2) Los Angeles Wavelength: 161.188.33.234
[2024-11-03T13:15:37-0700] 3) Las Vegas Wavelength: 155.146.118.158
[2024-11-03T13:15:37-0700] 4) Denver Wavelength: 155.146.144.24
[2024-11-03T13:15:37-0700] 5) Chicago Wavelength: 155.146.180.31
[2024-11-03T13:15:37-0700] 6) Boston Wavelength: 155.146.11.34
[2024-11-03T13:16:10-0700] Enter your choice (0-6): Testing verizon, server 0 (ip: 54.176.53.206, nuttcp_port: 5101, iperf_port: 5001)
[2024-11-03T13:16:10-0700] -------------------------------
[2024-11-03T13:16:10-0700] tcp downlink test started at 2024-11-03 13:16:10.235 MST
[2024-11-03T13:16:10-0700] Testing tcp downlink with 54.176.53.206:5101, interval 0.5 s, duration 120 s, timeout 121 s...
[2024-11-03T13:18:11-0700] Current time exceeds end time, skipping wait
[2024-11-03T13:18:11-0700] Saved tcp downlink test to /data/data/com.termux/files/home/storage/shared/bos_la_2024_trip/verizon/20241103/131610216/tcp_downlink_131610257.out
[2024-11-03T13:18:11-0700] DL AVG TPUT: 
[2024-11-03T13:18:11-0700] tcp downlink test finished at 2024-11-03 13:18:11.366 MST, duration: 121.131 s
[2024-11-03T13:18:11-0700] -------------------------------
[2024-11-03T13:18:11-0700] Waiting for 2 s...
[2024-11-03T13:18:13-0700] -------------------------------
[2024-11-03T13:18:13-0700] Starting 5G booster for 5 s...
[2024-11-03T13:18:13-0700] 5G booster started at 2024-11-03 13:18:13.502 MST
[2024-11-03T13:18:19-0700] Current time exceeds end time, skipping wait
[2024-11-03T13:18:19-0700] Saved TCP DL results to /data/data/com.termux/files/home/storage/shared/bos_la_2024_trip/verizon/20241103/131610216/tcp_downlink_131813545.out
[2024-11-03T13:18:19-0700] DL AVG TPUT: 
[2024-11-03T13:18:19-0700] 5G booster finished at 2024-11-03 13:18:19.648 MST, duration: 6.146 s
[2024-11-03T13:18:19-0700] -------------------------------
[2024-11-03T13:18:19-0700] Waiting for 2 s...
[2024-11-03T13:18:21-0700] -------------------------------
[2024-11-03T13:18:21-0700] tcp uplink test started at 2024-11-03 13:18:21.785 MST
[2024-11-03T13:18:21-0700] testing tcp uplink with 54.176.53.206:5101, interval 0.5, duration 120, timeout 121 ...
[2024-11-03T13:20:22-0700] Current time exceeds end time, skipping wait
[2024-11-03T13:20:22-0700] Saved uplink test to /data/data/com.termux/files/home/storage/shared/bos_la_2024_trip/verizon/20241103/131610216/tcp_uplink_131821815.out
[2024-11-03T13:20:23-0700] UL AVG TPUT: 
[2024-11-03T13:20:23-0700] tcp uplink test finished at 2024-11-03 13:20:22.945 MST, duration: 121.160 s
[2024-11-03T13:20:23-0700] -------------------------------
[2024-11-03T13:20:23-0700] Waiting for 2 s...
[2024-11-03T13:20:25-0700] -------------------------------
[2024-11-03T13:20:25-0700] Starting 5G booster for 5 s...
[2024-11-03T13:20:25-0700] 5G booster started at 2024-11-03 13:20:25.118 MST
[2024-11-03T13:20:31-0700] Current time exceeds end time, skipping wait
[2024-11-03T13:20:31-0700] Saved TCP DL results to /data/data/com.termux/files/home/storage/shared/bos_la_2024_trip/verizon/20241103/131610216/tcp_downlink_132025181.out
[2024-11-03T13:20:31-0700] DL AVG TPUT: 
[2024-11-03T13:20:31-0700] 5G booster finished at 2024-11-03 13:20:31.325 MST, duration: 6.207 s
[2024-11-03T13:20:31-0700] -------------------------------
[2024-11-03T13:20:31-0700] Waiting for 2 s...
[2024-11-03T13:20:33-0700] -------------------------------
[2024-11-03T13:20:33-0700] ICMP Ping test started at 2024-11-03 13:20:33.484 MST
[2024-11-03T13:21:03-0700] Waiting for .835 s to reach end time
[2024-11-03T13:21:04-0700] Saved ping test to /data/data/com.termux/files/home/storage/shared/bos_la_2024_trip/verizon/20241103/131610216/icmp_ping_132033540.out
[2024-11-03T13:21:04-0700] Ping summary (min/avg/max/mdev) = 64.458/77.624/155.310/11.342 ms
[2024-11-03T13:21:04-0700] Ping test finished at 2024-11-03 13:21:04.591 MST, duration: 31.107 s
[2024-11-03T13:21:04-0700] -------------------------------
[2024-11-03T13:21:04-0700] Waiting for 2 s...
[2024-11-03T13:21:06-0700] -------------------------------
[2024-11-03T13:21:06-0700] Starting 5G booster for 5 s...
[2024-11-03T13:21:06-0700] 5G booster started at 2024-11-03 13:21:06.764 MST
[2024-11-03T13:21:12-0700] Current time exceeds end time, skipping wait
[2024-11-03T13:21:12-0700] Saved TCP DL results to /data/data/com.termux/files/home/storage/shared/bos_la_2024_trip/verizon/20241103/131610216/tcp_downlink_132106812.out
[2024-11-03T13:21:12-0700] DL AVG TPUT: 
[2024-11-03T13:21:13-0700] 5G booster finished at 2024-11-03 13:21:12.919 MST, duration: 6.155 s
[2024-11-03T13:21:13-0700] -------------------------------
[2024-11-03T13:21:13-0700] Waiting for 2 s...
[2024-11-03T13:21:15-0700] -------------------------------
[2024-11-03T13:21:15-0700] TCP Ping test started at 2024-11-03 13:21:15.068 MST
[2024-11-03T13:21:46-0700] Current time exceeds end time, skipping wait
[2024-11-03T13:21:46-0700] Saved TCP Ping test to /data/data/com.termux/files/home/storage/shared/bos_la_2024_trip/verizon/20241103/131610216/tcp_ping_132115110.out
[2024-11-03T13:21:46-0700] TCP Ping summary (min/avg/max/mdev) 
[2024-11-03T13:21:46-0700] TCP Ping test finished at 2024-11-03 13:21:46.212 MST, duration: 31.144 s
[2024-11-03T13:21:46-0700] -------------------------------
[2024-11-03T13:21:46-0700] Waiting for 2 s...
[2024-11-03T13:21:48-0700] -------------------------------
[2024-11-03T13:21:48-0700] Traceroute test started at 2024-11-03 13:21:48.350 MST
[2024-11-03T13:21:50-0700] Waiting for 27.813 s to reach end time
[2024-11-03T13:22:18-0700] Saved traceroute test to /data/data/com.termux/files/home/storage/shared/bos_la_2024_trip/verizon/20241103/131610216/traceroute_132148405.out
[2024-11-03T13:22:18-0700] Traceroute summary (min/avg/max/mdev) 
[2024-11-03T13:22:18-0700] Traceroute test finished at 2024-11-03 13:22:18.456 MST, duration: 30.106 s
[2024-11-03T13:22:18-0700] -------------------------------
[2024-11-03T13:22:18-0700] All tests completed, cleaning up...
[2024-11-03T13:22:18-0700] -------------------------------
[2024-11-03T13:22:54-0700] [measurement] Load environment variables from prod.env file
[2024-11-03T13:22:54-0700] [measurement] Load operator-specific env from verizon.env file
[2024-11-03T13:22:54-0700] Starting a network measurement, please choose a server
[2024-11-03T13:22:54-0700] 0) West Cloud: 54.176.53.206
[2024-11-03T13:22:54-0700] 1) East Cloud: 54.197.223.49
[2024-11-03T13:22:54-0700] 2) Los Angeles Wavelength: 161.188.33.234
[2024-11-03T13:22:54-0700] 3) Las Vegas Wavelength: 155.146.118.158
[2024-11-03T13:22:54-0700] 4) Denver Wavelength: 155.146.144.24
[2024-11-03T13:22:54-0700] 5) Chicago Wavelength: 155.146.180.31
[2024-11-03T13:22:54-0700] 6) Boston Wavelength: 155.146.11.34
[2024-11-03T13:23:05-0700] Enter your choice (0-6): Testing verizon, server 0 (ip: 54.176.53.206, nuttcp_port: 5101, iperf_port: 5001)
[2024-11-03T13:23:05-0700] -------------------------------
[2024-11-03T13:23:05-0700] tcp downlink test started at 2024-11-03 13:23:05.099 MST
[2024-11-03T13:23:05-0700] Testing tcp downlink with 54.176.53.206:5101, interval 0.5 s, duration 120 s, timeout 121 s...
[2024-11-03T13:25:06-0700] Current time exceeds end time, skipping wait
[2024-11-03T13:25:06-0700] Saved tcp downlink test to /data/data/com.termux/files/home/storage/shared/bos_la_2024_trip/verizon/20241103/132305071/tcp_downlink_132305137.out
[2024-11-03T13:25:06-0700] DL AVG TPUT: 
[2024-11-03T13:25:06-0700] tcp downlink test finished at 2024-11-03 13:25:06.239 MST, duration: 121.140 s
[2024-11-03T13:25:06-0700] -------------------------------
[2024-11-03T13:25:06-0700] Waiting for 2 s...
[2024-11-03T13:25:08-0700] -------------------------------
[2024-11-03T13:25:08-0700] Starting 5G booster for 5 s...
[2024-11-03T13:25:08-0700] 5G booster started at 2024-11-03 13:25:08.359 MST
[2024-11-03T13:25:14-0700] Current time exceeds end time, skipping wait
[2024-11-03T13:25:14-0700] Saved TCP DL results to /data/data/com.termux/files/home/storage/shared/bos_la_2024_trip/verizon/20241103/132305071/tcp_downlink_132508388.out
[2024-11-03T13:25:14-0700] DL AVG TPUT: 
[2024-11-03T13:25:14-0700] 5G booster finished at 2024-11-03 13:25:14.540 MST, duration: 6.181 s
[2024-11-03T13:25:14-0700] -------------------------------
[2024-11-03T13:25:14-0700] Waiting for 2 s...
[2024-11-03T13:25:16-0700] -------------------------------
[2024-11-03T13:25:16-0700] tcp uplink test started at 2024-11-03 13:25:16.686 MST
[2024-11-03T13:25:16-0700] testing tcp uplink with 54.176.53.206:5101, interval 0.5, duration 120, timeout 121 ...
[2024-11-03T13:27:17-0700] Current time exceeds end time, skipping wait
[2024-11-03T13:27:17-0700] Saved uplink test to /data/data/com.termux/files/home/storage/shared/bos_la_2024_trip/verizon/20241103/132305071/tcp_uplink_132516733.out
[2024-11-03T13:27:17-0700] UL AVG TPUT: 
[2024-11-03T13:27:17-0700] tcp uplink test finished at 2024-11-03 13:27:17.854 MST, duration: 121.168 s
[2024-11-03T13:27:17-0700] -------------------------------
[2024-11-03T13:27:17-0700] Waiting for 2 s...
[2024-11-03T13:27:19-0700] -------------------------------
[2024-11-03T13:27:19-0700] Starting 5G booster for 5 s...
[2024-11-03T13:27:19-0700] 5G booster started at 2024-11-03 13:27:19.971 MST
[2024-11-03T13:27:26-0700] Current time exceeds end time, skipping wait
[2024-11-03T13:27:26-0700] Saved TCP DL results to /data/data/com.termux/files/home/storage/shared/bos_la_2024_trip/verizon/20241103/132305071/tcp_downlink_132720000.out
[2024-11-03T13:27:26-0700] DL AVG TPUT: 
[2024-11-03T13:27:26-0700] 5G booster finished at 2024-11-03 13:27:26.094 MST, duration: 6.123 s
[2024-11-03T13:27:26-0700] -------------------------------
[2024-11-03T13:27:26-0700] Waiting for 2 s...
[2024-11-03T13:27:28-0700] -------------------------------
[2024-11-03T13:27:28-0700] ICMP Ping test started at 2024-11-03 13:27:28.216 MST
[2024-11-03T13:27:58-0700] Waiting for .875 s to reach end time
[2024-11-03T13:27:59-0700] Saved ping test to /data/data/com.termux/files/home/storage/shared/bos_la_2024_trip/verizon/20241103/132305071/icmp_ping_132728243.out
[2024-11-03T13:27:59-0700] Ping summary (min/avg/max/mdev) = 62.353/71.084/138.686/8.083 ms
[2024-11-03T13:27:59-0700] Ping test finished at 2024-11-03 13:27:59.289 MST, duration: 31.073 s
[2024-11-03T13:27:59-0700] -------------------------------
[2024-11-03T13:27:59-0700] Waiting for 2 s...
[2024-11-03T13:28:01-0700] -------------------------------
[2024-11-03T13:28:01-0700] Starting 5G booster for 5 s...
[2024-11-03T13:28:01-0700] 5G booster started at 2024-11-03 13:28:01.386 MST
[2024-11-03T13:28:07-0700] Current time exceeds end time, skipping wait
[2024-11-03T13:28:07-0700] Saved TCP DL results to /data/data/com.termux/files/home/storage/shared/bos_la_2024_trip/verizon/20241103/132305071/tcp_downlink_132801420.out
[2024-11-03T13:28:07-0700] DL AVG TPUT: 
[2024-11-03T13:28:07-0700] 5G booster finished at 2024-11-03 13:28:07.525 MST, duration: 6.139 s
[2024-11-03T13:28:07-0700] -------------------------------
[2024-11-03T13:28:07-0700] Waiting for 2 s...
[2024-11-03T13:28:09-0700] -------------------------------
[2024-11-03T13:28:09-0700] TCP Ping test started at 2024-11-03 13:28:09.646 MST
[2024-11-03T13:28:40-0700] Current time exceeds end time, skipping wait
[2024-11-03T13:28:40-0700] Saved TCP Ping test to /data/data/com.termux/files/home/storage/shared/bos_la_2024_trip/verizon/20241103/132305071/tcp_ping_132809698.out
[2024-11-03T13:28:40-0700] TCP Ping summary (min/avg/max/mdev) 
[2024-11-03T13:28:40-0700] TCP Ping test finished at 2024-11-03 13:28:40.803 MST, duration: 31.157 s
[2024-11-03T13:28:40-0700] -------------------------------
[2024-11-03T13:28:40-0700] Waiting for 2 s...
[2024-11-03T13:28:42-0700] -------------------------------
[2024-11-03T13:28:42-0700] Traceroute test started at 2024-11-03 13:28:42.888 MST
[2024-11-03T13:28:44-0700] Waiting for 28.260 s to reach end time
[2024-11-03T13:29:12-0700] Saved traceroute test to /data/data/com.termux/files/home/storage/shared/bos_la_2024_trip/verizon/20241103/132305071/traceroute_132842929.out
[2024-11-03T13:29:12-0700] Traceroute summary (min/avg/max/mdev) 
[2024-11-03T13:29:12-0700] Traceroute test finished at 2024-11-03 13:29:12.953 MST, duration: 30.065 s
[2024-11-03T13:29:12-0700] -------------------------------
[2024-11-03T13:29:12-0700] All tests completed, cleaning up...
[2024-11-03T13:29:12-0700] -------------------------------
[2024-11-03T13:31:24-0700] [measurement] Load environment variables from prod.env file
[2024-11-03T13:31:24-0700] [measurement] Load operator-specific env from verizon.env file
[2024-11-03T13:31:24-0700] Starting a network measurement, please choose a server
[2024-11-03T13:31:24-0700] 0) West Cloud: 54.176.53.206
[2024-11-03T13:31:24-0700] 1) East Cloud: 54.197.223.49
[2024-11-03T13:31:24-0700] 2) Los Angeles Wavelength: 161.188.33.234
[2024-11-03T13:31:24-0700] 3) Las Vegas Wavelength: 155.146.118.158
[2024-11-03T13:31:24-0700] 4) Denver Wavelength: 155.146.144.24
[2024-11-03T13:31:24-0700] 5) Chicago Wavelength: 155.146.180.31
[2024-11-03T13:31:24-0700] 6) Boston Wavelength: 155.146.11.34
[2024-11-03T13:31:25-0700] Enter your choice (0-6): Testing verizon, server 0 (ip: 54.176.53.206, nuttcp_port: 5101, iperf_port: 5001)
[2024-11-03T13:31:25-0700] -------------------------------
[2024-11-03T13:31:26-0700] tcp downlink test started at 2024-11-03 13:31:25.988 MST
[2024-11-03T13:31:26-0700] Testing tcp downlink with 54.176.53.206:5101, interval 0.5 s, duration 120 s, timeout 121 s...
[2024-11-03T13:33:27-0700] Current time exceeds end time, skipping wait
[2024-11-03T13:33:27-0700] Saved tcp downlink test to /data/data/com.termux/files/home/storage/shared/bos_la_2024_trip/verizon/20241103/133125969/tcp_downlink_133126012.out
[2024-11-03T13:33:27-0700] DL AVG TPUT: 
[2024-11-03T13:33:27-0700] tcp downlink test finished at 2024-11-03 13:33:27.101 MST, duration: 121.113 s
[2024-11-03T13:33:27-0700] -------------------------------
[2024-11-03T13:33:27-0700] Waiting for 2 s...
[2024-11-03T13:33:29-0700] -------------------------------
[2024-11-03T13:33:29-0700] Starting 5G booster for 5 s...
[2024-11-03T13:33:29-0700] 5G booster started at 2024-11-03 13:33:29.234 MST
[2024-11-03T13:33:35-0700] Current time exceeds end time, skipping wait
[2024-11-03T13:33:35-0700] Saved TCP DL results to /data/data/com.termux/files/home/storage/shared/bos_la_2024_trip/verizon/20241103/133125969/tcp_downlink_133329291.out
[2024-11-03T13:33:35-0700] DL AVG TPUT: 
[2024-11-03T13:33:35-0700] 5G booster finished at 2024-11-03 13:33:35.370 MST, duration: 6.136 s
[2024-11-03T13:33:35-0700] -------------------------------
[2024-11-03T13:33:35-0700] Waiting for 2 s...
[2024-11-03T13:33:37-0700] -------------------------------
[2024-11-03T13:33:37-0700] tcp uplink test started at 2024-11-03 13:33:37.482 MST
[2024-11-03T13:33:37-0700] testing tcp uplink with 54.176.53.206:5101, interval 0.5, duration 120, timeout 121 ...
[2024-11-03T13:34:41-0700] Waiting for 57.459 s to reach end time
[2024-11-03T13:35:38-0700] Saved uplink test to /data/data/com.termux/files/home/storage/shared/bos_la_2024_trip/verizon/20241103/133125969/tcp_uplink_133337506.out
[2024-11-03T13:35:38-0700] UL AVG TPUT: 
[2024-11-03T13:35:38-0700] tcp uplink test finished at 2024-11-03 13:35:38.561 MST, duration: 121.079 s
[2024-11-03T13:35:38-0700] -------------------------------
[2024-11-03T13:35:38-0700] Waiting for 2 s...
[2024-11-03T13:35:40-0700] -------------------------------
[2024-11-03T13:35:40-0700] Starting 5G booster for 5 s...
[2024-11-03T13:35:40-0700] 5G booster started at 2024-11-03 13:35:40.687 MST
[2024-11-03T13:35:46-0700] Current time exceeds end time, skipping wait
[2024-11-03T13:35:46-0700] Saved TCP DL results to /data/data/com.termux/files/home/storage/shared/bos_la_2024_trip/verizon/20241103/133125969/tcp_downlink_133540718.out
[2024-11-03T13:35:46-0700] DL AVG TPUT: 
[2024-11-03T13:35:46-0700] 5G booster finished at 2024-11-03 13:35:46.792 MST, duration: 6.105 s
[2024-11-03T13:35:46-0700] -------------------------------
[2024-11-03T13:35:46-0700] Waiting for 2 s...
[2024-11-03T13:35:48-0700] -------------------------------
[2024-11-03T13:35:48-0700] ICMP Ping test started at 2024-11-03 13:35:48.897 MST
[2024-11-03T13:36:19-0700] Waiting for .869 s to reach end time
[2024-11-03T13:36:19-0700] Saved ping test to /data/data/com.termux/files/home/storage/shared/bos_la_2024_trip/verizon/20241103/133125969/icmp_ping_133548926.out
[2024-11-03T13:36:20-0700] Ping summary (min/avg/max/mdev) = 60.663/73.232/87.905/5.320 ms
[2024-11-03T13:36:20-0700] Ping test finished at 2024-11-03 13:36:19.977 MST, duration: 31.080 s
[2024-11-03T13:36:20-0700] -------------------------------
[2024-11-03T13:36:20-0700] Waiting for 2 s...
[2024-11-03T13:36:22-0700] -------------------------------
[2024-11-03T13:36:22-0700] Starting 5G booster for 5 s...
[2024-11-03T13:36:22-0700] 5G booster started at 2024-11-03 13:36:22.099 MST
[2024-11-03T13:36:28-0700] Current time exceeds end time, skipping wait
[2024-11-03T13:36:28-0700] Saved TCP DL results to /data/data/com.termux/files/home/storage/shared/bos_la_2024_trip/verizon/20241103/133125969/tcp_downlink_133622123.out
[2024-11-03T13:36:28-0700] DL AVG TPUT: 
[2024-11-03T13:36:28-0700] 5G booster finished at 2024-11-03 13:36:28.202 MST, duration: 6.103 s
[2024-11-03T13:36:28-0700] -------------------------------
[2024-11-03T13:36:28-0700] Waiting for 2 s...
[2024-11-03T13:36:30-0700] -------------------------------
[2024-11-03T13:36:30-0700] TCP Ping test started at 2024-11-03 13:36:30.334 MST
[2024-11-03T13:37:01-0700] Current time exceeds end time, skipping wait
[2024-11-03T13:37:01-0700] Saved TCP Ping test to /data/data/com.termux/files/home/storage/shared/bos_la_2024_trip/verizon/20241103/133125969/tcp_ping_133630363.out
[2024-11-03T13:37:01-0700] TCP Ping summary (min/avg/max/mdev) 
[2024-11-03T13:37:01-0700] TCP Ping test finished at 2024-11-03 13:37:01.447 MST, duration: 31.113 s
[2024-11-03T13:37:01-0700] -------------------------------
[2024-11-03T13:37:01-0700] Waiting for 2 s...
[2024-11-03T13:37:03-0700] -------------------------------
[2024-11-03T13:37:03-0700] Traceroute test started at 2024-11-03 13:37:03.577 MST
[2024-11-03T13:37:06-0700] Waiting for 27.282 s to reach end time
[2024-11-03T13:37:33-0700] Saved traceroute test to /data/data/com.termux/files/home/storage/shared/bos_la_2024_trip/verizon/20241103/133125969/traceroute_133703614.out
[2024-11-03T13:37:33-0700] Traceroute summary (min/avg/max/mdev) 
[2024-11-03T13:37:33-0700] Traceroute test finished at 2024-11-03 13:37:33.706 MST, duration: 30.129 s
[2024-11-03T13:37:33-0700] -------------------------------
[2024-11-03T13:37:33-0700] All tests completed, cleaning up...
[2024-11-03T13:37:33-0700] -------------------------------
[2024-11-03T13:38:22-0700] [measurement] Load environment variables from prod.env file
[2024-11-03T13:38:22-0700] [measurement] Load operator-specific env from verizon.env file
[2024-11-03T13:38:22-0700] Starting a network measurement, please choose a server
[2024-11-03T13:38:22-0700] 0) West Cloud: 54.176.53.206
[2024-11-03T13:38:22-0700] 1) East Cloud: 54.197.223.49
[2024-11-03T13:38:22-0700] 2) Los Angeles Wavelength: 161.188.33.234
[2024-11-03T13:38:22-0700] 3) Las Vegas Wavelength: 155.146.118.158
[2024-11-03T13:38:22-0700] 4) Denver Wavelength: 155.146.144.24
[2024-11-03T13:38:22-0700] 5) Chicago Wavelength: 155.146.180.31
[2024-11-03T13:38:22-0700] 6) Boston Wavelength: 155.146.11.34
[2024-11-03T13:38:24-0700] Enter your choice (0-6): Testing verizon, server 0 (ip: 54.176.53.206, nuttcp_port: 5101, iperf_port: 5001)
[2024-11-03T13:38:24-0700] -------------------------------
[2024-11-03T13:38:24-0700] tcp downlink test started at 2024-11-03 13:38:24.318 MST
[2024-11-03T13:38:24-0700] Testing tcp downlink with 54.176.53.206:5101, interval 0.5 s, duration 120 s, timeout 121 s...
[2024-11-03T13:40:25-0700] Current time exceeds end time, skipping wait
[2024-11-03T13:40:25-0700] Saved tcp downlink test to /data/data/com.termux/files/home/storage/shared/bos_la_2024_trip/verizon/20241103/133824299/tcp_downlink_133824342.out
[2024-11-03T13:40:25-0700] DL AVG TPUT: 
[2024-11-03T13:40:25-0700] tcp downlink test finished at 2024-11-03 13:40:25.433 MST, duration: 121.115 s
[2024-11-03T13:40:25-0700] -------------------------------
[2024-11-03T13:40:25-0700] Waiting for 2 s...
[2024-11-03T13:40:27-0700] -------------------------------
[2024-11-03T13:40:27-0700] Starting 5G booster for 5 s...
[2024-11-03T13:40:27-0700] 5G booster started at 2024-11-03 13:40:27.584 MST
[2024-11-03T13:40:33-0700] Current time exceeds end time, skipping wait
[2024-11-03T13:40:33-0700] Saved TCP DL results to /data/data/com.termux/files/home/storage/shared/bos_la_2024_trip/verizon/20241103/133824299/tcp_downlink_134027634.out
[2024-11-03T13:40:33-0700] DL AVG TPUT: 
[2024-11-03T13:40:33-0700] 5G booster finished at 2024-11-03 13:40:33.726 MST, duration: 6.142 s
[2024-11-03T13:40:33-0700] -------------------------------
[2024-11-03T13:40:33-0700] Waiting for 2 s...
[2024-11-03T13:40:35-0700] -------------------------------
[2024-11-03T13:40:35-0700] tcp uplink test started at 2024-11-03 13:40:35.867 MST
[2024-11-03T13:40:35-0700] testing tcp uplink with 54.176.53.206:5101, interval 0.5, duration 120, timeout 121 ...
[2024-11-03T13:42:36-0700] Current time exceeds end time, skipping wait
[2024-11-03T13:42:36-0700] Saved uplink test to /data/data/com.termux/files/home/storage/shared/bos_la_2024_trip/verizon/20241103/133824299/tcp_uplink_134035894.out
[2024-11-03T13:42:36-0700] UL AVG TPUT: 
[2024-11-03T13:42:37-0700] tcp uplink test finished at 2024-11-03 13:42:36.945 MST, duration: 121.078 s
[2024-11-03T13:42:37-0700] -------------------------------
[2024-11-03T13:42:37-0700] Waiting for 2 s...
[2024-11-03T13:42:39-0700] -------------------------------
[2024-11-03T13:42:39-0700] Starting 5G booster for 5 s...
[2024-11-03T13:42:39-0700] 5G booster started at 2024-11-03 13:42:39.048 MST
[2024-11-03T13:42:45-0700] Current time exceeds end time, skipping wait
[2024-11-03T13:42:45-0700] Saved TCP DL results to /data/data/com.termux/files/home/storage/shared/bos_la_2024_trip/verizon/20241103/133824299/tcp_downlink_134239078.out
[2024-11-03T13:42:45-0700] DL AVG TPUT: 
[2024-11-03T13:42:45-0700] 5G booster finished at 2024-11-03 13:42:45.153 MST, duration: 6.105 s
[2024-11-03T13:42:45-0700] -------------------------------
[2024-11-03T13:42:45-0700] Waiting for 2 s...
[2024-11-03T13:42:47-0700] -------------------------------
[2024-11-03T13:42:47-0700] ICMP Ping test started at 2024-11-03 13:42:47.272 MST
[2024-11-03T13:43:17-0700] Waiting for .876 s to reach end time
[2024-11-03T13:43:18-0700] Saved ping test to /data/data/com.termux/files/home/storage/shared/bos_la_2024_trip/verizon/20241103/133824299/icmp_ping_134247309.out
[2024-11-03T13:43:18-0700] Ping summary (min/avg/max/mdev) = 63.995/74.110/98.382/6.784 ms
[2024-11-03T13:43:18-0700] Ping test finished at 2024-11-03 13:43:18.376 MST, duration: 31.104 s
[2024-11-03T13:43:18-0700] -------------------------------
[2024-11-03T13:43:18-0700] Waiting for 2 s...
[2024-11-03T13:43:20-0700] -------------------------------
[2024-11-03T13:43:20-0700] Starting 5G booster for 5 s...
[2024-11-03T13:43:20-0700] 5G booster started at 2024-11-03 13:43:20.511 MST
[2024-11-03T13:43:26-0700] Current time exceeds end time, skipping wait
[2024-11-03T13:43:26-0700] Saved TCP DL results to /data/data/com.termux/files/home/storage/shared/bos_la_2024_trip/verizon/20241103/133824299/tcp_downlink_134320552.out
[2024-11-03T13:43:26-0700] DL AVG TPUT: 
[2024-11-03T13:43:26-0700] 5G booster finished at 2024-11-03 13:43:26.604 MST, duration: 6.093 s
[2024-11-03T13:43:26-0700] -------------------------------
[2024-11-03T13:43:26-0700] Waiting for 2 s...
[2024-11-03T13:43:28-0700] -------------------------------
[2024-11-03T13:43:28-0700] TCP Ping test started at 2024-11-03 13:43:28.684 MST
[2024-11-03T13:43:59-0700] Current time exceeds end time, skipping wait
[2024-11-03T13:43:59-0700] Saved TCP Ping test to /data/data/com.termux/files/home/storage/shared/bos_la_2024_trip/verizon/20241103/133824299/tcp_ping_134328707.out
[2024-11-03T13:43:59-0700] TCP Ping summary (min/avg/max/mdev) 
[2024-11-03T13:43:59-0700] TCP Ping test finished at 2024-11-03 13:43:59.813 MST, duration: 31.129 s
[2024-11-03T13:43:59-0700] -------------------------------
[2024-11-03T13:43:59-0700] Waiting for 2 s...
[2024-11-03T13:44:01-0700] -------------------------------
[2024-11-03T13:44:02-0700] Traceroute test started at 2024-11-03 13:44:01.970 MST
[2024-11-03T13:44:09-0700] Waiting for 22.698 s to reach end time
[2024-11-03T13:44:32-0700] Saved traceroute test to /data/data/com.termux/files/home/storage/shared/bos_la_2024_trip/verizon/20241103/133824299/traceroute_134402021.out
[2024-11-03T13:44:32-0700] Traceroute summary (min/avg/max/mdev) 
[2024-11-03T13:44:32-0700] Traceroute test finished at 2024-11-03 13:44:32.028 MST, duration: 30.058 s
[2024-11-03T13:44:32-0700] -------------------------------
[2024-11-03T13:44:32-0700] All tests completed, cleaning up...
[2024-11-03T13:44:32-0700] -------------------------------
[2024-11-03T14:28:27-0700] [measurement] Load environment variables from prod.env file
[2024-11-03T14:28:27-0700] [measurement] Load operator-specific env from verizon.env file
[2024-11-03T14:28:27-0700] Starting a network measurement, please choose a server
[2024-11-03T14:28:27-0700] 0) West Cloud: 54.176.53.206
[2024-11-03T14:28:27-0700] 1) East Cloud: 54.197.223.49
[2024-11-03T14:28:27-0700] 2) Los Angeles Wavelength: 161.188.33.234
[2024-11-03T14:28:27-0700] 3) Las Vegas Wavelength: 155.146.118.158
[2024-11-03T14:28:27-0700] 4) Denver Wavelength: 155.146.144.24
[2024-11-03T14:28:27-0700] 5) Chicago Wavelength: 155.146.180.31
[2024-11-03T14:28:27-0700] 6) Boston Wavelength: 155.146.11.34
[2024-11-03T14:28:33-0700] Enter your choice (0-6): Testing verizon, server 0 (ip: 54.176.53.206, nuttcp_port: 5101, iperf_port: 5001)
[2024-11-03T14:28:33-0700] -------------------------------
[2024-11-03T14:28:33-0700] tcp downlink test started at 2024-11-03 14:28:33.183 MST
[2024-11-03T14:28:33-0700] Testing tcp downlink with 54.176.53.206:5101, interval 0.5 s, duration 120 s, timeout 121 s...
[2024-11-03T14:30:34-0700] Current time exceeds end time, skipping wait
[2024-11-03T14:30:34-0700] Saved tcp downlink test to /data/data/com.termux/files/home/storage/shared/bos_la_2024_trip/verizon/20241103/142833160/tcp_downlink_142833205.out
[2024-11-03T14:30:34-0700] DL AVG TPUT: 
[2024-11-03T14:30:34-0700] tcp downlink test finished at 2024-11-03 14:30:34.303 MST, duration: 121.120 s
[2024-11-03T14:30:34-0700] -------------------------------
[2024-11-03T14:30:34-0700] Waiting for 2 s...
[2024-11-03T14:30:36-0700] -------------------------------
[2024-11-03T14:30:36-0700] Starting 5G booster for 5 s...
[2024-11-03T14:30:36-0700] 5G booster started at 2024-11-03 14:30:36.410 MST
[2024-11-03T14:30:42-0700] Current time exceeds end time, skipping wait
[2024-11-03T14:30:42-0700] Saved TCP DL results to /data/data/com.termux/files/home/storage/shared/bos_la_2024_trip/verizon/20241103/142833160/tcp_downlink_143036433.out
[2024-11-03T14:30:42-0700] DL AVG TPUT: 
[2024-11-03T14:30:42-0700] 5G booster finished at 2024-11-03 14:30:42.559 MST, duration: 6.149 s
[2024-11-03T14:30:42-0700] -------------------------------
[2024-11-03T14:30:42-0700] Waiting for 2 s...
[2024-11-03T14:30:44-0700] -------------------------------
[2024-11-03T14:30:44-0700] tcp uplink test started at 2024-11-03 14:30:44.746 MST
[2024-11-03T14:30:44-0700] testing tcp uplink with 54.176.53.206:5101, interval 0.5, duration 120, timeout 121 ...
[2024-11-03T14:32:45-0700] Current time exceeds end time, skipping wait
[2024-11-03T14:32:45-0700] Saved uplink test to /data/data/com.termux/files/home/storage/shared/bos_la_2024_trip/verizon/20241103/142833160/tcp_uplink_143044783.out
[2024-11-03T14:32:45-0700] UL AVG TPUT: 
[2024-11-03T14:32:45-0700] tcp uplink test finished at 2024-11-03 14:32:45.886 MST, duration: 121.140 s
[2024-11-03T14:32:45-0700] -------------------------------
[2024-11-03T14:32:45-0700] Waiting for 2 s...
[2024-11-03T14:32:48-0700] -------------------------------
[2024-11-03T14:32:48-0700] Starting 5G booster for 5 s...
[2024-11-03T14:32:48-0700] 5G booster started at 2024-11-03 14:32:48.034 MST
[2024-11-03T14:32:54-0700] Current time exceeds end time, skipping wait
[2024-11-03T14:32:54-0700] Saved TCP DL results to /data/data/com.termux/files/home/storage/shared/bos_la_2024_trip/verizon/20241103/142833160/tcp_downlink_143248085.out
[2024-11-03T14:32:54-0700] DL AVG TPUT: 
[2024-11-03T14:32:54-0700] 5G booster finished at 2024-11-03 14:32:54.179 MST, duration: 6.145 s
[2024-11-03T14:32:54-0700] -------------------------------
[2024-11-03T14:32:54-0700] Waiting for 2 s...
[2024-11-03T14:32:56-0700] -------------------------------
[2024-11-03T14:32:56-0700] ICMP Ping test started at 2024-11-03 14:32:56.336 MST
[2024-11-03T14:33:26-0700] Waiting for .840 s to reach end time
[2024-11-03T14:33:27-0700] Saved ping test to /data/data/com.termux/files/home/storage/shared/bos_la_2024_trip/verizon/20241103/142833160/icmp_ping_143256403.out
[2024-11-03T14:33:27-0700] Ping summary (min/avg/max/mdev) = 66.268/73.422/89.194/4.880 ms
[2024-11-03T14:33:27-0700] Ping test finished at 2024-11-03 14:33:27.448 MST, duration: 31.112 s
[2024-11-03T14:33:27-0700] -------------------------------
[2024-11-03T14:33:27-0700] Waiting for 2 s...
[2024-11-03T14:33:29-0700] -------------------------------
[2024-11-03T14:33:29-0700] Starting 5G booster for 5 s...
[2024-11-03T14:33:29-0700] 5G booster started at 2024-11-03 14:33:29.574 MST
[2024-11-03T14:33:35-0700] Current time exceeds end time, skipping wait
[2024-11-03T14:33:35-0700] Saved TCP DL results to /data/data/com.termux/files/home/storage/shared/bos_la_2024_trip/verizon/20241103/142833160/tcp_downlink_143329608.out
[2024-11-03T14:33:35-0700] DL AVG TPUT: 
[2024-11-03T14:33:35-0700] 5G booster finished at 2024-11-03 14:33:35.712 MST, duration: 6.138 s
[2024-11-03T14:33:35-0700] -------------------------------
[2024-11-03T14:33:35-0700] Waiting for 2 s...
[2024-11-03T14:33:37-0700] -------------------------------
[2024-11-03T14:33:37-0700] TCP Ping test started at 2024-11-03 14:33:37.823 MST
[2024-11-03T14:34:08-0700] Current time exceeds end time, skipping wait
[2024-11-03T14:34:08-0700] Saved TCP Ping test to /data/data/com.termux/files/home/storage/shared/bos_la_2024_trip/verizon/20241103/142833160/tcp_ping_143337851.out
[2024-11-03T14:34:09-0700] TCP Ping summary (min/avg/max/mdev) 
[2024-11-03T14:34:09-0700] TCP Ping test finished at 2024-11-03 14:34:08.975 MST, duration: 31.152 s
[2024-11-03T14:34:09-0700] -------------------------------
[2024-11-03T14:34:09-0700] Waiting for 2 s...
[2024-11-03T14:34:11-0700] -------------------------------
[2024-11-03T14:34:11-0700] Traceroute test started at 2024-11-03 14:34:11.113 MST
[2024-11-03T14:34:18-0700] Waiting for 22.725 s to reach end time
[2024-11-03T14:34:41-0700] Saved traceroute test to /data/data/com.termux/files/home/storage/shared/bos_la_2024_trip/verizon/20241103/142833160/traceroute_143411145.out
[2024-11-03T14:34:41-0700] Traceroute summary (min/avg/max/mdev) 
[2024-11-03T14:34:41-0700] Traceroute test finished at 2024-11-03 14:34:41.193 MST, duration: 30.080 s
[2024-11-03T14:34:41-0700] -------------------------------
[2024-11-03T14:34:41-0700] All tests completed, cleaning up...
[2024-11-03T14:34:41-0700] -------------------------------
[2024-11-03T14:35:19-0700] [measurement] Load environment variables from prod.env file
[2024-11-03T14:35:19-0700] [measurement] Load operator-specific env from verizon.env file
[2024-11-03T14:35:19-0700] Starting a network measurement, please choose a server
[2024-11-03T14:35:19-0700] 0) West Cloud: 54.176.53.206
[2024-11-03T14:35:19-0700] 1) East Cloud: 54.197.223.49
[2024-11-03T14:35:19-0700] 2) Los Angeles Wavelength: 161.188.33.234
[2024-11-03T14:35:19-0700] 3) Las Vegas Wavelength: 155.146.118.158
[2024-11-03T14:35:19-0700] 4) Denver Wavelength: 155.146.144.24
[2024-11-03T14:35:19-0700] 5) Chicago Wavelength: 155.146.180.31
[2024-11-03T14:35:19-0700] 6) Boston Wavelength: 155.146.11.34
[2024-11-03T14:35:29-0700] Enter your choice (0-6): Testing verizon, server 0 (ip: 54.176.53.206, nuttcp_port: 5101, iperf_port: 5001)
[2024-11-03T14:35:29-0700] -------------------------------
[2024-11-03T14:35:29-0700] tcp downlink test started at 2024-11-03 14:35:29.463 MST
[2024-11-03T14:35:29-0700] Testing tcp downlink with 54.176.53.206:5101, interval 0.5 s, duration 120 s, timeout 121 s...
[2024-11-03T14:37:30-0700] Current time exceeds end time, skipping wait
[2024-11-03T14:37:30-0700] Saved tcp downlink test to /data/data/com.termux/files/home/storage/shared/bos_la_2024_trip/verizon/20241103/143529446/tcp_downlink_143529485.out
[2024-11-03T14:37:30-0700] DL AVG TPUT: 
[2024-11-03T14:37:30-0700] tcp downlink test finished at 2024-11-03 14:37:30.619 MST, duration: 121.156 s
[2024-11-03T14:37:30-0700] -------------------------------
[2024-11-03T14:37:30-0700] Waiting for 2 s...
[2024-11-03T14:37:32-0700] -------------------------------
[2024-11-03T14:37:32-0700] Starting 5G booster for 5 s...
[2024-11-03T14:37:32-0700] 5G booster started at 2024-11-03 14:37:32.768 MST
[2024-11-03T14:37:38-0700] Current time exceeds end time, skipping wait
[2024-11-03T14:37:38-0700] Saved TCP DL results to /data/data/com.termux/files/home/storage/shared/bos_la_2024_trip/verizon/20241103/143529446/tcp_downlink_143732828.out
[2024-11-03T14:37:38-0700] DL AVG TPUT: 
[2024-11-03T14:37:39-0700] 5G booster finished at 2024-11-03 14:37:38.972 MST, duration: 6.204 s
[2024-11-03T14:37:39-0700] -------------------------------
[2024-11-03T14:37:39-0700] Waiting for 2 s...
[2024-11-03T14:37:41-0700] -------------------------------
[2024-11-03T14:37:41-0700] tcp uplink test started at 2024-11-03 14:37:41.065 MST
[2024-11-03T14:37:41-0700] testing tcp uplink with 54.176.53.206:5101, interval 0.5, duration 120, timeout 121 ...
[2024-11-03T14:39:42-0700] Waiting for .064 s to reach end time
[2024-11-03T14:39:42-0700] Saved uplink test to /data/data/com.termux/files/home/storage/shared/bos_la_2024_trip/verizon/20241103/143529446/tcp_uplink_143741098.out
[2024-11-03T14:39:42-0700] UL AVG TPUT: 18.2263 Mbps
[2024-11-03T14:39:42-0700] tcp uplink test finished at 2024-11-03 14:39:42.156 MST, duration: 121.091 s
[2024-11-03T14:39:42-0700] -------------------------------
[2024-11-03T14:39:42-0700] Waiting for 2 s...
[2024-11-03T14:39:44-0700] -------------------------------
[2024-11-03T14:39:44-0700] Starting 5G booster for 5 s...
[2024-11-03T14:39:44-0700] 5G booster started at 2024-11-03 14:39:44.290 MST
[2024-11-03T14:39:50-0700] Current time exceeds end time, skipping wait
[2024-11-03T14:39:50-0700] Saved TCP DL results to /data/data/com.termux/files/home/storage/shared/bos_la_2024_trip/verizon/20241103/143529446/tcp_downlink_143944323.out
[2024-11-03T14:39:50-0700] DL AVG TPUT: 
[2024-11-03T14:39:50-0700] 5G booster finished at 2024-11-03 14:39:50.462 MST, duration: 6.172 s
[2024-11-03T14:39:50-0700] -------------------------------
[2024-11-03T14:39:50-0700] Waiting for 2 s...
[2024-11-03T14:39:52-0700] -------------------------------
[2024-11-03T14:39:52-0700] ICMP Ping test started at 2024-11-03 14:39:52.656 MST
[2024-11-03T14:40:22-0700] Waiting for .820 s to reach end time
[2024-11-03T14:40:23-0700] Saved ping test to /data/data/com.termux/files/home/storage/shared/bos_la_2024_trip/verizon/20241103/143529446/icmp_ping_143952735.out
[2024-11-03T14:40:23-0700] Ping summary (min/avg/max/mdev) = 65.241/78.481/169.705/12.196 ms
[2024-11-03T14:40:23-0700] Ping test finished at 2024-11-03 14:40:23.749 MST, duration: 31.093 s
[2024-11-03T14:40:23-0700] -------------------------------
[2024-11-03T14:40:23-0700] Waiting for 2 s...
[2024-11-03T14:40:25-0700] -------------------------------
[2024-11-03T14:40:25-0700] Starting 5G booster for 5 s...
[2024-11-03T14:40:25-0700] 5G booster started at 2024-11-03 14:40:25.878 MST
[2024-11-03T14:40:31-0700] Current time exceeds end time, skipping wait
[2024-11-03T14:40:31-0700] Saved TCP DL results to /data/data/com.termux/files/home/storage/shared/bos_la_2024_trip/verizon/20241103/143529446/tcp_downlink_144025909.out
[2024-11-03T14:40:32-0700] DL AVG TPUT: 
[2024-11-03T14:40:32-0700] 5G booster finished at 2024-11-03 14:40:31.990 MST, duration: 6.112 s
[2024-11-03T14:40:32-0700] -------------------------------
[2024-11-03T14:40:32-0700] Waiting for 2 s...
[2024-11-03T14:40:34-0700] -------------------------------
[2024-11-03T14:40:34-0700] TCP Ping test started at 2024-11-03 14:40:34.091 MST
[2024-11-03T14:41:05-0700] Current time exceeds end time, skipping wait
[2024-11-03T14:41:05-0700] Saved TCP Ping test to /data/data/com.termux/files/home/storage/shared/bos_la_2024_trip/verizon/20241103/143529446/tcp_ping_144034119.out
[2024-11-03T14:41:05-0700] TCP Ping summary (min/avg/max/mdev) 
[2024-11-03T14:41:05-0700] TCP Ping test finished at 2024-11-03 14:41:05.219 MST, duration: 31.128 s
[2024-11-03T14:41:05-0700] -------------------------------
[2024-11-03T14:41:05-0700] Waiting for 2 s...
[2024-11-03T14:41:07-0700] -------------------------------
[2024-11-03T14:41:07-0700] Traceroute test started at 2024-11-03 14:41:07.400 MST
[2024-11-03T14:41:09-0700] Waiting for 27.620 s to reach end time
[2024-11-03T14:41:37-0700] Saved traceroute test to /data/data/com.termux/files/home/storage/shared/bos_la_2024_trip/verizon/20241103/143529446/traceroute_144107427.out
[2024-11-03T14:41:37-0700] Traceroute summary (min/avg/max/mdev) 
[2024-11-03T14:41:37-0700] Traceroute test finished at 2024-11-03 14:41:37.465 MST, duration: 30.065 s
[2024-11-03T14:41:37-0700] -------------------------------
[2024-11-03T14:41:37-0700] All tests completed, cleaning up...
[2024-11-03T14:41:37-0700] -------------------------------
[2024-11-03T14:42:18-0700] [measurement] Load environment variables from prod.env file
[2024-11-03T14:42:18-0700] [measurement] Load operator-specific env from verizon.env file
[2024-11-03T14:42:18-0700] Starting a network measurement, please choose a server
[2024-11-03T14:42:18-0700] 0) West Cloud: 54.176.53.206
[2024-11-03T14:42:18-0700] 1) East Cloud: 54.197.223.49
[2024-11-03T14:42:18-0700] 2) Los Angeles Wavelength: 161.188.33.234
[2024-11-03T14:42:18-0700] 3) Las Vegas Wavelength: 155.146.118.158
[2024-11-03T14:42:18-0700] 4) Denver Wavelength: 155.146.144.24
[2024-11-03T14:42:18-0700] 5) Chicago Wavelength: 155.146.180.31
[2024-11-03T14:42:18-0700] 6) Boston Wavelength: 155.146.11.34
[2024-11-03T14:42:21-0700] Enter your choice (0-6): Testing verizon, server 0 (ip: 54.176.53.206, nuttcp_port: 5101, iperf_port: 5001)
[2024-11-03T14:42:21-0700] -------------------------------
[2024-11-03T14:42:21-0700] tcp downlink test started at 2024-11-03 14:42:21.951 MST
[2024-11-03T14:42:22-0700] Testing tcp downlink with 54.176.53.206:5101, interval 0.5 s, duration 120 s, timeout 121 s...
[2024-11-03T14:44:23-0700] Current time exceeds end time, skipping wait
[2024-11-03T14:44:23-0700] Saved tcp downlink test to /data/data/com.termux/files/home/storage/shared/bos_la_2024_trip/verizon/20241103/144221933/tcp_downlink_144221975.out
[2024-11-03T14:44:23-0700] DL AVG TPUT: 
[2024-11-03T14:44:23-0700] tcp downlink test finished at 2024-11-03 14:44:23.077 MST, duration: 121.126 s
[2024-11-03T14:44:23-0700] -------------------------------
[2024-11-03T14:44:23-0700] Waiting for 2 s...
[2024-11-03T14:44:25-0700] -------------------------------
[2024-11-03T14:44:25-0700] Starting 5G booster for 5 s...
[2024-11-03T14:44:25-0700] 5G booster started at 2024-11-03 14:44:25.219 MST
[2024-11-03T14:44:31-0700] Current time exceeds end time, skipping wait
[2024-11-03T14:44:31-0700] Saved TCP DL results to /data/data/com.termux/files/home/storage/shared/bos_la_2024_trip/verizon/20241103/144221933/tcp_downlink_144425248.out
[2024-11-03T14:44:31-0700] DL AVG TPUT: 
[2024-11-03T14:44:31-0700] 5G booster finished at 2024-11-03 14:44:31.344 MST, duration: 6.125 s
[2024-11-03T14:44:31-0700] -------------------------------
[2024-11-03T14:44:31-0700] Waiting for 2 s...
[2024-11-03T14:44:33-0700] -------------------------------
[2024-11-03T14:44:33-0700] tcp uplink test started at 2024-11-03 14:44:33.464 MST
[2024-11-03T14:44:33-0700] testing tcp uplink with 54.176.53.206:5101, interval 0.5, duration 120, timeout 121 ...
[2024-11-03T14:46:34-0700] Current time exceeds end time, skipping wait
[2024-11-03T14:46:34-0700] Saved uplink test to /data/data/com.termux/files/home/storage/shared/bos_la_2024_trip/verizon/20241103/144221933/tcp_uplink_144433486.out
[2024-11-03T14:46:34-0700] UL AVG TPUT: 
[2024-11-03T14:46:34-0700] tcp uplink test finished at 2024-11-03 14:46:34.576 MST, duration: 121.112 s
[2024-11-03T14:46:34-0700] -------------------------------
[2024-11-03T14:46:34-0700] Waiting for 2 s...
[2024-11-03T14:46:36-0700] -------------------------------
[2024-11-03T14:46:36-0700] Starting 5G booster for 5 s...
[2024-11-03T14:46:36-0700] 5G booster started at 2024-11-03 14:46:36.703 MST
[2024-11-03T14:46:42-0700] Current time exceeds end time, skipping wait
[2024-11-03T14:46:42-0700] Saved TCP DL results to /data/data/com.termux/files/home/storage/shared/bos_la_2024_trip/verizon/20241103/144221933/tcp_downlink_144636766.out
[2024-11-03T14:46:42-0700] DL AVG TPUT: 
[2024-11-03T14:46:42-0700] 5G booster finished at 2024-11-03 14:46:42.877 MST, duration: 6.174 s
[2024-11-03T14:46:42-0700] -------------------------------
[2024-11-03T14:46:42-0700] Waiting for 2 s...
[2024-11-03T14:46:44-0700] -------------------------------
[2024-11-03T14:46:45-0700] ICMP Ping test started at 2024-11-03 14:46:45.027 MST
[2024-11-03T14:47:15-0700] Waiting for .888 s to reach end time
[2024-11-03T14:47:16-0700] Saved ping test to /data/data/com.termux/files/home/storage/shared/bos_la_2024_trip/verizon/20241103/144221933/icmp_ping_144645061.out
[2024-11-03T14:47:16-0700] Ping summary (min/avg/max/mdev) = 70.259/97.599/130.543/13.282 ms
[2024-11-03T14:47:16-0700] Ping test finished at 2024-11-03 14:47:16.120 MST, duration: 31.093 s
[2024-11-03T14:47:16-0700] -------------------------------
[2024-11-03T14:47:16-0700] Waiting for 2 s...
[2024-11-03T14:47:18-0700] -------------------------------
[2024-11-03T14:47:18-0700] Starting 5G booster for 5 s...
[2024-11-03T14:47:18-0700] 5G booster started at 2024-11-03 14:47:18.225 MST
[2024-11-03T14:47:24-0700] Current time exceeds end time, skipping wait
[2024-11-03T14:47:24-0700] Saved TCP DL results to /data/data/com.termux/files/home/storage/shared/bos_la_2024_trip/verizon/20241103/144221933/tcp_downlink_144718270.out
[2024-11-03T14:47:24-0700] DL AVG TPUT: 
[2024-11-03T14:47:24-0700] 5G booster finished at 2024-11-03 14:47:24.371 MST, duration: 6.146 s
[2024-11-03T14:47:24-0700] -------------------------------
[2024-11-03T14:47:24-0700] Waiting for 2 s...
[2024-11-03T14:47:26-0700] -------------------------------
[2024-11-03T14:47:26-0700] TCP Ping test started at 2024-11-03 14:47:26.505 MST
[2024-11-03T14:47:57-0700] Current time exceeds end time, skipping wait
[2024-11-03T14:47:57-0700] Saved TCP Ping test to /data/data/com.termux/files/home/storage/shared/bos_la_2024_trip/verizon/20241103/144221933/tcp_ping_144726533.out
[2024-11-03T14:47:57-0700] TCP Ping summary (min/avg/max/mdev) 
[2024-11-03T14:47:57-0700] TCP Ping test finished at 2024-11-03 14:47:57.635 MST, duration: 31.130 s
[2024-11-03T14:47:57-0700] -------------------------------
[2024-11-03T14:47:57-0700] Waiting for 2 s...
[2024-11-03T14:47:59-0700] -------------------------------
[2024-11-03T14:47:59-0700] Traceroute test started at 2024-11-03 14:47:59.768 MST
[2024-11-03T14:48:07-0700] Waiting for 22.065 s to reach end time
[2024-11-03T14:48:29-0700] Saved traceroute test to /data/data/com.termux/files/home/storage/shared/bos_la_2024_trip/verizon/20241103/144221933/traceroute_144759798.out
[2024-11-03T14:48:29-0700] Traceroute summary (min/avg/max/mdev) 
[2024-11-03T14:48:29-0700] Traceroute test finished at 2024-11-03 14:48:29.860 MST, duration: 30.092 s
[2024-11-03T14:48:29-0700] -------------------------------
[2024-11-03T14:48:29-0700] All tests completed, cleaning up...
[2024-11-03T14:48:29-0700] -------------------------------
[2024-11-03T14:48:55-0700] [measurement] Load environment variables from prod.env file
[2024-11-03T14:48:55-0700] [measurement] Load operator-specific env from verizon.env file
[2024-11-03T14:48:55-0700] Starting a network measurement, please choose a server
[2024-11-03T14:48:55-0700] 0) West Cloud: 54.176.53.206
[2024-11-03T14:48:55-0700] 1) East Cloud: 54.197.223.49
[2024-11-03T14:48:55-0700] 2) Los Angeles Wavelength: 161.188.33.234
[2024-11-03T14:48:55-0700] 3) Las Vegas Wavelength: 155.146.118.158
[2024-11-03T14:48:55-0700] 4) Denver Wavelength: 155.146.144.24
[2024-11-03T14:48:55-0700] 5) Chicago Wavelength: 155.146.180.31
[2024-11-03T14:48:55-0700] 6) Boston Wavelength: 155.146.11.34
[2024-11-03T14:49:15-0700] Enter your choice (0-6): Testing verizon, server 0 (ip: 54.176.53.206, nuttcp_port: 5101, iperf_port: 5001)
[2024-11-03T14:49:15-0700] -------------------------------
[2024-11-03T14:49:15-0700] tcp downlink test started at 2024-11-03 14:49:15.816 MST
[2024-11-03T14:49:15-0700] Testing tcp downlink with 54.176.53.206:5101, interval 0.5 s, duration 120 s, timeout 121 s...
[2024-11-03T14:51:16-0700] Current time exceeds end time, skipping wait
[2024-11-03T14:51:16-0700] Saved tcp downlink test to /data/data/com.termux/files/home/storage/shared/bos_la_2024_trip/verizon/20241103/144915792/tcp_downlink_144915855.out
[2024-11-03T14:51:16-0700] DL AVG TPUT: 
[2024-11-03T14:51:17-0700] tcp downlink test finished at 2024-11-03 14:51:16.960 MST, duration: 121.144 s
[2024-11-03T14:51:17-0700] -------------------------------
[2024-11-03T14:51:17-0700] Waiting for 2 s...
[2024-11-03T14:51:19-0700] -------------------------------
[2024-11-03T14:51:19-0700] Starting 5G booster for 5 s...
[2024-11-03T14:51:19-0700] 5G booster started at 2024-11-03 14:51:19.073 MST
[2024-11-03T14:51:25-0700] Current time exceeds end time, skipping wait
[2024-11-03T14:51:25-0700] Saved TCP DL results to /data/data/com.termux/files/home/storage/shared/bos_la_2024_trip/verizon/20241103/144915792/tcp_downlink_145119103.out
[2024-11-03T14:51:25-0700] DL AVG TPUT: 
[2024-11-03T14:51:25-0700] 5G booster finished at 2024-11-03 14:51:25.224 MST, duration: 6.151 s
[2024-11-03T14:51:25-0700] -------------------------------
[2024-11-03T14:51:25-0700] Waiting for 2 s...
[2024-11-03T14:51:27-0700] -------------------------------
[2024-11-03T14:51:27-0700] tcp uplink test started at 2024-11-03 14:51:27.348 MST
[2024-11-03T14:51:27-0700] testing tcp uplink with 54.176.53.206:5101, interval 0.5, duration 120, timeout 121 ...
[2024-11-03T14:53:28-0700] Current time exceeds end time, skipping wait
[2024-11-03T14:53:28-0700] Saved uplink test to /data/data/com.termux/files/home/storage/shared/bos_la_2024_trip/verizon/20241103/144915792/tcp_uplink_145127387.out
[2024-11-03T14:53:28-0700] UL AVG TPUT: 
[2024-11-03T14:53:28-0700] tcp uplink test finished at 2024-11-03 14:53:28.490 MST, duration: 121.142 s
[2024-11-03T14:53:28-0700] -------------------------------
[2024-11-03T14:53:28-0700] Waiting for 2 s...
[2024-11-03T14:53:30-0700] -------------------------------
[2024-11-03T14:53:30-0700] Starting 5G booster for 5 s...
[2024-11-03T14:53:30-0700] 5G booster started at 2024-11-03 14:53:30.621 MST
[2024-11-03T14:53:36-0700] Current time exceeds end time, skipping wait
[2024-11-03T14:53:36-0700] Saved TCP DL results to /data/data/com.termux/files/home/storage/shared/bos_la_2024_trip/verizon/20241103/144915792/tcp_downlink_145330648.out
[2024-11-03T14:53:36-0700] DL AVG TPUT: 
[2024-11-03T14:53:36-0700] 5G booster finished at 2024-11-03 14:53:36.715 MST, duration: 6.094 s
[2024-11-03T14:53:36-0700] -------------------------------
[2024-11-03T14:53:36-0700] Waiting for 2 s...
[2024-11-03T14:53:38-0700] -------------------------------
[2024-11-03T14:53:38-0700] ICMP Ping test started at 2024-11-03 14:53:38.846 MST
[2024-11-03T14:54:09-0700] Waiting for .840 s to reach end time
[2024-11-03T14:54:09-0700] Saved ping test to /data/data/com.termux/files/home/storage/shared/bos_la_2024_trip/verizon/20241103/144915792/icmp_ping_145338880.out
[2024-11-03T14:54:09-0700] Ping summary (min/avg/max/mdev) = 68.764/140.502/1076.131/162.830 ms
[2024-11-03T14:54:09-0700] Ping test finished at 2024-11-03 14:54:09.911 MST, duration: 31.065 s
[2024-11-03T14:54:09-0700] -------------------------------
[2024-11-03T14:54:09-0700] Waiting for 2 s...
[2024-11-03T14:54:11-0700] -------------------------------
[2024-11-03T14:54:11-0700] Starting 5G booster for 5 s...
[2024-11-03T14:54:12-0700] 5G booster started at 2024-11-03 14:54:12.016 MST
[2024-11-03T14:54:18-0700] Current time exceeds end time, skipping wait
[2024-11-03T14:54:18-0700] Saved TCP DL results to /data/data/com.termux/files/home/storage/shared/bos_la_2024_trip/verizon/20241103/144915792/tcp_downlink_145412046.out
[2024-11-03T14:54:18-0700] DL AVG TPUT: 
[2024-11-03T14:54:18-0700] 5G booster finished at 2024-11-03 14:54:18.146 MST, duration: 6.130 s
[2024-11-03T14:54:18-0700] -------------------------------
[2024-11-03T14:54:18-0700] Waiting for 2 s...
[2024-11-03T14:54:20-0700] -------------------------------
[2024-11-03T14:54:20-0700] TCP Ping test started at 2024-11-03 14:54:20.273 MST
[2024-11-03T14:54:51-0700] Current time exceeds end time, skipping wait
[2024-11-03T14:54:51-0700] Saved TCP Ping test to /data/data/com.termux/files/home/storage/shared/bos_la_2024_trip/verizon/20241103/144915792/tcp_ping_145420298.out
[2024-11-03T14:54:51-0700] TCP Ping summary (min/avg/max/mdev) 
[2024-11-03T14:54:51-0700] TCP Ping test finished at 2024-11-03 14:54:51.404 MST, duration: 31.131 s
[2024-11-03T14:54:51-0700] -------------------------------
[2024-11-03T14:54:51-0700] Waiting for 2 s...
[2024-11-03T14:54:53-0700] -------------------------------
[2024-11-03T14:54:53-0700] Traceroute test started at 2024-11-03 14:54:53.532 MST
[2024-11-03T14:55:00-0700] Waiting for 22.971 s to reach end time
[2024-11-03T14:55:23-0700] Saved traceroute test to /data/data/com.termux/files/home/storage/shared/bos_la_2024_trip/verizon/20241103/144915792/traceroute_145453561.out
[2024-11-03T14:55:23-0700] Traceroute summary (min/avg/max/mdev) 
[2024-11-03T14:55:23-0700] Traceroute test finished at 2024-11-03 14:55:23.608 MST, duration: 30.076 s
[2024-11-03T14:55:23-0700] -------------------------------
[2024-11-03T14:55:23-0700] All tests completed, cleaning up...
[2024-11-03T14:55:23-0700] -------------------------------
[2024-11-03T14:55:48-0700] [measurement] Load environment variables from prod.env file
[2024-11-03T14:55:48-0700] [measurement] Load operator-specific env from verizon.env file
[2024-11-03T14:55:48-0700] Starting a network measurement, please choose a server
[2024-11-03T14:55:48-0700] 0) West Cloud: 54.176.53.206
[2024-11-03T14:55:48-0700] 1) East Cloud: 54.197.223.49
[2024-11-03T14:55:48-0700] 2) Los Angeles Wavelength: 161.188.33.234
[2024-11-03T14:55:48-0700] 3) Las Vegas Wavelength: 155.146.118.158
[2024-11-03T14:55:48-0700] 4) Denver Wavelength: 155.146.144.24
[2024-11-03T14:55:48-0700] 5) Chicago Wavelength: 155.146.180.31
[2024-11-03T14:55:48-0700] 6) Boston Wavelength: 155.146.11.34
[2024-11-03T14:56:07-0700] Enter your choice (0-6): Testing verizon, server 0 (ip: 54.176.53.206, nuttcp_port: 5101, iperf_port: 5001)
[2024-11-03T14:56:07-0700] -------------------------------
[2024-11-03T14:56:07-0700] tcp downlink test started at 2024-11-03 14:56:07.808 MST
[2024-11-03T14:56:07-0700] Testing tcp downlink with 54.176.53.206:5101, interval 0.5 s, duration 120 s, timeout 121 s...
[2024-11-03T14:58:08-0700] Current time exceeds end time, skipping wait
[2024-11-03T14:58:08-0700] Saved tcp downlink test to /data/data/com.termux/files/home/storage/shared/bos_la_2024_trip/verizon/20241103/145607783/tcp_downlink_145607852.out
[2024-11-03T14:58:09-0700] DL AVG TPUT: 
[2024-11-03T14:58:09-0700] tcp downlink test finished at 2024-11-03 14:58:08.972 MST, duration: 121.164 s
[2024-11-03T14:58:09-0700] -------------------------------
[2024-11-03T14:58:09-0700] Waiting for 2 s...
[2024-11-03T14:58:11-0700] -------------------------------
[2024-11-03T14:58:11-0700] Starting 5G booster for 5 s...
[2024-11-03T14:58:11-0700] 5G booster started at 2024-11-03 14:58:11.089 MST
[2024-11-03T14:58:17-0700] Current time exceeds end time, skipping wait
[2024-11-03T14:58:17-0700] Saved TCP DL results to /data/data/com.termux/files/home/storage/shared/bos_la_2024_trip/verizon/20241103/145607783/tcp_downlink_145811120.out
[2024-11-03T14:58:17-0700] DL AVG TPUT: 
[2024-11-03T14:58:17-0700] 5G booster finished at 2024-11-03 14:58:17.236 MST, duration: 6.147 s
[2024-11-03T14:58:17-0700] -------------------------------
[2024-11-03T14:58:17-0700] Waiting for 2 s...
[2024-11-03T14:58:19-0700] -------------------------------
[2024-11-03T14:58:19-0700] tcp uplink test started at 2024-11-03 14:58:19.380 MST
[2024-11-03T14:58:19-0700] testing tcp uplink with 54.176.53.206:5101, interval 0.5, duration 120, timeout 121 ...
[2024-11-03T15:00:20-0700] Current time exceeds end time, skipping wait
[2024-11-03T15:00:20-0700] Saved uplink test to /data/data/com.termux/files/home/storage/shared/bos_la_2024_trip/verizon/20241103/145607783/tcp_uplink_145819434.out
[2024-11-03T15:00:20-0700] UL AVG TPUT: 27.7902 Mbps
[2024-11-03T15:00:20-0700] tcp uplink test finished at 2024-11-03 15:00:20.528 MST, duration: 121.148 s
[2024-11-03T15:00:20-0700] -------------------------------
[2024-11-03T15:00:20-0700] Waiting for 2 s...
[2024-11-03T15:00:22-0700] -------------------------------
[2024-11-03T15:00:22-0700] Starting 5G booster for 5 s...
[2024-11-03T15:00:22-0700] 5G booster started at 2024-11-03 15:00:22.656 MST
[2024-11-03T15:00:28-0700] Current time exceeds end time, skipping wait
[2024-11-03T15:00:28-0700] Saved TCP DL results to /data/data/com.termux/files/home/storage/shared/bos_la_2024_trip/verizon/20241103/145607783/tcp_downlink_150022686.out
[2024-11-03T15:00:28-0700] DL AVG TPUT: 
[2024-11-03T15:00:28-0700] 5G booster finished at 2024-11-03 15:00:28.786 MST, duration: 6.130 s
[2024-11-03T15:00:28-0700] -------------------------------
[2024-11-03T15:00:28-0700] Waiting for 2 s...
[2024-11-03T15:00:30-0700] -------------------------------
[2024-11-03T15:00:30-0700] ICMP Ping test started at 2024-11-03 15:00:30.924 MST
[2024-11-03T15:01:01-0700] Waiting for .843 s to reach end time
[2024-11-03T15:01:02-0700] Saved ping test to /data/data/com.termux/files/home/storage/shared/bos_la_2024_trip/verizon/20241103/145607783/icmp_ping_150030955.out
[2024-11-03T15:01:02-0700] Ping summary (min/avg/max/mdev) = 67.116/76.110/89.757/4.395 ms
[2024-11-03T15:01:02-0700] Ping test finished at 2024-11-03 15:01:02.001 MST, duration: 31.077 s
[2024-11-03T15:01:02-0700] -------------------------------
[2024-11-03T15:01:02-0700] Waiting for 2 s...
[2024-11-03T15:01:04-0700] -------------------------------
[2024-11-03T15:01:04-0700] Starting 5G booster for 5 s...
[2024-11-03T15:01:04-0700] 5G booster started at 2024-11-03 15:01:04.096 MST
[2024-11-03T15:01:10-0700] Current time exceeds end time, skipping wait
[2024-11-03T15:01:10-0700] Saved TCP DL results to /data/data/com.termux/files/home/storage/shared/bos_la_2024_trip/verizon/20241103/145607783/tcp_downlink_150104122.out
[2024-11-03T15:01:10-0700] DL AVG TPUT: 
[2024-11-03T15:01:10-0700] 5G booster finished at 2024-11-03 15:01:10.241 MST, duration: 6.145 s
[2024-11-03T15:01:10-0700] -------------------------------
[2024-11-03T15:01:10-0700] Waiting for 2 s...
[2024-11-03T15:01:12-0700] -------------------------------
[2024-11-03T15:01:12-0700] TCP Ping test started at 2024-11-03 15:01:12.354 MST
[2024-11-03T15:01:43-0700] Current time exceeds end time, skipping wait
[2024-11-03T15:01:43-0700] Saved TCP Ping test to /data/data/com.termux/files/home/storage/shared/bos_la_2024_trip/verizon/20241103/145607783/tcp_ping_150112381.out
[2024-11-03T15:01:43-0700] TCP Ping summary (min/avg/max/mdev) 
[2024-11-03T15:01:43-0700] TCP Ping test finished at 2024-11-03 15:01:43.530 MST, duration: 31.176 s
[2024-11-03T15:01:43-0700] -------------------------------
[2024-11-03T15:01:43-0700] Waiting for 2 s...
[2024-11-03T15:01:45-0700] -------------------------------
[2024-11-03T15:01:45-0700] Traceroute test started at 2024-11-03 15:01:45.632 MST
[2024-11-03T15:01:54-0700] Waiting for 21.262 s to reach end time
[2024-11-03T15:02:15-0700] Saved traceroute test to /data/data/com.termux/files/home/storage/shared/bos_la_2024_trip/verizon/20241103/145607783/traceroute_150145664.out
[2024-11-03T15:02:15-0700] Traceroute summary (min/avg/max/mdev) 
[2024-11-03T15:02:15-0700] Traceroute test finished at 2024-11-03 15:02:15.720 MST, duration: 30.088 s
[2024-11-03T15:02:15-0700] -------------------------------
[2024-11-03T15:02:15-0700] All tests completed, cleaning up...
[2024-11-03T15:02:15-0700] -------------------------------
[2024-11-03T15:02:35-0700] [measurement] Load environment variables from prod.env file
[2024-11-03T15:02:35-0700] [measurement] Load operator-specific env from verizon.env file
[2024-11-03T15:02:35-0700] Starting a network measurement, please choose a server
[2024-11-03T15:02:35-0700] 0) West Cloud: 54.176.53.206
[2024-11-03T15:02:35-0700] 1) East Cloud: 54.197.223.49
[2024-11-03T15:02:35-0700] 2) Los Angeles Wavelength: 161.188.33.234
[2024-11-03T15:02:35-0700] 3) Las Vegas Wavelength: 155.146.118.158
[2024-11-03T15:02:35-0700] 4) Denver Wavelength: 155.146.144.24
[2024-11-03T15:02:35-0700] 5) Chicago Wavelength: 155.146.180.31
[2024-11-03T15:02:35-0700] 6) Boston Wavelength: 155.146.11.34
[2024-11-03T15:02:52-0700] Enter your choice (0-6): Testing verizon, server 0 (ip: 54.176.53.206, nuttcp_port: 5101, iperf_port: 5001)
[2024-11-03T15:02:52-0700] -------------------------------
[2024-11-03T15:02:52-0700] tcp downlink test started at 2024-11-03 15:02:52.664 MST
[2024-11-03T15:02:52-0700] Testing tcp downlink with 54.176.53.206:5101, interval 0.5 s, duration 120 s, timeout 121 s...
[2024-11-03T15:04:53-0700] Current time exceeds end time, skipping wait
[2024-11-03T15:04:53-0700] Saved tcp downlink test to /data/data/com.termux/files/home/storage/shared/bos_la_2024_trip/verizon/20241103/150252644/tcp_downlink_150252685.out
[2024-11-03T15:04:53-0700] DL AVG TPUT: 
[2024-11-03T15:04:53-0700] tcp downlink test finished at 2024-11-03 15:04:53.783 MST, duration: 121.119 s
[2024-11-03T15:04:53-0700] -------------------------------
[2024-11-03T15:04:53-0700] Waiting for 2 s...
[2024-11-03T15:04:55-0700] -------------------------------
[2024-11-03T15:04:55-0700] Starting 5G booster for 5 s...
[2024-11-03T15:04:55-0700] 5G booster started at 2024-11-03 15:04:55.911 MST
[2024-11-03T15:05:02-0700] Current time exceeds end time, skipping wait
[2024-11-03T15:05:02-0700] Saved TCP DL results to /data/data/com.termux/files/home/storage/shared/bos_la_2024_trip/verizon/20241103/150252644/tcp_downlink_150455962.out
[2024-11-03T15:05:02-0700] DL AVG TPUT: 
[2024-11-03T15:05:02-0700] 5G booster finished at 2024-11-03 15:05:02.071 MST, duration: 6.160 s
[2024-11-03T15:05:02-0700] -------------------------------
[2024-11-03T15:05:02-0700] Waiting for 2 s...
[2024-11-03T15:05:04-0700] -------------------------------
[2024-11-03T15:05:04-0700] tcp uplink test started at 2024-11-03 15:05:04.178 MST
[2024-11-03T15:05:04-0700] testing tcp uplink with 54.176.53.206:5101, interval 0.5, duration 120, timeout 121 ...
[2024-11-03T15:07:05-0700] Current time exceeds end time, skipping wait
[2024-11-03T15:07:05-0700] Saved uplink test to /data/data/com.termux/files/home/storage/shared/bos_la_2024_trip/verizon/20241103/150252644/tcp_uplink_150504212.out
[2024-11-03T15:07:05-0700] UL AVG TPUT: 57.3798 Mbps
[2024-11-03T15:07:05-0700] tcp uplink test finished at 2024-11-03 15:07:05.240 MST, duration: 121.062 s
[2024-11-03T15:07:05-0700] -------------------------------
[2024-11-03T15:07:05-0700] Waiting for 2 s...
[2024-11-03T15:07:07-0700] -------------------------------
[2024-11-03T15:07:07-0700] Starting 5G booster for 5 s...
[2024-11-03T15:07:07-0700] 5G booster started at 2024-11-03 15:07:07.351 MST
[2024-11-03T15:07:13-0700] Current time exceeds end time, skipping wait
[2024-11-03T15:07:13-0700] Saved TCP DL results to /data/data/com.termux/files/home/storage/shared/bos_la_2024_trip/verizon/20241103/150252644/tcp_downlink_150707403.out
[2024-11-03T15:07:13-0700] DL AVG TPUT: 
[2024-11-03T15:07:13-0700] 5G booster finished at 2024-11-03 15:07:13.479 MST, duration: 6.128 s
[2024-11-03T15:07:13-0700] -------------------------------
[2024-11-03T15:07:13-0700] Waiting for 2 s...
[2024-11-03T15:07:15-0700] -------------------------------
[2024-11-03T15:07:15-0700] ICMP Ping test started at 2024-11-03 15:07:15.610 MST
[2024-11-03T15:07:45-0700] Waiting for .884 s to reach end time
[2024-11-03T15:07:46-0700] Saved ping test to /data/data/com.termux/files/home/storage/shared/bos_la_2024_trip/verizon/20241103/150252644/icmp_ping_150715642.out
[2024-11-03T15:07:46-0700] Ping summary (min/avg/max/mdev) = 71.530/122.518/248.093/28.262 ms
[2024-11-03T15:07:46-0700] Ping test finished at 2024-11-03 15:07:46.694 MST, duration: 31.084 s
[2024-11-03T15:07:46-0700] -------------------------------
[2024-11-03T15:07:46-0700] Waiting for 2 s...
[2024-11-03T15:07:48-0700] -------------------------------
[2024-11-03T15:07:48-0700] Starting 5G booster for 5 s...
[2024-11-03T15:07:48-0700] 5G booster started at 2024-11-03 15:07:48.832 MST
[2024-11-03T15:07:54-0700] Current time exceeds end time, skipping wait
[2024-11-03T15:07:54-0700] Saved TCP DL results to /data/data/com.termux/files/home/storage/shared/bos_la_2024_trip/verizon/20241103/150252644/tcp_downlink_150748859.out
[2024-11-03T15:07:54-0700] DL AVG TPUT: 
[2024-11-03T15:07:54-0700] 5G booster finished at 2024-11-03 15:07:54.909 MST, duration: 6.077 s
[2024-11-03T15:07:54-0700] -------------------------------
[2024-11-03T15:07:54-0700] Waiting for 2 s...
[2024-11-03T15:07:56-0700] -------------------------------
[2024-11-03T15:07:57-0700] TCP Ping test started at 2024-11-03 15:07:57.004 MST
[2024-11-03T15:08:28-0700] Current time exceeds end time, skipping wait
[2024-11-03T15:08:28-0700] Saved TCP Ping test to /data/data/com.termux/files/home/storage/shared/bos_la_2024_trip/verizon/20241103/150252644/tcp_ping_150757055.out
[2024-11-03T15:08:28-0700] TCP Ping summary (min/avg/max/mdev) 
[2024-11-03T15:08:28-0700] TCP Ping test finished at 2024-11-03 15:08:28.181 MST, duration: 31.177 s
[2024-11-03T15:08:28-0700] -------------------------------
[2024-11-03T15:08:28-0700] Waiting for 2 s...
[2024-11-03T15:08:30-0700] -------------------------------
[2024-11-03T15:08:30-0700] Traceroute test started at 2024-11-03 15:08:30.355 MST
[2024-11-03T15:08:42-0700] Waiting for 17.473 s to reach end time
[2024-11-03T15:09:00-0700] Saved traceroute test to /data/data/com.termux/files/home/storage/shared/bos_la_2024_trip/verizon/20241103/150252644/traceroute_150830387.out
[2024-11-03T15:09:00-0700] Traceroute summary (min/avg/max/mdev) 
[2024-11-03T15:09:00-0700] Traceroute test finished at 2024-11-03 15:09:00.440 MST, duration: 30.085 s
[2024-11-03T15:09:00-0700] -------------------------------
[2024-11-03T15:09:00-0700] All tests completed, cleaning up...
[2024-11-03T15:09:00-0700] -------------------------------
[2024-11-03T15:10:56-0700] [measurement] Load environment variables from prod.env file
[2024-11-03T15:10:56-0700] [measurement] Load operator-specific env from verizon.env file
[2024-11-03T15:10:56-0700] Starting a network measurement, please choose a server
[2024-11-03T15:10:56-0700] 0) West Cloud: 54.176.53.206
[2024-11-03T15:10:56-0700] 1) East Cloud: 54.197.223.49
[2024-11-03T15:10:56-0700] 2) Los Angeles Wavelength: 161.188.33.234
[2024-11-03T15:10:56-0700] 3) Las Vegas Wavelength: 155.146.118.158
[2024-11-03T15:10:56-0700] 4) Denver Wavelength: 155.146.144.24
[2024-11-03T15:10:56-0700] 5) Chicago Wavelength: 155.146.180.31
[2024-11-03T15:10:56-0700] 6) Boston Wavelength: 155.146.11.34
[2024-11-03T15:11:07-0700] Enter your choice (0-6): Testing verizon, server 0 (ip: 54.176.53.206, nuttcp_port: 5101, iperf_port: 5001)
[2024-11-03T15:11:07-0700] -------------------------------
[2024-11-03T15:11:07-0700] tcp downlink test started at 2024-11-03 15:11:07.631 MST
[2024-11-03T15:11:07-0700] Testing tcp downlink with 54.176.53.206:5101, interval 0.5 s, duration 120 s, timeout 121 s...
[2024-11-03T15:13:08-0700] Current time exceeds end time, skipping wait
[2024-11-03T15:13:08-0700] Saved tcp downlink test to /data/data/com.termux/files/home/storage/shared/bos_la_2024_trip/verizon/20241103/151107610/tcp_downlink_151107666.out
[2024-11-03T15:13:08-0700] DL AVG TPUT: 
[2024-11-03T15:13:08-0700] tcp downlink test finished at 2024-11-03 15:13:08.773 MST, duration: 121.142 s
[2024-11-03T15:13:08-0700] -------------------------------
[2024-11-03T15:13:08-0700] Waiting for 2 s...
[2024-11-03T15:13:10-0700] -------------------------------
[2024-11-03T15:13:10-0700] Starting 5G booster for 5 s...
[2024-11-03T15:13:10-0700] 5G booster started at 2024-11-03 15:13:10.881 MST
[2024-11-03T15:13:17-0700] Current time exceeds end time, skipping wait
[2024-11-03T15:13:17-0700] Saved TCP DL results to /data/data/com.termux/files/home/storage/shared/bos_la_2024_trip/verizon/20241103/151107610/tcp_downlink_151310933.out
[2024-11-03T15:13:17-0700] DL AVG TPUT: 
[2024-11-03T15:13:17-0700] 5G booster finished at 2024-11-03 15:13:17.010 MST, duration: 6.129 s
[2024-11-03T15:13:17-0700] -------------------------------
[2024-11-03T15:13:17-0700] Waiting for 2 s...
[2024-11-03T15:13:19-0700] -------------------------------
[2024-11-03T15:13:19-0700] tcp uplink test started at 2024-11-03 15:13:19.136 MST
[2024-11-03T15:13:19-0700] testing tcp uplink with 54.176.53.206:5101, interval 0.5, duration 120, timeout 121 ...
[2024-11-03T15:15:20-0700] Current time exceeds end time, skipping wait
[2024-11-03T15:15:20-0700] Saved uplink test to /data/data/com.termux/files/home/storage/shared/bos_la_2024_trip/verizon/20241103/151107610/tcp_uplink_151319189.out
[2024-11-03T15:15:20-0700] UL AVG TPUT: 
[2024-11-03T15:15:20-0700] tcp uplink test finished at 2024-11-03 15:15:20.298 MST, duration: 121.162 s
[2024-11-03T15:15:20-0700] -------------------------------
[2024-11-03T15:15:20-0700] Waiting for 2 s...
[2024-11-03T15:15:22-0700] -------------------------------
[2024-11-03T15:15:22-0700] Starting 5G booster for 5 s...
[2024-11-03T15:15:22-0700] 5G booster started at 2024-11-03 15:15:22.455 MST
[2024-11-03T15:15:28-0700] Current time exceeds end time, skipping wait
[2024-11-03T15:15:28-0700] Saved TCP DL results to /data/data/com.termux/files/home/storage/shared/bos_la_2024_trip/verizon/20241103/151107610/tcp_downlink_151522480.out
[2024-11-03T15:15:28-0700] DL AVG TPUT: 
[2024-11-03T15:15:28-0700] 5G booster finished at 2024-11-03 15:15:28.560 MST, duration: 6.105 s
[2024-11-03T15:15:28-0700] -------------------------------
[2024-11-03T15:15:28-0700] Waiting for 2 s...
[2024-11-03T15:15:30-0700] -------------------------------
[2024-11-03T15:15:30-0700] ICMP Ping test started at 2024-11-03 15:15:30.675 MST
[2024-11-03T15:16:00-0700] Waiting for .899 s to reach end time
[2024-11-03T15:16:01-0700] Saved ping test to /data/data/com.termux/files/home/storage/shared/bos_la_2024_trip/verizon/20241103/151107610/icmp_ping_151530705.out
[2024-11-03T15:16:01-0700] Ping summary (min/avg/max/mdev) = 65.022/155.579/948.902/146.891 ms
[2024-11-03T15:16:01-0700] Ping test finished at 2024-11-03 15:16:01.768 MST, duration: 31.093 s
[2024-11-03T15:16:01-0700] -------------------------------
[2024-11-03T15:16:01-0700] Waiting for 2 s...
[2024-11-03T15:16:03-0700] -------------------------------
[2024-11-03T15:16:03-0700] Starting 5G booster for 5 s...
[2024-11-03T15:16:03-0700] 5G booster started at 2024-11-03 15:16:03.881 MST
[2024-11-03T15:16:09-0700] Current time exceeds end time, skipping wait
[2024-11-03T15:16:09-0700] Saved TCP DL results to /data/data/com.termux/files/home/storage/shared/bos_la_2024_trip/verizon/20241103/151107610/tcp_downlink_151603909.out
[2024-11-03T15:16:09-0700] DL AVG TPUT: 
[2024-11-03T15:16:10-0700] 5G booster finished at 2024-11-03 15:16:09.964 MST, duration: 6.083 s
[2024-11-03T15:16:10-0700] -------------------------------
[2024-11-03T15:16:10-0700] Waiting for 2 s...
[2024-11-03T15:16:12-0700] -------------------------------
[2024-11-03T15:16:12-0700] TCP Ping test started at 2024-11-03 15:16:12.058 MST
[2024-11-03T15:16:43-0700] Current time exceeds end time, skipping wait
[2024-11-03T15:16:43-0700] Saved TCP Ping test to /data/data/com.termux/files/home/storage/shared/bos_la_2024_trip/verizon/20241103/151107610/tcp_ping_151612088.out
[2024-11-03T15:16:43-0700] TCP Ping summary (min/avg/max/mdev) 
[2024-11-03T15:16:43-0700] TCP Ping test finished at 2024-11-03 15:16:43.171 MST, duration: 31.113 s
[2024-11-03T15:16:43-0700] -------------------------------
[2024-11-03T15:16:43-0700] Waiting for 2 s...
[2024-11-03T15:16:45-0700] -------------------------------
[2024-11-03T15:16:45-0700] Traceroute test started at 2024-11-03 15:16:45.302 MST
[2024-11-03T15:16:56-0700] Waiting for 18.425 s to reach end time
[2024-11-03T15:17:15-0700] Saved traceroute test to /data/data/com.termux/files/home/storage/shared/bos_la_2024_trip/verizon/20241103/151107610/traceroute_151645331.out
[2024-11-03T15:17:15-0700] Traceroute summary (min/avg/max/mdev) 
[2024-11-03T15:17:15-0700] Traceroute test finished at 2024-11-03 15:17:15.384 MST, duration: 30.082 s
[2024-11-03T15:17:15-0700] -------------------------------
[2024-11-03T15:17:15-0700] All tests completed, cleaning up...
[2024-11-03T15:17:15-0700] -------------------------------
[2024-11-03T15:17:49-0700] [measurement] Load environment variables from prod.env file
[2024-11-03T15:17:49-0700] [measurement] Load operator-specific env from verizon.env file
[2024-11-03T15:17:49-0700] Starting a network measurement, please choose a server
[2024-11-03T15:17:49-0700] 0) West Cloud: 54.176.53.206
[2024-11-03T15:17:49-0700] 1) East Cloud: 54.197.223.49
[2024-11-03T15:17:49-0700] 2) Los Angeles Wavelength: 161.188.33.234
[2024-11-03T15:17:49-0700] 3) Las Vegas Wavelength: 155.146.118.158
[2024-11-03T15:17:49-0700] 4) Denver Wavelength: 155.146.144.24
[2024-11-03T15:17:49-0700] 5) Chicago Wavelength: 155.146.180.31
[2024-11-03T15:17:49-0700] 6) Boston Wavelength: 155.146.11.34
[2024-11-03T15:18:01-0700] Enter your choice (0-6): Testing verizon, server 0 (ip: 54.176.53.206, nuttcp_port: 5101, iperf_port: 5001)
[2024-11-03T15:18:01-0700] -------------------------------
[2024-11-03T15:18:01-0700] tcp downlink test started at 2024-11-03 15:18:01.318 MST
[2024-11-03T15:18:01-0700] Testing tcp downlink with 54.176.53.206:5101, interval 0.5 s, duration 120 s, timeout 121 s...
[2024-11-03T15:20:02-0700] Current time exceeds end time, skipping wait
[2024-11-03T15:20:02-0700] Saved tcp downlink test to /data/data/com.termux/files/home/storage/shared/bos_la_2024_trip/verizon/20241103/151801300/tcp_downlink_151801345.out
[2024-11-03T15:20:02-0700] DL AVG TPUT: 
[2024-11-03T15:20:02-0700] tcp downlink test finished at 2024-11-03 15:20:02.457 MST, duration: 121.139 s
[2024-11-03T15:20:02-0700] -------------------------------
[2024-11-03T15:20:02-0700] Waiting for 2 s...
[2024-11-03T15:20:04-0700] -------------------------------
[2024-11-03T15:20:04-0700] Starting 5G booster for 5 s...
[2024-11-03T15:20:04-0700] 5G booster started at 2024-11-03 15:20:04.601 MST
[2024-11-03T15:20:10-0700] Current time exceeds end time, skipping wait
[2024-11-03T15:20:10-0700] Saved TCP DL results to /data/data/com.termux/files/home/storage/shared/bos_la_2024_trip/verizon/20241103/151801300/tcp_downlink_152004672.out
[2024-11-03T15:20:10-0700] DL AVG TPUT: 
[2024-11-03T15:20:10-0700] 5G booster finished at 2024-11-03 15:20:10.761 MST, duration: 6.160 s
[2024-11-03T15:20:10-0700] -------------------------------
[2024-11-03T15:20:10-0700] Waiting for 2 s...
[2024-11-03T15:20:12-0700] -------------------------------
[2024-11-03T15:20:12-0700] tcp uplink test started at 2024-11-03 15:20:12.875 MST
[2024-11-03T15:20:12-0700] testing tcp uplink with 54.176.53.206:5101, interval 0.5, duration 120, timeout 121 ...
[2024-11-03T15:22:13-0700] Current time exceeds end time, skipping wait
[2024-11-03T15:22:14-0700] Saved uplink test to /data/data/com.termux/files/home/storage/shared/bos_la_2024_trip/verizon/20241103/151801300/tcp_uplink_152012902.out
[2024-11-03T15:22:14-0700] UL AVG TPUT: 
[2024-11-03T15:22:14-0700] tcp uplink test finished at 2024-11-03 15:22:13.997 MST, duration: 121.122 s
[2024-11-03T15:22:14-0700] -------------------------------
[2024-11-03T15:22:14-0700] Waiting for 2 s...
[2024-11-03T15:22:16-0700] -------------------------------
[2024-11-03T15:22:16-0700] Starting 5G booster for 5 s...
[2024-11-03T15:22:16-0700] 5G booster started at 2024-11-03 15:22:16.120 MST
[2024-11-03T15:22:22-0700] Current time exceeds end time, skipping wait
[2024-11-03T15:22:22-0700] Saved TCP DL results to /data/data/com.termux/files/home/storage/shared/bos_la_2024_trip/verizon/20241103/151801300/tcp_downlink_152216171.out
[2024-11-03T15:22:22-0700] DL AVG TPUT: 
[2024-11-03T15:22:22-0700] 5G booster finished at 2024-11-03 15:22:22.260 MST, duration: 6.140 s
[2024-11-03T15:22:22-0700] -------------------------------
[2024-11-03T15:22:22-0700] Waiting for 2 s...
[2024-11-03T15:22:24-0700] -------------------------------
[2024-11-03T15:22:24-0700] ICMP Ping test started at 2024-11-03 15:22:24.392 MST
[2024-11-03T15:22:54-0700] Waiting for .864 s to reach end time
[2024-11-03T15:22:55-0700] Saved ping test to /data/data/com.termux/files/home/storage/shared/bos_la_2024_trip/verizon/20241103/151801300/icmp_ping_152224444.out
[2024-11-03T15:22:55-0700] Ping summary (min/avg/max/mdev) = 63.814/99.100/219.262/19.955 ms
[2024-11-03T15:22:55-0700] Ping test finished at 2024-11-03 15:22:55.467 MST, duration: 31.075 s
[2024-11-03T15:22:55-0700] -------------------------------
[2024-11-03T15:22:55-0700] Waiting for 2 s...
[2024-11-03T15:22:57-0700] -------------------------------
[2024-11-03T15:22:57-0700] Starting 5G booster for 5 s...
[2024-11-03T15:22:57-0700] 5G booster started at 2024-11-03 15:22:57.559 MST
[2024-11-03T15:23:03-0700] Current time exceeds end time, skipping wait
[2024-11-03T15:23:03-0700] Saved TCP DL results to /data/data/com.termux/files/home/storage/shared/bos_la_2024_trip/verizon/20241103/151801300/tcp_downlink_152257580.out
[2024-11-03T15:23:03-0700] DL AVG TPUT: 
[2024-11-03T15:23:03-0700] 5G booster finished at 2024-11-03 15:23:03.676 MST, duration: 6.117 s
[2024-11-03T15:23:03-0700] -------------------------------
[2024-11-03T15:23:03-0700] Waiting for 2 s...
[2024-11-03T15:23:05-0700] -------------------------------
[2024-11-03T15:23:05-0700] TCP Ping test started at 2024-11-03 15:23:05.797 MST
[2024-11-03T15:23:36-0700] Current time exceeds end time, skipping wait
[2024-11-03T15:23:36-0700] Saved TCP Ping test to /data/data/com.termux/files/home/storage/shared/bos_la_2024_trip/verizon/20241103/151801300/tcp_ping_152305839.out
[2024-11-03T15:23:36-0700] TCP Ping summary (min/avg/max/mdev) 
[2024-11-03T15:23:37-0700] TCP Ping test finished at 2024-11-03 15:23:36.971 MST, duration: 31.174 s
[2024-11-03T15:23:37-0700] -------------------------------
[2024-11-03T15:23:37-0700] Waiting for 2 s...
[2024-11-03T15:23:39-0700] -------------------------------
[2024-11-03T15:23:39-0700] Traceroute test started at 2024-11-03 15:23:39.074 MST
[2024-11-03T15:23:51-0700] Waiting for 17.675 s to reach end time
[2024-11-03T15:24:09-0700] Saved traceroute test to /data/data/com.termux/files/home/storage/shared/bos_la_2024_trip/verizon/20241103/151801300/traceroute_152339105.out
[2024-11-03T15:24:09-0700] Traceroute summary (min/avg/max/mdev) 
[2024-11-03T15:24:09-0700] Traceroute test finished at 2024-11-03 15:24:09.206 MST, duration: 30.132 s
[2024-11-03T15:24:09-0700] -------------------------------
[2024-11-03T15:24:09-0700] All tests completed, cleaning up...
[2024-11-03T15:24:09-0700] -------------------------------
[2024-11-03T15:24:42-0700] [measurement] Load environment variables from prod.env file
[2024-11-03T15:24:42-0700] [measurement] Load operator-specific env from verizon.env file
[2024-11-03T15:24:42-0700] Starting a network measurement, please choose a server
[2024-11-03T15:24:42-0700] 0) West Cloud: 54.176.53.206
[2024-11-03T15:24:42-0700] 1) East Cloud: 54.197.223.49
[2024-11-03T15:24:42-0700] 2) Los Angeles Wavelength: 161.188.33.234
[2024-11-03T15:24:42-0700] 3) Las Vegas Wavelength: 155.146.118.158
[2024-11-03T15:24:42-0700] 4) Denver Wavelength: 155.146.144.24
[2024-11-03T15:24:42-0700] 5) Chicago Wavelength: 155.146.180.31
[2024-11-03T15:24:42-0700] 6) Boston Wavelength: 155.146.11.34
[2024-11-03T15:24:49-0700] Enter your choice (0-6): Testing verizon, server 0 (ip: 54.176.53.206, nuttcp_port: 5101, iperf_port: 5001)
[2024-11-03T15:24:49-0700] -------------------------------
[2024-11-03T15:24:49-0700] tcp downlink test started at 2024-11-03 15:24:49.907 MST
[2024-11-03T15:24:49-0700] Testing tcp downlink with 54.176.53.206:5101, interval 0.5 s, duration 120 s, timeout 121 s...
[2024-11-03T15:26:51-0700] Current time exceeds end time, skipping wait
[2024-11-03T15:26:51-0700] Saved tcp downlink test to /data/data/com.termux/files/home/storage/shared/bos_la_2024_trip/verizon/20241103/152449888/tcp_downlink_152449937.out
[2024-11-03T15:26:51-0700] DL AVG TPUT: 
[2024-11-03T15:26:51-0700] tcp downlink test finished at 2024-11-03 15:26:51.056 MST, duration: 121.149 s
[2024-11-03T15:26:51-0700] -------------------------------
[2024-11-03T15:26:51-0700] Waiting for 2 s...
[2024-11-03T15:26:53-0700] -------------------------------
[2024-11-03T15:26:53-0700] Starting 5G booster for 5 s...
[2024-11-03T15:26:53-0700] 5G booster started at 2024-11-03 15:26:53.175 MST
[2024-11-03T15:26:59-0700] Current time exceeds end time, skipping wait
[2024-11-03T15:26:59-0700] Saved TCP DL results to /data/data/com.termux/files/home/storage/shared/bos_la_2024_trip/verizon/20241103/152449888/tcp_downlink_152653251.out
[2024-11-03T15:26:59-0700] DL AVG TPUT: 
[2024-11-03T15:26:59-0700] 5G booster finished at 2024-11-03 15:26:59.353 MST, duration: 6.178 s
[2024-11-03T15:26:59-0700] -------------------------------
[2024-11-03T15:26:59-0700] Waiting for 2 s...
[2024-11-03T15:27:01-0700] -------------------------------
[2024-11-03T15:27:01-0700] tcp uplink test started at 2024-11-03 15:27:01.458 MST
[2024-11-03T15:27:01-0700] testing tcp uplink with 54.176.53.206:5101, interval 0.5, duration 120, timeout 121 ...
[2024-11-03T15:29:02-0700] Current time exceeds end time, skipping wait
[2024-11-03T15:29:02-0700] Saved uplink test to /data/data/com.termux/files/home/storage/shared/bos_la_2024_trip/verizon/20241103/152449888/tcp_uplink_152701494.out
[2024-11-03T15:29:02-0700] UL AVG TPUT: 
[2024-11-03T15:29:02-0700] tcp uplink test finished at 2024-11-03 15:29:02.603 MST, duration: 121.145 s
[2024-11-03T15:29:02-0700] -------------------------------
[2024-11-03T15:29:02-0700] Waiting for 2 s...
[2024-11-03T15:29:04-0700] -------------------------------
[2024-11-03T15:29:04-0700] Starting 5G booster for 5 s...
[2024-11-03T15:29:04-0700] 5G booster started at 2024-11-03 15:29:04.758 MST
[2024-11-03T15:29:10-0700] Current time exceeds end time, skipping wait
[2024-11-03T15:29:10-0700] Saved TCP DL results to /data/data/com.termux/files/home/storage/shared/bos_la_2024_trip/verizon/20241103/152449888/tcp_downlink_152904812.out
[2024-11-03T15:29:10-0700] DL AVG TPUT: 
[2024-11-03T15:29:10-0700] 5G booster finished at 2024-11-03 15:29:10.914 MST, duration: 6.156 s
[2024-11-03T15:29:10-0700] -------------------------------
[2024-11-03T15:29:10-0700] Waiting for 2 s...
[2024-11-03T15:29:12-0700] -------------------------------
[2024-11-03T15:29:13-0700] ICMP Ping test started at 2024-11-03 15:29:13.024 MST
[2024-11-03T15:29:43-0700] Waiting for .904 s to reach end time
[2024-11-03T15:29:44-0700] Saved ping test to /data/data/com.termux/files/home/storage/shared/bos_la_2024_trip/verizon/20241103/152449888/icmp_ping_152913049.out
[2024-11-03T15:29:44-0700] Ping summary (min/avg/max/mdev) = 63.666/88.787/190.945/16.525 ms
[2024-11-03T15:29:44-0700] Ping test finished at 2024-11-03 15:29:44.111 MST, duration: 31.087 s
[2024-11-03T15:29:44-0700] -------------------------------
[2024-11-03T15:29:44-0700] Waiting for 2 s...
[2024-11-03T15:29:46-0700] -------------------------------
[2024-11-03T15:29:46-0700] Starting 5G booster for 5 s...
[2024-11-03T15:29:46-0700] 5G booster started at 2024-11-03 15:29:46.238 MST
[2024-11-03T15:29:52-0700] Current time exceeds end time, skipping wait
[2024-11-03T15:29:52-0700] Saved TCP DL results to /data/data/com.termux/files/home/storage/shared/bos_la_2024_trip/verizon/20241103/152449888/tcp_downlink_152946269.out
[2024-11-03T15:29:52-0700] DL AVG TPUT: 
[2024-11-03T15:29:52-0700] 5G booster finished at 2024-11-03 15:29:52.346 MST, duration: 6.108 s
[2024-11-03T15:29:52-0700] -------------------------------
[2024-11-03T15:29:52-0700] Waiting for 2 s...
[2024-11-03T15:29:54-0700] -------------------------------
[2024-11-03T15:29:54-0700] TCP Ping test started at 2024-11-03 15:29:54.498 MST
[2024-11-03T15:30:25-0700] Current time exceeds end time, skipping wait
[2024-11-03T15:30:25-0700] Saved TCP Ping test to /data/data/com.termux/files/home/storage/shared/bos_la_2024_trip/verizon/20241103/152449888/tcp_ping_152954533.out
[2024-11-03T15:30:25-0700] TCP Ping summary (min/avg/max/mdev) 
[2024-11-03T15:30:25-0700] TCP Ping test finished at 2024-11-03 15:30:25.644 MST, duration: 31.146 s
[2024-11-03T15:30:25-0700] -------------------------------
[2024-11-03T15:30:25-0700] Waiting for 2 s...
[2024-11-03T15:30:27-0700] -------------------------------
[2024-11-03T15:30:27-0700] Traceroute test started at 2024-11-03 15:30:27.801 MST
[2024-11-03T15:30:29-0700] Waiting for 28.057 s to reach end time
[2024-11-03T15:30:57-0700] Saved traceroute test to /data/data/com.termux/files/home/storage/shared/bos_la_2024_trip/verizon/20241103/152449888/traceroute_153027852.out
[2024-11-03T15:30:57-0700] Traceroute summary (min/avg/max/mdev) 
[2024-11-03T15:30:57-0700] Traceroute test finished at 2024-11-03 15:30:57.885 MST, duration: 30.084 s
[2024-11-03T15:30:57-0700] -------------------------------
[2024-11-03T15:30:57-0700] All tests completed, cleaning up...
[2024-11-03T15:30:57-0700] -------------------------------
[2024-11-03T15:32:47-0700] [measurement] Load environment variables from prod.env file
[2024-11-03T15:32:47-0700] [measurement] Load operator-specific env from verizon.env file
[2024-11-03T15:32:47-0700] Starting a network measurement, please choose a server
[2024-11-03T15:32:47-0700] 0) West Cloud: 54.176.53.206
[2024-11-03T15:32:47-0700] 1) East Cloud: 54.197.223.49
[2024-11-03T15:32:47-0700] 2) Los Angeles Wavelength: 161.188.33.234
[2024-11-03T15:32:47-0700] 3) Las Vegas Wavelength: 155.146.118.158
[2024-11-03T15:32:47-0700] 4) Denver Wavelength: 155.146.144.24
[2024-11-03T15:32:47-0700] 5) Chicago Wavelength: 155.146.180.31
[2024-11-03T15:32:47-0700] 6) Boston Wavelength: 155.146.11.34
[2024-11-03T15:32:49-0700] Enter your choice (0-6): Testing verizon, server 0 (ip: 54.176.53.206, nuttcp_port: 5101, iperf_port: 5001)
[2024-11-03T15:32:49-0700] -------------------------------
[2024-11-03T15:32:49-0700] tcp downlink test started at 2024-11-03 15:32:49.456 MST
[2024-11-03T15:32:49-0700] Testing tcp downlink with 54.176.53.206:5101, interval 0.5 s, duration 120 s, timeout 121 s...
[2024-11-03T15:34:50-0700] Current time exceeds end time, skipping wait
[2024-11-03T15:34:50-0700] Saved tcp downlink test to /data/data/com.termux/files/home/storage/shared/bos_la_2024_trip/verizon/20241103/153249434/tcp_downlink_153249492.out
[2024-11-03T15:34:50-0700] DL AVG TPUT: 
[2024-11-03T15:34:50-0700] tcp downlink test finished at 2024-11-03 15:34:50.588 MST, duration: 121.132 s
[2024-11-03T15:34:50-0700] -------------------------------
[2024-11-03T15:34:50-0700] Waiting for 2 s...
[2024-11-03T15:34:52-0700] -------------------------------
[2024-11-03T15:34:52-0700] Starting 5G booster for 5 s...
[2024-11-03T15:34:52-0700] 5G booster started at 2024-11-03 15:34:52.685 MST
[2024-11-03T15:34:58-0700] Current time exceeds end time, skipping wait
[2024-11-03T15:34:58-0700] Saved TCP DL results to /data/data/com.termux/files/home/storage/shared/bos_la_2024_trip/verizon/20241103/153249434/tcp_downlink_153452725.out
[2024-11-03T15:34:58-0700] DL AVG TPUT: 
[2024-11-03T15:34:58-0700] 5G booster finished at 2024-11-03 15:34:58.841 MST, duration: 6.156 s
[2024-11-03T15:34:58-0700] -------------------------------
[2024-11-03T15:34:58-0700] Waiting for 2 s...
[2024-11-03T15:35:00-0700] -------------------------------
[2024-11-03T15:35:00-0700] tcp uplink test started at 2024-11-03 15:35:00.960 MST
[2024-11-03T15:35:01-0700] testing tcp uplink with 54.176.53.206:5101, interval 0.5, duration 120, timeout 121 ...
[2024-11-03T15:37:02-0700] Current time exceeds end time, skipping wait
[2024-11-03T15:37:02-0700] Saved uplink test to /data/data/com.termux/files/home/storage/shared/bos_la_2024_trip/verizon/20241103/153249434/tcp_uplink_153500990.out
[2024-11-03T15:37:02-0700] UL AVG TPUT: 
[2024-11-03T15:37:02-0700] tcp uplink test finished at 2024-11-03 15:37:02.067 MST, duration: 121.107 s
[2024-11-03T15:37:02-0700] -------------------------------
[2024-11-03T15:37:02-0700] Waiting for 2 s...
[2024-11-03T15:37:04-0700] -------------------------------
[2024-11-03T15:37:04-0700] Starting 5G booster for 5 s...
[2024-11-03T15:37:04-0700] 5G booster started at 2024-11-03 15:37:04.200 MST
[2024-11-03T15:37:10-0700] Current time exceeds end time, skipping wait
[2024-11-03T15:37:10-0700] Saved TCP DL results to /data/data/com.termux/files/home/storage/shared/bos_la_2024_trip/verizon/20241103/153249434/tcp_downlink_153704254.out
[2024-11-03T15:37:10-0700] DL AVG TPUT: 
[2024-11-03T15:37:10-0700] 5G booster finished at 2024-11-03 15:37:10.357 MST, duration: 6.157 s
[2024-11-03T15:37:10-0700] -------------------------------
[2024-11-03T15:37:10-0700] Waiting for 2 s...
[2024-11-03T15:37:12-0700] -------------------------------
[2024-11-03T15:37:12-0700] ICMP Ping test started at 2024-11-03 15:37:12.486 MST
[2024-11-03T15:37:42-0700] Waiting for .862 s to reach end time
[2024-11-03T15:37:43-0700] Saved ping test to /data/data/com.termux/files/home/storage/shared/bos_la_2024_trip/verizon/20241103/153249434/icmp_ping_153712539.out
[2024-11-03T15:37:43-0700] Ping summary (min/avg/max/mdev) = 61.207/77.746/141.503/13.260 ms
[2024-11-03T15:37:43-0700] Ping test finished at 2024-11-03 15:37:43.573 MST, duration: 31.087 s
[2024-11-03T15:37:43-0700] -------------------------------
[2024-11-03T15:37:43-0700] Waiting for 2 s...
[2024-11-03T15:37:45-0700] -------------------------------
[2024-11-03T15:37:45-0700] Starting 5G booster for 5 s...
[2024-11-03T15:37:45-0700] 5G booster started at 2024-11-03 15:37:45.713 MST
[2024-11-03T15:37:51-0700] Current time exceeds end time, skipping wait
[2024-11-03T15:37:51-0700] Saved TCP DL results to /data/data/com.termux/files/home/storage/shared/bos_la_2024_trip/verizon/20241103/153249434/tcp_downlink_153745744.out
[2024-11-03T15:37:51-0700] DL AVG TPUT: 
[2024-11-03T15:37:51-0700] 5G booster finished at 2024-11-03 15:37:51.823 MST, duration: 6.110 s
[2024-11-03T15:37:51-0700] -------------------------------
[2024-11-03T15:37:51-0700] Waiting for 2 s...
[2024-11-03T15:37:53-0700] -------------------------------
[2024-11-03T15:37:53-0700] TCP Ping test started at 2024-11-03 15:37:53.916 MST
[2024-11-03T15:38:25-0700] Current time exceeds end time, skipping wait
[2024-11-03T15:38:25-0700] Saved TCP Ping test to /data/data/com.termux/files/home/storage/shared/bos_la_2024_trip/verizon/20241103/153249434/tcp_ping_153753945.out
[2024-11-03T15:38:25-0700] TCP Ping summary (min/avg/max/mdev) 
[2024-11-03T15:38:25-0700] TCP Ping test finished at 2024-11-03 15:38:25.036 MST, duration: 31.120 s
[2024-11-03T15:38:25-0700] -------------------------------
[2024-11-03T15:38:25-0700] Waiting for 2 s...
[2024-11-03T15:38:27-0700] -------------------------------
[2024-11-03T15:38:27-0700] Traceroute test started at 2024-11-03 15:38:27.138 MST
[2024-11-03T15:38:29-0700] Waiting for 27.809 s to reach end time
[2024-11-03T15:38:57-0700] Saved traceroute test to /data/data/com.termux/files/home/storage/shared/bos_la_2024_trip/verizon/20241103/153249434/traceroute_153827170.out
[2024-11-03T15:38:57-0700] Traceroute summary (min/avg/max/mdev) 
[2024-11-03T15:38:57-0700] Traceroute test finished at 2024-11-03 15:38:57.229 MST, duration: 30.091 s
[2024-11-03T15:38:57-0700] -------------------------------
[2024-11-03T15:38:57-0700] All tests completed, cleaning up...
[2024-11-03T15:38:57-0700] -------------------------------
[2024-11-03T15:40:28-0700] [measurement] Load environment variables from prod.env file
[2024-11-03T15:40:28-0700] [measurement] Load operator-specific env from verizon.env file
[2024-11-03T15:40:28-0700] Starting a network measurement, please choose a server
[2024-11-03T15:40:28-0700] 0) West Cloud: 54.176.53.206
[2024-11-03T15:40:28-0700] 1) East Cloud: 54.197.223.49
[2024-11-03T15:40:28-0700] 2) Los Angeles Wavelength: 161.188.33.234
[2024-11-03T15:40:28-0700] 3) Las Vegas Wavelength: 155.146.118.158
[2024-11-03T15:40:28-0700] 4) Denver Wavelength: 155.146.144.24
[2024-11-03T15:40:28-0700] 5) Chicago Wavelength: 155.146.180.31
[2024-11-03T15:40:28-0700] 6) Boston Wavelength: 155.146.11.34
[2024-11-03T15:40:39-0700] Enter your choice (0-6): Testing verizon, server 0 (ip: 54.176.53.206, nuttcp_port: 5101, iperf_port: 5001)
[2024-11-03T15:40:39-0700] -------------------------------
[2024-11-03T15:40:39-0700] tcp downlink test started at 2024-11-03 15:40:39.799 MST
[2024-11-03T15:40:39-0700] Testing tcp downlink with 54.176.53.206:5101, interval 0.5 s, duration 120 s, timeout 121 s...
[2024-11-03T15:42:40-0700] Current time exceeds end time, skipping wait
[2024-11-03T15:42:40-0700] Saved tcp downlink test to /data/data/com.termux/files/home/storage/shared/bos_la_2024_trip/verizon/20241103/154039780/tcp_downlink_154039823.out
[2024-11-03T15:42:40-0700] DL AVG TPUT: 
[2024-11-03T15:42:41-0700] tcp downlink test finished at 2024-11-03 15:42:40.925 MST, duration: 121.126 s
[2024-11-03T15:42:41-0700] -------------------------------
[2024-11-03T15:42:41-0700] Waiting for 2 s...
[2024-11-03T15:42:43-0700] -------------------------------
[2024-11-03T15:42:43-0700] Starting 5G booster for 5 s...
[2024-11-03T15:42:43-0700] 5G booster started at 2024-11-03 15:42:43.043 MST
[2024-11-03T15:42:49-0700] Current time exceeds end time, skipping wait
[2024-11-03T15:42:49-0700] Saved TCP DL results to /data/data/com.termux/files/home/storage/shared/bos_la_2024_trip/verizon/20241103/154039780/tcp_downlink_154243075.out
[2024-11-03T15:42:49-0700] DL AVG TPUT: 
[2024-11-03T15:42:49-0700] 5G booster finished at 2024-11-03 15:42:49.189 MST, duration: 6.146 s
[2024-11-03T15:42:49-0700] -------------------------------
[2024-11-03T15:42:49-0700] Waiting for 2 s...
[2024-11-03T15:42:51-0700] -------------------------------
[2024-11-03T15:42:51-0700] tcp uplink test started at 2024-11-03 15:42:51.265 MST
[2024-11-03T15:42:51-0700] testing tcp uplink with 54.176.53.206:5101, interval 0.5, duration 120, timeout 121 ...
[2024-11-03T15:44:52-0700] Current time exceeds end time, skipping wait
[2024-11-03T15:44:52-0700] Saved uplink test to /data/data/com.termux/files/home/storage/shared/bos_la_2024_trip/verizon/20241103/154039780/tcp_uplink_154251288.out
[2024-11-03T15:44:52-0700] UL AVG TPUT: 
[2024-11-03T15:44:52-0700] tcp uplink test finished at 2024-11-03 15:44:52.384 MST, duration: 121.119 s
[2024-11-03T15:44:52-0700] -------------------------------
[2024-11-03T15:44:52-0700] Waiting for 2 s...
[2024-11-03T15:44:54-0700] -------------------------------
[2024-11-03T15:44:54-0700] Starting 5G booster for 5 s...
[2024-11-03T15:44:54-0700] 5G booster started at 2024-11-03 15:44:54.507 MST
[2024-11-03T15:45:00-0700] Current time exceeds end time, skipping wait
[2024-11-03T15:45:00-0700] Saved TCP DL results to /data/data/com.termux/files/home/storage/shared/bos_la_2024_trip/verizon/20241103/154039780/tcp_downlink_154454541.out
[2024-11-03T15:45:00-0700] DL AVG TPUT: 
[2024-11-03T15:45:00-0700] 5G booster finished at 2024-11-03 15:45:00.641 MST, duration: 6.134 s
[2024-11-03T15:45:00-0700] -------------------------------
[2024-11-03T15:45:00-0700] Waiting for 2 s...
[2024-11-03T15:45:02-0700] -------------------------------
[2024-11-03T15:45:02-0700] ICMP Ping test started at 2024-11-03 15:45:02.763 MST
[2024-11-03T15:45:32-0700] Waiting for .881 s to reach end time
[2024-11-03T15:45:33-0700] Saved ping test to /data/data/com.termux/files/home/storage/shared/bos_la_2024_trip/verizon/20241103/154039780/icmp_ping_154502794.out
[2024-11-03T15:45:33-0700] Ping summary (min/avg/max/mdev) = 63.383/76.168/146.711/11.831 ms
[2024-11-03T15:45:33-0700] Ping test finished at 2024-11-03 15:45:33.864 MST, duration: 31.101 s
[2024-11-03T15:45:33-0700] -------------------------------
[2024-11-03T15:45:33-0700] Waiting for 2 s...
[2024-11-03T15:45:35-0700] -------------------------------
[2024-11-03T15:45:35-0700] Starting 5G booster for 5 s...
[2024-11-03T15:45:35-0700] 5G booster started at 2024-11-03 15:45:35.977 MST
[2024-11-03T15:45:42-0700] Current time exceeds end time, skipping wait
[2024-11-03T15:45:42-0700] Saved TCP DL results to /data/data/com.termux/files/home/storage/shared/bos_la_2024_trip/verizon/20241103/154039780/tcp_downlink_154536006.out
[2024-11-03T15:45:42-0700] DL AVG TPUT: 
[2024-11-03T15:45:42-0700] 5G booster finished at 2024-11-03 15:45:42.100 MST, duration: 6.123 s
[2024-11-03T15:45:42-0700] -------------------------------
[2024-11-03T15:45:42-0700] Waiting for 2 s...
[2024-11-03T15:45:44-0700] -------------------------------
[2024-11-03T15:45:44-0700] TCP Ping test started at 2024-11-03 15:45:44.223 MST
[2024-11-03T15:46:15-0700] Current time exceeds end time, skipping wait
[2024-11-03T15:46:15-0700] Saved TCP Ping test to /data/data/com.termux/files/home/storage/shared/bos_la_2024_trip/verizon/20241103/154039780/tcp_ping_154544277.out
[2024-11-03T15:46:15-0700] TCP Ping summary (min/avg/max/mdev) 
[2024-11-03T15:46:15-0700] TCP Ping test finished at 2024-11-03 15:46:15.375 MST, duration: 31.152 s
[2024-11-03T15:46:15-0700] -------------------------------
[2024-11-03T15:46:15-0700] Waiting for 2 s...
[2024-11-03T15:46:17-0700] -------------------------------
[2024-11-03T15:46:17-0700] Traceroute test started at 2024-11-03 15:46:17.492 MST
[2024-11-03T15:46:19-0700] Waiting for 28.182 s to reach end time
[2024-11-03T15:46:47-0700] Saved traceroute test to /data/data/com.termux/files/home/storage/shared/bos_la_2024_trip/verizon/20241103/154039780/traceroute_154617521.out
[2024-11-03T15:46:47-0700] Traceroute summary (min/avg/max/mdev) 
[2024-11-03T15:46:47-0700] Traceroute test finished at 2024-11-03 15:46:47.625 MST, duration: 30.133 s
[2024-11-03T15:46:47-0700] -------------------------------
[2024-11-03T15:46:47-0700] All tests completed, cleaning up...
[2024-11-03T15:46:47-0700] -------------------------------
[2024-11-03T15:48:26-0700] [measurement] Load environment variables from prod.env file
[2024-11-03T15:48:26-0700] [measurement] Load operator-specific env from verizon.env file
[2024-11-03T15:48:26-0700] Starting a network measurement, please choose a server
[2024-11-03T15:48:26-0700] 0) West Cloud: 54.176.53.206
[2024-11-03T15:48:26-0700] 1) East Cloud: 54.197.223.49
[2024-11-03T15:48:26-0700] 2) Los Angeles Wavelength: 161.188.33.234
[2024-11-03T15:48:26-0700] 3) Las Vegas Wavelength: 155.146.118.158
[2024-11-03T15:48:26-0700] 4) Denver Wavelength: 155.146.144.24
[2024-11-03T15:48:26-0700] 5) Chicago Wavelength: 155.146.180.31
[2024-11-03T15:48:26-0700] 6) Boston Wavelength: 155.146.11.34
[2024-11-03T15:48:42-0700] Enter your choice (0-6): Testing verizon, server 0 (ip: 54.176.53.206, nuttcp_port: 5101, iperf_port: 5001)
[2024-11-03T15:48:42-0700] -------------------------------
[2024-11-03T15:48:42-0700] tcp downlink test started at 2024-11-03 15:48:42.922 MST
[2024-11-03T15:48:42-0700] Testing tcp downlink with 54.176.53.206:5101, interval 0.5 s, duration 120 s, timeout 121 s...
[2024-11-03T15:50:44-0700] Current time exceeds end time, skipping wait
[2024-11-03T15:50:44-0700] Saved tcp downlink test to /data/data/com.termux/files/home/storage/shared/bos_la_2024_trip/verizon/20241103/154842902/tcp_downlink_154842947.out
[2024-11-03T15:50:44-0700] DL AVG TPUT: 
[2024-11-03T15:50:44-0700] tcp downlink test finished at 2024-11-03 15:50:44.036 MST, duration: 121.114 s
[2024-11-03T15:50:44-0700] -------------------------------
[2024-11-03T15:50:44-0700] Waiting for 2 s...
[2024-11-03T15:50:46-0700] -------------------------------
[2024-11-03T15:50:46-0700] Starting 5G booster for 5 s...
[2024-11-03T15:50:46-0700] 5G booster started at 2024-11-03 15:50:46.202 MST
[2024-11-03T15:50:52-0700] Current time exceeds end time, skipping wait
[2024-11-03T15:50:52-0700] Saved TCP DL results to /data/data/com.termux/files/home/storage/shared/bos_la_2024_trip/verizon/20241103/154842902/tcp_downlink_155046234.out
[2024-11-03T15:50:52-0700] DL AVG TPUT: 
[2024-11-03T15:50:52-0700] 5G booster finished at 2024-11-03 15:50:52.322 MST, duration: 6.120 s
[2024-11-03T15:50:52-0700] -------------------------------
[2024-11-03T15:50:52-0700] Waiting for 2 s...
[2024-11-03T15:50:54-0700] -------------------------------
[2024-11-03T15:50:54-0700] tcp uplink test started at 2024-11-03 15:50:54.419 MST
[2024-11-03T15:50:54-0700] testing tcp uplink with 54.176.53.206:5101, interval 0.5, duration 120, timeout 121 ...
[2024-11-03T15:52:55-0700] Current time exceeds end time, skipping wait
[2024-11-03T15:52:55-0700] Saved uplink test to /data/data/com.termux/files/home/storage/shared/bos_la_2024_trip/verizon/20241103/154842902/tcp_uplink_155054450.out
[2024-11-03T15:52:55-0700] UL AVG TPUT: 
[2024-11-03T15:52:55-0700] tcp uplink test finished at 2024-11-03 15:52:55.528 MST, duration: 121.109 s
[2024-11-03T15:52:55-0700] -------------------------------
[2024-11-03T15:52:55-0700] Waiting for 2 s...
[2024-11-03T15:52:57-0700] -------------------------------
[2024-11-03T15:52:57-0700] Starting 5G booster for 5 s...
[2024-11-03T15:52:57-0700] 5G booster started at 2024-11-03 15:52:57.703 MST
[2024-11-03T15:53:03-0700] Current time exceeds end time, skipping wait
[2024-11-03T15:53:03-0700] Saved TCP DL results to /data/data/com.termux/files/home/storage/shared/bos_la_2024_trip/verizon/20241103/154842902/tcp_downlink_155257728.out
[2024-11-03T15:53:03-0700] DL AVG TPUT: 
[2024-11-03T15:53:03-0700] 5G booster finished at 2024-11-03 15:53:03.806 MST, duration: 6.103 s
[2024-11-03T15:53:03-0700] -------------------------------
[2024-11-03T15:53:03-0700] Waiting for 2 s...
[2024-11-03T15:53:05-0700] -------------------------------
[2024-11-03T15:53:05-0700] ICMP Ping test started at 2024-11-03 15:53:05.944 MST
[2024-11-03T15:53:36-0700] Waiting for .888 s to reach end time
[2024-11-03T15:53:37-0700] Saved ping test to /data/data/com.termux/files/home/storage/shared/bos_la_2024_trip/verizon/20241103/154842902/icmp_ping_155305982.out
[2024-11-03T15:53:37-0700] Ping summary (min/avg/max/mdev) = 61.015/74.468/123.973/11.885 ms
[2024-11-03T15:53:37-0700] Ping test finished at 2024-11-03 15:53:37.035 MST, duration: 31.091 s
[2024-11-03T15:53:37-0700] -------------------------------
[2024-11-03T15:53:37-0700] Waiting for 2 s...
[2024-11-03T15:53:39-0700] -------------------------------
[2024-11-03T15:53:39-0700] Starting 5G booster for 5 s...
[2024-11-03T15:53:39-0700] 5G booster started at 2024-11-03 15:53:39.141 MST
[2024-11-03T15:53:45-0700] Current time exceeds end time, skipping wait
[2024-11-03T15:53:45-0700] Saved TCP DL results to /data/data/com.termux/files/home/storage/shared/bos_la_2024_trip/verizon/20241103/154842902/tcp_downlink_155339169.out
[2024-11-03T15:53:45-0700] DL AVG TPUT: 
[2024-11-03T15:53:45-0700] 5G booster finished at 2024-11-03 15:53:45.263 MST, duration: 6.122 s
[2024-11-03T15:53:45-0700] -------------------------------
[2024-11-03T15:53:45-0700] Waiting for 2 s...
[2024-11-03T15:53:47-0700] -------------------------------
[2024-11-03T15:53:47-0700] TCP Ping test started at 2024-11-03 15:53:47.386 MST
[2024-11-03T15:54:18-0700] Current time exceeds end time, skipping wait
[2024-11-03T15:54:18-0700] Saved TCP Ping test to /data/data/com.termux/files/home/storage/shared/bos_la_2024_trip/verizon/20241103/154842902/tcp_ping_155347416.out
[2024-11-03T15:54:18-0700] TCP Ping summary (min/avg/max/mdev) 
[2024-11-03T15:54:18-0700] TCP Ping test finished at 2024-11-03 15:54:18.530 MST, duration: 31.144 s
[2024-11-03T15:54:18-0700] -------------------------------
[2024-11-03T15:54:18-0700] Waiting for 2 s...
[2024-11-03T15:54:20-0700] -------------------------------
[2024-11-03T15:54:20-0700] Traceroute test started at 2024-11-03 15:54:20.667 MST
[2024-11-03T15:54:28-0700] Waiting for 22.529 s to reach end time
[2024-11-03T15:54:50-0700] Saved traceroute test to /data/data/com.termux/files/home/storage/shared/bos_la_2024_trip/verizon/20241103/154842902/traceroute_155420698.out
[2024-11-03T15:54:50-0700] Traceroute summary (min/avg/max/mdev) 
[2024-11-03T15:54:50-0700] Traceroute test finished at 2024-11-03 15:54:50.759 MST, duration: 30.092 s
[2024-11-03T15:54:50-0700] -------------------------------
[2024-11-03T15:54:50-0700] All tests completed, cleaning up...
[2024-11-03T15:54:50-0700] -------------------------------
[2024-11-03T16:10:08-0700] [measurement] Load environment variables from prod.env file
[2024-11-03T16:10:09-0700] [measurement] Load operator-specific env from verizon.env file
[2024-11-03T16:10:09-0700] Starting a network measurement, please choose a server
[2024-11-03T16:10:09-0700] 0) West Cloud: 54.176.53.206
[2024-11-03T16:10:09-0700] 1) East Cloud: 54.197.223.49
[2024-11-03T16:10:09-0700] 2) Los Angeles Wavelength: 161.188.33.234
[2024-11-03T16:10:09-0700] 3) Las Vegas Wavelength: 155.146.118.158
[2024-11-03T16:10:09-0700] 4) Denver Wavelength: 155.146.144.24
[2024-11-03T16:10:09-0700] 5) Chicago Wavelength: 155.146.180.31
[2024-11-03T16:10:09-0700] 6) Boston Wavelength: 155.146.11.34
[2024-11-03T16:10:32-0700] Enter your choice (0-6): Testing verizon, server 0 (ip: 54.176.53.206, nuttcp_port: 5101, iperf_port: 5001)
[2024-11-03T16:10:32-0700] -------------------------------
[2024-11-03T16:10:32-0700] tcp downlink test started at 2024-11-03 16:10:32.719 MST
[2024-11-03T16:10:32-0700] Testing tcp downlink with 54.176.53.206:5101, interval 0.5 s, duration 120 s, timeout 121 s...
[2024-11-03T16:12:33-0700] Current time exceeds end time, skipping wait
[2024-11-03T16:12:33-0700] Saved tcp downlink test to /data/data/com.termux/files/home/storage/shared/bos_la_2024_trip/verizon/20241103/161032686/tcp_downlink_161032781.out
[2024-11-03T16:12:33-0700] DL AVG TPUT: 
[2024-11-03T16:12:33-0700] tcp downlink test finished at 2024-11-03 16:12:33.869 MST, duration: 121.150 s
[2024-11-03T16:12:33-0700] -------------------------------
[2024-11-03T16:12:33-0700] Waiting for 2 s...
[2024-11-03T16:12:35-0700] -------------------------------
[2024-11-03T16:12:35-0700] Starting 5G booster for 5 s...
[2024-11-03T16:12:36-0700] 5G booster started at 2024-11-03 16:12:36.006 MST
[2024-11-03T16:12:42-0700] Current time exceeds end time, skipping wait
[2024-11-03T16:12:42-0700] Saved TCP DL results to /data/data/com.termux/files/home/storage/shared/bos_la_2024_trip/verizon/20241103/161032686/tcp_downlink_161236059.out
[2024-11-03T16:12:42-0700] DL AVG TPUT: 
[2024-11-03T16:12:42-0700] 5G booster finished at 2024-11-03 16:12:42.156 MST, duration: 6.150 s
[2024-11-03T16:12:42-0700] -------------------------------
[2024-11-03T16:12:42-0700] Waiting for 2 s...
[2024-11-03T16:12:44-0700] -------------------------------
[2024-11-03T16:12:44-0700] tcp uplink test started at 2024-11-03 16:12:44.296 MST
[2024-11-03T16:12:44-0700] testing tcp uplink with 54.176.53.206:5101, interval 0.5, duration 120, timeout 121 ...
[2024-11-03T16:14:45-0700] Current time exceeds end time, skipping wait
[2024-11-03T16:14:45-0700] Saved uplink test to /data/data/com.termux/files/home/storage/shared/bos_la_2024_trip/verizon/20241103/161032686/tcp_uplink_161244346.out
[2024-11-03T16:14:45-0700] UL AVG TPUT: 
[2024-11-03T16:14:45-0700] tcp uplink test finished at 2024-11-03 16:14:45.436 MST, duration: 121.140 s
[2024-11-03T16:14:45-0700] -------------------------------
[2024-11-03T16:14:45-0700] Waiting for 2 s...
[2024-11-03T16:14:47-0700] -------------------------------
[2024-11-03T16:14:47-0700] Starting 5G booster for 5 s...
[2024-11-03T16:14:47-0700] 5G booster started at 2024-11-03 16:14:47.577 MST
[2024-11-03T16:14:53-0700] Current time exceeds end time, skipping wait
[2024-11-03T16:14:53-0700] Saved TCP DL results to /data/data/com.termux/files/home/storage/shared/bos_la_2024_trip/verizon/20241103/161032686/tcp_downlink_161447630.out
[2024-11-03T16:14:53-0700] DL AVG TPUT: 
[2024-11-03T16:14:53-0700] 5G booster finished at 2024-11-03 16:14:53.722 MST, duration: 6.145 s
[2024-11-03T16:14:53-0700] -------------------------------
[2024-11-03T16:14:53-0700] Waiting for 2 s...
[2024-11-03T16:14:55-0700] -------------------------------
[2024-11-03T16:14:55-0700] ICMP Ping test started at 2024-11-03 16:14:55.835 MST
[2024-11-03T16:15:26-0700] Waiting for .869 s to reach end time
[2024-11-03T16:15:26-0700] Saved ping test to /data/data/com.termux/files/home/storage/shared/bos_la_2024_trip/verizon/20241103/161032686/icmp_ping_161455863.out
[2024-11-03T16:15:26-0700] Ping summary (min/avg/max/mdev) = 63.290/74.345/115.507/9.411 ms
[2024-11-03T16:15:26-0700] Ping test finished at 2024-11-03 16:15:26.913 MST, duration: 31.078 s
[2024-11-03T16:15:26-0700] -------------------------------
[2024-11-03T16:15:26-0700] Waiting for 2 s...
[2024-11-03T16:15:28-0700] -------------------------------
[2024-11-03T16:15:28-0700] Starting 5G booster for 5 s...
[2024-11-03T16:15:29-0700] 5G booster started at 2024-11-03 16:15:29.003 MST
[2024-11-03T16:15:35-0700] Current time exceeds end time, skipping wait
[2024-11-03T16:15:35-0700] Saved TCP DL results to /data/data/com.termux/files/home/storage/shared/bos_la_2024_trip/verizon/20241103/161032686/tcp_downlink_161529034.out
[2024-11-03T16:15:35-0700] DL AVG TPUT: 
[2024-11-03T16:15:35-0700] 5G booster finished at 2024-11-03 16:15:35.146 MST, duration: 6.143 s
[2024-11-03T16:15:35-0700] -------------------------------
[2024-11-03T16:15:35-0700] Waiting for 2 s...
[2024-11-03T16:15:37-0700] -------------------------------
[2024-11-03T16:15:37-0700] TCP Ping test started at 2024-11-03 16:15:37.273 MST
[2024-11-03T16:16:08-0700] Current time exceeds end time, skipping wait
[2024-11-03T16:16:08-0700] Saved TCP Ping test to /data/data/com.termux/files/home/storage/shared/bos_la_2024_trip/verizon/20241103/161032686/tcp_ping_161537322.out
[2024-11-03T16:16:08-0700] TCP Ping summary (min/avg/max/mdev) 
[2024-11-03T16:16:08-0700] TCP Ping test finished at 2024-11-03 16:16:08.426 MST, duration: 31.153 s
[2024-11-03T16:16:08-0700] -------------------------------
[2024-11-03T16:16:08-0700] Waiting for 2 s...
[2024-11-03T16:16:10-0700] -------------------------------
[2024-11-03T16:16:10-0700] Traceroute test started at 2024-11-03 16:16:10.570 MST
[2024-11-03T16:16:17-0700] Waiting for 22.716 s to reach end time
[2024-11-03T16:16:40-0700] Saved traceroute test to /data/data/com.termux/files/home/storage/shared/bos_la_2024_trip/verizon/20241103/161032686/traceroute_161610621.out
[2024-11-03T16:16:40-0700] Traceroute summary (min/avg/max/mdev) 
[2024-11-03T16:16:40-0700] Traceroute test finished at 2024-11-03 16:16:40.645 MST, duration: 30.075 s
[2024-11-03T16:16:40-0700] -------------------------------
[2024-11-03T16:16:40-0700] All tests completed, cleaning up...
[2024-11-03T16:16:40-0700] -------------------------------
[2024-11-03T16:17:25-0700] [measurement] Load environment variables from prod.env file
[2024-11-03T16:17:25-0700] [measurement] Load operator-specific env from verizon.env file
[2024-11-03T16:17:25-0700] Starting a network measurement, please choose a server
[2024-11-03T16:17:25-0700] 0) West Cloud: 54.176.53.206
[2024-11-03T16:17:25-0700] 1) East Cloud: 54.197.223.49
[2024-11-03T16:17:25-0700] 2) Los Angeles Wavelength: 161.188.33.234
[2024-11-03T16:17:25-0700] 3) Las Vegas Wavelength: 155.146.118.158
[2024-11-03T16:17:25-0700] 4) Denver Wavelength: 155.146.144.24
[2024-11-03T16:17:25-0700] 5) Chicago Wavelength: 155.146.180.31
[2024-11-03T16:17:25-0700] 6) Boston Wavelength: 155.146.11.34
[2024-11-03T16:17:40-0700] Enter your choice (0-6): Testing verizon, server 0 (ip: 54.176.53.206, nuttcp_port: 5101, iperf_port: 5001)
[2024-11-03T16:17:40-0700] -------------------------------
[2024-11-03T16:17:40-0700] tcp downlink test started at 2024-11-03 16:17:40.786 MST
[2024-11-03T16:17:40-0700] Testing tcp downlink with 54.176.53.206:5101, interval 0.5 s, duration 120 s, timeout 121 s...
[2024-11-03T16:19:41-0700] Current time exceeds end time, skipping wait
[2024-11-03T16:19:41-0700] Saved tcp downlink test to /data/data/com.termux/files/home/storage/shared/bos_la_2024_trip/verizon/20241103/161740767/tcp_downlink_161740814.out
[2024-11-03T16:19:41-0700] DL AVG TPUT: 
[2024-11-03T16:19:41-0700] tcp downlink test finished at 2024-11-03 16:19:41.891 MST, duration: 121.105 s
[2024-11-03T16:19:41-0700] -------------------------------
[2024-11-03T16:19:41-0700] Waiting for 2 s...
[2024-11-03T16:19:43-0700] -------------------------------
[2024-11-03T16:19:43-0700] Starting 5G booster for 5 s...
[2024-11-03T16:19:44-0700] 5G booster started at 2024-11-03 16:19:44.003 MST
[2024-11-03T16:19:50-0700] Current time exceeds end time, skipping wait
[2024-11-03T16:19:50-0700] Saved TCP DL results to /data/data/com.termux/files/home/storage/shared/bos_la_2024_trip/verizon/20241103/161740767/tcp_downlink_161944028.out
[2024-11-03T16:19:50-0700] DL AVG TPUT: 
[2024-11-03T16:19:50-0700] 5G booster finished at 2024-11-03 16:19:50.112 MST, duration: 6.109 s
[2024-11-03T16:19:50-0700] -------------------------------
[2024-11-03T16:19:50-0700] Waiting for 2 s...
[2024-11-03T16:19:52-0700] -------------------------------
[2024-11-03T16:19:52-0700] tcp uplink test started at 2024-11-03 16:19:52.216 MST
[2024-11-03T16:19:52-0700] testing tcp uplink with 54.176.53.206:5101, interval 0.5, duration 120, timeout 121 ...
[2024-11-03T16:21:53-0700] Current time exceeds end time, skipping wait
[2024-11-03T16:21:53-0700] Saved uplink test to /data/data/com.termux/files/home/storage/shared/bos_la_2024_trip/verizon/20241103/161740767/tcp_uplink_161952243.out
[2024-11-03T16:21:53-0700] UL AVG TPUT: 
[2024-11-03T16:21:53-0700] tcp uplink test finished at 2024-11-03 16:21:53.355 MST, duration: 121.139 s
[2024-11-03T16:21:53-0700] -------------------------------
[2024-11-03T16:21:53-0700] Waiting for 2 s...
[2024-11-03T16:21:55-0700] -------------------------------
[2024-11-03T16:21:55-0700] Starting 5G booster for 5 s...
[2024-11-03T16:21:55-0700] 5G booster started at 2024-11-03 16:21:55.529 MST
[2024-11-03T16:22:01-0700] Current time exceeds end time, skipping wait
[2024-11-03T16:22:01-0700] Saved TCP DL results to /data/data/com.termux/files/home/storage/shared/bos_la_2024_trip/verizon/20241103/161740767/tcp_downlink_162155559.out
[2024-11-03T16:22:01-0700] DL AVG TPUT: 
[2024-11-03T16:22:01-0700] 5G booster finished at 2024-11-03 16:22:01.681 MST, duration: 6.152 s
[2024-11-03T16:22:01-0700] -------------------------------
[2024-11-03T16:22:01-0700] Waiting for 2 s...
[2024-11-03T16:22:03-0700] -------------------------------
[2024-11-03T16:22:03-0700] ICMP Ping test started at 2024-11-03 16:22:03.783 MST
[2024-11-03T16:22:33-0700] Waiting for .889 s to reach end time
[2024-11-03T16:22:34-0700] Saved ping test to /data/data/com.termux/files/home/storage/shared/bos_la_2024_trip/verizon/20241103/161740767/icmp_ping_162203811.out
[2024-11-03T16:22:34-0700] Ping summary (min/avg/max/mdev) = 74.104/91.938/219.096/14.176 ms
[2024-11-03T16:22:34-0700] Ping test finished at 2024-11-03 16:22:34.859 MST, duration: 31.076 s
[2024-11-03T16:22:34-0700] -------------------------------
[2024-11-03T16:22:34-0700] Waiting for 2 s...
[2024-11-03T16:22:36-0700] -------------------------------
[2024-11-03T16:22:36-0700] Starting 5G booster for 5 s...
[2024-11-03T16:22:36-0700] 5G booster started at 2024-11-03 16:22:36.950 MST
[2024-11-03T16:22:43-0700] Current time exceeds end time, skipping wait
[2024-11-03T16:22:43-0700] Saved TCP DL results to /data/data/com.termux/files/home/storage/shared/bos_la_2024_trip/verizon/20241103/161740767/tcp_downlink_162236978.out
[2024-11-03T16:22:43-0700] DL AVG TPUT: 
[2024-11-03T16:22:43-0700] 5G booster finished at 2024-11-03 16:22:43.070 MST, duration: 6.120 s
[2024-11-03T16:22:43-0700] -------------------------------
[2024-11-03T16:22:43-0700] Waiting for 2 s...
[2024-11-03T16:22:45-0700] -------------------------------
[2024-11-03T16:22:45-0700] TCP Ping test started at 2024-11-03 16:22:45.176 MST
[2024-11-03T16:23:16-0700] Current time exceeds end time, skipping wait
[2024-11-03T16:23:16-0700] Saved TCP Ping test to /data/data/com.termux/files/home/storage/shared/bos_la_2024_trip/verizon/20241103/161740767/tcp_ping_162245206.out
[2024-11-03T16:23:16-0700] TCP Ping summary (min/avg/max/mdev) 
[2024-11-03T16:23:16-0700] TCP Ping test finished at 2024-11-03 16:23:16.315 MST, duration: 31.139 s
[2024-11-03T16:23:16-0700] -------------------------------
[2024-11-03T16:23:16-0700] Waiting for 2 s...
[2024-11-03T16:23:18-0700] -------------------------------
[2024-11-03T16:23:18-0700] Traceroute test started at 2024-11-03 16:23:18.421 MST
[2024-11-03T16:23:26-0700] Waiting for 21.661 s to reach end time
[2024-11-03T16:23:48-0700] Saved traceroute test to /data/data/com.termux/files/home/storage/shared/bos_la_2024_trip/verizon/20241103/161740767/traceroute_162318444.out
[2024-11-03T16:23:48-0700] Traceroute summary (min/avg/max/mdev) 
[2024-11-03T16:23:48-0700] Traceroute test finished at 2024-11-03 16:23:48.520 MST, duration: 30.099 s
[2024-11-03T16:23:48-0700] -------------------------------
[2024-11-03T16:23:48-0700] All tests completed, cleaning up...
[2024-11-03T16:23:48-0700] -------------------------------
[2024-11-03T16:24:26-0700] [measurement] Load environment variables from prod.env file
[2024-11-03T16:24:26-0700] [measurement] Load operator-specific env from verizon.env file
[2024-11-03T16:24:26-0700] Starting a network measurement, please choose a server
[2024-11-03T16:24:26-0700] 0) West Cloud: 54.176.53.206
[2024-11-03T16:24:26-0700] 1) East Cloud: 54.197.223.49
[2024-11-03T16:24:26-0700] 2) Los Angeles Wavelength: 161.188.33.234
[2024-11-03T16:24:26-0700] 3) Las Vegas Wavelength: 155.146.118.158
[2024-11-03T16:24:26-0700] 4) Denver Wavelength: 155.146.144.24
[2024-11-03T16:24:26-0700] 5) Chicago Wavelength: 155.146.180.31
[2024-11-03T16:24:26-0700] 6) Boston Wavelength: 155.146.11.34
[2024-11-03T16:24:36-0700] Enter your choice (0-6): Testing verizon, server 0 (ip: 54.176.53.206, nuttcp_port: 5101, iperf_port: 5001)
[2024-11-03T16:24:36-0700] -------------------------------
[2024-11-03T16:24:36-0700] tcp downlink test started at 2024-11-03 16:24:36.185 MST
[2024-11-03T16:24:36-0700] Testing tcp downlink with 54.176.53.206:5101, interval 0.5 s, duration 120 s, timeout 121 s...
[2024-11-03T16:26:37-0700] Current time exceeds end time, skipping wait
[2024-11-03T16:26:37-0700] Saved tcp downlink test to /data/data/com.termux/files/home/storage/shared/bos_la_2024_trip/verizon/20241103/162436156/tcp_downlink_162436222.out
[2024-11-03T16:26:37-0700] DL AVG TPUT: 
[2024-11-03T16:26:37-0700] tcp downlink test finished at 2024-11-03 16:26:37.305 MST, duration: 121.120 s
[2024-11-03T16:26:37-0700] -------------------------------
[2024-11-03T16:26:37-0700] Waiting for 2 s...
[2024-11-03T16:26:39-0700] -------------------------------
[2024-11-03T16:26:39-0700] Starting 5G booster for 5 s...
[2024-11-03T16:26:39-0700] 5G booster started at 2024-11-03 16:26:39.437 MST
[2024-11-03T16:26:45-0700] Current time exceeds end time, skipping wait
[2024-11-03T16:26:45-0700] Saved TCP DL results to /data/data/com.termux/files/home/storage/shared/bos_la_2024_trip/verizon/20241103/162436156/tcp_downlink_162639470.out
[2024-11-03T16:26:45-0700] DL AVG TPUT: 
[2024-11-03T16:26:45-0700] 5G booster finished at 2024-11-03 16:26:45.602 MST, duration: 6.165 s
[2024-11-03T16:26:45-0700] -------------------------------
[2024-11-03T16:26:45-0700] Waiting for 2 s...
[2024-11-03T16:26:47-0700] -------------------------------
[2024-11-03T16:26:47-0700] tcp uplink test started at 2024-11-03 16:26:47.707 MST
[2024-11-03T16:26:47-0700] testing tcp uplink with 54.176.53.206:5101, interval 0.5, duration 120, timeout 121 ...
[2024-11-03T16:28:48-0700] Current time exceeds end time, skipping wait
[2024-11-03T16:28:48-0700] Saved uplink test to /data/data/com.termux/files/home/storage/shared/bos_la_2024_trip/verizon/20241103/162436156/tcp_uplink_162647730.out
[2024-11-03T16:28:48-0700] UL AVG TPUT: 
[2024-11-03T16:28:48-0700] tcp uplink test finished at 2024-11-03 16:28:48.804 MST, duration: 121.097 s
[2024-11-03T16:28:48-0700] -------------------------------
[2024-11-03T16:28:48-0700] Waiting for 2 s...
[2024-11-03T16:28:50-0700] -------------------------------
[2024-11-03T16:28:50-0700] Starting 5G booster for 5 s...
[2024-11-03T16:28:50-0700] 5G booster started at 2024-11-03 16:28:50.944 MST
[2024-11-03T16:28:57-0700] Current time exceeds end time, skipping wait
[2024-11-03T16:28:57-0700] Saved TCP DL results to /data/data/com.termux/files/home/storage/shared/bos_la_2024_trip/verizon/20241103/162436156/tcp_downlink_162850970.out
[2024-11-03T16:28:57-0700] DL AVG TPUT: 
[2024-11-03T16:28:57-0700] 5G booster finished at 2024-11-03 16:28:57.093 MST, duration: 6.149 s
[2024-11-03T16:28:57-0700] -------------------------------
[2024-11-03T16:28:57-0700] Waiting for 2 s...
[2024-11-03T16:28:59-0700] -------------------------------
[2024-11-03T16:28:59-0700] ICMP Ping test started at 2024-11-03 16:28:59.201 MST
[2024-11-03T16:29:29-0700] Waiting for .871 s to reach end time
[2024-11-03T16:29:30-0700] Saved ping test to /data/data/com.termux/files/home/storage/shared/bos_la_2024_trip/verizon/20241103/162436156/icmp_ping_162859239.out
[2024-11-03T16:29:30-0700] Ping summary (min/avg/max/mdev) = 77.806/91.732/113.424/6.806 ms
[2024-11-03T16:29:30-0700] Ping test finished at 2024-11-03 16:29:30.280 MST, duration: 31.079 s
[2024-11-03T16:29:30-0700] -------------------------------
[2024-11-03T16:29:30-0700] Waiting for 2 s...
[2024-11-03T16:29:32-0700] -------------------------------
[2024-11-03T16:29:32-0700] Starting 5G booster for 5 s...
[2024-11-03T16:29:32-0700] 5G booster started at 2024-11-03 16:29:32.391 MST
[2024-11-03T16:29:38-0700] Current time exceeds end time, skipping wait
[2024-11-03T16:29:38-0700] Saved TCP DL results to /data/data/com.termux/files/home/storage/shared/bos_la_2024_trip/verizon/20241103/162436156/tcp_downlink_162932449.out
[2024-11-03T16:29:38-0700] DL AVG TPUT: 
[2024-11-03T16:29:38-0700] 5G booster finished at 2024-11-03 16:29:38.517 MST, duration: 6.126 s
[2024-11-03T16:29:38-0700] -------------------------------
[2024-11-03T16:29:38-0700] Waiting for 2 s...
[2024-11-03T16:29:40-0700] -------------------------------
[2024-11-03T16:29:40-0700] TCP Ping test started at 2024-11-03 16:29:40.669 MST
[2024-11-03T16:30:11-0700] Current time exceeds end time, skipping wait
[2024-11-03T16:30:11-0700] Saved TCP Ping test to /data/data/com.termux/files/home/storage/shared/bos_la_2024_trip/verizon/20241103/162436156/tcp_ping_162940702.out
[2024-11-03T16:30:11-0700] TCP Ping summary (min/avg/max/mdev) 
[2024-11-03T16:30:11-0700] TCP Ping test finished at 2024-11-03 16:30:11.798 MST, duration: 31.129 s
[2024-11-03T16:30:11-0700] -------------------------------
[2024-11-03T16:30:11-0700] Waiting for 2 s...
[2024-11-03T16:30:13-0700] -------------------------------
[2024-11-03T16:30:13-0700] Traceroute test started at 2024-11-03 16:30:13.920 MST
[2024-11-03T16:30:21-0700] Waiting for 22.629 s to reach end time
[2024-11-03T16:30:44-0700] Saved traceroute test to /data/data/com.termux/files/home/storage/shared/bos_la_2024_trip/verizon/20241103/162436156/traceroute_163013944.out
[2024-11-03T16:30:44-0700] Traceroute summary (min/avg/max/mdev) 
[2024-11-03T16:30:44-0700] Traceroute test finished at 2024-11-03 16:30:44.013 MST, duration: 30.093 s
[2024-11-03T16:30:44-0700] -------------------------------
[2024-11-03T16:30:44-0700] All tests completed, cleaning up...
[2024-11-03T16:30:44-0700] -------------------------------
[2024-11-03T16:32:06-0700] [measurement] Load environment variables from prod.env file
[2024-11-03T16:32:06-0700] [measurement] Load operator-specific env from verizon.env file
[2024-11-03T16:32:06-0700] Starting a network measurement, please choose a server
[2024-11-03T16:32:06-0700] 0) West Cloud: 54.176.53.206
[2024-11-03T16:32:06-0700] 1) East Cloud: 54.197.223.49
[2024-11-03T16:32:06-0700] 2) Los Angeles Wavelength: 161.188.33.234
[2024-11-03T16:32:06-0700] 3) Las Vegas Wavelength: 155.146.118.158
[2024-11-03T16:32:06-0700] 4) Denver Wavelength: 155.146.144.24
[2024-11-03T16:32:06-0700] 5) Chicago Wavelength: 155.146.180.31
[2024-11-03T16:32:06-0700] 6) Boston Wavelength: 155.146.11.34
[2024-11-03T16:32:16-0700] Enter your choice (0-6): Testing verizon, server 0 (ip: 54.176.53.206, nuttcp_port: 5101, iperf_port: 5001)
[2024-11-03T16:32:16-0700] -------------------------------
[2024-11-03T16:32:16-0700] tcp downlink test started at 2024-11-03 16:32:16.628 MST
[2024-11-03T16:32:16-0700] Testing tcp downlink with 54.176.53.206:5101, interval 0.5 s, duration 120 s, timeout 121 s...
[2024-11-03T16:34:17-0700] Current time exceeds end time, skipping wait
[2024-11-03T16:34:17-0700] Saved tcp downlink test to /data/data/com.termux/files/home/storage/shared/bos_la_2024_trip/verizon/20241103/163216596/tcp_downlink_163216665.out
[2024-11-03T16:34:17-0700] DL AVG TPUT: 
[2024-11-03T16:34:17-0700] tcp downlink test finished at 2024-11-03 16:34:17.747 MST, duration: 121.119 s
[2024-11-03T16:34:17-0700] -------------------------------
[2024-11-03T16:34:17-0700] Waiting for 2 s...
[2024-11-03T16:34:19-0700] -------------------------------
[2024-11-03T16:34:19-0700] Starting 5G booster for 5 s...
[2024-11-03T16:34:19-0700] 5G booster started at 2024-11-03 16:34:19.875 MST
[2024-11-03T16:34:25-0700] Current time exceeds end time, skipping wait
[2024-11-03T16:34:25-0700] Saved TCP DL results to /data/data/com.termux/files/home/storage/shared/bos_la_2024_trip/verizon/20241103/163216596/tcp_downlink_163419908.out
[2024-11-03T16:34:26-0700] DL AVG TPUT: 
[2024-11-03T16:34:26-0700] 5G booster finished at 2024-11-03 16:34:25.995 MST, duration: 6.120 s
[2024-11-03T16:34:26-0700] -------------------------------
[2024-11-03T16:34:26-0700] Waiting for 2 s...
[2024-11-03T16:34:28-0700] -------------------------------
[2024-11-03T16:34:28-0700] tcp uplink test started at 2024-11-03 16:34:28.120 MST
[2024-11-03T16:34:28-0700] testing tcp uplink with 54.176.53.206:5101, interval 0.5, duration 120, timeout 121 ...
[2024-11-03T16:36:29-0700] Current time exceeds end time, skipping wait
[2024-11-03T16:36:29-0700] Saved uplink test to /data/data/com.termux/files/home/storage/shared/bos_la_2024_trip/verizon/20241103/163216596/tcp_uplink_163428151.out
[2024-11-03T16:36:29-0700] UL AVG TPUT: 
[2024-11-03T16:36:29-0700] tcp uplink test finished at 2024-11-03 16:36:29.249 MST, duration: 121.129 s
[2024-11-03T16:36:29-0700] -------------------------------
[2024-11-03T16:36:29-0700] Waiting for 2 s...
[2024-11-03T16:36:31-0700] -------------------------------
[2024-11-03T16:36:31-0700] Starting 5G booster for 5 s...
[2024-11-03T16:36:31-0700] 5G booster started at 2024-11-03 16:36:31.417 MST
[2024-11-03T16:36:37-0700] Current time exceeds end time, skipping wait
[2024-11-03T16:36:37-0700] Saved TCP DL results to /data/data/com.termux/files/home/storage/shared/bos_la_2024_trip/verizon/20241103/163216596/tcp_downlink_163631462.out
[2024-11-03T16:36:37-0700] DL AVG TPUT: 
[2024-11-03T16:36:37-0700] 5G booster finished at 2024-11-03 16:36:37.610 MST, duration: 6.193 s
[2024-11-03T16:36:37-0700] -------------------------------
[2024-11-03T16:36:37-0700] Waiting for 2 s...
[2024-11-03T16:36:39-0700] -------------------------------
[2024-11-03T16:36:39-0700] ICMP Ping test started at 2024-11-03 16:36:39.766 MST
[2024-11-03T16:37:09-0700] Waiting for .850 s to reach end time
[2024-11-03T16:37:10-0700] Saved ping test to /data/data/com.termux/files/home/storage/shared/bos_la_2024_trip/verizon/20241103/163216596/icmp_ping_163639808.out
[2024-11-03T16:37:10-0700] Ping summary (min/avg/max/mdev) = 61.236/78.912/150.984/13.445 ms
[2024-11-03T16:37:10-0700] Ping test finished at 2024-11-03 16:37:10.870 MST, duration: 31.104 s
[2024-11-03T16:37:10-0700] -------------------------------
[2024-11-03T16:37:10-0700] Waiting for 2 s...
[2024-11-03T16:37:12-0700] -------------------------------
[2024-11-03T16:37:12-0700] Starting 5G booster for 5 s...
[2024-11-03T16:37:13-0700] 5G booster started at 2024-11-03 16:37:12.999 MST
[2024-11-03T16:37:19-0700] Current time exceeds end time, skipping wait
[2024-11-03T16:37:19-0700] Saved TCP DL results to /data/data/com.termux/files/home/storage/shared/bos_la_2024_trip/verizon/20241103/163216596/tcp_downlink_163713042.out
[2024-11-03T16:37:19-0700] DL AVG TPUT: 
[2024-11-03T16:37:19-0700] 5G booster finished at 2024-11-03 16:37:19.140 MST, duration: 6.141 s
[2024-11-03T16:37:19-0700] -------------------------------
[2024-11-03T16:37:19-0700] Waiting for 2 s...
[2024-11-03T16:37:21-0700] -------------------------------
[2024-11-03T16:37:21-0700] TCP Ping test started at 2024-11-03 16:37:21.266 MST
[2024-11-03T16:37:52-0700] Current time exceeds end time, skipping wait
[2024-11-03T16:37:52-0700] Saved TCP Ping test to /data/data/com.termux/files/home/storage/shared/bos_la_2024_trip/verizon/20241103/163216596/tcp_ping_163721292.out
[2024-11-03T16:37:52-0700] TCP Ping summary (min/avg/max/mdev) 
[2024-11-03T16:37:52-0700] TCP Ping test finished at 2024-11-03 16:37:52.347 MST, duration: 31.081 s
[2024-11-03T16:37:52-0700] -------------------------------
[2024-11-03T16:37:52-0700] Waiting for 2 s...
[2024-11-03T16:37:54-0700] -------------------------------
[2024-11-03T16:37:54-0700] Traceroute test started at 2024-11-03 16:37:54.429 MST
[2024-11-03T16:38:01-0700] Waiting for 23.321 s to reach end time
[2024-11-03T16:38:24-0700] Saved traceroute test to /data/data/com.termux/files/home/storage/shared/bos_la_2024_trip/verizon/20241103/163216596/traceroute_163754452.out
[2024-11-03T16:38:24-0700] Traceroute summary (min/avg/max/mdev) 
[2024-11-03T16:38:24-0700] Traceroute test finished at 2024-11-03 16:38:24.504 MST, duration: 30.075 s
[2024-11-03T16:38:24-0700] -------------------------------
[2024-11-03T16:38:24-0700] All tests completed, cleaning up...
[2024-11-03T16:38:24-0700] -------------------------------
[2024-11-03T16:39:06-0700] [measurement] Load environment variables from prod.env file
[2024-11-03T16:39:06-0700] [measurement] Load operator-specific env from verizon.env file
[2024-11-03T16:39:06-0700] Starting a network measurement, please choose a server
[2024-11-03T16:39:06-0700] 0) West Cloud: 54.176.53.206
[2024-11-03T16:39:06-0700] 1) East Cloud: 54.197.223.49
[2024-11-03T16:39:06-0700] 2) Los Angeles Wavelength: 161.188.33.234
[2024-11-03T16:39:06-0700] 3) Las Vegas Wavelength: 155.146.118.158
[2024-11-03T16:39:06-0700] 4) Denver Wavelength: 155.146.144.24
[2024-11-03T16:39:06-0700] 5) Chicago Wavelength: 155.146.180.31
[2024-11-03T16:39:06-0700] 6) Boston Wavelength: 155.146.11.34
[2024-11-03T16:39:26-0700] Enter your choice (0-6): Testing verizon, server 0 (ip: 54.176.53.206, nuttcp_port: 5101, iperf_port: 5001)
[2024-11-03T16:39:26-0700] -------------------------------
[2024-11-03T16:39:26-0700] tcp downlink test started at 2024-11-03 16:39:26.355 MST
[2024-11-03T16:39:26-0700] Testing tcp downlink with 54.176.53.206:5101, interval 0.5 s, duration 120 s, timeout 121 s...
[2024-11-03T16:41:27-0700] Current time exceeds end time, skipping wait
[2024-11-03T16:41:27-0700] Saved tcp downlink test to /data/data/com.termux/files/home/storage/shared/bos_la_2024_trip/verizon/20241103/163926330/tcp_downlink_163926394.out
[2024-11-03T16:41:27-0700] DL AVG TPUT: 
[2024-11-03T16:41:27-0700] tcp downlink test finished at 2024-11-03 16:41:27.499 MST, duration: 121.144 s
[2024-11-03T16:41:27-0700] -------------------------------
[2024-11-03T16:41:27-0700] Waiting for 2 s...
[2024-11-03T16:41:29-0700] -------------------------------
[2024-11-03T16:41:29-0700] Starting 5G booster for 5 s...
[2024-11-03T16:41:29-0700] 5G booster started at 2024-11-03 16:41:29.637 MST
[2024-11-03T16:41:35-0700] Current time exceeds end time, skipping wait
[2024-11-03T16:41:35-0700] Saved TCP DL results to /data/data/com.termux/files/home/storage/shared/bos_la_2024_trip/verizon/20241103/163926330/tcp_downlink_164129668.out
[2024-11-03T16:41:35-0700] DL AVG TPUT: 
[2024-11-03T16:41:35-0700] 5G booster finished at 2024-11-03 16:41:35.788 MST, duration: 6.151 s
[2024-11-03T16:41:35-0700] -------------------------------
[2024-11-03T16:41:35-0700] Waiting for 2 s...
[2024-11-03T16:41:37-0700] -------------------------------
[2024-11-03T16:41:37-0700] tcp uplink test started at 2024-11-03 16:41:37.937 MST
[2024-11-03T16:41:37-0700] testing tcp uplink with 54.176.53.206:5101, interval 0.5, duration 120, timeout 121 ...
[2024-11-03T16:43:39-0700] Current time exceeds end time, skipping wait
[2024-11-03T16:43:39-0700] Saved uplink test to /data/data/com.termux/files/home/storage/shared/bos_la_2024_trip/verizon/20241103/163926330/tcp_uplink_164137976.out
[2024-11-03T16:43:39-0700] UL AVG TPUT: 
[2024-11-03T16:43:39-0700] tcp uplink test finished at 2024-11-03 16:43:39.077 MST, duration: 121.140 s
[2024-11-03T16:43:39-0700] -------------------------------
[2024-11-03T16:43:39-0700] Waiting for 2 s...
[2024-11-03T16:43:41-0700] -------------------------------
[2024-11-03T16:43:41-0700] Starting 5G booster for 5 s...
[2024-11-03T16:43:41-0700] 5G booster started at 2024-11-03 16:43:41.217 MST
[2024-11-03T16:43:47-0700] Current time exceeds end time, skipping wait
[2024-11-03T16:43:47-0700] Saved TCP DL results to /data/data/com.termux/files/home/storage/shared/bos_la_2024_trip/verizon/20241103/163926330/tcp_downlink_164341262.out
[2024-11-03T16:43:47-0700] DL AVG TPUT: 
[2024-11-03T16:43:47-0700] 5G booster finished at 2024-11-03 16:43:47.329 MST, duration: 6.112 s
[2024-11-03T16:43:47-0700] -------------------------------
[2024-11-03T16:43:47-0700] Waiting for 2 s...
[2024-11-03T16:43:49-0700] -------------------------------
[2024-11-03T16:43:49-0700] ICMP Ping test started at 2024-11-03 16:43:49.469 MST
[2024-11-03T16:44:19-0700] Waiting for .820 s to reach end time
[2024-11-03T16:44:20-0700] Saved ping test to /data/data/com.termux/files/home/storage/shared/bos_la_2024_trip/verizon/20241103/163926330/icmp_ping_164349516.out
[2024-11-03T16:44:20-0700] Ping summary (min/avg/max/mdev) = 58.773/77.854/179.877/12.666 ms
[2024-11-03T16:44:20-0700] Ping test finished at 2024-11-03 16:44:20.583 MST, duration: 31.114 s
[2024-11-03T16:44:20-0700] -------------------------------
[2024-11-03T16:44:20-0700] Waiting for 2 s...
[2024-11-03T16:44:22-0700] -------------------------------
[2024-11-03T16:44:22-0700] Starting 5G booster for 5 s...
[2024-11-03T16:44:22-0700] 5G booster started at 2024-11-03 16:44:22.744 MST
[2024-11-03T16:44:28-0700] Current time exceeds end time, skipping wait
[2024-11-03T16:44:28-0700] Saved TCP DL results to /data/data/com.termux/files/home/storage/shared/bos_la_2024_trip/verizon/20241103/163926330/tcp_downlink_164422779.out
[2024-11-03T16:44:28-0700] DL AVG TPUT: 
[2024-11-03T16:44:29-0700] 5G booster finished at 2024-11-03 16:44:28.887 MST, duration: 6.143 s
[2024-11-03T16:44:29-0700] -------------------------------
[2024-11-03T16:44:29-0700] Waiting for 2 s...
[2024-11-03T16:44:31-0700] -------------------------------
[2024-11-03T16:44:31-0700] TCP Ping test started at 2024-11-03 16:44:31.044 MST
[2024-11-03T16:45:02-0700] Current time exceeds end time, skipping wait
[2024-11-03T16:45:02-0700] Saved TCP Ping test to /data/data/com.termux/files/home/storage/shared/bos_la_2024_trip/verizon/20241103/163926330/tcp_ping_164431101.out
[2024-11-03T16:45:02-0700] TCP Ping summary (min/avg/max/mdev) 
[2024-11-03T16:45:02-0700] TCP Ping test finished at 2024-11-03 16:45:02.233 MST, duration: 31.189 s
[2024-11-03T16:45:02-0700] -------------------------------
[2024-11-03T16:45:02-0700] Waiting for 2 s...
[2024-11-03T16:45:04-0700] -------------------------------
[2024-11-03T16:45:04-0700] Traceroute test started at 2024-11-03 16:45:04.359 MST
[2024-11-03T16:45:11-0700] Waiting for 22.702 s to reach end time
[2024-11-03T16:45:34-0700] Saved traceroute test to /data/data/com.termux/files/home/storage/shared/bos_la_2024_trip/verizon/20241103/163926330/traceroute_164504416.out
[2024-11-03T16:45:34-0700] Traceroute summary (min/avg/max/mdev) 
[2024-11-03T16:45:34-0700] Traceroute test finished at 2024-11-03 16:45:34.451 MST, duration: 30.092 s
[2024-11-03T16:45:34-0700] -------------------------------
[2024-11-03T16:45:34-0700] All tests completed, cleaning up...
[2024-11-03T16:45:34-0700] -------------------------------
[2024-11-03T16:46:11-0700] [measurement] Load environment variables from prod.env file
[2024-11-03T16:46:12-0700] [measurement] Load operator-specific env from verizon.env file
[2024-11-03T16:46:12-0700] Starting a network measurement, please choose a server
[2024-11-03T16:46:12-0700] 0) West Cloud: 54.176.53.206
[2024-11-03T16:46:12-0700] 1) East Cloud: 54.197.223.49
[2024-11-03T16:46:12-0700] 2) Los Angeles Wavelength: 161.188.33.234
[2024-11-03T16:46:12-0700] 3) Las Vegas Wavelength: 155.146.118.158
[2024-11-03T16:46:12-0700] 4) Denver Wavelength: 155.146.144.24
[2024-11-03T16:46:12-0700] 5) Chicago Wavelength: 155.146.180.31
[2024-11-03T16:46:12-0700] 6) Boston Wavelength: 155.146.11.34
[2024-11-03T16:46:35-0700] Enter your choice (0-6): Testing verizon, server 0 (ip: 54.176.53.206, nuttcp_port: 5101, iperf_port: 5001)
[2024-11-03T16:46:35-0700] -------------------------------
[2024-11-03T16:46:35-0700] tcp downlink test started at 2024-11-03 16:46:35.940 MST
[2024-11-03T16:46:35-0700] Testing tcp downlink with 54.176.53.206:5101, interval 0.5 s, duration 120 s, timeout 121 s...
[2024-11-03T16:48:37-0700] Current time exceeds end time, skipping wait
[2024-11-03T16:48:37-0700] Saved tcp downlink test to /data/data/com.termux/files/home/storage/shared/bos_la_2024_trip/verizon/20241103/164635915/tcp_downlink_164635980.out
[2024-11-03T16:48:37-0700] DL AVG TPUT: 
[2024-11-03T16:48:37-0700] tcp downlink test finished at 2024-11-03 16:48:37.072 MST, duration: 121.132 s
[2024-11-03T16:48:37-0700] -------------------------------
[2024-11-03T16:48:37-0700] Waiting for 2 s...
[2024-11-03T16:48:39-0700] -------------------------------
[2024-11-03T16:48:39-0700] Starting 5G booster for 5 s...
[2024-11-03T16:48:39-0700] 5G booster started at 2024-11-03 16:48:39.208 MST
[2024-11-03T16:48:45-0700] Current time exceeds end time, skipping wait
[2024-11-03T16:48:45-0700] Saved TCP DL results to /data/data/com.termux/files/home/storage/shared/bos_la_2024_trip/verizon/20241103/164635915/tcp_downlink_164839237.out
[2024-11-03T16:48:45-0700] DL AVG TPUT: 
[2024-11-03T16:48:45-0700] 5G booster finished at 2024-11-03 16:48:45.357 MST, duration: 6.149 s
[2024-11-03T16:48:45-0700] -------------------------------
[2024-11-03T16:48:45-0700] Waiting for 2 s...
[2024-11-03T16:48:47-0700] -------------------------------
[2024-11-03T16:48:47-0700] tcp uplink test started at 2024-11-03 16:48:47.530 MST
[2024-11-03T16:48:47-0700] testing tcp uplink with 54.176.53.206:5101, interval 0.5, duration 120, timeout 121 ...
[2024-11-03T16:50:48-0700] Current time exceeds end time, skipping wait
[2024-11-03T16:50:48-0700] Saved uplink test to /data/data/com.termux/files/home/storage/shared/bos_la_2024_trip/verizon/20241103/164635915/tcp_uplink_164847557.out
[2024-11-03T16:50:48-0700] UL AVG TPUT: 
[2024-11-03T16:50:48-0700] tcp uplink test finished at 2024-11-03 16:50:48.660 MST, duration: 121.130 s
[2024-11-03T16:50:48-0700] -------------------------------
[2024-11-03T16:50:48-0700] Waiting for 2 s...
[2024-11-03T16:50:50-0700] -------------------------------
[2024-11-03T16:50:50-0700] Starting 5G booster for 5 s...
[2024-11-03T16:50:50-0700] 5G booster started at 2024-11-03 16:50:50.784 MST
[2024-11-03T16:50:56-0700] Current time exceeds end time, skipping wait
[2024-11-03T16:50:56-0700] Saved TCP DL results to /data/data/com.termux/files/home/storage/shared/bos_la_2024_trip/verizon/20241103/164635915/tcp_downlink_165050831.out
[2024-11-03T16:50:56-0700] DL AVG TPUT: 
[2024-11-03T16:50:57-0700] 5G booster finished at 2024-11-03 16:50:56.957 MST, duration: 6.173 s
[2024-11-03T16:50:57-0700] -------------------------------
[2024-11-03T16:50:57-0700] Waiting for 2 s...
[2024-11-03T16:50:59-0700] -------------------------------
[2024-11-03T16:50:59-0700] ICMP Ping test started at 2024-11-03 16:50:59.068 MST
[2024-11-03T16:51:29-0700] Waiting for .875 s to reach end time
[2024-11-03T16:51:30-0700] Saved ping test to /data/data/com.termux/files/home/storage/shared/bos_la_2024_trip/verizon/20241103/164635915/icmp_ping_165059095.out
[2024-11-03T16:51:30-0700] Ping summary (min/avg/max/mdev) = 57.653/68.335/170.255/11.619 ms
[2024-11-03T16:51:30-0700] Ping test finished at 2024-11-03 16:51:30.152 MST, duration: 31.084 s
[2024-11-03T16:51:30-0700] -------------------------------
[2024-11-03T16:51:30-0700] Waiting for 2 s...
[2024-11-03T16:51:32-0700] -------------------------------
[2024-11-03T16:51:32-0700] Starting 5G booster for 5 s...
[2024-11-03T16:51:32-0700] 5G booster started at 2024-11-03 16:51:32.274 MST
[2024-11-03T16:51:38-0700] Current time exceeds end time, skipping wait
[2024-11-03T16:51:38-0700] Saved TCP DL results to /data/data/com.termux/files/home/storage/shared/bos_la_2024_trip/verizon/20241103/164635915/tcp_downlink_165132345.out
[2024-11-03T16:51:38-0700] DL AVG TPUT: 
[2024-11-03T16:51:38-0700] 5G booster finished at 2024-11-03 16:51:38.442 MST, duration: 6.168 s
[2024-11-03T16:51:38-0700] -------------------------------
[2024-11-03T16:51:38-0700] Waiting for 2 s...
[2024-11-03T16:51:40-0700] -------------------------------
[2024-11-03T16:51:40-0700] TCP Ping test started at 2024-11-03 16:51:40.545 MST
[2024-11-03T16:52:11-0700] Current time exceeds end time, skipping wait
[2024-11-03T16:52:11-0700] Saved TCP Ping test to /data/data/com.termux/files/home/storage/shared/bos_la_2024_trip/verizon/20241103/164635915/tcp_ping_165140621.out
[2024-11-03T16:52:11-0700] TCP Ping summary (min/avg/max/mdev) 
[2024-11-03T16:52:11-0700] TCP Ping test finished at 2024-11-03 16:52:11.710 MST, duration: 31.165 s
[2024-11-03T16:52:11-0700] -------------------------------
[2024-11-03T16:52:11-0700] Waiting for 2 s...
[2024-11-03T16:52:13-0700] -------------------------------
[2024-11-03T16:52:13-0700] Traceroute test started at 2024-11-03 16:52:13.830 MST
[2024-11-03T16:52:20-0700] Waiting for 23.214 s to reach end time
[2024-11-03T16:52:43-0700] Saved traceroute test to /data/data/com.termux/files/home/storage/shared/bos_la_2024_trip/verizon/20241103/164635915/traceroute_165213859.out
[2024-11-03T16:52:43-0700] Traceroute summary (min/avg/max/mdev) 
[2024-11-03T16:52:43-0700] Traceroute test finished at 2024-11-03 16:52:43.913 MST, duration: 30.083 s
[2024-11-03T16:52:43-0700] -------------------------------
[2024-11-03T16:52:43-0700] All tests completed, cleaning up...
[2024-11-03T16:52:43-0700] -------------------------------
[2024-11-03T16:53:34-0700] [measurement] Load environment variables from prod.env file
[2024-11-03T16:53:34-0700] [measurement] Load operator-specific env from verizon.env file
[2024-11-03T16:53:34-0700] Starting a network measurement, please choose a server
[2024-11-03T16:53:34-0700] 0) West Cloud: 54.176.53.206
[2024-11-03T16:53:34-0700] 1) East Cloud: 54.197.223.49
[2024-11-03T16:53:34-0700] 2) Los Angeles Wavelength: 161.188.33.234
[2024-11-03T16:53:34-0700] 3) Las Vegas Wavelength: 155.146.118.158
[2024-11-03T16:53:34-0700] 4) Denver Wavelength: 155.146.144.24
[2024-11-03T16:53:34-0700] 5) Chicago Wavelength: 155.146.180.31
[2024-11-03T16:53:34-0700] 6) Boston Wavelength: 155.146.11.34
[2024-11-03T16:53:46-0700] Enter your choice (0-6): Testing verizon, server 0 (ip: 54.176.53.206, nuttcp_port: 5101, iperf_port: 5001)
[2024-11-03T16:53:46-0700] -------------------------------
[2024-11-03T16:53:46-0700] tcp downlink test started at 2024-11-03 16:53:46.214 MST
[2024-11-03T16:53:46-0700] Testing tcp downlink with 54.176.53.206:5101, interval 0.5 s, duration 120 s, timeout 121 s...
[2024-11-03T16:55:47-0700] Current time exceeds end time, skipping wait
[2024-11-03T16:55:47-0700] Saved tcp downlink test to /data/data/com.termux/files/home/storage/shared/bos_la_2024_trip/verizon/20241103/165346186/tcp_downlink_165346237.out
[2024-11-03T16:55:47-0700] DL AVG TPUT: 
[2024-11-03T16:55:47-0700] tcp downlink test finished at 2024-11-03 16:55:47.337 MST, duration: 121.123 s
[2024-11-03T16:55:47-0700] -------------------------------
[2024-11-03T16:55:47-0700] Waiting for 2 s...
[2024-11-03T16:55:49-0700] -------------------------------
[2024-11-03T16:55:49-0700] Starting 5G booster for 5 s...
[2024-11-03T16:55:49-0700] 5G booster started at 2024-11-03 16:55:49.465 MST
[2024-11-03T16:55:55-0700] Current time exceeds end time, skipping wait
[2024-11-03T16:55:55-0700] Saved TCP DL results to /data/data/com.termux/files/home/storage/shared/bos_la_2024_trip/verizon/20241103/165346186/tcp_downlink_165549517.out
[2024-11-03T16:55:55-0700] DL AVG TPUT: 
[2024-11-03T16:55:55-0700] 5G booster finished at 2024-11-03 16:55:55.624 MST, duration: 6.159 s
[2024-11-03T16:55:55-0700] -------------------------------
[2024-11-03T16:55:55-0700] Waiting for 2 s...
[2024-11-03T16:55:57-0700] -------------------------------
[2024-11-03T16:55:57-0700] tcp uplink test started at 2024-11-03 16:55:57.728 MST
[2024-11-03T16:55:57-0700] testing tcp uplink with 54.176.53.206:5101, interval 0.5, duration 120, timeout 121 ...
[2024-11-03T16:56:35-0700] Waiting for 83.357 s to reach end time
[2024-11-03T16:57:58-0700] Saved uplink test to /data/data/com.termux/files/home/storage/shared/bos_la_2024_trip/verizon/20241103/165346186/tcp_uplink_165557763.out
[2024-11-03T16:57:58-0700] UL AVG TPUT: 
[2024-11-03T16:57:58-0700] tcp uplink test finished at 2024-11-03 16:57:58.820 MST, duration: 121.092 s
[2024-11-03T16:57:58-0700] -------------------------------
[2024-11-03T16:57:58-0700] Waiting for 2 s...
[2024-11-03T16:58:00-0700] -------------------------------
[2024-11-03T16:58:00-0700] Starting 5G booster for 5 s...
[2024-11-03T16:58:00-0700] 5G booster started at 2024-11-03 16:58:00.943 MST
[2024-11-03T16:58:07-0700] Current time exceeds end time, skipping wait
[2024-11-03T16:58:07-0700] Saved TCP DL results to /data/data/com.termux/files/home/storage/shared/bos_la_2024_trip/verizon/20241103/165346186/tcp_downlink_165800965.out
[2024-11-03T16:58:07-0700] DL AVG TPUT: 
[2024-11-03T16:58:07-0700] 5G booster finished at 2024-11-03 16:58:07.090 MST, duration: 6.147 s
[2024-11-03T16:58:07-0700] -------------------------------
[2024-11-03T16:58:07-0700] Waiting for 2 s...
[2024-11-03T16:58:09-0700] -------------------------------
[2024-11-03T16:58:09-0700] ICMP Ping test started at 2024-11-03 16:58:09.281 MST
[2024-11-03T16:58:39-0700] Waiting for .880 s to reach end time
[2024-11-03T16:58:40-0700] Saved ping test to /data/data/com.termux/files/home/storage/shared/bos_la_2024_trip/verizon/20241103/165346186/icmp_ping_165809309.out
[2024-11-03T16:58:40-0700] Ping summary (min/avg/max/mdev) = 57.064/149.562/2111.258/336.673 ms
[2024-11-03T16:58:40-0700] Ping test finished at 2024-11-03 16:58:40.341 MST, duration: 31.060 s
[2024-11-03T16:58:40-0700] -------------------------------
[2024-11-03T16:58:40-0700] Waiting for 2 s...
[2024-11-03T16:58:42-0700] -------------------------------
[2024-11-03T16:58:42-0700] Starting 5G booster for 5 s...
[2024-11-03T16:58:42-0700] 5G booster started at 2024-11-03 16:58:42.442 MST
[2024-11-03T16:58:48-0700] Current time exceeds end time, skipping wait
[2024-11-03T16:58:48-0700] Saved TCP DL results to /data/data/com.termux/files/home/storage/shared/bos_la_2024_trip/verizon/20241103/165346186/tcp_downlink_165842479.out
[2024-11-03T16:58:48-0700] DL AVG TPUT: 
[2024-11-03T16:58:48-0700] 5G booster finished at 2024-11-03 16:58:48.553 MST, duration: 6.111 s
[2024-11-03T16:58:48-0700] -------------------------------
[2024-11-03T16:58:48-0700] Waiting for 2 s...
[2024-11-03T16:58:50-0700] -------------------------------
[2024-11-03T16:58:50-0700] TCP Ping test started at 2024-11-03 16:58:50.660 MST
[2024-11-03T16:59:21-0700] Current time exceeds end time, skipping wait
[2024-11-03T16:59:21-0700] Saved TCP Ping test to /data/data/com.termux/files/home/storage/shared/bos_la_2024_trip/verizon/20241103/165346186/tcp_ping_165850689.out
[2024-11-03T16:59:21-0700] TCP Ping summary (min/avg/max/mdev) 
[2024-11-03T16:59:21-0700] TCP Ping test finished at 2024-11-03 16:59:21.816 MST, duration: 31.156 s
[2024-11-03T16:59:21-0700] -------------------------------
[2024-11-03T16:59:21-0700] Waiting for 2 s...
[2024-11-03T16:59:23-0700] -------------------------------
[2024-11-03T16:59:23-0700] Traceroute test started at 2024-11-03 16:59:23.946 MST
[2024-11-03T16:59:54-0700] Current time exceeds end time, skipping wait
[2024-11-03T16:59:54-0700] Saved traceroute test to /data/data/com.termux/files/home/storage/shared/bos_la_2024_trip/verizon/20241103/165346186/traceroute_165923973.out
[2024-11-03T16:59:54-0700] Traceroute summary (min/avg/max/mdev) 
[2024-11-03T16:59:54-0700] Traceroute test finished at 2024-11-03 16:59:54.075 MST, duration: 30.129 s
[2024-11-03T16:59:54-0700] -------------------------------
[2024-11-03T16:59:54-0700] All tests completed, cleaning up...
[2024-11-03T16:59:54-0700] -------------------------------
[2024-11-03T17:00:33-0700] [measurement] Load environment variables from prod.env file
[2024-11-03T17:00:33-0700] [measurement] Load operator-specific env from verizon.env file
[2024-11-03T17:00:33-0700] Starting a network measurement, please choose a server
[2024-11-03T17:00:33-0700] 0) West Cloud: 54.176.53.206
[2024-11-03T17:00:33-0700] 1) East Cloud: 54.197.223.49
[2024-11-03T17:00:33-0700] 2) Los Angeles Wavelength: 161.188.33.234
[2024-11-03T17:00:33-0700] 3) Las Vegas Wavelength: 155.146.118.158
[2024-11-03T17:00:33-0700] 4) Denver Wavelength: 155.146.144.24
[2024-11-03T17:00:33-0700] 5) Chicago Wavelength: 155.146.180.31
[2024-11-03T17:00:33-0700] 6) Boston Wavelength: 155.146.11.34
[2024-11-03T17:00:54-0700] Enter your choice (0-6): Testing verizon, server 0 (ip: 54.176.53.206, nuttcp_port: 5101, iperf_port: 5001)
[2024-11-03T17:00:54-0700] -------------------------------
[2024-11-03T17:00:54-0700] tcp downlink test started at 2024-11-03 17:00:54.252 MST
[2024-11-03T17:00:54-0700] Testing tcp downlink with 54.176.53.206:5101, interval 0.5 s, duration 120 s, timeout 121 s...
[2024-11-03T17:02:55-0700] Current time exceeds end time, skipping wait
[2024-11-03T17:02:55-0700] Saved tcp downlink test to /data/data/com.termux/files/home/storage/shared/bos_la_2024_trip/verizon/20241103/170054226/tcp_downlink_170054287.out
[2024-11-03T17:02:55-0700] DL AVG TPUT: 
[2024-11-03T17:02:55-0700] tcp downlink test finished at 2024-11-03 17:02:55.433 MST, duration: 121.181 s
[2024-11-03T17:02:55-0700] -------------------------------
[2024-11-03T17:02:55-0700] Waiting for 2 s...
[2024-11-03T17:02:57-0700] -------------------------------
[2024-11-03T17:02:57-0700] Starting 5G booster for 5 s...
[2024-11-03T17:02:57-0700] 5G booster started at 2024-11-03 17:02:57.570 MST
[2024-11-03T17:03:03-0700] Current time exceeds end time, skipping wait
[2024-11-03T17:03:03-0700] Saved TCP DL results to /data/data/com.termux/files/home/storage/shared/bos_la_2024_trip/verizon/20241103/170054226/tcp_downlink_170257618.out
[2024-11-03T17:03:03-0700] DL AVG TPUT: 
[2024-11-03T17:03:03-0700] 5G booster finished at 2024-11-03 17:03:03.710 MST, duration: 6.140 s
[2024-11-03T17:03:03-0700] -------------------------------
[2024-11-03T17:03:03-0700] Waiting for 2 s...
[2024-11-03T17:03:05-0700] -------------------------------
[2024-11-03T17:03:05-0700] tcp uplink test started at 2024-11-03 17:03:05.824 MST
[2024-11-03T17:03:05-0700] testing tcp uplink with 54.176.53.206:5101, interval 0.5, duration 120, timeout 121 ...
[2024-11-03T17:05:06-0700] Current time exceeds end time, skipping wait
[2024-11-03T17:05:06-0700] Saved uplink test to /data/data/com.termux/files/home/storage/shared/bos_la_2024_trip/verizon/20241103/170054226/tcp_uplink_170305875.out
[2024-11-03T17:05:06-0700] UL AVG TPUT: 
[2024-11-03T17:05:07-0700] tcp uplink test finished at 2024-11-03 17:05:06.963 MST, duration: 121.139 s
[2024-11-03T17:05:07-0700] -------------------------------
[2024-11-03T17:05:07-0700] Waiting for 2 s...
[2024-11-03T17:05:09-0700] -------------------------------
[2024-11-03T17:05:09-0700] Starting 5G booster for 5 s...
[2024-11-03T17:05:09-0700] 5G booster started at 2024-11-03 17:05:09.097 MST
[2024-11-03T17:05:15-0700] Current time exceeds end time, skipping wait
[2024-11-03T17:05:15-0700] Saved TCP DL results to /data/data/com.termux/files/home/storage/shared/bos_la_2024_trip/verizon/20241103/170054226/tcp_downlink_170509125.out
[2024-11-03T17:05:15-0700] DL AVG TPUT: 
[2024-11-03T17:05:15-0700] 5G booster finished at 2024-11-03 17:05:15.233 MST, duration: 6.136 s
[2024-11-03T17:05:15-0700] -------------------------------
[2024-11-03T17:05:15-0700] Waiting for 2 s...
[2024-11-03T17:05:17-0700] -------------------------------
[2024-11-03T17:05:17-0700] ICMP Ping test started at 2024-11-03 17:05:17.338 MST
[2024-11-03T17:05:47-0700] Waiting for .863 s to reach end time
[2024-11-03T17:05:48-0700] Saved ping test to /data/data/com.termux/files/home/storage/shared/bos_la_2024_trip/verizon/20241103/170054226/icmp_ping_170517372.out
[2024-11-03T17:05:48-0700] Ping summary (min/avg/max/mdev) = 57.908/65.822/79.694/4.613 ms
[2024-11-03T17:05:48-0700] Ping test finished at 2024-11-03 17:05:48.441 MST, duration: 31.103 s
[2024-11-03T17:05:48-0700] -------------------------------
[2024-11-03T17:05:48-0700] Waiting for 2 s...
[2024-11-03T17:05:50-0700] -------------------------------
[2024-11-03T17:05:50-0700] Starting 5G booster for 5 s...
[2024-11-03T17:05:50-0700] 5G booster started at 2024-11-03 17:05:50.562 MST
[2024-11-03T17:05:56-0700] Current time exceeds end time, skipping wait
[2024-11-03T17:05:56-0700] Saved TCP DL results to /data/data/com.termux/files/home/storage/shared/bos_la_2024_trip/verizon/20241103/170054226/tcp_downlink_170550612.out
[2024-11-03T17:05:56-0700] DL AVG TPUT: 
[2024-11-03T17:05:56-0700] 5G booster finished at 2024-11-03 17:05:56.708 MST, duration: 6.146 s
[2024-11-03T17:05:56-0700] -------------------------------
[2024-11-03T17:05:56-0700] Waiting for 2 s...
[2024-11-03T17:05:58-0700] -------------------------------
[2024-11-03T17:05:58-0700] TCP Ping test started at 2024-11-03 17:05:58.811 MST
[2024-11-03T17:06:29-0700] Current time exceeds end time, skipping wait
[2024-11-03T17:06:29-0700] Saved TCP Ping test to /data/data/com.termux/files/home/storage/shared/bos_la_2024_trip/verizon/20241103/170054226/tcp_ping_170558835.out
[2024-11-03T17:06:29-0700] TCP Ping summary (min/avg/max/mdev) 
[2024-11-03T17:06:30-0700] TCP Ping test finished at 2024-11-03 17:06:29.960 MST, duration: 31.149 s
[2024-11-03T17:06:30-0700] -------------------------------
[2024-11-03T17:06:30-0700] Waiting for 2 s...
[2024-11-03T17:06:32-0700] -------------------------------
[2024-11-03T17:06:32-0700] Traceroute test started at 2024-11-03 17:06:32.070 MST
[2024-11-03T17:06:44-0700] Waiting for 17.799 s to reach end time
[2024-11-03T17:07:02-0700] Saved traceroute test to /data/data/com.termux/files/home/storage/shared/bos_la_2024_trip/verizon/20241103/170054226/traceroute_170632102.out
[2024-11-03T17:07:02-0700] Traceroute summary (min/avg/max/mdev) 
[2024-11-03T17:07:02-0700] Traceroute test finished at 2024-11-03 17:07:02.147 MST, duration: 30.077 s
[2024-11-03T17:07:02-0700] -------------------------------
[2024-11-03T17:07:02-0700] All tests completed, cleaning up...
[2024-11-03T17:07:02-0700] -------------------------------
[2024-11-03T17:07:27-0700] [measurement] Load environment variables from prod.env file
[2024-11-03T17:07:27-0700] [measurement] Load operator-specific env from verizon.env file
[2024-11-03T17:07:27-0700] Starting a network measurement, please choose a server
[2024-11-03T17:07:27-0700] 0) West Cloud: 54.176.53.206
[2024-11-03T17:07:27-0700] 1) East Cloud: 54.197.223.49
[2024-11-03T17:07:27-0700] 2) Los Angeles Wavelength: 161.188.33.234
[2024-11-03T17:07:27-0700] 3) Las Vegas Wavelength: 155.146.118.158
[2024-11-03T17:07:27-0700] 4) Denver Wavelength: 155.146.144.24
[2024-11-03T17:07:27-0700] 5) Chicago Wavelength: 155.146.180.31
[2024-11-03T17:07:27-0700] 6) Boston Wavelength: 155.146.11.34
[2024-11-03T17:07:49-0700] Enter your choice (0-6): Testing verizon, server 0 (ip: 54.176.53.206, nuttcp_port: 5101, iperf_port: 5001)
[2024-11-03T17:07:49-0700] -------------------------------
[2024-11-03T17:07:49-0700] tcp downlink test started at 2024-11-03 17:07:49.615 MST
[2024-11-03T17:07:49-0700] Testing tcp downlink with 54.176.53.206:5101, interval 0.5 s, duration 120 s, timeout 121 s...
[2024-11-03T17:08:08-0700] nuttcp_mread: Software caused connection abort
[2024-11-03T17:08:08-0700] nuttcp-r: v8.1.4: Error: IO: Software caused connection abort
[2024-11-03T17:08:08-0700] errno=103
[2024-11-03T17:08:08-0700] Waiting for 101.909 s to reach end time
[2024-11-03T17:09:50-0700] Saved tcp downlink test to /data/data/com.termux/files/home/storage/shared/bos_la_2024_trip/verizon/20241103/170749593/tcp_downlink_170749643.out
[2024-11-03T17:09:50-0700] DL AVG TPUT: 
[2024-11-03T17:09:50-0700] tcp downlink test finished at 2024-11-03 17:09:50.708 MST, duration: 121.093 s
[2024-11-03T17:09:50-0700] -------------------------------
[2024-11-03T17:09:50-0700] Waiting for 2 s...
[2024-11-03T17:09:52-0700] -------------------------------
[2024-11-03T17:09:52-0700] Starting 5G booster for 5 s...
[2024-11-03T17:09:52-0700] 5G booster started at 2024-11-03 17:09:52.834 MST
[2024-11-03T17:09:58-0700] Current time exceeds end time, skipping wait
[2024-11-03T17:09:58-0700] Saved TCP DL results to /data/data/com.termux/files/home/storage/shared/bos_la_2024_trip/verizon/20241103/170749593/tcp_downlink_170952865.out
[2024-11-03T17:09:59-0700] DL AVG TPUT: 
[2024-11-03T17:09:59-0700] 5G booster finished at 2024-11-03 17:09:58.991 MST, duration: 6.157 s
[2024-11-03T17:09:59-0700] -------------------------------
[2024-11-03T17:09:59-0700] Waiting for 2 s...
[2024-11-03T17:10:01-0700] -------------------------------
[2024-11-03T17:10:01-0700] tcp uplink test started at 2024-11-03 17:10:01.122 MST
[2024-11-03T17:10:01-0700] testing tcp uplink with 54.176.53.206:5101, interval 0.5, duration 120, timeout 121 ...
[2024-11-03T17:11:46-0700] Waiting for 15.256 s to reach end time
[2024-11-03T17:12:02-0700] Saved uplink test to /data/data/com.termux/files/home/storage/shared/bos_la_2024_trip/verizon/20241103/170749593/tcp_uplink_171001150.out
[2024-11-03T17:12:02-0700] UL AVG TPUT: 
[2024-11-03T17:12:02-0700] tcp uplink test finished at 2024-11-03 17:12:02.207 MST, duration: 121.085 s
[2024-11-03T17:12:02-0700] -------------------------------
[2024-11-03T17:12:02-0700] Waiting for 2 s...
[2024-11-03T17:12:04-0700] -------------------------------
[2024-11-03T17:12:04-0700] Starting 5G booster for 5 s...
[2024-11-03T17:12:04-0700] 5G booster started at 2024-11-03 17:12:04.321 MST
[2024-11-03T17:12:10-0700] Current time exceeds end time, skipping wait
[2024-11-03T17:12:10-0700] Saved TCP DL results to /data/data/com.termux/files/home/storage/shared/bos_la_2024_trip/verizon/20241103/170749593/tcp_downlink_171204351.out
[2024-11-03T17:12:10-0700] DL AVG TPUT: 
[2024-11-03T17:12:10-0700] 5G booster finished at 2024-11-03 17:12:10.442 MST, duration: 6.121 s
[2024-11-03T17:12:10-0700] -------------------------------
[2024-11-03T17:12:10-0700] Waiting for 2 s...
[2024-11-03T17:12:12-0700] -------------------------------
[2024-11-03T17:12:12-0700] ICMP Ping test started at 2024-11-03 17:12:12.569 MST
[2024-11-03T17:12:42-0700] Waiting for .817 s to reach end time
[2024-11-03T17:12:43-0700] Saved ping test to /data/data/com.termux/files/home/storage/shared/bos_la_2024_trip/verizon/20241103/170749593/icmp_ping_171212643.out
[2024-11-03T17:12:43-0700] Ping summary (min/avg/max/mdev) = 53.421/271.656/2084.164/439.626 ms
[2024-11-03T17:12:43-0700] Ping test finished at 2024-11-03 17:12:43.643 MST, duration: 31.074 s
[2024-11-03T17:12:43-0700] -------------------------------
[2024-11-03T17:12:43-0700] Waiting for 2 s...
[2024-11-03T17:12:45-0700] -------------------------------
[2024-11-03T17:12:45-0700] Starting 5G booster for 5 s...
[2024-11-03T17:12:45-0700] 5G booster started at 2024-11-03 17:12:45.767 MST
[2024-11-03T17:12:51-0700] Current time exceeds end time, skipping wait
[2024-11-03T17:12:51-0700] Saved TCP DL results to /data/data/com.termux/files/home/storage/shared/bos_la_2024_trip/verizon/20241103/170749593/tcp_downlink_171245802.out
[2024-11-03T17:12:51-0700] DL AVG TPUT: 
[2024-11-03T17:12:51-0700] 5G booster finished at 2024-11-03 17:12:51.859 MST, duration: 6.092 s
[2024-11-03T17:12:51-0700] -------------------------------
[2024-11-03T17:12:51-0700] Waiting for 2 s...
[2024-11-03T17:12:53-0700] -------------------------------
[2024-11-03T17:12:53-0700] TCP Ping test started at 2024-11-03 17:12:53.941 MST
[2024-11-03T17:13:25-0700] Current time exceeds end time, skipping wait
[2024-11-03T17:13:25-0700] Saved TCP Ping test to /data/data/com.termux/files/home/storage/shared/bos_la_2024_trip/verizon/20241103/170749593/tcp_ping_171253964.out
[2024-11-03T17:13:25-0700] TCP Ping summary (min/avg/max/mdev) 
[2024-11-03T17:13:25-0700] TCP Ping test finished at 2024-11-03 17:13:25.062 MST, duration: 31.121 s
[2024-11-03T17:13:25-0700] -------------------------------
[2024-11-03T17:13:25-0700] Waiting for 2 s...
[2024-11-03T17:13:27-0700] -------------------------------
[2024-11-03T17:13:27-0700] Traceroute test started at 2024-11-03 17:13:27.200 MST
[2024-11-03T17:13:33-0700] Waiting for 23.806 s to reach end time
[2024-11-03T17:13:57-0700] Saved traceroute test to /data/data/com.termux/files/home/storage/shared/bos_la_2024_trip/verizon/20241103/170749593/traceroute_171327231.out
[2024-11-03T17:13:57-0700] Traceroute summary (min/avg/max/mdev) 
[2024-11-03T17:13:57-0700] Traceroute test finished at 2024-11-03 17:13:57.302 MST, duration: 30.102 s
[2024-11-03T17:13:57-0700] -------------------------------
[2024-11-03T17:13:57-0700] All tests completed, cleaning up...
[2024-11-03T17:13:57-0700] -------------------------------
[2024-11-03T17:14:46-0700] [measurement] Load environment variables from prod.env file
[2024-11-03T17:14:46-0700] [measurement] Load operator-specific env from verizon.env file
[2024-11-03T17:14:46-0700] Starting a network measurement, please choose a server
[2024-11-03T17:14:46-0700] 0) West Cloud: 54.176.53.206
[2024-11-03T17:14:46-0700] 1) East Cloud: 54.197.223.49
[2024-11-03T17:14:46-0700] 2) Los Angeles Wavelength: 161.188.33.234
[2024-11-03T17:14:46-0700] 3) Las Vegas Wavelength: 155.146.118.158
[2024-11-03T17:14:46-0700] 4) Denver Wavelength: 155.146.144.24
[2024-11-03T17:14:46-0700] 5) Chicago Wavelength: 155.146.180.31
[2024-11-03T17:14:46-0700] 6) Boston Wavelength: 155.146.11.34
[2024-11-03T17:14:50-0700] Enter your choice (0-6): Testing verizon, server 0 (ip: 54.176.53.206, nuttcp_port: 5101, iperf_port: 5001)
[2024-11-03T17:14:50-0700] -------------------------------
[2024-11-03T17:14:50-0700] tcp downlink test started at 2024-11-03 17:14:50.756 MST
[2024-11-03T17:14:50-0700] Testing tcp downlink with 54.176.53.206:5101, interval 0.5 s, duration 120 s, timeout 121 s...
[2024-11-03T17:16:51-0700] Current time exceeds end time, skipping wait
[2024-11-03T17:16:51-0700] Saved tcp downlink test to /data/data/com.termux/files/home/storage/shared/bos_la_2024_trip/verizon/20241103/171450735/tcp_downlink_171450782.out
[2024-11-03T17:16:51-0700] DL AVG TPUT: 
[2024-11-03T17:16:51-0700] tcp downlink test finished at 2024-11-03 17:16:51.911 MST, duration: 121.155 s
[2024-11-03T17:16:51-0700] -------------------------------
[2024-11-03T17:16:51-0700] Waiting for 2 s...
[2024-11-03T17:16:53-0700] -------------------------------
[2024-11-03T17:16:53-0700] Starting 5G booster for 5 s...
[2024-11-03T17:16:54-0700] 5G booster started at 2024-11-03 17:16:54.011 MST
[2024-11-03T17:17:00-0700] Current time exceeds end time, skipping wait
[2024-11-03T17:17:00-0700] Saved TCP DL results to /data/data/com.termux/files/home/storage/shared/bos_la_2024_trip/verizon/20241103/171450735/tcp_downlink_171654059.out
[2024-11-03T17:17:00-0700] DL AVG TPUT: 
[2024-11-03T17:17:00-0700] 5G booster finished at 2024-11-03 17:17:00.197 MST, duration: 6.186 s
[2024-11-03T17:17:00-0700] -------------------------------
[2024-11-03T17:17:00-0700] Waiting for 2 s...
[2024-11-03T17:17:02-0700] -------------------------------
[2024-11-03T17:17:02-0700] tcp uplink test started at 2024-11-03 17:17:02.317 MST
[2024-11-03T17:17:02-0700] testing tcp uplink with 54.176.53.206:5101, interval 0.5, duration 120, timeout 121 ...
[2024-11-03T17:19:03-0700] Current time exceeds end time, skipping wait
[2024-11-03T17:19:03-0700] Saved uplink test to /data/data/com.termux/files/home/storage/shared/bos_la_2024_trip/verizon/20241103/171450735/tcp_uplink_171702365.out
[2024-11-03T17:19:03-0700] UL AVG TPUT: 
[2024-11-03T17:19:03-0700] tcp uplink test finished at 2024-11-03 17:19:03.463 MST, duration: 121.146 s
[2024-11-03T17:19:03-0700] -------------------------------
[2024-11-03T17:19:03-0700] Waiting for 2 s...
[2024-11-03T17:19:05-0700] -------------------------------
[2024-11-03T17:19:05-0700] Starting 5G booster for 5 s...
[2024-11-03T17:19:05-0700] 5G booster started at 2024-11-03 17:19:05.596 MST
[2024-11-03T17:19:11-0700] Current time exceeds end time, skipping wait
[2024-11-03T17:19:11-0700] Saved TCP DL results to /data/data/com.termux/files/home/storage/shared/bos_la_2024_trip/verizon/20241103/171450735/tcp_downlink_171905631.out
[2024-11-03T17:19:11-0700] DL AVG TPUT: 
[2024-11-03T17:19:11-0700] 5G booster finished at 2024-11-03 17:19:11.739 MST, duration: 6.143 s
[2024-11-03T17:19:11-0700] -------------------------------
[2024-11-03T17:19:11-0700] Waiting for 2 s...
[2024-11-03T17:19:13-0700] -------------------------------
[2024-11-03T17:19:13-0700] ICMP Ping test started at 2024-11-03 17:19:13.860 MST
[2024-11-03T17:19:44-0700] Waiting for .886 s to reach end time
[2024-11-03T17:19:44-0700] Saved ping test to /data/data/com.termux/files/home/storage/shared/bos_la_2024_trip/verizon/20241103/171450735/icmp_ping_171913900.out
[2024-11-03T17:19:44-0700] Ping summary (min/avg/max/mdev) = 40.433/77.902/677.186/75.061 ms
[2024-11-03T17:19:45-0700] Ping test finished at 2024-11-03 17:19:44.954 MST, duration: 31.094 s
[2024-11-03T17:19:45-0700] -------------------------------
[2024-11-03T17:19:45-0700] Waiting for 2 s...
[2024-11-03T17:19:47-0700] -------------------------------
[2024-11-03T17:19:47-0700] Starting 5G booster for 5 s...
[2024-11-03T17:19:47-0700] 5G booster started at 2024-11-03 17:19:47.082 MST
[2024-11-03T17:19:53-0700] Current time exceeds end time, skipping wait
[2024-11-03T17:19:53-0700] Saved TCP DL results to /data/data/com.termux/files/home/storage/shared/bos_la_2024_trip/verizon/20241103/171450735/tcp_downlink_171947116.out
[2024-11-03T17:19:53-0700] DL AVG TPUT: 
[2024-11-03T17:19:53-0700] 5G booster finished at 2024-11-03 17:19:53.196 MST, duration: 6.114 s
[2024-11-03T17:19:53-0700] -------------------------------
[2024-11-03T17:19:53-0700] Waiting for 2 s...
[2024-11-03T17:19:55-0700] -------------------------------
[2024-11-03T17:19:55-0700] TCP Ping test started at 2024-11-03 17:19:55.330 MST
[2024-11-03T17:20:26-0700] Current time exceeds end time, skipping wait
[2024-11-03T17:20:26-0700] Saved TCP Ping test to /data/data/com.termux/files/home/storage/shared/bos_la_2024_trip/verizon/20241103/171450735/tcp_ping_171955367.out
[2024-11-03T17:20:26-0700] TCP Ping summary (min/avg/max/mdev) 
[2024-11-03T17:20:26-0700] TCP Ping test finished at 2024-11-03 17:20:26.469 MST, duration: 31.139 s
[2024-11-03T17:20:26-0700] -------------------------------
[2024-11-03T17:20:26-0700] Waiting for 2 s...
[2024-11-03T17:20:28-0700] -------------------------------
[2024-11-03T17:20:28-0700] Traceroute test started at 2024-11-03 17:20:28.578 MST
[2024-11-03T17:20:30-0700] Waiting for 27.850 s to reach end time
[2024-11-03T17:20:58-0700] Saved traceroute test to /data/data/com.termux/files/home/storage/shared/bos_la_2024_trip/verizon/20241103/171450735/traceroute_172028615.out
[2024-11-03T17:20:58-0700] Traceroute summary (min/avg/max/mdev) 
[2024-11-03T17:20:58-0700] Traceroute test finished at 2024-11-03 17:20:58.678 MST, duration: 30.100 s
[2024-11-03T17:20:58-0700] -------------------------------
[2024-11-03T17:20:58-0700] All tests completed, cleaning up...
[2024-11-03T17:20:58-0700] -------------------------------
[2024-11-03T17:21:39-0700] [measurement] Load environment variables from prod.env file
[2024-11-03T17:21:39-0700] [measurement] Load operator-specific env from verizon.env file
[2024-11-03T17:21:39-0700] Starting a network measurement, please choose a server
[2024-11-03T17:21:39-0700] 0) West Cloud: 54.176.53.206
[2024-11-03T17:21:39-0700] 1) East Cloud: 54.197.223.49
[2024-11-03T17:21:39-0700] 2) Los Angeles Wavelength: 161.188.33.234
[2024-11-03T17:21:39-0700] 3) Las Vegas Wavelength: 155.146.118.158
[2024-11-03T17:21:39-0700] 4) Denver Wavelength: 155.146.144.24
[2024-11-03T17:21:39-0700] 5) Chicago Wavelength: 155.146.180.31
[2024-11-03T17:21:39-0700] 6) Boston Wavelength: 155.146.11.34
[2024-11-03T17:22:10-0700] Enter your choice (0-6): Testing verizon, server 0 (ip: 54.176.53.206, nuttcp_port: 5101, iperf_port: 5001)
[2024-11-03T17:22:10-0700] -------------------------------
[2024-11-03T17:22:10-0700] tcp downlink test started at 2024-11-03 17:22:10.929 MST
[2024-11-03T17:22:10-0700] Testing tcp downlink with 54.176.53.206:5101, interval 0.5 s, duration 120 s, timeout 121 s...
[2024-11-03T17:24:12-0700] Current time exceeds end time, skipping wait
[2024-11-03T17:24:12-0700] Saved tcp downlink test to /data/data/com.termux/files/home/storage/shared/bos_la_2024_trip/verizon/20241103/172210911/tcp_downlink_172210950.out
[2024-11-03T17:24:12-0700] DL AVG TPUT: 
[2024-11-03T17:24:12-0700] tcp downlink test finished at 2024-11-03 17:24:12.084 MST, duration: 121.155 s
[2024-11-03T17:24:12-0700] -------------------------------
[2024-11-03T17:24:12-0700] Waiting for 2 s...
[2024-11-03T17:24:14-0700] -------------------------------
[2024-11-03T17:24:14-0700] Starting 5G booster for 5 s...
[2024-11-03T17:24:14-0700] 5G booster started at 2024-11-03 17:24:14.231 MST
[2024-11-03T17:24:20-0700] Current time exceeds end time, skipping wait
[2024-11-03T17:24:20-0700] Saved TCP DL results to /data/data/com.termux/files/home/storage/shared/bos_la_2024_trip/verizon/20241103/172210911/tcp_downlink_172414272.out
[2024-11-03T17:24:20-0700] DL AVG TPUT: 
[2024-11-03T17:24:20-0700] 5G booster finished at 2024-11-03 17:24:20.387 MST, duration: 6.156 s
[2024-11-03T17:24:20-0700] -------------------------------
[2024-11-03T17:24:20-0700] Waiting for 2 s...
[2024-11-03T17:24:22-0700] -------------------------------
[2024-11-03T17:24:22-0700] tcp uplink test started at 2024-11-03 17:24:22.546 MST
[2024-11-03T17:24:22-0700] testing tcp uplink with 54.176.53.206:5101, interval 0.5, duration 120, timeout 121 ...
[2024-11-03T17:26:23-0700] Current time exceeds end time, skipping wait
[2024-11-03T17:26:23-0700] Saved uplink test to /data/data/com.termux/files/home/storage/shared/bos_la_2024_trip/verizon/20241103/172210911/tcp_uplink_172422577.out
[2024-11-03T17:26:23-0700] UL AVG TPUT: 
[2024-11-03T17:26:23-0700] tcp uplink test finished at 2024-11-03 17:26:23.678 MST, duration: 121.132 s
[2024-11-03T17:26:23-0700] -------------------------------
[2024-11-03T17:26:23-0700] Waiting for 2 s...
[2024-11-03T17:26:25-0700] -------------------------------
[2024-11-03T17:26:25-0700] Starting 5G booster for 5 s...
[2024-11-03T17:26:25-0700] 5G booster started at 2024-11-03 17:26:25.843 MST
[2024-11-03T17:26:32-0700] Current time exceeds end time, skipping wait
[2024-11-03T17:26:32-0700] Saved TCP DL results to /data/data/com.termux/files/home/storage/shared/bos_la_2024_trip/verizon/20241103/172210911/tcp_downlink_172625897.out
[2024-11-03T17:26:32-0700] DL AVG TPUT: 
[2024-11-03T17:26:32-0700] 5G booster finished at 2024-11-03 17:26:32.021 MST, duration: 6.178 s
[2024-11-03T17:26:32-0700] -------------------------------
[2024-11-03T17:26:32-0700] Waiting for 2 s...
[2024-11-03T17:26:34-0700] -------------------------------
[2024-11-03T17:26:34-0700] ICMP Ping test started at 2024-11-03 17:26:34.157 MST
[2024-11-03T17:27:04-0700] Waiting for .820 s to reach end time
[2024-11-03T17:27:05-0700] Saved ping test to /data/data/com.termux/files/home/storage/shared/bos_la_2024_trip/verizon/20241103/172210911/icmp_ping_172634207.out
[2024-11-03T17:27:05-0700] Ping summary (min/avg/max/mdev) = 48.222/137.673/1891.281/279.297 ms
[2024-11-03T17:27:05-0700] Ping test finished at 2024-11-03 17:27:05.289 MST, duration: 31.132 s
[2024-11-03T17:27:05-0700] -------------------------------
[2024-11-03T17:27:05-0700] Waiting for 2 s...
[2024-11-03T17:27:07-0700] -------------------------------
[2024-11-03T17:27:07-0700] Starting 5G booster for 5 s...
[2024-11-03T17:27:07-0700] 5G booster started at 2024-11-03 17:27:07.435 MST
[2024-11-03T17:27:13-0700] Current time exceeds end time, skipping wait
[2024-11-03T17:27:13-0700] Saved TCP DL results to /data/data/com.termux/files/home/storage/shared/bos_la_2024_trip/verizon/20241103/172210911/tcp_downlink_172707472.out
[2024-11-03T17:27:13-0700] DL AVG TPUT: 
[2024-11-03T17:27:13-0700] 5G booster finished at 2024-11-03 17:27:13.554 MST, duration: 6.119 s
[2024-11-03T17:27:13-0700] -------------------------------
[2024-11-03T17:27:13-0700] Waiting for 2 s...
[2024-11-03T17:27:15-0700] -------------------------------
[2024-11-03T17:27:15-0700] TCP Ping test started at 2024-11-03 17:27:15.669 MST
[2024-11-03T17:27:46-0700] Current time exceeds end time, skipping wait
[2024-11-03T17:27:46-0700] Saved TCP Ping test to /data/data/com.termux/files/home/storage/shared/bos_la_2024_trip/verizon/20241103/172210911/tcp_ping_172715705.out
[2024-11-03T17:27:46-0700] TCP Ping summary (min/avg/max/mdev) 
[2024-11-03T17:27:46-0700] TCP Ping test finished at 2024-11-03 17:27:46.804 MST, duration: 31.135 s
[2024-11-03T17:27:46-0700] -------------------------------
[2024-11-03T17:27:46-0700] Waiting for 2 s...
[2024-11-03T17:27:48-0700] -------------------------------
[2024-11-03T17:27:48-0700] Traceroute test started at 2024-11-03 17:27:48.905 MST
[2024-11-03T17:27:50-0700] Waiting for 28.690 s to reach end time
[2024-11-03T17:28:18-0700] Saved traceroute test to /data/data/com.termux/files/home/storage/shared/bos_la_2024_trip/verizon/20241103/172210911/traceroute_172748937.out
[2024-11-03T17:28:18-0700] Traceroute summary (min/avg/max/mdev) 
[2024-11-03T17:28:19-0700] Traceroute test finished at 2024-11-03 17:28:18.964 MST, duration: 30.059 s
[2024-11-03T17:28:19-0700] -------------------------------
[2024-11-03T17:28:19-0700] All tests completed, cleaning up...
[2024-11-03T17:28:19-0700] -------------------------------
[2024-11-03T17:30:30-0700] [measurement] Load environment variables from prod.env file
[2024-11-03T17:30:30-0700] [measurement] Load operator-specific env from verizon.env file
[2024-11-03T17:30:30-0700] Starting a network measurement, please choose a server
[2024-11-03T17:30:30-0700] 0) West Cloud: 54.176.53.206
[2024-11-03T17:30:30-0700] 1) East Cloud: 54.197.223.49
[2024-11-03T17:30:30-0700] 2) Los Angeles Wavelength: 161.188.33.234
[2024-11-03T17:30:30-0700] 3) Las Vegas Wavelength: 155.146.118.158
[2024-11-03T17:30:30-0700] 4) Denver Wavelength: 155.146.144.24
[2024-11-03T17:30:30-0700] 5) Chicago Wavelength: 155.146.180.31
[2024-11-03T17:30:30-0700] 6) Boston Wavelength: 155.146.11.34
[2024-11-03T17:30:52-0700] Enter your choice (0-6): Testing verizon, server 0 (ip: 54.176.53.206, nuttcp_port: 5101, iperf_port: 5001)
[2024-11-03T17:30:52-0700] -------------------------------
[2024-11-03T17:30:52-0700] tcp downlink test started at 2024-11-03 17:30:52.227 MST
[2024-11-03T17:30:52-0700] Testing tcp downlink with 54.176.53.206:5101, interval 0.5 s, duration 120 s, timeout 121 s...
[2024-11-03T17:32:53-0700] Current time exceeds end time, skipping wait
[2024-11-03T17:32:53-0700] Saved tcp downlink test to /data/data/com.termux/files/home/storage/shared/bos_la_2024_trip/verizon/20241103/173052202/tcp_downlink_173052270.out
[2024-11-03T17:32:53-0700] DL AVG TPUT: 
[2024-11-03T17:32:53-0700] tcp downlink test finished at 2024-11-03 17:32:53.365 MST, duration: 121.138 s
[2024-11-03T17:32:53-0700] -------------------------------
[2024-11-03T17:32:53-0700] Waiting for 2 s...
[2024-11-03T17:32:55-0700] -------------------------------
[2024-11-03T17:32:55-0700] Starting 5G booster for 5 s...
[2024-11-03T17:32:55-0700] 5G booster started at 2024-11-03 17:32:55.536 MST
[2024-11-03T17:33:01-0700] Current time exceeds end time, skipping wait
[2024-11-03T17:33:01-0700] Saved TCP DL results to /data/data/com.termux/files/home/storage/shared/bos_la_2024_trip/verizon/20241103/173052202/tcp_downlink_173255569.out
[2024-11-03T17:33:01-0700] DL AVG TPUT: 
[2024-11-03T17:33:01-0700] 5G booster finished at 2024-11-03 17:33:01.657 MST, duration: 6.121 s
[2024-11-03T17:33:01-0700] -------------------------------
[2024-11-03T17:33:01-0700] Waiting for 2 s...
[2024-11-03T17:33:03-0700] -------------------------------
[2024-11-03T17:33:03-0700] tcp uplink test started at 2024-11-03 17:33:03.784 MST
[2024-11-03T17:33:03-0700] testing tcp uplink with 54.176.53.206:5101, interval 0.5, duration 120, timeout 121 ...
[2024-11-03T17:35:04-0700] Current time exceeds end time, skipping wait
[2024-11-03T17:35:04-0700] Saved uplink test to /data/data/com.termux/files/home/storage/shared/bos_la_2024_trip/verizon/20241103/173052202/tcp_uplink_173303838.out
[2024-11-03T17:35:04-0700] UL AVG TPUT: 
[2024-11-03T17:35:05-0700] tcp uplink test finished at 2024-11-03 17:35:04.933 MST, duration: 121.149 s
[2024-11-03T17:35:05-0700] -------------------------------
[2024-11-03T17:35:05-0700] Waiting for 2 s...
[2024-11-03T17:35:07-0700] -------------------------------
[2024-11-03T17:35:07-0700] Starting 5G booster for 5 s...
[2024-11-03T17:35:07-0700] 5G booster started at 2024-11-03 17:35:07.088 MST
[2024-11-03T17:35:13-0700] Current time exceeds end time, skipping wait
[2024-11-03T17:35:13-0700] Saved TCP DL results to /data/data/com.termux/files/home/storage/shared/bos_la_2024_trip/verizon/20241103/173052202/tcp_downlink_173507134.out
[2024-11-03T17:35:13-0700] DL AVG TPUT: 
[2024-11-03T17:35:13-0700] 5G booster finished at 2024-11-03 17:35:13.249 MST, duration: 6.161 s
[2024-11-03T17:35:13-0700] -------------------------------
[2024-11-03T17:35:13-0700] Waiting for 2 s...
[2024-11-03T17:35:15-0700] -------------------------------
[2024-11-03T17:35:15-0700] ICMP Ping test started at 2024-11-03 17:35:15.380 MST
[2024-11-03T17:35:45-0700] Waiting for .826 s to reach end time
[2024-11-03T17:35:46-0700] Saved ping test to /data/data/com.termux/files/home/storage/shared/bos_la_2024_trip/verizon/20241103/173052202/icmp_ping_173515443.out
[2024-11-03T17:35:46-0700] Ping summary (min/avg/max/mdev) = 43.976/63.515/308.344/29.011 ms
[2024-11-03T17:35:46-0700] Ping test finished at 2024-11-03 17:35:46.474 MST, duration: 31.094 s
[2024-11-03T17:35:46-0700] -------------------------------
[2024-11-03T17:35:46-0700] Waiting for 2 s...
[2024-11-03T17:35:48-0700] -------------------------------
[2024-11-03T17:35:48-0700] Starting 5G booster for 5 s...
[2024-11-03T17:35:48-0700] 5G booster started at 2024-11-03 17:35:48.636 MST
[2024-11-03T17:35:54-0700] Current time exceeds end time, skipping wait
[2024-11-03T17:35:54-0700] Saved TCP DL results to /data/data/com.termux/files/home/storage/shared/bos_la_2024_trip/verizon/20241103/173052202/tcp_downlink_173548681.out
[2024-11-03T17:35:54-0700] DL AVG TPUT: 
[2024-11-03T17:35:54-0700] 5G booster finished at 2024-11-03 17:35:54.781 MST, duration: 6.145 s
[2024-11-03T17:35:54-0700] -------------------------------
[2024-11-03T17:35:54-0700] Waiting for 2 s...
[2024-11-03T17:35:56-0700] -------------------------------
[2024-11-03T17:35:56-0700] TCP Ping test started at 2024-11-03 17:35:56.900 MST
[2024-11-03T17:36:28-0700] Current time exceeds end time, skipping wait
[2024-11-03T17:36:28-0700] Saved TCP Ping test to /data/data/com.termux/files/home/storage/shared/bos_la_2024_trip/verizon/20241103/173052202/tcp_ping_173556939.out
[2024-11-03T17:36:28-0700] TCP Ping summary (min/avg/max/mdev) 
[2024-11-03T17:36:28-0700] TCP Ping test finished at 2024-11-03 17:36:28.045 MST, duration: 31.145 s
[2024-11-03T17:36:28-0700] -------------------------------
[2024-11-03T17:36:28-0700] Waiting for 2 s...
[2024-11-03T17:36:30-0700] -------------------------------
[2024-11-03T17:36:30-0700] Traceroute test started at 2024-11-03 17:36:30.177 MST
[2024-11-03T17:36:31-0700] Waiting for 28.366 s to reach end time
[2024-11-03T17:37:00-0700] Saved traceroute test to /data/data/com.termux/files/home/storage/shared/bos_la_2024_trip/verizon/20241103/173052202/traceroute_173630206.out
[2024-11-03T17:37:00-0700] Traceroute summary (min/avg/max/mdev) 
[2024-11-03T17:37:00-0700] Traceroute test finished at 2024-11-03 17:37:00.272 MST, duration: 30.095 s
[2024-11-03T17:37:00-0700] -------------------------------
[2024-11-03T17:37:00-0700] All tests completed, cleaning up...
[2024-11-03T17:37:00-0700] -------------------------------
[2024-11-03T17:37:59-0700] [measurement] Load environment variables from prod.env file
[2024-11-03T17:37:59-0700] [measurement] Load operator-specific env from verizon.env file
[2024-11-03T17:37:59-0700] Starting a network measurement, please choose a server
[2024-11-03T17:37:59-0700] 0) West Cloud: 54.176.53.206
[2024-11-03T17:37:59-0700] 1) East Cloud: 54.197.223.49
[2024-11-03T17:37:59-0700] 2) Los Angeles Wavelength: 161.188.33.234
[2024-11-03T17:37:59-0700] 3) Las Vegas Wavelength: 155.146.118.158
[2024-11-03T17:37:59-0700] 4) Denver Wavelength: 155.146.144.24
[2024-11-03T17:37:59-0700] 5) Chicago Wavelength: 155.146.180.31
[2024-11-03T17:37:59-0700] 6) Boston Wavelength: 155.146.11.34
[2024-11-03T17:38:25-0700] Enter your choice (0-6): Testing verizon, server 0 (ip: 54.176.53.206, nuttcp_port: 5101, iperf_port: 5001)
[2024-11-03T17:38:26-0700] -------------------------------
[2024-11-03T17:38:26-0700] tcp downlink test started at 2024-11-03 17:38:26.032 MST
[2024-11-03T17:38:26-0700] Testing tcp downlink with 54.176.53.206:5101, interval 0.5 s, duration 120 s, timeout 121 s...
[2024-11-03T17:40:27-0700] Current time exceeds end time, skipping wait
[2024-11-03T17:40:27-0700] Saved tcp downlink test to /data/data/com.termux/files/home/storage/shared/bos_la_2024_trip/verizon/20241103/173826003/tcp_downlink_173826060.out
[2024-11-03T17:40:27-0700] DL AVG TPUT: 
[2024-11-03T17:40:27-0700] tcp downlink test finished at 2024-11-03 17:40:27.158 MST, duration: 121.126 s
[2024-11-03T17:40:27-0700] -------------------------------
[2024-11-03T17:40:27-0700] Waiting for 2 s...
[2024-11-03T17:40:29-0700] -------------------------------
[2024-11-03T17:40:29-0700] Starting 5G booster for 5 s...
[2024-11-03T17:40:29-0700] 5G booster started at 2024-11-03 17:40:29.278 MST
[2024-11-03T17:40:35-0700] Current time exceeds end time, skipping wait
[2024-11-03T17:40:35-0700] Saved TCP DL results to /data/data/com.termux/files/home/storage/shared/bos_la_2024_trip/verizon/20241103/173826003/tcp_downlink_174029311.out
[2024-11-03T17:40:35-0700] DL AVG TPUT: 
[2024-11-03T17:40:35-0700] 5G booster finished at 2024-11-03 17:40:35.427 MST, duration: 6.149 s
[2024-11-03T17:40:35-0700] -------------------------------
[2024-11-03T17:40:35-0700] Waiting for 2 s...
[2024-11-03T17:40:37-0700] -------------------------------
[2024-11-03T17:40:37-0700] tcp uplink test started at 2024-11-03 17:40:37.567 MST
[2024-11-03T17:40:37-0700] testing tcp uplink with 54.176.53.206:5101, interval 0.5, duration 120, timeout 121 ...
[2024-11-03T17:42:38-0700] Current time exceeds end time, skipping wait
[2024-11-03T17:42:38-0700] Saved uplink test to /data/data/com.termux/files/home/storage/shared/bos_la_2024_trip/verizon/20241103/173826003/tcp_uplink_174037623.out
[2024-11-03T17:42:38-0700] UL AVG TPUT: 
[2024-11-03T17:42:38-0700] tcp uplink test finished at 2024-11-03 17:42:38.735 MST, duration: 121.168 s
[2024-11-03T17:42:38-0700] -------------------------------
[2024-11-03T17:42:38-0700] Waiting for 2 s...
[2024-11-03T17:42:40-0700] -------------------------------
[2024-11-03T17:42:40-0700] Starting 5G booster for 5 s...
[2024-11-03T17:42:40-0700] 5G booster started at 2024-11-03 17:42:40.879 MST
[2024-11-03T17:42:47-0700] Current time exceeds end time, skipping wait
[2024-11-03T17:42:47-0700] Saved TCP DL results to /data/data/com.termux/files/home/storage/shared/bos_la_2024_trip/verizon/20241103/173826003/tcp_downlink_174240937.out
[2024-11-03T17:42:47-0700] DL AVG TPUT: 
[2024-11-03T17:42:47-0700] 5G booster finished at 2024-11-03 17:42:47.034 MST, duration: 6.155 s
[2024-11-03T17:42:47-0700] -------------------------------
[2024-11-03T17:42:47-0700] Waiting for 2 s...
[2024-11-03T17:42:49-0700] -------------------------------
[2024-11-03T17:42:49-0700] ICMP Ping test started at 2024-11-03 17:42:49.182 MST
[2024-11-03T17:43:19-0700] Waiting for .910 s to reach end time
[2024-11-03T17:43:20-0700] Saved ping test to /data/data/com.termux/files/home/storage/shared/bos_la_2024_trip/verizon/20241103/173826003/icmp_ping_174249215.out
[2024-11-03T17:43:20-0700] Ping summary (min/avg/max/mdev) = 39.697/82.237/947.314/104.542 ms
[2024-11-03T17:43:20-0700] Ping test finished at 2024-11-03 17:43:20.270 MST, duration: 31.088 s
[2024-11-03T17:43:20-0700] -------------------------------
[2024-11-03T17:43:20-0700] Waiting for 2 s...
[2024-11-03T17:43:22-0700] -------------------------------
[2024-11-03T17:43:22-0700] Starting 5G booster for 5 s...
[2024-11-03T17:43:22-0700] 5G booster started at 2024-11-03 17:43:22.432 MST
[2024-11-03T17:43:28-0700] Current time exceeds end time, skipping wait
[2024-11-03T17:43:28-0700] Saved TCP DL results to /data/data/com.termux/files/home/storage/shared/bos_la_2024_trip/verizon/20241103/173826003/tcp_downlink_174322490.out
[2024-11-03T17:43:28-0700] DL AVG TPUT: 
[2024-11-03T17:43:28-0700] 5G booster finished at 2024-11-03 17:43:28.589 MST, duration: 6.157 s
[2024-11-03T17:43:28-0700] -------------------------------
[2024-11-03T17:43:28-0700] Waiting for 2 s...
[2024-11-03T17:43:30-0700] -------------------------------
[2024-11-03T17:43:30-0700] TCP Ping test started at 2024-11-03 17:43:30.740 MST
[2024-11-03T17:44:01-0700] Current time exceeds end time, skipping wait
[2024-11-03T17:44:01-0700] Saved TCP Ping test to /data/data/com.termux/files/home/storage/shared/bos_la_2024_trip/verizon/20241103/173826003/tcp_ping_174330771.out
[2024-11-03T17:44:01-0700] TCP Ping summary (min/avg/max/mdev) 
[2024-11-03T17:44:01-0700] TCP Ping test finished at 2024-11-03 17:44:01.876 MST, duration: 31.136 s
[2024-11-03T17:44:01-0700] -------------------------------
[2024-11-03T17:44:01-0700] Waiting for 2 s...
[2024-11-03T17:44:03-0700] -------------------------------
[2024-11-03T17:44:04-0700] Traceroute test started at 2024-11-03 17:44:04.015 MST
[2024-11-03T17:44:05-0700] Waiting for 28.151 s to reach end time
[2024-11-03T17:44:34-0700] Saved traceroute test to /data/data/com.termux/files/home/storage/shared/bos_la_2024_trip/verizon/20241103/173826003/traceroute_174404070.out
[2024-11-03T17:44:34-0700] Traceroute summary (min/avg/max/mdev) 
[2024-11-03T17:44:34-0700] Traceroute test finished at 2024-11-03 17:44:34.119 MST, duration: 30.104 s
[2024-11-03T17:44:34-0700] -------------------------------
[2024-11-03T17:44:34-0700] All tests completed, cleaning up...
[2024-11-03T17:44:34-0700] -------------------------------
[2024-11-03T17:45:18-0700] [measurement] Load environment variables from prod.env file
[2024-11-03T17:45:18-0700] [measurement] Load operator-specific env from verizon.env file
[2024-11-03T17:45:18-0700] Starting a network measurement, please choose a server
[2024-11-03T17:45:18-0700] 0) West Cloud: 54.176.53.206
[2024-11-03T17:45:18-0700] 1) East Cloud: 54.197.223.49
[2024-11-03T17:45:18-0700] 2) Los Angeles Wavelength: 161.188.33.234
[2024-11-03T17:45:18-0700] 3) Las Vegas Wavelength: 155.146.118.158
[2024-11-03T17:45:18-0700] 4) Denver Wavelength: 155.146.144.24
[2024-11-03T17:45:18-0700] 5) Chicago Wavelength: 155.146.180.31
[2024-11-03T17:45:18-0700] 6) Boston Wavelength: 155.146.11.34
[2024-11-03T17:45:38-0700] Enter your choice (0-6): Testing verizon, server 0 (ip: 54.176.53.206, nuttcp_port: 5101, iperf_port: 5001)
[2024-11-03T17:45:39-0700] -------------------------------
[2024-11-03T17:45:39-0700] tcp downlink test started at 2024-11-03 17:45:39.038 MST
[2024-11-03T17:45:39-0700] Testing tcp downlink with 54.176.53.206:5101, interval 0.5 s, duration 120 s, timeout 121 s...
[2024-11-03T17:47:40-0700] Current time exceeds end time, skipping wait
[2024-11-03T17:47:40-0700] Saved tcp downlink test to /data/data/com.termux/files/home/storage/shared/bos_la_2024_trip/verizon/20241103/174539021/tcp_downlink_174539059.out
[2024-11-03T17:47:40-0700] DL AVG TPUT: 
[2024-11-03T17:47:40-0700] tcp downlink test finished at 2024-11-03 17:47:40.172 MST, duration: 121.134 s
[2024-11-03T17:47:40-0700] -------------------------------
[2024-11-03T17:47:40-0700] Waiting for 2 s...
[2024-11-03T17:47:42-0700] -------------------------------
[2024-11-03T17:47:42-0700] Starting 5G booster for 5 s...
[2024-11-03T17:47:42-0700] 5G booster started at 2024-11-03 17:47:42.335 MST
[2024-11-03T17:47:48-0700] Current time exceeds end time, skipping wait
[2024-11-03T17:47:48-0700] Saved TCP DL results to /data/data/com.termux/files/home/storage/shared/bos_la_2024_trip/verizon/20241103/174539021/tcp_downlink_174742392.out
[2024-11-03T17:47:48-0700] DL AVG TPUT: 
[2024-11-03T17:47:48-0700] 5G booster finished at 2024-11-03 17:47:48.481 MST, duration: 6.146 s
[2024-11-03T17:47:48-0700] -------------------------------
[2024-11-03T17:47:48-0700] Waiting for 2 s...
[2024-11-03T17:47:50-0700] -------------------------------
[2024-11-03T17:47:50-0700] tcp uplink test started at 2024-11-03 17:47:50.614 MST
[2024-11-03T17:47:50-0700] testing tcp uplink with 54.176.53.206:5101, interval 0.5, duration 120, timeout 121 ...
[2024-11-03T17:49:51-0700] Current time exceeds end time, skipping wait
[2024-11-03T17:49:51-0700] Saved uplink test to /data/data/com.termux/files/home/storage/shared/bos_la_2024_trip/verizon/20241103/174539021/tcp_uplink_174750658.out
[2024-11-03T17:49:51-0700] UL AVG TPUT: 
[2024-11-03T17:49:51-0700] tcp uplink test finished at 2024-11-03 17:49:51.771 MST, duration: 121.157 s
[2024-11-03T17:49:51-0700] -------------------------------
[2024-11-03T17:49:51-0700] Waiting for 2 s...
[2024-11-03T17:49:53-0700] -------------------------------
[2024-11-03T17:49:53-0700] Starting 5G booster for 5 s...
[2024-11-03T17:49:53-0700] 5G booster started at 2024-11-03 17:49:53.948 MST
[2024-11-03T17:50:00-0700] Current time exceeds end time, skipping wait
[2024-11-03T17:50:00-0700] Saved TCP DL results to /data/data/com.termux/files/home/storage/shared/bos_la_2024_trip/verizon/20241103/174539021/tcp_downlink_174953980.out
[2024-11-03T17:50:00-0700] DL AVG TPUT: 
[2024-11-03T17:50:00-0700] 5G booster finished at 2024-11-03 17:50:00.070 MST, duration: 6.122 s
[2024-11-03T17:50:00-0700] -------------------------------
[2024-11-03T17:50:00-0700] Waiting for 2 s...
[2024-11-03T17:50:02-0700] -------------------------------
[2024-11-03T17:50:02-0700] ICMP Ping test started at 2024-11-03 17:50:02.192 MST
[2024-11-03T17:50:32-0700] Waiting for .858 s to reach end time
[2024-11-03T17:50:33-0700] Saved ping test to /data/data/com.termux/files/home/storage/shared/bos_la_2024_trip/verizon/20241103/174539021/icmp_ping_175002245.out
[2024-11-03T17:50:33-0700] Ping summary (min/avg/max/mdev) = 46.812/61.465/88.582/7.578 ms
[2024-11-03T17:50:33-0700] Ping test finished at 2024-11-03 17:50:33.303 MST, duration: 31.111 s
[2024-11-03T17:50:33-0700] -------------------------------
[2024-11-03T17:50:33-0700] Waiting for 2 s...
[2024-11-03T17:50:35-0700] -------------------------------
[2024-11-03T17:50:35-0700] Starting 5G booster for 5 s...
[2024-11-03T17:50:35-0700] 5G booster started at 2024-11-03 17:50:35.424 MST
[2024-11-03T17:50:41-0700] Current time exceeds end time, skipping wait
[2024-11-03T17:50:41-0700] Saved TCP DL results to /data/data/com.termux/files/home/storage/shared/bos_la_2024_trip/verizon/20241103/174539021/tcp_downlink_175035477.out
[2024-11-03T17:50:41-0700] DL AVG TPUT: 
[2024-11-03T17:50:41-0700] 5G booster finished at 2024-11-03 17:50:41.555 MST, duration: 6.131 s
[2024-11-03T17:50:41-0700] -------------------------------
[2024-11-03T17:50:41-0700] Waiting for 2 s...
[2024-11-03T17:50:43-0700] -------------------------------
[2024-11-03T17:50:43-0700] TCP Ping test started at 2024-11-03 17:50:43.690 MST
[2024-11-03T17:51:14-0700] Current time exceeds end time, skipping wait
[2024-11-03T17:51:14-0700] Saved TCP Ping test to /data/data/com.termux/files/home/storage/shared/bos_la_2024_trip/verizon/20241103/174539021/tcp_ping_175043722.out
[2024-11-03T17:51:14-0700] TCP Ping summary (min/avg/max/mdev) 
[2024-11-03T17:51:14-0700] TCP Ping test finished at 2024-11-03 17:51:14.849 MST, duration: 31.159 s
[2024-11-03T17:51:14-0700] -------------------------------
[2024-11-03T17:51:14-0700] Waiting for 2 s...
[2024-11-03T17:51:16-0700] -------------------------------
[2024-11-03T17:51:16-0700] Traceroute test started at 2024-11-03 17:51:16.965 MST
[2024-11-03T17:51:18-0700] Waiting for 28.851 s to reach end time
[2024-11-03T17:51:47-0700] Saved traceroute test to /data/data/com.termux/files/home/storage/shared/bos_la_2024_trip/verizon/20241103/174539021/traceroute_175116992.out
[2024-11-03T17:51:47-0700] Traceroute summary (min/avg/max/mdev) 
[2024-11-03T17:51:47-0700] Traceroute test finished at 2024-11-03 17:51:47.094 MST, duration: 30.129 s
[2024-11-03T17:51:47-0700] -------------------------------
[2024-11-03T17:51:47-0700] All tests completed, cleaning up...
[2024-11-03T17:51:47-0700] -------------------------------
[2024-11-03T17:52:15-0700] [measurement] Load environment variables from prod.env file
[2024-11-03T17:52:15-0700] [measurement] Load operator-specific env from verizon.env file
[2024-11-03T17:52:15-0700] Starting a network measurement, please choose a server
[2024-11-03T17:52:15-0700] 0) West Cloud: 54.176.53.206
[2024-11-03T17:52:15-0700] 1) East Cloud: 54.197.223.49
[2024-11-03T17:52:15-0700] 2) Los Angeles Wavelength: 161.188.33.234
[2024-11-03T17:52:15-0700] 3) Las Vegas Wavelength: 155.146.118.158
[2024-11-03T17:52:15-0700] 4) Denver Wavelength: 155.146.144.24
[2024-11-03T17:52:15-0700] 5) Chicago Wavelength: 155.146.180.31
[2024-11-03T17:52:15-0700] 6) Boston Wavelength: 155.146.11.34
[2024-11-03T17:52:35-0700] Enter your choice (0-6): Testing verizon, server 0 (ip: 54.176.53.206, nuttcp_port: 5101, iperf_port: 5001)
[2024-11-03T17:52:35-0700] -------------------------------
[2024-11-03T17:52:35-0700] tcp downlink test started at 2024-11-03 17:52:35.359 MST
[2024-11-03T17:52:35-0700] Testing tcp downlink with 54.176.53.206:5101, interval 0.5 s, duration 120 s, timeout 121 s...
[2024-11-03T17:54:36-0700] Current time exceeds end time, skipping wait
[2024-11-03T17:54:36-0700] Saved tcp downlink test to /data/data/com.termux/files/home/storage/shared/bos_la_2024_trip/verizon/20241103/175235333/tcp_downlink_175235400.out
[2024-11-03T17:54:36-0700] DL AVG TPUT: 
[2024-11-03T17:54:36-0700] tcp downlink test finished at 2024-11-03 17:54:36.500 MST, duration: 121.141 s
[2024-11-03T17:54:36-0700] -------------------------------
[2024-11-03T17:54:36-0700] Waiting for 2 s...
[2024-11-03T17:54:38-0700] -------------------------------
[2024-11-03T17:54:38-0700] Starting 5G booster for 5 s...
[2024-11-03T17:54:38-0700] 5G booster started at 2024-11-03 17:54:38.641 MST
[2024-11-03T17:54:44-0700] Current time exceeds end time, skipping wait
[2024-11-03T17:54:44-0700] Saved TCP DL results to /data/data/com.termux/files/home/storage/shared/bos_la_2024_trip/verizon/20241103/175235333/tcp_downlink_175438684.out
[2024-11-03T17:54:44-0700] DL AVG TPUT: 
[2024-11-03T17:54:44-0700] 5G booster finished at 2024-11-03 17:54:44.791 MST, duration: 6.150 s
[2024-11-03T17:54:44-0700] -------------------------------
[2024-11-03T17:54:44-0700] Waiting for 2 s...
[2024-11-03T17:54:46-0700] -------------------------------
[2024-11-03T17:54:46-0700] tcp uplink test started at 2024-11-03 17:54:46.895 MST
[2024-11-03T17:54:46-0700] testing tcp uplink with 54.176.53.206:5101, interval 0.5, duration 120, timeout 121 ...
[2024-11-03T17:56:48-0700] Current time exceeds end time, skipping wait
[2024-11-03T17:56:48-0700] Saved uplink test to /data/data/com.termux/files/home/storage/shared/bos_la_2024_trip/verizon/20241103/175235333/tcp_uplink_175446929.out
[2024-11-03T17:56:48-0700] UL AVG TPUT: 
[2024-11-03T17:56:48-0700] tcp uplink test finished at 2024-11-03 17:56:48.044 MST, duration: 121.149 s
[2024-11-03T17:56:48-0700] -------------------------------
[2024-11-03T17:56:48-0700] Waiting for 2 s...
[2024-11-03T17:56:50-0700] -------------------------------
[2024-11-03T17:56:50-0700] Starting 5G booster for 5 s...
[2024-11-03T17:56:50-0700] 5G booster started at 2024-11-03 17:56:50.223 MST
[2024-11-03T17:56:56-0700] Current time exceeds end time, skipping wait
[2024-11-03T17:56:56-0700] Saved TCP DL results to /data/data/com.termux/files/home/storage/shared/bos_la_2024_trip/verizon/20241103/175235333/tcp_downlink_175650264.out
[2024-11-03T17:56:56-0700] DL AVG TPUT: 
[2024-11-03T17:56:56-0700] 5G booster finished at 2024-11-03 17:56:56.339 MST, duration: 6.116 s
[2024-11-03T17:56:56-0700] -------------------------------
[2024-11-03T17:56:56-0700] Waiting for 2 s...
[2024-11-03T17:56:58-0700] -------------------------------
[2024-11-03T17:56:58-0700] ICMP Ping test started at 2024-11-03 17:56:58.482 MST
[2024-11-03T17:57:28-0700] Waiting for .887 s to reach end time
[2024-11-03T17:57:29-0700] Saved ping test to /data/data/com.termux/files/home/storage/shared/bos_la_2024_trip/verizon/20241103/175235333/icmp_ping_175658518.out
[2024-11-03T17:57:29-0700] Ping summary (min/avg/max/mdev) = 36.956/60.368/207.530/18.333 ms
[2024-11-03T17:57:29-0700] Ping test finished at 2024-11-03 17:57:29.567 MST, duration: 31.085 s
[2024-11-03T17:57:29-0700] -------------------------------
[2024-11-03T17:57:29-0700] Waiting for 2 s...
[2024-11-03T17:57:31-0700] -------------------------------
[2024-11-03T17:57:31-0700] Starting 5G booster for 5 s...
[2024-11-03T17:57:31-0700] 5G booster started at 2024-11-03 17:57:31.703 MST
[2024-11-03T17:57:37-0700] Current time exceeds end time, skipping wait
[2024-11-03T17:57:37-0700] Saved TCP DL results to /data/data/com.termux/files/home/storage/shared/bos_la_2024_trip/verizon/20241103/175235333/tcp_downlink_175731760.out
[2024-11-03T17:57:37-0700] DL AVG TPUT: 
[2024-11-03T17:57:37-0700] 5G booster finished at 2024-11-03 17:57:37.851 MST, duration: 6.148 s
[2024-11-03T17:57:37-0700] -------------------------------
[2024-11-03T17:57:37-0700] Waiting for 2 s...
[2024-11-03T17:57:39-0700] -------------------------------
[2024-11-03T17:57:39-0700] TCP Ping test started at 2024-11-03 17:57:39.950 MST
[2024-11-03T17:58:11-0700] Current time exceeds end time, skipping wait
[2024-11-03T17:58:11-0700] Saved TCP Ping test to /data/data/com.termux/files/home/storage/shared/bos_la_2024_trip/verizon/20241103/175235333/tcp_ping_175739982.out
[2024-11-03T17:58:11-0700] TCP Ping summary (min/avg/max/mdev) 
[2024-11-03T17:58:11-0700] TCP Ping test finished at 2024-11-03 17:58:11.094 MST, duration: 31.144 s
[2024-11-03T17:58:11-0700] -------------------------------
[2024-11-03T17:58:11-0700] Waiting for 2 s...
[2024-11-03T17:58:13-0700] -------------------------------
[2024-11-03T17:58:13-0700] Traceroute test started at 2024-11-03 17:58:13.232 MST
[2024-11-03T17:58:14-0700] Waiting for 28.607 s to reach end time
[2024-11-03T17:58:43-0700] Saved traceroute test to /data/data/com.termux/files/home/storage/shared/bos_la_2024_trip/verizon/20241103/175235333/traceroute_175813264.out
[2024-11-03T17:58:43-0700] Traceroute summary (min/avg/max/mdev) 
[2024-11-03T17:58:43-0700] Traceroute test finished at 2024-11-03 17:58:43.311 MST, duration: 30.079 s
[2024-11-03T17:58:43-0700] -------------------------------
[2024-11-03T17:58:43-0700] All tests completed, cleaning up...
[2024-11-03T17:58:43-0700] -------------------------------
[2024-11-03T17:59:24-0700] [measurement] Load environment variables from prod.env file
[2024-11-03T17:59:24-0700] [measurement] Load operator-specific env from verizon.env file
[2024-11-03T17:59:24-0700] Starting a network measurement, please choose a server
[2024-11-03T17:59:24-0700] 0) West Cloud: 54.176.53.206
[2024-11-03T17:59:24-0700] 1) East Cloud: 54.197.223.49
[2024-11-03T17:59:24-0700] 2) Los Angeles Wavelength: 161.188.33.234
[2024-11-03T17:59:24-0700] 3) Las Vegas Wavelength: 155.146.118.158
[2024-11-03T17:59:24-0700] 4) Denver Wavelength: 155.146.144.24
[2024-11-03T17:59:24-0700] 5) Chicago Wavelength: 155.146.180.31
[2024-11-03T17:59:24-0700] 6) Boston Wavelength: 155.146.11.34
[2024-11-03T18:00:03-0700] Enter your choice (0-6): Testing verizon, server 4 (ip: 155.146.144.24, nuttcp_port: 5101, iperf_port: 5001)
[2024-11-03T18:00:03-0700] -------------------------------
[2024-11-03T18:00:03-0700] tcp downlink test started at 2024-11-03 18:00:03.796 MST
[2024-11-03T18:00:03-0700] Testing tcp downlink with 155.146.144.24:5101, interval 0.5 s, duration 120 s, timeout 121 s...
[2024-11-03T18:02:04-0700] Current time exceeds end time, skipping wait
[2024-11-03T18:02:04-0700] Saved tcp downlink test to /data/data/com.termux/files/home/storage/shared/bos_la_2024_trip/verizon/20241103/180003778/tcp_downlink_180003824.out
[2024-11-03T18:02:04-0700] DL AVG TPUT: 
[2024-11-03T18:02:05-0700] tcp downlink test finished at 2024-11-03 18:02:04.943 MST, duration: 121.147 s
[2024-11-03T18:02:05-0700] -------------------------------
[2024-11-03T18:02:05-0700] Waiting for 2 s...
[2024-11-03T18:02:07-0700] -------------------------------
[2024-11-03T18:02:07-0700] Starting 5G booster for 5 s...
[2024-11-03T18:02:07-0700] 5G booster started at 2024-11-03 18:02:07.072 MST
[2024-11-03T18:02:13-0700] Current time exceeds end time, skipping wait
[2024-11-03T18:02:13-0700] Saved TCP DL results to /data/data/com.termux/files/home/storage/shared/bos_la_2024_trip/verizon/20241103/180003778/tcp_downlink_180207114.out
[2024-11-03T18:02:13-0700] DL AVG TPUT: 
[2024-11-03T18:02:13-0700] 5G booster finished at 2024-11-03 18:02:13.229 MST, duration: 6.157 s
[2024-11-03T18:02:13-0700] -------------------------------
[2024-11-03T18:02:13-0700] Waiting for 2 s...
[2024-11-03T18:02:15-0700] -------------------------------
[2024-11-03T18:02:15-0700] tcp uplink test started at 2024-11-03 18:02:15.392 MST
[2024-11-03T18:02:15-0700] testing tcp uplink with 155.146.144.24:5101, interval 0.5, duration 120, timeout 121 ...
[2024-11-03T18:04:16-0700] Current time exceeds end time, skipping wait
[2024-11-03T18:04:16-0700] Saved uplink test to /data/data/com.termux/files/home/storage/shared/bos_la_2024_trip/verizon/20241103/180003778/tcp_uplink_180215436.out
[2024-11-03T18:04:16-0700] UL AVG TPUT: 
[2024-11-03T18:04:16-0700] tcp uplink test finished at 2024-11-03 18:04:16.536 MST, duration: 121.144 s
[2024-11-03T18:04:16-0700] -------------------------------
[2024-11-03T18:04:16-0700] Waiting for 2 s...
[2024-11-03T18:04:18-0700] -------------------------------
[2024-11-03T18:04:18-0700] Starting 5G booster for 5 s...
[2024-11-03T18:04:18-0700] 5G booster started at 2024-11-03 18:04:18.702 MST
[2024-11-03T18:04:24-0700] Current time exceeds end time, skipping wait
[2024-11-03T18:04:24-0700] Saved TCP DL results to /data/data/com.termux/files/home/storage/shared/bos_la_2024_trip/verizon/20241103/180003778/tcp_downlink_180418745.out
[2024-11-03T18:04:24-0700] DL AVG TPUT: 
[2024-11-03T18:04:24-0700] 5G booster finished at 2024-11-03 18:04:24.838 MST, duration: 6.136 s
[2024-11-03T18:04:24-0700] -------------------------------
[2024-11-03T18:04:24-0700] Waiting for 2 s...
[2024-11-03T18:04:26-0700] -------------------------------
[2024-11-03T18:04:27-0700] ICMP Ping test started at 2024-11-03 18:04:26.994 MST
[2024-11-03T18:04:57-0700] Waiting for .872 s to reach end time
[2024-11-03T18:04:58-0700] Saved ping test to /data/data/com.termux/files/home/storage/shared/bos_la_2024_trip/verizon/20241103/180003778/icmp_ping_180427037.out
[2024-11-03T18:04:58-0700] Ping summary (min/avg/max/mdev) = 15.400/30.665/66.737/7.315 ms
[2024-11-03T18:04:58-0700] Ping test finished at 2024-11-03 18:04:58.097 MST, duration: 31.103 s
[2024-11-03T18:04:58-0700] -------------------------------
[2024-11-03T18:04:58-0700] Waiting for 2 s...
[2024-11-03T18:05:00-0700] -------------------------------
[2024-11-03T18:05:00-0700] Starting 5G booster for 5 s...
[2024-11-03T18:05:00-0700] 5G booster started at 2024-11-03 18:05:00.228 MST
[2024-11-03T18:05:06-0700] Current time exceeds end time, skipping wait
[2024-11-03T18:05:06-0700] Saved TCP DL results to /data/data/com.termux/files/home/storage/shared/bos_la_2024_trip/verizon/20241103/180003778/tcp_downlink_180500263.out
[2024-11-03T18:05:06-0700] DL AVG TPUT: 
[2024-11-03T18:05:06-0700] 5G booster finished at 2024-11-03 18:05:06.359 MST, duration: 6.131 s
[2024-11-03T18:05:06-0700] -------------------------------
[2024-11-03T18:05:06-0700] Waiting for 2 s...
[2024-11-03T18:05:08-0700] -------------------------------
[2024-11-03T18:05:08-0700] TCP Ping test started at 2024-11-03 18:05:08.466 MST
[2024-11-03T18:05:39-0700] Current time exceeds end time, skipping wait
[2024-11-03T18:05:39-0700] Saved TCP Ping test to /data/data/com.termux/files/home/storage/shared/bos_la_2024_trip/verizon/20241103/180003778/tcp_ping_180508509.out
[2024-11-03T18:05:39-0700] TCP Ping summary (min/avg/max/mdev) 
[2024-11-03T18:05:39-0700] TCP Ping test finished at 2024-11-03 18:05:39.604 MST, duration: 31.138 s
[2024-11-03T18:05:39-0700] -------------------------------
[2024-11-03T18:05:39-0700] Waiting for 2 s...
[2024-11-03T18:05:41-0700] -------------------------------
[2024-11-03T18:05:41-0700] Traceroute test started at 2024-11-03 18:05:41.747 MST
[2024-11-03T18:05:42-0700] Waiting for 29.254 s to reach end time
[2024-11-03T18:06:11-0700] Saved traceroute test to /data/data/com.termux/files/home/storage/shared/bos_la_2024_trip/verizon/20241103/180003778/traceroute_180541777.out
[2024-11-03T18:06:11-0700] Traceroute summary (min/avg/max/mdev) 
[2024-11-03T18:06:11-0700] Traceroute test finished at 2024-11-03 18:06:11.839 MST, duration: 30.092 s
[2024-11-03T18:06:11-0700] -------------------------------
[2024-11-03T18:06:11-0700] All tests completed, cleaning up...
[2024-11-03T18:06:11-0700] -------------------------------
[2024-11-03T18:07:28-0700] [measurement] Load environment variables from prod.env file
[2024-11-03T18:07:28-0700] [measurement] Load operator-specific env from verizon.env file
[2024-11-03T18:07:28-0700] Starting a network measurement, please choose a server
[2024-11-03T18:07:28-0700] 0) West Cloud: 54.176.53.206
[2024-11-03T18:07:28-0700] 1) East Cloud: 54.197.223.49
[2024-11-03T18:07:28-0700] 2) Los Angeles Wavelength: 161.188.33.234
[2024-11-03T18:07:28-0700] 3) Las Vegas Wavelength: 155.146.118.158
[2024-11-03T18:07:28-0700] 4) Denver Wavelength: 155.146.144.24
[2024-11-03T18:07:28-0700] 5) Chicago Wavelength: 155.146.180.31
[2024-11-03T18:07:28-0700] 6) Boston Wavelength: 155.146.11.34
[2024-11-03T18:07:40-0700] Enter your choice (0-6): Testing verizon, server 4 (ip: 155.146.144.24, nuttcp_port: 5101, iperf_port: 5001)
[2024-11-03T18:07:40-0700] -------------------------------
[2024-11-03T18:07:40-0700] tcp downlink test started at 2024-11-03 18:07:40.810 MST
[2024-11-03T18:07:40-0700] Testing tcp downlink with 155.146.144.24:5101, interval 0.5 s, duration 120 s, timeout 121 s...
[2024-11-03T18:09:41-0700] Current time exceeds end time, skipping wait
[2024-11-03T18:09:41-0700] Saved tcp downlink test to /data/data/com.termux/files/home/storage/shared/bos_la_2024_trip/verizon/20241103/180740786/tcp_downlink_180740840.out
[2024-11-03T18:09:41-0700] DL AVG TPUT: 
[2024-11-03T18:09:42-0700] tcp downlink test finished at 2024-11-03 18:09:41.944 MST, duration: 121.134 s
[2024-11-03T18:09:42-0700] -------------------------------
[2024-11-03T18:09:42-0700] Waiting for 2 s...
[2024-11-03T18:09:44-0700] -------------------------------
[2024-11-03T18:09:44-0700] Starting 5G booster for 5 s...
[2024-11-03T18:09:44-0700] 5G booster started at 2024-11-03 18:09:44.097 MST
[2024-11-03T18:09:50-0700] Current time exceeds end time, skipping wait
[2024-11-03T18:09:50-0700] Saved TCP DL results to /data/data/com.termux/files/home/storage/shared/bos_la_2024_trip/verizon/20241103/180740786/tcp_downlink_180944138.out
[2024-11-03T18:09:50-0700] DL AVG TPUT: 
[2024-11-03T18:09:50-0700] 5G booster finished at 2024-11-03 18:09:50.252 MST, duration: 6.155 s
[2024-11-03T18:09:50-0700] -------------------------------
[2024-11-03T18:09:50-0700] Waiting for 2 s...
[2024-11-03T18:09:52-0700] -------------------------------
[2024-11-03T18:09:52-0700] tcp uplink test started at 2024-11-03 18:09:52.368 MST
[2024-11-03T18:09:52-0700] testing tcp uplink with 155.146.144.24:5101, interval 0.5, duration 120, timeout 121 ...
[2024-11-03T18:11:53-0700] Current time exceeds end time, skipping wait
[2024-11-03T18:11:53-0700] Saved uplink test to /data/data/com.termux/files/home/storage/shared/bos_la_2024_trip/verizon/20241103/180740786/tcp_uplink_180952403.out
[2024-11-03T18:11:53-0700] UL AVG TPUT: 
[2024-11-03T18:11:53-0700] tcp uplink test finished at 2024-11-03 18:11:53.540 MST, duration: 121.172 s
[2024-11-03T18:11:53-0700] -------------------------------
[2024-11-03T18:11:53-0700] Waiting for 2 s...
[2024-11-03T18:11:55-0700] -------------------------------
[2024-11-03T18:11:55-0700] Starting 5G booster for 5 s...
[2024-11-03T18:11:55-0700] 5G booster started at 2024-11-03 18:11:55.688 MST
[2024-11-03T18:12:01-0700] Current time exceeds end time, skipping wait
[2024-11-03T18:12:01-0700] Saved TCP DL results to /data/data/com.termux/files/home/storage/shared/bos_la_2024_trip/verizon/20241103/180740786/tcp_downlink_181155733.out
[2024-11-03T18:12:01-0700] DL AVG TPUT: 
[2024-11-03T18:12:01-0700] 5G booster finished at 2024-11-03 18:12:01.809 MST, duration: 6.121 s
[2024-11-03T18:12:01-0700] -------------------------------
[2024-11-03T18:12:01-0700] Waiting for 2 s...
[2024-11-03T18:12:03-0700] -------------------------------
[2024-11-03T18:12:03-0700] ICMP Ping test started at 2024-11-03 18:12:03.950 MST
[2024-11-03T18:12:34-0700] Waiting for .876 s to reach end time
[2024-11-03T18:12:35-0700] Saved ping test to /data/data/com.termux/files/home/storage/shared/bos_la_2024_trip/verizon/20241103/180740786/icmp_ping_181203985.out
[2024-11-03T18:12:35-0700] Ping summary (min/avg/max/mdev) = 14.672/30.759/73.219/7.288 ms
[2024-11-03T18:12:35-0700] Ping test finished at 2024-11-03 18:12:35.078 MST, duration: 31.128 s
[2024-11-03T18:12:35-0700] -------------------------------
[2024-11-03T18:12:35-0700] Waiting for 2 s...
[2024-11-03T18:12:37-0700] -------------------------------
[2024-11-03T18:12:37-0700] Starting 5G booster for 5 s...
[2024-11-03T18:12:37-0700] 5G booster started at 2024-11-03 18:12:37.235 MST
[2024-11-03T18:12:43-0700] Current time exceeds end time, skipping wait
[2024-11-03T18:12:43-0700] Saved TCP DL results to /data/data/com.termux/files/home/storage/shared/bos_la_2024_trip/verizon/20241103/180740786/tcp_downlink_181237273.out
[2024-11-03T18:12:43-0700] DL AVG TPUT: 
[2024-11-03T18:12:43-0700] 5G booster finished at 2024-11-03 18:12:43.354 MST, duration: 6.119 s
[2024-11-03T18:12:43-0700] -------------------------------
[2024-11-03T18:12:43-0700] Waiting for 2 s...
[2024-11-03T18:12:45-0700] -------------------------------
[2024-11-03T18:12:45-0700] TCP Ping test started at 2024-11-03 18:12:45.497 MST
[2024-11-03T18:13:16-0700] Current time exceeds end time, skipping wait
[2024-11-03T18:13:16-0700] Saved TCP Ping test to /data/data/com.termux/files/home/storage/shared/bos_la_2024_trip/verizon/20241103/180740786/tcp_ping_181245572.out
[2024-11-03T18:13:16-0700] TCP Ping summary (min/avg/max/mdev) 
[2024-11-03T18:13:16-0700] TCP Ping test finished at 2024-11-03 18:13:16.676 MST, duration: 31.179 s
[2024-11-03T18:13:16-0700] -------------------------------
[2024-11-03T18:13:16-0700] Waiting for 2 s...
[2024-11-03T18:13:18-0700] -------------------------------
[2024-11-03T18:13:18-0700] Traceroute test started at 2024-11-03 18:13:18.757 MST
[2024-11-03T18:13:19-0700] Waiting for 29.421 s to reach end time
[2024-11-03T18:13:48-0700] Saved traceroute test to /data/data/com.termux/files/home/storage/shared/bos_la_2024_trip/verizon/20241103/180740786/traceroute_181318780.out
[2024-11-03T18:13:48-0700] Traceroute summary (min/avg/max/mdev) 
[2024-11-03T18:13:48-0700] Traceroute test finished at 2024-11-03 18:13:48.881 MST, duration: 30.124 s
[2024-11-03T18:13:48-0700] -------------------------------
[2024-11-03T18:13:48-0700] All tests completed, cleaning up...
[2024-11-03T18:13:48-0700] -------------------------------
[2024-11-03T18:14:30-0700] [measurement] Load environment variables from prod.env file
[2024-11-03T18:14:30-0700] [measurement] Load operator-specific env from verizon.env file
[2024-11-03T18:14:30-0700] Starting a network measurement, please choose a server
[2024-11-03T18:14:30-0700] 0) West Cloud: 54.176.53.206
[2024-11-03T18:14:30-0700] 1) East Cloud: 54.197.223.49
[2024-11-03T18:14:30-0700] 2) Los Angeles Wavelength: 161.188.33.234
[2024-11-03T18:14:30-0700] 3) Las Vegas Wavelength: 155.146.118.158
[2024-11-03T18:14:30-0700] 4) Denver Wavelength: 155.146.144.24
[2024-11-03T18:14:30-0700] 5) Chicago Wavelength: 155.146.180.31
[2024-11-03T18:14:30-0700] 6) Boston Wavelength: 155.146.11.34
[2024-11-03T18:14:53-0700] Enter your choice (0-6): Testing verizon, server 4 (ip: 155.146.144.24, nuttcp_port: 5101, iperf_port: 5001)
[2024-11-03T18:14:53-0700] -------------------------------
[2024-11-03T18:14:53-0700] tcp downlink test started at 2024-11-03 18:14:53.550 MST
[2024-11-03T18:14:53-0700] Testing tcp downlink with 155.146.144.24:5101, interval 0.5 s, duration 120 s, timeout 121 s...
[2024-11-03T18:16:54-0700] Current time exceeds end time, skipping wait
[2024-11-03T18:16:54-0700] Saved tcp downlink test to /data/data/com.termux/files/home/storage/shared/bos_la_2024_trip/verizon/20241103/181453528/tcp_downlink_181453576.out
[2024-11-03T18:16:54-0700] DL AVG TPUT: 
[2024-11-03T18:16:54-0700] tcp downlink test finished at 2024-11-03 18:16:54.668 MST, duration: 121.118 s
[2024-11-03T18:16:54-0700] -------------------------------
[2024-11-03T18:16:54-0700] Waiting for 2 s...
[2024-11-03T18:16:56-0700] -------------------------------
[2024-11-03T18:16:56-0700] Starting 5G booster for 5 s...
[2024-11-03T18:16:56-0700] 5G booster started at 2024-11-03 18:16:56.792 MST
[2024-11-03T18:17:02-0700] Current time exceeds end time, skipping wait
[2024-11-03T18:17:02-0700] Saved TCP DL results to /data/data/com.termux/files/home/storage/shared/bos_la_2024_trip/verizon/20241103/181453528/tcp_downlink_181656845.out
[2024-11-03T18:17:02-0700] DL AVG TPUT: 
[2024-11-03T18:17:02-0700] 5G booster finished at 2024-11-03 18:17:02.919 MST, duration: 6.127 s
[2024-11-03T18:17:02-0700] -------------------------------
[2024-11-03T18:17:02-0700] Waiting for 2 s...
[2024-11-03T18:17:04-0700] -------------------------------
[2024-11-03T18:17:05-0700] tcp uplink test started at 2024-11-03 18:17:05.004 MST
[2024-11-03T18:17:05-0700] testing tcp uplink with 155.146.144.24:5101, interval 0.5, duration 120, timeout 121 ...
[2024-11-03T18:19:06-0700] Current time exceeds end time, skipping wait
[2024-11-03T18:19:06-0700] Saved uplink test to /data/data/com.termux/files/home/storage/shared/bos_la_2024_trip/verizon/20241103/181453528/tcp_uplink_181705029.out
[2024-11-03T18:19:06-0700] UL AVG TPUT: 
[2024-11-03T18:19:06-0700] tcp uplink test finished at 2024-11-03 18:19:06.119 MST, duration: 121.115 s
[2024-11-03T18:19:06-0700] -------------------------------
[2024-11-03T18:19:06-0700] Waiting for 2 s...
[2024-11-03T18:19:08-0700] -------------------------------
[2024-11-03T18:19:08-0700] Starting 5G booster for 5 s...
[2024-11-03T18:19:08-0700] 5G booster started at 2024-11-03 18:19:08.282 MST
[2024-11-03T18:19:14-0700] Current time exceeds end time, skipping wait
[2024-11-03T18:19:14-0700] Saved TCP DL results to /data/data/com.termux/files/home/storage/shared/bos_la_2024_trip/verizon/20241103/181453528/tcp_downlink_181908339.out
[2024-11-03T18:19:14-0700] DL AVG TPUT: 
[2024-11-03T18:19:14-0700] 5G booster finished at 2024-11-03 18:19:14.455 MST, duration: 6.173 s
[2024-11-03T18:19:14-0700] -------------------------------
[2024-11-03T18:19:14-0700] Waiting for 2 s...
[2024-11-03T18:19:16-0700] -------------------------------
[2024-11-03T18:19:16-0700] ICMP Ping test started at 2024-11-03 18:19:16.601 MST
[2024-11-03T18:19:46-0700] Waiting for .864 s to reach end time
[2024-11-03T18:19:47-0700] Saved ping test to /data/data/com.termux/files/home/storage/shared/bos_la_2024_trip/verizon/20241103/181453528/icmp_ping_181916656.out
[2024-11-03T18:19:47-0700] Ping summary (min/avg/max/mdev) = 14.935/29.714/46.063/6.201 ms
[2024-11-03T18:19:47-0700] Ping test finished at 2024-11-03 18:19:47.715 MST, duration: 31.114 s
[2024-11-03T18:19:47-0700] -------------------------------
[2024-11-03T18:19:47-0700] Waiting for 2 s...
[2024-11-03T18:19:49-0700] -------------------------------
[2024-11-03T18:19:49-0700] Starting 5G booster for 5 s...
[2024-11-03T18:19:49-0700] 5G booster started at 2024-11-03 18:19:49.856 MST
[2024-11-03T18:19:55-0700] Current time exceeds end time, skipping wait
[2024-11-03T18:19:55-0700] Saved TCP DL results to /data/data/com.termux/files/home/storage/shared/bos_la_2024_trip/verizon/20241103/181453528/tcp_downlink_181949889.out
[2024-11-03T18:19:56-0700] DL AVG TPUT: 
[2024-11-03T18:19:56-0700] 5G booster finished at 2024-11-03 18:19:55.983 MST, duration: 6.127 s
[2024-11-03T18:19:56-0700] -------------------------------
[2024-11-03T18:19:56-0700] Waiting for 2 s...
[2024-11-03T18:19:58-0700] -------------------------------
[2024-11-03T18:19:58-0700] TCP Ping test started at 2024-11-03 18:19:58.096 MST
[2024-11-03T18:20:29-0700] Current time exceeds end time, skipping wait
[2024-11-03T18:20:29-0700] Saved TCP Ping test to /data/data/com.termux/files/home/storage/shared/bos_la_2024_trip/verizon/20241103/181453528/tcp_ping_181958130.out
[2024-11-03T18:20:29-0700] TCP Ping summary (min/avg/max/mdev) 
[2024-11-03T18:20:29-0700] TCP Ping test finished at 2024-11-03 18:20:29.225 MST, duration: 31.129 s
[2024-11-03T18:20:29-0700] -------------------------------
[2024-11-03T18:20:29-0700] Waiting for 2 s...
[2024-11-03T18:20:31-0700] -------------------------------
[2024-11-03T18:20:31-0700] Traceroute test started at 2024-11-03 18:20:31.346 MST
[2024-11-03T18:20:32-0700] Waiting for 29.336 s to reach end time
[2024-11-03T18:21:01-0700] Saved traceroute test to /data/data/com.termux/files/home/storage/shared/bos_la_2024_trip/verizon/20241103/181453528/traceroute_182031380.out
[2024-11-03T18:21:01-0700] Traceroute summary (min/avg/max/mdev) 
[2024-11-03T18:21:01-0700] Traceroute test finished at 2024-11-03 18:21:01.425 MST, duration: 30.079 s
[2024-11-03T18:21:01-0700] -------------------------------
[2024-11-03T18:21:01-0700] All tests completed, cleaning up...
[2024-11-03T18:21:01-0700] -------------------------------
[2024-11-03T18:22:11-0700] [measurement] Load environment variables from prod.env file
[2024-11-03T18:22:11-0700] [measurement] Load operator-specific env from verizon.env file
[2024-11-03T18:22:11-0700] Starting a network measurement, please choose a server
[2024-11-03T18:22:11-0700] 0) West Cloud: 54.176.53.206
[2024-11-03T18:22:11-0700] 1) East Cloud: 54.197.223.49
[2024-11-03T18:22:11-0700] 2) Los Angeles Wavelength: 161.188.33.234
[2024-11-03T18:22:11-0700] 3) Las Vegas Wavelength: 155.146.118.158
[2024-11-03T18:22:11-0700] 4) Denver Wavelength: 155.146.144.24
[2024-11-03T18:22:11-0700] 5) Chicago Wavelength: 155.146.180.31
[2024-11-03T18:22:11-0700] 6) Boston Wavelength: 155.146.11.34
[2024-11-03T18:22:26-0700] Enter your choice (0-6): Testing verizon, server 4 (ip: 155.146.144.24, nuttcp_port: 5101, iperf_port: 5001)
[2024-11-03T18:22:26-0700] -------------------------------
[2024-11-03T18:22:26-0700] tcp downlink test started at 2024-11-03 18:22:26.337 MST
[2024-11-03T18:22:26-0700] Testing tcp downlink with 155.146.144.24:5101, interval 0.5 s, duration 120 s, timeout 121 s...
[2024-11-03T18:24:27-0700] Current time exceeds end time, skipping wait
[2024-11-03T18:24:27-0700] Saved tcp downlink test to /data/data/com.termux/files/home/storage/shared/bos_la_2024_trip/verizon/20241103/182226319/tcp_downlink_182226359.out
[2024-11-03T18:24:27-0700] DL AVG TPUT: 
[2024-11-03T18:24:27-0700] tcp downlink test finished at 2024-11-03 18:24:27.463 MST, duration: 121.126 s
[2024-11-03T18:24:27-0700] -------------------------------
[2024-11-03T18:24:27-0700] Waiting for 2 s...
[2024-11-03T18:24:29-0700] -------------------------------
[2024-11-03T18:24:29-0700] Starting 5G booster for 5 s...
[2024-11-03T18:24:29-0700] 5G booster started at 2024-11-03 18:24:29.609 MST
[2024-11-03T18:24:35-0700] Current time exceeds end time, skipping wait
[2024-11-03T18:24:35-0700] Saved TCP DL results to /data/data/com.termux/files/home/storage/shared/bos_la_2024_trip/verizon/20241103/182226319/tcp_downlink_182429650.out
[2024-11-03T18:24:35-0700] DL AVG TPUT: 
[2024-11-03T18:24:35-0700] 5G booster finished at 2024-11-03 18:24:35.728 MST, duration: 6.119 s
[2024-11-03T18:24:35-0700] -------------------------------
[2024-11-03T18:24:35-0700] Waiting for 2 s...
[2024-11-03T18:24:37-0700] -------------------------------
[2024-11-03T18:24:37-0700] tcp uplink test started at 2024-11-03 18:24:37.855 MST
[2024-11-03T18:24:37-0700] testing tcp uplink with 155.146.144.24:5101, interval 0.5, duration 120, timeout 121 ...
[2024-11-03T18:26:38-0700] Current time exceeds end time, skipping wait
[2024-11-03T18:26:39-0700] Saved uplink test to /data/data/com.termux/files/home/storage/shared/bos_la_2024_trip/verizon/20241103/182226319/tcp_uplink_182437909.out
[2024-11-03T18:26:39-0700] UL AVG TPUT: 
[2024-11-03T18:26:39-0700] tcp uplink test finished at 2024-11-03 18:26:38.986 MST, duration: 121.131 s
[2024-11-03T18:26:39-0700] -------------------------------
[2024-11-03T18:26:39-0700] Waiting for 2 s...
[2024-11-03T18:26:41-0700] -------------------------------
[2024-11-03T18:26:41-0700] Starting 5G booster for 5 s...
[2024-11-03T18:26:41-0700] 5G booster started at 2024-11-03 18:26:41.139 MST
[2024-11-03T18:26:47-0700] Current time exceeds end time, skipping wait
[2024-11-03T18:26:47-0700] Saved TCP DL results to /data/data/com.termux/files/home/storage/shared/bos_la_2024_trip/verizon/20241103/182226319/tcp_downlink_182641181.out
[2024-11-03T18:26:47-0700] DL AVG TPUT: 
[2024-11-03T18:26:47-0700] 5G booster finished at 2024-11-03 18:26:47.285 MST, duration: 6.146 s
[2024-11-03T18:26:47-0700] -------------------------------
[2024-11-03T18:26:47-0700] Waiting for 2 s...
[2024-11-03T18:26:49-0700] -------------------------------
[2024-11-03T18:26:49-0700] ICMP Ping test started at 2024-11-03 18:26:49.438 MST
[2024-11-03T18:27:19-0700] Waiting for .854 s to reach end time
[2024-11-03T18:27:20-0700] Saved ping test to /data/data/com.termux/files/home/storage/shared/bos_la_2024_trip/verizon/20241103/182226319/icmp_ping_182649498.out
[2024-11-03T18:27:20-0700] Ping summary (min/avg/max/mdev) = 17.076/76.785/1394.811/187.851 ms
[2024-11-03T18:27:20-0700] Ping test finished at 2024-11-03 18:27:20.586 MST, duration: 31.148 s
[2024-11-03T18:27:20-0700] -------------------------------
[2024-11-03T18:27:20-0700] Waiting for 2 s...
[2024-11-03T18:27:22-0700] -------------------------------
[2024-11-03T18:27:22-0700] Starting 5G booster for 5 s...
[2024-11-03T18:27:22-0700] 5G booster started at 2024-11-03 18:27:22.726 MST
[2024-11-03T18:27:28-0700] Current time exceeds end time, skipping wait
[2024-11-03T18:27:28-0700] Saved TCP DL results to /data/data/com.termux/files/home/storage/shared/bos_la_2024_trip/verizon/20241103/182226319/tcp_downlink_182722769.out
[2024-11-03T18:27:28-0700] DL AVG TPUT: 
[2024-11-03T18:27:28-0700] 5G booster finished at 2024-11-03 18:27:28.868 MST, duration: 6.142 s
[2024-11-03T18:27:28-0700] -------------------------------
[2024-11-03T18:27:28-0700] Waiting for 2 s...
[2024-11-03T18:27:30-0700] -------------------------------
[2024-11-03T18:27:30-0700] TCP Ping test started at 2024-11-03 18:27:30.974 MST
[2024-11-03T18:28:02-0700] Current time exceeds end time, skipping wait
[2024-11-03T18:28:02-0700] Saved TCP Ping test to /data/data/com.termux/files/home/storage/shared/bos_la_2024_trip/verizon/20241103/182226319/tcp_ping_182731006.out
[2024-11-03T18:28:02-0700] TCP Ping summary (min/avg/max/mdev) 
[2024-11-03T18:28:02-0700] TCP Ping test finished at 2024-11-03 18:28:02.130 MST, duration: 31.156 s
[2024-11-03T18:28:02-0700] -------------------------------
[2024-11-03T18:28:02-0700] Waiting for 2 s...
[2024-11-03T18:28:04-0700] -------------------------------
[2024-11-03T18:28:04-0700] Traceroute test started at 2024-11-03 18:28:04.256 MST
[2024-11-03T18:28:04-0700] Waiting for 29.347 s to reach end time
[2024-11-03T18:28:34-0700] Saved traceroute test to /data/data/com.termux/files/home/storage/shared/bos_la_2024_trip/verizon/20241103/182226319/traceroute_182804331.out
[2024-11-03T18:28:34-0700] Traceroute summary (min/avg/max/mdev) 
[2024-11-03T18:28:34-0700] Traceroute test finished at 2024-11-03 18:28:34.356 MST, duration: 30.100 s
[2024-11-03T18:28:34-0700] -------------------------------
[2024-11-03T18:28:34-0700] All tests completed, cleaning up...
[2024-11-03T18:28:34-0700] -------------------------------
[2024-11-03T20:51:44-0700] [measurement] Load environment variables from prod.env file
[2024-11-03T20:51:44-0700] [measurement] Load operator-specific env from verizon.env file
[2024-11-03T20:51:44-0700] Starting a network measurement, please choose a server
[2024-11-03T20:51:44-0700] 0) West Cloud: 54.176.53.206
[2024-11-03T20:51:44-0700] 1) East Cloud: 54.197.223.49
[2024-11-03T20:51:44-0700] 2) Los Angeles Wavelength: 161.188.33.234
[2024-11-03T20:51:44-0700] 3) Las Vegas Wavelength: 155.146.118.158
[2024-11-03T20:51:44-0700] 4) Denver Wavelength: 155.146.144.24
[2024-11-03T20:51:44-0700] 5) Chicago Wavelength: 155.146.180.31
[2024-11-03T20:51:44-0700] 6) Boston Wavelength: 155.146.11.34
[2024-11-03T20:52:42-0700] Enter your choice (0-6): Testing verizon, server 4 (ip: 155.146.144.24, nuttcp_port: 5101, iperf_port: 5001)
[2024-11-03T20:52:42-0700] -------------------------------
[2024-11-03T20:52:42-0700] tcp downlink test started at 2024-11-03 20:52:42.612 MST
[2024-11-03T20:52:42-0700] Testing tcp downlink with 155.146.144.24:5101, interval 0.5 s, duration 120 s, timeout 121 s...
[2024-11-03T20:54:43-0700] Current time exceeds end time, skipping wait
[2024-11-03T20:54:43-0700] Saved tcp downlink test to /data/data/com.termux/files/home/storage/shared/bos_la_2024_trip/verizon/20241103/205242587/tcp_downlink_205242639.out
[2024-11-03T20:54:43-0700] DL AVG TPUT: 
[2024-11-03T20:54:43-0700] tcp downlink test finished at 2024-11-03 20:54:43.797 MST, duration: 121.185 s
[2024-11-03T20:54:43-0700] -------------------------------
[2024-11-03T20:54:43-0700] Waiting for 2 s...
[2024-11-03T20:54:45-0700] -------------------------------
[2024-11-03T20:54:45-0700] Starting 5G booster for 5 s...
[2024-11-03T20:54:45-0700] 5G booster started at 2024-11-03 20:54:45.944 MST
[2024-11-03T20:54:52-0700] Current time exceeds end time, skipping wait
[2024-11-03T20:54:52-0700] Saved TCP DL results to /data/data/com.termux/files/home/storage/shared/bos_la_2024_trip/verizon/20241103/205242587/tcp_downlink_205445974.out
[2024-11-03T20:54:52-0700] DL AVG TPUT: 
[2024-11-03T20:54:52-0700] 5G booster finished at 2024-11-03 20:54:52.085 MST, duration: 6.141 s
[2024-11-03T20:54:52-0700] -------------------------------
[2024-11-03T20:54:52-0700] Waiting for 2 s...
[2024-11-03T20:54:54-0700] -------------------------------
[2024-11-03T20:54:54-0700] tcp uplink test started at 2024-11-03 20:54:54.179 MST
[2024-11-03T20:54:54-0700] testing tcp uplink with 155.146.144.24:5101, interval 0.5, duration 120, timeout 121 ...
[2024-11-03T20:56:55-0700] Current time exceeds end time, skipping wait
[2024-11-03T20:56:55-0700] Saved uplink test to /data/data/com.termux/files/home/storage/shared/bos_la_2024_trip/verizon/20241103/205242587/tcp_uplink_205454232.out
[2024-11-03T20:56:55-0700] UL AVG TPUT: 
[2024-11-03T20:56:55-0700] tcp uplink test finished at 2024-11-03 20:56:55.329 MST, duration: 121.150 s
[2024-11-03T20:56:55-0700] -------------------------------
[2024-11-03T20:56:55-0700] Waiting for 2 s...
[2024-11-03T20:56:57-0700] -------------------------------
[2024-11-03T20:56:57-0700] Starting 5G booster for 5 s...
[2024-11-03T20:56:57-0700] 5G booster started at 2024-11-03 20:56:57.431 MST
[2024-11-03T20:57:03-0700] Current time exceeds end time, skipping wait
[2024-11-03T20:57:03-0700] Saved TCP DL results to /data/data/com.termux/files/home/storage/shared/bos_la_2024_trip/verizon/20241103/205242587/tcp_downlink_205657455.out
[2024-11-03T20:57:03-0700] DL AVG TPUT: 
[2024-11-03T20:57:03-0700] 5G booster finished at 2024-11-03 20:57:03.588 MST, duration: 6.157 s
[2024-11-03T20:57:03-0700] -------------------------------
[2024-11-03T20:57:03-0700] Waiting for 2 s...
[2024-11-03T20:57:05-0700] -------------------------------
[2024-11-03T20:57:05-0700] ICMP Ping test started at 2024-11-03 20:57:05.735 MST
[2024-11-03T20:57:35-0700] Waiting for .885 s to reach end time
[2024-11-03T20:57:36-0700] Saved ping test to /data/data/com.termux/files/home/storage/shared/bos_la_2024_trip/verizon/20241103/205242587/icmp_ping_205705762.out
[2024-11-03T20:57:36-0700] Ping summary (min/avg/max/mdev) = 9.189/23.838/64.468/5.281 ms
[2024-11-03T20:57:36-0700] Ping test finished at 2024-11-03 20:57:36.861 MST, duration: 31.126 s
[2024-11-03T20:57:36-0700] -------------------------------
[2024-11-03T20:57:36-0700] Waiting for 2 s...
[2024-11-03T20:57:38-0700] -------------------------------
[2024-11-03T20:57:38-0700] Starting 5G booster for 5 s...
[2024-11-03T20:57:38-0700] 5G booster started at 2024-11-03 20:57:38.963 MST
[2024-11-03T20:57:45-0700] Current time exceeds end time, skipping wait
[2024-11-03T20:57:45-0700] Saved TCP DL results to /data/data/com.termux/files/home/storage/shared/bos_la_2024_trip/verizon/20241103/205242587/tcp_downlink_205738990.out
[2024-11-03T20:57:45-0700] DL AVG TPUT: 
[2024-11-03T20:57:45-0700] 5G booster finished at 2024-11-03 20:57:45.066 MST, duration: 6.103 s
[2024-11-03T20:57:45-0700] -------------------------------
[2024-11-03T20:57:45-0700] Waiting for 2 s...
[2024-11-03T20:57:47-0700] -------------------------------
[2024-11-03T20:57:47-0700] TCP Ping test started at 2024-11-03 20:57:47.182 MST
[2024-11-03T20:58:18-0700] Current time exceeds end time, skipping wait
[2024-11-03T20:58:18-0700] Saved TCP Ping test to /data/data/com.termux/files/home/storage/shared/bos_la_2024_trip/verizon/20241103/205242587/tcp_ping_205747255.out
[2024-11-03T20:58:18-0700] TCP Ping summary (min/avg/max/mdev) 
[2024-11-03T20:58:18-0700] TCP Ping test finished at 2024-11-03 20:58:18.395 MST, duration: 31.213 s
[2024-11-03T20:58:18-0700] -------------------------------
[2024-11-03T20:58:18-0700] Waiting for 2 s...
[2024-11-03T20:58:20-0700] -------------------------------
[2024-11-03T20:58:20-0700] Traceroute test started at 2024-11-03 20:58:20.525 MST
[2024-11-03T20:58:21-0700] Waiting for 29.069 s to reach end time
[2024-11-03T20:58:50-0700] Saved traceroute test to /data/data/com.termux/files/home/storage/shared/bos_la_2024_trip/verizon/20241103/205242587/traceroute_205820589.out
[2024-11-03T20:58:50-0700] Traceroute summary (min/avg/max/mdev) 
[2024-11-03T20:58:50-0700] Traceroute test finished at 2024-11-03 20:58:50.607 MST, duration: 30.082 s
[2024-11-03T20:58:50-0700] -------------------------------
[2024-11-03T20:58:50-0700] All tests completed, cleaning up...
[2024-11-03T20:58:50-0700] -------------------------------
[2024-11-03T21:00:03-0700] [measurement] Load environment variables from prod.env file
[2024-11-03T21:00:03-0700] [measurement] Load operator-specific env from verizon.env file
[2024-11-03T21:00:03-0700] Starting a network measurement, please choose a server
[2024-11-03T21:00:03-0700] 0) West Cloud: 54.176.53.206
[2024-11-03T21:00:03-0700] 1) East Cloud: 54.197.223.49
[2024-11-03T21:00:03-0700] 2) Los Angeles Wavelength: 161.188.33.234
[2024-11-03T21:00:03-0700] 3) Las Vegas Wavelength: 155.146.118.158
[2024-11-03T21:00:03-0700] 4) Denver Wavelength: 155.146.144.24
[2024-11-03T21:00:03-0700] 5) Chicago Wavelength: 155.146.180.31
[2024-11-03T21:00:03-0700] 6) Boston Wavelength: 155.146.11.34
[2024-11-03T21:00:14-0700] Enter your choice (0-6): Testing verizon, server 4 (ip: 155.146.144.24, nuttcp_port: 5101, iperf_port: 5001)
[2024-11-03T21:00:14-0700] -------------------------------
[2024-11-03T21:00:14-0700] tcp downlink test started at 2024-11-03 21:00:14.170 MST
[2024-11-03T21:00:14-0700] Testing tcp downlink with 155.146.144.24:5101, interval 0.5 s, duration 120 s, timeout 121 s...
[2024-11-03T21:02:15-0700] Current time exceeds end time, skipping wait
[2024-11-03T21:02:15-0700] Saved tcp downlink test to /data/data/com.termux/files/home/storage/shared/bos_la_2024_trip/verizon/20241103/210014154/tcp_downlink_210014194.out
[2024-11-03T21:02:15-0700] DL AVG TPUT: 
[2024-11-03T21:02:15-0700] tcp downlink test finished at 2024-11-03 21:02:15.274 MST, duration: 121.104 s
[2024-11-03T21:02:15-0700] -------------------------------
[2024-11-03T21:02:15-0700] Waiting for 2 s...
[2024-11-03T21:02:17-0700] -------------------------------
[2024-11-03T21:02:17-0700] Starting 5G booster for 5 s...
[2024-11-03T21:02:17-0700] 5G booster started at 2024-11-03 21:02:17.381 MST
[2024-11-03T21:02:23-0700] Current time exceeds end time, skipping wait
[2024-11-03T21:02:23-0700] Saved TCP DL results to /data/data/com.termux/files/home/storage/shared/bos_la_2024_trip/verizon/20241103/210014154/tcp_downlink_210217406.out
[2024-11-03T21:02:23-0700] DL AVG TPUT: 
[2024-11-03T21:02:23-0700] 5G booster finished at 2024-11-03 21:02:23.497 MST, duration: 6.116 s
[2024-11-03T21:02:23-0700] -------------------------------
[2024-11-03T21:02:23-0700] Waiting for 2 s...
[2024-11-03T21:02:25-0700] -------------------------------
[2024-11-03T21:02:25-0700] tcp uplink test started at 2024-11-03 21:02:25.581 MST
[2024-11-03T21:02:25-0700] testing tcp uplink with 155.146.144.24:5101, interval 0.5, duration 120, timeout 121 ...
[2024-11-03T21:04:26-0700] Current time exceeds end time, skipping wait
[2024-11-03T21:04:26-0700] Saved uplink test to /data/data/com.termux/files/home/storage/shared/bos_la_2024_trip/verizon/20241103/210014154/tcp_uplink_210225614.out
[2024-11-03T21:04:26-0700] UL AVG TPUT: 
[2024-11-03T21:04:26-0700] tcp uplink test finished at 2024-11-03 21:04:26.709 MST, duration: 121.128 s
[2024-11-03T21:04:26-0700] -------------------------------
[2024-11-03T21:04:26-0700] Waiting for 2 s...
[2024-11-03T21:04:28-0700] -------------------------------
[2024-11-03T21:04:28-0700] Starting 5G booster for 5 s...
[2024-11-03T21:04:28-0700] 5G booster started at 2024-11-03 21:04:28.836 MST
[2024-11-03T21:04:34-0700] Current time exceeds end time, skipping wait
[2024-11-03T21:04:34-0700] Saved TCP DL results to /data/data/com.termux/files/home/storage/shared/bos_la_2024_trip/verizon/20241103/210014154/tcp_downlink_210428862.out
[2024-11-03T21:04:34-0700] DL AVG TPUT: 
[2024-11-03T21:04:35-0700] 5G booster finished at 2024-11-03 21:04:34.959 MST, duration: 6.123 s
[2024-11-03T21:04:35-0700] -------------------------------
[2024-11-03T21:04:35-0700] Waiting for 2 s...
[2024-11-03T21:04:37-0700] -------------------------------
[2024-11-03T21:04:37-0700] ICMP Ping test started at 2024-11-03 21:04:37.052 MST
[2024-11-03T21:05:07-0700] Waiting for .911 s to reach end time
[2024-11-03T21:05:08-0700] Saved ping test to /data/data/com.termux/files/home/storage/shared/bos_la_2024_trip/verizon/20241103/210014154/icmp_ping_210437074.out
[2024-11-03T21:05:08-0700] Ping summary (min/avg/max/mdev) = 14.937/57.830/683.590/80.518 ms
[2024-11-03T21:05:08-0700] Ping test finished at 2024-11-03 21:05:08.123 MST, duration: 31.071 s
[2024-11-03T21:05:08-0700] -------------------------------
[2024-11-03T21:05:08-0700] Waiting for 2 s...
[2024-11-03T21:05:10-0700] -------------------------------
[2024-11-03T21:05:10-0700] Starting 5G booster for 5 s...
[2024-11-03T21:05:10-0700] 5G booster started at 2024-11-03 21:05:10.259 MST
[2024-11-03T21:05:16-0700] Current time exceeds end time, skipping wait
[2024-11-03T21:05:16-0700] Saved TCP DL results to /data/data/com.termux/files/home/storage/shared/bos_la_2024_trip/verizon/20241103/210014154/tcp_downlink_210510290.out
[2024-11-03T21:05:16-0700] DL AVG TPUT: 
[2024-11-03T21:05:16-0700] 5G booster finished at 2024-11-03 21:05:16.394 MST, duration: 6.135 s
[2024-11-03T21:05:16-0700] -------------------------------
[2024-11-03T21:05:16-0700] Waiting for 2 s...
[2024-11-03T21:05:18-0700] -------------------------------
[2024-11-03T21:05:18-0700] TCP Ping test started at 2024-11-03 21:05:18.503 MST
[2024-11-03T21:05:49-0700] Current time exceeds end time, skipping wait
[2024-11-03T21:05:49-0700] Saved TCP Ping test to /data/data/com.termux/files/home/storage/shared/bos_la_2024_trip/verizon/20241103/210014154/tcp_ping_210518536.out
[2024-11-03T21:05:49-0700] TCP Ping summary (min/avg/max/mdev) 
[2024-11-03T21:05:49-0700] TCP Ping test finished at 2024-11-03 21:05:49.656 MST, duration: 31.153 s
[2024-11-03T21:05:49-0700] -------------------------------
[2024-11-03T21:05:49-0700] Waiting for 2 s...
[2024-11-03T21:05:51-0700] -------------------------------
[2024-11-03T21:05:51-0700] Traceroute test started at 2024-11-03 21:05:51.795 MST
[2024-11-03T21:05:52-0700] Waiting for 29.214 s to reach end time
[2024-11-03T21:06:21-0700] Saved traceroute test to /data/data/com.termux/files/home/storage/shared/bos_la_2024_trip/verizon/20241103/210014154/traceroute_210551826.out
[2024-11-03T21:06:21-0700] Traceroute summary (min/avg/max/mdev) 
[2024-11-03T21:06:21-0700] Traceroute test finished at 2024-11-03 21:06:21.884 MST, duration: 30.089 s
[2024-11-03T21:06:21-0700] -------------------------------
[2024-11-03T21:06:21-0700] All tests completed, cleaning up...
[2024-11-03T21:06:21-0700] -------------------------------
[2024-11-03T21:07:07-0700] [measurement] Load environment variables from prod.env file
[2024-11-03T21:07:07-0700] [measurement] Load operator-specific env from verizon.env file
[2024-11-03T21:07:07-0700] Starting a network measurement, please choose a server
[2024-11-03T21:07:07-0700] 0) West Cloud: 54.176.53.206
[2024-11-03T21:07:07-0700] 1) East Cloud: 54.197.223.49
[2024-11-03T21:07:07-0700] 2) Los Angeles Wavelength: 161.188.33.234
[2024-11-03T21:07:07-0700] 3) Las Vegas Wavelength: 155.146.118.158
[2024-11-03T21:07:07-0700] 4) Denver Wavelength: 155.146.144.24
[2024-11-03T21:07:07-0700] 5) Chicago Wavelength: 155.146.180.31
[2024-11-03T21:07:07-0700] 6) Boston Wavelength: 155.146.11.34
[2024-11-03T21:07:25-0700] Enter your choice (0-6): Testing verizon, server 4 (ip: 155.146.144.24, nuttcp_port: 5101, iperf_port: 5001)
[2024-11-03T21:07:25-0700] -------------------------------
[2024-11-03T21:07:25-0700] tcp downlink test started at 2024-11-03 21:07:25.498 MST
[2024-11-03T21:07:25-0700] Testing tcp downlink with 155.146.144.24:5101, interval 0.5 s, duration 120 s, timeout 121 s...
[2024-11-03T21:09:26-0700] Current time exceeds end time, skipping wait
[2024-11-03T21:09:26-0700] Saved tcp downlink test to /data/data/com.termux/files/home/storage/shared/bos_la_2024_trip/verizon/20241103/210725478/tcp_downlink_210725527.out
[2024-11-03T21:09:26-0700] DL AVG TPUT: 
[2024-11-03T21:09:26-0700] tcp downlink test finished at 2024-11-03 21:09:26.660 MST, duration: 121.162 s
[2024-11-03T21:09:26-0700] -------------------------------
[2024-11-03T21:09:26-0700] Waiting for 2 s...
[2024-11-03T21:09:28-0700] -------------------------------
[2024-11-03T21:09:28-0700] Starting 5G booster for 5 s...
[2024-11-03T21:09:28-0700] 5G booster started at 2024-11-03 21:09:28.775 MST
[2024-11-03T21:09:34-0700] Current time exceeds end time, skipping wait
[2024-11-03T21:09:34-0700] Saved TCP DL results to /data/data/com.termux/files/home/storage/shared/bos_la_2024_trip/verizon/20241103/210725478/tcp_downlink_210928807.out
[2024-11-03T21:09:34-0700] DL AVG TPUT: 
[2024-11-03T21:09:35-0700] 5G booster finished at 2024-11-03 21:09:34.944 MST, duration: 6.169 s
[2024-11-03T21:09:35-0700] -------------------------------
[2024-11-03T21:09:35-0700] Waiting for 2 s...
[2024-11-03T21:09:37-0700] -------------------------------
[2024-11-03T21:09:37-0700] tcp uplink test started at 2024-11-03 21:09:37.025 MST
[2024-11-03T21:09:37-0700] testing tcp uplink with 155.146.144.24:5101, interval 0.5, duration 120, timeout 121 ...
[2024-11-03T21:11:38-0700] Current time exceeds end time, skipping wait
[2024-11-03T21:11:38-0700] Saved uplink test to /data/data/com.termux/files/home/storage/shared/bos_la_2024_trip/verizon/20241103/210725478/tcp_uplink_210937047.out
[2024-11-03T21:11:38-0700] UL AVG TPUT: 
[2024-11-03T21:11:38-0700] tcp uplink test finished at 2024-11-03 21:11:38.109 MST, duration: 121.084 s
[2024-11-03T21:11:38-0700] -------------------------------
[2024-11-03T21:11:38-0700] Waiting for 2 s...
[2024-11-03T21:11:40-0700] -------------------------------
[2024-11-03T21:11:40-0700] Starting 5G booster for 5 s...
[2024-11-03T21:11:40-0700] 5G booster started at 2024-11-03 21:11:40.200 MST
[2024-11-03T21:11:46-0700] Current time exceeds end time, skipping wait
[2024-11-03T21:11:46-0700] Saved TCP DL results to /data/data/com.termux/files/home/storage/shared/bos_la_2024_trip/verizon/20241103/210725478/tcp_downlink_211140228.out
[2024-11-03T21:11:46-0700] DL AVG TPUT: 
[2024-11-03T21:11:46-0700] 5G booster finished at 2024-11-03 21:11:46.316 MST, duration: 6.116 s
[2024-11-03T21:11:46-0700] -------------------------------
[2024-11-03T21:11:46-0700] Waiting for 2 s...
[2024-11-03T21:11:48-0700] -------------------------------
[2024-11-03T21:11:48-0700] ICMP Ping test started at 2024-11-03 21:11:48.430 MST
[2024-11-03T21:12:18-0700] Waiting for .877 s to reach end time
[2024-11-03T21:12:19-0700] Saved ping test to /data/data/com.termux/files/home/storage/shared/bos_la_2024_trip/verizon/20241103/210725478/icmp_ping_211148464.out
[2024-11-03T21:12:19-0700] Ping summary (min/avg/max/mdev) = 20.254/44.959/142.368/22.315 ms
[2024-11-03T21:12:19-0700] Ping test finished at 2024-11-03 21:12:19.504 MST, duration: 31.074 s
[2024-11-03T21:12:19-0700] -------------------------------
[2024-11-03T21:12:19-0700] Waiting for 2 s...
[2024-11-03T21:12:21-0700] -------------------------------
[2024-11-03T21:12:21-0700] Starting 5G booster for 5 s...
[2024-11-03T21:12:21-0700] 5G booster started at 2024-11-03 21:12:21.594 MST
[2024-11-03T21:12:27-0700] Current time exceeds end time, skipping wait
[2024-11-03T21:12:27-0700] Saved TCP DL results to /data/data/com.termux/files/home/storage/shared/bos_la_2024_trip/verizon/20241103/210725478/tcp_downlink_211221627.out
[2024-11-03T21:12:27-0700] DL AVG TPUT: 
[2024-11-03T21:12:27-0700] 5G booster finished at 2024-11-03 21:12:27.752 MST, duration: 6.158 s
[2024-11-03T21:12:27-0700] -------------------------------
[2024-11-03T21:12:27-0700] Waiting for 2 s...
[2024-11-03T21:12:29-0700] -------------------------------
[2024-11-03T21:12:29-0700] TCP Ping test started at 2024-11-03 21:12:29.877 MST
[2024-11-03T21:13:01-0700] Current time exceeds end time, skipping wait
[2024-11-03T21:13:01-0700] Saved TCP Ping test to /data/data/com.termux/files/home/storage/shared/bos_la_2024_trip/verizon/20241103/210725478/tcp_ping_211229927.out
[2024-11-03T21:13:01-0700] TCP Ping summary (min/avg/max/mdev) 
[2024-11-03T21:13:01-0700] TCP Ping test finished at 2024-11-03 21:13:01.051 MST, duration: 31.174 s
[2024-11-03T21:13:01-0700] -------------------------------
[2024-11-03T21:13:01-0700] Waiting for 2 s...
[2024-11-03T21:13:03-0700] -------------------------------
[2024-11-03T21:13:03-0700] Traceroute test started at 2024-11-03 21:13:03.136 MST
[2024-11-03T21:13:03-0700] Waiting for 29.483 s to reach end time
[2024-11-03T21:13:33-0700] Saved traceroute test to /data/data/com.termux/files/home/storage/shared/bos_la_2024_trip/verizon/20241103/210725478/traceroute_211303158.out
[2024-11-03T21:13:33-0700] Traceroute summary (min/avg/max/mdev) 
[2024-11-03T21:13:33-0700] Traceroute test finished at 2024-11-03 21:13:33.221 MST, duration: 30.085 s
[2024-11-03T21:13:33-0700] -------------------------------
[2024-11-03T21:13:33-0700] All tests completed, cleaning up...
[2024-11-03T21:13:33-0700] -------------------------------
[2024-11-03T22:05:34-0700] [measurement] Load environment variables from prod.env file
[2024-11-03T22:05:34-0700] [measurement] Load operator-specific env from verizon.env file
[2024-11-03T22:05:34-0700] Starting a network measurement, please choose a server
[2024-11-03T22:05:34-0700] 0) West Cloud: 54.176.53.206
[2024-11-03T22:05:34-0700] 1) East Cloud: 54.197.223.49
[2024-11-03T22:05:34-0700] 2) Los Angeles Wavelength: 161.188.33.234
[2024-11-03T22:05:34-0700] 3) Las Vegas Wavelength: 155.146.118.158
[2024-11-03T22:05:34-0700] 4) Denver Wavelength: 155.146.144.24
[2024-11-03T22:05:34-0700] 5) Chicago Wavelength: 155.146.180.31
[2024-11-03T22:05:34-0700] 6) Boston Wavelength: 155.146.11.34
[2024-11-03T22:06:03-0700] Enter your choice (0-6): Testing verizon, server 4 (ip: 155.146.144.24, nuttcp_port: 5101, iperf_port: 5001)
[2024-11-03T22:06:03-0700] -------------------------------
[2024-11-03T22:06:03-0700] tcp downlink test started at 2024-11-03 22:06:03.501 MST
[2024-11-03T22:06:03-0700] Testing tcp downlink with 155.146.144.24:5101, interval 0.5 s, duration 120 s, timeout 121 s...
[2024-11-03T22:08:04-0700] Current time exceeds end time, skipping wait
[2024-11-03T22:08:04-0700] Saved tcp downlink test to /data/data/com.termux/files/home/storage/shared/bos_la_2024_trip/verizon/20241103/220603479/tcp_downlink_220603528.out
[2024-11-03T22:08:04-0700] DL AVG TPUT: 
[2024-11-03T22:08:04-0700] tcp downlink test finished at 2024-11-03 22:08:04.686 MST, duration: 121.185 s
[2024-11-03T22:08:04-0700] -------------------------------
[2024-11-03T22:08:04-0700] Waiting for 2 s...
[2024-11-03T22:08:06-0700] -------------------------------
[2024-11-03T22:08:06-0700] Starting 5G booster for 5 s...
[2024-11-03T22:08:06-0700] 5G booster started at 2024-11-03 22:08:06.818 MST
[2024-11-03T22:08:13-0700] Current time exceeds end time, skipping wait
[2024-11-03T22:08:13-0700] Saved TCP DL results to /data/data/com.termux/files/home/storage/shared/bos_la_2024_trip/verizon/20241103/220603479/tcp_downlink_220806896.out
[2024-11-03T22:08:13-0700] DL AVG TPUT: 
[2024-11-03T22:08:13-0700] 5G booster finished at 2024-11-03 22:08:13.027 MST, duration: 6.209 s
[2024-11-03T22:08:13-0700] -------------------------------
[2024-11-03T22:08:13-0700] Waiting for 2 s...
[2024-11-03T22:08:15-0700] -------------------------------
[2024-11-03T22:08:15-0700] tcp uplink test started at 2024-11-03 22:08:15.142 MST
[2024-11-03T22:08:15-0700] testing tcp uplink with 155.146.144.24:5101, interval 0.5, duration 120, timeout 121 ...
[2024-11-03T22:10:16-0700] Current time exceeds end time, skipping wait
[2024-11-03T22:10:16-0700] Saved uplink test to /data/data/com.termux/files/home/storage/shared/bos_la_2024_trip/verizon/20241103/220603479/tcp_uplink_220815189.out
[2024-11-03T22:10:16-0700] UL AVG TPUT: 
[2024-11-03T22:10:16-0700] tcp uplink test finished at 2024-11-03 22:10:16.269 MST, duration: 121.127 s
[2024-11-03T22:10:16-0700] -------------------------------
[2024-11-03T22:10:16-0700] Waiting for 2 s...
[2024-11-03T22:10:18-0700] -------------------------------
[2024-11-03T22:10:18-0700] Starting 5G booster for 5 s...
[2024-11-03T22:10:18-0700] 5G booster started at 2024-11-03 22:10:18.398 MST
[2024-11-03T22:10:24-0700] Current time exceeds end time, skipping wait
[2024-11-03T22:10:24-0700] Saved TCP DL results to /data/data/com.termux/files/home/storage/shared/bos_la_2024_trip/verizon/20241103/220603479/tcp_downlink_221018427.out
[2024-11-03T22:10:24-0700] DL AVG TPUT: 
[2024-11-03T22:10:24-0700] 5G booster finished at 2024-11-03 22:10:24.532 MST, duration: 6.134 s
[2024-11-03T22:10:24-0700] -------------------------------
[2024-11-03T22:10:24-0700] Waiting for 2 s...
[2024-11-03T22:10:26-0700] -------------------------------
[2024-11-03T22:10:26-0700] ICMP Ping test started at 2024-11-03 22:10:26.637 MST
[2024-11-03T22:10:56-0700] Waiting for .905 s to reach end time
[2024-11-03T22:10:57-0700] Saved ping test to /data/data/com.termux/files/home/storage/shared/bos_la_2024_trip/verizon/20241103/220603479/icmp_ping_221026665.out
[2024-11-03T22:10:57-0700] Ping summary (min/avg/max/mdev) = 18.043/47.943/587.305/64.234 ms
[2024-11-03T22:10:57-0700] Ping test finished at 2024-11-03 22:10:57.709 MST, duration: 31.072 s
[2024-11-03T22:10:57-0700] -------------------------------
[2024-11-03T22:10:57-0700] Waiting for 2 s...
[2024-11-03T22:10:59-0700] -------------------------------
[2024-11-03T22:10:59-0700] Starting 5G booster for 5 s...
[2024-11-03T22:10:59-0700] 5G booster started at 2024-11-03 22:10:59.827 MST
[2024-11-03T22:11:05-0700] Current time exceeds end time, skipping wait
[2024-11-03T22:11:06-0700] Saved TCP DL results to /data/data/com.termux/files/home/storage/shared/bos_la_2024_trip/verizon/20241103/220603479/tcp_downlink_221059880.out
[2024-11-03T22:11:06-0700] DL AVG TPUT: 
[2024-11-03T22:11:06-0700] 5G booster finished at 2024-11-03 22:11:06.012 MST, duration: 6.185 s
[2024-11-03T22:11:06-0700] -------------------------------
[2024-11-03T22:11:06-0700] Waiting for 2 s...
[2024-11-03T22:11:08-0700] -------------------------------
[2024-11-03T22:11:08-0700] TCP Ping test started at 2024-11-03 22:11:08.114 MST
[2024-11-03T22:11:39-0700] Current time exceeds end time, skipping wait
[2024-11-03T22:11:39-0700] Saved TCP Ping test to /data/data/com.termux/files/home/storage/shared/bos_la_2024_trip/verizon/20241103/220603479/tcp_ping_221108168.out
[2024-11-03T22:11:39-0700] TCP Ping summary (min/avg/max/mdev) 
[2024-11-03T22:11:39-0700] TCP Ping test finished at 2024-11-03 22:11:39.318 MST, duration: 31.204 s
[2024-11-03T22:11:39-0700] -------------------------------
[2024-11-03T22:11:39-0700] Waiting for 2 s...
[2024-11-03T22:11:41-0700] -------------------------------
[2024-11-03T22:11:41-0700] Traceroute test started at 2024-11-03 22:11:41.442 MST
[2024-11-03T22:11:42-0700] Waiting for 29.384 s to reach end time
[2024-11-03T22:12:11-0700] Saved traceroute test to /data/data/com.termux/files/home/storage/shared/bos_la_2024_trip/verizon/20241103/220603479/traceroute_221141498.out
[2024-11-03T22:12:11-0700] Traceroute summary (min/avg/max/mdev) 
[2024-11-03T22:12:11-0700] Traceroute test finished at 2024-11-03 22:12:11.532 MST, duration: 30.090 s
[2024-11-03T22:12:11-0700] -------------------------------
[2024-11-03T22:12:11-0700] All tests completed, cleaning up...
[2024-11-03T22:12:11-0700] -------------------------------
[2024-11-03T22:12:54-0700] [measurement] Load environment variables from prod.env file
[2024-11-03T22:12:54-0700] [measurement] Load operator-specific env from verizon.env file
[2024-11-03T22:12:54-0700] Starting a network measurement, please choose a server
[2024-11-03T22:12:54-0700] 0) West Cloud: 54.176.53.206
[2024-11-03T22:12:54-0700] 1) East Cloud: 54.197.223.49
[2024-11-03T22:12:54-0700] 2) Los Angeles Wavelength: 161.188.33.234
[2024-11-03T22:12:54-0700] 3) Las Vegas Wavelength: 155.146.118.158
[2024-11-03T22:12:54-0700] 4) Denver Wavelength: 155.146.144.24
[2024-11-03T22:12:54-0700] 5) Chicago Wavelength: 155.146.180.31
[2024-11-03T22:12:54-0700] 6) Boston Wavelength: 155.146.11.34
[2024-11-03T22:13:10-0700] Enter your choice (0-6): Testing verizon, server 4 (ip: 155.146.144.24, nuttcp_port: 5101, iperf_port: 5001)
[2024-11-03T22:13:11-0700] -------------------------------
[2024-11-03T22:13:11-0700] tcp downlink test started at 2024-11-03 22:13:11.067 MST
[2024-11-03T22:13:11-0700] Testing tcp downlink with 155.146.144.24:5101, interval 0.5 s, duration 120 s, timeout 121 s...
[2024-11-03T22:15:12-0700] Current time exceeds end time, skipping wait
[2024-11-03T22:15:12-0700] Saved tcp downlink test to /data/data/com.termux/files/home/storage/shared/bos_la_2024_trip/verizon/20241103/221311048/tcp_downlink_221311095.out
[2024-11-03T22:15:12-0700] DL AVG TPUT: 
[2024-11-03T22:15:12-0700] tcp downlink test finished at 2024-11-03 22:15:12.190 MST, duration: 121.123 s
[2024-11-03T22:15:12-0700] -------------------------------
[2024-11-03T22:15:12-0700] Waiting for 2 s...
[2024-11-03T22:15:14-0700] -------------------------------
[2024-11-03T22:15:14-0700] Starting 5G booster for 5 s...
[2024-11-03T22:15:14-0700] 5G booster started at 2024-11-03 22:15:14.294 MST
[2024-11-03T22:15:20-0700] Current time exceeds end time, skipping wait
[2024-11-03T22:15:20-0700] Saved TCP DL results to /data/data/com.termux/files/home/storage/shared/bos_la_2024_trip/verizon/20241103/221311048/tcp_downlink_221514325.out
[2024-11-03T22:15:20-0700] DL AVG TPUT: 
[2024-11-03T22:15:20-0700] 5G booster finished at 2024-11-03 22:15:20.415 MST, duration: 6.121 s
[2024-11-03T22:15:20-0700] -------------------------------
[2024-11-03T22:15:20-0700] Waiting for 2 s...
[2024-11-03T22:15:22-0700] -------------------------------
[2024-11-03T22:15:22-0700] tcp uplink test started at 2024-11-03 22:15:22.528 MST
[2024-11-03T22:15:22-0700] testing tcp uplink with 155.146.144.24:5101, interval 0.5, duration 120, timeout 121 ...
[2024-11-03T22:17:23-0700] Current time exceeds end time, skipping wait
[2024-11-03T22:17:23-0700] Saved uplink test to /data/data/com.termux/files/home/storage/shared/bos_la_2024_trip/verizon/20241103/221311048/tcp_uplink_221522555.out
[2024-11-03T22:17:23-0700] UL AVG TPUT: 
[2024-11-03T22:17:23-0700] tcp uplink test finished at 2024-11-03 22:17:23.671 MST, duration: 121.143 s
[2024-11-03T22:17:23-0700] -------------------------------
[2024-11-03T22:17:23-0700] Waiting for 2 s...
[2024-11-03T22:17:25-0700] -------------------------------
[2024-11-03T22:17:25-0700] Starting 5G booster for 5 s...
[2024-11-03T22:17:25-0700] 5G booster started at 2024-11-03 22:17:25.861 MST
[2024-11-03T22:17:31-0700] Current time exceeds end time, skipping wait
[2024-11-03T22:17:31-0700] Saved TCP DL results to /data/data/com.termux/files/home/storage/shared/bos_la_2024_trip/verizon/20241103/221311048/tcp_downlink_221725898.out
[2024-11-03T22:17:32-0700] DL AVG TPUT: 
[2024-11-03T22:17:32-0700] 5G booster finished at 2024-11-03 22:17:31.978 MST, duration: 6.117 s
[2024-11-03T22:17:32-0700] -------------------------------
[2024-11-03T22:17:32-0700] Waiting for 2 s...
[2024-11-03T22:17:34-0700] -------------------------------
[2024-11-03T22:17:34-0700] ICMP Ping test started at 2024-11-03 22:17:34.085 MST
[2024-11-03T22:18:04-0700] Waiting for .887 s to reach end time
[2024-11-03T22:18:05-0700] Saved ping test to /data/data/com.termux/files/home/storage/shared/bos_la_2024_trip/verizon/20241103/221311048/icmp_ping_221734114.out
[2024-11-03T22:18:05-0700] Ping summary (min/avg/max/mdev) = 17.321/34.065/333.789/37.670 ms
[2024-11-03T22:18:05-0700] Ping test finished at 2024-11-03 22:18:05.171 MST, duration: 31.086 s
[2024-11-03T22:18:05-0700] -------------------------------
[2024-11-03T22:18:05-0700] Waiting for 2 s...
[2024-11-03T22:18:07-0700] -------------------------------
[2024-11-03T22:18:07-0700] Starting 5G booster for 5 s...
[2024-11-03T22:18:07-0700] 5G booster started at 2024-11-03 22:18:07.287 MST
[2024-11-03T22:18:13-0700] Current time exceeds end time, skipping wait
[2024-11-03T22:18:13-0700] Saved TCP DL results to /data/data/com.termux/files/home/storage/shared/bos_la_2024_trip/verizon/20241103/221311048/tcp_downlink_221807321.out
[2024-11-03T22:18:13-0700] DL AVG TPUT: 
[2024-11-03T22:18:13-0700] 5G booster finished at 2024-11-03 22:18:13.404 MST, duration: 6.117 s
[2024-11-03T22:18:13-0700] -------------------------------
[2024-11-03T22:18:13-0700] Waiting for 2 s...
[2024-11-03T22:18:15-0700] -------------------------------
[2024-11-03T22:18:15-0700] TCP Ping test started at 2024-11-03 22:18:15.531 MST
[2024-11-03T22:18:46-0700] Current time exceeds end time, skipping wait
[2024-11-03T22:18:46-0700] Saved TCP Ping test to /data/data/com.termux/files/home/storage/shared/bos_la_2024_trip/verizon/20241103/221311048/tcp_ping_221815605.out
[2024-11-03T22:18:46-0700] TCP Ping summary (min/avg/max/mdev) 
[2024-11-03T22:18:46-0700] TCP Ping test finished at 2024-11-03 22:18:46.697 MST, duration: 31.166 s
[2024-11-03T22:18:46-0700] -------------------------------
[2024-11-03T22:18:46-0700] Waiting for 2 s...
[2024-11-03T22:18:48-0700] -------------------------------
[2024-11-03T22:18:48-0700] Traceroute test started at 2024-11-03 22:18:48.805 MST
[2024-11-03T22:18:49-0700] Waiting for 29.633 s to reach end time
[2024-11-03T22:19:18-0700] Saved traceroute test to /data/data/com.termux/files/home/storage/shared/bos_la_2024_trip/verizon/20241103/221311048/traceroute_221848841.out
[2024-11-03T22:19:18-0700] Traceroute summary (min/avg/max/mdev) 
[2024-11-03T22:19:18-0700] Traceroute test finished at 2024-11-03 22:19:18.860 MST, duration: 30.055 s
[2024-11-03T22:19:18-0700] -------------------------------
[2024-11-03T22:19:18-0700] All tests completed, cleaning up...
[2024-11-03T22:19:18-0700] -------------------------------
[2024-11-03T22:20:01-0700] [measurement] Load environment variables from prod.env file
[2024-11-03T22:20:01-0700] [measurement] Load operator-specific env from verizon.env file
[2024-11-03T22:20:01-0700] Starting a network measurement, please choose a server
[2024-11-03T22:20:01-0700] 0) West Cloud: 54.176.53.206
[2024-11-03T22:20:01-0700] 1) East Cloud: 54.197.223.49
[2024-11-03T22:20:01-0700] 2) Los Angeles Wavelength: 161.188.33.234
[2024-11-03T22:20:01-0700] 3) Las Vegas Wavelength: 155.146.118.158
[2024-11-03T22:20:01-0700] 4) Denver Wavelength: 155.146.144.24
[2024-11-03T22:20:01-0700] 5) Chicago Wavelength: 155.146.180.31
[2024-11-03T22:20:01-0700] 6) Boston Wavelength: 155.146.11.34
[2024-11-03T22:20:18-0700] Enter your choice (0-6): Testing verizon, server 4 (ip: 155.146.144.24, nuttcp_port: 5101, iperf_port: 5001)
[2024-11-03T22:20:18-0700] -------------------------------
[2024-11-03T22:20:18-0700] tcp downlink test started at 2024-11-03 22:20:18.796 MST
[2024-11-03T22:20:18-0700] Testing tcp downlink with 155.146.144.24:5101, interval 0.5 s, duration 120 s, timeout 121 s...
[2024-11-03T22:22:19-0700] Current time exceeds end time, skipping wait
[2024-11-03T22:22:19-0700] Saved tcp downlink test to /data/data/com.termux/files/home/storage/shared/bos_la_2024_trip/verizon/20241103/222018774/tcp_downlink_222018830.out
[2024-11-03T22:22:19-0700] DL AVG TPUT: 
[2024-11-03T22:22:19-0700] tcp downlink test finished at 2024-11-03 22:22:19.900 MST, duration: 121.104 s
[2024-11-03T22:22:19-0700] -------------------------------
[2024-11-03T22:22:19-0700] Waiting for 2 s...
[2024-11-03T22:22:22-0700] -------------------------------
[2024-11-03T22:22:22-0700] Starting 5G booster for 5 s...
[2024-11-03T22:22:22-0700] 5G booster started at 2024-11-03 22:22:22.026 MST
[2024-11-03T22:22:28-0700] Current time exceeds end time, skipping wait
[2024-11-03T22:22:28-0700] Saved TCP DL results to /data/data/com.termux/files/home/storage/shared/bos_la_2024_trip/verizon/20241103/222018774/tcp_downlink_222222056.out
[2024-11-03T22:22:28-0700] DL AVG TPUT: 
[2024-11-03T22:22:28-0700] 5G booster finished at 2024-11-03 22:22:28.129 MST, duration: 6.103 s
[2024-11-03T22:22:28-0700] -------------------------------
[2024-11-03T22:22:28-0700] Waiting for 2 s...
[2024-11-03T22:22:30-0700] -------------------------------
[2024-11-03T22:22:30-0700] tcp uplink test started at 2024-11-03 22:22:30.292 MST
[2024-11-03T22:22:30-0700] testing tcp uplink with 155.146.144.24:5101, interval 0.5, duration 120, timeout 121 ...
[2024-11-03T22:24:31-0700] Current time exceeds end time, skipping wait
[2024-11-03T22:24:31-0700] Saved uplink test to /data/data/com.termux/files/home/storage/shared/bos_la_2024_trip/verizon/20241103/222018774/tcp_uplink_222230323.out
[2024-11-03T22:24:31-0700] UL AVG TPUT: 
[2024-11-03T22:24:31-0700] tcp uplink test finished at 2024-11-03 22:24:31.405 MST, duration: 121.113 s
[2024-11-03T22:24:31-0700] -------------------------------
[2024-11-03T22:24:31-0700] Waiting for 2 s...
[2024-11-03T22:24:33-0700] -------------------------------
[2024-11-03T22:24:33-0700] Starting 5G booster for 5 s...
[2024-11-03T22:24:33-0700] 5G booster started at 2024-11-03 22:24:33.497 MST
[2024-11-03T22:24:39-0700] Current time exceeds end time, skipping wait
[2024-11-03T22:24:39-0700] Saved TCP DL results to /data/data/com.termux/files/home/storage/shared/bos_la_2024_trip/verizon/20241103/222018774/tcp_downlink_222433546.out
[2024-11-03T22:24:39-0700] DL AVG TPUT: 
[2024-11-03T22:24:39-0700] 5G booster finished at 2024-11-03 22:24:39.642 MST, duration: 6.145 s
[2024-11-03T22:24:39-0700] -------------------------------
[2024-11-03T22:24:39-0700] Waiting for 2 s...
[2024-11-03T22:24:41-0700] -------------------------------
[2024-11-03T22:24:41-0700] ICMP Ping test started at 2024-11-03 22:24:41.756 MST
[2024-11-03T22:25:11-0700] Waiting for .880 s to reach end time
[2024-11-03T22:25:12-0700] Saved ping test to /data/data/com.termux/files/home/storage/shared/bos_la_2024_trip/verizon/20241103/222018774/icmp_ping_222441805.out
[2024-11-03T22:25:12-0700] Ping summary (min/avg/max/mdev) = 16.223/30.320/435.298/38.638 ms
[2024-11-03T22:25:12-0700] Ping test finished at 2024-11-03 22:25:12.844 MST, duration: 31.088 s
[2024-11-03T22:25:12-0700] -------------------------------
[2024-11-03T22:25:12-0700] Waiting for 2 s...
[2024-11-03T22:25:14-0700] -------------------------------
[2024-11-03T22:25:14-0700] Starting 5G booster for 5 s...
[2024-11-03T22:25:15-0700] 5G booster started at 2024-11-03 22:25:14.988 MST
[2024-11-03T22:25:21-0700] Current time exceeds end time, skipping wait
[2024-11-03T22:25:21-0700] Saved TCP DL results to /data/data/com.termux/files/home/storage/shared/bos_la_2024_trip/verizon/20241103/222018774/tcp_downlink_222515040.out
[2024-11-03T22:25:21-0700] DL AVG TPUT: 
[2024-11-03T22:25:21-0700] 5G booster finished at 2024-11-03 22:25:21.125 MST, duration: 6.137 s
[2024-11-03T22:25:21-0700] -------------------------------
[2024-11-03T22:25:21-0700] Waiting for 2 s...
[2024-11-03T22:25:23-0700] -------------------------------
[2024-11-03T22:25:23-0700] TCP Ping test started at 2024-11-03 22:25:23.271 MST
[2024-11-03T22:25:54-0700] Current time exceeds end time, skipping wait
[2024-11-03T22:25:54-0700] Saved TCP Ping test to /data/data/com.termux/files/home/storage/shared/bos_la_2024_trip/verizon/20241103/222018774/tcp_ping_222523298.out
[2024-11-03T22:25:54-0700] TCP Ping summary (min/avg/max/mdev) 
[2024-11-03T22:25:54-0700] TCP Ping test finished at 2024-11-03 22:25:54.380 MST, duration: 31.109 s
[2024-11-03T22:25:54-0700] -------------------------------
[2024-11-03T22:25:54-0700] Waiting for 2 s...
[2024-11-03T22:25:56-0700] -------------------------------
[2024-11-03T22:25:56-0700] Traceroute test started at 2024-11-03 22:25:56.548 MST
[2024-11-03T22:25:56-0700] Waiting for 29.614 s to reach end time
[2024-11-03T22:26:26-0700] Saved traceroute test to /data/data/com.termux/files/home/storage/shared/bos_la_2024_trip/verizon/20241103/222018774/traceroute_222556579.out
[2024-11-03T22:26:26-0700] Traceroute summary (min/avg/max/mdev) 
[2024-11-03T22:26:26-0700] Traceroute test finished at 2024-11-03 22:26:26.647 MST, duration: 30.099 s
[2024-11-03T22:26:26-0700] -------------------------------
[2024-11-03T22:26:26-0700] All tests completed, cleaning up...
[2024-11-03T22:26:26-0700] -------------------------------
[2024-11-03T22:27:34-0700] [measurement] Load environment variables from prod.env file
[2024-11-03T22:27:34-0700] [measurement] Load operator-specific env from verizon.env file
[2024-11-03T22:27:34-0700] Starting a network measurement, please choose a server
[2024-11-03T22:27:34-0700] 0) West Cloud: 54.176.53.206
[2024-11-03T22:27:34-0700] 1) East Cloud: 54.197.223.49
[2024-11-03T22:27:34-0700] 2) Los Angeles Wavelength: 161.188.33.234
[2024-11-03T22:27:34-0700] 3) Las Vegas Wavelength: 155.146.118.158
[2024-11-03T22:27:34-0700] 4) Denver Wavelength: 155.146.144.24
[2024-11-03T22:27:34-0700] 5) Chicago Wavelength: 155.146.180.31
[2024-11-03T22:27:34-0700] 6) Boston Wavelength: 155.146.11.34
[2024-11-03T22:27:55-0700] Enter your choice (0-6): Testing verizon, server 4 (ip: 155.146.144.24, nuttcp_port: 5101, iperf_port: 5001)
[2024-11-03T22:27:55-0700] -------------------------------
[2024-11-03T22:27:55-0700] tcp downlink test started at 2024-11-03 22:27:55.825 MST
[2024-11-03T22:27:55-0700] Testing tcp downlink with 155.146.144.24:5101, interval 0.5 s, duration 120 s, timeout 121 s...
[2024-11-03T22:29:56-0700] Current time exceeds end time, skipping wait
[2024-11-03T22:29:56-0700] Saved tcp downlink test to /data/data/com.termux/files/home/storage/shared/bos_la_2024_trip/verizon/20241103/222755806/tcp_downlink_222755847.out
[2024-11-03T22:29:56-0700] DL AVG TPUT: 
[2024-11-03T22:29:57-0700] tcp downlink test finished at 2024-11-03 22:29:56.938 MST, duration: 121.113 s
[2024-11-03T22:29:57-0700] -------------------------------
[2024-11-03T22:29:57-0700] Waiting for 2 s...
[2024-11-03T22:29:59-0700] -------------------------------
[2024-11-03T22:29:59-0700] Starting 5G booster for 5 s...
[2024-11-03T22:29:59-0700] 5G booster started at 2024-11-03 22:29:59.087 MST
[2024-11-03T22:30:05-0700] Current time exceeds end time, skipping wait
[2024-11-03T22:30:05-0700] Saved TCP DL results to /data/data/com.termux/files/home/storage/shared/bos_la_2024_trip/verizon/20241103/222755806/tcp_downlink_222959119.out
[2024-11-03T22:30:05-0700] DL AVG TPUT: 
[2024-11-03T22:30:05-0700] 5G booster finished at 2024-11-03 22:30:05.197 MST, duration: 6.110 s
[2024-11-03T22:30:05-0700] -------------------------------
[2024-11-03T22:30:05-0700] Waiting for 2 s...
[2024-11-03T22:30:07-0700] -------------------------------
[2024-11-03T22:30:07-0700] tcp uplink test started at 2024-11-03 22:30:07.317 MST
[2024-11-03T22:30:07-0700] testing tcp uplink with 155.146.144.24:5101, interval 0.5, duration 120, timeout 121 ...
[2024-11-03T22:32:08-0700] Current time exceeds end time, skipping wait
[2024-11-03T22:32:08-0700] Saved uplink test to /data/data/com.termux/files/home/storage/shared/bos_la_2024_trip/verizon/20241103/222755806/tcp_uplink_223007348.out
[2024-11-03T22:32:08-0700] UL AVG TPUT: 
[2024-11-03T22:32:08-0700] tcp uplink test finished at 2024-11-03 22:32:08.404 MST, duration: 121.087 s
[2024-11-03T22:32:08-0700] -------------------------------
[2024-11-03T22:32:08-0700] Waiting for 2 s...
[2024-11-03T22:32:10-0700] -------------------------------
[2024-11-03T22:32:10-0700] Starting 5G booster for 5 s...
[2024-11-03T22:32:10-0700] 5G booster started at 2024-11-03 22:32:10.527 MST
[2024-11-03T22:32:16-0700] Current time exceeds end time, skipping wait
[2024-11-03T22:32:16-0700] Saved TCP DL results to /data/data/com.termux/files/home/storage/shared/bos_la_2024_trip/verizon/20241103/222755806/tcp_downlink_223210559.out
[2024-11-03T22:32:16-0700] DL AVG TPUT: 
[2024-11-03T22:32:16-0700] 5G booster finished at 2024-11-03 22:32:16.655 MST, duration: 6.128 s
[2024-11-03T22:32:16-0700] -------------------------------
[2024-11-03T22:32:16-0700] Waiting for 2 s...
[2024-11-03T22:32:18-0700] -------------------------------
[2024-11-03T22:32:18-0700] ICMP Ping test started at 2024-11-03 22:32:18.791 MST
[2024-11-03T22:32:48-0700] Waiting for .857 s to reach end time
[2024-11-03T22:32:49-0700] Saved ping test to /data/data/com.termux/files/home/storage/shared/bos_la_2024_trip/verizon/20241103/222755806/icmp_ping_223218830.out
[2024-11-03T22:32:49-0700] Ping summary (min/avg/max/mdev) = 15.057/41.754/710.586/85.454 ms
[2024-11-03T22:32:49-0700] Ping test finished at 2024-11-03 22:32:49.878 MST, duration: 31.087 s
[2024-11-03T22:32:49-0700] -------------------------------
[2024-11-03T22:32:49-0700] Waiting for 2 s...
[2024-11-03T22:32:51-0700] -------------------------------
[2024-11-03T22:32:51-0700] Starting 5G booster for 5 s...
[2024-11-03T22:32:52-0700] 5G booster started at 2024-11-03 22:32:52.017 MST
[2024-11-03T22:32:58-0700] Current time exceeds end time, skipping wait
[2024-11-03T22:32:58-0700] Saved TCP DL results to /data/data/com.termux/files/home/storage/shared/bos_la_2024_trip/verizon/20241103/222755806/tcp_downlink_223252047.out
[2024-11-03T22:32:58-0700] DL AVG TPUT: 
[2024-11-03T22:32:58-0700] 5G booster finished at 2024-11-03 22:32:58.143 MST, duration: 6.126 s
[2024-11-03T22:32:58-0700] -------------------------------
[2024-11-03T22:32:58-0700] Waiting for 2 s...
[2024-11-03T22:33:00-0700] -------------------------------
[2024-11-03T22:33:00-0700] TCP Ping test started at 2024-11-03 22:33:00.267 MST
[2024-11-03T22:33:31-0700] Current time exceeds end time, skipping wait
[2024-11-03T22:33:31-0700] Saved TCP Ping test to /data/data/com.termux/files/home/storage/shared/bos_la_2024_trip/verizon/20241103/222755806/tcp_ping_223300351.out
[2024-11-03T22:33:31-0700] TCP Ping summary (min/avg/max/mdev) 
[2024-11-03T22:33:31-0700] TCP Ping test finished at 2024-11-03 22:33:31.458 MST, duration: 31.191 s
[2024-11-03T22:33:31-0700] -------------------------------
[2024-11-03T22:33:31-0700] Waiting for 2 s...
[2024-11-03T22:33:33-0700] -------------------------------
[2024-11-03T22:33:33-0700] Traceroute test started at 2024-11-03 22:33:33.537 MST
[2024-11-03T22:33:34-0700] Waiting for 29.313 s to reach end time
[2024-11-03T22:34:03-0700] Saved traceroute test to /data/data/com.termux/files/home/storage/shared/bos_la_2024_trip/verizon/20241103/222755806/traceroute_223333559.out
[2024-11-03T22:34:03-0700] Traceroute summary (min/avg/max/mdev) 
[2024-11-03T22:34:03-0700] Traceroute test finished at 2024-11-03 22:34:03.622 MST, duration: 30.085 s
[2024-11-03T22:34:03-0700] -------------------------------
[2024-11-03T22:34:03-0700] All tests completed, cleaning up...
[2024-11-03T22:34:03-0700] -------------------------------
[2024-11-03T22:34:42-0700] [measurement] Load environment variables from prod.env file
[2024-11-03T22:34:42-0700] [measurement] Load operator-specific env from verizon.env file
[2024-11-03T22:34:42-0700] Starting a network measurement, please choose a server
[2024-11-03T22:34:42-0700] 0) West Cloud: 54.176.53.206
[2024-11-03T22:34:42-0700] 1) East Cloud: 54.197.223.49
[2024-11-03T22:34:42-0700] 2) Los Angeles Wavelength: 161.188.33.234
[2024-11-03T22:34:42-0700] 3) Las Vegas Wavelength: 155.146.118.158
[2024-11-03T22:34:42-0700] 4) Denver Wavelength: 155.146.144.24
[2024-11-03T22:34:42-0700] 5) Chicago Wavelength: 155.146.180.31
[2024-11-03T22:34:42-0700] 6) Boston Wavelength: 155.146.11.34
[2024-11-03T22:35:06-0700] Enter your choice (0-6): Testing verizon, server 4 (ip: 155.146.144.24, nuttcp_port: 5101, iperf_port: 5001)
[2024-11-03T22:35:06-0700] -------------------------------
[2024-11-03T22:35:06-0700] tcp downlink test started at 2024-11-03 22:35:06.626 MST
[2024-11-03T22:35:06-0700] Testing tcp downlink with 155.146.144.24:5101, interval 0.5 s, duration 120 s, timeout 121 s...
[2024-11-03T22:37:07-0700] Current time exceeds end time, skipping wait
[2024-11-03T22:37:07-0700] Saved tcp downlink test to /data/data/com.termux/files/home/storage/shared/bos_la_2024_trip/verizon/20241103/223506602/tcp_downlink_223506665.out
[2024-11-03T22:37:07-0700] DL AVG TPUT: 
[2024-11-03T22:37:07-0700] tcp downlink test finished at 2024-11-03 22:37:07.744 MST, duration: 121.118 s
[2024-11-03T22:37:07-0700] -------------------------------
[2024-11-03T22:37:07-0700] Waiting for 2 s...
[2024-11-03T22:37:09-0700] -------------------------------
[2024-11-03T22:37:09-0700] Starting 5G booster for 5 s...
[2024-11-03T22:37:09-0700] 5G booster started at 2024-11-03 22:37:09.849 MST
[2024-11-03T22:37:15-0700] Current time exceeds end time, skipping wait
[2024-11-03T22:37:15-0700] Saved TCP DL results to /data/data/com.termux/files/home/storage/shared/bos_la_2024_trip/verizon/20241103/223506602/tcp_downlink_223709876.out
[2024-11-03T22:37:15-0700] DL AVG TPUT: 
[2024-11-03T22:37:16-0700] 5G booster finished at 2024-11-03 22:37:15.950 MST, duration: 6.101 s
[2024-11-03T22:37:16-0700] -------------------------------
[2024-11-03T22:37:16-0700] Waiting for 2 s...
[2024-11-03T22:37:18-0700] -------------------------------
[2024-11-03T22:37:18-0700] tcp uplink test started at 2024-11-03 22:37:18.108 MST
[2024-11-03T22:37:18-0700] testing tcp uplink with 155.146.144.24:5101, interval 0.5, duration 120, timeout 121 ...
[2024-11-03T22:39:19-0700] Current time exceeds end time, skipping wait
[2024-11-03T22:39:19-0700] Saved uplink test to /data/data/com.termux/files/home/storage/shared/bos_la_2024_trip/verizon/20241103/223506602/tcp_uplink_223718138.out
[2024-11-03T22:39:19-0700] UL AVG TPUT: 
[2024-11-03T22:39:19-0700] tcp uplink test finished at 2024-11-03 22:39:19.219 MST, duration: 121.111 s
[2024-11-03T22:39:19-0700] -------------------------------
[2024-11-03T22:39:19-0700] Waiting for 2 s...
[2024-11-03T22:39:21-0700] -------------------------------
[2024-11-03T22:39:21-0700] Starting 5G booster for 5 s...
[2024-11-03T22:39:21-0700] 5G booster started at 2024-11-03 22:39:21.355 MST
[2024-11-03T22:39:27-0700] Current time exceeds end time, skipping wait
[2024-11-03T22:39:27-0700] Saved TCP DL results to /data/data/com.termux/files/home/storage/shared/bos_la_2024_trip/verizon/20241103/223506602/tcp_downlink_223921391.out
[2024-11-03T22:39:27-0700] DL AVG TPUT: 
[2024-11-03T22:39:27-0700] 5G booster finished at 2024-11-03 22:39:27.495 MST, duration: 6.140 s
[2024-11-03T22:39:27-0700] -------------------------------
[2024-11-03T22:39:27-0700] Waiting for 2 s...
[2024-11-03T22:39:29-0700] -------------------------------
[2024-11-03T22:39:29-0700] ICMP Ping test started at 2024-11-03 22:39:29.611 MST
[2024-11-03T22:39:59-0700] Waiting for .885 s to reach end time
[2024-11-03T22:40:00-0700] Saved ping test to /data/data/com.termux/files/home/storage/shared/bos_la_2024_trip/verizon/20241103/223506602/icmp_ping_223929645.out
[2024-11-03T22:40:00-0700] Ping summary (min/avg/max/mdev) = 14.199/34.927/130.668/15.347 ms
[2024-11-03T22:40:00-0700] Ping test finished at 2024-11-03 22:40:00.699 MST, duration: 31.088 s
[2024-11-03T22:40:00-0700] -------------------------------
[2024-11-03T22:40:00-0700] Waiting for 2 s...
[2024-11-03T22:40:02-0700] -------------------------------
[2024-11-03T22:40:02-0700] Starting 5G booster for 5 s...
[2024-11-03T22:40:02-0700] 5G booster started at 2024-11-03 22:40:02.817 MST
[2024-11-03T22:40:08-0700] Current time exceeds end time, skipping wait
[2024-11-03T22:40:08-0700] Saved TCP DL results to /data/data/com.termux/files/home/storage/shared/bos_la_2024_trip/verizon/20241103/223506602/tcp_downlink_224002885.out
[2024-11-03T22:40:08-0700] DL AVG TPUT: 
[2024-11-03T22:40:09-0700] 5G booster finished at 2024-11-03 22:40:08.940 MST, duration: 6.123 s
[2024-11-03T22:40:09-0700] -------------------------------
[2024-11-03T22:40:09-0700] Waiting for 2 s...
[2024-11-03T22:40:11-0700] -------------------------------
[2024-11-03T22:40:11-0700] TCP Ping test started at 2024-11-03 22:40:11.069 MST
[2024-11-03T22:40:42-0700] Current time exceeds end time, skipping wait
[2024-11-03T22:40:42-0700] Saved TCP Ping test to /data/data/com.termux/files/home/storage/shared/bos_la_2024_trip/verizon/20241103/223506602/tcp_ping_224011096.out
[2024-11-03T22:40:42-0700] TCP Ping summary (min/avg/max/mdev) 
[2024-11-03T22:40:42-0700] TCP Ping test finished at 2024-11-03 22:40:42.236 MST, duration: 31.167 s
[2024-11-03T22:40:42-0700] -------------------------------
[2024-11-03T22:40:42-0700] Waiting for 2 s...
[2024-11-03T22:40:44-0700] -------------------------------
[2024-11-03T22:40:44-0700] Traceroute test started at 2024-11-03 22:40:44.348 MST
[2024-11-03T22:40:45-0700] Waiting for 28.440 s to reach end time
[2024-11-03T22:41:14-0700] Saved traceroute test to /data/data/com.termux/files/home/storage/shared/bos_la_2024_trip/verizon/20241103/223506602/traceroute_224044380.out
[2024-11-03T22:41:14-0700] Traceroute summary (min/avg/max/mdev) 
[2024-11-03T22:41:14-0700] Traceroute test finished at 2024-11-03 22:41:14.460 MST, duration: 30.112 s
[2024-11-03T22:41:14-0700] -------------------------------
[2024-11-03T22:41:14-0700] All tests completed, cleaning up...
[2024-11-03T22:41:14-0700] -------------------------------
