[2024-11-01T00:10:39-0400] [measurement] Load environment variables from prod.env file
[2024-11-01T00:10:39-0400] [measurement] Load operator-specific env from verizon.env file
[2024-11-01T00:10:39-0400] Starting a network measurement, please choose a server
[2024-11-01T00:10:39-0400] 0) West Cloud: 54.176.53.206
[2024-11-01T00:10:39-0400] 1) East Cloud: 54.197.223.49
[2024-11-01T00:10:39-0400] 2) Los Angeles Wavelength: 161.188.33.234
[2024-11-01T00:10:39-0400] 3) Las Vegas Wavelength: 155.146.118.158
[2024-11-01T00:10:39-0400] 4) Denver Wavelength: 155.146.144.24
[2024-11-01T00:10:39-0400] 5) Chicago Wavelength: 155.146.180.31
[2024-11-01T00:10:39-0400] 6) Boston Wavelength: 155.146.11.34
[2024-11-01T00:11:25-0400] Enter your choice (0-6): Testing verizon, server 6 (ip: 155.146.11.34, nuttcp_port: 5101, iperf_port: 5001)
[2024-11-01T00:11:25-0400] -------------------------------
[2024-11-01T00:11:25-0400] tcp downlink test started at 2024-11-01 00:11:25.713 EDT
[2024-11-01T00:11:25-0400] Testing tcp downlink with 155.146.11.34:5101, interval 0.5 s, duration 120 s, timeout 121 s...
[2024-11-01T00:13:26-0400] Current time exceeds end time, skipping wait
[2024-11-01T00:13:26-0400] Saved tcp downlink test to /data/data/com.termux/files/home/storage/shared/bos_la_2024_trip/verizon/20241101/001125688/tcp_downlink_001125739.out
[2024-11-01T00:13:26-0400] DL AVG TPUT: 
[2024-11-01T00:13:26-0400] tcp downlink test finished at 2024-11-01 00:13:26.851 EDT, duration: 121.138 s
[2024-11-01T00:13:26-0400] -------------------------------
[2024-11-01T00:13:26-0400] Waiting for 2 s...
[2024-11-01T00:13:28-0400] -------------------------------
[2024-11-01T00:13:28-0400] Starting 5G booster for 5 s...
[2024-11-01T00:13:29-0400] 5G booster started at 2024-11-01 00:13:29.006 EDT
[2024-11-01T00:13:35-0400] Current time exceeds end time, skipping wait
[2024-11-01T00:13:35-0400] Saved TCP DL results to /data/data/com.termux/files/home/storage/shared/bos_la_2024_trip/verizon/20241101/001125688/tcp_downlink_001329038.out
[2024-11-01T00:13:35-0400] DL AVG TPUT: 
[2024-11-01T00:13:35-0400] 5G booster finished at 2024-11-01 00:13:35.148 EDT, duration: 6.142 s
[2024-11-01T00:13:35-0400] -------------------------------
[2024-11-01T00:13:35-0400] Waiting for 2 s...
[2024-11-01T00:13:37-0400] -------------------------------
[2024-11-01T00:13:37-0400] tcp uplink test started at 2024-11-01 00:13:37.256 EDT
[2024-11-01T00:13:37-0400] testing tcp uplink with 155.146.11.34:5101, interval 0.5, duration 120, timeout 121 ...
[2024-11-01T00:15:38-0400] Waiting for .005 s to reach end time
[2024-11-01T00:15:38-0400] Saved uplink test to /data/data/com.termux/files/home/storage/shared/bos_la_2024_trip/verizon/20241101/001125688/tcp_uplink_001337286.out
[2024-11-01T00:15:38-0400] UL AVG TPUT: 13.8078 Mbps
[2024-11-01T00:15:38-0400] tcp uplink test finished at 2024-11-01 00:15:38.319 EDT, duration: 121.063 s
[2024-11-01T00:15:38-0400] -------------------------------
[2024-11-01T00:15:38-0400] Waiting for 2 s...
[2024-11-01T00:15:40-0400] -------------------------------
[2024-11-01T00:15:40-0400] Starting 5G booster for 5 s...
[2024-11-01T00:15:40-0400] 5G booster started at 2024-11-01 00:15:40.470 EDT
[2024-11-01T00:15:46-0400] Current time exceeds end time, skipping wait
[2024-11-01T00:15:46-0400] Saved TCP DL results to /data/data/com.termux/files/home/storage/shared/bos_la_2024_trip/verizon/20241101/001125688/tcp_downlink_001540518.out
[2024-11-01T00:15:46-0400] DL AVG TPUT: 
[2024-11-01T00:15:46-0400] 5G booster finished at 2024-11-01 00:15:46.600 EDT, duration: 6.130 s
[2024-11-01T00:15:46-0400] -------------------------------
[2024-11-01T00:15:46-0400] Waiting for 2 s...
[2024-11-01T00:15:48-0400] -------------------------------
[2024-11-01T00:15:48-0400] ICMP Ping test started at 2024-11-01 00:15:48.732 EDT
[2024-11-01T00:16:18-0400] Waiting for .894 s to reach end time
[2024-11-01T00:16:19-0400] Saved ping test to /data/data/com.termux/files/home/storage/shared/bos_la_2024_trip/verizon/20241101/001125688/icmp_ping_001548761.out
[2024-11-01T00:16:19-0400] Ping summary (min/avg/max/mdev) = 23.246/33.201/77.212/7.320 ms
[2024-11-01T00:16:19-0400] Ping test finished at 2024-11-01 00:16:19.880 EDT, duration: 31.148 s
[2024-11-01T00:16:19-0400] -------------------------------
[2024-11-01T00:16:19-0400] Waiting for 2 s...
[2024-11-01T00:16:21-0400] -------------------------------
[2024-11-01T00:16:21-0400] Starting 5G booster for 5 s...
[2024-11-01T00:16:22-0400] 5G booster started at 2024-11-01 00:16:22.006 EDT
[2024-11-01T00:16:28-0400] Current time exceeds end time, skipping wait
[2024-11-01T00:16:28-0400] Saved TCP DL results to /data/data/com.termux/files/home/storage/shared/bos_la_2024_trip/verizon/20241101/001125688/tcp_downlink_001622058.out
[2024-11-01T00:16:28-0400] DL AVG TPUT: 
[2024-11-01T00:16:28-0400] 5G booster finished at 2024-11-01 00:16:28.171 EDT, duration: 6.165 s
[2024-11-01T00:16:28-0400] -------------------------------
[2024-11-01T00:16:28-0400] Waiting for 2 s...
[2024-11-01T00:16:30-0400] -------------------------------
[2024-11-01T00:16:30-0400] TCP Ping test started at 2024-11-01 00:16:30.309 EDT
[2024-11-01T00:17:01-0400] Current time exceeds end time, skipping wait
[2024-11-01T00:17:01-0400] Saved TCP Ping test to /data/data/com.termux/files/home/storage/shared/bos_la_2024_trip/verizon/20241101/001125688/tcp_ping_001630360.out
[2024-11-01T00:17:01-0400] TCP Ping summary (min/avg/max/mdev) 
[2024-11-01T00:17:01-0400] TCP Ping test finished at 2024-11-01 00:17:01.445 EDT, duration: 31.136 s
[2024-11-01T00:17:01-0400] -------------------------------
[2024-11-01T00:17:01-0400] Waiting for 2 s...
[2024-11-01T00:17:03-0400] -------------------------------
[2024-11-01T00:17:03-0400] Traceroute test started at 2024-11-01 00:17:03.571 EDT
[2024-11-01T00:17:04-0400] Waiting for 28.925 s to reach end time
[2024-11-01T00:17:33-0400] Saved traceroute test to /data/data/com.termux/files/home/storage/shared/bos_la_2024_trip/verizon/20241101/001125688/traceroute_001703623.out
[2024-11-01T00:17:33-0400] Traceroute summary (min/avg/max/mdev) 
[2024-11-01T00:17:33-0400] Traceroute test finished at 2024-11-01 00:17:33.697 EDT, duration: 30.126 s
[2024-11-01T00:17:33-0400] -------------------------------
[2024-11-01T00:17:33-0400] All tests completed, cleaning up...
[2024-11-01T00:17:33-0400] -------------------------------
[2024-11-01T14:57:10-0700] [measurement] Load environment variables from prod.env file
[2024-11-01T14:57:10-0700] [measurement] Load operator-specific env from verizon.env file
[2024-11-01T14:57:10-0700] Starting a network measurement, please choose a server
[2024-11-01T14:57:10-0700] 0) West Cloud: 54.176.53.206
[2024-11-01T14:57:10-0700] 1) East Cloud: 54.197.223.49
[2024-11-01T14:57:10-0700] 2) Los Angeles Wavelength: 161.188.33.234
[2024-11-01T14:57:10-0700] 3) Las Vegas Wavelength: 155.146.118.158
[2024-11-01T14:57:10-0700] 4) Denver Wavelength: 155.146.144.24
[2024-11-01T14:57:10-0700] 5) Chicago Wavelength: 155.146.180.31
[2024-11-01T14:57:10-0700] 6) Boston Wavelength: 155.146.11.34
[2024-11-01T14:57:29-0700] Enter your choice (0-6): Testing verizon, server 0 (ip: 54.176.53.206, nuttcp_port: 5101, iperf_port: 5001)
[2024-11-01T14:57:29-0700] -------------------------------
[2024-11-01T14:57:29-0700] tcp downlink test started at 2024-11-01 14:57:29.978 PDT
[2024-11-01T14:57:30-0700] Testing tcp downlink with 54.176.53.206:5101, interval 0.5 s, duration 120 s, timeout 121 s...
[2024-11-01T14:59:31-0700] Current time exceeds end time, skipping wait
[2024-11-01T14:59:31-0700] Saved tcp downlink test to /data/data/com.termux/files/home/storage/shared/bos_la_2024_trip/verizon/20241101/145729961/tcp_downlink_145730000.out
[2024-11-01T14:59:31-0700] DL AVG TPUT: 
[2024-11-01T14:59:31-0700] tcp downlink test finished at 2024-11-01 14:59:31.142 PDT, duration: 121.164 s
[2024-11-01T14:59:31-0700] -------------------------------
[2024-11-01T14:59:31-0700] Waiting for 2 s...
[2024-11-01T14:59:33-0700] -------------------------------
[2024-11-01T14:59:33-0700] Starting 5G booster for 5 s...
[2024-11-01T14:59:33-0700] 5G booster started at 2024-11-01 14:59:33.311 PDT
[2024-11-01T14:59:39-0700] Current time exceeds end time, skipping wait
[2024-11-01T14:59:39-0700] Saved TCP DL results to /data/data/com.termux/files/home/storage/shared/bos_la_2024_trip/verizon/20241101/145729961/tcp_downlink_145933340.out
[2024-11-01T14:59:39-0700] DL AVG TPUT: 
[2024-11-01T14:59:39-0700] 5G booster finished at 2024-11-01 14:59:39.431 PDT, duration: 6.120 s
[2024-11-01T14:59:39-0700] -------------------------------
[2024-11-01T14:59:39-0700] Waiting for 2 s...
[2024-11-01T14:59:41-0700] -------------------------------
[2024-11-01T14:59:41-0700] tcp uplink test started at 2024-11-01 14:59:41.561 PDT
[2024-11-01T14:59:41-0700] testing tcp uplink with 54.176.53.206:5101, interval 0.5, duration 120, timeout 121 ...
[2024-11-01T15:01:42-0700] Current time exceeds end time, skipping wait
[2024-11-01T15:01:42-0700] Saved uplink test to /data/data/com.termux/files/home/storage/shared/bos_la_2024_trip/verizon/20241101/145729961/tcp_uplink_145941610.out
[2024-11-01T15:01:42-0700] UL AVG TPUT: 69.0150 Mbps
[2024-11-01T15:01:42-0700] tcp uplink test finished at 2024-11-01 15:01:42.693 PDT, duration: 121.132 s
[2024-11-01T15:01:42-0700] -------------------------------
[2024-11-01T15:01:42-0700] Waiting for 2 s...
[2024-11-01T15:01:44-0700] -------------------------------
[2024-11-01T15:01:44-0700] Starting 5G booster for 5 s...
[2024-11-01T15:01:44-0700] 5G booster started at 2024-11-01 15:01:44.848 PDT
[2024-11-01T15:01:45-0700] server aborted connection
[2024-11-01T15:01:45-0700] Waiting for 5.764 s to reach end time
[2024-11-01T15:01:50-0700] Saved TCP DL results to /data/data/com.termux/files/home/storage/shared/bos_la_2024_trip/verizon/20241101/145729961/tcp_downlink_150144891.out
[2024-11-01T15:01:50-0700] [CAUTION] EMPTY LOG!
[2024-11-01T15:01:51-0700] 5G booster finished at 2024-11-01 15:01:50.959 PDT, duration: 6.111 s
[2024-11-01T15:01:51-0700] -------------------------------
[2024-11-01T15:01:51-0700] Waiting for 2 s...
[2024-11-01T15:01:53-0700] -------------------------------
[2024-11-01T15:01:53-0700] ICMP Ping test started at 2024-11-01 15:01:53.088 PDT
[2024-11-01T15:02:23-0700] Waiting for .853 s to reach end time
[2024-11-01T15:02:24-0700] Saved ping test to /data/data/com.termux/files/home/storage/shared/bos_la_2024_trip/verizon/20241101/145729961/icmp_ping_150153132.out
[2024-11-01T15:02:24-0700] Ping summary (min/avg/max/mdev) = 29.601/44.531/58.313/5.927 ms
[2024-11-01T15:02:24-0700] Ping test finished at 2024-11-01 15:02:24.207 PDT, duration: 31.119 s
[2024-11-01T15:02:24-0700] -------------------------------
[2024-11-01T15:02:24-0700] Waiting for 2 s...
[2024-11-01T15:02:26-0700] -------------------------------
[2024-11-01T15:02:26-0700] Starting 5G booster for 5 s...
[2024-11-01T15:02:26-0700] 5G booster started at 2024-11-01 15:02:26.354 PDT
[2024-11-01T15:02:32-0700] Current time exceeds end time, skipping wait
[2024-11-01T15:02:32-0700] Saved TCP DL results to /data/data/com.termux/files/home/storage/shared/bos_la_2024_trip/verizon/20241101/145729961/tcp_downlink_150226394.out
[2024-11-01T15:02:32-0700] DL AVG TPUT: 
[2024-11-01T15:02:32-0700] 5G booster finished at 2024-11-01 15:02:32.508 PDT, duration: 6.154 s
[2024-11-01T15:02:32-0700] -------------------------------
[2024-11-01T15:02:32-0700] Waiting for 2 s...
[2024-11-01T15:02:34-0700] -------------------------------
[2024-11-01T15:02:34-0700] TCP Ping test started at 2024-11-01 15:02:34.626 PDT
[2024-11-01T15:03:05-0700] Current time exceeds end time, skipping wait
[2024-11-01T15:03:05-0700] Saved TCP Ping test to /data/data/com.termux/files/home/storage/shared/bos_la_2024_trip/verizon/20241101/145729961/tcp_ping_150234659.out
[2024-11-01T15:03:05-0700] TCP Ping summary (min/avg/max/mdev) 
[2024-11-01T15:03:05-0700] TCP Ping test finished at 2024-11-01 15:03:05.798 PDT, duration: 31.172 s
[2024-11-01T15:03:05-0700] -------------------------------
[2024-11-01T15:03:05-0700] Waiting for 2 s...
[2024-11-01T15:03:07-0700] -------------------------------
[2024-11-01T15:03:07-0700] Traceroute test started at 2024-11-01 15:03:07.907 PDT
[2024-11-01T15:03:09-0700] Waiting for 28.209 s to reach end time
[2024-11-01T15:03:38-0700] Saved traceroute test to /data/data/com.termux/files/home/storage/shared/bos_la_2024_trip/verizon/20241101/145729961/traceroute_150307935.out
[2024-11-01T15:03:38-0700] Traceroute summary (min/avg/max/mdev) 
[2024-11-01T15:03:38-0700] Traceroute test finished at 2024-11-01 15:03:38.012 PDT, duration: 30.105 s
[2024-11-01T15:03:38-0700] -------------------------------
[2024-11-01T15:03:38-0700] All tests completed, cleaning up...
[2024-11-01T15:03:38-0700] -------------------------------
[2024-11-01T15:06:51-0700] [measurement] Load environment variables from prod.env file
[2024-11-01T15:06:51-0700] [measurement] Load operator-specific env from verizon.env file
[2024-11-01T15:06:51-0700] Starting a network measurement, please choose a server
[2024-11-01T15:06:51-0700] 0) West Cloud: 54.176.53.206
[2024-11-01T15:06:51-0700] 1) East Cloud: 54.197.223.49
[2024-11-01T15:06:51-0700] 2) Los Angeles Wavelength: 161.188.33.234
[2024-11-01T15:06:51-0700] 3) Las Vegas Wavelength: 155.146.118.158
[2024-11-01T15:06:51-0700] 4) Denver Wavelength: 155.146.144.24
[2024-11-01T15:06:51-0700] 5) Chicago Wavelength: 155.146.180.31
[2024-11-01T15:06:51-0700] 6) Boston Wavelength: 155.146.11.34
[2024-11-01T15:07:10-0700] Enter your choice (0-6): Testing verizon, server 2 (ip: 161.188.33.234, nuttcp_port: 5101, iperf_port: 5001)
[2024-11-01T15:07:10-0700] -------------------------------
[2024-11-01T15:07:10-0700] tcp downlink test started at 2024-11-01 15:07:10.120 PDT
[2024-11-01T15:07:10-0700] Testing tcp downlink with 161.188.33.234:5101, interval 0.5 s, duration 120 s, timeout 121 s...
[2024-11-01T15:09:11-0700] Current time exceeds end time, skipping wait
[2024-11-01T15:09:11-0700] Saved tcp downlink test to /data/data/com.termux/files/home/storage/shared/bos_la_2024_trip/verizon/20241101/150710092/tcp_downlink_150710149.out
[2024-11-01T15:09:11-0700] DL AVG TPUT: 
[2024-11-01T15:09:11-0700] tcp downlink test finished at 2024-11-01 15:09:11.250 PDT, duration: 121.130 s
[2024-11-01T15:09:11-0700] -------------------------------
[2024-11-01T15:09:11-0700] Waiting for 2 s...
[2024-11-01T15:09:13-0700] -------------------------------
[2024-11-01T15:09:13-0700] Starting 5G booster for 5 s...
[2024-11-01T15:09:13-0700] 5G booster started at 2024-11-01 15:09:13.415 PDT
[2024-11-01T15:09:19-0700] Current time exceeds end time, skipping wait
[2024-11-01T15:09:19-0700] Saved TCP DL results to /data/data/com.termux/files/home/storage/shared/bos_la_2024_trip/verizon/20241101/150710092/tcp_downlink_150913451.out
[2024-11-01T15:09:19-0700] DL AVG TPUT: 
[2024-11-01T15:09:19-0700] 5G booster finished at 2024-11-01 15:09:19.558 PDT, duration: 6.143 s
[2024-11-01T15:09:19-0700] -------------------------------
[2024-11-01T15:09:19-0700] Waiting for 2 s...
[2024-11-01T15:09:21-0700] -------------------------------
[2024-11-01T15:09:21-0700] tcp uplink test started at 2024-11-01 15:09:21.709 PDT
[2024-11-01T15:09:21-0700] testing tcp uplink with 161.188.33.234:5101, interval 0.5, duration 120, timeout 121 ...
[2024-11-01T15:11:22-0700] Current time exceeds end time, skipping wait
[2024-11-01T15:11:22-0700] Saved uplink test to /data/data/com.termux/files/home/storage/shared/bos_la_2024_trip/verizon/20241101/150710092/tcp_uplink_150921768.out
[2024-11-01T15:11:22-0700] UL AVG TPUT: 
[2024-11-01T15:11:22-0700] tcp uplink test finished at 2024-11-01 15:11:22.873 PDT, duration: 121.164 s
[2024-11-01T15:11:22-0700] -------------------------------
[2024-11-01T15:11:22-0700] Waiting for 2 s...
[2024-11-01T15:11:24-0700] -------------------------------
[2024-11-01T15:11:24-0700] Starting 5G booster for 5 s...
[2024-11-01T15:11:25-0700] 5G booster started at 2024-11-01 15:11:25.011 PDT
[2024-11-01T15:11:31-0700] Current time exceeds end time, skipping wait
[2024-11-01T15:11:31-0700] Saved TCP DL results to /data/data/com.termux/files/home/storage/shared/bos_la_2024_trip/verizon/20241101/150710092/tcp_downlink_151125049.out
[2024-11-01T15:11:31-0700] DL AVG TPUT: 
[2024-11-01T15:11:31-0700] 5G booster finished at 2024-11-01 15:11:31.134 PDT, duration: 6.123 s
[2024-11-01T15:11:31-0700] -------------------------------
[2024-11-01T15:11:31-0700] Waiting for 2 s...
[2024-11-01T15:11:33-0700] -------------------------------
[2024-11-01T15:11:33-0700] ICMP Ping test started at 2024-11-01 15:11:33.275 PDT
[2024-11-01T15:12:03-0700] Waiting for .828 s to reach end time
[2024-11-01T15:12:04-0700] Saved ping test to /data/data/com.termux/files/home/storage/shared/bos_la_2024_trip/verizon/20241101/150710092/icmp_ping_151133314.out
[2024-11-01T15:12:04-0700] Ping summary (min/avg/max/mdev) = 19.305/33.941/47.419/6.190 ms
[2024-11-01T15:12:04-0700] Ping test finished at 2024-11-01 15:12:04.383 PDT, duration: 31.108 s
[2024-11-01T15:12:04-0700] -------------------------------
[2024-11-01T15:12:04-0700] Waiting for 2 s...
[2024-11-01T15:12:06-0700] -------------------------------
[2024-11-01T15:12:06-0700] Starting 5G booster for 5 s...
[2024-11-01T15:12:06-0700] 5G booster started at 2024-11-01 15:12:06.561 PDT
[2024-11-01T15:12:12-0700] Current time exceeds end time, skipping wait
[2024-11-01T15:12:12-0700] Saved TCP DL results to /data/data/com.termux/files/home/storage/shared/bos_la_2024_trip/verizon/20241101/150710092/tcp_downlink_151206609.out
[2024-11-01T15:12:12-0700] DL AVG TPUT: 
[2024-11-01T15:12:12-0700] 5G booster finished at 2024-11-01 15:12:12.737 PDT, duration: 6.176 s
[2024-11-01T15:12:12-0700] -------------------------------
[2024-11-01T15:12:12-0700] Waiting for 2 s...
[2024-11-01T15:12:14-0700] -------------------------------
[2024-11-01T15:12:14-0700] TCP Ping test started at 2024-11-01 15:12:14.863 PDT
[2024-11-01T15:12:46-0700] Current time exceeds end time, skipping wait
[2024-11-01T15:12:46-0700] Saved TCP Ping test to /data/data/com.termux/files/home/storage/shared/bos_la_2024_trip/verizon/20241101/150710092/tcp_ping_151214938.out
[2024-11-01T15:12:46-0700] TCP Ping summary (min/avg/max/mdev) 
[2024-11-01T15:12:46-0700] TCP Ping test finished at 2024-11-01 15:12:46.030 PDT, duration: 31.167 s
[2024-11-01T15:12:46-0700] -------------------------------
[2024-11-01T15:12:46-0700] Waiting for 2 s...
[2024-11-01T15:12:48-0700] -------------------------------
[2024-11-01T15:12:48-0700] Traceroute test started at 2024-11-01 15:12:48.139 PDT
[2024-11-01T15:12:50-0700] Waiting for 27.892 s to reach end time
[2024-11-01T15:13:18-0700] Saved traceroute test to /data/data/com.termux/files/home/storage/shared/bos_la_2024_trip/verizon/20241101/150710092/traceroute_151248167.out
[2024-11-01T15:13:18-0700] Traceroute summary (min/avg/max/mdev) 
[2024-11-01T15:13:18-0700] Traceroute test finished at 2024-11-01 15:13:18.246 PDT, duration: 30.107 s
[2024-11-01T15:13:18-0700] -------------------------------
[2024-11-01T15:13:18-0700] All tests completed, cleaning up...
[2024-11-01T15:13:18-0700] -------------------------------
[2024-11-01T15:14:54-0700] [measurement] Load environment variables from prod.env file
[2024-11-01T15:14:54-0700] [measurement] Load operator-specific env from verizon.env file
[2024-11-01T15:14:54-0700] Starting a network measurement, please choose a server
[2024-11-01T15:14:54-0700] 0) West Cloud: 54.176.53.206
[2024-11-01T15:14:54-0700] 1) East Cloud: 54.197.223.49
[2024-11-01T15:14:54-0700] 2) Los Angeles Wavelength: 161.188.33.234
[2024-11-01T15:14:54-0700] 3) Las Vegas Wavelength: 155.146.118.158
[2024-11-01T15:14:54-0700] 4) Denver Wavelength: 155.146.144.24
[2024-11-01T15:14:54-0700] 5) Chicago Wavelength: 155.146.180.31
[2024-11-01T15:14:54-0700] 6) Boston Wavelength: 155.146.11.34
[2024-11-01T15:15:19-0700] Enter your choice (0-6): Testing verizon, server 2 (ip: 161.188.33.234, nuttcp_port: 5101, iperf_port: 5001)
[2024-11-01T15:15:19-0700] -------------------------------
[2024-11-01T15:15:19-0700] tcp downlink test started at 2024-11-01 15:15:19.346 PDT
[2024-11-01T15:15:19-0700] Testing tcp downlink with 161.188.33.234:5101, interval 0.5 s, duration 120 s, timeout 121 s...
[2024-11-01T15:17:20-0700] Current time exceeds end time, skipping wait
[2024-11-01T15:17:20-0700] Saved tcp downlink test to /data/data/com.termux/files/home/storage/shared/bos_la_2024_trip/verizon/20241101/151519322/tcp_downlink_151519382.out
[2024-11-01T15:17:20-0700] DL AVG TPUT: 
[2024-11-01T15:17:20-0700] tcp downlink test finished at 2024-11-01 15:17:20.510 PDT, duration: 121.164 s
[2024-11-01T15:17:20-0700] -------------------------------
[2024-11-01T15:17:20-0700] Waiting for 2 s...
[2024-11-01T15:17:22-0700] -------------------------------
[2024-11-01T15:17:22-0700] Starting 5G booster for 5 s...
[2024-11-01T15:17:22-0700] 5G booster started at 2024-11-01 15:17:22.657 PDT
[2024-11-01T15:17:28-0700] Current time exceeds end time, skipping wait
[2024-11-01T15:17:28-0700] Saved TCP DL results to /data/data/com.termux/files/home/storage/shared/bos_la_2024_trip/verizon/20241101/151519322/tcp_downlink_151722690.out
[2024-11-01T15:17:28-0700] DL AVG TPUT: 
[2024-11-01T15:17:28-0700] 5G booster finished at 2024-11-01 15:17:28.790 PDT, duration: 6.133 s
[2024-11-01T15:17:28-0700] -------------------------------
[2024-11-01T15:17:28-0700] Waiting for 2 s...
[2024-11-01T15:17:30-0700] -------------------------------
[2024-11-01T15:17:30-0700] tcp uplink test started at 2024-11-01 15:17:30.909 PDT
[2024-11-01T15:17:30-0700] testing tcp uplink with 161.188.33.234:5101, interval 0.5, duration 120, timeout 121 ...
[2024-11-01T15:19:32-0700] Current time exceeds end time, skipping wait
[2024-11-01T15:19:32-0700] Saved uplink test to /data/data/com.termux/files/home/storage/shared/bos_la_2024_trip/verizon/20241101/151519322/tcp_uplink_151730956.out
[2024-11-01T15:19:32-0700] UL AVG TPUT: 
[2024-11-01T15:19:32-0700] tcp uplink test finished at 2024-11-01 15:19:32.079 PDT, duration: 121.170 s
[2024-11-01T15:19:32-0700] -------------------------------
[2024-11-01T15:19:32-0700] Waiting for 2 s...
[2024-11-01T15:19:34-0700] -------------------------------
[2024-11-01T15:19:34-0700] Starting 5G booster for 5 s...
[2024-11-01T15:19:34-0700] 5G booster started at 2024-11-01 15:19:34.252 PDT
[2024-11-01T15:19:40-0700] Current time exceeds end time, skipping wait
[2024-11-01T15:19:40-0700] Saved TCP DL results to /data/data/com.termux/files/home/storage/shared/bos_la_2024_trip/verizon/20241101/151519322/tcp_downlink_151934289.out
[2024-11-01T15:19:40-0700] DL AVG TPUT: 
[2024-11-01T15:19:40-0700] 5G booster finished at 2024-11-01 15:19:40.404 PDT, duration: 6.152 s
[2024-11-01T15:19:40-0700] -------------------------------
[2024-11-01T15:19:40-0700] Waiting for 2 s...
[2024-11-01T15:19:42-0700] -------------------------------
[2024-11-01T15:19:42-0700] ICMP Ping test started at 2024-11-01 15:19:42.526 PDT
[2024-11-01T15:20:12-0700] Waiting for .839 s to reach end time
[2024-11-01T15:20:13-0700] Saved ping test to /data/data/com.termux/files/home/storage/shared/bos_la_2024_trip/verizon/20241101/151519322/icmp_ping_151942570.out
[2024-11-01T15:20:13-0700] Ping summary (min/avg/max/mdev) = 21.040/34.712/55.051/6.916 ms
[2024-11-01T15:20:13-0700] Ping test finished at 2024-11-01 15:20:13.630 PDT, duration: 31.104 s
[2024-11-01T15:20:13-0700] -------------------------------
[2024-11-01T15:20:13-0700] Waiting for 2 s...
[2024-11-01T15:20:15-0700] -------------------------------
[2024-11-01T15:20:15-0700] Starting 5G booster for 5 s...
[2024-11-01T15:20:15-0700] 5G booster started at 2024-11-01 15:20:15.740 PDT
[2024-11-01T15:20:21-0700] Current time exceeds end time, skipping wait
[2024-11-01T15:20:21-0700] Saved TCP DL results to /data/data/com.termux/files/home/storage/shared/bos_la_2024_trip/verizon/20241101/151519322/tcp_downlink_152015789.out
[2024-11-01T15:20:21-0700] DL AVG TPUT: 
[2024-11-01T15:20:22-0700] 5G booster finished at 2024-11-01 15:20:21.906 PDT, duration: 6.166 s
[2024-11-01T15:20:22-0700] -------------------------------
[2024-11-01T15:20:22-0700] Waiting for 2 s...
[2024-11-01T15:20:24-0700] -------------------------------
[2024-11-01T15:20:24-0700] TCP Ping test started at 2024-11-01 15:20:24.049 PDT
[2024-11-01T15:20:55-0700] Current time exceeds end time, skipping wait
[2024-11-01T15:20:55-0700] Saved TCP Ping test to /data/data/com.termux/files/home/storage/shared/bos_la_2024_trip/verizon/20241101/151519322/tcp_ping_152024083.out
[2024-11-01T15:20:55-0700] TCP Ping summary (min/avg/max/mdev) 
[2024-11-01T15:20:55-0700] TCP Ping test finished at 2024-11-01 15:20:55.241 PDT, duration: 31.192 s
[2024-11-01T15:20:55-0700] -------------------------------
[2024-11-01T15:20:55-0700] Waiting for 2 s...
[2024-11-01T15:20:57-0700] -------------------------------
[2024-11-01T15:20:57-0700] Traceroute test started at 2024-11-01 15:20:57.360 PDT
[2024-11-01T15:20:59-0700] Waiting for 27.898 s to reach end time
[2024-11-01T15:21:27-0700] Saved traceroute test to /data/data/com.termux/files/home/storage/shared/bos_la_2024_trip/verizon/20241101/151519322/traceroute_152057390.out
[2024-11-01T15:21:27-0700] Traceroute summary (min/avg/max/mdev) 
[2024-11-01T15:21:27-0700] Traceroute test finished at 2024-11-01 15:21:27.442 PDT, duration: 30.082 s
[2024-11-01T15:21:27-0700] -------------------------------
[2024-11-01T15:21:27-0700] All tests completed, cleaning up...
[2024-11-01T15:21:27-0700] -------------------------------
[2024-11-01T15:22:34-0700] [measurement] Load environment variables from prod.env file
[2024-11-01T15:22:34-0700] [measurement] Load operator-specific env from verizon.env file
[2024-11-01T15:22:34-0700] Starting a network measurement, please choose a server
[2024-11-01T15:22:34-0700] 0) West Cloud: 54.176.53.206
[2024-11-01T15:22:34-0700] 1) East Cloud: 54.197.223.49
[2024-11-01T15:22:34-0700] 2) Los Angeles Wavelength: 161.188.33.234
[2024-11-01T15:22:34-0700] 3) Las Vegas Wavelength: 155.146.118.158
[2024-11-01T15:22:34-0700] 4) Denver Wavelength: 155.146.144.24
[2024-11-01T15:22:34-0700] 5) Chicago Wavelength: 155.146.180.31
[2024-11-01T15:22:34-0700] 6) Boston Wavelength: 155.146.11.34
[2024-11-01T15:22:56-0700] Enter your choice (0-6): Testing verizon, server 2 (ip: 161.188.33.234, nuttcp_port: 5101, iperf_port: 5001)
[2024-11-01T15:22:56-0700] -------------------------------
[2024-11-01T15:22:56-0700] tcp downlink test started at 2024-11-01 15:22:56.594 PDT
[2024-11-01T15:22:56-0700] Testing tcp downlink with 161.188.33.234:5101, interval 0.5 s, duration 120 s, timeout 121 s...
[2024-11-01T15:24:57-0700] Current time exceeds end time, skipping wait
[2024-11-01T15:24:57-0700] Saved tcp downlink test to /data/data/com.termux/files/home/storage/shared/bos_la_2024_trip/verizon/20241101/152256571/tcp_downlink_152256625.out
[2024-11-01T15:24:57-0700] DL AVG TPUT: 
[2024-11-01T15:24:57-0700] tcp downlink test finished at 2024-11-01 15:24:57.759 PDT, duration: 121.165 s
[2024-11-01T15:24:57-0700] -------------------------------
[2024-11-01T15:24:57-0700] Waiting for 2 s...
[2024-11-01T15:24:59-0700] -------------------------------
[2024-11-01T15:24:59-0700] Starting 5G booster for 5 s...
[2024-11-01T15:24:59-0700] 5G booster started at 2024-11-01 15:24:59.894 PDT
[2024-11-01T15:25:06-0700] Current time exceeds end time, skipping wait
[2024-11-01T15:25:06-0700] Saved TCP DL results to /data/data/com.termux/files/home/storage/shared/bos_la_2024_trip/verizon/20241101/152256571/tcp_downlink_152459936.out
[2024-11-01T15:25:06-0700] DL AVG TPUT: 
[2024-11-01T15:25:06-0700] 5G booster finished at 2024-11-01 15:25:06.041 PDT, duration: 6.147 s
[2024-11-01T15:25:06-0700] -------------------------------
[2024-11-01T15:25:06-0700] Waiting for 2 s...
[2024-11-01T15:25:08-0700] -------------------------------
[2024-11-01T15:25:08-0700] tcp uplink test started at 2024-11-01 15:25:08.164 PDT
[2024-11-01T15:25:08-0700] testing tcp uplink with 161.188.33.234:5101, interval 0.5, duration 120, timeout 121 ...
[2024-11-01T15:27:09-0700] Current time exceeds end time, skipping wait
[2024-11-01T15:27:09-0700] Saved uplink test to /data/data/com.termux/files/home/storage/shared/bos_la_2024_trip/verizon/20241101/152256571/tcp_uplink_152508207.out
[2024-11-01T15:27:09-0700] UL AVG TPUT: 
[2024-11-01T15:27:09-0700] tcp uplink test finished at 2024-11-01 15:27:09.316 PDT, duration: 121.152 s
[2024-11-01T15:27:09-0700] -------------------------------
[2024-11-01T15:27:09-0700] Waiting for 2 s...
[2024-11-01T15:27:11-0700] -------------------------------
[2024-11-01T15:27:11-0700] Starting 5G booster for 5 s...
[2024-11-01T15:27:11-0700] 5G booster started at 2024-11-01 15:27:11.459 PDT
[2024-11-01T15:27:17-0700] Current time exceeds end time, skipping wait
[2024-11-01T15:27:17-0700] Saved TCP DL results to /data/data/com.termux/files/home/storage/shared/bos_la_2024_trip/verizon/20241101/152256571/tcp_downlink_152711496.out
[2024-11-01T15:27:17-0700] DL AVG TPUT: 
[2024-11-01T15:27:17-0700] 5G booster finished at 2024-11-01 15:27:17.641 PDT, duration: 6.182 s
[2024-11-01T15:27:17-0700] -------------------------------
[2024-11-01T15:27:17-0700] Waiting for 2 s...
[2024-11-01T15:27:19-0700] -------------------------------
[2024-11-01T15:27:19-0700] ICMP Ping test started at 2024-11-01 15:27:19.797 PDT
[2024-11-01T15:27:49-0700] Waiting for .853 s to reach end time
[2024-11-01T15:27:50-0700] Saved ping test to /data/data/com.termux/files/home/storage/shared/bos_la_2024_trip/verizon/20241101/152256571/icmp_ping_152719845.out
[2024-11-01T15:27:50-0700] Ping summary (min/avg/max/mdev) = 21.273/39.152/70.942/7.810 ms
[2024-11-01T15:27:50-0700] Ping test finished at 2024-11-01 15:27:50.884 PDT, duration: 31.087 s
[2024-11-01T15:27:50-0700] -------------------------------
[2024-11-01T15:27:50-0700] Waiting for 2 s...
[2024-11-01T15:27:52-0700] -------------------------------
[2024-11-01T15:27:52-0700] Starting 5G booster for 5 s...
[2024-11-01T15:27:53-0700] 5G booster started at 2024-11-01 15:27:52.993 PDT
[2024-11-01T15:27:59-0700] Current time exceeds end time, skipping wait
[2024-11-01T15:27:59-0700] Saved TCP DL results to /data/data/com.termux/files/home/storage/shared/bos_la_2024_trip/verizon/20241101/152256571/tcp_downlink_152753042.out
[2024-11-01T15:27:59-0700] DL AVG TPUT: 
[2024-11-01T15:27:59-0700] 5G booster finished at 2024-11-01 15:27:59.137 PDT, duration: 6.144 s
[2024-11-01T15:27:59-0700] -------------------------------
[2024-11-01T15:27:59-0700] Waiting for 2 s...
[2024-11-01T15:28:01-0700] -------------------------------
[2024-11-01T15:28:01-0700] TCP Ping test started at 2024-11-01 15:28:01.265 PDT
[2024-11-01T15:28:32-0700] Current time exceeds end time, skipping wait
[2024-11-01T15:28:32-0700] Saved TCP Ping test to /data/data/com.termux/files/home/storage/shared/bos_la_2024_trip/verizon/20241101/152256571/tcp_ping_152801289.out
[2024-11-01T15:28:32-0700] TCP Ping summary (min/avg/max/mdev) 
[2024-11-01T15:28:32-0700] TCP Ping test finished at 2024-11-01 15:28:32.393 PDT, duration: 31.128 s
[2024-11-01T15:28:32-0700] -------------------------------
[2024-11-01T15:28:32-0700] Waiting for 2 s...
[2024-11-01T15:28:34-0700] -------------------------------
[2024-11-01T15:28:34-0700] Traceroute test started at 2024-11-01 15:28:34.496 PDT
[2024-11-01T15:28:35-0700] Waiting for 28.600 s to reach end time
[2024-11-01T15:29:04-0700] Saved traceroute test to /data/data/com.termux/files/home/storage/shared/bos_la_2024_trip/verizon/20241101/152256571/traceroute_152834531.out
[2024-11-01T15:29:04-0700] Traceroute summary (min/avg/max/mdev) 
[2024-11-01T15:29:04-0700] Traceroute test finished at 2024-11-01 15:29:04.600 PDT, duration: 30.104 s
[2024-11-01T15:29:04-0700] -------------------------------
[2024-11-01T15:29:04-0700] All tests completed, cleaning up...
[2024-11-01T15:29:04-0700] -------------------------------
[2024-11-01T15:30:04-0700] [measurement] Load environment variables from prod.env file
[2024-11-01T15:30:04-0700] [measurement] Load operator-specific env from verizon.env file
[2024-11-01T15:30:04-0700] Starting a network measurement, please choose a server
[2024-11-01T15:30:04-0700] 0) West Cloud: 54.176.53.206
[2024-11-01T15:30:04-0700] 1) East Cloud: 54.197.223.49
[2024-11-01T15:30:04-0700] 2) Los Angeles Wavelength: 161.188.33.234
[2024-11-01T15:30:04-0700] 3) Las Vegas Wavelength: 155.146.118.158
[2024-11-01T15:30:04-0700] 4) Denver Wavelength: 155.146.144.24
[2024-11-01T15:30:04-0700] 5) Chicago Wavelength: 155.146.180.31
[2024-11-01T15:30:04-0700] 6) Boston Wavelength: 155.146.11.34
[2024-11-01T15:30:27-0700] Enter your choice (0-6): Testing verizon, server 2 (ip: 161.188.33.234, nuttcp_port: 5101, iperf_port: 5001)
[2024-11-01T15:30:27-0700] -------------------------------
[2024-11-01T15:30:27-0700] tcp downlink test started at 2024-11-01 15:30:27.238 PDT
[2024-11-01T15:30:27-0700] Testing tcp downlink with 161.188.33.234:5101, interval 0.5 s, duration 120 s, timeout 121 s...
[2024-11-01T15:32:28-0700] Current time exceeds end time, skipping wait
[2024-11-01T15:32:28-0700] Saved tcp downlink test to /data/data/com.termux/files/home/storage/shared/bos_la_2024_trip/verizon/20241101/153027206/tcp_downlink_153027264.out
[2024-11-01T15:32:28-0700] DL AVG TPUT: 
[2024-11-01T15:32:28-0700] tcp downlink test finished at 2024-11-01 15:32:28.340 PDT, duration: 121.102 s
[2024-11-01T15:32:28-0700] -------------------------------
[2024-11-01T15:32:28-0700] Waiting for 2 s...
[2024-11-01T15:32:30-0700] -------------------------------
[2024-11-01T15:32:30-0700] Starting 5G booster for 5 s...
[2024-11-01T15:32:30-0700] 5G booster started at 2024-11-01 15:32:30.451 PDT
[2024-11-01T15:32:36-0700] Current time exceeds end time, skipping wait
[2024-11-01T15:32:36-0700] Saved TCP DL results to /data/data/com.termux/files/home/storage/shared/bos_la_2024_trip/verizon/20241101/153027206/tcp_downlink_153230482.out
[2024-11-01T15:32:36-0700] DL AVG TPUT: 
[2024-11-01T15:32:36-0700] 5G booster finished at 2024-11-01 15:32:36.560 PDT, duration: 6.109 s
[2024-11-01T15:32:36-0700] -------------------------------
[2024-11-01T15:32:36-0700] Waiting for 2 s...
[2024-11-01T15:32:38-0700] -------------------------------
[2024-11-01T15:32:38-0700] tcp uplink test started at 2024-11-01 15:32:38.683 PDT
[2024-11-01T15:32:38-0700] testing tcp uplink with 161.188.33.234:5101, interval 0.5, duration 120, timeout 121 ...
[2024-11-01T15:34:39-0700] Current time exceeds end time, skipping wait
[2024-11-01T15:34:39-0700] Saved uplink test to /data/data/com.termux/files/home/storage/shared/bos_la_2024_trip/verizon/20241101/153027206/tcp_uplink_153238711.out
[2024-11-01T15:34:39-0700] UL AVG TPUT: 
[2024-11-01T15:34:39-0700] tcp uplink test finished at 2024-11-01 15:34:39.788 PDT, duration: 121.105 s
[2024-11-01T15:34:39-0700] -------------------------------
[2024-11-01T15:34:39-0700] Waiting for 2 s...
[2024-11-01T15:34:41-0700] -------------------------------
[2024-11-01T15:34:41-0700] Starting 5G booster for 5 s...
[2024-11-01T15:34:41-0700] 5G booster started at 2024-11-01 15:34:41.913 PDT
[2024-11-01T15:34:48-0700] Current time exceeds end time, skipping wait
[2024-11-01T15:34:48-0700] Saved TCP DL results to /data/data/com.termux/files/home/storage/shared/bos_la_2024_trip/verizon/20241101/153027206/tcp_downlink_153441952.out
[2024-11-01T15:34:48-0700] DL AVG TPUT: 
[2024-11-01T15:34:48-0700] 5G booster finished at 2024-11-01 15:34:48.031 PDT, duration: 6.118 s
[2024-11-01T15:34:48-0700] -------------------------------
[2024-11-01T15:34:48-0700] Waiting for 2 s...
[2024-11-01T15:34:50-0700] -------------------------------
[2024-11-01T15:34:50-0700] ICMP Ping test started at 2024-11-01 15:34:50.151 PDT
[2024-11-01T15:35:20-0700] Waiting for .898 s to reach end time
[2024-11-01T15:35:21-0700] Saved ping test to /data/data/com.termux/files/home/storage/shared/bos_la_2024_trip/verizon/20241101/153027206/icmp_ping_153450184.out
[2024-11-01T15:35:21-0700] Ping summary (min/avg/max/mdev) = 16.045/31.448/97.493/11.067 ms
[2024-11-01T15:35:21-0700] Ping test finished at 2024-11-01 15:35:21.251 PDT, duration: 31.100 s
[2024-11-01T15:35:21-0700] -------------------------------
[2024-11-01T15:35:21-0700] Waiting for 2 s...
[2024-11-01T15:35:23-0700] -------------------------------
[2024-11-01T15:35:23-0700] Starting 5G booster for 5 s...
[2024-11-01T15:35:23-0700] 5G booster started at 2024-11-01 15:35:23.391 PDT
[2024-11-01T15:35:29-0700] Current time exceeds end time, skipping wait
[2024-11-01T15:35:29-0700] Saved TCP DL results to /data/data/com.termux/files/home/storage/shared/bos_la_2024_trip/verizon/20241101/153027206/tcp_downlink_153523443.out
[2024-11-01T15:35:29-0700] DL AVG TPUT: 
[2024-11-01T15:35:29-0700] 5G booster finished at 2024-11-01 15:35:29.553 PDT, duration: 6.162 s
[2024-11-01T15:35:29-0700] -------------------------------
[2024-11-01T15:35:29-0700] Waiting for 2 s...
[2024-11-01T15:35:31-0700] -------------------------------
[2024-11-01T15:35:31-0700] TCP Ping test started at 2024-11-01 15:35:31.698 PDT
[2024-11-01T15:36:02-0700] Current time exceeds end time, skipping wait
[2024-11-01T15:36:02-0700] Saved TCP Ping test to /data/data/com.termux/files/home/storage/shared/bos_la_2024_trip/verizon/20241101/153027206/tcp_ping_153531765.out
[2024-11-01T15:36:02-0700] TCP Ping summary (min/avg/max/mdev) 
[2024-11-01T15:36:02-0700] TCP Ping test finished at 2024-11-01 15:36:02.871 PDT, duration: 31.173 s
[2024-11-01T15:36:02-0700] -------------------------------
[2024-11-01T15:36:02-0700] Waiting for 2 s...
[2024-11-01T15:36:04-0700] -------------------------------
[2024-11-01T15:36:05-0700] Traceroute test started at 2024-11-01 15:36:04.995 PDT
[2024-11-01T15:36:06-0700] Waiting for 28.632 s to reach end time
[2024-11-01T15:36:35-0700] Saved traceroute test to /data/data/com.termux/files/home/storage/shared/bos_la_2024_trip/verizon/20241101/153027206/traceroute_153605032.out
[2024-11-01T15:36:35-0700] Traceroute summary (min/avg/max/mdev) 
[2024-11-01T15:36:35-0700] Traceroute test finished at 2024-11-01 15:36:35.108 PDT, duration: 30.113 s
[2024-11-01T15:36:35-0700] -------------------------------
[2024-11-01T15:36:35-0700] All tests completed, cleaning up...
[2024-11-01T15:36:35-0700] -------------------------------
[2024-11-01T15:37:33-0700] [measurement] Load environment variables from prod.env file
[2024-11-01T15:37:33-0700] [measurement] Load operator-specific env from verizon.env file
[2024-11-01T15:37:33-0700] Starting a network measurement, please choose a server
[2024-11-01T15:37:33-0700] 0) West Cloud: 54.176.53.206
[2024-11-01T15:37:33-0700] 1) East Cloud: 54.197.223.49
[2024-11-01T15:37:33-0700] 2) Los Angeles Wavelength: 161.188.33.234
[2024-11-01T15:37:33-0700] 3) Las Vegas Wavelength: 155.146.118.158
[2024-11-01T15:37:33-0700] 4) Denver Wavelength: 155.146.144.24
[2024-11-01T15:37:33-0700] 5) Chicago Wavelength: 155.146.180.31
[2024-11-01T15:37:33-0700] 6) Boston Wavelength: 155.146.11.34
[2024-11-01T15:37:41-0700] Enter your choice (0-6): Testing verizon, server 2 (ip: 161.188.33.234, nuttcp_port: 5101, iperf_port: 5001)
[2024-11-01T15:37:41-0700] -------------------------------
[2024-11-01T15:37:41-0700] tcp downlink test started at 2024-11-01 15:37:41.950 PDT
[2024-11-01T15:37:42-0700] Testing tcp downlink with 161.188.33.234:5101, interval 0.5 s, duration 120 s, timeout 121 s...
[2024-11-01T15:39:43-0700] Current time exceeds end time, skipping wait
[2024-11-01T15:39:43-0700] Saved tcp downlink test to /data/data/com.termux/files/home/storage/shared/bos_la_2024_trip/verizon/20241101/153741924/tcp_downlink_153741975.out
[2024-11-01T15:39:43-0700] DL AVG TPUT: 
[2024-11-01T15:39:43-0700] tcp downlink test finished at 2024-11-01 15:39:43.091 PDT, duration: 121.141 s
[2024-11-01T15:39:43-0700] -------------------------------
[2024-11-01T15:39:43-0700] Waiting for 2 s...
[2024-11-01T15:39:45-0700] -------------------------------
[2024-11-01T15:39:45-0700] Starting 5G booster for 5 s...
[2024-11-01T15:39:45-0700] 5G booster started at 2024-11-01 15:39:45.241 PDT
[2024-11-01T15:39:51-0700] Current time exceeds end time, skipping wait
[2024-11-01T15:39:51-0700] Saved TCP DL results to /data/data/com.termux/files/home/storage/shared/bos_la_2024_trip/verizon/20241101/153741924/tcp_downlink_153945270.out
[2024-11-01T15:39:51-0700] DL AVG TPUT: 
[2024-11-01T15:39:51-0700] 5G booster finished at 2024-11-01 15:39:51.376 PDT, duration: 6.135 s
[2024-11-01T15:39:51-0700] -------------------------------
[2024-11-01T15:39:51-0700] Waiting for 2 s...
[2024-11-01T15:39:53-0700] -------------------------------
[2024-11-01T15:39:53-0700] tcp uplink test started at 2024-11-01 15:39:53.457 PDT
[2024-11-01T15:39:53-0700] testing tcp uplink with 161.188.33.234:5101, interval 0.5, duration 120, timeout 121 ...
[2024-11-01T15:41:54-0700] Current time exceeds end time, skipping wait
[2024-11-01T15:41:54-0700] Saved uplink test to /data/data/com.termux/files/home/storage/shared/bos_la_2024_trip/verizon/20241101/153741924/tcp_uplink_153953481.out
[2024-11-01T15:41:54-0700] UL AVG TPUT: 
[2024-11-01T15:41:54-0700] tcp uplink test finished at 2024-11-01 15:41:54.541 PDT, duration: 121.084 s
[2024-11-01T15:41:54-0700] -------------------------------
[2024-11-01T15:41:54-0700] Waiting for 2 s...
[2024-11-01T15:41:56-0700] -------------------------------
[2024-11-01T15:41:56-0700] Starting 5G booster for 5 s...
[2024-11-01T15:41:56-0700] 5G booster started at 2024-11-01 15:41:56.655 PDT
[2024-11-01T15:42:02-0700] Current time exceeds end time, skipping wait
[2024-11-01T15:42:02-0700] Saved TCP DL results to /data/data/com.termux/files/home/storage/shared/bos_la_2024_trip/verizon/20241101/153741924/tcp_downlink_154156708.out
[2024-11-01T15:42:02-0700] DL AVG TPUT: 
[2024-11-01T15:42:02-0700] 5G booster finished at 2024-11-01 15:42:02.789 PDT, duration: 6.134 s
[2024-11-01T15:42:02-0700] -------------------------------
[2024-11-01T15:42:02-0700] Waiting for 2 s...
[2024-11-01T15:42:04-0700] -------------------------------
[2024-11-01T15:42:04-0700] ICMP Ping test started at 2024-11-01 15:42:04.900 PDT
[2024-11-01T15:42:35-0700] Waiting for .869 s to reach end time
[2024-11-01T15:42:35-0700] Saved ping test to /data/data/com.termux/files/home/storage/shared/bos_la_2024_trip/verizon/20241101/153741924/icmp_ping_154204931.out
[2024-11-01T15:42:36-0700] Ping summary (min/avg/max/mdev) = 15.203/30.836/45.757/6.529 ms
[2024-11-01T15:42:36-0700] Ping test finished at 2024-11-01 15:42:35.991 PDT, duration: 31.091 s
[2024-11-01T15:42:36-0700] -------------------------------
[2024-11-01T15:42:36-0700] Waiting for 2 s...
[2024-11-01T15:42:38-0700] -------------------------------
[2024-11-01T15:42:38-0700] Starting 5G booster for 5 s...
[2024-11-01T15:42:38-0700] 5G booster started at 2024-11-01 15:42:38.104 PDT
[2024-11-01T15:42:44-0700] Current time exceeds end time, skipping wait
[2024-11-01T15:42:44-0700] Saved TCP DL results to /data/data/com.termux/files/home/storage/shared/bos_la_2024_trip/verizon/20241101/153741924/tcp_downlink_154238135.out
[2024-11-01T15:42:44-0700] DL AVG TPUT: 
[2024-11-01T15:42:44-0700] 5G booster finished at 2024-11-01 15:42:44.230 PDT, duration: 6.126 s
[2024-11-01T15:42:44-0700] -------------------------------
[2024-11-01T15:42:44-0700] Waiting for 2 s...
[2024-11-01T15:42:46-0700] -------------------------------
[2024-11-01T15:42:46-0700] TCP Ping test started at 2024-11-01 15:42:46.385 PDT
[2024-11-01T15:43:17-0700] Current time exceeds end time, skipping wait
[2024-11-01T15:43:17-0700] Saved TCP Ping test to /data/data/com.termux/files/home/storage/shared/bos_la_2024_trip/verizon/20241101/153741924/tcp_ping_154246416.out
[2024-11-01T15:43:17-0700] TCP Ping summary (min/avg/max/mdev) 
[2024-11-01T15:43:17-0700] TCP Ping test finished at 2024-11-01 15:43:17.519 PDT, duration: 31.134 s
[2024-11-01T15:43:17-0700] -------------------------------
[2024-11-01T15:43:17-0700] Waiting for 2 s...
[2024-11-01T15:43:19-0700] -------------------------------
[2024-11-01T15:43:19-0700] Traceroute test started at 2024-11-01 15:43:19.656 PDT
[2024-11-01T15:43:21-0700] Waiting for 28.136 s to reach end time
[2024-11-01T15:43:49-0700] Saved traceroute test to /data/data/com.termux/files/home/storage/shared/bos_la_2024_trip/verizon/20241101/153741924/traceroute_154319692.out
[2024-11-01T15:43:49-0700] Traceroute summary (min/avg/max/mdev) 
[2024-11-01T15:43:49-0700] Traceroute test finished at 2024-11-01 15:43:49.737 PDT, duration: 30.081 s
[2024-11-01T15:43:49-0700] -------------------------------
[2024-11-01T15:43:49-0700] All tests completed, cleaning up...
[2024-11-01T15:43:49-0700] -------------------------------
[2024-11-01T15:44:45-0700] [measurement] Load environment variables from prod.env file
[2024-11-01T15:44:45-0700] [measurement] Load operator-specific env from verizon.env file
[2024-11-01T15:44:45-0700] Starting a network measurement, please choose a server
[2024-11-01T15:44:45-0700] 0) West Cloud: 54.176.53.206
[2024-11-01T15:44:45-0700] 1) East Cloud: 54.197.223.49
[2024-11-01T15:44:45-0700] 2) Los Angeles Wavelength: 161.188.33.234
[2024-11-01T15:44:45-0700] 3) Las Vegas Wavelength: 155.146.118.158
[2024-11-01T15:44:45-0700] 4) Denver Wavelength: 155.146.144.24
[2024-11-01T15:44:45-0700] 5) Chicago Wavelength: 155.146.180.31
[2024-11-01T15:44:45-0700] 6) Boston Wavelength: 155.146.11.34
[2024-11-01T15:45:15-0700] Enter your choice (0-6): Testing verizon, server 2 (ip: 161.188.33.234, nuttcp_port: 5101, iperf_port: 5001)
[2024-11-01T15:45:15-0700] -------------------------------
[2024-11-01T15:45:15-0700] tcp downlink test started at 2024-11-01 15:45:15.536 PDT
[2024-11-01T15:45:15-0700] Testing tcp downlink with 161.188.33.234:5101, interval 0.5 s, duration 120 s, timeout 121 s...
[2024-11-01T15:47:16-0700] Current time exceeds end time, skipping wait
[2024-11-01T15:47:16-0700] Saved tcp downlink test to /data/data/com.termux/files/home/storage/shared/bos_la_2024_trip/verizon/20241101/154515504/tcp_downlink_154515584.out
[2024-11-01T15:47:16-0700] DL AVG TPUT: 
[2024-11-01T15:47:16-0700] tcp downlink test finished at 2024-11-01 15:47:16.712 PDT, duration: 121.176 s
[2024-11-01T15:47:16-0700] -------------------------------
[2024-11-01T15:47:16-0700] Waiting for 2 s...
[2024-11-01T15:47:18-0700] -------------------------------
[2024-11-01T15:47:18-0700] Starting 5G booster for 5 s...
[2024-11-01T15:47:18-0700] 5G booster started at 2024-11-01 15:47:18.848 PDT
[2024-11-01T15:47:24-0700] Current time exceeds end time, skipping wait
[2024-11-01T15:47:24-0700] Saved TCP DL results to /data/data/com.termux/files/home/storage/shared/bos_la_2024_trip/verizon/20241101/154515504/tcp_downlink_154718900.out
[2024-11-01T15:47:25-0700] DL AVG TPUT: 
[2024-11-01T15:47:25-0700] 5G booster finished at 2024-11-01 15:47:24.993 PDT, duration: 6.145 s
[2024-11-01T15:47:25-0700] -------------------------------
[2024-11-01T15:47:25-0700] Waiting for 2 s...
[2024-11-01T15:47:27-0700] -------------------------------
[2024-11-01T15:47:27-0700] tcp uplink test started at 2024-11-01 15:47:27.105 PDT
[2024-11-01T15:47:27-0700] testing tcp uplink with 161.188.33.234:5101, interval 0.5, duration 120, timeout 121 ...
[2024-11-01T15:49:28-0700] Current time exceeds end time, skipping wait
[2024-11-01T15:49:28-0700] Saved uplink test to /data/data/com.termux/files/home/storage/shared/bos_la_2024_trip/verizon/20241101/154515504/tcp_uplink_154727154.out
[2024-11-01T15:49:28-0700] UL AVG TPUT: 
[2024-11-01T15:49:28-0700] tcp uplink test finished at 2024-11-01 15:49:28.240 PDT, duration: 121.135 s
[2024-11-01T15:49:28-0700] -------------------------------
[2024-11-01T15:49:28-0700] Waiting for 2 s...
[2024-11-01T15:49:30-0700] -------------------------------
[2024-11-01T15:49:30-0700] Starting 5G booster for 5 s...
[2024-11-01T15:49:30-0700] 5G booster started at 2024-11-01 15:49:30.344 PDT
[2024-11-01T15:49:36-0700] Current time exceeds end time, skipping wait
[2024-11-01T15:49:36-0700] Saved TCP DL results to /data/data/com.termux/files/home/storage/shared/bos_la_2024_trip/verizon/20241101/154515504/tcp_downlink_154930371.out
[2024-11-01T15:49:36-0700] DL AVG TPUT: 
[2024-11-01T15:49:36-0700] 5G booster finished at 2024-11-01 15:49:36.461 PDT, duration: 6.117 s
[2024-11-01T15:49:36-0700] -------------------------------
[2024-11-01T15:49:36-0700] Waiting for 2 s...
[2024-11-01T15:49:38-0700] -------------------------------
[2024-11-01T15:49:38-0700] ICMP Ping test started at 2024-11-01 15:49:38.578 PDT
[2024-11-01T15:50:08-0700] Waiting for .874 s to reach end time
[2024-11-01T15:50:09-0700] Saved ping test to /data/data/com.termux/files/home/storage/shared/bos_la_2024_trip/verizon/20241101/154515504/icmp_ping_154938611.out
[2024-11-01T15:50:09-0700] Ping summary (min/avg/max/mdev) = 9.729/46.839/346.701/54.243 ms
[2024-11-01T15:50:09-0700] Ping test finished at 2024-11-01 15:50:09.699 PDT, duration: 31.121 s
[2024-11-01T15:50:09-0700] -------------------------------
[2024-11-01T15:50:09-0700] Waiting for 2 s...
[2024-11-01T15:50:11-0700] -------------------------------
[2024-11-01T15:50:11-0700] Starting 5G booster for 5 s...
[2024-11-01T15:50:11-0700] 5G booster started at 2024-11-01 15:50:11.808 PDT
[2024-11-01T15:50:17-0700] Current time exceeds end time, skipping wait
[2024-11-01T15:50:17-0700] Saved TCP DL results to /data/data/com.termux/files/home/storage/shared/bos_la_2024_trip/verizon/20241101/154515504/tcp_downlink_155011837.out
[2024-11-01T15:50:17-0700] DL AVG TPUT: 
[2024-11-01T15:50:17-0700] 5G booster finished at 2024-11-01 15:50:17.894 PDT, duration: 6.086 s
[2024-11-01T15:50:17-0700] -------------------------------
[2024-11-01T15:50:17-0700] Waiting for 2 s...
[2024-11-01T15:50:19-0700] -------------------------------
[2024-11-01T15:50:20-0700] TCP Ping test started at 2024-11-01 15:50:20.002 PDT
[2024-11-01T15:50:51-0700] Current time exceeds end time, skipping wait
[2024-11-01T15:50:51-0700] Saved TCP Ping test to /data/data/com.termux/files/home/storage/shared/bos_la_2024_trip/verizon/20241101/154515504/tcp_ping_155020057.out
[2024-11-01T15:50:51-0700] TCP Ping summary (min/avg/max/mdev) 
[2024-11-01T15:50:51-0700] TCP Ping test finished at 2024-11-01 15:50:51.190 PDT, duration: 31.188 s
[2024-11-01T15:50:51-0700] -------------------------------
[2024-11-01T15:50:51-0700] Waiting for 2 s...
[2024-11-01T15:50:53-0700] -------------------------------
[2024-11-01T15:50:53-0700] Traceroute test started at 2024-11-01 15:50:53.336 PDT
[2024-11-01T15:50:54-0700] Waiting for 28.437 s to reach end time
[2024-11-01T15:51:23-0700] Saved traceroute test to /data/data/com.termux/files/home/storage/shared/bos_la_2024_trip/verizon/20241101/154515504/traceroute_155053369.out
[2024-11-01T15:51:23-0700] Traceroute summary (min/avg/max/mdev) 
[2024-11-01T15:51:23-0700] Traceroute test finished at 2024-11-01 15:51:23.433 PDT, duration: 30.097 s
[2024-11-01T15:51:23-0700] -------------------------------
[2024-11-01T15:51:23-0700] All tests completed, cleaning up...
[2024-11-01T15:51:23-0700] -------------------------------
[2024-11-01T16:13:41-0700] [measurement] Load environment variables from prod.env file
[2024-11-01T16:13:41-0700] [measurement] Load operator-specific env from verizon.env file
[2024-11-01T16:13:41-0700] Starting a network measurement, please choose a server
[2024-11-01T16:13:41-0700] 0) West Cloud: 54.176.53.206
[2024-11-01T16:13:41-0700] 1) East Cloud: 54.197.223.49
[2024-11-01T16:13:41-0700] 2) Los Angeles Wavelength: 161.188.33.234
[2024-11-01T16:13:41-0700] 3) Las Vegas Wavelength: 155.146.118.158
[2024-11-01T16:13:41-0700] 4) Denver Wavelength: 155.146.144.24
[2024-11-01T16:13:41-0700] 5) Chicago Wavelength: 155.146.180.31
[2024-11-01T16:13:41-0700] 6) Boston Wavelength: 155.146.11.34
[2024-11-01T16:13:56-0700] Enter your choice (0-6): Testing verizon, server 2 (ip: 161.188.33.234, nuttcp_port: 5101, iperf_port: 5001)
[2024-11-01T16:13:56-0700] -------------------------------
[2024-11-01T16:13:57-0700] tcp downlink test started at 2024-11-01 16:13:57.000 PDT
[2024-11-01T16:13:57-0700] Testing tcp downlink with 161.188.33.234:5101, interval 0.5 s, duration 120 s, timeout 121 s...
[2024-11-01T16:15:58-0700] Current time exceeds end time, skipping wait
[2024-11-01T16:15:58-0700] Saved tcp downlink test to /data/data/com.termux/files/home/storage/shared/bos_la_2024_trip/verizon/20241101/161356973/tcp_downlink_161357023.out
[2024-11-01T16:15:58-0700] DL AVG TPUT: 
[2024-11-01T16:15:58-0700] tcp downlink test finished at 2024-11-01 16:15:58.138 PDT, duration: 121.138 s
[2024-11-01T16:15:58-0700] -------------------------------
[2024-11-01T16:15:58-0700] Waiting for 2 s...
[2024-11-01T16:16:00-0700] -------------------------------
[2024-11-01T16:16:00-0700] Starting 5G booster for 5 s...
[2024-11-01T16:16:00-0700] 5G booster started at 2024-11-01 16:16:00.273 PDT
[2024-11-01T16:16:06-0700] Current time exceeds end time, skipping wait
[2024-11-01T16:16:06-0700] Saved TCP DL results to /data/data/com.termux/files/home/storage/shared/bos_la_2024_trip/verizon/20241101/161356973/tcp_downlink_161600322.out
[2024-11-01T16:16:06-0700] DL AVG TPUT: 
[2024-11-01T16:16:06-0700] 5G booster finished at 2024-11-01 16:16:06.463 PDT, duration: 6.190 s
[2024-11-01T16:16:06-0700] -------------------------------
[2024-11-01T16:16:06-0700] Waiting for 2 s...
[2024-11-01T16:16:08-0700] -------------------------------
[2024-11-01T16:16:08-0700] tcp uplink test started at 2024-11-01 16:16:08.610 PDT
[2024-11-01T16:16:08-0700] testing tcp uplink with 161.188.33.234:5101, interval 0.5, duration 120, timeout 121 ...
[2024-11-01T16:18:09-0700] Current time exceeds end time, skipping wait
[2024-11-01T16:18:09-0700] Saved uplink test to /data/data/com.termux/files/home/storage/shared/bos_la_2024_trip/verizon/20241101/161356973/tcp_uplink_161608658.out
[2024-11-01T16:18:09-0700] UL AVG TPUT: 
[2024-11-01T16:18:09-0700] tcp uplink test finished at 2024-11-01 16:18:09.748 PDT, duration: 121.138 s
[2024-11-01T16:18:09-0700] -------------------------------
[2024-11-01T16:18:09-0700] Waiting for 2 s...
[2024-11-01T16:18:11-0700] -------------------------------
[2024-11-01T16:18:11-0700] Starting 5G booster for 5 s...
[2024-11-01T16:18:11-0700] 5G booster started at 2024-11-01 16:18:11.863 PDT
[2024-11-01T16:18:18-0700] Current time exceeds end time, skipping wait
[2024-11-01T16:18:18-0700] Saved TCP DL results to /data/data/com.termux/files/home/storage/shared/bos_la_2024_trip/verizon/20241101/161356973/tcp_downlink_161811895.out
[2024-11-01T16:18:18-0700] DL AVG TPUT: 
[2024-11-01T16:18:18-0700] 5G booster finished at 2024-11-01 16:18:18.012 PDT, duration: 6.149 s
[2024-11-01T16:18:18-0700] -------------------------------
[2024-11-01T16:18:18-0700] Waiting for 2 s...
[2024-11-01T16:18:20-0700] -------------------------------
[2024-11-01T16:18:20-0700] ICMP Ping test started at 2024-11-01 16:18:20.110 PDT
[2024-11-01T16:18:50-0700] Waiting for .862 s to reach end time
[2024-11-01T16:18:51-0700] Saved ping test to /data/data/com.termux/files/home/storage/shared/bos_la_2024_trip/verizon/20241101/161356973/icmp_ping_161820167.out
[2024-11-01T16:18:51-0700] Ping summary (min/avg/max/mdev) = 15.057/31.740/113.294/9.817 ms
[2024-11-01T16:18:51-0700] Ping test finished at 2024-11-01 16:18:51.162 PDT, duration: 31.052 s
[2024-11-01T16:18:51-0700] -------------------------------
[2024-11-01T16:18:51-0700] Waiting for 2 s...
[2024-11-01T16:18:53-0700] -------------------------------
[2024-11-01T16:18:53-0700] Starting 5G booster for 5 s...
[2024-11-01T16:18:53-0700] 5G booster started at 2024-11-01 16:18:53.271 PDT
[2024-11-01T16:18:59-0700] Current time exceeds end time, skipping wait
[2024-11-01T16:18:59-0700] Saved TCP DL results to /data/data/com.termux/files/home/storage/shared/bos_la_2024_trip/verizon/20241101/161356973/tcp_downlink_161853299.out
[2024-11-01T16:18:59-0700] DL AVG TPUT: 
[2024-11-01T16:18:59-0700] 5G booster finished at 2024-11-01 16:18:59.419 PDT, duration: 6.148 s
[2024-11-01T16:18:59-0700] -------------------------------
[2024-11-01T16:18:59-0700] Waiting for 2 s...
[2024-11-01T16:19:01-0700] -------------------------------
[2024-11-01T16:19:01-0700] TCP Ping test started at 2024-11-01 16:19:01.585 PDT
[2024-11-01T16:19:32-0700] Current time exceeds end time, skipping wait
[2024-11-01T16:19:32-0700] Saved TCP Ping test to /data/data/com.termux/files/home/storage/shared/bos_la_2024_trip/verizon/20241101/161356973/tcp_ping_161901635.out
[2024-11-01T16:19:32-0700] TCP Ping summary (min/avg/max/mdev) 
[2024-11-01T16:19:32-0700] TCP Ping test finished at 2024-11-01 16:19:32.734 PDT, duration: 31.149 s
[2024-11-01T16:19:32-0700] -------------------------------
[2024-11-01T16:19:32-0700] Waiting for 2 s...
[2024-11-01T16:19:34-0700] -------------------------------
[2024-11-01T16:19:34-0700] Traceroute test started at 2024-11-01 16:19:34.832 PDT
[2024-11-01T16:19:36-0700] Waiting for 28.623 s to reach end time
[2024-11-01T16:20:04-0700] Saved traceroute test to /data/data/com.termux/files/home/storage/shared/bos_la_2024_trip/verizon/20241101/161356973/traceroute_161934881.out
[2024-11-01T16:20:04-0700] Traceroute summary (min/avg/max/mdev) 
[2024-11-01T16:20:04-0700] Traceroute test finished at 2024-11-01 16:20:04.935 PDT, duration: 30.103 s
[2024-11-01T16:20:04-0700] -------------------------------
[2024-11-01T16:20:04-0700] All tests completed, cleaning up...
[2024-11-01T16:20:04-0700] -------------------------------
[2024-11-01T16:20:55-0700] [measurement] Load environment variables from prod.env file
[2024-11-01T16:20:55-0700] [measurement] Load operator-specific env from verizon.env file
[2024-11-01T16:20:55-0700] Starting a network measurement, please choose a server
[2024-11-01T16:20:55-0700] 0) West Cloud: 54.176.53.206
[2024-11-01T16:20:55-0700] 1) East Cloud: 54.197.223.49
[2024-11-01T16:20:55-0700] 2) Los Angeles Wavelength: 161.188.33.234
[2024-11-01T16:20:55-0700] 3) Las Vegas Wavelength: 155.146.118.158
[2024-11-01T16:20:55-0700] 4) Denver Wavelength: 155.146.144.24
[2024-11-01T16:20:55-0700] 5) Chicago Wavelength: 155.146.180.31
[2024-11-01T16:20:55-0700] 6) Boston Wavelength: 155.146.11.34
[2024-11-01T16:21:05-0700] Enter your choice (0-6): Testing verizon, server 2 (ip: 161.188.33.234, nuttcp_port: 5101, iperf_port: 5001)
[2024-11-01T16:21:05-0700] -------------------------------
[2024-11-01T16:21:05-0700] tcp downlink test started at 2024-11-01 16:21:05.740 PDT
[2024-11-01T16:21:05-0700] Testing tcp downlink with 161.188.33.234:5101, interval 0.5 s, duration 120 s, timeout 121 s...
[2024-11-01T16:23:06-0700] Current time exceeds end time, skipping wait
[2024-11-01T16:23:06-0700] Saved tcp downlink test to /data/data/com.termux/files/home/storage/shared/bos_la_2024_trip/verizon/20241101/162105701/tcp_downlink_162105783.out
[2024-11-01T16:23:06-0700] DL AVG TPUT: 
[2024-11-01T16:23:07-0700] tcp downlink test finished at 2024-11-01 16:23:06.911 PDT, duration: 121.171 s
[2024-11-01T16:23:07-0700] -------------------------------
[2024-11-01T16:23:07-0700] Waiting for 2 s...
[2024-11-01T16:23:09-0700] -------------------------------
[2024-11-01T16:23:09-0700] Starting 5G booster for 5 s...
[2024-11-01T16:23:09-0700] 5G booster started at 2024-11-01 16:23:09.057 PDT
[2024-11-01T16:23:15-0700] Current time exceeds end time, skipping wait
[2024-11-01T16:23:15-0700] Saved TCP DL results to /data/data/com.termux/files/home/storage/shared/bos_la_2024_trip/verizon/20241101/162105701/tcp_downlink_162309091.out
[2024-11-01T16:23:15-0700] DL AVG TPUT: 
[2024-11-01T16:23:15-0700] 5G booster finished at 2024-11-01 16:23:15.172 PDT, duration: 6.115 s
[2024-11-01T16:23:15-0700] -------------------------------
[2024-11-01T16:23:15-0700] Waiting for 2 s...
[2024-11-01T16:23:17-0700] -------------------------------
[2024-11-01T16:23:17-0700] tcp uplink test started at 2024-11-01 16:23:17.269 PDT
[2024-11-01T16:23:17-0700] testing tcp uplink with 161.188.33.234:5101, interval 0.5, duration 120, timeout 121 ...
[2024-11-01T16:25:18-0700] Current time exceeds end time, skipping wait
[2024-11-01T16:25:18-0700] Saved uplink test to /data/data/com.termux/files/home/storage/shared/bos_la_2024_trip/verizon/20241101/162105701/tcp_uplink_162317293.out
[2024-11-01T16:25:18-0700] UL AVG TPUT: 
[2024-11-01T16:25:18-0700] tcp uplink test finished at 2024-11-01 16:25:18.378 PDT, duration: 121.109 s
[2024-11-01T16:25:18-0700] -------------------------------
[2024-11-01T16:25:18-0700] Waiting for 2 s...
[2024-11-01T16:25:20-0700] -------------------------------
[2024-11-01T16:25:20-0700] Starting 5G booster for 5 s...
[2024-11-01T16:25:20-0700] 5G booster started at 2024-11-01 16:25:20.546 PDT
[2024-11-01T16:25:26-0700] Current time exceeds end time, skipping wait
[2024-11-01T16:25:26-0700] Saved TCP DL results to /data/data/com.termux/files/home/storage/shared/bos_la_2024_trip/verizon/20241101/162105701/tcp_downlink_162520581.out
[2024-11-01T16:25:26-0700] DL AVG TPUT: 
[2024-11-01T16:25:26-0700] 5G booster finished at 2024-11-01 16:25:26.697 PDT, duration: 6.151 s
[2024-11-01T16:25:26-0700] -------------------------------
[2024-11-01T16:25:26-0700] Waiting for 2 s...
[2024-11-01T16:25:28-0700] -------------------------------
[2024-11-01T16:25:28-0700] ICMP Ping test started at 2024-11-01 16:25:28.790 PDT
[2024-11-01T16:25:58-0700] Waiting for .912 s to reach end time
[2024-11-01T16:25:59-0700] Saved ping test to /data/data/com.termux/files/home/storage/shared/bos_la_2024_trip/verizon/20241101/162105701/icmp_ping_162528812.out
[2024-11-01T16:25:59-0700] Ping summary (min/avg/max/mdev) = 14.690/36.039/103.311/11.285 ms
[2024-11-01T16:25:59-0700] Ping test finished at 2024-11-01 16:25:59.871 PDT, duration: 31.081 s
[2024-11-01T16:25:59-0700] -------------------------------
[2024-11-01T16:25:59-0700] Waiting for 2 s...
[2024-11-01T16:26:01-0700] -------------------------------
[2024-11-01T16:26:01-0700] Starting 5G booster for 5 s...
[2024-11-01T16:26:01-0700] 5G booster started at 2024-11-01 16:26:01.971 PDT
[2024-11-01T16:26:08-0700] Current time exceeds end time, skipping wait
[2024-11-01T16:26:08-0700] Saved TCP DL results to /data/data/com.termux/files/home/storage/shared/bos_la_2024_trip/verizon/20241101/162105701/tcp_downlink_162601994.out
[2024-11-01T16:26:08-0700] DL AVG TPUT: 
[2024-11-01T16:26:08-0700] 5G booster finished at 2024-11-01 16:26:08.053 PDT, duration: 6.082 s
[2024-11-01T16:26:08-0700] -------------------------------
[2024-11-01T16:26:08-0700] Waiting for 2 s...
[2024-11-01T16:26:10-0700] -------------------------------
[2024-11-01T16:26:10-0700] TCP Ping test started at 2024-11-01 16:26:10.169 PDT
[2024-11-01T16:26:41-0700] Current time exceeds end time, skipping wait
[2024-11-01T16:26:41-0700] Saved TCP Ping test to /data/data/com.termux/files/home/storage/shared/bos_la_2024_trip/verizon/20241101/162105701/tcp_ping_162610220.out
[2024-11-01T16:26:41-0700] TCP Ping summary (min/avg/max/mdev) 
[2024-11-01T16:26:41-0700] TCP Ping test finished at 2024-11-01 16:26:41.317 PDT, duration: 31.148 s
[2024-11-01T16:26:41-0700] -------------------------------
[2024-11-01T16:26:41-0700] Waiting for 2 s...
[2024-11-01T16:26:43-0700] -------------------------------
[2024-11-01T16:26:43-0700] Traceroute test started at 2024-11-01 16:26:43.450 PDT
[2024-11-01T16:26:45-0700] Waiting for 28.033 s to reach end time
[2024-11-01T16:27:13-0700] Saved traceroute test to /data/data/com.termux/files/home/storage/shared/bos_la_2024_trip/verizon/20241101/162105701/traceroute_162643501.out
[2024-11-01T16:27:13-0700] Traceroute summary (min/avg/max/mdev) 
[2024-11-01T16:27:13-0700] Traceroute test finished at 2024-11-01 16:27:13.594 PDT, duration: 30.144 s
[2024-11-01T16:27:13-0700] -------------------------------
[2024-11-01T16:27:13-0700] All tests completed, cleaning up...
[2024-11-01T16:27:13-0700] -------------------------------
[2024-11-01T16:28:18-0700] [measurement] Load environment variables from prod.env file
[2024-11-01T16:28:18-0700] [measurement] Load operator-specific env from verizon.env file
[2024-11-01T16:28:18-0700] Starting a network measurement, please choose a server
[2024-11-01T16:28:18-0700] 0) West Cloud: 54.176.53.206
[2024-11-01T16:28:18-0700] 1) East Cloud: 54.197.223.49
[2024-11-01T16:28:18-0700] 2) Los Angeles Wavelength: 161.188.33.234
[2024-11-01T16:28:18-0700] 3) Las Vegas Wavelength: 155.146.118.158
[2024-11-01T16:28:18-0700] 4) Denver Wavelength: 155.146.144.24
[2024-11-01T16:28:18-0700] 5) Chicago Wavelength: 155.146.180.31
[2024-11-01T16:28:18-0700] 6) Boston Wavelength: 155.146.11.34
[2024-11-01T16:28:29-0700] Enter your choice (0-6): Testing verizon, server 2 (ip: 161.188.33.234, nuttcp_port: 5101, iperf_port: 5001)
[2024-11-01T16:28:29-0700] -------------------------------
[2024-11-01T16:28:29-0700] tcp downlink test started at 2024-11-01 16:28:29.872 PDT
[2024-11-01T16:28:29-0700] Testing tcp downlink with 161.188.33.234:5101, interval 0.5 s, duration 120 s, timeout 121 s...
[2024-11-01T16:30:30-0700] Current time exceeds end time, skipping wait
[2024-11-01T16:30:31-0700] Saved tcp downlink test to /data/data/com.termux/files/home/storage/shared/bos_la_2024_trip/verizon/20241101/162829848/tcp_downlink_162829911.out
[2024-11-01T16:30:31-0700] DL AVG TPUT: 
[2024-11-01T16:30:31-0700] tcp downlink test finished at 2024-11-01 16:30:31.000 PDT, duration: 121.128 s
[2024-11-01T16:30:31-0700] -------------------------------
[2024-11-01T16:30:31-0700] Waiting for 2 s...
[2024-11-01T16:30:33-0700] -------------------------------
[2024-11-01T16:30:33-0700] Starting 5G booster for 5 s...
[2024-11-01T16:30:33-0700] 5G booster started at 2024-11-01 16:30:33.095 PDT
[2024-11-01T16:30:39-0700] Current time exceeds end time, skipping wait
[2024-11-01T16:30:39-0700] Saved TCP DL results to /data/data/com.termux/files/home/storage/shared/bos_la_2024_trip/verizon/20241101/162829848/tcp_downlink_163033116.out
[2024-11-01T16:30:39-0700] DL AVG TPUT: 
[2024-11-01T16:30:39-0700] 5G booster finished at 2024-11-01 16:30:39.208 PDT, duration: 6.113 s
[2024-11-01T16:30:39-0700] -------------------------------
[2024-11-01T16:30:39-0700] Waiting for 2 s...
[2024-11-01T16:30:41-0700] -------------------------------
[2024-11-01T16:30:41-0700] tcp uplink test started at 2024-11-01 16:30:41.288 PDT
[2024-11-01T16:30:41-0700] testing tcp uplink with 161.188.33.234:5101, interval 0.5, duration 120, timeout 121 ...
[2024-11-01T16:32:42-0700] Current time exceeds end time, skipping wait
[2024-11-01T16:32:42-0700] Saved uplink test to /data/data/com.termux/files/home/storage/shared/bos_la_2024_trip/verizon/20241101/162829848/tcp_uplink_163041314.out
[2024-11-01T16:32:42-0700] UL AVG TPUT: 
[2024-11-01T16:32:42-0700] tcp uplink test finished at 2024-11-01 16:32:42.411 PDT, duration: 121.123 s
[2024-11-01T16:32:42-0700] -------------------------------
[2024-11-01T16:32:42-0700] Waiting for 2 s...
[2024-11-01T16:32:44-0700] -------------------------------
[2024-11-01T16:32:44-0700] Starting 5G booster for 5 s...
[2024-11-01T16:32:44-0700] 5G booster started at 2024-11-01 16:32:44.564 PDT
[2024-11-01T16:32:50-0700] Current time exceeds end time, skipping wait
[2024-11-01T16:32:50-0700] Saved TCP DL results to /data/data/com.termux/files/home/storage/shared/bos_la_2024_trip/verizon/20241101/162829848/tcp_downlink_163244593.out
[2024-11-01T16:32:50-0700] DL AVG TPUT: 
[2024-11-01T16:32:50-0700] 5G booster finished at 2024-11-01 16:32:50.680 PDT, duration: 6.116 s
[2024-11-01T16:32:50-0700] -------------------------------
[2024-11-01T16:32:50-0700] Waiting for 2 s...
[2024-11-01T16:32:52-0700] -------------------------------
[2024-11-01T16:32:52-0700] ICMP Ping test started at 2024-11-01 16:32:52.784 PDT
[2024-11-01T16:33:22-0700] Waiting for .853 s to reach end time
[2024-11-01T16:33:23-0700] Saved ping test to /data/data/com.termux/files/home/storage/shared/bos_la_2024_trip/verizon/20241101/162829848/icmp_ping_163252836.out
[2024-11-01T16:33:23-0700] Ping summary (min/avg/max/mdev) = 10.818/29.999/110.589/9.680 ms
[2024-11-01T16:33:23-0700] Ping test finished at 2024-11-01 16:33:23.877 PDT, duration: 31.093 s
[2024-11-01T16:33:23-0700] -------------------------------
[2024-11-01T16:33:23-0700] Waiting for 2 s...
[2024-11-01T16:33:25-0700] -------------------------------
[2024-11-01T16:33:25-0700] Starting 5G booster for 5 s...
[2024-11-01T16:33:26-0700] 5G booster started at 2024-11-01 16:33:25.988 PDT
[2024-11-01T16:33:32-0700] Current time exceeds end time, skipping wait
[2024-11-01T16:33:32-0700] Saved TCP DL results to /data/data/com.termux/files/home/storage/shared/bos_la_2024_trip/verizon/20241101/162829848/tcp_downlink_163326019.out
[2024-11-01T16:33:32-0700] DL AVG TPUT: 
[2024-11-01T16:33:32-0700] 5G booster finished at 2024-11-01 16:33:32.105 PDT, duration: 6.117 s
[2024-11-01T16:33:32-0700] -------------------------------
[2024-11-01T16:33:32-0700] Waiting for 2 s...
[2024-11-01T16:33:34-0700] -------------------------------
[2024-11-01T16:33:34-0700] TCP Ping test started at 2024-11-01 16:33:34.240 PDT
[2024-11-01T16:34:05-0700] Current time exceeds end time, skipping wait
[2024-11-01T16:34:05-0700] Saved TCP Ping test to /data/data/com.termux/files/home/storage/shared/bos_la_2024_trip/verizon/20241101/162829848/tcp_ping_163334291.out
[2024-11-01T16:34:05-0700] TCP Ping summary (min/avg/max/mdev) 
[2024-11-01T16:34:05-0700] TCP Ping test finished at 2024-11-01 16:34:05.410 PDT, duration: 31.170 s
[2024-11-01T16:34:05-0700] -------------------------------
[2024-11-01T16:34:05-0700] Waiting for 2 s...
[2024-11-01T16:34:07-0700] -------------------------------
[2024-11-01T16:34:07-0700] Traceroute test started at 2024-11-01 16:34:07.507 PDT
[2024-11-01T16:34:08-0700] Waiting for 28.902 s to reach end time
[2024-11-01T16:34:37-0700] Saved traceroute test to /data/data/com.termux/files/home/storage/shared/bos_la_2024_trip/verizon/20241101/162829848/traceroute_163407537.out
[2024-11-01T16:34:37-0700] Traceroute summary (min/avg/max/mdev) 
[2024-11-01T16:34:37-0700] Traceroute test finished at 2024-11-01 16:34:37.620 PDT, duration: 30.113 s
[2024-11-01T16:34:37-0700] -------------------------------
[2024-11-01T16:34:37-0700] All tests completed, cleaning up...
[2024-11-01T16:34:37-0700] -------------------------------
[2024-11-01T16:36:01-0700] [measurement] Load environment variables from prod.env file
[2024-11-01T16:36:01-0700] [measurement] Load operator-specific env from verizon.env file
[2024-11-01T16:36:01-0700] Starting a network measurement, please choose a server
[2024-11-01T16:36:01-0700] 0) West Cloud: 54.176.53.206
[2024-11-01T16:36:01-0700] 1) East Cloud: 54.197.223.49
[2024-11-01T16:36:01-0700] 2) Los Angeles Wavelength: 161.188.33.234
[2024-11-01T16:36:01-0700] 3) Las Vegas Wavelength: 155.146.118.158
[2024-11-01T16:36:01-0700] 4) Denver Wavelength: 155.146.144.24
[2024-11-01T16:36:01-0700] 5) Chicago Wavelength: 155.146.180.31
[2024-11-01T16:36:01-0700] 6) Boston Wavelength: 155.146.11.34
[2024-11-01T16:36:08-0700] Enter your choice (0-6): Testing verizon, server 2 (ip: 161.188.33.234, nuttcp_port: 5101, iperf_port: 5001)
[2024-11-01T16:36:08-0700] -------------------------------
[2024-11-01T16:36:08-0700] tcp downlink test started at 2024-11-01 16:36:08.398 PDT
[2024-11-01T16:36:08-0700] Testing tcp downlink with 161.188.33.234:5101, interval 0.5 s, duration 120 s, timeout 121 s...
[2024-11-01T16:38:09-0700] Current time exceeds end time, skipping wait
[2024-11-01T16:38:09-0700] Saved tcp downlink test to /data/data/com.termux/files/home/storage/shared/bos_la_2024_trip/verizon/20241101/163608378/tcp_downlink_163608424.out
[2024-11-01T16:38:09-0700] DL AVG TPUT: 
[2024-11-01T16:38:09-0700] tcp downlink test finished at 2024-11-01 16:38:09.527 PDT, duration: 121.129 s
[2024-11-01T16:38:09-0700] -------------------------------
[2024-11-01T16:38:09-0700] Waiting for 2 s...
[2024-11-01T16:38:11-0700] -------------------------------
[2024-11-01T16:38:11-0700] Starting 5G booster for 5 s...
[2024-11-01T16:38:11-0700] 5G booster started at 2024-11-01 16:38:11.651 PDT
[2024-11-01T16:38:17-0700] Current time exceeds end time, skipping wait
[2024-11-01T16:38:17-0700] Saved TCP DL results to /data/data/com.termux/files/home/storage/shared/bos_la_2024_trip/verizon/20241101/163608378/tcp_downlink_163811680.out
[2024-11-01T16:38:17-0700] DL AVG TPUT: 
[2024-11-01T16:38:17-0700] 5G booster finished at 2024-11-01 16:38:17.776 PDT, duration: 6.125 s
[2024-11-01T16:38:17-0700] -------------------------------
[2024-11-01T16:38:17-0700] Waiting for 2 s...
[2024-11-01T16:38:19-0700] -------------------------------
[2024-11-01T16:38:19-0700] tcp uplink test started at 2024-11-01 16:38:19.880 PDT
[2024-11-01T16:38:19-0700] testing tcp uplink with 161.188.33.234:5101, interval 0.5, duration 120, timeout 121 ...
[2024-11-01T16:40:20-0700] Waiting for .292 s to reach end time
[2024-11-01T16:40:20-0700] Saved uplink test to /data/data/com.termux/files/home/storage/shared/bos_la_2024_trip/verizon/20241101/163608378/tcp_uplink_163819910.out
[2024-11-01T16:40:21-0700] UL AVG TPUT: 44.5590 Mbps
[2024-11-01T16:40:21-0700] tcp uplink test finished at 2024-11-01 16:40:20.962 PDT, duration: 121.082 s
[2024-11-01T16:40:21-0700] -------------------------------
[2024-11-01T16:40:21-0700] Waiting for 2 s...
[2024-11-01T16:40:23-0700] -------------------------------
[2024-11-01T16:40:23-0700] Starting 5G booster for 5 s...
[2024-11-01T16:40:23-0700] 5G booster started at 2024-11-01 16:40:23.097 PDT
[2024-11-01T16:40:29-0700] Current time exceeds end time, skipping wait
[2024-11-01T16:40:29-0700] Saved TCP DL results to /data/data/com.termux/files/home/storage/shared/bos_la_2024_trip/verizon/20241101/163608378/tcp_downlink_164023121.out
[2024-11-01T16:40:29-0700] DL AVG TPUT: 
[2024-11-01T16:40:29-0700] 5G booster finished at 2024-11-01 16:40:29.249 PDT, duration: 6.152 s
[2024-11-01T16:40:29-0700] -------------------------------
[2024-11-01T16:40:29-0700] Waiting for 2 s...
[2024-11-01T16:40:31-0700] -------------------------------
[2024-11-01T16:40:31-0700] ICMP Ping test started at 2024-11-01 16:40:31.360 PDT
[2024-11-01T16:41:01-0700] Waiting for .830 s to reach end time
[2024-11-01T16:41:02-0700] Saved ping test to /data/data/com.termux/files/home/storage/shared/bos_la_2024_trip/verizon/20241101/163608378/icmp_ping_164031410.out
[2024-11-01T16:41:02-0700] Ping summary (min/avg/max/mdev) = 15.021/34.299/79.035/9.501 ms
[2024-11-01T16:41:02-0700] Ping test finished at 2024-11-01 16:41:02.436 PDT, duration: 31.076 s
[2024-11-01T16:41:02-0700] -------------------------------
[2024-11-01T16:41:02-0700] Waiting for 2 s...
[2024-11-01T16:41:04-0700] -------------------------------
[2024-11-01T16:41:04-0700] Starting 5G booster for 5 s...
[2024-11-01T16:41:04-0700] 5G booster started at 2024-11-01 16:41:04.571 PDT
[2024-11-01T16:41:10-0700] Current time exceeds end time, skipping wait
[2024-11-01T16:41:10-0700] Saved TCP DL results to /data/data/com.termux/files/home/storage/shared/bos_la_2024_trip/verizon/20241101/163608378/tcp_downlink_164104608.out
[2024-11-01T16:41:10-0700] DL AVG TPUT: 
[2024-11-01T16:41:10-0700] 5G booster finished at 2024-11-01 16:41:10.735 PDT, duration: 6.164 s
[2024-11-01T16:41:10-0700] -------------------------------
[2024-11-01T16:41:10-0700] Waiting for 2 s...
[2024-11-01T16:41:12-0700] -------------------------------
[2024-11-01T16:41:12-0700] TCP Ping test started at 2024-11-01 16:41:12.835 PDT
[2024-11-01T16:41:43-0700] Current time exceeds end time, skipping wait
[2024-11-01T16:41:43-0700] Saved TCP Ping test to /data/data/com.termux/files/home/storage/shared/bos_la_2024_trip/verizon/20241101/163608378/tcp_ping_164112867.out
[2024-11-01T16:41:44-0700] TCP Ping summary (min/avg/max/mdev) 
[2024-11-01T16:41:44-0700] TCP Ping test finished at 2024-11-01 16:41:43.986 PDT, duration: 31.151 s
[2024-11-01T16:41:44-0700] -------------------------------
[2024-11-01T16:41:44-0700] Waiting for 2 s...
[2024-11-01T16:41:46-0700] -------------------------------
[2024-11-01T16:41:46-0700] Traceroute test started at 2024-11-01 16:41:46.105 PDT
[2024-11-01T16:41:46-0700] Waiting for 29.556 s to reach end time
[2024-11-01T16:42:16-0700] Saved traceroute test to /data/data/com.termux/files/home/storage/shared/bos_la_2024_trip/verizon/20241101/163608378/traceroute_164146139.out
[2024-11-01T16:42:16-0700] Traceroute summary (min/avg/max/mdev) 
[2024-11-01T16:42:16-0700] Traceroute test finished at 2024-11-01 16:42:16.185 PDT, duration: 30.080 s
[2024-11-01T16:42:16-0700] -------------------------------
[2024-11-01T16:42:16-0700] All tests completed, cleaning up...
[2024-11-01T16:42:16-0700] -------------------------------
[2024-11-01T16:43:12-0700] [measurement] Load environment variables from prod.env file
[2024-11-01T16:43:12-0700] [measurement] Load operator-specific env from verizon.env file
[2024-11-01T16:43:12-0700] Starting a network measurement, please choose a server
[2024-11-01T16:43:12-0700] 0) West Cloud: 54.176.53.206
[2024-11-01T16:43:12-0700] 1) East Cloud: 54.197.223.49
[2024-11-01T16:43:12-0700] 2) Los Angeles Wavelength: 161.188.33.234
[2024-11-01T16:43:12-0700] 3) Las Vegas Wavelength: 155.146.118.158
[2024-11-01T16:43:12-0700] 4) Denver Wavelength: 155.146.144.24
[2024-11-01T16:43:12-0700] 5) Chicago Wavelength: 155.146.180.31
[2024-11-01T16:43:12-0700] 6) Boston Wavelength: 155.146.11.34
[2024-11-01T16:43:21-0700] Enter your choice (0-6): Testing verizon, server 2 (ip: 161.188.33.234, nuttcp_port: 5101, iperf_port: 5001)
[2024-11-01T16:43:21-0700] -------------------------------
[2024-11-01T16:43:21-0700] tcp downlink test started at 2024-11-01 16:43:21.560 PDT
[2024-11-01T16:43:21-0700] Testing tcp downlink with 161.188.33.234:5101, interval 0.5 s, duration 120 s, timeout 121 s...
[2024-11-01T16:45:22-0700] Current time exceeds end time, skipping wait
[2024-11-01T16:45:22-0700] Saved tcp downlink test to /data/data/com.termux/files/home/storage/shared/bos_la_2024_trip/verizon/20241101/164321543/tcp_downlink_164321589.out
[2024-11-01T16:45:22-0700] DL AVG TPUT: 
[2024-11-01T16:45:22-0700] tcp downlink test finished at 2024-11-01 16:45:22.710 PDT, duration: 121.150 s
[2024-11-01T16:45:22-0700] -------------------------------
[2024-11-01T16:45:22-0700] Waiting for 2 s...
[2024-11-01T16:45:24-0700] -------------------------------
[2024-11-01T16:45:24-0700] Starting 5G booster for 5 s...
[2024-11-01T16:45:24-0700] 5G booster started at 2024-11-01 16:45:24.842 PDT
[2024-11-01T16:45:30-0700] Current time exceeds end time, skipping wait
[2024-11-01T16:45:30-0700] Saved TCP DL results to /data/data/com.termux/files/home/storage/shared/bos_la_2024_trip/verizon/20241101/164321543/tcp_downlink_164524869.out
[2024-11-01T16:45:30-0700] DL AVG TPUT: 
[2024-11-01T16:45:31-0700] 5G booster finished at 2024-11-01 16:45:30.943 PDT, duration: 6.101 s
[2024-11-01T16:45:31-0700] -------------------------------
[2024-11-01T16:45:31-0700] Waiting for 2 s...
[2024-11-01T16:45:33-0700] -------------------------------
[2024-11-01T16:45:33-0700] tcp uplink test started at 2024-11-01 16:45:33.064 PDT
[2024-11-01T16:45:33-0700] testing tcp uplink with 161.188.33.234:5101, interval 0.5, duration 120, timeout 121 ...
[2024-11-01T16:47:34-0700] Current time exceeds end time, skipping wait
[2024-11-01T16:47:34-0700] Saved uplink test to /data/data/com.termux/files/home/storage/shared/bos_la_2024_trip/verizon/20241101/164321543/tcp_uplink_164533088.out
[2024-11-01T16:47:34-0700] UL AVG TPUT: 
[2024-11-01T16:47:34-0700] tcp uplink test finished at 2024-11-01 16:47:34.181 PDT, duration: 121.117 s
[2024-11-01T16:47:34-0700] -------------------------------
[2024-11-01T16:47:34-0700] Waiting for 2 s...
[2024-11-01T16:47:36-0700] -------------------------------
[2024-11-01T16:47:36-0700] Starting 5G booster for 5 s...
[2024-11-01T16:47:36-0700] 5G booster started at 2024-11-01 16:47:36.315 PDT
[2024-11-01T16:47:42-0700] Current time exceeds end time, skipping wait
[2024-11-01T16:47:42-0700] Saved TCP DL results to /data/data/com.termux/files/home/storage/shared/bos_la_2024_trip/verizon/20241101/164321543/tcp_downlink_164736343.out
[2024-11-01T16:47:42-0700] DL AVG TPUT: 
[2024-11-01T16:47:42-0700] 5G booster finished at 2024-11-01 16:47:42.456 PDT, duration: 6.141 s
[2024-11-01T16:47:42-0700] -------------------------------
[2024-11-01T16:47:42-0700] Waiting for 2 s...
[2024-11-01T16:47:44-0700] -------------------------------
[2024-11-01T16:47:44-0700] ICMP Ping test started at 2024-11-01 16:47:44.572 PDT
[2024-11-01T16:48:14-0700] Waiting for .826 s to reach end time
[2024-11-01T16:48:15-0700] Saved ping test to /data/data/com.termux/files/home/storage/shared/bos_la_2024_trip/verizon/20241101/164321543/icmp_ping_164744627.out
[2024-11-01T16:48:15-0700] Ping summary (min/avg/max/mdev) = 10.217/32.764/90.517/11.717 ms
[2024-11-01T16:48:15-0700] Ping test finished at 2024-11-01 16:48:15.656 PDT, duration: 31.084 s
[2024-11-01T16:48:15-0700] -------------------------------
[2024-11-01T16:48:15-0700] Waiting for 2 s...
[2024-11-01T16:48:17-0700] -------------------------------
[2024-11-01T16:48:17-0700] Starting 5G booster for 5 s...
[2024-11-01T16:48:17-0700] 5G booster started at 2024-11-01 16:48:17.783 PDT
[2024-11-01T16:48:23-0700] Current time exceeds end time, skipping wait
[2024-11-01T16:48:23-0700] Saved TCP DL results to /data/data/com.termux/files/home/storage/shared/bos_la_2024_trip/verizon/20241101/164321543/tcp_downlink_164817814.out
[2024-11-01T16:48:23-0700] DL AVG TPUT: 
[2024-11-01T16:48:23-0700] 5G booster finished at 2024-11-01 16:48:23.896 PDT, duration: 6.113 s
[2024-11-01T16:48:23-0700] -------------------------------
[2024-11-01T16:48:23-0700] Waiting for 2 s...
[2024-11-01T16:48:25-0700] -------------------------------
[2024-11-01T16:48:26-0700] TCP Ping test started at 2024-11-01 16:48:25.992 PDT
[2024-11-01T16:48:57-0700] Current time exceeds end time, skipping wait
[2024-11-01T16:48:57-0700] Saved TCP Ping test to /data/data/com.termux/files/home/storage/shared/bos_la_2024_trip/verizon/20241101/164321543/tcp_ping_164826017.out
[2024-11-01T16:48:57-0700] TCP Ping summary (min/avg/max/mdev) 
[2024-11-01T16:48:57-0700] TCP Ping test finished at 2024-11-01 16:48:57.118 PDT, duration: 31.126 s
[2024-11-01T16:48:57-0700] -------------------------------
[2024-11-01T16:48:57-0700] Waiting for 2 s...
[2024-11-01T16:48:59-0700] -------------------------------
[2024-11-01T16:48:59-0700] Traceroute test started at 2024-11-01 16:48:59.229 PDT
[2024-11-01T16:49:01-0700] Waiting for 27.747 s to reach end time
[2024-11-01T16:49:29-0700] Saved traceroute test to /data/data/com.termux/files/home/storage/shared/bos_la_2024_trip/verizon/20241101/164321543/traceroute_164859253.out
[2024-11-01T16:49:29-0700] Traceroute summary (min/avg/max/mdev) 
[2024-11-01T16:49:29-0700] Traceroute test finished at 2024-11-01 16:49:29.326 PDT, duration: 30.097 s
[2024-11-01T16:49:29-0700] -------------------------------
[2024-11-01T16:49:29-0700] All tests completed, cleaning up...
[2024-11-01T16:49:29-0700] -------------------------------
[2024-11-01T16:55:06-0700] [measurement] Load environment variables from prod.env file
[2024-11-01T16:55:06-0700] [measurement] Load operator-specific env from verizon.env file
[2024-11-01T16:55:06-0700] Starting a network measurement, please choose a server
[2024-11-01T16:55:06-0700] 0) West Cloud: 54.176.53.206
[2024-11-01T16:55:06-0700] 1) East Cloud: 54.197.223.49
[2024-11-01T16:55:06-0700] 2) Los Angeles Wavelength: 161.188.33.234
[2024-11-01T16:55:06-0700] 3) Las Vegas Wavelength: 155.146.118.158
[2024-11-01T16:55:06-0700] 4) Denver Wavelength: 155.146.144.24
[2024-11-01T16:55:06-0700] 5) Chicago Wavelength: 155.146.180.31
[2024-11-01T16:55:06-0700] 6) Boston Wavelength: 155.146.11.34
[2024-11-01T16:55:18-0700] Enter your choice (0-6): Testing verizon, server 2 (ip: 161.188.33.234, nuttcp_port: 5101, iperf_port: 5001)
[2024-11-01T16:55:18-0700] -------------------------------
[2024-11-01T16:55:18-0700] tcp downlink test started at 2024-11-01 16:55:18.708 PDT
[2024-11-01T16:55:18-0700] Testing tcp downlink with 161.188.33.234:5101, interval 0.5 s, duration 120 s, timeout 121 s...
[2024-11-01T16:57:19-0700] Current time exceeds end time, skipping wait
[2024-11-01T16:57:19-0700] Saved tcp downlink test to /data/data/com.termux/files/home/storage/shared/bos_la_2024_trip/verizon/20241101/165518682/tcp_downlink_165518733.out
[2024-11-01T16:57:19-0700] DL AVG TPUT: 
[2024-11-01T16:57:19-0700] tcp downlink test finished at 2024-11-01 16:57:19.824 PDT, duration: 121.116 s
[2024-11-01T16:57:19-0700] -------------------------------
[2024-11-01T16:57:19-0700] Waiting for 2 s...
[2024-11-01T16:57:21-0700] -------------------------------
[2024-11-01T16:57:21-0700] Starting 5G booster for 5 s...
[2024-11-01T16:57:21-0700] 5G booster started at 2024-11-01 16:57:21.931 PDT
[2024-11-01T16:57:28-0700] Current time exceeds end time, skipping wait
[2024-11-01T16:57:28-0700] Saved TCP DL results to /data/data/com.termux/files/home/storage/shared/bos_la_2024_trip/verizon/20241101/165518682/tcp_downlink_165721955.out
[2024-11-01T16:57:28-0700] DL AVG TPUT: 
[2024-11-01T16:57:28-0700] 5G booster finished at 2024-11-01 16:57:28.029 PDT, duration: 6.098 s
[2024-11-01T16:57:28-0700] -------------------------------
[2024-11-01T16:57:28-0700] Waiting for 2 s...
[2024-11-01T16:57:30-0700] -------------------------------
[2024-11-01T16:57:30-0700] tcp uplink test started at 2024-11-01 16:57:30.118 PDT
[2024-11-01T16:57:30-0700] testing tcp uplink with 161.188.33.234:5101, interval 0.5, duration 120, timeout 121 ...
[2024-11-01T16:59:31-0700] Current time exceeds end time, skipping wait
[2024-11-01T16:59:31-0700] Saved uplink test to /data/data/com.termux/files/home/storage/shared/bos_la_2024_trip/verizon/20241101/165518682/tcp_uplink_165730146.out
[2024-11-01T16:59:31-0700] UL AVG TPUT: 
[2024-11-01T16:59:31-0700] tcp uplink test finished at 2024-11-01 16:59:31.244 PDT, duration: 121.126 s
[2024-11-01T16:59:31-0700] -------------------------------
[2024-11-01T16:59:31-0700] Waiting for 2 s...
[2024-11-01T16:59:33-0700] -------------------------------
[2024-11-01T16:59:33-0700] Starting 5G booster for 5 s...
[2024-11-01T16:59:33-0700] 5G booster started at 2024-11-01 16:59:33.352 PDT
[2024-11-01T16:59:39-0700] Current time exceeds end time, skipping wait
[2024-11-01T16:59:39-0700] Saved TCP DL results to /data/data/com.termux/files/home/storage/shared/bos_la_2024_trip/verizon/20241101/165518682/tcp_downlink_165933374.out
[2024-11-01T16:59:39-0700] DL AVG TPUT: 
[2024-11-01T16:59:39-0700] 5G booster finished at 2024-11-01 16:59:39.450 PDT, duration: 6.098 s
[2024-11-01T16:59:39-0700] -------------------------------
[2024-11-01T16:59:39-0700] Waiting for 2 s...
[2024-11-01T16:59:41-0700] -------------------------------
[2024-11-01T16:59:41-0700] ICMP Ping test started at 2024-11-01 16:59:41.544 PDT
[2024-11-01T17:00:11-0700] Waiting for .888 s to reach end time
[2024-11-01T17:00:12-0700] Saved ping test to /data/data/com.termux/files/home/storage/shared/bos_la_2024_trip/verizon/20241101/165518682/icmp_ping_165941569.out
[2024-11-01T17:00:12-0700] Ping summary (min/avg/max/mdev) = 9.508/43.325/547.710/69.681 ms
[2024-11-01T17:00:12-0700] Ping test finished at 2024-11-01 17:00:12.631 PDT, duration: 31.087 s
[2024-11-01T17:00:12-0700] -------------------------------
[2024-11-01T17:00:12-0700] Waiting for 2 s...
[2024-11-01T17:00:14-0700] -------------------------------
[2024-11-01T17:00:14-0700] Starting 5G booster for 5 s...
[2024-11-01T17:00:14-0700] 5G booster started at 2024-11-01 17:00:14.752 PDT
[2024-11-01T17:00:20-0700] Current time exceeds end time, skipping wait
[2024-11-01T17:00:20-0700] Saved TCP DL results to /data/data/com.termux/files/home/storage/shared/bos_la_2024_trip/verizon/20241101/165518682/tcp_downlink_170014799.out
[2024-11-01T17:00:20-0700] DL AVG TPUT: 
[2024-11-01T17:00:20-0700] 5G booster finished at 2024-11-01 17:00:20.859 PDT, duration: 6.107 s
[2024-11-01T17:00:20-0700] -------------------------------
[2024-11-01T17:00:20-0700] Waiting for 2 s...
[2024-11-01T17:00:22-0700] -------------------------------
[2024-11-01T17:00:22-0700] TCP Ping test started at 2024-11-01 17:00:22.956 PDT
[2024-11-01T17:00:54-0700] Current time exceeds end time, skipping wait
[2024-11-01T17:00:54-0700] Saved TCP Ping test to /data/data/com.termux/files/home/storage/shared/bos_la_2024_trip/verizon/20241101/165518682/tcp_ping_170023012.out
[2024-11-01T17:00:54-0700] TCP Ping summary (min/avg/max/mdev) 
[2024-11-01T17:00:54-0700] TCP Ping test finished at 2024-11-01 17:00:54.112 PDT, duration: 31.156 s
[2024-11-01T17:00:54-0700] -------------------------------
[2024-11-01T17:00:54-0700] Waiting for 2 s...
[2024-11-01T17:00:56-0700] -------------------------------
[2024-11-01T17:00:56-0700] Traceroute test started at 2024-11-01 17:00:56.257 PDT
[2024-11-01T17:00:57-0700] Waiting for 28.346 s to reach end time
[2024-11-01T17:01:26-0700] Saved traceroute test to /data/data/com.termux/files/home/storage/shared/bos_la_2024_trip/verizon/20241101/165518682/traceroute_170056304.out
[2024-11-01T17:01:26-0700] Traceroute summary (min/avg/max/mdev) 
[2024-11-01T17:01:26-0700] Traceroute test finished at 2024-11-01 17:01:26.347 PDT, duration: 30.090 s
[2024-11-01T17:01:26-0700] -------------------------------
[2024-11-01T17:01:26-0700] All tests completed, cleaning up...
[2024-11-01T17:01:26-0700] -------------------------------
[2024-11-01T17:02:38-0700] [measurement] Load environment variables from prod.env file
[2024-11-01T17:02:38-0700] [measurement] Load operator-specific env from verizon.env file
[2024-11-01T17:02:38-0700] Starting a network measurement, please choose a server
[2024-11-01T17:02:38-0700] 0) West Cloud: 54.176.53.206
[2024-11-01T17:02:38-0700] 1) East Cloud: 54.197.223.49
[2024-11-01T17:02:38-0700] 2) Los Angeles Wavelength: 161.188.33.234
[2024-11-01T17:02:38-0700] 3) Las Vegas Wavelength: 155.146.118.158
[2024-11-01T17:02:38-0700] 4) Denver Wavelength: 155.146.144.24
[2024-11-01T17:02:38-0700] 5) Chicago Wavelength: 155.146.180.31
[2024-11-01T17:02:38-0700] 6) Boston Wavelength: 155.146.11.34
[2024-11-01T17:02:45-0700] Enter your choice (0-6): Testing verizon, server 2 (ip: 161.188.33.234, nuttcp_port: 5101, iperf_port: 5001)
[2024-11-01T17:02:45-0700] -------------------------------
[2024-11-01T17:02:45-0700] tcp downlink test started at 2024-11-01 17:02:45.495 PDT
[2024-11-01T17:02:45-0700] Testing tcp downlink with 161.188.33.234:5101, interval 0.5 s, duration 120 s, timeout 121 s...
[2024-11-01T17:04:46-0700] Current time exceeds end time, skipping wait
[2024-11-01T17:04:46-0700] Saved tcp downlink test to /data/data/com.termux/files/home/storage/shared/bos_la_2024_trip/verizon/20241101/170245472/tcp_downlink_170245528.out
[2024-11-01T17:04:46-0700] DL AVG TPUT: 
[2024-11-01T17:04:46-0700] tcp downlink test finished at 2024-11-01 17:04:46.610 PDT, duration: 121.115 s
[2024-11-01T17:04:46-0700] -------------------------------
[2024-11-01T17:04:46-0700] Waiting for 2 s...
[2024-11-01T17:04:48-0700] -------------------------------
[2024-11-01T17:04:48-0700] Starting 5G booster for 5 s...
[2024-11-01T17:04:48-0700] 5G booster started at 2024-11-01 17:04:48.698 PDT
[2024-11-01T17:04:54-0700] Current time exceeds end time, skipping wait
[2024-11-01T17:04:54-0700] Saved TCP DL results to /data/data/com.termux/files/home/storage/shared/bos_la_2024_trip/verizon/20241101/170245472/tcp_downlink_170448719.out
[2024-11-01T17:04:54-0700] DL AVG TPUT: 
[2024-11-01T17:04:54-0700] 5G booster finished at 2024-11-01 17:04:54.778 PDT, duration: 6.080 s
[2024-11-01T17:04:54-0700] -------------------------------
[2024-11-01T17:04:54-0700] Waiting for 2 s...
[2024-11-01T17:04:56-0700] -------------------------------
[2024-11-01T17:04:56-0700] tcp uplink test started at 2024-11-01 17:04:56.870 PDT
[2024-11-01T17:04:56-0700] testing tcp uplink with 161.188.33.234:5101, interval 0.5, duration 120, timeout 121 ...
[2024-11-01T17:06:57-0700] Current time exceeds end time, skipping wait
[2024-11-01T17:06:57-0700] Saved uplink test to /data/data/com.termux/files/home/storage/shared/bos_la_2024_trip/verizon/20241101/170245472/tcp_uplink_170456897.out
[2024-11-01T17:06:58-0700] UL AVG TPUT: 
[2024-11-01T17:06:58-0700] tcp uplink test finished at 2024-11-01 17:06:57.984 PDT, duration: 121.114 s
[2024-11-01T17:06:58-0700] -------------------------------
[2024-11-01T17:06:58-0700] Waiting for 2 s...
[2024-11-01T17:07:00-0700] -------------------------------
[2024-11-01T17:07:00-0700] Starting 5G booster for 5 s...
[2024-11-01T17:07:00-0700] 5G booster started at 2024-11-01 17:07:00.075 PDT
[2024-11-01T17:07:06-0700] Current time exceeds end time, skipping wait
[2024-11-01T17:07:06-0700] Saved TCP DL results to /data/data/com.termux/files/home/storage/shared/bos_la_2024_trip/verizon/20241101/170245472/tcp_downlink_170700098.out
[2024-11-01T17:07:06-0700] DL AVG TPUT: 
[2024-11-01T17:07:06-0700] 5G booster finished at 2024-11-01 17:07:06.191 PDT, duration: 6.116 s
[2024-11-01T17:07:06-0700] -------------------------------
[2024-11-01T17:07:06-0700] Waiting for 2 s...
[2024-11-01T17:07:08-0700] -------------------------------
[2024-11-01T17:07:08-0700] ICMP Ping test started at 2024-11-01 17:07:08.286 PDT
[2024-11-01T17:07:38-0700] Waiting for .914 s to reach end time
[2024-11-01T17:07:39-0700] Saved ping test to /data/data/com.termux/files/home/storage/shared/bos_la_2024_trip/verizon/20241101/170245472/icmp_ping_170708310.out
[2024-11-01T17:07:39-0700] Ping summary (min/avg/max/mdev) = 14.326/31.735/96.697/10.568 ms
[2024-11-01T17:07:39-0700] Ping test finished at 2024-11-01 17:07:39.375 PDT, duration: 31.089 s
[2024-11-01T17:07:39-0700] -------------------------------
[2024-11-01T17:07:39-0700] Waiting for 2 s...
[2024-11-01T17:07:41-0700] -------------------------------
[2024-11-01T17:07:41-0700] Starting 5G booster for 5 s...
[2024-11-01T17:07:41-0700] 5G booster started at 2024-11-01 17:07:41.546 PDT
[2024-11-01T17:07:47-0700] Current time exceeds end time, skipping wait
[2024-11-01T17:07:47-0700] Saved TCP DL results to /data/data/com.termux/files/home/storage/shared/bos_la_2024_trip/verizon/20241101/170245472/tcp_downlink_170741582.out
[2024-11-01T17:07:47-0700] DL AVG TPUT: 
[2024-11-01T17:07:47-0700] 5G booster finished at 2024-11-01 17:07:47.703 PDT, duration: 6.157 s
[2024-11-01T17:07:47-0700] -------------------------------
[2024-11-01T17:07:47-0700] Waiting for 2 s...
[2024-11-01T17:07:49-0700] -------------------------------
[2024-11-01T17:07:49-0700] TCP Ping test started at 2024-11-01 17:07:49.804 PDT
[2024-11-01T17:08:20-0700] Current time exceeds end time, skipping wait
[2024-11-01T17:08:20-0700] Saved TCP Ping test to /data/data/com.termux/files/home/storage/shared/bos_la_2024_trip/verizon/20241101/170245472/tcp_ping_170749826.out
[2024-11-01T17:08:20-0700] TCP Ping summary (min/avg/max/mdev) 
[2024-11-01T17:08:20-0700] TCP Ping test finished at 2024-11-01 17:08:20.890 PDT, duration: 31.086 s
[2024-11-01T17:08:20-0700] -------------------------------
[2024-11-01T17:08:20-0700] Waiting for 2 s...
[2024-11-01T17:08:23-0700] -------------------------------
[2024-11-01T17:08:23-0700] Traceroute test started at 2024-11-01 17:08:23.027 PDT
[2024-11-01T17:08:24-0700] Waiting for 28.263 s to reach end time
[2024-11-01T17:08:53-0700] Saved traceroute test to /data/data/com.termux/files/home/storage/shared/bos_la_2024_trip/verizon/20241101/170245472/traceroute_170823059.out
[2024-11-01T17:08:53-0700] Traceroute summary (min/avg/max/mdev) 
[2024-11-01T17:08:53-0700] Traceroute test finished at 2024-11-01 17:08:53.107 PDT, duration: 30.080 s
[2024-11-01T17:08:53-0700] -------------------------------
[2024-11-01T17:08:53-0700] All tests completed, cleaning up...
[2024-11-01T17:08:53-0700] -------------------------------
[2024-11-01T17:13:20-0700] [measurement] Load environment variables from prod.env file
[2024-11-01T17:13:20-0700] [measurement] Load operator-specific env from verizon.env file
[2024-11-01T17:13:20-0700] Starting a network measurement, please choose a server
[2024-11-01T17:13:20-0700] 0) West Cloud: 54.176.53.206
[2024-11-01T17:13:20-0700] 1) East Cloud: 54.197.223.49
[2024-11-01T17:13:20-0700] 2) Los Angeles Wavelength: 161.188.33.234
[2024-11-01T17:13:20-0700] 3) Las Vegas Wavelength: 155.146.118.158
[2024-11-01T17:13:20-0700] 4) Denver Wavelength: 155.146.144.24
[2024-11-01T17:13:20-0700] 5) Chicago Wavelength: 155.146.180.31
[2024-11-01T17:13:20-0700] 6) Boston Wavelength: 155.146.11.34
[2024-11-01T17:13:31-0700] Enter your choice (0-6): Testing verizon, server 2 (ip: 161.188.33.234, nuttcp_port: 5101, iperf_port: 5001)
[2024-11-01T17:13:31-0700] -------------------------------
[2024-11-01T17:13:31-0700] tcp downlink test started at 2024-11-01 17:13:31.113 PDT
[2024-11-01T17:13:31-0700] Testing tcp downlink with 161.188.33.234:5101, interval 0.5 s, duration 120 s, timeout 121 s...
[2024-11-01T17:15:32-0700] Current time exceeds end time, skipping wait
[2024-11-01T17:15:32-0700] Saved tcp downlink test to /data/data/com.termux/files/home/storage/shared/bos_la_2024_trip/verizon/20241101/171331092/tcp_downlink_171331145.out
[2024-11-01T17:15:32-0700] DL AVG TPUT: 
[2024-11-01T17:15:32-0700] tcp downlink test finished at 2024-11-01 17:15:32.263 PDT, duration: 121.150 s
[2024-11-01T17:15:32-0700] -------------------------------
[2024-11-01T17:15:32-0700] Waiting for 2 s...
[2024-11-01T17:15:34-0700] -------------------------------
[2024-11-01T17:15:34-0700] Starting 5G booster for 5 s...
[2024-11-01T17:15:34-0700] 5G booster started at 2024-11-01 17:15:34.387 PDT
[2024-11-01T17:15:40-0700] Current time exceeds end time, skipping wait
[2024-11-01T17:15:40-0700] Saved TCP DL results to /data/data/com.termux/files/home/storage/shared/bos_la_2024_trip/verizon/20241101/171331092/tcp_downlink_171534417.out
[2024-11-01T17:15:40-0700] DL AVG TPUT: 
[2024-11-01T17:15:40-0700] 5G booster finished at 2024-11-01 17:15:40.497 PDT, duration: 6.110 s
[2024-11-01T17:15:40-0700] -------------------------------
[2024-11-01T17:15:40-0700] Waiting for 2 s...
[2024-11-01T17:15:42-0700] -------------------------------
[2024-11-01T17:15:42-0700] tcp uplink test started at 2024-11-01 17:15:42.590 PDT
[2024-11-01T17:15:42-0700] testing tcp uplink with 161.188.33.234:5101, interval 0.5, duration 120, timeout 121 ...
[2024-11-01T17:17:43-0700] Waiting for .331 s to reach end time
[2024-11-01T17:17:43-0700] Saved uplink test to /data/data/com.termux/files/home/storage/shared/bos_la_2024_trip/verizon/20241101/171331092/tcp_uplink_171542614.out
[2024-11-01T17:17:43-0700] UL AVG TPUT: 75.6096 Mbps
[2024-11-01T17:17:43-0700] tcp uplink test finished at 2024-11-01 17:17:43.657 PDT, duration: 121.067 s
[2024-11-01T17:17:43-0700] -------------------------------
[2024-11-01T17:17:43-0700] Waiting for 2 s...
[2024-11-01T17:17:45-0700] -------------------------------
[2024-11-01T17:17:45-0700] Starting 5G booster for 5 s...
[2024-11-01T17:17:45-0700] 5G booster started at 2024-11-01 17:17:45.752 PDT
[2024-11-01T17:17:51-0700] Current time exceeds end time, skipping wait
[2024-11-01T17:17:51-0700] Saved TCP DL results to /data/data/com.termux/files/home/storage/shared/bos_la_2024_trip/verizon/20241101/171331092/tcp_downlink_171745778.out
[2024-11-01T17:17:51-0700] DL AVG TPUT: 
[2024-11-01T17:17:51-0700] 5G booster finished at 2024-11-01 17:17:51.865 PDT, duration: 6.113 s
[2024-11-01T17:17:51-0700] -------------------------------
[2024-11-01T17:17:51-0700] Waiting for 2 s...
[2024-11-01T17:17:53-0700] -------------------------------
[2024-11-01T17:17:53-0700] ICMP Ping test started at 2024-11-01 17:17:53.943 PDT
[2024-11-01T17:18:24-0700] Waiting for .893 s to reach end time
[2024-11-01T17:18:25-0700] Saved ping test to /data/data/com.termux/files/home/storage/shared/bos_la_2024_trip/verizon/20241101/171331092/icmp_ping_171753966.out
[2024-11-01T17:18:25-0700] Ping summary (min/avg/max/mdev) = 13.094/22.807/31.814/2.813 ms
[2024-11-01T17:18:25-0700] Ping test finished at 2024-11-01 17:18:25.034 PDT, duration: 31.091 s
[2024-11-01T17:18:25-0700] -------------------------------
[2024-11-01T17:18:25-0700] Waiting for 2 s...
[2024-11-01T17:18:27-0700] -------------------------------
[2024-11-01T17:18:27-0700] Starting 5G booster for 5 s...
[2024-11-01T17:18:27-0700] 5G booster started at 2024-11-01 17:18:27.169 PDT
[2024-11-01T17:18:33-0700] Current time exceeds end time, skipping wait
[2024-11-01T17:18:33-0700] Saved TCP DL results to /data/data/com.termux/files/home/storage/shared/bos_la_2024_trip/verizon/20241101/171331092/tcp_downlink_171827203.out
[2024-11-01T17:18:33-0700] DL AVG TPUT: 
[2024-11-01T17:18:33-0700] 5G booster finished at 2024-11-01 17:18:33.277 PDT, duration: 6.108 s
[2024-11-01T17:18:33-0700] -------------------------------
[2024-11-01T17:18:33-0700] Waiting for 2 s...
[2024-11-01T17:18:35-0700] -------------------------------
[2024-11-01T17:18:35-0700] TCP Ping test started at 2024-11-01 17:18:35.378 PDT
[2024-11-01T17:19:06-0700] Current time exceeds end time, skipping wait
[2024-11-01T17:19:06-0700] Saved TCP Ping test to /data/data/com.termux/files/home/storage/shared/bos_la_2024_trip/verizon/20241101/171331092/tcp_ping_171835400.out
[2024-11-01T17:19:06-0700] TCP Ping summary (min/avg/max/mdev) 
[2024-11-01T17:19:06-0700] TCP Ping test finished at 2024-11-01 17:19:06.492 PDT, duration: 31.114 s
[2024-11-01T17:19:06-0700] -------------------------------
[2024-11-01T17:19:06-0700] Waiting for 2 s...
[2024-11-01T17:19:08-0700] -------------------------------
[2024-11-01T17:19:08-0700] Traceroute test started at 2024-11-01 17:19:08.614 PDT
[2024-11-01T17:19:14-0700] Waiting for 23.846 s to reach end time
[2024-11-01T17:19:38-0700] Saved traceroute test to /data/data/com.termux/files/home/storage/shared/bos_la_2024_trip/verizon/20241101/171331092/traceroute_171908664.out
[2024-11-01T17:19:38-0700] Traceroute summary (min/avg/max/mdev) 
[2024-11-01T17:19:38-0700] Traceroute test finished at 2024-11-01 17:19:38.700 PDT, duration: 30.086 s
[2024-11-01T17:19:38-0700] -------------------------------
[2024-11-01T17:19:38-0700] All tests completed, cleaning up...
[2024-11-01T17:19:38-0700] -------------------------------
[2024-11-01T17:22:34-0700] [measurement] Load environment variables from prod.env file
[2024-11-01T17:22:34-0700] [measurement] Load operator-specific env from verizon.env file
[2024-11-01T17:22:34-0700] Starting a network measurement, please choose a server
[2024-11-01T17:22:34-0700] 0) West Cloud: 54.176.53.206
[2024-11-01T17:22:34-0700] 1) East Cloud: 54.197.223.49
[2024-11-01T17:22:34-0700] 2) Los Angeles Wavelength: 161.188.33.234
[2024-11-01T17:22:34-0700] 3) Las Vegas Wavelength: 155.146.118.158
[2024-11-01T17:22:34-0700] 4) Denver Wavelength: 155.146.144.24
[2024-11-01T17:22:34-0700] 5) Chicago Wavelength: 155.146.180.31
[2024-11-01T17:22:34-0700] 6) Boston Wavelength: 155.146.11.34
[2024-11-01T17:23:07-0700] Enter your choice (0-6): Testing verizon, server 2 (ip: 161.188.33.234, nuttcp_port: 5101, iperf_port: 5001)
[2024-11-01T17:23:07-0700] -------------------------------
[2024-11-01T17:23:07-0700] tcp downlink test started at 2024-11-01 17:23:07.406 PDT
[2024-11-01T17:23:07-0700] Testing tcp downlink with 161.188.33.234:5101, interval 0.5 s, duration 120 s, timeout 121 s...
[2024-11-01T17:25:08-0700] Current time exceeds end time, skipping wait
[2024-11-01T17:25:08-0700] Saved tcp downlink test to /data/data/com.termux/files/home/storage/shared/bos_la_2024_trip/verizon/20241101/172307388/tcp_downlink_172307429.out
[2024-11-01T17:25:08-0700] DL AVG TPUT: 
[2024-11-01T17:25:08-0700] tcp downlink test finished at 2024-11-01 17:25:08.530 PDT, duration: 121.124 s
[2024-11-01T17:25:08-0700] -------------------------------
[2024-11-01T17:25:08-0700] Waiting for 2 s...
[2024-11-01T17:25:10-0700] -------------------------------
[2024-11-01T17:25:10-0700] Starting 5G booster for 5 s...
[2024-11-01T17:25:10-0700] 5G booster started at 2024-11-01 17:25:10.626 PDT
[2024-11-01T17:25:16-0700] Current time exceeds end time, skipping wait
[2024-11-01T17:25:16-0700] Saved TCP DL results to /data/data/com.termux/files/home/storage/shared/bos_la_2024_trip/verizon/20241101/172307388/tcp_downlink_172510652.out
[2024-11-01T17:25:16-0700] DL AVG TPUT: 
[2024-11-01T17:25:16-0700] 5G booster finished at 2024-11-01 17:25:16.735 PDT, duration: 6.109 s
[2024-11-01T17:25:16-0700] -------------------------------
[2024-11-01T17:25:16-0700] Waiting for 2 s...
[2024-11-01T17:25:18-0700] -------------------------------
[2024-11-01T17:25:18-0700] tcp uplink test started at 2024-11-01 17:25:18.825 PDT
[2024-11-01T17:25:18-0700] testing tcp uplink with 161.188.33.234:5101, interval 0.5, duration 120, timeout 121 ...
[2024-11-01T17:27:19-0700] Current time exceeds end time, skipping wait
[2024-11-01T17:27:19-0700] Saved uplink test to /data/data/com.termux/files/home/storage/shared/bos_la_2024_trip/verizon/20241101/172307388/tcp_uplink_172518856.out
[2024-11-01T17:27:19-0700] UL AVG TPUT: 
[2024-11-01T17:27:20-0700] tcp uplink test finished at 2024-11-01 17:27:19.933 PDT, duration: 121.108 s
[2024-11-01T17:27:20-0700] -------------------------------
[2024-11-01T17:27:20-0700] Waiting for 2 s...
[2024-11-01T17:27:22-0700] -------------------------------
[2024-11-01T17:27:22-0700] Starting 5G booster for 5 s...
[2024-11-01T17:27:22-0700] 5G booster started at 2024-11-01 17:27:22.033 PDT
[2024-11-01T17:27:28-0700] Current time exceeds end time, skipping wait
[2024-11-01T17:27:28-0700] Saved TCP DL results to /data/data/com.termux/files/home/storage/shared/bos_la_2024_trip/verizon/20241101/172307388/tcp_downlink_172722062.out
[2024-11-01T17:27:28-0700] DL AVG TPUT: 
[2024-11-01T17:27:28-0700] 5G booster finished at 2024-11-01 17:27:28.146 PDT, duration: 6.113 s
[2024-11-01T17:27:28-0700] -------------------------------
[2024-11-01T17:27:28-0700] Waiting for 2 s...
[2024-11-01T17:27:30-0700] -------------------------------
[2024-11-01T17:27:30-0700] ICMP Ping test started at 2024-11-01 17:27:30.234 PDT
[2024-11-01T17:28:00-0700] Waiting for .900 s to reach end time
[2024-11-01T17:28:01-0700] Saved ping test to /data/data/com.termux/files/home/storage/shared/bos_la_2024_trip/verizon/20241101/172307388/icmp_ping_172730256.out
[2024-11-01T17:28:01-0700] Ping summary (min/avg/max/mdev) = 21.845/35.931/110.488/10.845 ms
[2024-11-01T17:28:01-0700] Ping test finished at 2024-11-01 17:28:01.292 PDT, duration: 31.058 s
[2024-11-01T17:28:01-0700] -------------------------------
[2024-11-01T17:28:01-0700] Waiting for 2 s...
[2024-11-01T17:28:03-0700] -------------------------------
[2024-11-01T17:28:03-0700] Starting 5G booster for 5 s...
[2024-11-01T17:28:03-0700] 5G booster started at 2024-11-01 17:28:03.389 PDT
[2024-11-01T17:28:09-0700] Current time exceeds end time, skipping wait
[2024-11-01T17:28:09-0700] Saved TCP DL results to /data/data/com.termux/files/home/storage/shared/bos_la_2024_trip/verizon/20241101/172307388/tcp_downlink_172803416.out
[2024-11-01T17:28:09-0700] DL AVG TPUT: 
[2024-11-01T17:28:09-0700] 5G booster finished at 2024-11-01 17:28:09.500 PDT, duration: 6.111 s
[2024-11-01T17:28:09-0700] -------------------------------
[2024-11-01T17:28:09-0700] Waiting for 2 s...
[2024-11-01T17:28:11-0700] -------------------------------
[2024-11-01T17:28:11-0700] TCP Ping test started at 2024-11-01 17:28:11.623 PDT
[2024-11-01T17:28:42-0700] Current time exceeds end time, skipping wait
[2024-11-01T17:28:42-0700] Saved TCP Ping test to /data/data/com.termux/files/home/storage/shared/bos_la_2024_trip/verizon/20241101/172307388/tcp_ping_172811646.out
[2024-11-01T17:28:42-0700] TCP Ping summary (min/avg/max/mdev) 
[2024-11-01T17:28:42-0700] TCP Ping test finished at 2024-11-01 17:28:42.753 PDT, duration: 31.130 s
[2024-11-01T17:28:42-0700] -------------------------------
[2024-11-01T17:28:42-0700] Waiting for 2 s...
[2024-11-01T17:28:44-0700] -------------------------------
[2024-11-01T17:28:44-0700] Traceroute test started at 2024-11-01 17:28:44.920 PDT
[2024-11-01T17:28:46-0700] Waiting for 28.038 s to reach end time
[2024-11-01T17:29:15-0700] Saved traceroute test to /data/data/com.termux/files/home/storage/shared/bos_la_2024_trip/verizon/20241101/172307388/traceroute_172844972.out
[2024-11-01T17:29:15-0700] Traceroute summary (min/avg/max/mdev) 
[2024-11-01T17:29:15-0700] Traceroute test finished at 2024-11-01 17:29:15.027 PDT, duration: 30.107 s
[2024-11-01T17:29:15-0700] -------------------------------
[2024-11-01T17:29:15-0700] All tests completed, cleaning up...
[2024-11-01T17:29:15-0700] -------------------------------
[2024-11-01T17:31:45-0700] [measurement] Load environment variables from prod.env file
[2024-11-01T17:31:45-0700] [measurement] Load operator-specific env from verizon.env file
[2024-11-01T17:31:45-0700] Starting a network measurement, please choose a server
[2024-11-01T17:31:45-0700] 0) West Cloud: 54.176.53.206
[2024-11-01T17:31:45-0700] 1) East Cloud: 54.197.223.49
[2024-11-01T17:31:45-0700] 2) Los Angeles Wavelength: 161.188.33.234
[2024-11-01T17:31:45-0700] 3) Las Vegas Wavelength: 155.146.118.158
[2024-11-01T17:31:45-0700] 4) Denver Wavelength: 155.146.144.24
[2024-11-01T17:31:45-0700] 5) Chicago Wavelength: 155.146.180.31
[2024-11-01T17:31:45-0700] 6) Boston Wavelength: 155.146.11.34
[2024-11-01T17:31:58-0700] Enter your choice (0-6): Testing verizon, server 2 (ip: 161.188.33.234, nuttcp_port: 5101, iperf_port: 5001)
[2024-11-01T17:31:58-0700] -------------------------------
[2024-11-01T17:31:58-0700] tcp downlink test started at 2024-11-01 17:31:58.633 PDT
[2024-11-01T17:31:58-0700] Testing tcp downlink with 161.188.33.234:5101, interval 0.5 s, duration 120 s, timeout 121 s...
[2024-11-01T17:33:59-0700] Current time exceeds end time, skipping wait
[2024-11-01T17:33:59-0700] Saved tcp downlink test to /data/data/com.termux/files/home/storage/shared/bos_la_2024_trip/verizon/20241101/173158616/tcp_downlink_173158656.out
[2024-11-01T17:33:59-0700] DL AVG TPUT: 
[2024-11-01T17:33:59-0700] tcp downlink test finished at 2024-11-01 17:33:59.780 PDT, duration: 121.147 s
[2024-11-01T17:33:59-0700] -------------------------------
[2024-11-01T17:33:59-0700] Waiting for 2 s...
[2024-11-01T17:34:01-0700] -------------------------------
[2024-11-01T17:34:01-0700] Starting 5G booster for 5 s...
[2024-11-01T17:34:01-0700] 5G booster started at 2024-11-01 17:34:01.889 PDT
[2024-11-01T17:34:08-0700] Current time exceeds end time, skipping wait
[2024-11-01T17:34:08-0700] Saved TCP DL results to /data/data/com.termux/files/home/storage/shared/bos_la_2024_trip/verizon/20241101/173158616/tcp_downlink_173401914.out
[2024-11-01T17:34:08-0700] DL AVG TPUT: 
[2024-11-01T17:34:08-0700] 5G booster finished at 2024-11-01 17:34:08.022 PDT, duration: 6.133 s
[2024-11-01T17:34:08-0700] -------------------------------
[2024-11-01T17:34:08-0700] Waiting for 2 s...
[2024-11-01T17:34:10-0700] -------------------------------
[2024-11-01T17:34:10-0700] tcp uplink test started at 2024-11-01 17:34:10.122 PDT
[2024-11-01T17:34:10-0700] testing tcp uplink with 161.188.33.234:5101, interval 0.5, duration 120, timeout 121 ...
[2024-11-01T17:36:10-0700] Waiting for .257 s to reach end time
[2024-11-01T17:36:11-0700] Saved uplink test to /data/data/com.termux/files/home/storage/shared/bos_la_2024_trip/verizon/20241101/173158616/tcp_uplink_173410146.out
[2024-11-01T17:36:11-0700] UL AVG TPUT: 44.4752 Mbps
[2024-11-01T17:36:11-0700] tcp uplink test finished at 2024-11-01 17:36:11.209 PDT, duration: 121.087 s
[2024-11-01T17:36:11-0700] -------------------------------
[2024-11-01T17:36:11-0700] Waiting for 2 s...
[2024-11-01T17:36:13-0700] -------------------------------
[2024-11-01T17:36:13-0700] Starting 5G booster for 5 s...
[2024-11-01T17:36:13-0700] 5G booster started at 2024-11-01 17:36:13.321 PDT
[2024-11-01T17:36:19-0700] Current time exceeds end time, skipping wait
[2024-11-01T17:36:19-0700] Saved TCP DL results to /data/data/com.termux/files/home/storage/shared/bos_la_2024_trip/verizon/20241101/173158616/tcp_downlink_173613355.out
[2024-11-01T17:36:19-0700] DL AVG TPUT: 
[2024-11-01T17:36:19-0700] 5G booster finished at 2024-11-01 17:36:19.456 PDT, duration: 6.135 s
[2024-11-01T17:36:19-0700] -------------------------------
[2024-11-01T17:36:19-0700] Waiting for 2 s...
[2024-11-01T17:36:21-0700] -------------------------------
[2024-11-01T17:36:21-0700] ICMP Ping test started at 2024-11-01 17:36:21.562 PDT
[2024-11-01T17:36:51-0700] Waiting for .891 s to reach end time
[2024-11-01T17:36:52-0700] Saved ping test to /data/data/com.termux/files/home/storage/shared/bos_la_2024_trip/verizon/20241101/173158616/icmp_ping_173621590.out
[2024-11-01T17:36:52-0700] Ping summary (min/avg/max/mdev) = 13.281/28.179/41.594/7.687 ms
[2024-11-01T17:36:52-0700] Ping test finished at 2024-11-01 17:36:52.658 PDT, duration: 31.096 s
[2024-11-01T17:36:52-0700] -------------------------------
[2024-11-01T17:36:52-0700] Waiting for 2 s...
[2024-11-01T17:36:54-0700] -------------------------------
[2024-11-01T17:36:54-0700] Starting 5G booster for 5 s...
[2024-11-01T17:36:54-0700] 5G booster started at 2024-11-01 17:36:54.797 PDT
[2024-11-01T17:37:00-0700] Current time exceeds end time, skipping wait
[2024-11-01T17:37:00-0700] Saved TCP DL results to /data/data/com.termux/files/home/storage/shared/bos_la_2024_trip/verizon/20241101/173158616/tcp_downlink_173654851.out
[2024-11-01T17:37:00-0700] DL AVG TPUT: 
[2024-11-01T17:37:01-0700] 5G booster finished at 2024-11-01 17:37:00.944 PDT, duration: 6.147 s
[2024-11-01T17:37:01-0700] -------------------------------
[2024-11-01T17:37:01-0700] Waiting for 2 s...
[2024-11-01T17:37:03-0700] -------------------------------
[2024-11-01T17:37:03-0700] TCP Ping test started at 2024-11-01 17:37:03.071 PDT
[2024-11-01T17:37:34-0700] Current time exceeds end time, skipping wait
[2024-11-01T17:37:34-0700] Saved TCP Ping test to /data/data/com.termux/files/home/storage/shared/bos_la_2024_trip/verizon/20241101/173158616/tcp_ping_173703137.out
[2024-11-01T17:37:34-0700] TCP Ping summary (min/avg/max/mdev) 
[2024-11-01T17:37:34-0700] TCP Ping test finished at 2024-11-01 17:37:34.260 PDT, duration: 31.189 s
[2024-11-01T17:37:34-0700] -------------------------------
[2024-11-01T17:37:34-0700] Waiting for 2 s...
[2024-11-01T17:37:36-0700] -------------------------------
[2024-11-01T17:37:36-0700] Traceroute test started at 2024-11-01 17:37:36.381 PDT
[2024-11-01T17:37:43-0700] Waiting for 23.371 s to reach end time
[2024-11-01T17:38:06-0700] Saved traceroute test to /data/data/com.termux/files/home/storage/shared/bos_la_2024_trip/verizon/20241101/173158616/traceroute_173736461.out
[2024-11-01T17:38:06-0700] Traceroute summary (min/avg/max/mdev) 
[2024-11-01T17:38:06-0700] Traceroute test finished at 2024-11-01 17:38:06.482 PDT, duration: 30.101 s
[2024-11-01T17:38:06-0700] -------------------------------
[2024-11-01T17:38:06-0700] All tests completed, cleaning up...
[2024-11-01T17:38:06-0700] -------------------------------
[2024-11-01T17:39:49-0700] [measurement] Load environment variables from prod.env file
[2024-11-01T17:39:49-0700] [measurement] Load operator-specific env from verizon.env file
[2024-11-01T17:39:49-0700] Starting a network measurement, please choose a server
[2024-11-01T17:39:49-0700] 0) West Cloud: 54.176.53.206
[2024-11-01T17:39:49-0700] 1) East Cloud: 54.197.223.49
[2024-11-01T17:39:49-0700] 2) Los Angeles Wavelength: 161.188.33.234
[2024-11-01T17:39:49-0700] 3) Las Vegas Wavelength: 155.146.118.158
[2024-11-01T17:39:49-0700] 4) Denver Wavelength: 155.146.144.24
[2024-11-01T17:39:49-0700] 5) Chicago Wavelength: 155.146.180.31
[2024-11-01T17:39:49-0700] 6) Boston Wavelength: 155.146.11.34
[2024-11-01T17:40:02-0700] Enter your choice (0-6): Testing verizon, server 2 (ip: 161.188.33.234, nuttcp_port: 5101, iperf_port: 5001)
[2024-11-01T17:40:02-0700] -------------------------------
[2024-11-01T17:40:02-0700] tcp downlink test started at 2024-11-01 17:40:02.618 PDT
[2024-11-01T17:40:02-0700] Testing tcp downlink with 161.188.33.234:5101, interval 0.5 s, duration 120 s, timeout 121 s...
[2024-11-01T17:42:03-0700] Current time exceeds end time, skipping wait
[2024-11-01T17:42:03-0700] Saved tcp downlink test to /data/data/com.termux/files/home/storage/shared/bos_la_2024_trip/verizon/20241101/174002594/tcp_downlink_174002663.out
[2024-11-01T17:42:03-0700] DL AVG TPUT: 
[2024-11-01T17:42:03-0700] tcp downlink test finished at 2024-11-01 17:42:03.757 PDT, duration: 121.139 s
[2024-11-01T17:42:03-0700] -------------------------------
[2024-11-01T17:42:03-0700] Waiting for 2 s...
[2024-11-01T17:42:05-0700] -------------------------------
[2024-11-01T17:42:05-0700] Starting 5G booster for 5 s...
[2024-11-01T17:42:05-0700] 5G booster started at 2024-11-01 17:42:05.863 PDT
[2024-11-01T17:42:11-0700] Current time exceeds end time, skipping wait
[2024-11-01T17:42:11-0700] Saved TCP DL results to /data/data/com.termux/files/home/storage/shared/bos_la_2024_trip/verizon/20241101/174002594/tcp_downlink_174205885.out
[2024-11-01T17:42:11-0700] DL AVG TPUT: 
[2024-11-01T17:42:12-0700] 5G booster finished at 2024-11-01 17:42:11.950 PDT, duration: 6.087 s
[2024-11-01T17:42:12-0700] -------------------------------
[2024-11-01T17:42:12-0700] Waiting for 2 s...
[2024-11-01T17:42:14-0700] -------------------------------
[2024-11-01T17:42:14-0700] tcp uplink test started at 2024-11-01 17:42:14.051 PDT
[2024-11-01T17:42:14-0700] testing tcp uplink with 161.188.33.234:5101, interval 0.5, duration 120, timeout 121 ...
[2024-11-01T17:44:15-0700] Current time exceeds end time, skipping wait
[2024-11-01T17:44:15-0700] Saved uplink test to /data/data/com.termux/files/home/storage/shared/bos_la_2024_trip/verizon/20241101/174002594/tcp_uplink_174214081.out
[2024-11-01T17:44:15-0700] UL AVG TPUT: 
[2024-11-01T17:44:15-0700] tcp uplink test finished at 2024-11-01 17:44:15.199 PDT, duration: 121.148 s
[2024-11-01T17:44:15-0700] -------------------------------
[2024-11-01T17:44:15-0700] Waiting for 2 s...
[2024-11-01T17:44:17-0700] -------------------------------
[2024-11-01T17:44:17-0700] Starting 5G booster for 5 s...
[2024-11-01T17:44:17-0700] 5G booster started at 2024-11-01 17:44:17.284 PDT
[2024-11-01T17:44:23-0700] Current time exceeds end time, skipping wait
[2024-11-01T17:44:23-0700] Saved TCP DL results to /data/data/com.termux/files/home/storage/shared/bos_la_2024_trip/verizon/20241101/174002594/tcp_downlink_174417308.out
[2024-11-01T17:44:23-0700] DL AVG TPUT: 
[2024-11-01T17:44:23-0700] 5G booster finished at 2024-11-01 17:44:23.367 PDT, duration: 6.083 s
[2024-11-01T17:44:23-0700] -------------------------------
[2024-11-01T17:44:23-0700] Waiting for 2 s...
[2024-11-01T17:44:25-0700] -------------------------------
[2024-11-01T17:44:25-0700] ICMP Ping test started at 2024-11-01 17:44:25.444 PDT
[2024-11-01T17:44:55-0700] Waiting for .881 s to reach end time
[2024-11-01T17:44:56-0700] Saved ping test to /data/data/com.termux/files/home/storage/shared/bos_la_2024_trip/verizon/20241101/174002594/icmp_ping_174425470.out
[2024-11-01T17:44:56-0700] Ping summary (min/avg/max/mdev) = 21.289/37.557/304.445/26.984 ms
[2024-11-01T17:44:56-0700] Ping test finished at 2024-11-01 17:44:56.536 PDT, duration: 31.092 s
[2024-11-01T17:44:56-0700] -------------------------------
[2024-11-01T17:44:56-0700] Waiting for 2 s...
[2024-11-01T17:44:58-0700] -------------------------------
[2024-11-01T17:44:58-0700] Starting 5G booster for 5 s...
[2024-11-01T17:44:58-0700] 5G booster started at 2024-11-01 17:44:58.659 PDT
[2024-11-01T17:45:04-0700] Current time exceeds end time, skipping wait
[2024-11-01T17:45:04-0700] Saved TCP DL results to /data/data/com.termux/files/home/storage/shared/bos_la_2024_trip/verizon/20241101/174002594/tcp_downlink_174458689.out
[2024-11-01T17:45:04-0700] DL AVG TPUT: 
[2024-11-01T17:45:04-0700] 5G booster finished at 2024-11-01 17:45:04.769 PDT, duration: 6.110 s
[2024-11-01T17:45:04-0700] -------------------------------
[2024-11-01T17:45:04-0700] Waiting for 2 s...
[2024-11-01T17:45:06-0700] -------------------------------
[2024-11-01T17:45:06-0700] TCP Ping test started at 2024-11-01 17:45:06.911 PDT
[2024-11-01T17:45:38-0700] Current time exceeds end time, skipping wait
[2024-11-01T17:45:38-0700] Saved TCP Ping test to /data/data/com.termux/files/home/storage/shared/bos_la_2024_trip/verizon/20241101/174002594/tcp_ping_174506977.out
[2024-11-01T17:45:38-0700] TCP Ping summary (min/avg/max/mdev) 
[2024-11-01T17:45:38-0700] TCP Ping test finished at 2024-11-01 17:45:38.033 PDT, duration: 31.122 s
[2024-11-01T17:45:38-0700] -------------------------------
[2024-11-01T17:45:38-0700] Waiting for 2 s...
[2024-11-01T17:45:40-0700] -------------------------------
[2024-11-01T17:45:40-0700] Traceroute test started at 2024-11-01 17:45:40.121 PDT
[2024-11-01T17:45:46-0700] Waiting for 23.617 s to reach end time
[2024-11-01T17:46:10-0700] Saved traceroute test to /data/data/com.termux/files/home/storage/shared/bos_la_2024_trip/verizon/20241101/174002594/traceroute_174540160.out
[2024-11-01T17:46:10-0700] Traceroute summary (min/avg/max/mdev) 
[2024-11-01T17:46:10-0700] Traceroute test finished at 2024-11-01 17:46:10.204 PDT, duration: 30.083 s
[2024-11-01T17:46:10-0700] -------------------------------
[2024-11-01T17:46:10-0700] All tests completed, cleaning up...
[2024-11-01T17:46:10-0700] -------------------------------
[2024-11-01T17:47:23-0700] [measurement] Load environment variables from prod.env file
[2024-11-01T17:47:23-0700] [measurement] Load operator-specific env from verizon.env file
[2024-11-01T17:47:23-0700] Starting a network measurement, please choose a server
[2024-11-01T17:47:23-0700] 0) West Cloud: 54.176.53.206
[2024-11-01T17:47:23-0700] 1) East Cloud: 54.197.223.49
[2024-11-01T17:47:23-0700] 2) Los Angeles Wavelength: 161.188.33.234
[2024-11-01T17:47:23-0700] 3) Las Vegas Wavelength: 155.146.118.158
[2024-11-01T17:47:23-0700] 4) Denver Wavelength: 155.146.144.24
[2024-11-01T17:47:23-0700] 5) Chicago Wavelength: 155.146.180.31
[2024-11-01T17:47:23-0700] 6) Boston Wavelength: 155.146.11.34
[2024-11-01T17:47:31-0700] Enter your choice (0-6): Testing verizon, server 2 (ip: 161.188.33.234, nuttcp_port: 5101, iperf_port: 5001)
[2024-11-01T17:47:31-0700] -------------------------------
[2024-11-01T17:47:31-0700] tcp downlink test started at 2024-11-01 17:47:31.366 PDT
[2024-11-01T17:47:31-0700] Testing tcp downlink with 161.188.33.234:5101, interval 0.5 s, duration 120 s, timeout 121 s...
[2024-11-01T17:49:32-0700] Current time exceeds end time, skipping wait
[2024-11-01T17:49:32-0700] Saved tcp downlink test to /data/data/com.termux/files/home/storage/shared/bos_la_2024_trip/verizon/20241101/174731344/tcp_downlink_174731399.out
[2024-11-01T17:49:32-0700] DL AVG TPUT: 
[2024-11-01T17:49:32-0700] tcp downlink test finished at 2024-11-01 17:49:32.472 PDT, duration: 121.106 s
[2024-11-01T17:49:32-0700] -------------------------------
[2024-11-01T17:49:32-0700] Waiting for 2 s...
[2024-11-01T17:49:34-0700] -------------------------------
[2024-11-01T17:49:34-0700] Starting 5G booster for 5 s...
[2024-11-01T17:49:34-0700] 5G booster started at 2024-11-01 17:49:34.571 PDT
[2024-11-01T17:49:40-0700] Current time exceeds end time, skipping wait
[2024-11-01T17:49:40-0700] Saved TCP DL results to /data/data/com.termux/files/home/storage/shared/bos_la_2024_trip/verizon/20241101/174731344/tcp_downlink_174934611.out
[2024-11-01T17:49:40-0700] DL AVG TPUT: 
[2024-11-01T17:49:40-0700] 5G booster finished at 2024-11-01 17:49:40.689 PDT, duration: 6.118 s
[2024-11-01T17:49:40-0700] -------------------------------
[2024-11-01T17:49:40-0700] Waiting for 2 s...
[2024-11-01T17:49:42-0700] -------------------------------
[2024-11-01T17:49:42-0700] tcp uplink test started at 2024-11-01 17:49:42.800 PDT
[2024-11-01T17:49:42-0700] testing tcp uplink with 161.188.33.234:5101, interval 0.5, duration 120, timeout 121 ...
[2024-11-01T17:51:43-0700] Current time exceeds end time, skipping wait
[2024-11-01T17:51:43-0700] Saved uplink test to /data/data/com.termux/files/home/storage/shared/bos_la_2024_trip/verizon/20241101/174731344/tcp_uplink_174942832.out
[2024-11-01T17:51:43-0700] UL AVG TPUT: 
[2024-11-01T17:51:44-0700] tcp uplink test finished at 2024-11-01 17:51:43.920 PDT, duration: 121.120 s
[2024-11-01T17:51:44-0700] -------------------------------
[2024-11-01T17:51:44-0700] Waiting for 2 s...
[2024-11-01T17:51:46-0700] -------------------------------
[2024-11-01T17:51:46-0700] Starting 5G booster for 5 s...
[2024-11-01T17:51:46-0700] 5G booster started at 2024-11-01 17:51:46.040 PDT
[2024-11-01T17:51:52-0700] Current time exceeds end time, skipping wait
[2024-11-01T17:51:52-0700] Saved TCP DL results to /data/data/com.termux/files/home/storage/shared/bos_la_2024_trip/verizon/20241101/174731344/tcp_downlink_175146069.out
[2024-11-01T17:51:52-0700] DL AVG TPUT: 
[2024-11-01T17:51:52-0700] 5G booster finished at 2024-11-01 17:51:52.143 PDT, duration: 6.103 s
[2024-11-01T17:51:52-0700] -------------------------------
[2024-11-01T17:51:52-0700] Waiting for 2 s...
[2024-11-01T17:51:54-0700] -------------------------------
[2024-11-01T17:51:54-0700] ICMP Ping test started at 2024-11-01 17:51:54.257 PDT
[2024-11-01T17:52:24-0700] Waiting for .882 s to reach end time
[2024-11-01T17:52:25-0700] Saved ping test to /data/data/com.termux/files/home/storage/shared/bos_la_2024_trip/verizon/20241101/174731344/icmp_ping_175154306.out
[2024-11-01T17:52:25-0700] Ping summary (min/avg/max/mdev) = 20.712/101.404/1782.886/268.675 ms
[2024-11-01T17:52:25-0700] Ping test finished at 2024-11-01 17:52:25.337 PDT, duration: 31.080 s
[2024-11-01T17:52:25-0700] -------------------------------
[2024-11-01T17:52:25-0700] Waiting for 2 s...
[2024-11-01T17:52:27-0700] -------------------------------
[2024-11-01T17:52:27-0700] Starting 5G booster for 5 s...
[2024-11-01T17:52:27-0700] 5G booster started at 2024-11-01 17:52:27.462 PDT
[2024-11-01T17:52:33-0700] Current time exceeds end time, skipping wait
[2024-11-01T17:52:33-0700] Saved TCP DL results to /data/data/com.termux/files/home/storage/shared/bos_la_2024_trip/verizon/20241101/174731344/tcp_downlink_175227493.out
[2024-11-01T17:52:33-0700] DL AVG TPUT: 
[2024-11-01T17:52:33-0700] 5G booster finished at 2024-11-01 17:52:33.584 PDT, duration: 6.122 s
[2024-11-01T17:52:33-0700] -------------------------------
[2024-11-01T17:52:33-0700] Waiting for 2 s...
[2024-11-01T17:52:35-0700] -------------------------------
[2024-11-01T17:52:35-0700] TCP Ping test started at 2024-11-01 17:52:35.712 PDT
[2024-11-01T17:53:06-0700] Current time exceeds end time, skipping wait
[2024-11-01T17:53:06-0700] Saved TCP Ping test to /data/data/com.termux/files/home/storage/shared/bos_la_2024_trip/verizon/20241101/174731344/tcp_ping_175235796.out
[2024-11-01T17:53:06-0700] TCP Ping summary (min/avg/max/mdev) 
[2024-11-01T17:53:06-0700] TCP Ping test finished at 2024-11-01 17:53:06.873 PDT, duration: 31.161 s
[2024-11-01T17:53:06-0700] -------------------------------
[2024-11-01T17:53:06-0700] Waiting for 2 s...
[2024-11-01T17:53:08-0700] -------------------------------
[2024-11-01T17:53:08-0700] Traceroute test started at 2024-11-01 17:53:08.982 PDT
[2024-11-01T17:53:15-0700] Waiting for 23.660 s to reach end time
[2024-11-01T17:53:39-0700] Saved traceroute test to /data/data/com.termux/files/home/storage/shared/bos_la_2024_trip/verizon/20241101/174731344/traceroute_175309004.out
[2024-11-01T17:53:39-0700] Traceroute summary (min/avg/max/mdev) 
[2024-11-01T17:53:39-0700] Traceroute test finished at 2024-11-01 17:53:39.086 PDT, duration: 30.104 s
[2024-11-01T17:53:39-0700] -------------------------------
[2024-11-01T17:53:39-0700] All tests completed, cleaning up...
[2024-11-01T17:53:39-0700] -------------------------------
[2024-11-01T17:54:13-0700] [measurement] Load environment variables from prod.env file
[2024-11-01T17:54:13-0700] [measurement] Load operator-specific env from verizon.env file
[2024-11-01T17:54:13-0700] Starting a network measurement, please choose a server
[2024-11-01T17:54:13-0700] 0) West Cloud: 54.176.53.206
[2024-11-01T17:54:13-0700] 1) East Cloud: 54.197.223.49
[2024-11-01T17:54:13-0700] 2) Los Angeles Wavelength: 161.188.33.234
[2024-11-01T17:54:13-0700] 3) Las Vegas Wavelength: 155.146.118.158
[2024-11-01T17:54:13-0700] 4) Denver Wavelength: 155.146.144.24
[2024-11-01T17:54:13-0700] 5) Chicago Wavelength: 155.146.180.31
[2024-11-01T17:54:13-0700] 6) Boston Wavelength: 155.146.11.34
[2024-11-01T17:54:34-0700] Enter your choice (0-6): Testing verizon, server 2 (ip: 161.188.33.234, nuttcp_port: 5101, iperf_port: 5001)
[2024-11-01T17:54:34-0700] -------------------------------
[2024-11-01T17:54:34-0700] tcp downlink test started at 2024-11-01 17:54:34.950 PDT
[2024-11-01T17:54:35-0700] Testing tcp downlink with 161.188.33.234:5101, interval 0.5 s, duration 120 s, timeout 121 s...
[2024-11-01T17:56:36-0700] Current time exceeds end time, skipping wait
[2024-11-01T17:56:36-0700] Saved tcp downlink test to /data/data/com.termux/files/home/storage/shared/bos_la_2024_trip/verizon/20241101/175434914/tcp_downlink_175434995.out
[2024-11-01T17:56:36-0700] DL AVG TPUT: 
[2024-11-01T17:56:36-0700] tcp downlink test finished at 2024-11-01 17:56:36.097 PDT, duration: 121.147 s
[2024-11-01T17:56:36-0700] -------------------------------
[2024-11-01T17:56:36-0700] Waiting for 2 s...
[2024-11-01T17:56:38-0700] -------------------------------
[2024-11-01T17:56:38-0700] Starting 5G booster for 5 s...
[2024-11-01T17:56:38-0700] 5G booster started at 2024-11-01 17:56:38.200 PDT
[2024-11-01T17:56:44-0700] Current time exceeds end time, skipping wait
[2024-11-01T17:56:44-0700] Saved TCP DL results to /data/data/com.termux/files/home/storage/shared/bos_la_2024_trip/verizon/20241101/175434914/tcp_downlink_175638232.out
[2024-11-01T17:56:44-0700] DL AVG TPUT: 
[2024-11-01T17:56:44-0700] 5G booster finished at 2024-11-01 17:56:44.310 PDT, duration: 6.110 s
[2024-11-01T17:56:44-0700] -------------------------------
[2024-11-01T17:56:44-0700] Waiting for 2 s...
[2024-11-01T17:56:46-0700] -------------------------------
[2024-11-01T17:56:46-0700] tcp uplink test started at 2024-11-01 17:56:46.414 PDT
[2024-11-01T17:56:46-0700] testing tcp uplink with 161.188.33.234:5101, interval 0.5, duration 120, timeout 121 ...
[2024-11-01T17:58:47-0700] Current time exceeds end time, skipping wait
[2024-11-01T17:58:47-0700] Saved uplink test to /data/data/com.termux/files/home/storage/shared/bos_la_2024_trip/verizon/20241101/175434914/tcp_uplink_175646449.out
[2024-11-01T17:58:47-0700] UL AVG TPUT: 
[2024-11-01T17:58:47-0700] tcp uplink test finished at 2024-11-01 17:58:47.505 PDT, duration: 121.091 s
[2024-11-01T17:58:47-0700] -------------------------------
[2024-11-01T17:58:47-0700] Waiting for 2 s...
[2024-11-01T17:58:49-0700] -------------------------------
[2024-11-01T17:58:49-0700] Starting 5G booster for 5 s...
[2024-11-01T17:58:49-0700] 5G booster started at 2024-11-01 17:58:49.598 PDT
[2024-11-01T17:58:55-0700] Current time exceeds end time, skipping wait
[2024-11-01T17:58:55-0700] Saved TCP DL results to /data/data/com.termux/files/home/storage/shared/bos_la_2024_trip/verizon/20241101/175434914/tcp_downlink_175849621.out
[2024-11-01T17:58:55-0700] DL AVG TPUT: 
[2024-11-01T17:58:55-0700] 5G booster finished at 2024-11-01 17:58:55.704 PDT, duration: 6.106 s
[2024-11-01T17:58:55-0700] -------------------------------
[2024-11-01T17:58:55-0700] Waiting for 2 s...
[2024-11-01T17:58:57-0700] -------------------------------
[2024-11-01T17:58:57-0700] ICMP Ping test started at 2024-11-01 17:58:57.833 PDT
[2024-11-01T17:59:28-0700] Waiting for .871 s to reach end time
[2024-11-01T17:59:28-0700] Saved ping test to /data/data/com.termux/files/home/storage/shared/bos_la_2024_trip/verizon/20241101/175434914/icmp_ping_175857869.out
[2024-11-01T17:59:28-0700] Ping summary (min/avg/max/mdev) = 18.765/34.482/47.141/6.455 ms
[2024-11-01T17:59:28-0700] Ping test finished at 2024-11-01 17:59:28.913 PDT, duration: 31.080 s
[2024-11-01T17:59:28-0700] -------------------------------
[2024-11-01T17:59:28-0700] Waiting for 2 s...
[2024-11-01T17:59:31-0700] -------------------------------
[2024-11-01T17:59:31-0700] Starting 5G booster for 5 s...
[2024-11-01T17:59:31-0700] 5G booster started at 2024-11-01 17:59:31.039 PDT
[2024-11-01T17:59:37-0700] Current time exceeds end time, skipping wait
[2024-11-01T17:59:37-0700] Saved TCP DL results to /data/data/com.termux/files/home/storage/shared/bos_la_2024_trip/verizon/20241101/175434914/tcp_downlink_175931093.out
[2024-11-01T17:59:37-0700] DL AVG TPUT: 
[2024-11-01T17:59:37-0700] 5G booster finished at 2024-11-01 17:59:37.168 PDT, duration: 6.129 s
[2024-11-01T17:59:37-0700] -------------------------------
[2024-11-01T17:59:37-0700] Waiting for 2 s...
[2024-11-01T17:59:39-0700] -------------------------------
[2024-11-01T17:59:39-0700] TCP Ping test started at 2024-11-01 17:59:39.275 PDT
[2024-11-01T18:00:10-0700] Current time exceeds end time, skipping wait
[2024-11-01T18:00:10-0700] Saved TCP Ping test to /data/data/com.termux/files/home/storage/shared/bos_la_2024_trip/verizon/20241101/175434914/tcp_ping_175939301.out
[2024-11-01T18:00:10-0700] TCP Ping summary (min/avg/max/mdev) 
[2024-11-01T18:00:10-0700] TCP Ping test finished at 2024-11-01 18:00:10.401 PDT, duration: 31.126 s
[2024-11-01T18:00:10-0700] -------------------------------
[2024-11-01T18:00:10-0700] Waiting for 2 s...
[2024-11-01T18:00:12-0700] -------------------------------
[2024-11-01T18:00:12-0700] Traceroute test started at 2024-11-01 18:00:12.528 PDT
[2024-11-01T18:00:18-0700] Waiting for 24.073 s to reach end time
[2024-11-01T18:00:42-0700] Saved traceroute test to /data/data/com.termux/files/home/storage/shared/bos_la_2024_trip/verizon/20241101/175434914/traceroute_180012604.out
[2024-11-01T18:00:42-0700] Traceroute summary (min/avg/max/mdev) 
[2024-11-01T18:00:42-0700] Traceroute test finished at 2024-11-01 18:00:42.604 PDT, duration: 30.076 s
[2024-11-01T18:00:42-0700] -------------------------------
[2024-11-01T18:00:42-0700] All tests completed, cleaning up...
[2024-11-01T18:00:42-0700] -------------------------------
[2024-11-01T18:04:44-0700] [measurement] Load environment variables from prod.env file
[2024-11-01T18:04:44-0700] [measurement] Load operator-specific env from verizon.env file
[2024-11-01T18:04:44-0700] Starting a network measurement, please choose a server
[2024-11-01T18:04:44-0700] 0) West Cloud: 54.176.53.206
[2024-11-01T18:04:44-0700] 1) East Cloud: 54.197.223.49
[2024-11-01T18:04:44-0700] 2) Los Angeles Wavelength: 161.188.33.234
[2024-11-01T18:04:44-0700] 3) Las Vegas Wavelength: 155.146.118.158
[2024-11-01T18:04:44-0700] 4) Denver Wavelength: 155.146.144.24
[2024-11-01T18:04:44-0700] 5) Chicago Wavelength: 155.146.180.31
[2024-11-01T18:04:44-0700] 6) Boston Wavelength: 155.146.11.34
[2024-11-01T18:05:05-0700] Enter your choice (0-6): Testing verizon, server 2 (ip: 161.188.33.234, nuttcp_port: 5101, iperf_port: 5001)
[2024-11-01T18:05:05-0700] -------------------------------
[2024-11-01T18:05:05-0700] tcp downlink test started at 2024-11-01 18:05:05.441 PDT
[2024-11-01T18:05:05-0700] Testing tcp downlink with 161.188.33.234:5101, interval 0.5 s, duration 120 s, timeout 121 s...
[2024-11-01T18:07:06-0700] Current time exceeds end time, skipping wait
[2024-11-01T18:07:06-0700] Saved tcp downlink test to /data/data/com.termux/files/home/storage/shared/bos_la_2024_trip/verizon/20241101/180505410/tcp_downlink_180505493.out
[2024-11-01T18:07:06-0700] DL AVG TPUT: 
[2024-11-01T18:07:06-0700] tcp downlink test finished at 2024-11-01 18:07:06.555 PDT, duration: 121.114 s
[2024-11-01T18:07:06-0700] -------------------------------
[2024-11-01T18:07:06-0700] Waiting for 2 s...
[2024-11-01T18:07:08-0700] -------------------------------
[2024-11-01T18:07:08-0700] Starting 5G booster for 5 s...
[2024-11-01T18:07:08-0700] 5G booster started at 2024-11-01 18:07:08.637 PDT
[2024-11-01T18:07:14-0700] Current time exceeds end time, skipping wait
[2024-11-01T18:07:14-0700] Saved TCP DL results to /data/data/com.termux/files/home/storage/shared/bos_la_2024_trip/verizon/20241101/180505410/tcp_downlink_180708667.out
[2024-11-01T18:07:14-0700] DL AVG TPUT: 
[2024-11-01T18:07:14-0700] 5G booster finished at 2024-11-01 18:07:14.774 PDT, duration: 6.137 s
[2024-11-01T18:07:14-0700] -------------------------------
[2024-11-01T18:07:14-0700] Waiting for 2 s...
[2024-11-01T18:07:16-0700] -------------------------------
[2024-11-01T18:07:16-0700] tcp uplink test started at 2024-11-01 18:07:16.896 PDT
[2024-11-01T18:07:16-0700] testing tcp uplink with 161.188.33.234:5101, interval 0.5, duration 120, timeout 121 ...
[2024-11-01T18:09:18-0700] Current time exceeds end time, skipping wait
[2024-11-01T18:09:18-0700] Saved uplink test to /data/data/com.termux/files/home/storage/shared/bos_la_2024_trip/verizon/20241101/180505410/tcp_uplink_180716947.out
[2024-11-01T18:09:18-0700] UL AVG TPUT: 
[2024-11-01T18:09:18-0700] tcp uplink test finished at 2024-11-01 18:09:18.066 PDT, duration: 121.170 s
[2024-11-01T18:09:18-0700] -------------------------------
[2024-11-01T18:09:18-0700] Waiting for 2 s...
[2024-11-01T18:09:20-0700] -------------------------------
[2024-11-01T18:09:20-0700] Starting 5G booster for 5 s...
[2024-11-01T18:09:20-0700] 5G booster started at 2024-11-01 18:09:20.216 PDT
[2024-11-01T18:09:26-0700] Current time exceeds end time, skipping wait
[2024-11-01T18:09:26-0700] Saved TCP DL results to /data/data/com.termux/files/home/storage/shared/bos_la_2024_trip/verizon/20241101/180505410/tcp_downlink_180920249.out
[2024-11-01T18:09:26-0700] DL AVG TPUT: 
[2024-11-01T18:09:26-0700] 5G booster finished at 2024-11-01 18:09:26.383 PDT, duration: 6.167 s
[2024-11-01T18:09:26-0700] -------------------------------
[2024-11-01T18:09:26-0700] Waiting for 2 s...
[2024-11-01T18:09:28-0700] -------------------------------
[2024-11-01T18:09:28-0700] ICMP Ping test started at 2024-11-01 18:09:28.503 PDT
[2024-11-01T18:09:58-0700] Waiting for .887 s to reach end time
[2024-11-01T18:09:59-0700] Saved ping test to /data/data/com.termux/files/home/storage/shared/bos_la_2024_trip/verizon/20241101/180505410/icmp_ping_180928529.out
[2024-11-01T18:09:59-0700] Ping summary (min/avg/max/mdev) = 9.462/22.545/52.285/4.548 ms
[2024-11-01T18:09:59-0700] Ping test finished at 2024-11-01 18:09:59.578 PDT, duration: 31.075 s
[2024-11-01T18:09:59-0700] -------------------------------
[2024-11-01T18:09:59-0700] Waiting for 2 s...
[2024-11-01T18:10:01-0700] -------------------------------
[2024-11-01T18:10:01-0700] Starting 5G booster for 5 s...
[2024-11-01T18:10:01-0700] 5G booster started at 2024-11-01 18:10:01.673 PDT
[2024-11-01T18:10:07-0700] Current time exceeds end time, skipping wait
[2024-11-01T18:10:07-0700] Saved TCP DL results to /data/data/com.termux/files/home/storage/shared/bos_la_2024_trip/verizon/20241101/180505410/tcp_downlink_181001705.out
[2024-11-01T18:10:07-0700] DL AVG TPUT: 
[2024-11-01T18:10:07-0700] 5G booster finished at 2024-11-01 18:10:07.805 PDT, duration: 6.132 s
[2024-11-01T18:10:07-0700] -------------------------------
[2024-11-01T18:10:07-0700] Waiting for 2 s...
[2024-11-01T18:10:09-0700] -------------------------------
[2024-11-01T18:10:09-0700] TCP Ping test started at 2024-11-01 18:10:09.927 PDT
[2024-11-01T18:10:41-0700] Current time exceeds end time, skipping wait
[2024-11-01T18:10:41-0700] Saved TCP Ping test to /data/data/com.termux/files/home/storage/shared/bos_la_2024_trip/verizon/20241101/180505410/tcp_ping_181009965.out
[2024-11-01T18:10:41-0700] TCP Ping summary (min/avg/max/mdev) 
[2024-11-01T18:10:41-0700] TCP Ping test finished at 2024-11-01 18:10:41.056 PDT, duration: 31.129 s
[2024-11-01T18:10:41-0700] -------------------------------
[2024-11-01T18:10:41-0700] Waiting for 2 s...
[2024-11-01T18:10:43-0700] -------------------------------
[2024-11-01T18:10:43-0700] Traceroute test started at 2024-11-01 18:10:43.176 PDT
[2024-11-01T18:10:48-0700] Waiting for 24.343 s to reach end time
[2024-11-01T18:11:13-0700] Saved traceroute test to /data/data/com.termux/files/home/storage/shared/bos_la_2024_trip/verizon/20241101/180505410/traceroute_181043208.out
[2024-11-01T18:11:13-0700] Traceroute summary (min/avg/max/mdev) 
[2024-11-01T18:11:13-0700] Traceroute test finished at 2024-11-01 18:11:13.287 PDT, duration: 30.111 s
[2024-11-01T18:11:13-0700] -------------------------------
[2024-11-01T18:11:13-0700] All tests completed, cleaning up...
[2024-11-01T18:11:13-0700] -------------------------------
[2024-11-01T18:12:09-0700] [measurement] Load environment variables from prod.env file
[2024-11-01T18:12:09-0700] [measurement] Load operator-specific env from verizon.env file
[2024-11-01T18:12:09-0700] Starting a network measurement, please choose a server
[2024-11-01T18:12:09-0700] 0) West Cloud: 54.176.53.206
[2024-11-01T18:12:09-0700] 1) East Cloud: 54.197.223.49
[2024-11-01T18:12:09-0700] 2) Los Angeles Wavelength: 161.188.33.234
[2024-11-01T18:12:09-0700] 3) Las Vegas Wavelength: 155.146.118.158
[2024-11-01T18:12:09-0700] 4) Denver Wavelength: 155.146.144.24
[2024-11-01T18:12:09-0700] 5) Chicago Wavelength: 155.146.180.31
[2024-11-01T18:12:09-0700] 6) Boston Wavelength: 155.146.11.34
[2024-11-01T18:12:34-0700] Enter your choice (0-6): Testing verizon, server 2 (ip: 161.188.33.234, nuttcp_port: 5101, iperf_port: 5001)
[2024-11-01T18:12:34-0700] -------------------------------
[2024-11-01T18:12:34-0700] tcp downlink test started at 2024-11-01 18:12:34.487 PDT
[2024-11-01T18:12:34-0700] Testing tcp downlink with 161.188.33.234:5101, interval 0.5 s, duration 120 s, timeout 121 s...
[2024-11-01T18:14:35-0700] Current time exceeds end time, skipping wait
[2024-11-01T18:14:35-0700] Saved tcp downlink test to /data/data/com.termux/files/home/storage/shared/bos_la_2024_trip/verizon/20241101/181234468/tcp_downlink_181234511.out
[2024-11-01T18:14:35-0700] DL AVG TPUT: 
[2024-11-01T18:14:35-0700] tcp downlink test finished at 2024-11-01 18:14:35.613 PDT, duration: 121.126 s
[2024-11-01T18:14:35-0700] -------------------------------
[2024-11-01T18:14:35-0700] Waiting for 2 s...
[2024-11-01T18:14:37-0700] -------------------------------
[2024-11-01T18:14:37-0700] Starting 5G booster for 5 s...
[2024-11-01T18:14:37-0700] 5G booster started at 2024-11-01 18:14:37.710 PDT
[2024-11-01T18:14:43-0700] Current time exceeds end time, skipping wait
[2024-11-01T18:14:43-0700] Saved TCP DL results to /data/data/com.termux/files/home/storage/shared/bos_la_2024_trip/verizon/20241101/181234468/tcp_downlink_181437740.out
[2024-11-01T18:14:43-0700] DL AVG TPUT: 
[2024-11-01T18:14:43-0700] 5G booster finished at 2024-11-01 18:14:43.859 PDT, duration: 6.149 s
[2024-11-01T18:14:43-0700] -------------------------------
[2024-11-01T18:14:43-0700] Waiting for 2 s...
[2024-11-01T18:14:45-0700] -------------------------------
[2024-11-01T18:14:46-0700] tcp uplink test started at 2024-11-01 18:14:46.007 PDT
[2024-11-01T18:14:46-0700] testing tcp uplink with 161.188.33.234:5101, interval 0.5, duration 120, timeout 121 ...
[2024-11-01T18:16:47-0700] Current time exceeds end time, skipping wait
[2024-11-01T18:16:47-0700] Saved uplink test to /data/data/com.termux/files/home/storage/shared/bos_la_2024_trip/verizon/20241101/181234468/tcp_uplink_181446059.out
[2024-11-01T18:16:47-0700] UL AVG TPUT: 
[2024-11-01T18:16:47-0700] tcp uplink test finished at 2024-11-01 18:16:47.171 PDT, duration: 121.164 s
[2024-11-01T18:16:47-0700] -------------------------------
[2024-11-01T18:16:47-0700] Waiting for 2 s...
[2024-11-01T18:16:49-0700] -------------------------------
[2024-11-01T18:16:49-0700] Starting 5G booster for 5 s...
[2024-11-01T18:16:49-0700] 5G booster started at 2024-11-01 18:16:49.311 PDT
[2024-11-01T18:16:55-0700] Current time exceeds end time, skipping wait
[2024-11-01T18:16:55-0700] Saved TCP DL results to /data/data/com.termux/files/home/storage/shared/bos_la_2024_trip/verizon/20241101/181234468/tcp_downlink_181649339.out
[2024-11-01T18:16:55-0700] DL AVG TPUT: 
[2024-11-01T18:16:55-0700] 5G booster finished at 2024-11-01 18:16:55.467 PDT, duration: 6.156 s
[2024-11-01T18:16:55-0700] -------------------------------
[2024-11-01T18:16:55-0700] Waiting for 2 s...
[2024-11-01T18:16:57-0700] -------------------------------
[2024-11-01T18:16:57-0700] ICMP Ping test started at 2024-11-01 18:16:57.570 PDT
[2024-11-01T18:17:27-0700] Waiting for .873 s to reach end time
[2024-11-01T18:17:28-0700] Saved ping test to /data/data/com.termux/files/home/storage/shared/bos_la_2024_trip/verizon/20241101/181234468/icmp_ping_181657601.out
[2024-11-01T18:17:28-0700] Ping summary (min/avg/max/mdev) = 15.885/38.001/291.337/23.567 ms
[2024-11-01T18:17:28-0700] Ping test finished at 2024-11-01 18:17:28.664 PDT, duration: 31.094 s
[2024-11-01T18:17:28-0700] -------------------------------
[2024-11-01T18:17:28-0700] Waiting for 2 s...
[2024-11-01T18:17:30-0700] -------------------------------
[2024-11-01T18:17:30-0700] Starting 5G booster for 5 s...
[2024-11-01T18:17:30-0700] 5G booster started at 2024-11-01 18:17:30.818 PDT
[2024-11-01T18:17:36-0700] Current time exceeds end time, skipping wait
[2024-11-01T18:17:36-0700] Saved TCP DL results to /data/data/com.termux/files/home/storage/shared/bos_la_2024_trip/verizon/20241101/181234468/tcp_downlink_181730851.out
[2024-11-01T18:17:36-0700] DL AVG TPUT: 
[2024-11-01T18:17:37-0700] 5G booster finished at 2024-11-01 18:17:36.949 PDT, duration: 6.131 s
[2024-11-01T18:17:37-0700] -------------------------------
[2024-11-01T18:17:37-0700] Waiting for 2 s...
[2024-11-01T18:17:39-0700] -------------------------------
[2024-11-01T18:17:39-0700] TCP Ping test started at 2024-11-01 18:17:39.057 PDT
[2024-11-01T18:18:10-0700] Current time exceeds end time, skipping wait
[2024-11-01T18:18:10-0700] Saved TCP Ping test to /data/data/com.termux/files/home/storage/shared/bos_la_2024_trip/verizon/20241101/181234468/tcp_ping_181739089.out
[2024-11-01T18:18:10-0700] TCP Ping summary (min/avg/max/mdev) 
[2024-11-01T18:18:10-0700] TCP Ping test finished at 2024-11-01 18:18:10.249 PDT, duration: 31.192 s
[2024-11-01T18:18:10-0700] -------------------------------
[2024-11-01T18:18:10-0700] Waiting for 2 s...
[2024-11-01T18:18:12-0700] -------------------------------
[2024-11-01T18:18:12-0700] Traceroute test started at 2024-11-01 18:18:12.368 PDT
[2024-11-01T18:18:17-0700] Waiting for 24.493 s to reach end time
[2024-11-01T18:18:42-0700] Saved traceroute test to /data/data/com.termux/files/home/storage/shared/bos_la_2024_trip/verizon/20241101/181234468/traceroute_181812397.out
[2024-11-01T18:18:42-0700] Traceroute summary (min/avg/max/mdev) 
[2024-11-01T18:18:42-0700] Traceroute test finished at 2024-11-01 18:18:42.473 PDT, duration: 30.105 s
[2024-11-01T18:18:42-0700] -------------------------------
[2024-11-01T18:18:42-0700] All tests completed, cleaning up...
[2024-11-01T18:18:42-0700] -------------------------------
[2024-11-01T18:19:43-0700] [measurement] Load environment variables from prod.env file
[2024-11-01T18:19:43-0700] [measurement] Load operator-specific env from verizon.env file
[2024-11-01T18:19:43-0700] Starting a network measurement, please choose a server
[2024-11-01T18:19:43-0700] 0) West Cloud: 54.176.53.206
[2024-11-01T18:19:43-0700] 1) East Cloud: 54.197.223.49
[2024-11-01T18:19:43-0700] 2) Los Angeles Wavelength: 161.188.33.234
[2024-11-01T18:19:43-0700] 3) Las Vegas Wavelength: 155.146.118.158
[2024-11-01T18:19:43-0700] 4) Denver Wavelength: 155.146.144.24
[2024-11-01T18:19:43-0700] 5) Chicago Wavelength: 155.146.180.31
[2024-11-01T18:19:43-0700] 6) Boston Wavelength: 155.146.11.34
[2024-11-01T18:20:12-0700] Enter your choice (0-6): Testing verizon, server 2 (ip: 161.188.33.234, nuttcp_port: 5101, iperf_port: 5001)
[2024-11-01T18:20:12-0700] -------------------------------
[2024-11-01T18:20:12-0700] tcp downlink test started at 2024-11-01 18:20:12.714 PDT
[2024-11-01T18:20:12-0700] Testing tcp downlink with 161.188.33.234:5101, interval 0.5 s, duration 120 s, timeout 121 s...
[2024-11-01T18:22:13-0700] Current time exceeds end time, skipping wait
[2024-11-01T18:22:13-0700] Saved tcp downlink test to /data/data/com.termux/files/home/storage/shared/bos_la_2024_trip/verizon/20241101/182012692/tcp_downlink_182012742.out
[2024-11-01T18:22:13-0700] DL AVG TPUT: 
[2024-11-01T18:22:13-0700] tcp downlink test finished at 2024-11-01 18:22:13.811 PDT, duration: 121.097 s
[2024-11-01T18:22:13-0700] -------------------------------
[2024-11-01T18:22:13-0700] Waiting for 2 s...
[2024-11-01T18:22:15-0700] -------------------------------
[2024-11-01T18:22:15-0700] Starting 5G booster for 5 s...
[2024-11-01T18:22:15-0700] 5G booster started at 2024-11-01 18:22:15.906 PDT
[2024-11-01T18:22:22-0700] Current time exceeds end time, skipping wait
[2024-11-01T18:22:22-0700] Saved TCP DL results to /data/data/com.termux/files/home/storage/shared/bos_la_2024_trip/verizon/20241101/182012692/tcp_downlink_182215971.out
[2024-11-01T18:22:22-0700] DL AVG TPUT: 
[2024-11-01T18:22:22-0700] 5G booster finished at 2024-11-01 18:22:22.051 PDT, duration: 6.145 s
[2024-11-01T18:22:22-0700] -------------------------------
[2024-11-01T18:22:22-0700] Waiting for 2 s...
[2024-11-01T18:22:24-0700] -------------------------------
[2024-11-01T18:22:24-0700] tcp uplink test started at 2024-11-01 18:22:24.131 PDT
[2024-11-01T18:22:24-0700] testing tcp uplink with 161.188.33.234:5101, interval 0.5, duration 120, timeout 121 ...
[2024-11-01T18:24:25-0700] Current time exceeds end time, skipping wait
[2024-11-01T18:24:25-0700] Saved uplink test to /data/data/com.termux/files/home/storage/shared/bos_la_2024_trip/verizon/20241101/182012692/tcp_uplink_182224155.out
[2024-11-01T18:24:25-0700] UL AVG TPUT: 
[2024-11-01T18:24:25-0700] tcp uplink test finished at 2024-11-01 18:24:25.230 PDT, duration: 121.099 s
[2024-11-01T18:24:25-0700] -------------------------------
[2024-11-01T18:24:25-0700] Waiting for 2 s...
[2024-11-01T18:24:27-0700] -------------------------------
[2024-11-01T18:24:27-0700] Starting 5G booster for 5 s...
[2024-11-01T18:24:27-0700] 5G booster started at 2024-11-01 18:24:27.346 PDT
[2024-11-01T18:24:33-0700] Current time exceeds end time, skipping wait
[2024-11-01T18:24:33-0700] Saved TCP DL results to /data/data/com.termux/files/home/storage/shared/bos_la_2024_trip/verizon/20241101/182012692/tcp_downlink_182427384.out
[2024-11-01T18:24:33-0700] DL AVG TPUT: 
[2024-11-01T18:24:33-0700] 5G booster finished at 2024-11-01 18:24:33.485 PDT, duration: 6.139 s
[2024-11-01T18:24:33-0700] -------------------------------
[2024-11-01T18:24:33-0700] Waiting for 2 s...
[2024-11-01T18:24:35-0700] -------------------------------
[2024-11-01T18:24:35-0700] ICMP Ping test started at 2024-11-01 18:24:35.603 PDT
[2024-11-01T18:25:05-0700] Waiting for .896 s to reach end time
[2024-11-01T18:25:06-0700] Saved ping test to /data/data/com.termux/files/home/storage/shared/bos_la_2024_trip/verizon/20241101/182012692/icmp_ping_182435633.out
[2024-11-01T18:25:06-0700] Ping summary (min/avg/max/mdev) = 8.361/31.230/131.106/11.942 ms
[2024-11-01T18:25:06-0700] Ping test finished at 2024-11-01 18:25:06.675 PDT, duration: 31.072 s
[2024-11-01T18:25:06-0700] -------------------------------
[2024-11-01T18:25:06-0700] Waiting for 2 s...
[2024-11-01T18:25:08-0700] -------------------------------
[2024-11-01T18:25:08-0700] Starting 5G booster for 5 s...
[2024-11-01T18:25:08-0700] 5G booster started at 2024-11-01 18:25:08.776 PDT
[2024-11-01T18:25:14-0700] Current time exceeds end time, skipping wait
[2024-11-01T18:25:14-0700] Saved TCP DL results to /data/data/com.termux/files/home/storage/shared/bos_la_2024_trip/verizon/20241101/182012692/tcp_downlink_182508805.out
[2024-11-01T18:25:14-0700] DL AVG TPUT: 
[2024-11-01T18:25:14-0700] 5G booster finished at 2024-11-01 18:25:14.889 PDT, duration: 6.113 s
[2024-11-01T18:25:14-0700] -------------------------------
[2024-11-01T18:25:14-0700] Waiting for 2 s...
[2024-11-01T18:25:16-0700] -------------------------------
[2024-11-01T18:25:17-0700] TCP Ping test started at 2024-11-01 18:25:16.997 PDT
[2024-11-01T18:25:48-0700] Current time exceeds end time, skipping wait
[2024-11-01T18:25:48-0700] Saved TCP Ping test to /data/data/com.termux/files/home/storage/shared/bos_la_2024_trip/verizon/20241101/182012692/tcp_ping_182517024.out
[2024-11-01T18:25:48-0700] TCP Ping summary (min/avg/max/mdev) 
[2024-11-01T18:25:48-0700] TCP Ping test finished at 2024-11-01 18:25:48.113 PDT, duration: 31.116 s
[2024-11-01T18:25:48-0700] -------------------------------
[2024-11-01T18:25:48-0700] Waiting for 2 s...
[2024-11-01T18:25:50-0700] -------------------------------
[2024-11-01T18:25:50-0700] Traceroute test started at 2024-11-01 18:25:50.217 PDT
[2024-11-01T18:25:57-0700] Waiting for 23.234 s to reach end time
[2024-11-01T18:26:20-0700] Saved traceroute test to /data/data/com.termux/files/home/storage/shared/bos_la_2024_trip/verizon/20241101/182012692/traceroute_182550248.out
[2024-11-01T18:26:20-0700] Traceroute summary (min/avg/max/mdev) 
[2024-11-01T18:26:20-0700] Traceroute test finished at 2024-11-01 18:26:20.324 PDT, duration: 30.107 s
[2024-11-01T18:26:20-0700] -------------------------------
[2024-11-01T18:26:20-0700] All tests completed, cleaning up...
[2024-11-01T18:26:20-0700] -------------------------------
[2024-11-01T18:27:05-0700] [measurement] Load environment variables from prod.env file
[2024-11-01T18:27:05-0700] [measurement] Load operator-specific env from verizon.env file
[2024-11-01T18:27:05-0700] Starting a network measurement, please choose a server
[2024-11-01T18:27:05-0700] 0) West Cloud: 54.176.53.206
[2024-11-01T18:27:05-0700] 1) East Cloud: 54.197.223.49
[2024-11-01T18:27:05-0700] 2) Los Angeles Wavelength: 161.188.33.234
[2024-11-01T18:27:05-0700] 3) Las Vegas Wavelength: 155.146.118.158
[2024-11-01T18:27:05-0700] 4) Denver Wavelength: 155.146.144.24
[2024-11-01T18:27:05-0700] 5) Chicago Wavelength: 155.146.180.31
[2024-11-01T18:27:05-0700] 6) Boston Wavelength: 155.146.11.34
[2024-11-01T18:27:19-0700] Enter your choice (0-6): Testing verizon, server 2 (ip: 161.188.33.234, nuttcp_port: 5101, iperf_port: 5001)
[2024-11-01T18:27:19-0700] -------------------------------
[2024-11-01T18:27:19-0700] tcp downlink test started at 2024-11-01 18:27:19.083 PDT
[2024-11-01T18:27:19-0700] Testing tcp downlink with 161.188.33.234:5101, interval 0.5 s, duration 120 s, timeout 121 s...
[2024-11-01T18:29:20-0700] Current time exceeds end time, skipping wait
[2024-11-01T18:29:20-0700] Saved tcp downlink test to /data/data/com.termux/files/home/storage/shared/bos_la_2024_trip/verizon/20241101/182719066/tcp_downlink_182719104.out
[2024-11-01T18:29:20-0700] DL AVG TPUT: 
[2024-11-01T18:29:20-0700] tcp downlink test finished at 2024-11-01 18:29:20.190 PDT, duration: 121.107 s
[2024-11-01T18:29:20-0700] -------------------------------
[2024-11-01T18:29:20-0700] Waiting for 2 s...
[2024-11-01T18:29:22-0700] -------------------------------
[2024-11-01T18:29:22-0700] Starting 5G booster for 5 s...
[2024-11-01T18:29:22-0700] 5G booster started at 2024-11-01 18:29:22.363 PDT
[2024-11-01T18:29:28-0700] Current time exceeds end time, skipping wait
[2024-11-01T18:29:28-0700] Saved TCP DL results to /data/data/com.termux/files/home/storage/shared/bos_la_2024_trip/verizon/20241101/182719066/tcp_downlink_182922395.out
[2024-11-01T18:29:28-0700] DL AVG TPUT: 
[2024-11-01T18:29:28-0700] 5G booster finished at 2024-11-01 18:29:28.512 PDT, duration: 6.149 s
[2024-11-01T18:29:28-0700] -------------------------------
[2024-11-01T18:29:28-0700] Waiting for 2 s...
[2024-11-01T18:29:30-0700] -------------------------------
[2024-11-01T18:29:30-0700] tcp uplink test started at 2024-11-01 18:29:30.616 PDT
[2024-11-01T18:29:30-0700] testing tcp uplink with 161.188.33.234:5101, interval 0.5, duration 120, timeout 121 ...
[2024-11-01T18:31:31-0700] Current time exceeds end time, skipping wait
[2024-11-01T18:31:31-0700] Saved uplink test to /data/data/com.termux/files/home/storage/shared/bos_la_2024_trip/verizon/20241101/182719066/tcp_uplink_182930646.out
[2024-11-01T18:31:31-0700] UL AVG TPUT: 
[2024-11-01T18:31:31-0700] tcp uplink test finished at 2024-11-01 18:31:31.768 PDT, duration: 121.152 s
[2024-11-01T18:31:31-0700] -------------------------------
[2024-11-01T18:31:31-0700] Waiting for 2 s...
[2024-11-01T18:31:33-0700] -------------------------------
[2024-11-01T18:31:33-0700] Starting 5G booster for 5 s...
[2024-11-01T18:31:33-0700] 5G booster started at 2024-11-01 18:31:33.896 PDT
[2024-11-01T18:31:40-0700] Current time exceeds end time, skipping wait
[2024-11-01T18:31:40-0700] Saved TCP DL results to /data/data/com.termux/files/home/storage/shared/bos_la_2024_trip/verizon/20241101/182719066/tcp_downlink_183133927.out
[2024-11-01T18:31:40-0700] DL AVG TPUT: 
[2024-11-01T18:31:40-0700] 5G booster finished at 2024-11-01 18:31:40.036 PDT, duration: 6.140 s
[2024-11-01T18:31:40-0700] -------------------------------
[2024-11-01T18:31:40-0700] Waiting for 2 s...
[2024-11-01T18:31:42-0700] -------------------------------
[2024-11-01T18:31:42-0700] ICMP Ping test started at 2024-11-01 18:31:42.136 PDT
[2024-11-01T18:32:12-0700] Waiting for .915 s to reach end time
[2024-11-01T18:32:13-0700] Saved ping test to /data/data/com.termux/files/home/storage/shared/bos_la_2024_trip/verizon/20241101/182719066/icmp_ping_183142170.out
[2024-11-01T18:32:13-0700] Ping summary (min/avg/max/mdev) = 16.146/30.984/119.632/9.671 ms
[2024-11-01T18:32:13-0700] Ping test finished at 2024-11-01 18:32:13.190 PDT, duration: 31.054 s
[2024-11-01T18:32:13-0700] -------------------------------
[2024-11-01T18:32:13-0700] Waiting for 2 s...
[2024-11-01T18:32:15-0700] -------------------------------
[2024-11-01T18:32:15-0700] Starting 5G booster for 5 s...
[2024-11-01T18:32:15-0700] 5G booster started at 2024-11-01 18:32:15.288 PDT
[2024-11-01T18:32:21-0700] Current time exceeds end time, skipping wait
[2024-11-01T18:32:21-0700] Saved TCP DL results to /data/data/com.termux/files/home/storage/shared/bos_la_2024_trip/verizon/20241101/182719066/tcp_downlink_183215321.out
[2024-11-01T18:32:21-0700] DL AVG TPUT: 
[2024-11-01T18:32:21-0700] 5G booster finished at 2024-11-01 18:32:21.419 PDT, duration: 6.131 s
[2024-11-01T18:32:21-0700] -------------------------------
[2024-11-01T18:32:21-0700] Waiting for 2 s...
[2024-11-01T18:32:23-0700] -------------------------------
[2024-11-01T18:32:23-0700] TCP Ping test started at 2024-11-01 18:32:23.538 PDT
[2024-11-01T18:32:54-0700] Current time exceeds end time, skipping wait
[2024-11-01T18:32:54-0700] Saved TCP Ping test to /data/data/com.termux/files/home/storage/shared/bos_la_2024_trip/verizon/20241101/182719066/tcp_ping_183223565.out
[2024-11-01T18:32:54-0700] TCP Ping summary (min/avg/max/mdev) 
[2024-11-01T18:32:54-0700] TCP Ping test finished at 2024-11-01 18:32:54.627 PDT, duration: 31.089 s
[2024-11-01T18:32:54-0700] -------------------------------
[2024-11-01T18:32:54-0700] Waiting for 2 s...
[2024-11-01T18:32:56-0700] -------------------------------
[2024-11-01T18:32:56-0700] Traceroute test started at 2024-11-01 18:32:56.707 PDT
[2024-11-01T18:33:02-0700] Waiting for 24.427 s to reach end time
[2024-11-01T18:33:26-0700] Saved traceroute test to /data/data/com.termux/files/home/storage/shared/bos_la_2024_trip/verizon/20241101/182719066/traceroute_183256730.out
[2024-11-01T18:33:26-0700] Traceroute summary (min/avg/max/mdev) 
[2024-11-01T18:33:26-0700] Traceroute test finished at 2024-11-01 18:33:26.794 PDT, duration: 30.087 s
[2024-11-01T18:33:26-0700] -------------------------------
[2024-11-01T18:33:26-0700] All tests completed, cleaning up...
[2024-11-01T18:33:26-0700] -------------------------------
[2024-11-01T18:41:09-0700] [measurement] Load environment variables from prod.env file
[2024-11-01T18:41:09-0700] [measurement] Load operator-specific env from verizon.env file
[2024-11-01T18:41:09-0700] Starting a network measurement, please choose a server
[2024-11-01T18:41:09-0700] 0) West Cloud: 54.176.53.206
[2024-11-01T18:41:09-0700] 1) East Cloud: 54.197.223.49
[2024-11-01T18:41:09-0700] 2) Los Angeles Wavelength: 161.188.33.234
[2024-11-01T18:41:09-0700] 3) Las Vegas Wavelength: 155.146.118.158
[2024-11-01T18:41:09-0700] 4) Denver Wavelength: 155.146.144.24
[2024-11-01T18:41:09-0700] 5) Chicago Wavelength: 155.146.180.31
[2024-11-01T18:41:09-0700] 6) Boston Wavelength: 155.146.11.34
[2024-11-01T18:41:45-0700] Enter your choice (0-6): Testing verizon, server 2 (ip: 161.188.33.234, nuttcp_port: 5101, iperf_port: 5001)
[2024-11-01T18:41:45-0700] -------------------------------
[2024-11-01T18:41:45-0700] tcp downlink test started at 2024-11-01 18:41:45.221 PDT
[2024-11-01T18:41:45-0700] Testing tcp downlink with 161.188.33.234:5101, interval 0.5 s, duration 120 s, timeout 121 s...
[2024-11-01T18:43:46-0700] Current time exceeds end time, skipping wait
[2024-11-01T18:43:46-0700] Saved tcp downlink test to /data/data/com.termux/files/home/storage/shared/bos_la_2024_trip/verizon/20241101/184145204/tcp_downlink_184145245.out
[2024-11-01T18:43:46-0700] DL AVG TPUT: 
[2024-11-01T18:43:46-0700] tcp downlink test finished at 2024-11-01 18:43:46.345 PDT, duration: 121.124 s
[2024-11-01T18:43:46-0700] -------------------------------
[2024-11-01T18:43:46-0700] Waiting for 2 s...
[2024-11-01T18:43:48-0700] -------------------------------
[2024-11-01T18:43:48-0700] Starting 5G booster for 5 s...
[2024-11-01T18:43:48-0700] 5G booster started at 2024-11-01 18:43:48.437 PDT
[2024-11-01T18:43:54-0700] Current time exceeds end time, skipping wait
[2024-11-01T18:43:54-0700] Saved TCP DL results to /data/data/com.termux/files/home/storage/shared/bos_la_2024_trip/verizon/20241101/184145204/tcp_downlink_184348458.out
[2024-11-01T18:43:54-0700] DL AVG TPUT: 
[2024-11-01T18:43:54-0700] 5G booster finished at 2024-11-01 18:43:54.565 PDT, duration: 6.128 s
[2024-11-01T18:43:54-0700] -------------------------------
[2024-11-01T18:43:54-0700] Waiting for 2 s...
[2024-11-01T18:43:56-0700] -------------------------------
[2024-11-01T18:43:56-0700] tcp uplink test started at 2024-11-01 18:43:56.697 PDT
[2024-11-01T18:43:56-0700] testing tcp uplink with 161.188.33.234:5101, interval 0.5, duration 120, timeout 121 ...
[2024-11-01T18:45:57-0700] Current time exceeds end time, skipping wait
[2024-11-01T18:45:57-0700] Saved uplink test to /data/data/com.termux/files/home/storage/shared/bos_la_2024_trip/verizon/20241101/184145204/tcp_uplink_184356743.out
[2024-11-01T18:45:57-0700] UL AVG TPUT: 
[2024-11-01T18:45:57-0700] tcp uplink test finished at 2024-11-01 18:45:57.842 PDT, duration: 121.145 s
[2024-11-01T18:45:57-0700] -------------------------------
[2024-11-01T18:45:57-0700] Waiting for 2 s...
[2024-11-01T18:45:59-0700] -------------------------------
[2024-11-01T18:45:59-0700] Starting 5G booster for 5 s...
[2024-11-01T18:45:59-0700] 5G booster started at 2024-11-01 18:45:59.968 PDT
[2024-11-01T18:46:06-0700] Current time exceeds end time, skipping wait
[2024-11-01T18:46:06-0700] Saved TCP DL results to /data/data/com.termux/files/home/storage/shared/bos_la_2024_trip/verizon/20241101/184145204/tcp_downlink_184600005.out
[2024-11-01T18:46:06-0700] DL AVG TPUT: 
[2024-11-01T18:46:06-0700] 5G booster finished at 2024-11-01 18:46:06.115 PDT, duration: 6.147 s
[2024-11-01T18:46:06-0700] -------------------------------
[2024-11-01T18:46:06-0700] Waiting for 2 s...
[2024-11-01T18:46:08-0700] -------------------------------
[2024-11-01T18:46:08-0700] ICMP Ping test started at 2024-11-01 18:46:08.241 PDT
[2024-11-01T18:46:38-0700] Waiting for .842 s to reach end time
[2024-11-01T18:46:39-0700] Saved ping test to /data/data/com.termux/files/home/storage/shared/bos_la_2024_trip/verizon/20241101/184145204/icmp_ping_184608284.out
[2024-11-01T18:46:39-0700] Ping summary (min/avg/max/mdev) = 25.671/43.479/153.128/14.646 ms
[2024-11-01T18:46:39-0700] Ping test finished at 2024-11-01 18:46:39.311 PDT, duration: 31.070 s
[2024-11-01T18:46:39-0700] -------------------------------
[2024-11-01T18:46:39-0700] Waiting for 2 s...
[2024-11-01T18:46:41-0700] -------------------------------
[2024-11-01T18:46:41-0700] Starting 5G booster for 5 s...
[2024-11-01T18:46:41-0700] 5G booster started at 2024-11-01 18:46:41.466 PDT
[2024-11-01T18:46:47-0700] Current time exceeds end time, skipping wait
[2024-11-01T18:46:47-0700] Saved TCP DL results to /data/data/com.termux/files/home/storage/shared/bos_la_2024_trip/verizon/20241101/184145204/tcp_downlink_184641504.out
[2024-11-01T18:46:47-0700] DL AVG TPUT: 
[2024-11-01T18:46:47-0700] 5G booster finished at 2024-11-01 18:46:47.624 PDT, duration: 6.158 s
[2024-11-01T18:46:47-0700] -------------------------------
[2024-11-01T18:46:47-0700] Waiting for 2 s...
[2024-11-01T18:46:49-0700] -------------------------------
[2024-11-01T18:46:49-0700] TCP Ping test started at 2024-11-01 18:46:49.726 PDT
[2024-11-01T18:47:20-0700] Current time exceeds end time, skipping wait
[2024-11-01T18:47:20-0700] Saved TCP Ping test to /data/data/com.termux/files/home/storage/shared/bos_la_2024_trip/verizon/20241101/184145204/tcp_ping_184649767.out
[2024-11-01T18:47:20-0700] TCP Ping summary (min/avg/max/mdev) 
[2024-11-01T18:47:20-0700] TCP Ping test finished at 2024-11-01 18:47:20.865 PDT, duration: 31.139 s
[2024-11-01T18:47:20-0700] -------------------------------
[2024-11-01T18:47:20-0700] Waiting for 2 s...
[2024-11-01T18:47:22-0700] -------------------------------
[2024-11-01T18:47:22-0700] Traceroute test started at 2024-11-01 18:47:22.959 PDT
[2024-11-01T18:47:25-0700] Waiting for 27.951 s to reach end time
[2024-11-01T18:47:53-0700] Saved traceroute test to /data/data/com.termux/files/home/storage/shared/bos_la_2024_trip/verizon/20241101/184145204/traceroute_184722990.out
[2024-11-01T18:47:53-0700] Traceroute summary (min/avg/max/mdev) 
[2024-11-01T18:47:53-0700] Traceroute test finished at 2024-11-01 18:47:53.037 PDT, duration: 30.078 s
[2024-11-01T18:47:53-0700] -------------------------------
[2024-11-01T18:47:53-0700] All tests completed, cleaning up...
[2024-11-01T18:47:53-0700] -------------------------------
[2024-11-01T18:56:13-0700] [measurement] Load environment variables from prod.env file
[2024-11-01T18:56:13-0700] [measurement] Load operator-specific env from verizon.env file
[2024-11-01T18:56:13-0700] Starting a network measurement, please choose a server
[2024-11-01T18:56:13-0700] 0) West Cloud: 54.176.53.206
[2024-11-01T18:56:13-0700] 1) East Cloud: 54.197.223.49
[2024-11-01T18:56:13-0700] 2) Los Angeles Wavelength: 161.188.33.234
[2024-11-01T18:56:13-0700] 3) Las Vegas Wavelength: 155.146.118.158
[2024-11-01T18:56:13-0700] 4) Denver Wavelength: 155.146.144.24
[2024-11-01T18:56:13-0700] 5) Chicago Wavelength: 155.146.180.31
[2024-11-01T18:56:13-0700] 6) Boston Wavelength: 155.146.11.34
[2024-11-01T18:56:51-0700] Enter your choice (0-6): Testing verizon, server 2 (ip: 161.188.33.234, nuttcp_port: 5101, iperf_port: 5001)
[2024-11-01T18:56:51-0700] -------------------------------
[2024-11-01T18:56:51-0700] tcp downlink test started at 2024-11-01 18:56:51.186 PDT
[2024-11-01T18:56:51-0700] Testing tcp downlink with 161.188.33.234:5101, interval 0.5 s, duration 120 s, timeout 121 s...
[2024-11-01T18:58:52-0700] Current time exceeds end time, skipping wait
[2024-11-01T18:58:52-0700] Saved tcp downlink test to /data/data/com.termux/files/home/storage/shared/bos_la_2024_trip/verizon/20241101/185651149/tcp_downlink_185651231.out
[2024-11-01T18:58:52-0700] DL AVG TPUT: 
[2024-11-01T18:58:52-0700] tcp downlink test finished at 2024-11-01 18:58:52.380 PDT, duration: 121.194 s
[2024-11-01T18:58:52-0700] -------------------------------
[2024-11-01T18:58:52-0700] Waiting for 2 s...
[2024-11-01T18:58:54-0700] -------------------------------
[2024-11-01T18:58:54-0700] Starting 5G booster for 5 s...
[2024-11-01T18:58:54-0700] 5G booster started at 2024-11-01 18:58:54.519 PDT
[2024-11-01T18:59:00-0700] Current time exceeds end time, skipping wait
[2024-11-01T18:59:00-0700] Saved TCP DL results to /data/data/com.termux/files/home/storage/shared/bos_la_2024_trip/verizon/20241101/185651149/tcp_downlink_185854545.out
[2024-11-01T18:59:00-0700] DL AVG TPUT: 
[2024-11-01T18:59:00-0700] 5G booster finished at 2024-11-01 18:59:00.636 PDT, duration: 6.117 s
[2024-11-01T18:59:00-0700] -------------------------------
[2024-11-01T18:59:00-0700] Waiting for 2 s...
[2024-11-01T18:59:02-0700] -------------------------------
[2024-11-01T18:59:02-0700] tcp uplink test started at 2024-11-01 18:59:02.769 PDT
[2024-11-01T18:59:02-0700] testing tcp uplink with 161.188.33.234:5101, interval 0.5, duration 120, timeout 121 ...
[2024-11-01T19:01:03-0700] Current time exceeds end time, skipping wait
[2024-11-01T19:01:03-0700] Saved uplink test to /data/data/com.termux/files/home/storage/shared/bos_la_2024_trip/verizon/20241101/185651149/tcp_uplink_185902818.out
[2024-11-01T19:01:03-0700] UL AVG TPUT: 
[2024-11-01T19:01:03-0700] tcp uplink test finished at 2024-11-01 19:01:03.886 PDT, duration: 121.117 s
[2024-11-01T19:01:03-0700] -------------------------------
[2024-11-01T19:01:03-0700] Waiting for 2 s...
[2024-11-01T19:01:05-0700] -------------------------------
[2024-11-01T19:01:05-0700] Starting 5G booster for 5 s...
[2024-11-01T19:01:06-0700] 5G booster started at 2024-11-01 19:01:05.990 PDT
[2024-11-01T19:01:12-0700] Current time exceeds end time, skipping wait
[2024-11-01T19:01:12-0700] Saved TCP DL results to /data/data/com.termux/files/home/storage/shared/bos_la_2024_trip/verizon/20241101/185651149/tcp_downlink_190106023.out
[2024-11-01T19:01:12-0700] DL AVG TPUT: 
[2024-11-01T19:01:12-0700] 5G booster finished at 2024-11-01 19:01:12.159 PDT, duration: 6.169 s
[2024-11-01T19:01:12-0700] -------------------------------
[2024-11-01T19:01:12-0700] Waiting for 2 s...
[2024-11-01T19:01:14-0700] -------------------------------
[2024-11-01T19:01:14-0700] ICMP Ping test started at 2024-11-01 19:01:14.264 PDT
[2024-11-01T19:01:44-0700] Waiting for .859 s to reach end time
[2024-11-01T19:01:45-0700] Saved ping test to /data/data/com.termux/files/home/storage/shared/bos_la_2024_trip/verizon/20241101/185651149/icmp_ping_190114290.out
[2024-11-01T19:01:45-0700] Ping summary (min/avg/max/mdev) = 19.993/44.517/313.301/34.794 ms
[2024-11-01T19:01:45-0700] Ping test finished at 2024-11-01 19:01:45.350 PDT, duration: 31.086 s
[2024-11-01T19:01:45-0700] -------------------------------
[2024-11-01T19:01:45-0700] Waiting for 2 s...
[2024-11-01T19:01:47-0700] -------------------------------
[2024-11-01T19:01:47-0700] Starting 5G booster for 5 s...
[2024-11-01T19:01:47-0700] 5G booster started at 2024-11-01 19:01:47.434 PDT
[2024-11-01T19:01:53-0700] Current time exceeds end time, skipping wait
[2024-11-01T19:01:53-0700] Saved TCP DL results to /data/data/com.termux/files/home/storage/shared/bos_la_2024_trip/verizon/20241101/185651149/tcp_downlink_190147458.out
[2024-11-01T19:01:53-0700] DL AVG TPUT: 
[2024-11-01T19:01:53-0700] 5G booster finished at 2024-11-01 19:01:53.523 PDT, duration: 6.089 s
[2024-11-01T19:01:53-0700] -------------------------------
[2024-11-01T19:01:53-0700] Waiting for 2 s...
[2024-11-01T19:01:55-0700] -------------------------------
[2024-11-01T19:01:55-0700] TCP Ping test started at 2024-11-01 19:01:55.621 PDT
[2024-11-01T19:02:26-0700] Current time exceeds end time, skipping wait
[2024-11-01T19:02:26-0700] Saved TCP Ping test to /data/data/com.termux/files/home/storage/shared/bos_la_2024_trip/verizon/20241101/185651149/tcp_ping_190155647.out
[2024-11-01T19:02:26-0700] TCP Ping summary (min/avg/max/mdev) 
[2024-11-01T19:02:26-0700] TCP Ping test finished at 2024-11-01 19:02:26.794 PDT, duration: 31.173 s
[2024-11-01T19:02:26-0700] -------------------------------
[2024-11-01T19:02:26-0700] Waiting for 2 s...
[2024-11-01T19:02:28-0700] -------------------------------
[2024-11-01T19:02:28-0700] Traceroute test started at 2024-11-01 19:02:28.902 PDT
[2024-11-01T19:02:39-0700] Waiting for 19.492 s to reach end time
[2024-11-01T19:02:59-0700] Saved traceroute test to /data/data/com.termux/files/home/storage/shared/bos_la_2024_trip/verizon/20241101/185651149/traceroute_190228936.out
[2024-11-01T19:02:59-0700] Traceroute summary (min/avg/max/mdev) 
[2024-11-01T19:02:59-0700] Traceroute test finished at 2024-11-01 19:02:59.004 PDT, duration: 30.102 s
[2024-11-01T19:02:59-0700] -------------------------------
[2024-11-01T19:02:59-0700] All tests completed, cleaning up...
[2024-11-01T19:02:59-0700] -------------------------------
[2024-11-01T19:04:14-0700] [measurement] Load environment variables from prod.env file
[2024-11-01T19:04:14-0700] [measurement] Load operator-specific env from verizon.env file
[2024-11-01T19:04:14-0700] Starting a network measurement, please choose a server
[2024-11-01T19:04:14-0700] 0) West Cloud: 54.176.53.206
[2024-11-01T19:04:14-0700] 1) East Cloud: 54.197.223.49
[2024-11-01T19:04:14-0700] 2) Los Angeles Wavelength: 161.188.33.234
[2024-11-01T19:04:14-0700] 3) Las Vegas Wavelength: 155.146.118.158
[2024-11-01T19:04:14-0700] 4) Denver Wavelength: 155.146.144.24
[2024-11-01T19:04:14-0700] 5) Chicago Wavelength: 155.146.180.31
[2024-11-01T19:04:14-0700] 6) Boston Wavelength: 155.146.11.34
[2024-11-01T19:04:25-0700] Enter your choice (0-6): Testing verizon, server 0 (ip: 54.176.53.206, nuttcp_port: 5101, iperf_port: 5001)
[2024-11-01T19:04:25-0700] -------------------------------
[2024-11-01T19:04:25-0700] tcp downlink test started at 2024-11-01 19:04:25.320 PDT
[2024-11-01T19:04:25-0700] Testing tcp downlink with 54.176.53.206:5101, interval 0.5 s, duration 120 s, timeout 121 s...
[2024-11-01T19:04:25-0700] server aborted connection
[2024-11-01T19:04:25-0700] Waiting for 120.790 s to reach end time
[2024-11-01T19:06:26-0700] Saved tcp downlink test to /data/data/com.termux/files/home/storage/shared/bos_la_2024_trip/verizon/20241101/190425293/tcp_downlink_190425358.out
[2024-11-01T19:06:26-0700] [CAUTION] EMPTY LOG!
[2024-11-01T19:06:26-0700] tcp downlink test finished at 2024-11-01 19:06:26.393 PDT, duration: 121.073 s
[2024-11-01T19:06:26-0700] -------------------------------
[2024-11-01T19:06:26-0700] Waiting for 2 s...
[2024-11-01T19:06:28-0700] -------------------------------
[2024-11-01T19:06:28-0700] Starting 5G booster for 5 s...
[2024-11-01T19:06:28-0700] 5G booster started at 2024-11-01 19:06:28.495 PDT
[2024-11-01T19:06:28-0700] server aborted connection
[2024-11-01T19:06:28-0700] Waiting for 5.778 s to reach end time
[2024-11-01T19:06:34-0700] Saved TCP DL results to /data/data/com.termux/files/home/storage/shared/bos_la_2024_trip/verizon/20241101/190425293/tcp_downlink_190628544.out
[2024-11-01T19:06:34-0700] [CAUTION] EMPTY LOG!
[2024-11-01T19:06:34-0700] 5G booster finished at 2024-11-01 19:06:34.568 PDT, duration: 6.073 s
[2024-11-01T19:06:34-0700] -------------------------------
[2024-11-01T19:06:34-0700] Waiting for 2 s...
[2024-11-01T19:06:36-0700] -------------------------------
[2024-11-01T19:06:36-0700] tcp uplink test started at 2024-11-01 19:06:36.652 PDT
[2024-11-01T19:06:36-0700] testing tcp uplink with 54.176.53.206:5101, interval 0.5, duration 120, timeout 121 ...
[2024-11-01T19:08:37-0700] Current time exceeds end time, skipping wait
[2024-11-01T19:08:37-0700] Saved uplink test to /data/data/com.termux/files/home/storage/shared/bos_la_2024_trip/verizon/20241101/190425293/tcp_uplink_190636701.out
[2024-11-01T19:08:37-0700] UL AVG TPUT: 
[2024-11-01T19:08:37-0700] tcp uplink test finished at 2024-11-01 19:08:37.849 PDT, duration: 121.197 s
[2024-11-01T19:08:37-0700] -------------------------------
[2024-11-01T19:08:37-0700] Waiting for 2 s...
[2024-11-01T19:08:39-0700] -------------------------------
[2024-11-01T19:08:39-0700] Starting 5G booster for 5 s...
[2024-11-01T19:08:40-0700] 5G booster started at 2024-11-01 19:08:39.986 PDT
[2024-11-01T19:08:46-0700] Current time exceeds end time, skipping wait
[2024-11-01T19:08:46-0700] Saved TCP DL results to /data/data/com.termux/files/home/storage/shared/bos_la_2024_trip/verizon/20241101/190425293/tcp_downlink_190840029.out
[2024-11-01T19:08:46-0700] DL AVG TPUT: 
[2024-11-01T19:08:46-0700] 5G booster finished at 2024-11-01 19:08:46.139 PDT, duration: 6.153 s
[2024-11-01T19:08:46-0700] -------------------------------
[2024-11-01T19:08:46-0700] Waiting for 2 s...
[2024-11-01T19:08:48-0700] -------------------------------
[2024-11-01T19:08:48-0700] ICMP Ping test started at 2024-11-01 19:08:48.286 PDT
[2024-11-01T19:09:18-0700] Waiting for .879 s to reach end time
[2024-11-01T19:09:19-0700] Saved ping test to /data/data/com.termux/files/home/storage/shared/bos_la_2024_trip/verizon/20241101/190425293/icmp_ping_190848338.out
[2024-11-01T19:09:19-0700] Ping summary (min/avg/max/mdev) = 26.737/44.534/59.070/7.310 ms
[2024-11-01T19:09:19-0700] Ping test finished at 2024-11-01 19:09:19.366 PDT, duration: 31.080 s
[2024-11-01T19:09:19-0700] -------------------------------
[2024-11-01T19:09:19-0700] Waiting for 2 s...
[2024-11-01T19:09:21-0700] -------------------------------
[2024-11-01T19:09:21-0700] Starting 5G booster for 5 s...
[2024-11-01T19:09:21-0700] 5G booster started at 2024-11-01 19:09:21.464 PDT
[2024-11-01T19:09:27-0700] Current time exceeds end time, skipping wait
[2024-11-01T19:09:27-0700] Saved TCP DL results to /data/data/com.termux/files/home/storage/shared/bos_la_2024_trip/verizon/20241101/190425293/tcp_downlink_190921495.out
[2024-11-01T19:09:27-0700] DL AVG TPUT: 
[2024-11-01T19:09:27-0700] 5G booster finished at 2024-11-01 19:09:27.559 PDT, duration: 6.095 s
[2024-11-01T19:09:27-0700] -------------------------------
[2024-11-01T19:09:27-0700] Waiting for 2 s...
[2024-11-01T19:09:29-0700] -------------------------------
[2024-11-01T19:09:29-0700] TCP Ping test started at 2024-11-01 19:09:29.657 PDT
[2024-11-01T19:10:00-0700] Current time exceeds end time, skipping wait
[2024-11-01T19:10:00-0700] Saved TCP Ping test to /data/data/com.termux/files/home/storage/shared/bos_la_2024_trip/verizon/20241101/190425293/tcp_ping_190929689.out
[2024-11-01T19:10:00-0700] TCP Ping summary (min/avg/max/mdev) 
[2024-11-01T19:10:00-0700] TCP Ping test finished at 2024-11-01 19:10:00.781 PDT, duration: 31.124 s
[2024-11-01T19:10:00-0700] -------------------------------
[2024-11-01T19:10:00-0700] Waiting for 2 s...
[2024-11-01T19:10:02-0700] -------------------------------
[2024-11-01T19:10:02-0700] Traceroute test started at 2024-11-01 19:10:02.893 PDT
[2024-11-01T19:10:10-0700] Waiting for 22.905 s to reach end time
[2024-11-01T19:10:32-0700] Saved traceroute test to /data/data/com.termux/files/home/storage/shared/bos_la_2024_trip/verizon/20241101/190425293/traceroute_191002946.out
[2024-11-01T19:10:33-0700] Traceroute summary (min/avg/max/mdev) 
[2024-11-01T19:10:33-0700] Traceroute test finished at 2024-11-01 19:10:32.977 PDT, duration: 30.084 s
[2024-11-01T19:10:33-0700] -------------------------------
[2024-11-01T19:10:33-0700] All tests completed, cleaning up...
[2024-11-01T19:10:33-0700] -------------------------------
[2024-11-01T19:11:40-0700] [measurement] Load environment variables from prod.env file
[2024-11-01T19:11:40-0700] [measurement] Load operator-specific env from verizon.env file
[2024-11-01T19:11:40-0700] Starting a network measurement, please choose a server
[2024-11-01T19:11:40-0700] 0) West Cloud: 54.176.53.206
[2024-11-01T19:11:40-0700] 1) East Cloud: 54.197.223.49
[2024-11-01T19:11:40-0700] 2) Los Angeles Wavelength: 161.188.33.234
[2024-11-01T19:11:40-0700] 3) Las Vegas Wavelength: 155.146.118.158
[2024-11-01T19:11:40-0700] 4) Denver Wavelength: 155.146.144.24
[2024-11-01T19:11:40-0700] 5) Chicago Wavelength: 155.146.180.31
[2024-11-01T19:11:40-0700] 6) Boston Wavelength: 155.146.11.34
[2024-11-01T19:11:53-0700] Enter your choice (0-6): Testing verizon, server 0 (ip: 54.176.53.206, nuttcp_port: 5101, iperf_port: 5001)
[2024-11-01T19:11:53-0700] -------------------------------
[2024-11-01T19:11:53-0700] tcp downlink test started at 2024-11-01 19:11:53.973 PDT
[2024-11-01T19:11:54-0700] Testing tcp downlink with 54.176.53.206:5101, interval 0.5 s, duration 120 s, timeout 121 s...
[2024-11-01T19:11:54-0700] server aborted connection
[2024-11-01T19:11:54-0700] Waiting for 120.818 s to reach end time
[2024-11-01T19:13:55-0700] Saved tcp downlink test to /data/data/com.termux/files/home/storage/shared/bos_la_2024_trip/verizon/20241101/191153941/tcp_downlink_191153995.out
[2024-11-01T19:13:55-0700] [CAUTION] EMPTY LOG!
[2024-11-01T19:13:55-0700] tcp downlink test finished at 2024-11-01 19:13:55.055 PDT, duration: 121.082 s
[2024-11-01T19:13:55-0700] -------------------------------
[2024-11-01T19:13:55-0700] Waiting for 2 s...
[2024-11-01T19:13:57-0700] -------------------------------
[2024-11-01T19:13:57-0700] Starting 5G booster for 5 s...
[2024-11-01T19:13:57-0700] 5G booster started at 2024-11-01 19:13:57.130 PDT
[2024-11-01T19:13:57-0700] server aborted connection
[2024-11-01T19:13:57-0700] Waiting for 5.792 s to reach end time
[2024-11-01T19:14:03-0700] Saved TCP DL results to /data/data/com.termux/files/home/storage/shared/bos_la_2024_trip/verizon/20241101/191153941/tcp_downlink_191357160.out
[2024-11-01T19:14:03-0700] [CAUTION] EMPTY LOG!
[2024-11-01T19:14:03-0700] 5G booster finished at 2024-11-01 19:14:03.192 PDT, duration: 6.062 s
[2024-11-01T19:14:03-0700] -------------------------------
[2024-11-01T19:14:03-0700] Waiting for 2 s...
[2024-11-01T19:14:05-0700] -------------------------------
[2024-11-01T19:14:05-0700] tcp uplink test started at 2024-11-01 19:14:05.257 PDT
[2024-11-01T19:14:05-0700] testing tcp uplink with 54.176.53.206:5101, interval 0.5, duration 120, timeout 121 ...
[2024-11-01T19:16:06-0700] Current time exceeds end time, skipping wait
[2024-11-01T19:16:06-0700] Saved uplink test to /data/data/com.termux/files/home/storage/shared/bos_la_2024_trip/verizon/20241101/191153941/tcp_uplink_191405281.out
[2024-11-01T19:16:06-0700] UL AVG TPUT: 22.1178 Mbps
[2024-11-01T19:16:06-0700] tcp uplink test finished at 2024-11-01 19:16:06.382 PDT, duration: 121.125 s
[2024-11-01T19:16:06-0700] -------------------------------
[2024-11-01T19:16:06-0700] Waiting for 2 s...
[2024-11-01T19:16:08-0700] -------------------------------
[2024-11-01T19:16:08-0700] Starting 5G booster for 5 s...
[2024-11-01T19:16:08-0700] 5G booster started at 2024-11-01 19:16:08.495 PDT
[2024-11-01T19:16:14-0700] Current time exceeds end time, skipping wait
[2024-11-01T19:16:14-0700] Saved TCP DL results to /data/data/com.termux/files/home/storage/shared/bos_la_2024_trip/verizon/20241101/191153941/tcp_downlink_191608525.out
[2024-11-01T19:16:14-0700] DL AVG TPUT: 
[2024-11-01T19:16:14-0700] 5G booster finished at 2024-11-01 19:16:14.644 PDT, duration: 6.149 s
[2024-11-01T19:16:14-0700] -------------------------------
[2024-11-01T19:16:14-0700] Waiting for 2 s...
[2024-11-01T19:16:16-0700] -------------------------------
[2024-11-01T19:16:16-0700] ICMP Ping test started at 2024-11-01 19:16:16.751 PDT
[2024-11-01T19:16:46-0700] Waiting for .884 s to reach end time
[2024-11-01T19:16:47-0700] Saved ping test to /data/data/com.termux/files/home/storage/shared/bos_la_2024_trip/verizon/20241101/191153941/icmp_ping_191616783.out
[2024-11-01T19:16:47-0700] Ping summary (min/avg/max/mdev) = 29.394/45.241/59.633/6.919 ms
[2024-11-01T19:16:47-0700] Ping test finished at 2024-11-01 19:16:47.828 PDT, duration: 31.077 s
[2024-11-01T19:16:47-0700] -------------------------------
[2024-11-01T19:16:47-0700] Waiting for 2 s...
[2024-11-01T19:16:49-0700] -------------------------------
[2024-11-01T19:16:49-0700] Starting 5G booster for 5 s...
[2024-11-01T19:16:49-0700] 5G booster started at 2024-11-01 19:16:49.953 PDT
[2024-11-01T19:16:56-0700] Current time exceeds end time, skipping wait
[2024-11-01T19:16:56-0700] Saved TCP DL results to /data/data/com.termux/files/home/storage/shared/bos_la_2024_trip/verizon/20241101/191153941/tcp_downlink_191649981.out
[2024-11-01T19:16:56-0700] DL AVG TPUT: 
[2024-11-01T19:16:56-0700] 5G booster finished at 2024-11-01 19:16:56.059 PDT, duration: 6.106 s
[2024-11-01T19:16:56-0700] -------------------------------
[2024-11-01T19:16:56-0700] Waiting for 2 s...
[2024-11-01T19:16:58-0700] -------------------------------
[2024-11-01T19:16:58-0700] TCP Ping test started at 2024-11-01 19:16:58.177 PDT
[2024-11-01T19:17:29-0700] Current time exceeds end time, skipping wait
[2024-11-01T19:17:29-0700] Saved TCP Ping test to /data/data/com.termux/files/home/storage/shared/bos_la_2024_trip/verizon/20241101/191153941/tcp_ping_191658214.out
[2024-11-01T19:17:29-0700] TCP Ping summary (min/avg/max/mdev) 
[2024-11-01T19:17:29-0700] TCP Ping test finished at 2024-11-01 19:17:29.351 PDT, duration: 31.174 s
[2024-11-01T19:17:29-0700] -------------------------------
[2024-11-01T19:17:29-0700] Waiting for 2 s...
[2024-11-01T19:17:31-0700] -------------------------------
[2024-11-01T19:17:31-0700] Traceroute test started at 2024-11-01 19:17:31.482 PDT
[2024-11-01T19:17:33-0700] Waiting for 28.059 s to reach end time
[2024-11-01T19:18:01-0700] Saved traceroute test to /data/data/com.termux/files/home/storage/shared/bos_la_2024_trip/verizon/20241101/191153941/traceroute_191731510.out
[2024-11-01T19:18:01-0700] Traceroute summary (min/avg/max/mdev) 
[2024-11-01T19:18:01-0700] Traceroute test finished at 2024-11-01 19:18:01.561 PDT, duration: 30.079 s
[2024-11-01T19:18:01-0700] -------------------------------
[2024-11-01T19:18:01-0700] All tests completed, cleaning up...
[2024-11-01T19:18:01-0700] -------------------------------
[2024-11-01T19:20:14-0700] [measurement] Load environment variables from prod.env file
[2024-11-01T19:20:14-0700] [measurement] Load operator-specific env from verizon.env file
[2024-11-01T19:20:14-0700] Starting a network measurement, please choose a server
[2024-11-01T19:20:14-0700] 0) West Cloud: 54.176.53.206
[2024-11-01T19:20:14-0700] 1) East Cloud: 54.197.223.49
[2024-11-01T19:20:14-0700] 2) Los Angeles Wavelength: 161.188.33.234
[2024-11-01T19:20:14-0700] 3) Las Vegas Wavelength: 155.146.118.158
[2024-11-01T19:20:14-0700] 4) Denver Wavelength: 155.146.144.24
[2024-11-01T19:20:14-0700] 5) Chicago Wavelength: 155.146.180.31
[2024-11-01T19:20:14-0700] 6) Boston Wavelength: 155.146.11.34
[2024-11-01T19:20:47-0700] Enter your choice (0-6): Testing verizon, server 0 (ip: 54.176.53.206, nuttcp_port: 5101, iperf_port: 5001)
[2024-11-01T19:20:47-0700] -------------------------------
[2024-11-01T19:20:47-0700] tcp downlink test started at 2024-11-01 19:20:47.983 PDT
[2024-11-01T19:20:48-0700] Testing tcp downlink with 54.176.53.206:5101, interval 0.5 s, duration 120 s, timeout 121 s...
[2024-11-01T19:22:49-0700] Current time exceeds end time, skipping wait
[2024-11-01T19:22:49-0700] Saved tcp downlink test to /data/data/com.termux/files/home/storage/shared/bos_la_2024_trip/verizon/20241101/192047966/tcp_downlink_192048006.out
[2024-11-01T19:22:49-0700] DL AVG TPUT: 
[2024-11-01T19:22:49-0700] tcp downlink test finished at 2024-11-01 19:22:49.110 PDT, duration: 121.127 s
[2024-11-01T19:22:49-0700] -------------------------------
[2024-11-01T19:22:49-0700] Waiting for 2 s...
[2024-11-01T19:22:51-0700] -------------------------------
[2024-11-01T19:22:51-0700] Starting 5G booster for 5 s...
[2024-11-01T19:22:51-0700] 5G booster started at 2024-11-01 19:22:51.247 PDT
[2024-11-01T19:22:57-0700] Current time exceeds end time, skipping wait
[2024-11-01T19:22:57-0700] Saved TCP DL results to /data/data/com.termux/files/home/storage/shared/bos_la_2024_trip/verizon/20241101/192047966/tcp_downlink_192251282.out
[2024-11-01T19:22:57-0700] DL AVG TPUT: 
[2024-11-01T19:22:57-0700] 5G booster finished at 2024-11-01 19:22:57.379 PDT, duration: 6.132 s
[2024-11-01T19:22:57-0700] -------------------------------
[2024-11-01T19:22:57-0700] Waiting for 2 s...
[2024-11-01T19:22:59-0700] -------------------------------
[2024-11-01T19:22:59-0700] tcp uplink test started at 2024-11-01 19:22:59.503 PDT
[2024-11-01T19:22:59-0700] testing tcp uplink with 54.176.53.206:5101, interval 0.5, duration 120, timeout 121 ...
[2024-11-01T19:25:00-0700] Current time exceeds end time, skipping wait
[2024-11-01T19:25:00-0700] Saved uplink test to /data/data/com.termux/files/home/storage/shared/bos_la_2024_trip/verizon/20241101/192047966/tcp_uplink_192259533.out
[2024-11-01T19:25:00-0700] UL AVG TPUT: 
[2024-11-01T19:25:00-0700] tcp uplink test finished at 2024-11-01 19:25:00.639 PDT, duration: 121.136 s
[2024-11-01T19:25:00-0700] -------------------------------
[2024-11-01T19:25:00-0700] Waiting for 2 s...
[2024-11-01T19:25:02-0700] -------------------------------
[2024-11-01T19:25:02-0700] Starting 5G booster for 5 s...
[2024-11-01T19:25:02-0700] 5G booster started at 2024-11-01 19:25:02.746 PDT
[2024-11-01T19:25:08-0700] Current time exceeds end time, skipping wait
[2024-11-01T19:25:08-0700] Saved TCP DL results to /data/data/com.termux/files/home/storage/shared/bos_la_2024_trip/verizon/20241101/192047966/tcp_downlink_192502772.out
[2024-11-01T19:25:08-0700] DL AVG TPUT: 
[2024-11-01T19:25:08-0700] 5G booster finished at 2024-11-01 19:25:08.843 PDT, duration: 6.097 s
[2024-11-01T19:25:08-0700] -------------------------------
[2024-11-01T19:25:08-0700] Waiting for 2 s...
[2024-11-01T19:25:10-0700] -------------------------------
[2024-11-01T19:25:10-0700] ICMP Ping test started at 2024-11-01 19:25:10.960 PDT
[2024-11-01T19:25:41-0700] Waiting for .873 s to reach end time
[2024-11-01T19:25:42-0700] Saved ping test to /data/data/com.termux/files/home/storage/shared/bos_la_2024_trip/verizon/20241101/192047966/icmp_ping_192510992.out
[2024-11-01T19:25:42-0700] Ping summary (min/avg/max/mdev) = 37.363/49.837/257.311/20.368 ms
[2024-11-01T19:25:42-0700] Ping test finished at 2024-11-01 19:25:42.061 PDT, duration: 31.101 s
[2024-11-01T19:25:42-0700] -------------------------------
[2024-11-01T19:25:42-0700] Waiting for 2 s...
[2024-11-01T19:25:44-0700] -------------------------------
[2024-11-01T19:25:44-0700] Starting 5G booster for 5 s...
[2024-11-01T19:25:44-0700] 5G booster started at 2024-11-01 19:25:44.184 PDT
[2024-11-01T19:25:50-0700] Current time exceeds end time, skipping wait
[2024-11-01T19:25:50-0700] Saved TCP DL results to /data/data/com.termux/files/home/storage/shared/bos_la_2024_trip/verizon/20241101/192047966/tcp_downlink_192544236.out
[2024-11-01T19:25:50-0700] DL AVG TPUT: 
[2024-11-01T19:25:50-0700] 5G booster finished at 2024-11-01 19:25:50.346 PDT, duration: 6.162 s
[2024-11-01T19:25:50-0700] -------------------------------
[2024-11-01T19:25:50-0700] Waiting for 2 s...
[2024-11-01T19:25:52-0700] -------------------------------
[2024-11-01T19:25:52-0700] TCP Ping test started at 2024-11-01 19:25:52.473 PDT
[2024-11-01T19:26:23-0700] Current time exceeds end time, skipping wait
[2024-11-01T19:26:23-0700] Saved TCP Ping test to /data/data/com.termux/files/home/storage/shared/bos_la_2024_trip/verizon/20241101/192047966/tcp_ping_192552504.out
[2024-11-01T19:26:23-0700] TCP Ping summary (min/avg/max/mdev) 
[2024-11-01T19:26:23-0700] TCP Ping test finished at 2024-11-01 19:26:23.639 PDT, duration: 31.166 s
[2024-11-01T19:26:23-0700] -------------------------------
[2024-11-01T19:26:23-0700] Waiting for 2 s...
[2024-11-01T19:26:25-0700] -------------------------------
[2024-11-01T19:26:25-0700] Traceroute test started at 2024-11-01 19:26:25.751 PDT
[2024-11-01T19:26:28-0700] Waiting for 27.256 s to reach end time
[2024-11-01T19:26:55-0700] Saved traceroute test to /data/data/com.termux/files/home/storage/shared/bos_la_2024_trip/verizon/20241101/192047966/traceroute_192625799.out
[2024-11-01T19:26:55-0700] Traceroute summary (min/avg/max/mdev) 
[2024-11-01T19:26:55-0700] Traceroute test finished at 2024-11-01 19:26:55.886 PDT, duration: 30.135 s
[2024-11-01T19:26:55-0700] -------------------------------
[2024-11-01T19:26:55-0700] All tests completed, cleaning up...
[2024-11-01T19:26:55-0700] -------------------------------
[2024-11-01T19:32:18-0700] [measurement] Load environment variables from prod.env file
[2024-11-01T19:32:18-0700] [measurement] Load operator-specific env from verizon.env file
[2024-11-01T19:32:18-0700] Starting a network measurement, please choose a server
[2024-11-01T19:32:18-0700] 0) West Cloud: 54.176.53.206
[2024-11-01T19:32:18-0700] 1) East Cloud: 54.197.223.49
[2024-11-01T19:32:18-0700] 2) Los Angeles Wavelength: 161.188.33.234
[2024-11-01T19:32:18-0700] 3) Las Vegas Wavelength: 155.146.118.158
[2024-11-01T19:32:18-0700] 4) Denver Wavelength: 155.146.144.24
[2024-11-01T19:32:18-0700] 5) Chicago Wavelength: 155.146.180.31
[2024-11-01T19:32:18-0700] 6) Boston Wavelength: 155.146.11.34
[2024-11-01T19:32:28-0700] Enter your choice (0-6): Testing verizon, server 0 (ip: 54.176.53.206, nuttcp_port: 5101, iperf_port: 5001)
[2024-11-01T19:32:28-0700] -------------------------------
[2024-11-01T19:32:28-0700] tcp downlink test started at 2024-11-01 19:32:28.693 PDT
[2024-11-01T19:32:28-0700] Testing tcp downlink with 54.176.53.206:5101, interval 0.5 s, duration 120 s, timeout 121 s...
[2024-11-01T19:32:29-0700] server aborted connection
[2024-11-01T19:32:29-0700] Waiting for 120.631 s to reach end time
[2024-11-01T19:34:29-0700] Saved tcp downlink test to /data/data/com.termux/files/home/storage/shared/bos_la_2024_trip/verizon/20241101/193228672/tcp_downlink_193228716.out
[2024-11-01T19:34:29-0700] [CAUTION] EMPTY LOG!
[2024-11-01T19:34:29-0700] tcp downlink test finished at 2024-11-01 19:34:29.762 PDT, duration: 121.069 s
[2024-11-01T19:34:29-0700] -------------------------------
[2024-11-01T19:34:29-0700] Waiting for 2 s...
[2024-11-01T19:34:31-0700] -------------------------------
[2024-11-01T19:34:31-0700] Starting 5G booster for 5 s...
[2024-11-01T19:34:31-0700] 5G booster started at 2024-11-01 19:34:31.874 PDT
[2024-11-01T19:34:32-0700] server aborted connection
[2024-11-01T19:34:32-0700] Waiting for 5.814 s to reach end time
[2024-11-01T19:34:37-0700] Saved TCP DL results to /data/data/com.termux/files/home/storage/shared/bos_la_2024_trip/verizon/20241101/193228672/tcp_downlink_193431906.out
[2024-11-01T19:34:37-0700] [CAUTION] EMPTY LOG!
[2024-11-01T19:34:38-0700] 5G booster finished at 2024-11-01 19:34:37.952 PDT, duration: 6.078 s
[2024-11-01T19:34:38-0700] -------------------------------
[2024-11-01T19:34:38-0700] Waiting for 2 s...
[2024-11-01T19:34:40-0700] -------------------------------
[2024-11-01T19:34:40-0700] tcp uplink test started at 2024-11-01 19:34:40.021 PDT
[2024-11-01T19:34:40-0700] testing tcp uplink with 54.176.53.206:5101, interval 0.5, duration 120, timeout 121 ...
[2024-11-01T19:34:40-0700] server aborted connection
[2024-11-01T19:34:40-0700] Waiting for 120.782 s to reach end time
[2024-11-01T19:36:41-0700] Saved uplink test to /data/data/com.termux/files/home/storage/shared/bos_la_2024_trip/verizon/20241101/193228672/tcp_uplink_193440049.out
[2024-11-01T19:36:41-0700] [CAUTION] EMPTY LOG!
[2024-11-01T19:36:41-0700] tcp uplink test finished at 2024-11-01 19:36:41.112 PDT, duration: 121.091 s
[2024-11-01T19:36:41-0700] -------------------------------
[2024-11-01T19:36:41-0700] Waiting for 2 s...
[2024-11-01T19:36:43-0700] -------------------------------
[2024-11-01T19:36:43-0700] Starting 5G booster for 5 s...
[2024-11-01T19:36:43-0700] 5G booster started at 2024-11-01 19:36:43.208 PDT
[2024-11-01T19:36:49-0700] Current time exceeds end time, skipping wait
[2024-11-01T19:36:49-0700] Saved TCP DL results to /data/data/com.termux/files/home/storage/shared/bos_la_2024_trip/verizon/20241101/193228672/tcp_downlink_193643236.out
[2024-11-01T19:36:49-0700] DL AVG TPUT: 
[2024-11-01T19:36:49-0700] 5G booster finished at 2024-11-01 19:36:49.310 PDT, duration: 6.102 s
[2024-11-01T19:36:49-0700] -------------------------------
[2024-11-01T19:36:49-0700] Waiting for 2 s...
[2024-11-01T19:36:51-0700] -------------------------------
[2024-11-01T19:36:51-0700] ICMP Ping test started at 2024-11-01 19:36:51.423 PDT
[2024-11-01T19:37:21-0700] Waiting for .887 s to reach end time
[2024-11-01T19:37:22-0700] Saved ping test to /data/data/com.termux/files/home/storage/shared/bos_la_2024_trip/verizon/20241101/193228672/icmp_ping_193651478.out
[2024-11-01T19:37:22-0700] Ping summary (min/avg/max/mdev) = 37.234/48.575/137.312/12.922 ms
[2024-11-01T19:37:22-0700] Ping test finished at 2024-11-01 19:37:22.490 PDT, duration: 31.067 s
[2024-11-01T19:37:22-0700] -------------------------------
[2024-11-01T19:37:22-0700] Waiting for 2 s...
[2024-11-01T19:37:24-0700] -------------------------------
[2024-11-01T19:37:24-0700] Starting 5G booster for 5 s...
[2024-11-01T19:37:24-0700] 5G booster started at 2024-11-01 19:37:24.600 PDT
[2024-11-01T19:37:30-0700] Current time exceeds end time, skipping wait
[2024-11-01T19:37:30-0700] Saved TCP DL results to /data/data/com.termux/files/home/storage/shared/bos_la_2024_trip/verizon/20241101/193228672/tcp_downlink_193724632.out
[2024-11-01T19:37:30-0700] DL AVG TPUT: 
[2024-11-01T19:37:30-0700] 5G booster finished at 2024-11-01 19:37:30.699 PDT, duration: 6.099 s
[2024-11-01T19:37:30-0700] -------------------------------
[2024-11-01T19:37:30-0700] Waiting for 2 s...
[2024-11-01T19:37:32-0700] -------------------------------
[2024-11-01T19:37:32-0700] TCP Ping test started at 2024-11-01 19:37:32.794 PDT
[2024-11-01T19:38:03-0700] Current time exceeds end time, skipping wait
[2024-11-01T19:38:03-0700] Saved TCP Ping test to /data/data/com.termux/files/home/storage/shared/bos_la_2024_trip/verizon/20241101/193228672/tcp_ping_193732829.out
[2024-11-01T19:38:03-0700] TCP Ping summary (min/avg/max/mdev) 
[2024-11-01T19:38:04-0700] TCP Ping test finished at 2024-11-01 19:38:03.938 PDT, duration: 31.144 s
[2024-11-01T19:38:04-0700] -------------------------------
[2024-11-01T19:38:04-0700] Waiting for 2 s...
[2024-11-01T19:38:06-0700] -------------------------------
[2024-11-01T19:38:06-0700] Traceroute test started at 2024-11-01 19:38:06.037 PDT
[2024-11-01T19:38:07-0700] Waiting for 28.137 s to reach end time
[2024-11-01T19:38:36-0700] Saved traceroute test to /data/data/com.termux/files/home/storage/shared/bos_la_2024_trip/verizon/20241101/193228672/traceroute_193806061.out
[2024-11-01T19:38:36-0700] Traceroute summary (min/avg/max/mdev) 
[2024-11-01T19:38:36-0700] Traceroute test finished at 2024-11-01 19:38:36.138 PDT, duration: 30.101 s
[2024-11-01T19:38:36-0700] -------------------------------
[2024-11-01T19:38:36-0700] All tests completed, cleaning up...
[2024-11-01T19:38:36-0700] -------------------------------
[2024-11-01T19:39:19-0700] [measurement] Load environment variables from prod.env file
[2024-11-01T19:39:19-0700] [measurement] Load operator-specific env from verizon.env file
[2024-11-01T19:39:19-0700] Starting a network measurement, please choose a server
[2024-11-01T19:39:19-0700] 0) West Cloud: 54.176.53.206
[2024-11-01T19:39:19-0700] 1) East Cloud: 54.197.223.49
[2024-11-01T19:39:19-0700] 2) Los Angeles Wavelength: 161.188.33.234
[2024-11-01T19:39:19-0700] 3) Las Vegas Wavelength: 155.146.118.158
[2024-11-01T19:39:19-0700] 4) Denver Wavelength: 155.146.144.24
[2024-11-01T19:39:19-0700] 5) Chicago Wavelength: 155.146.180.31
[2024-11-01T19:39:19-0700] 6) Boston Wavelength: 155.146.11.34
[2024-11-01T19:39:27-0700] Enter your choice (0-6): Testing verizon, server 0 (ip: 54.176.53.206, nuttcp_port: 5101, iperf_port: 5001)
[2024-11-01T19:39:27-0700] -------------------------------
[2024-11-01T19:39:27-0700] tcp downlink test started at 2024-11-01 19:39:27.136 PDT
[2024-11-01T19:39:27-0700] Testing tcp downlink with 54.176.53.206:5101, interval 0.5 s, duration 120 s, timeout 121 s...
[2024-11-01T19:41:28-0700] Current time exceeds end time, skipping wait
[2024-11-01T19:41:28-0700] Saved tcp downlink test to /data/data/com.termux/files/home/storage/shared/bos_la_2024_trip/verizon/20241101/193927112/tcp_downlink_193927161.out
[2024-11-01T19:41:28-0700] DL AVG TPUT: 
[2024-11-01T19:41:28-0700] tcp downlink test finished at 2024-11-01 19:41:28.269 PDT, duration: 121.133 s
[2024-11-01T19:41:28-0700] -------------------------------
[2024-11-01T19:41:28-0700] Waiting for 2 s...
[2024-11-01T19:41:30-0700] -------------------------------
[2024-11-01T19:41:30-0700] Starting 5G booster for 5 s...
[2024-11-01T19:41:30-0700] 5G booster started at 2024-11-01 19:41:30.392 PDT
[2024-11-01T19:41:36-0700] Current time exceeds end time, skipping wait
[2024-11-01T19:41:36-0700] Saved TCP DL results to /data/data/com.termux/files/home/storage/shared/bos_la_2024_trip/verizon/20241101/193927112/tcp_downlink_194130420.out
[2024-11-01T19:41:36-0700] DL AVG TPUT: 
[2024-11-01T19:41:36-0700] 5G booster finished at 2024-11-01 19:41:36.489 PDT, duration: 6.097 s
[2024-11-01T19:41:36-0700] -------------------------------
[2024-11-01T19:41:36-0700] Waiting for 2 s...
[2024-11-01T19:41:38-0700] -------------------------------
[2024-11-01T19:41:38-0700] tcp uplink test started at 2024-11-01 19:41:38.581 PDT
[2024-11-01T19:41:38-0700] testing tcp uplink with 54.176.53.206:5101, interval 0.5, duration 120, timeout 121 ...
[2024-11-01T19:43:39-0700] Current time exceeds end time, skipping wait
[2024-11-01T19:43:39-0700] Saved uplink test to /data/data/com.termux/files/home/storage/shared/bos_la_2024_trip/verizon/20241101/193927112/tcp_uplink_194138605.out
[2024-11-01T19:43:39-0700] UL AVG TPUT: 
[2024-11-01T19:43:39-0700] tcp uplink test finished at 2024-11-01 19:43:39.664 PDT, duration: 121.083 s
[2024-11-01T19:43:39-0700] -------------------------------
[2024-11-01T19:43:39-0700] Waiting for 2 s...
[2024-11-01T19:43:41-0700] -------------------------------
[2024-11-01T19:43:41-0700] Starting 5G booster for 5 s...
[2024-11-01T19:43:41-0700] 5G booster started at 2024-11-01 19:43:41.791 PDT
[2024-11-01T19:43:47-0700] Current time exceeds end time, skipping wait
[2024-11-01T19:43:47-0700] Saved TCP DL results to /data/data/com.termux/files/home/storage/shared/bos_la_2024_trip/verizon/20241101/193927112/tcp_downlink_194341822.out
[2024-11-01T19:43:47-0700] DL AVG TPUT: 
[2024-11-01T19:43:47-0700] 5G booster finished at 2024-11-01 19:43:47.891 PDT, duration: 6.100 s
[2024-11-01T19:43:47-0700] -------------------------------
[2024-11-01T19:43:47-0700] Waiting for 2 s...
[2024-11-01T19:43:49-0700] -------------------------------
[2024-11-01T19:43:50-0700] ICMP Ping test started at 2024-11-01 19:43:49.995 PDT
[2024-11-01T19:44:20-0700] Waiting for .916 s to reach end time
[2024-11-01T19:44:21-0700] Saved ping test to /data/data/com.termux/files/home/storage/shared/bos_la_2024_trip/verizon/20241101/193927112/icmp_ping_194350022.out
[2024-11-01T19:44:21-0700] Ping summary (min/avg/max/mdev) = 35.488/98.344/1402.752/187.695 ms
[2024-11-01T19:44:21-0700] Ping test finished at 2024-11-01 19:44:21.135 PDT, duration: 31.140 s
[2024-11-01T19:44:21-0700] -------------------------------
[2024-11-01T19:44:21-0700] Waiting for 2 s...
[2024-11-01T19:44:23-0700] -------------------------------
[2024-11-01T19:44:23-0700] Starting 5G booster for 5 s...
[2024-11-01T19:44:23-0700] 5G booster started at 2024-11-01 19:44:23.294 PDT
[2024-11-01T19:44:29-0700] Current time exceeds end time, skipping wait
[2024-11-01T19:44:29-0700] Saved TCP DL results to /data/data/com.termux/files/home/storage/shared/bos_la_2024_trip/verizon/20241101/193927112/tcp_downlink_194423346.out
[2024-11-01T19:44:29-0700] DL AVG TPUT: 
[2024-11-01T19:44:29-0700] 5G booster finished at 2024-11-01 19:44:29.417 PDT, duration: 6.123 s
[2024-11-01T19:44:29-0700] -------------------------------
[2024-11-01T19:44:29-0700] Waiting for 2 s...
[2024-11-01T19:44:31-0700] -------------------------------
[2024-11-01T19:44:31-0700] TCP Ping test started at 2024-11-01 19:44:31.515 PDT
[2024-11-01T19:45:02-0700] Current time exceeds end time, skipping wait
[2024-11-01T19:45:02-0700] Saved TCP Ping test to /data/data/com.termux/files/home/storage/shared/bos_la_2024_trip/verizon/20241101/193927112/tcp_ping_194431567.out
[2024-11-01T19:45:02-0700] TCP Ping summary (min/avg/max/mdev) 
[2024-11-01T19:45:02-0700] TCP Ping test finished at 2024-11-01 19:45:02.651 PDT, duration: 31.136 s
[2024-11-01T19:45:02-0700] -------------------------------
[2024-11-01T19:45:02-0700] Waiting for 2 s...
[2024-11-01T19:45:04-0700] -------------------------------
[2024-11-01T19:45:04-0700] Traceroute test started at 2024-11-01 19:45:04.775 PDT
[2024-11-01T19:45:06-0700] Waiting for 28.072 s to reach end time
[2024-11-01T19:45:34-0700] Saved traceroute test to /data/data/com.termux/files/home/storage/shared/bos_la_2024_trip/verizon/20241101/193927112/traceroute_194504801.out
[2024-11-01T19:45:34-0700] Traceroute summary (min/avg/max/mdev) 
[2024-11-01T19:45:34-0700] Traceroute test finished at 2024-11-01 19:45:34.842 PDT, duration: 30.067 s
[2024-11-01T19:45:34-0700] -------------------------------
[2024-11-01T19:45:34-0700] All tests completed, cleaning up...
[2024-11-01T19:45:34-0700] -------------------------------
[2024-11-01T20:39:13-0700] [measurement] Load environment variables from prod.env file
[2024-11-01T20:39:13-0700] [measurement] Load operator-specific env from verizon.env file
[2024-11-01T20:39:13-0700] Starting a network measurement, please choose a server
[2024-11-01T20:39:13-0700] 0) West Cloud: 54.176.53.206
[2024-11-01T20:39:13-0700] 1) East Cloud: 54.197.223.49
[2024-11-01T20:39:13-0700] 2) Los Angeles Wavelength: 161.188.33.234
[2024-11-01T20:39:13-0700] 3) Las Vegas Wavelength: 155.146.118.158
[2024-11-01T20:39:13-0700] 4) Denver Wavelength: 155.146.144.24
[2024-11-01T20:39:13-0700] 5) Chicago Wavelength: 155.146.180.31
[2024-11-01T20:39:13-0700] 6) Boston Wavelength: 155.146.11.34
[2024-11-01T20:40:02-0700] Enter your choice (0-6): Testing verizon, server 0 (ip: 54.176.53.206, nuttcp_port: 5101, iperf_port: 5001)
[2024-11-01T20:40:02-0700] -------------------------------
[2024-11-01T20:40:02-0700] tcp downlink test started at 2024-11-01 20:40:02.502 PDT
[2024-11-01T20:40:02-0700] Testing tcp downlink with 54.176.53.206:5101, interval 0.5 s, duration 120 s, timeout 121 s...
[2024-11-01T20:42:03-0700] Current time exceeds end time, skipping wait
[2024-11-01T20:42:03-0700] Saved tcp downlink test to /data/data/com.termux/files/home/storage/shared/bos_la_2024_trip/verizon/20241101/204002484/tcp_downlink_204002525.out
[2024-11-01T20:42:03-0700] DL AVG TPUT: 
[2024-11-01T20:42:03-0700] tcp downlink test finished at 2024-11-01 20:42:03.662 PDT, duration: 121.160 s
[2024-11-01T20:42:03-0700] -------------------------------
[2024-11-01T20:42:03-0700] Waiting for 2 s...
[2024-11-01T20:42:05-0700] -------------------------------
[2024-11-01T20:42:05-0700] Starting 5G booster for 5 s...
[2024-11-01T20:42:05-0700] 5G booster started at 2024-11-01 20:42:05.787 PDT
[2024-11-01T20:42:11-0700] Current time exceeds end time, skipping wait
[2024-11-01T20:42:11-0700] Saved TCP DL results to /data/data/com.termux/files/home/storage/shared/bos_la_2024_trip/verizon/20241101/204002484/tcp_downlink_204205822.out
[2024-11-01T20:42:11-0700] DL AVG TPUT: 
[2024-11-01T20:42:11-0700] 5G booster finished at 2024-11-01 20:42:11.928 PDT, duration: 6.141 s
[2024-11-01T20:42:11-0700] -------------------------------
[2024-11-01T20:42:11-0700] Waiting for 2 s...
[2024-11-01T20:42:14-0700] -------------------------------
[2024-11-01T20:42:14-0700] tcp uplink test started at 2024-11-01 20:42:14.015 PDT
[2024-11-01T20:42:14-0700] testing tcp uplink with 54.176.53.206:5101, interval 0.5, duration 120, timeout 121 ...
[2024-11-01T20:44:15-0700] Current time exceeds end time, skipping wait
[2024-11-01T20:44:15-0700] Saved uplink test to /data/data/com.termux/files/home/storage/shared/bos_la_2024_trip/verizon/20241101/204002484/tcp_uplink_204214037.out
[2024-11-01T20:44:15-0700] UL AVG TPUT: 35.6235 Mbps
[2024-11-01T20:44:15-0700] tcp uplink test finished at 2024-11-01 20:44:15.106 PDT, duration: 121.091 s
[2024-11-01T20:44:15-0700] -------------------------------
[2024-11-01T20:44:15-0700] Waiting for 2 s...
[2024-11-01T20:44:17-0700] -------------------------------
[2024-11-01T20:44:17-0700] Starting 5G booster for 5 s...
[2024-11-01T20:44:17-0700] 5G booster started at 2024-11-01 20:44:17.204 PDT
[2024-11-01T20:44:23-0700] Current time exceeds end time, skipping wait
[2024-11-01T20:44:23-0700] Saved TCP DL results to /data/data/com.termux/files/home/storage/shared/bos_la_2024_trip/verizon/20241101/204002484/tcp_downlink_204417233.out
[2024-11-01T20:44:23-0700] DL AVG TPUT: 
[2024-11-01T20:44:23-0700] 5G booster finished at 2024-11-01 20:44:23.339 PDT, duration: 6.135 s
[2024-11-01T20:44:23-0700] -------------------------------
[2024-11-01T20:44:23-0700] Waiting for 2 s...
[2024-11-01T20:44:25-0700] -------------------------------
[2024-11-01T20:44:25-0700] ICMP Ping test started at 2024-11-01 20:44:25.464 PDT
[2024-11-01T20:44:55-0700] Waiting for .873 s to reach end time
[2024-11-01T20:44:56-0700] Saved ping test to /data/data/com.termux/files/home/storage/shared/bos_la_2024_trip/verizon/20241101/204002484/icmp_ping_204425491.out
[2024-11-01T20:44:56-0700] Ping summary (min/avg/max/mdev) = 35.775/55.185/145.799/13.547 ms
[2024-11-01T20:44:56-0700] Ping test finished at 2024-11-01 20:44:56.561 PDT, duration: 31.097 s
[2024-11-01T20:44:56-0700] -------------------------------
[2024-11-01T20:44:56-0700] Waiting for 2 s...
[2024-11-01T20:44:58-0700] -------------------------------
[2024-11-01T20:44:58-0700] Starting 5G booster for 5 s...
[2024-11-01T20:44:58-0700] 5G booster started at 2024-11-01 20:44:58.680 PDT
[2024-11-01T20:45:04-0700] Current time exceeds end time, skipping wait
[2024-11-01T20:45:04-0700] Saved TCP DL results to /data/data/com.termux/files/home/storage/shared/bos_la_2024_trip/verizon/20241101/204002484/tcp_downlink_204458709.out
[2024-11-01T20:45:04-0700] DL AVG TPUT: 
[2024-11-01T20:45:04-0700] 5G booster finished at 2024-11-01 20:45:04.852 PDT, duration: 6.172 s
[2024-11-01T20:45:04-0700] -------------------------------
[2024-11-01T20:45:04-0700] Waiting for 2 s...
[2024-11-01T20:45:06-0700] -------------------------------
[2024-11-01T20:45:06-0700] TCP Ping test started at 2024-11-01 20:45:06.950 PDT
[2024-11-01T20:45:38-0700] Current time exceeds end time, skipping wait
[2024-11-01T20:45:38-0700] Saved TCP Ping test to /data/data/com.termux/files/home/storage/shared/bos_la_2024_trip/verizon/20241101/204002484/tcp_ping_204506976.out
[2024-11-01T20:45:38-0700] TCP Ping summary (min/avg/max/mdev) 
[2024-11-01T20:45:38-0700] TCP Ping test finished at 2024-11-01 20:45:38.064 PDT, duration: 31.114 s
[2024-11-01T20:45:38-0700] -------------------------------
[2024-11-01T20:45:38-0700] Waiting for 2 s...
[2024-11-01T20:45:40-0700] -------------------------------
[2024-11-01T20:45:40-0700] Traceroute test started at 2024-11-01 20:45:40.162 PDT
[2024-11-01T20:45:42-0700] Waiting for 27.591 s to reach end time
[2024-11-01T20:46:10-0700] Saved traceroute test to /data/data/com.termux/files/home/storage/shared/bos_la_2024_trip/verizon/20241101/204002484/traceroute_204540206.out
[2024-11-01T20:46:10-0700] Traceroute summary (min/avg/max/mdev) 
[2024-11-01T20:46:10-0700] Traceroute test finished at 2024-11-01 20:46:10.250 PDT, duration: 30.088 s
[2024-11-01T20:46:10-0700] -------------------------------
[2024-11-01T20:46:10-0700] All tests completed, cleaning up...
[2024-11-01T20:46:10-0700] -------------------------------
[2024-11-01T20:47:16-0700] [measurement] Load environment variables from prod.env file
[2024-11-01T20:47:16-0700] [measurement] Load operator-specific env from verizon.env file
[2024-11-01T20:47:16-0700] Starting a network measurement, please choose a server
[2024-11-01T20:47:16-0700] 0) West Cloud: 54.176.53.206
[2024-11-01T20:47:16-0700] 1) East Cloud: 54.197.223.49
[2024-11-01T20:47:16-0700] 2) Los Angeles Wavelength: 161.188.33.234
[2024-11-01T20:47:16-0700] 3) Las Vegas Wavelength: 155.146.118.158
[2024-11-01T20:47:16-0700] 4) Denver Wavelength: 155.146.144.24
[2024-11-01T20:47:16-0700] 5) Chicago Wavelength: 155.146.180.31
[2024-11-01T20:47:16-0700] 6) Boston Wavelength: 155.146.11.34
[2024-11-01T20:47:28-0700] Enter your choice (0-6): Testing verizon, server 0 (ip: 54.176.53.206, nuttcp_port: 5101, iperf_port: 5001)
[2024-11-01T20:47:28-0700] -------------------------------
[2024-11-01T20:47:28-0700] tcp downlink test started at 2024-11-01 20:47:28.573 PDT
[2024-11-01T20:47:28-0700] Testing tcp downlink with 54.176.53.206:5101, interval 0.5 s, duration 120 s, timeout 121 s...
[2024-11-01T20:49:29-0700] Current time exceeds end time, skipping wait
[2024-11-01T20:49:29-0700] Saved tcp downlink test to /data/data/com.termux/files/home/storage/shared/bos_la_2024_trip/verizon/20241101/204728553/tcp_downlink_204728599.out
[2024-11-01T20:49:29-0700] DL AVG TPUT: 
[2024-11-01T20:49:29-0700] tcp downlink test finished at 2024-11-01 20:49:29.709 PDT, duration: 121.136 s
[2024-11-01T20:49:29-0700] -------------------------------
[2024-11-01T20:49:29-0700] Waiting for 2 s...
[2024-11-01T20:49:31-0700] -------------------------------
[2024-11-01T20:49:31-0700] Starting 5G booster for 5 s...
[2024-11-01T20:49:31-0700] 5G booster started at 2024-11-01 20:49:31.847 PDT
[2024-11-01T20:49:37-0700] Current time exceeds end time, skipping wait
[2024-11-01T20:49:37-0700] Saved TCP DL results to /data/data/com.termux/files/home/storage/shared/bos_la_2024_trip/verizon/20241101/204728553/tcp_downlink_204931874.out
[2024-11-01T20:49:37-0700] DL AVG TPUT: 
[2024-11-01T20:49:38-0700] 5G booster finished at 2024-11-01 20:49:37.967 PDT, duration: 6.120 s
[2024-11-01T20:49:38-0700] -------------------------------
[2024-11-01T20:49:38-0700] Waiting for 2 s...
[2024-11-01T20:49:40-0700] -------------------------------
[2024-11-01T20:49:40-0700] tcp uplink test started at 2024-11-01 20:49:40.064 PDT
[2024-11-01T20:49:40-0700] testing tcp uplink with 54.176.53.206:5101, interval 0.5, duration 120, timeout 121 ...
[2024-11-01T20:51:41-0700] Current time exceeds end time, skipping wait
[2024-11-01T20:51:41-0700] Saved uplink test to /data/data/com.termux/files/home/storage/shared/bos_la_2024_trip/verizon/20241101/204728553/tcp_uplink_204940112.out
[2024-11-01T20:51:41-0700] UL AVG TPUT: 
[2024-11-01T20:51:41-0700] tcp uplink test finished at 2024-11-01 20:51:41.203 PDT, duration: 121.139 s
[2024-11-01T20:51:41-0700] -------------------------------
[2024-11-01T20:51:41-0700] Waiting for 2 s...
[2024-11-01T20:51:43-0700] -------------------------------
[2024-11-01T20:51:43-0700] Starting 5G booster for 5 s...
[2024-11-01T20:51:43-0700] 5G booster started at 2024-11-01 20:51:43.302 PDT
[2024-11-01T20:51:49-0700] Current time exceeds end time, skipping wait
[2024-11-01T20:51:49-0700] Saved TCP DL results to /data/data/com.termux/files/home/storage/shared/bos_la_2024_trip/verizon/20241101/204728553/tcp_downlink_205143329.out
[2024-11-01T20:51:49-0700] DL AVG TPUT: 
[2024-11-01T20:51:49-0700] 5G booster finished at 2024-11-01 20:51:49.420 PDT, duration: 6.118 s
[2024-11-01T20:51:49-0700] -------------------------------
[2024-11-01T20:51:49-0700] Waiting for 2 s...
[2024-11-01T20:51:51-0700] -------------------------------
[2024-11-01T20:51:51-0700] ICMP Ping test started at 2024-11-01 20:51:51.534 PDT
[2024-11-01T20:52:21-0700] Waiting for .866 s to reach end time
[2024-11-01T20:52:22-0700] Saved ping test to /data/data/com.termux/files/home/storage/shared/bos_la_2024_trip/verizon/20241101/204728553/icmp_ping_205151579.out
[2024-11-01T20:52:22-0700] Ping summary (min/avg/max/mdev) = 50.533/197.003/398.326/54.907 ms
[2024-11-01T20:52:22-0700] Ping test finished at 2024-11-01 20:52:22.616 PDT, duration: 31.082 s
[2024-11-01T20:52:22-0700] -------------------------------
[2024-11-01T20:52:22-0700] Waiting for 2 s...
[2024-11-01T20:52:24-0700] -------------------------------
[2024-11-01T20:52:24-0700] Starting 5G booster for 5 s...
[2024-11-01T20:52:24-0700] 5G booster started at 2024-11-01 20:52:24.728 PDT
[2024-11-01T20:52:25-0700] server aborted connection
[2024-11-01T20:52:25-0700] Waiting for 5.545 s to reach end time
[2024-11-01T20:52:30-0700] Saved TCP DL results to /data/data/com.termux/files/home/storage/shared/bos_la_2024_trip/verizon/20241101/204728553/tcp_downlink_205224758.out
[2024-11-01T20:52:30-0700] [CAUTION] EMPTY LOG!
[2024-11-01T20:52:30-0700] 5G booster finished at 2024-11-01 20:52:30.804 PDT, duration: 6.076 s
[2024-11-01T20:52:30-0700] -------------------------------
[2024-11-01T20:52:30-0700] Waiting for 2 s...
[2024-11-01T20:52:32-0700] -------------------------------
[2024-11-01T20:52:32-0700] TCP Ping test started at 2024-11-01 20:52:32.880 PDT
[2024-11-01T20:53:03-0700] Current time exceeds end time, skipping wait
[2024-11-01T20:53:03-0700] Saved TCP Ping test to /data/data/com.termux/files/home/storage/shared/bos_la_2024_trip/verizon/20241101/204728553/tcp_ping_205232907.out
[2024-11-01T20:53:04-0700] TCP Ping summary (min/avg/max/mdev) 
[2024-11-01T20:53:04-0700] TCP Ping test finished at 2024-11-01 20:53:03.996 PDT, duration: 31.116 s
[2024-11-01T20:53:04-0700] -------------------------------
[2024-11-01T20:53:04-0700] Waiting for 2 s...
[2024-11-01T20:53:06-0700] -------------------------------
[2024-11-01T20:53:06-0700] Traceroute test started at 2024-11-01 20:53:06.096 PDT
[2024-11-01T20:53:09-0700] Waiting for 27.117 s to reach end time
[2024-11-01T20:53:36-0700] Saved traceroute test to /data/data/com.termux/files/home/storage/shared/bos_la_2024_trip/verizon/20241101/204728553/traceroute_205306145.out
[2024-11-01T20:53:36-0700] Traceroute summary (min/avg/max/mdev) 
[2024-11-01T20:53:36-0700] Traceroute test finished at 2024-11-01 20:53:36.184 PDT, duration: 30.088 s
[2024-11-01T20:53:36-0700] -------------------------------
[2024-11-01T20:53:36-0700] All tests completed, cleaning up...
[2024-11-01T20:53:36-0700] -------------------------------
[2024-11-01T20:54:59-0700] [measurement] Load environment variables from prod.env file
[2024-11-01T20:54:59-0700] [measurement] Load operator-specific env from verizon.env file
[2024-11-01T20:54:59-0700] Starting a network measurement, please choose a server
[2024-11-01T20:54:59-0700] 0) West Cloud: 54.176.53.206
[2024-11-01T20:54:59-0700] 1) East Cloud: 54.197.223.49
[2024-11-01T20:54:59-0700] 2) Los Angeles Wavelength: 161.188.33.234
[2024-11-01T20:54:59-0700] 3) Las Vegas Wavelength: 155.146.118.158
[2024-11-01T20:54:59-0700] 4) Denver Wavelength: 155.146.144.24
[2024-11-01T20:54:59-0700] 5) Chicago Wavelength: 155.146.180.31
[2024-11-01T20:54:59-0700] 6) Boston Wavelength: 155.146.11.34
[2024-11-01T20:55:07-0700] Enter your choice (0-6): Testing verizon, server 0 (ip: 54.176.53.206, nuttcp_port: 5101, iperf_port: 5001)
[2024-11-01T20:55:07-0700] -------------------------------
[2024-11-01T20:55:07-0700] tcp downlink test started at 2024-11-01 20:55:07.293 PDT
[2024-11-01T20:55:07-0700] Testing tcp downlink with 54.176.53.206:5101, interval 0.5 s, duration 120 s, timeout 121 s...
[2024-11-01T20:55:07-0700] server aborted connection
[2024-11-01T20:55:07-0700] Waiting for 120.480 s to reach end time
[2024-11-01T20:57:08-0700] Saved tcp downlink test to /data/data/com.termux/files/home/storage/shared/bos_la_2024_trip/verizon/20241101/205507271/tcp_downlink_205507318.out
[2024-11-01T20:57:08-0700] [CAUTION] EMPTY LOG!
[2024-11-01T20:57:08-0700] tcp downlink test finished at 2024-11-01 20:57:08.377 PDT, duration: 121.084 s
[2024-11-01T20:57:08-0700] -------------------------------
[2024-11-01T20:57:08-0700] Waiting for 2 s...
[2024-11-01T20:57:10-0700] -------------------------------
[2024-11-01T20:57:10-0700] Starting 5G booster for 5 s...
[2024-11-01T20:57:10-0700] 5G booster started at 2024-11-01 20:57:10.476 PDT
[2024-11-01T20:57:11-0700] server aborted connection
[2024-11-01T20:57:11-0700] Waiting for 5.311 s to reach end time
[2024-11-01T20:57:16-0700] Saved TCP DL results to /data/data/com.termux/files/home/storage/shared/bos_la_2024_trip/verizon/20241101/205507271/tcp_downlink_205710527.out
[2024-11-01T20:57:16-0700] [CAUTION] EMPTY LOG!
[2024-11-01T20:57:16-0700] 5G booster finished at 2024-11-01 20:57:16.566 PDT, duration: 6.090 s
[2024-11-01T20:57:16-0700] -------------------------------
[2024-11-01T20:57:16-0700] Waiting for 2 s...
[2024-11-01T20:57:18-0700] -------------------------------
[2024-11-01T20:57:18-0700] tcp uplink test started at 2024-11-01 20:57:18.668 PDT
[2024-11-01T20:57:18-0700] testing tcp uplink with 54.176.53.206:5101, interval 0.5, duration 120, timeout 121 ...
[2024-11-01T20:57:19-0700] server aborted connection
[2024-11-01T20:57:19-0700] Waiting for 120.469 s to reach end time
[2024-11-01T20:59:19-0700] Saved uplink test to /data/data/com.termux/files/home/storage/shared/bos_la_2024_trip/verizon/20241101/205507271/tcp_uplink_205718724.out
[2024-11-01T20:59:19-0700] [CAUTION] EMPTY LOG!
[2024-11-01T20:59:19-0700] tcp uplink test finished at 2024-11-01 20:59:19.783 PDT, duration: 121.115 s
[2024-11-01T20:59:19-0700] -------------------------------
[2024-11-01T20:59:19-0700] Waiting for 2 s...
[2024-11-01T20:59:21-0700] -------------------------------
[2024-11-01T20:59:21-0700] Starting 5G booster for 5 s...
[2024-11-01T20:59:21-0700] 5G booster started at 2024-11-01 20:59:21.921 PDT
[2024-11-01T20:59:22-0700] server aborted connection
[2024-11-01T20:59:22-0700] Waiting for 5.308 s to reach end time
[2024-11-01T20:59:27-0700] Saved TCP DL results to /data/data/com.termux/files/home/storage/shared/bos_la_2024_trip/verizon/20241101/205507271/tcp_downlink_205921971.out
[2024-11-01T20:59:28-0700] [CAUTION] EMPTY LOG!
[2024-11-01T20:59:28-0700] 5G booster finished at 2024-11-01 20:59:27.991 PDT, duration: 6.070 s
[2024-11-01T20:59:28-0700] -------------------------------
[2024-11-01T20:59:28-0700] Waiting for 2 s...
[2024-11-01T20:59:30-0700] -------------------------------
[2024-11-01T20:59:30-0700] ICMP Ping test started at 2024-11-01 20:59:30.072 PDT
[2024-11-01T21:00:00-0700] Waiting for .906 s to reach end time
[2024-11-01T21:00:01-0700] Saved ping test to /data/data/com.termux/files/home/storage/shared/bos_la_2024_trip/verizon/20241101/205507271/icmp_ping_205930095.out
[2024-11-01T21:00:01-0700] Ping summary (min/avg/max/mdev) = 41.208/88.830/261.422/58.238 ms
[2024-11-01T21:00:01-0700] Ping test finished at 2024-11-01 21:00:01.159 PDT, duration: 31.087 s
[2024-11-01T21:00:01-0700] -------------------------------
[2024-11-01T21:00:01-0700] Waiting for 2 s...
[2024-11-01T21:00:03-0700] -------------------------------
[2024-11-01T21:00:03-0700] Starting 5G booster for 5 s...
[2024-11-01T21:00:03-0700] 5G booster started at 2024-11-01 21:00:03.289 PDT
[2024-11-01T21:00:03-0700] server aborted connection
[2024-11-01T21:00:03-0700] Waiting for 5.762 s to reach end time
[2024-11-01T21:00:09-0700] Saved TCP DL results to /data/data/com.termux/files/home/storage/shared/bos_la_2024_trip/verizon/20241101/205507271/tcp_downlink_210003321.out
[2024-11-01T21:00:09-0700] [CAUTION] EMPTY LOG!
[2024-11-01T21:00:09-0700] 5G booster finished at 2024-11-01 21:00:09.391 PDT, duration: 6.102 s
[2024-11-01T21:00:09-0700] -------------------------------
[2024-11-01T21:00:09-0700] Waiting for 2 s...
[2024-11-01T21:00:11-0700] -------------------------------
[2024-11-01T21:00:11-0700] TCP Ping test started at 2024-11-01 21:00:11.498 PDT
[2024-11-01T21:00:42-0700] Current time exceeds end time, skipping wait
[2024-11-01T21:00:42-0700] Saved TCP Ping test to /data/data/com.termux/files/home/storage/shared/bos_la_2024_trip/verizon/20241101/205507271/tcp_ping_210011533.out
[2024-11-01T21:00:42-0700] TCP Ping summary (min/avg/max/mdev) 
[2024-11-01T21:00:42-0700] TCP Ping test finished at 2024-11-01 21:00:42.620 PDT, duration: 31.122 s
[2024-11-01T21:00:42-0700] -------------------------------
[2024-11-01T21:00:42-0700] Waiting for 2 s...
[2024-11-01T21:00:44-0700] -------------------------------
[2024-11-01T21:00:44-0700] Traceroute test started at 2024-11-01 21:00:44.707 PDT
[2024-11-01T21:00:47-0700] Waiting for 27.683 s to reach end time
[2024-11-01T21:01:14-0700] Saved traceroute test to /data/data/com.termux/files/home/storage/shared/bos_la_2024_trip/verizon/20241101/205507271/traceroute_210044746.out
[2024-11-01T21:01:14-0700] Traceroute summary (min/avg/max/mdev) 
[2024-11-01T21:01:14-0700] Traceroute test finished at 2024-11-01 21:01:14.823 PDT, duration: 30.116 s
[2024-11-01T21:01:14-0700] -------------------------------
[2024-11-01T21:01:14-0700] All tests completed, cleaning up...
[2024-11-01T21:01:14-0700] -------------------------------
[2024-11-01T21:02:14-0700] [measurement] Load environment variables from prod.env file
[2024-11-01T21:02:14-0700] [measurement] Load operator-specific env from verizon.env file
[2024-11-01T21:02:14-0700] Starting a network measurement, please choose a server
[2024-11-01T21:02:14-0700] 0) West Cloud: 54.176.53.206
[2024-11-01T21:02:14-0700] 1) East Cloud: 54.197.223.49
[2024-11-01T21:02:14-0700] 2) Los Angeles Wavelength: 161.188.33.234
[2024-11-01T21:02:14-0700] 3) Las Vegas Wavelength: 155.146.118.158
[2024-11-01T21:02:14-0700] 4) Denver Wavelength: 155.146.144.24
[2024-11-01T21:02:14-0700] 5) Chicago Wavelength: 155.146.180.31
[2024-11-01T21:02:14-0700] 6) Boston Wavelength: 155.146.11.34
[2024-11-01T21:02:20-0700] Enter your choice (0-6): Testing verizon, server 0 (ip: 54.176.53.206, nuttcp_port: 5101, iperf_port: 5001)
[2024-11-01T21:02:20-0700] -------------------------------
[2024-11-01T21:02:20-0700] tcp downlink test started at 2024-11-01 21:02:20.813 PDT
[2024-11-01T21:02:20-0700] Testing tcp downlink with 54.176.53.206:5101, interval 0.5 s, duration 120 s, timeout 121 s...
[2024-11-01T21:04:21-0700] Current time exceeds end time, skipping wait
[2024-11-01T21:04:21-0700] Saved tcp downlink test to /data/data/com.termux/files/home/storage/shared/bos_la_2024_trip/verizon/20241101/210220797/tcp_downlink_210220837.out
[2024-11-01T21:04:21-0700] DL AVG TPUT: 
[2024-11-01T21:04:21-0700] tcp downlink test finished at 2024-11-01 21:04:21.909 PDT, duration: 121.096 s
[2024-11-01T21:04:21-0700] -------------------------------
[2024-11-01T21:04:21-0700] Waiting for 2 s...
[2024-11-01T21:04:23-0700] -------------------------------
[2024-11-01T21:04:23-0700] Starting 5G booster for 5 s...
[2024-11-01T21:04:24-0700] 5G booster started at 2024-11-01 21:04:24.007 PDT
[2024-11-01T21:04:24-0700] server aborted connection
[2024-11-01T21:04:24-0700] Waiting for 5.788 s to reach end time
[2024-11-01T21:04:30-0700] Saved TCP DL results to /data/data/com.termux/files/home/storage/shared/bos_la_2024_trip/verizon/20241101/210220797/tcp_downlink_210424041.out
[2024-11-01T21:04:30-0700] [CAUTION] EMPTY LOG!
[2024-11-01T21:04:30-0700] 5G booster finished at 2024-11-01 21:04:30.079 PDT, duration: 6.072 s
[2024-11-01T21:04:30-0700] -------------------------------
[2024-11-01T21:04:30-0700] Waiting for 2 s...
[2024-11-01T21:04:32-0700] -------------------------------
[2024-11-01T21:04:32-0700] tcp uplink test started at 2024-11-01 21:04:32.185 PDT
[2024-11-01T21:04:32-0700] testing tcp uplink with 54.176.53.206:5101, interval 0.5, duration 120, timeout 121 ...
[2024-11-01T21:06:33-0700] Current time exceeds end time, skipping wait
[2024-11-01T21:06:33-0700] Saved uplink test to /data/data/com.termux/files/home/storage/shared/bos_la_2024_trip/verizon/20241101/210220797/tcp_uplink_210432212.out
[2024-11-01T21:06:33-0700] UL AVG TPUT: 91.7050 Mbps
[2024-11-01T21:06:33-0700] tcp uplink test finished at 2024-11-01 21:06:33.224 PDT, duration: 121.039 s
[2024-11-01T21:06:33-0700] -------------------------------
[2024-11-01T21:06:33-0700] Waiting for 2 s...
[2024-11-01T21:06:35-0700] -------------------------------
[2024-11-01T21:06:35-0700] Starting 5G booster for 5 s...
[2024-11-01T21:06:35-0700] 5G booster started at 2024-11-01 21:06:35.354 PDT
[2024-11-01T21:06:35-0700] server aborted connection
[2024-11-01T21:06:35-0700] Waiting for 5.785 s to reach end time
[2024-11-01T21:06:41-0700] Saved TCP DL results to /data/data/com.termux/files/home/storage/shared/bos_la_2024_trip/verizon/20241101/210220797/tcp_downlink_210635381.out
[2024-11-01T21:06:41-0700] [CAUTION] EMPTY LOG!
[2024-11-01T21:06:41-0700] 5G booster finished at 2024-11-01 21:06:41.456 PDT, duration: 6.102 s
[2024-11-01T21:06:41-0700] -------------------------------
[2024-11-01T21:06:41-0700] Waiting for 2 s...
[2024-11-01T21:06:43-0700] -------------------------------
[2024-11-01T21:06:43-0700] ICMP Ping test started at 2024-11-01 21:06:43.553 PDT
[2024-11-01T21:07:13-0700] Waiting for .908 s to reach end time
[2024-11-01T21:07:14-0700] Saved ping test to /data/data/com.termux/files/home/storage/shared/bos_la_2024_trip/verizon/20241101/210220797/icmp_ping_210643578.out
[2024-11-01T21:07:14-0700] Ping summary (min/avg/max/mdev) = 44.465/59.609/86.299/6.699 ms
[2024-11-01T21:07:14-0700] Ping test finished at 2024-11-01 21:07:14.627 PDT, duration: 31.074 s
[2024-11-01T21:07:14-0700] -------------------------------
[2024-11-01T21:07:14-0700] Waiting for 2 s...
[2024-11-01T21:07:16-0700] -------------------------------
[2024-11-01T21:07:16-0700] Starting 5G booster for 5 s...
[2024-11-01T21:07:16-0700] 5G booster started at 2024-11-01 21:07:16.739 PDT
[2024-11-01T21:07:22-0700] Current time exceeds end time, skipping wait
[2024-11-01T21:07:22-0700] Saved TCP DL results to /data/data/com.termux/files/home/storage/shared/bos_la_2024_trip/verizon/20241101/210220797/tcp_downlink_210716769.out
[2024-11-01T21:07:22-0700] DL AVG TPUT: 
[2024-11-01T21:07:22-0700] 5G booster finished at 2024-11-01 21:07:22.830 PDT, duration: 6.091 s
[2024-11-01T21:07:22-0700] -------------------------------
[2024-11-01T21:07:22-0700] Waiting for 2 s...
[2024-11-01T21:07:24-0700] -------------------------------
[2024-11-01T21:07:24-0700] TCP Ping test started at 2024-11-01 21:07:24.929 PDT
[2024-11-01T21:07:56-0700] Current time exceeds end time, skipping wait
[2024-11-01T21:07:56-0700] Saved TCP Ping test to /data/data/com.termux/files/home/storage/shared/bos_la_2024_trip/verizon/20241101/210220797/tcp_ping_210724957.out
[2024-11-01T21:07:56-0700] TCP Ping summary (min/avg/max/mdev) 
[2024-11-01T21:07:56-0700] TCP Ping test finished at 2024-11-01 21:07:56.046 PDT, duration: 31.117 s
[2024-11-01T21:07:56-0700] -------------------------------
[2024-11-01T21:07:56-0700] Waiting for 2 s...
[2024-11-01T21:07:58-0700] -------------------------------
[2024-11-01T21:07:58-0700] Traceroute test started at 2024-11-01 21:07:58.155 PDT
[2024-11-01T21:07:59-0700] Waiting for 28.349 s to reach end time
[2024-11-01T21:08:28-0700] Saved traceroute test to /data/data/com.termux/files/home/storage/shared/bos_la_2024_trip/verizon/20241101/210220797/traceroute_210758178.out
[2024-11-01T21:08:28-0700] Traceroute summary (min/avg/max/mdev) 
[2024-11-01T21:08:28-0700] Traceroute test finished at 2024-11-01 21:08:28.246 PDT, duration: 30.091 s
[2024-11-01T21:08:28-0700] -------------------------------
[2024-11-01T21:08:28-0700] All tests completed, cleaning up...
[2024-11-01T21:08:28-0700] -------------------------------
[2024-11-01T21:10:12-0700] [measurement] Load environment variables from prod.env file
[2024-11-01T21:10:12-0700] [measurement] Load operator-specific env from verizon.env file
[2024-11-01T21:10:12-0700] Starting a network measurement, please choose a server
[2024-11-01T21:10:12-0700] 0) West Cloud: 54.176.53.206
[2024-11-01T21:10:12-0700] 1) East Cloud: 54.197.223.49
[2024-11-01T21:10:12-0700] 2) Los Angeles Wavelength: 161.188.33.234
[2024-11-01T21:10:12-0700] 3) Las Vegas Wavelength: 155.146.118.158
[2024-11-01T21:10:12-0700] 4) Denver Wavelength: 155.146.144.24
[2024-11-01T21:10:12-0700] 5) Chicago Wavelength: 155.146.180.31
[2024-11-01T21:10:12-0700] 6) Boston Wavelength: 155.146.11.34
[2024-11-01T21:10:26-0700] Enter your choice (0-6): Testing verizon, server 0 (ip: 54.176.53.206, nuttcp_port: 5101, iperf_port: 5001)
[2024-11-01T21:10:26-0700] -------------------------------
[2024-11-01T21:10:26-0700] tcp downlink test started at 2024-11-01 21:10:26.190 PDT
[2024-11-01T21:10:26-0700] Testing tcp downlink with 54.176.53.206:5101, interval 0.5 s, duration 120 s, timeout 121 s...
[2024-11-01T21:12:27-0700] Current time exceeds end time, skipping wait
[2024-11-01T21:12:27-0700] Saved tcp downlink test to /data/data/com.termux/files/home/storage/shared/bos_la_2024_trip/verizon/20241101/211026156/tcp_downlink_211026232.out
[2024-11-01T21:12:27-0700] DL AVG TPUT: 
[2024-11-01T21:12:27-0700] tcp downlink test finished at 2024-11-01 21:12:27.350 PDT, duration: 121.160 s
[2024-11-01T21:12:27-0700] -------------------------------
[2024-11-01T21:12:27-0700] Waiting for 2 s...
[2024-11-01T21:12:29-0700] -------------------------------
[2024-11-01T21:12:29-0700] Starting 5G booster for 5 s...
[2024-11-01T21:12:29-0700] 5G booster started at 2024-11-01 21:12:29.456 PDT
[2024-11-01T21:12:35-0700] Current time exceeds end time, skipping wait
[2024-11-01T21:12:35-0700] Saved TCP DL results to /data/data/com.termux/files/home/storage/shared/bos_la_2024_trip/verizon/20241101/211026156/tcp_downlink_211229478.out
[2024-11-01T21:12:35-0700] DL AVG TPUT: 
[2024-11-01T21:12:35-0700] 5G booster finished at 2024-11-01 21:12:35.556 PDT, duration: 6.100 s
[2024-11-01T21:12:35-0700] -------------------------------
[2024-11-01T21:12:35-0700] Waiting for 2 s...
[2024-11-01T21:12:37-0700] -------------------------------
[2024-11-01T21:12:37-0700] tcp uplink test started at 2024-11-01 21:12:37.662 PDT
[2024-11-01T21:12:37-0700] testing tcp uplink with 54.176.53.206:5101, interval 0.5, duration 120, timeout 121 ...
[2024-11-01T21:12:37-0700] server aborted connection
[2024-11-01T21:12:37-0700] Waiting for 120.765 s to reach end time
[2024-11-01T21:14:38-0700] Saved uplink test to /data/data/com.termux/files/home/storage/shared/bos_la_2024_trip/verizon/20241101/211026156/tcp_uplink_211237691.out
[2024-11-01T21:14:38-0700] [CAUTION] EMPTY LOG!
[2024-11-01T21:14:38-0700] tcp uplink test finished at 2024-11-01 21:14:38.752 PDT, duration: 121.090 s
[2024-11-01T21:14:38-0700] -------------------------------
[2024-11-01T21:14:38-0700] Waiting for 2 s...
[2024-11-01T21:14:40-0700] -------------------------------
[2024-11-01T21:14:40-0700] Starting 5G booster for 5 s...
[2024-11-01T21:14:40-0700] 5G booster started at 2024-11-01 21:14:40.855 PDT
[2024-11-01T21:14:46-0700] Current time exceeds end time, skipping wait
[2024-11-01T21:14:47-0700] Saved TCP DL results to /data/data/com.termux/files/home/storage/shared/bos_la_2024_trip/verizon/20241101/211026156/tcp_downlink_211440905.out
[2024-11-01T21:14:47-0700] DL AVG TPUT: 
[2024-11-01T21:14:47-0700] 5G booster finished at 2024-11-01 21:14:46.998 PDT, duration: 6.143 s
[2024-11-01T21:14:47-0700] -------------------------------
[2024-11-01T21:14:47-0700] Waiting for 2 s...
[2024-11-01T21:14:49-0700] -------------------------------
[2024-11-01T21:14:49-0700] ICMP Ping test started at 2024-11-01 21:14:49.106 PDT
[2024-11-01T21:15:19-0700] Waiting for .869 s to reach end time
[2024-11-01T21:15:20-0700] Saved ping test to /data/data/com.termux/files/home/storage/shared/bos_la_2024_trip/verizon/20241101/211026156/icmp_ping_211449135.out
[2024-11-01T21:15:20-0700] Ping summary (min/avg/max/mdev) = 43.565/72.645/753.333/76.040 ms
[2024-11-01T21:15:20-0700] Ping test finished at 2024-11-01 21:15:20.206 PDT, duration: 31.100 s
[2024-11-01T21:15:20-0700] -------------------------------
[2024-11-01T21:15:20-0700] Waiting for 2 s...
[2024-11-01T21:15:22-0700] -------------------------------
[2024-11-01T21:15:22-0700] Starting 5G booster for 5 s...
[2024-11-01T21:15:22-0700] 5G booster started at 2024-11-01 21:15:22.319 PDT
[2024-11-01T21:15:28-0700] Current time exceeds end time, skipping wait
[2024-11-01T21:15:28-0700] Saved TCP DL results to /data/data/com.termux/files/home/storage/shared/bos_la_2024_trip/verizon/20241101/211026156/tcp_downlink_211522347.out
[2024-11-01T21:15:28-0700] DL AVG TPUT: 
[2024-11-01T21:15:28-0700] 5G booster finished at 2024-11-01 21:15:28.482 PDT, duration: 6.163 s
[2024-11-01T21:15:28-0700] -------------------------------
[2024-11-01T21:15:28-0700] Waiting for 2 s...
[2024-11-01T21:15:30-0700] -------------------------------
[2024-11-01T21:15:30-0700] TCP Ping test started at 2024-11-01 21:15:30.593 PDT
[2024-11-01T21:16:01-0700] Current time exceeds end time, skipping wait
[2024-11-01T21:16:01-0700] Saved TCP Ping test to /data/data/com.termux/files/home/storage/shared/bos_la_2024_trip/verizon/20241101/211026156/tcp_ping_211530625.out
[2024-11-01T21:16:01-0700] TCP Ping summary (min/avg/max/mdev) 
[2024-11-01T21:16:01-0700] TCP Ping test finished at 2024-11-01 21:16:01.767 PDT, duration: 31.174 s
[2024-11-01T21:16:01-0700] -------------------------------
[2024-11-01T21:16:01-0700] Waiting for 2 s...
[2024-11-01T21:16:03-0700] -------------------------------
[2024-11-01T21:16:03-0700] Traceroute test started at 2024-11-01 21:16:03.902 PDT
[2024-11-01T21:16:06-0700] Waiting for 27.375 s to reach end time
[2024-11-01T21:16:33-0700] Saved traceroute test to /data/data/com.termux/files/home/storage/shared/bos_la_2024_trip/verizon/20241101/211026156/traceroute_211603929.out
[2024-11-01T21:16:33-0700] Traceroute summary (min/avg/max/mdev) 
[2024-11-01T21:16:34-0700] Traceroute test finished at 2024-11-01 21:16:33.982 PDT, duration: 30.080 s
[2024-11-01T21:16:34-0700] -------------------------------
[2024-11-01T21:16:34-0700] All tests completed, cleaning up...
[2024-11-01T21:16:34-0700] -------------------------------
[2024-11-01T21:17:29-0700] [measurement] Load environment variables from prod.env file
[2024-11-01T21:17:29-0700] [measurement] Load operator-specific env from verizon.env file
[2024-11-01T21:17:29-0700] Starting a network measurement, please choose a server
[2024-11-01T21:17:29-0700] 0) West Cloud: 54.176.53.206
[2024-11-01T21:17:29-0700] 1) East Cloud: 54.197.223.49
[2024-11-01T21:17:29-0700] 2) Los Angeles Wavelength: 161.188.33.234
[2024-11-01T21:17:29-0700] 3) Las Vegas Wavelength: 155.146.118.158
[2024-11-01T21:17:29-0700] 4) Denver Wavelength: 155.146.144.24
[2024-11-01T21:17:29-0700] 5) Chicago Wavelength: 155.146.180.31
[2024-11-01T21:17:29-0700] 6) Boston Wavelength: 155.146.11.34
[2024-11-01T21:18:03-0700] Enter your choice (0-6): Testing verizon, server 0 (ip: 54.176.53.206, nuttcp_port: 5101, iperf_port: 5001)
[2024-11-01T21:18:03-0700] -------------------------------
[2024-11-01T21:18:03-0700] tcp downlink test started at 2024-11-01 21:18:03.116 PDT
[2024-11-01T21:18:03-0700] Testing tcp downlink with 54.176.53.206:5101, interval 0.5 s, duration 120 s, timeout 121 s...
[2024-11-01T21:18:03-0700] server aborted connection
[2024-11-01T21:18:03-0700] Waiting for 120.759 s to reach end time
[2024-11-01T21:20:04-0700] Saved tcp downlink test to /data/data/com.termux/files/home/storage/shared/bos_la_2024_trip/verizon/20241101/211803091/tcp_downlink_211803142.out
[2024-11-01T21:20:04-0700] [CAUTION] EMPTY LOG!
[2024-11-01T21:20:04-0700] tcp downlink test finished at 2024-11-01 21:20:04.198 PDT, duration: 121.082 s
[2024-11-01T21:20:04-0700] -------------------------------
[2024-11-01T21:20:04-0700] Waiting for 2 s...
[2024-11-01T21:20:06-0700] -------------------------------
[2024-11-01T21:20:06-0700] Starting 5G booster for 5 s...
[2024-11-01T21:20:06-0700] 5G booster started at 2024-11-01 21:20:06.311 PDT
[2024-11-01T21:20:12-0700] Current time exceeds end time, skipping wait
[2024-11-01T21:20:12-0700] Saved TCP DL results to /data/data/com.termux/files/home/storage/shared/bos_la_2024_trip/verizon/20241101/211803091/tcp_downlink_212006339.out
[2024-11-01T21:20:12-0700] DL AVG TPUT: 
[2024-11-01T21:20:12-0700] 5G booster finished at 2024-11-01 21:20:12.433 PDT, duration: 6.122 s
[2024-11-01T21:20:12-0700] -------------------------------
[2024-11-01T21:20:12-0700] Waiting for 2 s...
[2024-11-01T21:20:14-0700] -------------------------------
[2024-11-01T21:20:14-0700] tcp uplink test started at 2024-11-01 21:20:14.546 PDT
[2024-11-01T21:20:14-0700] testing tcp uplink with 54.176.53.206:5101, interval 0.5, duration 120, timeout 121 ...
[2024-11-01T21:22:15-0700] Current time exceeds end time, skipping wait
[2024-11-01T21:22:15-0700] Saved uplink test to /data/data/com.termux/files/home/storage/shared/bos_la_2024_trip/verizon/20241101/211803091/tcp_uplink_212014575.out
[2024-11-01T21:22:15-0700] UL AVG TPUT: 
[2024-11-01T21:22:15-0700] tcp uplink test finished at 2024-11-01 21:22:15.646 PDT, duration: 121.100 s
[2024-11-01T21:22:15-0700] -------------------------------
[2024-11-01T21:22:15-0700] Waiting for 2 s...
[2024-11-01T21:22:17-0700] -------------------------------
[2024-11-01T21:22:17-0700] Starting 5G booster for 5 s...
[2024-11-01T21:22:17-0700] 5G booster started at 2024-11-01 21:22:17.767 PDT
[2024-11-01T21:22:18-0700] server aborted connection
[2024-11-01T21:22:18-0700] Waiting for 5.610 s to reach end time
[2024-11-01T21:22:23-0700] Saved TCP DL results to /data/data/com.termux/files/home/storage/shared/bos_la_2024_trip/verizon/20241101/211803091/tcp_downlink_212217793.out
[2024-11-01T21:22:23-0700] [CAUTION] EMPTY LOG!
[2024-11-01T21:22:23-0700] 5G booster finished at 2024-11-01 21:22:23.876 PDT, duration: 6.109 s
[2024-11-01T21:22:23-0700] -------------------------------
[2024-11-01T21:22:23-0700] Waiting for 2 s...
[2024-11-01T21:22:25-0700] -------------------------------
[2024-11-01T21:22:26-0700] ICMP Ping test started at 2024-11-01 21:22:25.968 PDT
[2024-11-01T21:22:56-0700] Waiting for .883 s to reach end time
[2024-11-01T21:22:57-0700] Saved ping test to /data/data/com.termux/files/home/storage/shared/bos_la_2024_trip/verizon/20241101/211803091/icmp_ping_212226012.out
[2024-11-01T21:22:57-0700] Ping summary (min/avg/max/mdev) = 112.722/151.306/213.016/15.906 ms
[2024-11-01T21:22:57-0700] Ping test finished at 2024-11-01 21:22:57.033 PDT, duration: 31.065 s
[2024-11-01T21:22:57-0700] -------------------------------
[2024-11-01T21:22:57-0700] Waiting for 2 s...
[2024-11-01T21:22:59-0700] -------------------------------
[2024-11-01T21:22:59-0700] Starting 5G booster for 5 s...
[2024-11-01T21:22:59-0700] 5G booster started at 2024-11-01 21:22:59.184 PDT
[2024-11-01T21:22:59-0700] server aborted connection
[2024-11-01T21:22:59-0700] Waiting for 5.608 s to reach end time
[2024-11-01T21:23:05-0700] Saved TCP DL results to /data/data/com.termux/files/home/storage/shared/bos_la_2024_trip/verizon/20241101/211803091/tcp_downlink_212259232.out
[2024-11-01T21:23:05-0700] [CAUTION] EMPTY LOG!
[2024-11-01T21:23:05-0700] 5G booster finished at 2024-11-01 21:23:05.256 PDT, duration: 6.072 s
[2024-11-01T21:23:05-0700] -------------------------------
[2024-11-01T21:23:05-0700] Waiting for 2 s...
[2024-11-01T21:23:07-0700] -------------------------------
[2024-11-01T21:23:07-0700] TCP Ping test started at 2024-11-01 21:23:07.337 PDT
[2024-11-01T21:23:38-0700] Current time exceeds end time, skipping wait
[2024-11-01T21:23:38-0700] Saved TCP Ping test to /data/data/com.termux/files/home/storage/shared/bos_la_2024_trip/verizon/20241101/211803091/tcp_ping_212307366.out
[2024-11-01T21:23:38-0700] TCP Ping summary (min/avg/max/mdev) 
[2024-11-01T21:23:38-0700] TCP Ping test finished at 2024-11-01 21:23:38.504 PDT, duration: 31.167 s
[2024-11-01T21:23:38-0700] -------------------------------
[2024-11-01T21:23:38-0700] Waiting for 2 s...
[2024-11-01T21:23:40-0700] -------------------------------
[2024-11-01T21:23:40-0700] Traceroute test started at 2024-11-01 21:23:40.632 PDT
[2024-11-01T21:23:46-0700] Waiting for 24.497 s to reach end time
[2024-11-01T21:24:10-0700] Saved traceroute test to /data/data/com.termux/files/home/storage/shared/bos_la_2024_trip/verizon/20241101/211803091/traceroute_212340661.out
[2024-11-01T21:24:10-0700] Traceroute summary (min/avg/max/mdev) 
[2024-11-01T21:24:10-0700] Traceroute test finished at 2024-11-01 21:24:10.713 PDT, duration: 30.081 s
[2024-11-01T21:24:10-0700] -------------------------------
[2024-11-01T21:24:10-0700] All tests completed, cleaning up...
[2024-11-01T21:24:10-0700] -------------------------------
[2024-11-01T21:24:50-0700] [measurement] Load environment variables from prod.env file
[2024-11-01T21:24:50-0700] [measurement] Load operator-specific env from verizon.env file
[2024-11-01T21:24:50-0700] Starting a network measurement, please choose a server
[2024-11-01T21:24:50-0700] 0) West Cloud: 54.176.53.206
[2024-11-01T21:24:50-0700] 1) East Cloud: 54.197.223.49
[2024-11-01T21:24:50-0700] 2) Los Angeles Wavelength: 161.188.33.234
[2024-11-01T21:24:50-0700] 3) Las Vegas Wavelength: 155.146.118.158
[2024-11-01T21:24:50-0700] 4) Denver Wavelength: 155.146.144.24
[2024-11-01T21:24:50-0700] 5) Chicago Wavelength: 155.146.180.31
[2024-11-01T21:24:50-0700] 6) Boston Wavelength: 155.146.11.34
[2024-11-01T21:25:20-0700] Enter your choice (0-6): Testing verizon, server 0 (ip: 54.176.53.206, nuttcp_port: 5101, iperf_port: 5001)
[2024-11-01T21:25:20-0700] -------------------------------
[2024-11-01T21:25:20-0700] tcp downlink test started at 2024-11-01 21:25:20.838 PDT
[2024-11-01T21:25:20-0700] Testing tcp downlink with 54.176.53.206:5101, interval 0.5 s, duration 120 s, timeout 121 s...
[2024-11-01T21:25:21-0700] server aborted connection
[2024-11-01T21:25:21-0700] Waiting for 120.659 s to reach end time
[2024-11-01T21:27:21-0700] Saved tcp downlink test to /data/data/com.termux/files/home/storage/shared/bos_la_2024_trip/verizon/20241101/212520815/tcp_downlink_212520863.out
[2024-11-01T21:27:21-0700] [CAUTION] EMPTY LOG!
[2024-11-01T21:27:21-0700] tcp downlink test finished at 2024-11-01 21:27:21.922 PDT, duration: 121.084 s
[2024-11-01T21:27:21-0700] -------------------------------
[2024-11-01T21:27:21-0700] Waiting for 2 s...
[2024-11-01T21:27:23-0700] -------------------------------
[2024-11-01T21:27:23-0700] Starting 5G booster for 5 s...
[2024-11-01T21:27:24-0700] 5G booster started at 2024-11-01 21:27:24.009 PDT
[2024-11-01T21:27:24-0700] server aborted connection
[2024-11-01T21:27:24-0700] Waiting for 5.428 s to reach end time
[2024-11-01T21:27:30-0700] Saved TCP DL results to /data/data/com.termux/files/home/storage/shared/bos_la_2024_trip/verizon/20241101/212520815/tcp_downlink_212724055.out
[2024-11-01T21:27:30-0700] [CAUTION] EMPTY LOG!
[2024-11-01T21:27:30-0700] 5G booster finished at 2024-11-01 21:27:30.094 PDT, duration: 6.085 s
[2024-11-01T21:27:30-0700] -------------------------------
[2024-11-01T21:27:30-0700] Waiting for 2 s...
[2024-11-01T21:27:32-0700] -------------------------------
[2024-11-01T21:27:32-0700] tcp uplink test started at 2024-11-01 21:27:32.259 PDT
[2024-11-01T21:27:32-0700] testing tcp uplink with 54.176.53.206:5101, interval 0.5, duration 120, timeout 121 ...
[2024-11-01T21:29:33-0700] Current time exceeds end time, skipping wait
[2024-11-01T21:29:33-0700] Saved uplink test to /data/data/com.termux/files/home/storage/shared/bos_la_2024_trip/verizon/20241101/212520815/tcp_uplink_212732287.out
[2024-11-01T21:29:33-0700] UL AVG TPUT: 
[2024-11-01T21:29:33-0700] tcp uplink test finished at 2024-11-01 21:29:33.392 PDT, duration: 121.133 s
[2024-11-01T21:29:33-0700] -------------------------------
[2024-11-01T21:29:33-0700] Waiting for 2 s...
[2024-11-01T21:29:35-0700] -------------------------------
[2024-11-01T21:29:35-0700] Starting 5G booster for 5 s...
[2024-11-01T21:29:35-0700] 5G booster started at 2024-11-01 21:29:35.511 PDT
[2024-11-01T21:29:41-0700] Current time exceeds end time, skipping wait
[2024-11-01T21:29:41-0700] Saved TCP DL results to /data/data/com.termux/files/home/storage/shared/bos_la_2024_trip/verizon/20241101/212520815/tcp_downlink_212935539.out
[2024-11-01T21:29:41-0700] DL AVG TPUT: 
[2024-11-01T21:29:41-0700] 5G booster finished at 2024-11-01 21:29:41.658 PDT, duration: 6.147 s
[2024-11-01T21:29:41-0700] -------------------------------
[2024-11-01T21:29:41-0700] Waiting for 2 s...
[2024-11-01T21:29:43-0700] -------------------------------
[2024-11-01T21:29:43-0700] ICMP Ping test started at 2024-11-01 21:29:43.770 PDT
[2024-11-01T21:30:13-0700] Waiting for .891 s to reach end time
[2024-11-01T21:30:14-0700] Saved ping test to /data/data/com.termux/files/home/storage/shared/bos_la_2024_trip/verizon/20241101/212520815/icmp_ping_212943797.out
[2024-11-01T21:30:14-0700] Ping summary (min/avg/max/mdev) = 50.279/57.216/72.933/4.074 ms
[2024-11-01T21:30:14-0700] Ping test finished at 2024-11-01 21:30:14.846 PDT, duration: 31.076 s
[2024-11-01T21:30:14-0700] -------------------------------
[2024-11-01T21:30:14-0700] Waiting for 2 s...
[2024-11-01T21:30:16-0700] -------------------------------
[2024-11-01T21:30:16-0700] Starting 5G booster for 5 s...
[2024-11-01T21:30:16-0700] 5G booster started at 2024-11-01 21:30:16.960 PDT
[2024-11-01T21:30:23-0700] Current time exceeds end time, skipping wait
[2024-11-01T21:30:23-0700] Saved TCP DL results to /data/data/com.termux/files/home/storage/shared/bos_la_2024_trip/verizon/20241101/212520815/tcp_downlink_213017005.out
[2024-11-01T21:30:23-0700] DL AVG TPUT: 
[2024-11-01T21:30:23-0700] 5G booster finished at 2024-11-01 21:30:23.098 PDT, duration: 6.138 s
[2024-11-01T21:30:23-0700] -------------------------------
[2024-11-01T21:30:23-0700] Waiting for 2 s...
[2024-11-01T21:30:25-0700] -------------------------------
[2024-11-01T21:30:25-0700] TCP Ping test started at 2024-11-01 21:30:25.212 PDT
[2024-11-01T21:30:56-0700] Current time exceeds end time, skipping wait
[2024-11-01T21:30:56-0700] Saved TCP Ping test to /data/data/com.termux/files/home/storage/shared/bos_la_2024_trip/verizon/20241101/212520815/tcp_ping_213025264.out
[2024-11-01T21:30:56-0700] TCP Ping summary (min/avg/max/mdev) 
[2024-11-01T21:30:56-0700] TCP Ping test finished at 2024-11-01 21:30:56.384 PDT, duration: 31.172 s
[2024-11-01T21:30:56-0700] -------------------------------
[2024-11-01T21:30:56-0700] Waiting for 2 s...
[2024-11-01T21:30:58-0700] -------------------------------
[2024-11-01T21:30:58-0700] Traceroute test started at 2024-11-01 21:30:58.518 PDT
[2024-11-01T21:31:00-0700] Waiting for 28.062 s to reach end time
[2024-11-01T21:31:28-0700] Saved traceroute test to /data/data/com.termux/files/home/storage/shared/bos_la_2024_trip/verizon/20241101/212520815/traceroute_213058551.out
[2024-11-01T21:31:28-0700] Traceroute summary (min/avg/max/mdev) 
[2024-11-01T21:31:28-0700] Traceroute test finished at 2024-11-01 21:31:28.617 PDT, duration: 30.099 s
[2024-11-01T21:31:28-0700] -------------------------------
[2024-11-01T21:31:28-0700] All tests completed, cleaning up...
[2024-11-01T21:31:28-0700] -------------------------------
[2024-11-01T21:32:07-0700] [measurement] Load environment variables from prod.env file
[2024-11-01T21:32:07-0700] [measurement] Load operator-specific env from verizon.env file
[2024-11-01T21:32:07-0700] Starting a network measurement, please choose a server
[2024-11-01T21:32:07-0700] 0) West Cloud: 54.176.53.206
[2024-11-01T21:32:07-0700] 1) East Cloud: 54.197.223.49
[2024-11-01T21:32:07-0700] 2) Los Angeles Wavelength: 161.188.33.234
[2024-11-01T21:32:07-0700] 3) Las Vegas Wavelength: 155.146.118.158
[2024-11-01T21:32:07-0700] 4) Denver Wavelength: 155.146.144.24
[2024-11-01T21:32:07-0700] 5) Chicago Wavelength: 155.146.180.31
[2024-11-01T21:32:07-0700] 6) Boston Wavelength: 155.146.11.34
[2024-11-01T21:32:33-0700] Enter your choice (0-6): Testing verizon, server 0 (ip: 54.176.53.206, nuttcp_port: 5101, iperf_port: 5001)
[2024-11-01T21:32:33-0700] -------------------------------
[2024-11-01T21:32:33-0700] tcp downlink test started at 2024-11-01 21:32:33.724 PDT
[2024-11-01T21:32:33-0700] Testing tcp downlink with 54.176.53.206:5101, interval 0.5 s, duration 120 s, timeout 121 s...
[2024-11-01T21:34:34-0700] Current time exceeds end time, skipping wait
[2024-11-01T21:34:34-0700] Saved tcp downlink test to /data/data/com.termux/files/home/storage/shared/bos_la_2024_trip/verizon/20241101/213233707/tcp_downlink_213233748.out
[2024-11-01T21:34:34-0700] DL AVG TPUT: 
[2024-11-01T21:34:34-0700] tcp downlink test finished at 2024-11-01 21:34:34.835 PDT, duration: 121.111 s
[2024-11-01T21:34:34-0700] -------------------------------
[2024-11-01T21:34:34-0700] Waiting for 2 s...
[2024-11-01T21:34:36-0700] -------------------------------
[2024-11-01T21:34:36-0700] Starting 5G booster for 5 s...
[2024-11-01T21:34:36-0700] 5G booster started at 2024-11-01 21:34:36.940 PDT
[2024-11-01T21:34:43-0700] Current time exceeds end time, skipping wait
[2024-11-01T21:34:43-0700] Saved TCP DL results to /data/data/com.termux/files/home/storage/shared/bos_la_2024_trip/verizon/20241101/213233707/tcp_downlink_213436991.out
[2024-11-01T21:34:43-0700] DL AVG TPUT: 
[2024-11-01T21:34:43-0700] 5G booster finished at 2024-11-01 21:34:43.064 PDT, duration: 6.124 s
[2024-11-01T21:34:43-0700] -------------------------------
[2024-11-01T21:34:43-0700] Waiting for 2 s...
[2024-11-01T21:34:45-0700] -------------------------------
[2024-11-01T21:34:45-0700] tcp uplink test started at 2024-11-01 21:34:45.179 PDT
[2024-11-01T21:34:45-0700] testing tcp uplink with 54.176.53.206:5101, interval 0.5, duration 120, timeout 121 ...
[2024-11-01T21:36:46-0700] Current time exceeds end time, skipping wait
[2024-11-01T21:36:46-0700] Saved uplink test to /data/data/com.termux/files/home/storage/shared/bos_la_2024_trip/verizon/20241101/213233707/tcp_uplink_213445220.out
[2024-11-01T21:36:46-0700] UL AVG TPUT: 
[2024-11-01T21:36:46-0700] tcp uplink test finished at 2024-11-01 21:36:46.313 PDT, duration: 121.134 s
[2024-11-01T21:36:46-0700] -------------------------------
[2024-11-01T21:36:46-0700] Waiting for 2 s...
[2024-11-01T21:36:48-0700] -------------------------------
[2024-11-01T21:36:48-0700] Starting 5G booster for 5 s...
[2024-11-01T21:36:48-0700] 5G booster started at 2024-11-01 21:36:48.448 PDT
[2024-11-01T21:36:54-0700] Current time exceeds end time, skipping wait
[2024-11-01T21:36:54-0700] Saved TCP DL results to /data/data/com.termux/files/home/storage/shared/bos_la_2024_trip/verizon/20241101/213233707/tcp_downlink_213648479.out
[2024-11-01T21:36:54-0700] DL AVG TPUT: 
[2024-11-01T21:36:54-0700] 5G booster finished at 2024-11-01 21:36:54.597 PDT, duration: 6.149 s
[2024-11-01T21:36:54-0700] -------------------------------
[2024-11-01T21:36:54-0700] Waiting for 2 s...
[2024-11-01T21:36:56-0700] -------------------------------
[2024-11-01T21:36:56-0700] ICMP Ping test started at 2024-11-01 21:36:56.705 PDT
[2024-11-01T21:37:26-0700] Waiting for .870 s to reach end time
[2024-11-01T21:37:27-0700] Saved ping test to /data/data/com.termux/files/home/storage/shared/bos_la_2024_trip/verizon/20241101/213233707/icmp_ping_213656752.out
[2024-11-01T21:37:27-0700] Ping summary (min/avg/max/mdev) = 43.154/53.448/231.302/15.900 ms
[2024-11-01T21:37:27-0700] Ping test finished at 2024-11-01 21:37:27.767 PDT, duration: 31.062 s
[2024-11-01T21:37:27-0700] -------------------------------
[2024-11-01T21:37:27-0700] Waiting for 2 s...
[2024-11-01T21:37:29-0700] -------------------------------
[2024-11-01T21:37:29-0700] Starting 5G booster for 5 s...
[2024-11-01T21:37:29-0700] 5G booster started at 2024-11-01 21:37:29.911 PDT
[2024-11-01T21:37:30-0700] server aborted connection
[2024-11-01T21:37:30-0700] Waiting for 5.781 s to reach end time
[2024-11-01T21:37:35-0700] Saved TCP DL results to /data/data/com.termux/files/home/storage/shared/bos_la_2024_trip/verizon/20241101/213233707/tcp_downlink_213729940.out
[2024-11-01T21:37:36-0700] [CAUTION] EMPTY LOG!
[2024-11-01T21:37:36-0700] 5G booster finished at 2024-11-01 21:37:35.984 PDT, duration: 6.073 s
[2024-11-01T21:37:36-0700] -------------------------------
[2024-11-01T21:37:36-0700] Waiting for 2 s...
[2024-11-01T21:37:38-0700] -------------------------------
[2024-11-01T21:37:38-0700] TCP Ping test started at 2024-11-01 21:37:38.094 PDT
[2024-11-01T21:38:09-0700] Current time exceeds end time, skipping wait
[2024-11-01T21:38:09-0700] Saved TCP Ping test to /data/data/com.termux/files/home/storage/shared/bos_la_2024_trip/verizon/20241101/213233707/tcp_ping_213738140.out
[2024-11-01T21:38:09-0700] TCP Ping summary (min/avg/max/mdev) 
[2024-11-01T21:38:09-0700] TCP Ping test finished at 2024-11-01 21:38:09.259 PDT, duration: 31.165 s
[2024-11-01T21:38:09-0700] -------------------------------
[2024-11-01T21:38:09-0700] Waiting for 2 s...
[2024-11-01T21:38:11-0700] -------------------------------
[2024-11-01T21:38:11-0700] Traceroute test started at 2024-11-01 21:38:11.374 PDT
[2024-11-01T21:38:13-0700] Waiting for 27.721 s to reach end time
[2024-11-01T21:38:41-0700] Saved traceroute test to /data/data/com.termux/files/home/storage/shared/bos_la_2024_trip/verizon/20241101/213233707/traceroute_213811435.out
[2024-11-01T21:38:41-0700] Traceroute summary (min/avg/max/mdev) 
[2024-11-01T21:38:41-0700] Traceroute test finished at 2024-11-01 21:38:41.435 PDT, duration: 30.061 s
[2024-11-01T21:38:41-0700] -------------------------------
[2024-11-01T21:38:41-0700] All tests completed, cleaning up...
[2024-11-01T21:38:41-0700] -------------------------------
[2024-11-01T21:44:43-0700] [measurement] Load environment variables from prod.env file
[2024-11-01T21:44:43-0700] [measurement] Load operator-specific env from verizon.env file
[2024-11-01T21:44:43-0700] Starting a network measurement, please choose a server
[2024-11-01T21:44:43-0700] 0) West Cloud: 54.176.53.206
[2024-11-01T21:44:43-0700] 1) East Cloud: 54.197.223.49
[2024-11-01T21:44:43-0700] 2) Los Angeles Wavelength: 161.188.33.234
[2024-11-01T21:44:43-0700] 3) Las Vegas Wavelength: 155.146.118.158
[2024-11-01T21:44:43-0700] 4) Denver Wavelength: 155.146.144.24
[2024-11-01T21:44:43-0700] 5) Chicago Wavelength: 155.146.180.31
[2024-11-01T21:44:43-0700] 6) Boston Wavelength: 155.146.11.34
[2024-11-01T21:45:01-0700] Enter your choice (0-6): Testing verizon, server 0 (ip: 54.176.53.206, nuttcp_port: 5101, iperf_port: 5001)
[2024-11-01T21:45:01-0700] -------------------------------
[2024-11-01T21:45:01-0700] tcp downlink test started at 2024-11-01 21:45:01.871 PDT
[2024-11-01T21:45:01-0700] Testing tcp downlink with 54.176.53.206:5101, interval 0.5 s, duration 120 s, timeout 121 s...
[2024-11-01T21:47:03-0700] Current time exceeds end time, skipping wait
[2024-11-01T21:47:03-0700] Saved tcp downlink test to /data/data/com.termux/files/home/storage/shared/bos_la_2024_trip/verizon/20241101/214501843/tcp_downlink_214501934.out
[2024-11-01T21:47:03-0700] DL AVG TPUT: 
[2024-11-01T21:47:03-0700] tcp downlink test finished at 2024-11-01 21:47:03.010 PDT, duration: 121.139 s
[2024-11-01T21:47:03-0700] -------------------------------
[2024-11-01T21:47:03-0700] Waiting for 2 s...
[2024-11-01T21:47:05-0700] -------------------------------
[2024-11-01T21:47:05-0700] Starting 5G booster for 5 s...
[2024-11-01T21:47:05-0700] 5G booster started at 2024-11-01 21:47:05.106 PDT
[2024-11-01T21:47:05-0700] server aborted connection
[2024-11-01T21:47:05-0700] Waiting for 5.609 s to reach end time
[2024-11-01T21:47:11-0700] Saved TCP DL results to /data/data/com.termux/files/home/storage/shared/bos_la_2024_trip/verizon/20241101/214501843/tcp_downlink_214705142.out
[2024-11-01T21:47:11-0700] [CAUTION] EMPTY LOG!
[2024-11-01T21:47:11-0700] 5G booster finished at 2024-11-01 21:47:11.216 PDT, duration: 6.110 s
[2024-11-01T21:47:11-0700] -------------------------------
[2024-11-01T21:47:11-0700] Waiting for 2 s...
[2024-11-01T21:47:13-0700] -------------------------------
[2024-11-01T21:47:13-0700] tcp uplink test started at 2024-11-01 21:47:13.329 PDT
[2024-11-01T21:47:13-0700] testing tcp uplink with 54.176.53.206:5101, interval 0.5, duration 120, timeout 121 ...
[2024-11-01T21:47:13-0700] server aborted connection
[2024-11-01T21:47:13-0700] Waiting for 120.635 s to reach end time
[2024-11-01T21:49:14-0700] Saved uplink test to /data/data/com.termux/files/home/storage/shared/bos_la_2024_trip/verizon/20241101/214501843/tcp_uplink_214713368.out
[2024-11-01T21:49:14-0700] [CAUTION] EMPTY LOG!
[2024-11-01T21:49:14-0700] tcp uplink test finished at 2024-11-01 21:49:14.408 PDT, duration: 121.079 s
[2024-11-01T21:49:14-0700] -------------------------------
[2024-11-01T21:49:14-0700] Waiting for 2 s...
[2024-11-01T21:49:16-0700] -------------------------------
[2024-11-01T21:49:16-0700] Starting 5G booster for 5 s...
[2024-11-01T21:49:16-0700] 5G booster started at 2024-11-01 21:49:16.495 PDT
[2024-11-01T21:49:22-0700] Current time exceeds end time, skipping wait
[2024-11-01T21:49:22-0700] Saved TCP DL results to /data/data/com.termux/files/home/storage/shared/bos_la_2024_trip/verizon/20241101/214501843/tcp_downlink_214916525.out
[2024-11-01T21:49:22-0700] DL AVG TPUT: 
[2024-11-01T21:49:22-0700] 5G booster finished at 2024-11-01 21:49:22.613 PDT, duration: 6.118 s
[2024-11-01T21:49:22-0700] -------------------------------
[2024-11-01T21:49:22-0700] Waiting for 2 s...
[2024-11-01T21:49:24-0700] -------------------------------
[2024-11-01T21:49:24-0700] ICMP Ping test started at 2024-11-01 21:49:24.757 PDT
[2024-11-01T21:49:54-0700] Waiting for .906 s to reach end time
[2024-11-01T21:49:55-0700] Saved ping test to /data/data/com.termux/files/home/storage/shared/bos_la_2024_trip/verizon/20241101/214501843/icmp_ping_214924787.out
[2024-11-01T21:49:55-0700] Ping summary (min/avg/max/mdev) = 61.144/122.802/184.476/24.157 ms
[2024-11-01T21:49:55-0700] Ping test finished at 2024-11-01 21:49:55.831 PDT, duration: 31.074 s
[2024-11-01T21:49:55-0700] -------------------------------
[2024-11-01T21:49:55-0700] Waiting for 2 s...
[2024-11-01T21:49:57-0700] -------------------------------
[2024-11-01T21:49:57-0700] Starting 5G booster for 5 s...
[2024-11-01T21:49:57-0700] 5G booster started at 2024-11-01 21:49:57.966 PDT
[2024-11-01T21:50:04-0700] Current time exceeds end time, skipping wait
[2024-11-01T21:50:04-0700] Saved TCP DL results to /data/data/com.termux/files/home/storage/shared/bos_la_2024_trip/verizon/20241101/214501843/tcp_downlink_214957992.out
[2024-11-01T21:50:04-0700] DL AVG TPUT: 
[2024-11-01T21:50:04-0700] 5G booster finished at 2024-11-01 21:50:04.071 PDT, duration: 6.105 s
[2024-11-01T21:50:04-0700] -------------------------------
[2024-11-01T21:50:04-0700] Waiting for 2 s...
[2024-11-01T21:50:06-0700] -------------------------------
[2024-11-01T21:50:06-0700] TCP Ping test started at 2024-11-01 21:50:06.200 PDT
[2024-11-01T21:50:37-0700] Current time exceeds end time, skipping wait
[2024-11-01T21:50:37-0700] Saved TCP Ping test to /data/data/com.termux/files/home/storage/shared/bos_la_2024_trip/verizon/20241101/214501843/tcp_ping_215006252.out
[2024-11-01T21:50:37-0700] TCP Ping summary (min/avg/max/mdev) 
[2024-11-01T21:50:37-0700] TCP Ping test finished at 2024-11-01 21:50:37.350 PDT, duration: 31.150 s
[2024-11-01T21:50:37-0700] -------------------------------
[2024-11-01T21:50:37-0700] Waiting for 2 s...
[2024-11-01T21:50:39-0700] -------------------------------
[2024-11-01T21:50:39-0700] Traceroute test started at 2024-11-01 21:50:39.458 PDT
[2024-11-01T21:50:45-0700] Waiting for 24.306 s to reach end time
[2024-11-01T21:51:09-0700] Saved traceroute test to /data/data/com.termux/files/home/storage/shared/bos_la_2024_trip/verizon/20241101/214501843/traceroute_215039492.out
[2024-11-01T21:51:09-0700] Traceroute summary (min/avg/max/mdev) 
[2024-11-01T21:51:09-0700] Traceroute test finished at 2024-11-01 21:51:09.542 PDT, duration: 30.084 s
[2024-11-01T21:51:09-0700] -------------------------------
[2024-11-01T21:51:09-0700] All tests completed, cleaning up...
[2024-11-01T21:51:09-0700] -------------------------------
[2024-11-01T21:51:41-0700] [measurement] Load environment variables from prod.env file
[2024-11-01T21:51:41-0700] [measurement] Load operator-specific env from verizon.env file
[2024-11-01T21:51:41-0700] Starting a network measurement, please choose a server
[2024-11-01T21:51:41-0700] 0) West Cloud: 54.176.53.206
[2024-11-01T21:51:41-0700] 1) East Cloud: 54.197.223.49
[2024-11-01T21:51:41-0700] 2) Los Angeles Wavelength: 161.188.33.234
[2024-11-01T21:51:41-0700] 3) Las Vegas Wavelength: 155.146.118.158
[2024-11-01T21:51:41-0700] 4) Denver Wavelength: 155.146.144.24
[2024-11-01T21:51:41-0700] 5) Chicago Wavelength: 155.146.180.31
[2024-11-01T21:51:41-0700] 6) Boston Wavelength: 155.146.11.34
[2024-11-01T21:52:11-0700] Enter your choice (0-6): Testing verizon, server 0 (ip: 54.176.53.206, nuttcp_port: 5101, iperf_port: 5001)
[2024-11-01T21:52:11-0700] -------------------------------
[2024-11-01T21:52:11-0700] tcp downlink test started at 2024-11-01 21:52:11.869 PDT
[2024-11-01T21:52:11-0700] Testing tcp downlink with 54.176.53.206:5101, interval 0.5 s, duration 120 s, timeout 121 s...
[2024-11-01T21:54:12-0700] Current time exceeds end time, skipping wait
[2024-11-01T21:54:12-0700] Saved tcp downlink test to /data/data/com.termux/files/home/storage/shared/bos_la_2024_trip/verizon/20241101/215211853/tcp_downlink_215211893.out
[2024-11-01T21:54:13-0700] DL AVG TPUT: 
[2024-11-01T21:54:13-0700] tcp downlink test finished at 2024-11-01 21:54:12.985 PDT, duration: 121.116 s
[2024-11-01T21:54:13-0700] -------------------------------
[2024-11-01T21:54:13-0700] Waiting for 2 s...
[2024-11-01T21:54:15-0700] -------------------------------
[2024-11-01T21:54:15-0700] Starting 5G booster for 5 s...
[2024-11-01T21:54:15-0700] 5G booster started at 2024-11-01 21:54:15.088 PDT
[2024-11-01T21:54:21-0700] Current time exceeds end time, skipping wait
[2024-11-01T21:54:21-0700] Saved TCP DL results to /data/data/com.termux/files/home/storage/shared/bos_la_2024_trip/verizon/20241101/215211853/tcp_downlink_215415133.out
[2024-11-01T21:54:21-0700] DL AVG TPUT: 
[2024-11-01T21:54:21-0700] 5G booster finished at 2024-11-01 21:54:21.262 PDT, duration: 6.174 s
[2024-11-01T21:54:21-0700] -------------------------------
[2024-11-01T21:54:21-0700] Waiting for 2 s...
[2024-11-01T21:54:23-0700] -------------------------------
[2024-11-01T21:54:23-0700] tcp uplink test started at 2024-11-01 21:54:23.425 PDT
[2024-11-01T21:54:23-0700] testing tcp uplink with 54.176.53.206:5101, interval 0.5, duration 120, timeout 121 ...
[2024-11-01T21:56:24-0700] Current time exceeds end time, skipping wait
[2024-11-01T21:56:24-0700] Saved uplink test to /data/data/com.termux/files/home/storage/shared/bos_la_2024_trip/verizon/20241101/215211853/tcp_uplink_215423498.out
[2024-11-01T21:56:24-0700] UL AVG TPUT: 
[2024-11-01T21:56:24-0700] tcp uplink test finished at 2024-11-01 21:56:24.584 PDT, duration: 121.159 s
[2024-11-01T21:56:24-0700] -------------------------------
[2024-11-01T21:56:24-0700] Waiting for 2 s...
[2024-11-01T21:56:26-0700] -------------------------------
[2024-11-01T21:56:26-0700] Starting 5G booster for 5 s...
[2024-11-01T21:56:26-0700] 5G booster started at 2024-11-01 21:56:26.728 PDT
[2024-11-01T21:56:32-0700] Current time exceeds end time, skipping wait
[2024-11-01T21:56:32-0700] Saved TCP DL results to /data/data/com.termux/files/home/storage/shared/bos_la_2024_trip/verizon/20241101/215211853/tcp_downlink_215626757.out
[2024-11-01T21:56:32-0700] DL AVG TPUT: 
[2024-11-01T21:56:32-0700] 5G booster finished at 2024-11-01 21:56:32.845 PDT, duration: 6.117 s
[2024-11-01T21:56:32-0700] -------------------------------
[2024-11-01T21:56:32-0700] Waiting for 2 s...
[2024-11-01T21:56:34-0700] -------------------------------
[2024-11-01T21:56:34-0700] ICMP Ping test started at 2024-11-01 21:56:34.956 PDT
[2024-11-01T21:57:05-0700] Waiting for .907 s to reach end time
[2024-11-01T21:57:06-0700] Saved ping test to /data/data/com.termux/files/home/storage/shared/bos_la_2024_trip/verizon/20241101/215211853/icmp_ping_215634995.out
[2024-11-01T21:57:06-0700] Ping summary (min/avg/max/mdev) = 46.027/56.116/133.851/9.396 ms
[2024-11-01T21:57:06-0700] Ping test finished at 2024-11-01 21:57:06.019 PDT, duration: 31.063 s
[2024-11-01T21:57:06-0700] -------------------------------
[2024-11-01T21:57:06-0700] Waiting for 2 s...
[2024-11-01T21:57:08-0700] -------------------------------
[2024-11-01T21:57:08-0700] Starting 5G booster for 5 s...
[2024-11-01T21:57:08-0700] 5G booster started at 2024-11-01 21:57:08.185 PDT
[2024-11-01T21:57:14-0700] Current time exceeds end time, skipping wait
[2024-11-01T21:57:14-0700] Saved TCP DL results to /data/data/com.termux/files/home/storage/shared/bos_la_2024_trip/verizon/20241101/215211853/tcp_downlink_215708217.out
[2024-11-01T21:57:14-0700] DL AVG TPUT: 
[2024-11-01T21:57:14-0700] 5G booster finished at 2024-11-01 21:57:14.326 PDT, duration: 6.141 s
[2024-11-01T21:57:14-0700] -------------------------------
[2024-11-01T21:57:14-0700] Waiting for 2 s...
[2024-11-01T21:57:16-0700] -------------------------------
[2024-11-01T21:57:16-0700] TCP Ping test started at 2024-11-01 21:57:16.424 PDT
[2024-11-01T21:57:47-0700] Current time exceeds end time, skipping wait
[2024-11-01T21:57:47-0700] Saved TCP Ping test to /data/data/com.termux/files/home/storage/shared/bos_la_2024_trip/verizon/20241101/215211853/tcp_ping_215716452.out
[2024-11-01T21:57:47-0700] TCP Ping summary (min/avg/max/mdev) 
[2024-11-01T21:57:47-0700] TCP Ping test finished at 2024-11-01 21:57:47.552 PDT, duration: 31.128 s
[2024-11-01T21:57:47-0700] -------------------------------
[2024-11-01T21:57:47-0700] Waiting for 2 s...
[2024-11-01T21:57:49-0700] -------------------------------
[2024-11-01T21:57:49-0700] Traceroute test started at 2024-11-01 21:57:49.676 PDT
[2024-11-01T21:57:52-0700] Waiting for 27.652 s to reach end time
[2024-11-01T21:58:19-0700] Saved traceroute test to /data/data/com.termux/files/home/storage/shared/bos_la_2024_trip/verizon/20241101/215211853/traceroute_215749698.out
[2024-11-01T21:58:19-0700] Traceroute summary (min/avg/max/mdev) 
[2024-11-01T21:58:19-0700] Traceroute test finished at 2024-11-01 21:58:19.799 PDT, duration: 30.123 s
[2024-11-01T21:58:19-0700] -------------------------------
[2024-11-01T21:58:19-0700] All tests completed, cleaning up...
[2024-11-01T21:58:19-0700] -------------------------------
[2024-11-01T22:01:37-0700] [measurement] Load environment variables from prod.env file
[2024-11-01T22:01:37-0700] [measurement] Load operator-specific env from verizon.env file
[2024-11-01T22:01:37-0700] Starting a network measurement, please choose a server
[2024-11-01T22:01:37-0700] 0) West Cloud: 54.176.53.206
[2024-11-01T22:01:37-0700] 1) East Cloud: 54.197.223.49
[2024-11-01T22:01:37-0700] 2) Los Angeles Wavelength: 161.188.33.234
[2024-11-01T22:01:37-0700] 3) Las Vegas Wavelength: 155.146.118.158
[2024-11-01T22:01:37-0700] 4) Denver Wavelength: 155.146.144.24
[2024-11-01T22:01:37-0700] 5) Chicago Wavelength: 155.146.180.31
[2024-11-01T22:01:37-0700] 6) Boston Wavelength: 155.146.11.34
[2024-11-01T22:02:04-0700] Enter your choice (0-6): Testing verizon, server 0 (ip: 54.176.53.206, nuttcp_port: 5101, iperf_port: 5001)
[2024-11-01T22:02:04-0700] -------------------------------
[2024-11-01T22:02:04-0700] tcp downlink test started at 2024-11-01 22:02:04.106 PDT
[2024-11-01T22:02:04-0700] Testing tcp downlink with 54.176.53.206:5101, interval 0.5 s, duration 120 s, timeout 121 s...
[2024-11-01T22:02:04-0700] server aborted connection
[2024-11-01T22:02:04-0700] Waiting for 120.527 s to reach end time
[2024-11-01T22:04:05-0700] Saved tcp downlink test to /data/data/com.termux/files/home/storage/shared/bos_la_2024_trip/verizon/20241101/220204078/tcp_downlink_220204155.out
[2024-11-01T22:04:05-0700] [CAUTION] EMPTY LOG!
[2024-11-01T22:04:05-0700] tcp downlink test finished at 2024-11-01 22:04:05.177 PDT, duration: 121.071 s
[2024-11-01T22:04:05-0700] -------------------------------
[2024-11-01T22:04:05-0700] Waiting for 2 s...
[2024-11-01T22:04:07-0700] -------------------------------
[2024-11-01T22:04:07-0700] Starting 5G booster for 5 s...
[2024-11-01T22:04:07-0700] 5G booster started at 2024-11-01 22:04:07.277 PDT
[2024-11-01T22:04:13-0700] Current time exceeds end time, skipping wait
[2024-11-01T22:04:13-0700] Saved TCP DL results to /data/data/com.termux/files/home/storage/shared/bos_la_2024_trip/verizon/20241101/220204078/tcp_downlink_220407328.out
[2024-11-01T22:04:13-0700] DL AVG TPUT: 
[2024-11-01T22:04:13-0700] 5G booster finished at 2024-11-01 22:04:13.407 PDT, duration: 6.130 s
[2024-11-01T22:04:13-0700] -------------------------------
[2024-11-01T22:04:13-0700] Waiting for 2 s...
[2024-11-01T22:04:15-0700] -------------------------------
[2024-11-01T22:04:15-0700] tcp uplink test started at 2024-11-01 22:04:15.516 PDT
[2024-11-01T22:04:15-0700] testing tcp uplink with 54.176.53.206:5101, interval 0.5, duration 120, timeout 121 ...
[2024-11-01T22:04:15-0700] server aborted connection
[2024-11-01T22:04:15-0700] Waiting for 120.761 s to reach end time
[2024-11-01T22:06:16-0700] Saved uplink test to /data/data/com.termux/files/home/storage/shared/bos_la_2024_trip/verizon/20241101/220204078/tcp_uplink_220415569.out
[2024-11-01T22:06:16-0700] [CAUTION] EMPTY LOG!
[2024-11-01T22:06:16-0700] tcp uplink test finished at 2024-11-01 22:06:16.616 PDT, duration: 121.100 s
[2024-11-01T22:06:16-0700] -------------------------------
[2024-11-01T22:06:16-0700] Waiting for 2 s...
[2024-11-01T22:06:18-0700] -------------------------------
[2024-11-01T22:06:18-0700] Starting 5G booster for 5 s...
[2024-11-01T22:06:18-0700] 5G booster started at 2024-11-01 22:06:18.715 PDT
[2024-11-01T22:06:19-0700] server aborted connection
[2024-11-01T22:06:19-0700] Waiting for 5.572 s to reach end time
[2024-11-01T22:06:24-0700] Saved TCP DL results to /data/data/com.termux/files/home/storage/shared/bos_la_2024_trip/verizon/20241101/220204078/tcp_downlink_220618775.out
[2024-11-01T22:06:24-0700] [CAUTION] EMPTY LOG!
[2024-11-01T22:06:24-0700] 5G booster finished at 2024-11-01 22:06:24.794 PDT, duration: 6.079 s
[2024-11-01T22:06:24-0700] -------------------------------
[2024-11-01T22:06:24-0700] Waiting for 2 s...
[2024-11-01T22:06:26-0700] -------------------------------
[2024-11-01T22:06:26-0700] ICMP Ping test started at 2024-11-01 22:06:26.911 PDT
[2024-11-01T22:06:57-0700] Waiting for .881 s to reach end time
[2024-11-01T22:06:58-0700] Saved ping test to /data/data/com.termux/files/home/storage/shared/bos_la_2024_trip/verizon/20241101/220204078/icmp_ping_220626961.out
[2024-11-01T22:06:58-0700] Ping summary (min/avg/max/mdev) = 46.384/56.427/159.341/11.164 ms
[2024-11-01T22:06:58-0700] Ping test finished at 2024-11-01 22:06:57.997 PDT, duration: 31.086 s
[2024-11-01T22:06:58-0700] -------------------------------
[2024-11-01T22:06:58-0700] Waiting for 2 s...
[2024-11-01T22:07:00-0700] -------------------------------
[2024-11-01T22:07:00-0700] Starting 5G booster for 5 s...
[2024-11-01T22:07:00-0700] 5G booster started at 2024-11-01 22:07:00.125 PDT
[2024-11-01T22:07:06-0700] Current time exceeds end time, skipping wait
[2024-11-01T22:07:06-0700] Saved TCP DL results to /data/data/com.termux/files/home/storage/shared/bos_la_2024_trip/verizon/20241101/220204078/tcp_downlink_220700179.out
[2024-11-01T22:07:06-0700] DL AVG TPUT: 
[2024-11-01T22:07:06-0700] 5G booster finished at 2024-11-01 22:07:06.249 PDT, duration: 6.124 s
[2024-11-01T22:07:06-0700] -------------------------------
[2024-11-01T22:07:06-0700] Waiting for 2 s...
[2024-11-01T22:07:08-0700] -------------------------------
[2024-11-01T22:07:08-0700] TCP Ping test started at 2024-11-01 22:07:08.370 PDT
[2024-11-01T22:07:39-0700] Current time exceeds end time, skipping wait
[2024-11-01T22:07:39-0700] Saved TCP Ping test to /data/data/com.termux/files/home/storage/shared/bos_la_2024_trip/verizon/20241101/220204078/tcp_ping_220708400.out
[2024-11-01T22:07:39-0700] TCP Ping summary (min/avg/max/mdev) 
[2024-11-01T22:07:39-0700] TCP Ping test finished at 2024-11-01 22:07:39.532 PDT, duration: 31.162 s
[2024-11-01T22:07:39-0700] -------------------------------
[2024-11-01T22:07:39-0700] Waiting for 2 s...
[2024-11-01T22:07:41-0700] -------------------------------
[2024-11-01T22:07:41-0700] Traceroute test started at 2024-11-01 22:07:41.674 PDT
[2024-11-01T22:07:43-0700] Waiting for 27.842 s to reach end time
[2024-11-01T22:08:11-0700] Saved traceroute test to /data/data/com.termux/files/home/storage/shared/bos_la_2024_trip/verizon/20241101/220204078/traceroute_220741710.out
[2024-11-01T22:08:11-0700] Traceroute summary (min/avg/max/mdev) 
[2024-11-01T22:08:11-0700] Traceroute test finished at 2024-11-01 22:08:11.758 PDT, duration: 30.084 s
[2024-11-01T22:08:11-0700] -------------------------------
[2024-11-01T22:08:11-0700] All tests completed, cleaning up...
[2024-11-01T22:08:11-0700] -------------------------------
[2024-11-01T22:08:54-0700] [measurement] Load environment variables from prod.env file
[2024-11-01T22:08:54-0700] [measurement] Load operator-specific env from verizon.env file
[2024-11-01T22:08:54-0700] Starting a network measurement, please choose a server
[2024-11-01T22:08:54-0700] 0) West Cloud: 54.176.53.206
[2024-11-01T22:08:54-0700] 1) East Cloud: 54.197.223.49
[2024-11-01T22:08:54-0700] 2) Los Angeles Wavelength: 161.188.33.234
[2024-11-01T22:08:54-0700] 3) Las Vegas Wavelength: 155.146.118.158
[2024-11-01T22:08:54-0700] 4) Denver Wavelength: 155.146.144.24
[2024-11-01T22:08:54-0700] 5) Chicago Wavelength: 155.146.180.31
[2024-11-01T22:08:54-0700] 6) Boston Wavelength: 155.146.11.34
[2024-11-01T22:09:32-0700] Enter your choice (0-6): Testing verizon, server 0 (ip: 54.176.53.206, nuttcp_port: 5101, iperf_port: 5001)
[2024-11-01T22:09:32-0700] -------------------------------
[2024-11-01T22:09:32-0700] tcp downlink test started at 2024-11-01 22:09:32.237 PDT
[2024-11-01T22:09:32-0700] Testing tcp downlink with 54.176.53.206:5101, interval 0.5 s, duration 120 s, timeout 121 s...
[2024-11-01T22:11:33-0700] Current time exceeds end time, skipping wait
[2024-11-01T22:11:33-0700] Saved tcp downlink test to /data/data/com.termux/files/home/storage/shared/bos_la_2024_trip/verizon/20241101/220932218/tcp_downlink_220932266.out
[2024-11-01T22:11:33-0700] DL AVG TPUT: 
[2024-11-01T22:11:33-0700] tcp downlink test finished at 2024-11-01 22:11:33.343 PDT, duration: 121.106 s
[2024-11-01T22:11:33-0700] -------------------------------
[2024-11-01T22:11:33-0700] Waiting for 2 s...
[2024-11-01T22:11:35-0700] -------------------------------
[2024-11-01T22:11:35-0700] Starting 5G booster for 5 s...
[2024-11-01T22:11:35-0700] 5G booster started at 2024-11-01 22:11:35.466 PDT
[2024-11-01T22:11:41-0700] Current time exceeds end time, skipping wait
[2024-11-01T22:11:41-0700] Saved TCP DL results to /data/data/com.termux/files/home/storage/shared/bos_la_2024_trip/verizon/20241101/220932218/tcp_downlink_221135487.out
[2024-11-01T22:11:41-0700] DL AVG TPUT: 
[2024-11-01T22:11:41-0700] 5G booster finished at 2024-11-01 22:11:41.573 PDT, duration: 6.107 s
[2024-11-01T22:11:41-0700] -------------------------------
[2024-11-01T22:11:41-0700] Waiting for 2 s...
[2024-11-01T22:11:43-0700] -------------------------------
[2024-11-01T22:11:43-0700] tcp uplink test started at 2024-11-01 22:11:43.680 PDT
[2024-11-01T22:11:43-0700] testing tcp uplink with 54.176.53.206:5101, interval 0.5, duration 120, timeout 121 ...
[2024-11-01T22:13:44-0700] Waiting for .155 s to reach end time
[2024-11-01T22:13:44-0700] Saved uplink test to /data/data/com.termux/files/home/storage/shared/bos_la_2024_trip/verizon/20241101/220932218/tcp_uplink_221143712.out
[2024-11-01T22:13:44-0700] UL AVG TPUT: 27.3195 Mbps
[2024-11-01T22:13:44-0700] tcp uplink test finished at 2024-11-01 22:13:44.763 PDT, duration: 121.083 s
[2024-11-01T22:13:44-0700] -------------------------------
[2024-11-01T22:13:44-0700] Waiting for 2 s...
[2024-11-01T22:13:46-0700] -------------------------------
[2024-11-01T22:13:46-0700] Starting 5G booster for 5 s...
[2024-11-01T22:13:46-0700] 5G booster started at 2024-11-01 22:13:46.890 PDT
[2024-11-01T22:13:53-0700] Current time exceeds end time, skipping wait
[2024-11-01T22:13:53-0700] Saved TCP DL results to /data/data/com.termux/files/home/storage/shared/bos_la_2024_trip/verizon/20241101/220932218/tcp_downlink_221346923.out
[2024-11-01T22:13:53-0700] DL AVG TPUT: 
[2024-11-01T22:13:53-0700] 5G booster finished at 2024-11-01 22:13:53.007 PDT, duration: 6.117 s
[2024-11-01T22:13:53-0700] -------------------------------
[2024-11-01T22:13:53-0700] Waiting for 2 s...
[2024-11-01T22:13:55-0700] -------------------------------
[2024-11-01T22:13:55-0700] ICMP Ping test started at 2024-11-01 22:13:55.104 PDT
[2024-11-01T22:14:25-0700] Waiting for .889 s to reach end time
[2024-11-01T22:14:26-0700] Saved ping test to /data/data/com.termux/files/home/storage/shared/bos_la_2024_trip/verizon/20241101/220932218/icmp_ping_221355133.out
[2024-11-01T22:14:26-0700] Ping summary (min/avg/max/mdev) = 53.214/60.353/87.536/4.975 ms
[2024-11-01T22:14:26-0700] Ping test finished at 2024-11-01 22:14:26.190 PDT, duration: 31.086 s
[2024-11-01T22:14:26-0700] -------------------------------
[2024-11-01T22:14:26-0700] Waiting for 2 s...
[2024-11-01T22:14:28-0700] -------------------------------
[2024-11-01T22:14:28-0700] Starting 5G booster for 5 s...
[2024-11-01T22:14:28-0700] 5G booster started at 2024-11-01 22:14:28.287 PDT
[2024-11-01T22:14:34-0700] Current time exceeds end time, skipping wait
[2024-11-01T22:14:34-0700] Saved TCP DL results to /data/data/com.termux/files/home/storage/shared/bos_la_2024_trip/verizon/20241101/220932218/tcp_downlink_221428310.out
[2024-11-01T22:14:34-0700] DL AVG TPUT: 
[2024-11-01T22:14:34-0700] 5G booster finished at 2024-11-01 22:14:34.381 PDT, duration: 6.094 s
[2024-11-01T22:14:34-0700] -------------------------------
[2024-11-01T22:14:34-0700] Waiting for 2 s...
[2024-11-01T22:14:36-0700] -------------------------------
[2024-11-01T22:14:36-0700] TCP Ping test started at 2024-11-01 22:14:36.511 PDT
[2024-11-01T22:15:07-0700] Current time exceeds end time, skipping wait
[2024-11-01T22:15:07-0700] Saved TCP Ping test to /data/data/com.termux/files/home/storage/shared/bos_la_2024_trip/verizon/20241101/220932218/tcp_ping_221436538.out
[2024-11-01T22:15:07-0700] TCP Ping summary (min/avg/max/mdev) 
[2024-11-01T22:15:07-0700] TCP Ping test finished at 2024-11-01 22:15:07.677 PDT, duration: 31.166 s
[2024-11-01T22:15:07-0700] -------------------------------
[2024-11-01T22:15:07-0700] Waiting for 2 s...
[2024-11-01T22:15:09-0700] -------------------------------
[2024-11-01T22:15:09-0700] Traceroute test started at 2024-11-01 22:15:09.793 PDT
[2024-11-01T22:15:12-0700] Waiting for 27.431 s to reach end time
[2024-11-01T22:15:39-0700] Saved traceroute test to /data/data/com.termux/files/home/storage/shared/bos_la_2024_trip/verizon/20241101/220932218/traceroute_221509832.out
[2024-11-01T22:15:39-0700] Traceroute summary (min/avg/max/mdev) 
[2024-11-01T22:15:39-0700] Traceroute test finished at 2024-11-01 22:15:39.863 PDT, duration: 30.070 s
[2024-11-01T22:15:39-0700] -------------------------------
[2024-11-01T22:15:39-0700] All tests completed, cleaning up...
[2024-11-01T22:15:39-0700] -------------------------------
[2024-11-01T22:16:43-0700] [measurement] Load environment variables from prod.env file
[2024-11-01T22:16:43-0700] [measurement] Load operator-specific env from verizon.env file
[2024-11-01T22:16:43-0700] Starting a network measurement, please choose a server
[2024-11-01T22:16:43-0700] 0) West Cloud: 54.176.53.206
[2024-11-01T22:16:43-0700] 1) East Cloud: 54.197.223.49
[2024-11-01T22:16:43-0700] 2) Los Angeles Wavelength: 161.188.33.234
[2024-11-01T22:16:43-0700] 3) Las Vegas Wavelength: 155.146.118.158
[2024-11-01T22:16:43-0700] 4) Denver Wavelength: 155.146.144.24
[2024-11-01T22:16:43-0700] 5) Chicago Wavelength: 155.146.180.31
[2024-11-01T22:16:43-0700] 6) Boston Wavelength: 155.146.11.34
[2024-11-01T22:17:00-0700] Enter your choice (0-6): Testing verizon, server 0 (ip: 54.176.53.206, nuttcp_port: 5101, iperf_port: 5001)
[2024-11-01T22:17:01-0700] -------------------------------
[2024-11-01T22:17:01-0700] tcp downlink test started at 2024-11-01 22:17:01.027 PDT
[2024-11-01T22:17:01-0700] Testing tcp downlink with 54.176.53.206:5101, interval 0.5 s, duration 120 s, timeout 121 s...
[2024-11-01T22:19:02-0700] Current time exceeds end time, skipping wait
[2024-11-01T22:19:02-0700] Saved tcp downlink test to /data/data/com.termux/files/home/storage/shared/bos_la_2024_trip/verizon/20241101/221701008/tcp_downlink_221701072.out
[2024-11-01T22:19:02-0700] DL AVG TPUT: 
[2024-11-01T22:19:02-0700] tcp downlink test finished at 2024-11-01 22:19:02.171 PDT, duration: 121.144 s
[2024-11-01T22:19:02-0700] -------------------------------
[2024-11-01T22:19:02-0700] Waiting for 2 s...
[2024-11-01T22:19:04-0700] -------------------------------
[2024-11-01T22:19:04-0700] Starting 5G booster for 5 s...
[2024-11-01T22:19:04-0700] 5G booster started at 2024-11-01 22:19:04.294 PDT
[2024-11-01T22:19:10-0700] Current time exceeds end time, skipping wait
[2024-11-01T22:19:10-0700] Saved TCP DL results to /data/data/com.termux/files/home/storage/shared/bos_la_2024_trip/verizon/20241101/221701008/tcp_downlink_221904326.out
[2024-11-01T22:19:10-0700] DL AVG TPUT: 
[2024-11-01T22:19:10-0700] 5G booster finished at 2024-11-01 22:19:10.414 PDT, duration: 6.120 s
[2024-11-01T22:19:10-0700] -------------------------------
[2024-11-01T22:19:10-0700] Waiting for 2 s...
[2024-11-01T22:19:12-0700] -------------------------------
[2024-11-01T22:19:12-0700] tcp uplink test started at 2024-11-01 22:19:12.520 PDT
[2024-11-01T22:19:12-0700] testing tcp uplink with 54.176.53.206:5101, interval 0.5, duration 120, timeout 121 ...
[2024-11-01T22:21:13-0700] Current time exceeds end time, skipping wait
[2024-11-01T22:21:13-0700] Saved uplink test to /data/data/com.termux/files/home/storage/shared/bos_la_2024_trip/verizon/20241101/221701008/tcp_uplink_221912553.out
[2024-11-01T22:21:13-0700] UL AVG TPUT: 23.2821 Mbps
[2024-11-01T22:21:13-0700] tcp uplink test finished at 2024-11-01 22:21:13.628 PDT, duration: 121.108 s
[2024-11-01T22:21:13-0700] -------------------------------
[2024-11-01T22:21:13-0700] Waiting for 2 s...
[2024-11-01T22:21:15-0700] -------------------------------
[2024-11-01T22:21:15-0700] Starting 5G booster for 5 s...
[2024-11-01T22:21:15-0700] 5G booster started at 2024-11-01 22:21:15.757 PDT
[2024-11-01T22:21:16-0700] server aborted connection
[2024-11-01T22:21:16-0700] Waiting for 5.667 s to reach end time
[2024-11-01T22:21:21-0700] Saved TCP DL results to /data/data/com.termux/files/home/storage/shared/bos_la_2024_trip/verizon/20241101/221701008/tcp_downlink_222115809.out
[2024-11-01T22:21:21-0700] [CAUTION] EMPTY LOG!
[2024-11-01T22:21:21-0700] 5G booster finished at 2024-11-01 22:21:21.864 PDT, duration: 6.107 s
[2024-11-01T22:21:21-0700] -------------------------------
[2024-11-01T22:21:21-0700] Waiting for 2 s...
[2024-11-01T22:21:23-0700] -------------------------------
[2024-11-01T22:21:23-0700] ICMP Ping test started at 2024-11-01 22:21:23.974 PDT
[2024-11-01T22:21:54-0700] Waiting for .861 s to reach end time
[2024-11-01T22:21:55-0700] Saved ping test to /data/data/com.termux/files/home/storage/shared/bos_la_2024_trip/verizon/20241101/221701008/icmp_ping_222124007.out
[2024-11-01T22:21:55-0700] Ping summary (min/avg/max/mdev) = 53.367/66.441/101.348/11.562 ms
[2024-11-01T22:21:55-0700] Ping test finished at 2024-11-01 22:21:55.096 PDT, duration: 31.122 s
[2024-11-01T22:21:55-0700] -------------------------------
[2024-11-01T22:21:55-0700] Waiting for 2 s...
[2024-11-01T22:21:57-0700] -------------------------------
[2024-11-01T22:21:57-0700] Starting 5G booster for 5 s...
[2024-11-01T22:21:57-0700] 5G booster started at 2024-11-01 22:21:57.222 PDT
[2024-11-01T22:22:03-0700] Current time exceeds end time, skipping wait
[2024-11-01T22:22:03-0700] Saved TCP DL results to /data/data/com.termux/files/home/storage/shared/bos_la_2024_trip/verizon/20241101/221701008/tcp_downlink_222157261.out
[2024-11-01T22:22:03-0700] DL AVG TPUT: 
[2024-11-01T22:22:03-0700] 5G booster finished at 2024-11-01 22:22:03.366 PDT, duration: 6.144 s
[2024-11-01T22:22:03-0700] -------------------------------
[2024-11-01T22:22:03-0700] Waiting for 2 s...
[2024-11-01T22:22:05-0700] -------------------------------
[2024-11-01T22:22:05-0700] TCP Ping test started at 2024-11-01 22:22:05.499 PDT
[2024-11-01T22:22:36-0700] Current time exceeds end time, skipping wait
[2024-11-01T22:22:36-0700] Saved TCP Ping test to /data/data/com.termux/files/home/storage/shared/bos_la_2024_trip/verizon/20241101/221701008/tcp_ping_222205556.out
[2024-11-01T22:22:36-0700] TCP Ping summary (min/avg/max/mdev) 
[2024-11-01T22:22:36-0700] TCP Ping test finished at 2024-11-01 22:22:36.638 PDT, duration: 31.139 s
[2024-11-01T22:22:36-0700] -------------------------------
[2024-11-01T22:22:36-0700] Waiting for 2 s...
[2024-11-01T22:22:38-0700] -------------------------------
[2024-11-01T22:22:38-0700] Traceroute test started at 2024-11-01 22:22:38.767 PDT
[2024-11-01T22:22:46-0700] Waiting for 22.327 s to reach end time
[2024-11-01T22:23:08-0700] Saved traceroute test to /data/data/com.termux/files/home/storage/shared/bos_la_2024_trip/verizon/20241101/221701008/traceroute_222238819.out
[2024-11-01T22:23:08-0700] Traceroute summary (min/avg/max/mdev) 
[2024-11-01T22:23:08-0700] Traceroute test finished at 2024-11-01 22:23:08.837 PDT, duration: 30.070 s
[2024-11-01T22:23:08-0700] -------------------------------
[2024-11-01T22:23:08-0700] All tests completed, cleaning up...
[2024-11-01T22:23:08-0700] -------------------------------
[2024-11-01T22:24:01-0700] [measurement] Load environment variables from prod.env file
[2024-11-01T22:24:01-0700] [measurement] Load operator-specific env from verizon.env file
[2024-11-01T22:24:01-0700] Starting a network measurement, please choose a server
[2024-11-01T22:24:01-0700] 0) West Cloud: 54.176.53.206
[2024-11-01T22:24:01-0700] 1) East Cloud: 54.197.223.49
[2024-11-01T22:24:01-0700] 2) Los Angeles Wavelength: 161.188.33.234
[2024-11-01T22:24:01-0700] 3) Las Vegas Wavelength: 155.146.118.158
[2024-11-01T22:24:01-0700] 4) Denver Wavelength: 155.146.144.24
[2024-11-01T22:24:01-0700] 5) Chicago Wavelength: 155.146.180.31
[2024-11-01T22:24:01-0700] 6) Boston Wavelength: 155.146.11.34
[2024-11-01T22:25:03-0700] Enter your choice (0-6): Testing verizon, server 0 (ip: 54.176.53.206, nuttcp_port: 5101, iperf_port: 5001)
[2024-11-01T22:25:03-0700] -------------------------------
[2024-11-01T22:25:03-0700] tcp downlink test started at 2024-11-01 22:25:03.411 PDT
[2024-11-01T22:25:03-0700] Testing tcp downlink with 54.176.53.206:5101, interval 0.5 s, duration 120 s, timeout 121 s...
[2024-11-01T22:25:03-0700] server aborted connection
[2024-11-01T22:25:03-0700] Waiting for 120.601 s to reach end time
[2024-11-01T22:27:04-0700] Saved tcp downlink test to /data/data/com.termux/files/home/storage/shared/bos_la_2024_trip/verizon/20241101/222503392/tcp_downlink_222503439.out
[2024-11-01T22:27:04-0700] [CAUTION] EMPTY LOG!
[2024-11-01T22:27:04-0700] tcp downlink test finished at 2024-11-01 22:27:04.480 PDT, duration: 121.069 s
[2024-11-01T22:27:04-0700] -------------------------------
[2024-11-01T22:27:04-0700] Waiting for 2 s...
[2024-11-01T22:27:06-0700] -------------------------------
[2024-11-01T22:27:06-0700] Starting 5G booster for 5 s...
[2024-11-01T22:27:06-0700] 5G booster started at 2024-11-01 22:27:06.588 PDT
[2024-11-01T22:27:12-0700] Current time exceeds end time, skipping wait
[2024-11-01T22:27:12-0700] Saved TCP DL results to /data/data/com.termux/files/home/storage/shared/bos_la_2024_trip/verizon/20241101/222503392/tcp_downlink_222706615.out
[2024-11-01T22:27:12-0700] DL AVG TPUT: 
[2024-11-01T22:27:12-0700] 5G booster finished at 2024-11-01 22:27:12.695 PDT, duration: 6.107 s
[2024-11-01T22:27:12-0700] -------------------------------
[2024-11-01T22:27:12-0700] Waiting for 2 s...
[2024-11-01T22:27:14-0700] -------------------------------
[2024-11-01T22:27:14-0700] tcp uplink test started at 2024-11-01 22:27:14.846 PDT
[2024-11-01T22:27:14-0700] testing tcp uplink with 54.176.53.206:5101, interval 0.5, duration 120, timeout 121 ...
[2024-11-01T22:29:15-0700] Current time exceeds end time, skipping wait
[2024-11-01T22:29:15-0700] Saved uplink test to /data/data/com.termux/files/home/storage/shared/bos_la_2024_trip/verizon/20241101/222503392/tcp_uplink_222714873.out
[2024-11-01T22:29:15-0700] UL AVG TPUT: 
[2024-11-01T22:29:16-0700] tcp uplink test finished at 2024-11-01 22:29:15.953 PDT, duration: 121.107 s
[2024-11-01T22:29:16-0700] -------------------------------
[2024-11-01T22:29:16-0700] Waiting for 2 s...
[2024-11-01T22:29:18-0700] -------------------------------
[2024-11-01T22:29:18-0700] Starting 5G booster for 5 s...
[2024-11-01T22:29:18-0700] 5G booster started at 2024-11-01 22:29:18.058 PDT
[2024-11-01T22:29:24-0700] Current time exceeds end time, skipping wait
[2024-11-01T22:29:24-0700] Saved TCP DL results to /data/data/com.termux/files/home/storage/shared/bos_la_2024_trip/verizon/20241101/222503392/tcp_downlink_222918116.out
[2024-11-01T22:29:24-0700] DL AVG TPUT: 
[2024-11-01T22:29:24-0700] 5G booster finished at 2024-11-01 22:29:24.216 PDT, duration: 6.158 s
[2024-11-01T22:29:24-0700] -------------------------------
[2024-11-01T22:29:24-0700] Waiting for 2 s...
[2024-11-01T22:29:26-0700] -------------------------------
[2024-11-01T22:29:26-0700] ICMP Ping test started at 2024-11-01 22:29:26.322 PDT
[2024-11-01T22:29:56-0700] Waiting for .912 s to reach end time
[2024-11-01T22:29:57-0700] Saved ping test to /data/data/com.termux/files/home/storage/shared/bos_la_2024_trip/verizon/20241101/222503392/icmp_ping_222926351.out
[2024-11-01T22:29:57-0700] Ping summary (min/avg/max/mdev) = 42.786/53.192/93.800/7.698 ms
[2024-11-01T22:29:57-0700] Ping test finished at 2024-11-01 22:29:57.405 PDT, duration: 31.083 s
[2024-11-01T22:29:57-0700] -------------------------------
[2024-11-01T22:29:57-0700] Waiting for 2 s...
[2024-11-01T22:29:59-0700] -------------------------------
[2024-11-01T22:29:59-0700] Starting 5G booster for 5 s...
[2024-11-01T22:29:59-0700] 5G booster started at 2024-11-01 22:29:59.518 PDT
[2024-11-01T22:30:05-0700] Current time exceeds end time, skipping wait
[2024-11-01T22:30:05-0700] Saved TCP DL results to /data/data/com.termux/files/home/storage/shared/bos_la_2024_trip/verizon/20241101/222503392/tcp_downlink_222959547.out
[2024-11-01T22:30:05-0700] DL AVG TPUT: 
[2024-11-01T22:30:05-0700] 5G booster finished at 2024-11-01 22:30:05.637 PDT, duration: 6.119 s
[2024-11-01T22:30:05-0700] -------------------------------
[2024-11-01T22:30:05-0700] Waiting for 2 s...
[2024-11-01T22:30:07-0700] -------------------------------
[2024-11-01T22:30:07-0700] TCP Ping test started at 2024-11-01 22:30:07.763 PDT
[2024-11-01T22:30:38-0700] Current time exceeds end time, skipping wait
[2024-11-01T22:30:38-0700] Saved TCP Ping test to /data/data/com.termux/files/home/storage/shared/bos_la_2024_trip/verizon/20241101/222503392/tcp_ping_223007788.out
[2024-11-01T22:30:38-0700] TCP Ping summary (min/avg/max/mdev) 
[2024-11-01T22:30:39-0700] TCP Ping test finished at 2024-11-01 22:30:38.929 PDT, duration: 31.166 s
[2024-11-01T22:30:39-0700] -------------------------------
[2024-11-01T22:30:39-0700] Waiting for 2 s...
[2024-11-01T22:30:41-0700] -------------------------------
[2024-11-01T22:30:41-0700] Traceroute test started at 2024-11-01 22:30:41.038 PDT
[2024-11-01T22:30:43-0700] Waiting for 27.903 s to reach end time
[2024-11-01T22:31:11-0700] Saved traceroute test to /data/data/com.termux/files/home/storage/shared/bos_la_2024_trip/verizon/20241101/222503392/traceroute_223041064.out
[2024-11-01T22:31:11-0700] Traceroute summary (min/avg/max/mdev) 
[2024-11-01T22:31:11-0700] Traceroute test finished at 2024-11-01 22:31:11.120 PDT, duration: 30.082 s
[2024-11-01T22:31:11-0700] -------------------------------
[2024-11-01T22:31:11-0700] All tests completed, cleaning up...
[2024-11-01T22:31:11-0700] -------------------------------
[2024-11-01T22:32:09-0700] [measurement] Load environment variables from prod.env file
[2024-11-01T22:32:09-0700] [measurement] Load operator-specific env from verizon.env file
[2024-11-01T22:32:09-0700] Starting a network measurement, please choose a server
[2024-11-01T22:32:09-0700] 0) West Cloud: 54.176.53.206
[2024-11-01T22:32:09-0700] 1) East Cloud: 54.197.223.49
[2024-11-01T22:32:09-0700] 2) Los Angeles Wavelength: 161.188.33.234
[2024-11-01T22:32:09-0700] 3) Las Vegas Wavelength: 155.146.118.158
[2024-11-01T22:32:09-0700] 4) Denver Wavelength: 155.146.144.24
[2024-11-01T22:32:09-0700] 5) Chicago Wavelength: 155.146.180.31
[2024-11-01T22:32:09-0700] 6) Boston Wavelength: 155.146.11.34
[2024-11-01T22:32:24-0700] Enter your choice (0-6): Testing verizon, server 0 (ip: 54.176.53.206, nuttcp_port: 5101, iperf_port: 5001)
[2024-11-01T22:32:24-0700] -------------------------------
[2024-11-01T22:32:24-0700] tcp downlink test started at 2024-11-01 22:32:24.961 PDT
[2024-11-01T22:32:25-0700] Testing tcp downlink with 54.176.53.206:5101, interval 0.5 s, duration 120 s, timeout 121 s...
[2024-11-01T22:34:26-0700] Current time exceeds end time, skipping wait
[2024-11-01T22:34:26-0700] Saved tcp downlink test to /data/data/com.termux/files/home/storage/shared/bos_la_2024_trip/verizon/20241101/223224945/tcp_downlink_223224986.out
[2024-11-01T22:34:26-0700] DL AVG TPUT: 
[2024-11-01T22:34:26-0700] tcp downlink test finished at 2024-11-01 22:34:26.052 PDT, duration: 121.091 s
[2024-11-01T22:34:26-0700] -------------------------------
[2024-11-01T22:34:26-0700] Waiting for 2 s...
[2024-11-01T22:34:28-0700] -------------------------------
[2024-11-01T22:34:28-0700] Starting 5G booster for 5 s...
[2024-11-01T22:34:28-0700] 5G booster started at 2024-11-01 22:34:28.169 PDT
[2024-11-01T22:34:34-0700] Current time exceeds end time, skipping wait
[2024-11-01T22:34:34-0700] Saved TCP DL results to /data/data/com.termux/files/home/storage/shared/bos_la_2024_trip/verizon/20241101/223224945/tcp_downlink_223428198.out
[2024-11-01T22:34:34-0700] DL AVG TPUT: 
[2024-11-01T22:34:34-0700] 5G booster finished at 2024-11-01 22:34:34.276 PDT, duration: 6.107 s
[2024-11-01T22:34:34-0700] -------------------------------
[2024-11-01T22:34:34-0700] Waiting for 2 s...
[2024-11-01T22:34:36-0700] -------------------------------
[2024-11-01T22:34:36-0700] tcp uplink test started at 2024-11-01 22:34:36.383 PDT
[2024-11-01T22:34:36-0700] testing tcp uplink with 54.176.53.206:5101, interval 0.5, duration 120, timeout 121 ...
[2024-11-01T22:36:37-0700] Current time exceeds end time, skipping wait
[2024-11-01T22:36:37-0700] Saved uplink test to /data/data/com.termux/files/home/storage/shared/bos_la_2024_trip/verizon/20241101/223224945/tcp_uplink_223436417.out
[2024-11-01T22:36:37-0700] UL AVG TPUT: 
[2024-11-01T22:36:37-0700] tcp uplink test finished at 2024-11-01 22:36:37.510 PDT, duration: 121.127 s
[2024-11-01T22:36:37-0700] -------------------------------
[2024-11-01T22:36:37-0700] Waiting for 2 s...
[2024-11-01T22:36:39-0700] -------------------------------
[2024-11-01T22:36:39-0700] Starting 5G booster for 5 s...
[2024-11-01T22:36:39-0700] 5G booster started at 2024-11-01 22:36:39.639 PDT
[2024-11-01T22:36:45-0700] Current time exceeds end time, skipping wait
[2024-11-01T22:36:45-0700] Saved TCP DL results to /data/data/com.termux/files/home/storage/shared/bos_la_2024_trip/verizon/20241101/223224945/tcp_downlink_223639668.out
[2024-11-01T22:36:45-0700] DL AVG TPUT: 
[2024-11-01T22:36:45-0700] 5G booster finished at 2024-11-01 22:36:45.772 PDT, duration: 6.133 s
[2024-11-01T22:36:45-0700] -------------------------------
[2024-11-01T22:36:45-0700] Waiting for 2 s...
[2024-11-01T22:36:47-0700] -------------------------------
[2024-11-01T22:36:47-0700] ICMP Ping test started at 2024-11-01 22:36:47.878 PDT
[2024-11-01T22:37:18-0700] Waiting for .896 s to reach end time
[2024-11-01T22:37:18-0700] Saved ping test to /data/data/com.termux/files/home/storage/shared/bos_la_2024_trip/verizon/20241101/223224945/icmp_ping_223647910.out
[2024-11-01T22:37:19-0700] Ping summary (min/avg/max/mdev) = 44.143/51.628/71.660/4.558 ms
[2024-11-01T22:37:19-0700] Ping test finished at 2024-11-01 22:37:18.969 PDT, duration: 31.091 s
[2024-11-01T22:37:19-0700] -------------------------------
[2024-11-01T22:37:19-0700] Waiting for 2 s...
[2024-11-01T22:37:21-0700] -------------------------------
[2024-11-01T22:37:21-0700] Starting 5G booster for 5 s...
[2024-11-01T22:37:21-0700] 5G booster started at 2024-11-01 22:37:21.086 PDT
[2024-11-01T22:37:27-0700] Current time exceeds end time, skipping wait
[2024-11-01T22:37:27-0700] Saved TCP DL results to /data/data/com.termux/files/home/storage/shared/bos_la_2024_trip/verizon/20241101/223224945/tcp_downlink_223721119.out
[2024-11-01T22:37:27-0700] DL AVG TPUT: 
[2024-11-01T22:37:27-0700] 5G booster finished at 2024-11-01 22:37:27.207 PDT, duration: 6.121 s
[2024-11-01T22:37:27-0700] -------------------------------
[2024-11-01T22:37:27-0700] Waiting for 2 s...
[2024-11-01T22:37:29-0700] -------------------------------
[2024-11-01T22:37:29-0700] TCP Ping test started at 2024-11-01 22:37:29.335 PDT
[2024-11-01T22:38:00-0700] Current time exceeds end time, skipping wait
[2024-11-01T22:38:00-0700] Saved TCP Ping test to /data/data/com.termux/files/home/storage/shared/bos_la_2024_trip/verizon/20241101/223224945/tcp_ping_223729373.out
[2024-11-01T22:38:00-0700] TCP Ping summary (min/avg/max/mdev) 
[2024-11-01T22:38:00-0700] TCP Ping test finished at 2024-11-01 22:38:00.483 PDT, duration: 31.148 s
[2024-11-01T22:38:00-0700] -------------------------------
[2024-11-01T22:38:00-0700] Waiting for 2 s...
[2024-11-01T22:38:02-0700] -------------------------------
[2024-11-01T22:38:02-0700] Traceroute test started at 2024-11-01 22:38:02.623 PDT
[2024-11-01T22:38:04-0700] Waiting for 27.846 s to reach end time
[2024-11-01T22:38:32-0700] Saved traceroute test to /data/data/com.termux/files/home/storage/shared/bos_la_2024_trip/verizon/20241101/223224945/traceroute_223802654.out
[2024-11-01T22:38:32-0700] Traceroute summary (min/avg/max/mdev) 
[2024-11-01T22:38:32-0700] Traceroute test finished at 2024-11-01 22:38:32.729 PDT, duration: 30.106 s
[2024-11-01T22:38:32-0700] -------------------------------
[2024-11-01T22:38:32-0700] All tests completed, cleaning up...
[2024-11-01T22:38:32-0700] -------------------------------
[2024-11-01T22:41:02-0700] [measurement] Load environment variables from prod.env file
[2024-11-01T22:41:03-0700] [measurement] Load operator-specific env from verizon.env file
[2024-11-01T22:41:03-0700] Starting a network measurement, please choose a server
[2024-11-01T22:41:03-0700] 0) West Cloud: 54.176.53.206
[2024-11-01T22:41:03-0700] 1) East Cloud: 54.197.223.49
[2024-11-01T22:41:03-0700] 2) Los Angeles Wavelength: 161.188.33.234
[2024-11-01T22:41:03-0700] 3) Las Vegas Wavelength: 155.146.118.158
[2024-11-01T22:41:03-0700] 4) Denver Wavelength: 155.146.144.24
[2024-11-01T22:41:03-0700] 5) Chicago Wavelength: 155.146.180.31
[2024-11-01T22:41:03-0700] 6) Boston Wavelength: 155.146.11.34
[2024-11-01T22:41:33-0700] Enter your choice (0-6): Testing verizon, server 0 (ip: 54.176.53.206, nuttcp_port: 5101, iperf_port: 5001)
[2024-11-01T22:41:33-0700] -------------------------------
[2024-11-01T22:41:33-0700] tcp downlink test started at 2024-11-01 22:41:33.195 PDT
[2024-11-01T22:41:33-0700] Testing tcp downlink with 54.176.53.206:5101, interval 0.5 s, duration 120 s, timeout 121 s...
[2024-11-01T22:43:34-0700] Current time exceeds end time, skipping wait
[2024-11-01T22:43:34-0700] Saved tcp downlink test to /data/data/com.termux/files/home/storage/shared/bos_la_2024_trip/verizon/20241101/224133164/tcp_downlink_224133229.out
[2024-11-01T22:43:34-0700] DL AVG TPUT: 
[2024-11-01T22:43:34-0700] tcp downlink test finished at 2024-11-01 22:43:34.296 PDT, duration: 121.101 s
[2024-11-01T22:43:34-0700] -------------------------------
[2024-11-01T22:43:34-0700] Waiting for 2 s...
[2024-11-01T22:43:36-0700] -------------------------------
[2024-11-01T22:43:36-0700] Starting 5G booster for 5 s...
[2024-11-01T22:43:36-0700] 5G booster started at 2024-11-01 22:43:36.394 PDT
[2024-11-01T22:43:42-0700] Current time exceeds end time, skipping wait
[2024-11-01T22:43:42-0700] Saved TCP DL results to /data/data/com.termux/files/home/storage/shared/bos_la_2024_trip/verizon/20241101/224133164/tcp_downlink_224336422.out
[2024-11-01T22:43:42-0700] DL AVG TPUT: 
[2024-11-01T22:43:42-0700] 5G booster finished at 2024-11-01 22:43:42.488 PDT, duration: 6.094 s
[2024-11-01T22:43:42-0700] -------------------------------
[2024-11-01T22:43:42-0700] Waiting for 2 s...
[2024-11-01T22:43:44-0700] -------------------------------
[2024-11-01T22:43:44-0700] tcp uplink test started at 2024-11-01 22:43:44.597 PDT
[2024-11-01T22:43:44-0700] testing tcp uplink with 54.176.53.206:5101, interval 0.5, duration 120, timeout 121 ...
[2024-11-01T22:45:45-0700] Current time exceeds end time, skipping wait
[2024-11-01T22:45:45-0700] Saved uplink test to /data/data/com.termux/files/home/storage/shared/bos_la_2024_trip/verizon/20241101/224133164/tcp_uplink_224344629.out
[2024-11-01T22:45:45-0700] UL AVG TPUT: 
[2024-11-01T22:45:45-0700] tcp uplink test finished at 2024-11-01 22:45:45.706 PDT, duration: 121.109 s
[2024-11-01T22:45:45-0700] -------------------------------
[2024-11-01T22:45:45-0700] Waiting for 2 s...
[2024-11-01T22:45:47-0700] -------------------------------
[2024-11-01T22:45:47-0700] Starting 5G booster for 5 s...
[2024-11-01T22:45:47-0700] 5G booster started at 2024-11-01 22:45:47.846 PDT
[2024-11-01T22:45:53-0700] Current time exceeds end time, skipping wait
[2024-11-01T22:45:53-0700] Saved TCP DL results to /data/data/com.termux/files/home/storage/shared/bos_la_2024_trip/verizon/20241101/224133164/tcp_downlink_224547882.out
[2024-11-01T22:45:54-0700] DL AVG TPUT: 
[2024-11-01T22:45:54-0700] 5G booster finished at 2024-11-01 22:45:53.983 PDT, duration: 6.137 s
[2024-11-01T22:45:54-0700] -------------------------------
[2024-11-01T22:45:54-0700] Waiting for 2 s...
[2024-11-01T22:45:56-0700] -------------------------------
[2024-11-01T22:45:56-0700] ICMP Ping test started at 2024-11-01 22:45:56.087 PDT
[2024-11-01T22:46:26-0700] Waiting for .887 s to reach end time
[2024-11-01T22:46:27-0700] Saved ping test to /data/data/com.termux/files/home/storage/shared/bos_la_2024_trip/verizon/20241101/224133164/icmp_ping_224556116.out
[2024-11-01T22:46:27-0700] Ping summary (min/avg/max/mdev) = 34.976/48.251/60.805/2.792 ms
[2024-11-01T22:46:27-0700] Ping test finished at 2024-11-01 22:46:27.199 PDT, duration: 31.112 s
[2024-11-01T22:46:27-0700] -------------------------------
[2024-11-01T22:46:27-0700] Waiting for 2 s...
[2024-11-01T22:46:29-0700] -------------------------------
[2024-11-01T22:46:29-0700] Starting 5G booster for 5 s...
[2024-11-01T22:46:29-0700] 5G booster started at 2024-11-01 22:46:29.327 PDT
[2024-11-01T22:46:35-0700] Current time exceeds end time, skipping wait
[2024-11-01T22:46:35-0700] Saved TCP DL results to /data/data/com.termux/files/home/storage/shared/bos_la_2024_trip/verizon/20241101/224133164/tcp_downlink_224629362.out
[2024-11-01T22:46:35-0700] DL AVG TPUT: 
[2024-11-01T22:46:35-0700] 5G booster finished at 2024-11-01 22:46:35.456 PDT, duration: 6.129 s
[2024-11-01T22:46:35-0700] -------------------------------
[2024-11-01T22:46:35-0700] Waiting for 2 s...
[2024-11-01T22:46:37-0700] -------------------------------
[2024-11-01T22:46:37-0700] TCP Ping test started at 2024-11-01 22:46:37.576 PDT
[2024-11-01T22:47:08-0700] Current time exceeds end time, skipping wait
[2024-11-01T22:47:08-0700] Saved TCP Ping test to /data/data/com.termux/files/home/storage/shared/bos_la_2024_trip/verizon/20241101/224133164/tcp_ping_224637619.out
[2024-11-01T22:47:08-0700] TCP Ping summary (min/avg/max/mdev) 
[2024-11-01T22:47:08-0700] TCP Ping test finished at 2024-11-01 22:47:08.706 PDT, duration: 31.130 s
[2024-11-01T22:47:08-0700] -------------------------------
[2024-11-01T22:47:08-0700] Waiting for 2 s...
[2024-11-01T22:47:10-0700] -------------------------------
[2024-11-01T22:47:10-0700] Traceroute test started at 2024-11-01 22:47:10.808 PDT
[2024-11-01T22:47:12-0700] Waiting for 28.321 s to reach end time
[2024-11-01T22:47:40-0700] Saved traceroute test to /data/data/com.termux/files/home/storage/shared/bos_la_2024_trip/verizon/20241101/224133164/traceroute_224710839.out
[2024-11-01T22:47:40-0700] Traceroute summary (min/avg/max/mdev) 
[2024-11-01T22:47:40-0700] Traceroute test finished at 2024-11-01 22:47:40.902 PDT, duration: 30.094 s
[2024-11-01T22:47:40-0700] -------------------------------
[2024-11-01T22:47:40-0700] All tests completed, cleaning up...
[2024-11-01T22:47:40-0700] -------------------------------
[2024-11-01T22:49:00-0700] [measurement] Load environment variables from prod.env file
[2024-11-01T22:49:00-0700] [measurement] Load operator-specific env from verizon.env file
[2024-11-01T22:49:00-0700] Starting a network measurement, please choose a server
[2024-11-01T22:49:00-0700] 0) West Cloud: 54.176.53.206
[2024-11-01T22:49:00-0700] 1) East Cloud: 54.197.223.49
[2024-11-01T22:49:00-0700] 2) Los Angeles Wavelength: 161.188.33.234
[2024-11-01T22:49:00-0700] 3) Las Vegas Wavelength: 155.146.118.158
[2024-11-01T22:49:00-0700] 4) Denver Wavelength: 155.146.144.24
[2024-11-01T22:49:00-0700] 5) Chicago Wavelength: 155.146.180.31
[2024-11-01T22:49:00-0700] 6) Boston Wavelength: 155.146.11.34
[2024-11-01T22:49:11-0700] Enter your choice (0-6): Testing verizon, server 0 (ip: 54.176.53.206, nuttcp_port: 5101, iperf_port: 5001)
[2024-11-01T22:49:11-0700] -------------------------------
[2024-11-01T22:49:11-0700] tcp downlink test started at 2024-11-01 22:49:11.555 PDT
[2024-11-01T22:49:11-0700] Testing tcp downlink with 54.176.53.206:5101, interval 0.5 s, duration 120 s, timeout 121 s...
[2024-11-01T22:51:12-0700] Current time exceeds end time, skipping wait
[2024-11-01T22:51:12-0700] Saved tcp downlink test to /data/data/com.termux/files/home/storage/shared/bos_la_2024_trip/verizon/20241101/224911538/tcp_downlink_224911585.out
[2024-11-01T22:51:12-0700] DL AVG TPUT: 
[2024-11-01T22:51:12-0700] tcp downlink test finished at 2024-11-01 22:51:12.711 PDT, duration: 121.156 s
[2024-11-01T22:51:12-0700] -------------------------------
[2024-11-01T22:51:12-0700] Waiting for 2 s...
[2024-11-01T22:51:14-0700] -------------------------------
[2024-11-01T22:51:14-0700] Starting 5G booster for 5 s...
[2024-11-01T22:51:14-0700] 5G booster started at 2024-11-01 22:51:14.846 PDT
[2024-11-01T22:51:20-0700] Current time exceeds end time, skipping wait
[2024-11-01T22:51:20-0700] Saved TCP DL results to /data/data/com.termux/files/home/storage/shared/bos_la_2024_trip/verizon/20241101/224911538/tcp_downlink_225114887.out
[2024-11-01T22:51:21-0700] DL AVG TPUT: 
[2024-11-01T22:51:21-0700] 5G booster finished at 2024-11-01 22:51:20.988 PDT, duration: 6.142 s
[2024-11-01T22:51:21-0700] -------------------------------
[2024-11-01T22:51:21-0700] Waiting for 2 s...
[2024-11-01T22:51:23-0700] -------------------------------
[2024-11-01T22:51:23-0700] tcp uplink test started at 2024-11-01 22:51:23.104 PDT
[2024-11-01T22:51:23-0700] testing tcp uplink with 54.176.53.206:5101, interval 0.5, duration 120, timeout 121 ...
[2024-11-01T22:53:24-0700] Current time exceeds end time, skipping wait
[2024-11-01T22:53:24-0700] Saved uplink test to /data/data/com.termux/files/home/storage/shared/bos_la_2024_trip/verizon/20241101/224911538/tcp_uplink_225123144.out
[2024-11-01T22:53:24-0700] UL AVG TPUT: 
[2024-11-01T22:53:24-0700] tcp uplink test finished at 2024-11-01 22:53:24.253 PDT, duration: 121.149 s
[2024-11-01T22:53:24-0700] -------------------------------
[2024-11-01T22:53:24-0700] Waiting for 2 s...
[2024-11-01T22:53:26-0700] -------------------------------
[2024-11-01T22:53:26-0700] Starting 5G booster for 5 s...
[2024-11-01T22:53:26-0700] 5G booster started at 2024-11-01 22:53:26.394 PDT
[2024-11-01T22:53:32-0700] Current time exceeds end time, skipping wait
[2024-11-01T22:53:32-0700] Saved TCP DL results to /data/data/com.termux/files/home/storage/shared/bos_la_2024_trip/verizon/20241101/224911538/tcp_downlink_225326439.out
[2024-11-01T22:53:32-0700] DL AVG TPUT: 
[2024-11-01T22:53:32-0700] 5G booster finished at 2024-11-01 22:53:32.577 PDT, duration: 6.183 s
[2024-11-01T22:53:32-0700] -------------------------------
[2024-11-01T22:53:32-0700] Waiting for 2 s...
[2024-11-01T22:53:34-0700] -------------------------------
[2024-11-01T22:53:34-0700] ICMP Ping test started at 2024-11-01 22:53:34.714 PDT
[2024-11-01T22:54:04-0700] Waiting for .877 s to reach end time
[2024-11-01T22:54:05-0700] Saved ping test to /data/data/com.termux/files/home/storage/shared/bos_la_2024_trip/verizon/20241101/224911538/icmp_ping_225334751.out
[2024-11-01T22:54:05-0700] Ping summary (min/avg/max/mdev) = 39.529/53.944/147.123/11.526 ms
[2024-11-01T22:54:05-0700] Ping test finished at 2024-11-01 22:54:05.842 PDT, duration: 31.128 s
[2024-11-01T22:54:05-0700] -------------------------------
[2024-11-01T22:54:05-0700] Waiting for 2 s...
[2024-11-01T22:54:07-0700] -------------------------------
[2024-11-01T22:54:07-0700] Starting 5G booster for 5 s...
[2024-11-01T22:54:07-0700] 5G booster started at 2024-11-01 22:54:07.967 PDT
[2024-11-01T22:54:14-0700] Current time exceeds end time, skipping wait
[2024-11-01T22:54:14-0700] Saved TCP DL results to /data/data/com.termux/files/home/storage/shared/bos_la_2024_trip/verizon/20241101/224911538/tcp_downlink_225408003.out
[2024-11-01T22:54:14-0700] DL AVG TPUT: 666.7793 Mbps
[2024-11-01T22:54:14-0700] 5G booster finished at 2024-11-01 22:54:14.089 PDT, duration: 6.122 s
[2024-11-01T22:54:14-0700] -------------------------------
[2024-11-01T22:54:14-0700] Waiting for 2 s...
[2024-11-01T22:54:16-0700] -------------------------------
[2024-11-01T22:54:16-0700] TCP Ping test started at 2024-11-01 22:54:16.187 PDT
[2024-11-01T22:54:47-0700] Current time exceeds end time, skipping wait
[2024-11-01T22:54:47-0700] Saved TCP Ping test to /data/data/com.termux/files/home/storage/shared/bos_la_2024_trip/verizon/20241101/224911538/tcp_ping_225416217.out
[2024-11-01T22:54:47-0700] TCP Ping summary (min/avg/max/mdev) 
[2024-11-01T22:54:47-0700] TCP Ping test finished at 2024-11-01 22:54:47.336 PDT, duration: 31.149 s
[2024-11-01T22:54:47-0700] -------------------------------
[2024-11-01T22:54:47-0700] Waiting for 2 s...
[2024-11-01T22:54:49-0700] -------------------------------
[2024-11-01T22:54:49-0700] Traceroute test started at 2024-11-01 22:54:49.481 PDT
[2024-11-01T22:54:51-0700] Waiting for 28.247 s to reach end time
[2024-11-01T22:55:19-0700] Saved traceroute test to /data/data/com.termux/files/home/storage/shared/bos_la_2024_trip/verizon/20241101/224911538/traceroute_225449529.out
[2024-11-01T22:55:19-0700] Traceroute summary (min/avg/max/mdev) 
[2024-11-01T22:55:19-0700] Traceroute test finished at 2024-11-01 22:55:19.570 PDT, duration: 30.089 s
[2024-11-01T22:55:19-0700] -------------------------------
[2024-11-01T22:55:19-0700] All tests completed, cleaning up...
[2024-11-01T22:55:19-0700] -------------------------------
[2024-11-01T22:57:51-0700] [measurement] Load environment variables from prod.env file
[2024-11-01T22:57:51-0700] [measurement] Load operator-specific env from verizon.env file
[2024-11-01T22:57:51-0700] Starting a network measurement, please choose a server
[2024-11-01T22:57:51-0700] 0) West Cloud: 54.176.53.206
[2024-11-01T22:57:51-0700] 1) East Cloud: 54.197.223.49
[2024-11-01T22:57:51-0700] 2) Los Angeles Wavelength: 161.188.33.234
[2024-11-01T22:57:51-0700] 3) Las Vegas Wavelength: 155.146.118.158
[2024-11-01T22:57:51-0700] 4) Denver Wavelength: 155.146.144.24
[2024-11-01T22:57:51-0700] 5) Chicago Wavelength: 155.146.180.31
[2024-11-01T22:57:51-0700] 6) Boston Wavelength: 155.146.11.34
[2024-11-01T22:58:03-0700] Enter your choice (0-6): Testing verizon, server 0 (ip: 54.176.53.206, nuttcp_port: 5101, iperf_port: 5001)
[2024-11-01T22:58:03-0700] -------------------------------
[2024-11-01T22:58:03-0700] tcp downlink test started at 2024-11-01 22:58:03.078 PDT
[2024-11-01T22:58:03-0700] Testing tcp downlink with 54.176.53.206:5101, interval 0.5 s, duration 120 s, timeout 121 s...
[2024-11-01T23:00:04-0700] Current time exceeds end time, skipping wait
[2024-11-01T23:00:04-0700] Saved tcp downlink test to /data/data/com.termux/files/home/storage/shared/bos_la_2024_trip/verizon/20241101/225803050/tcp_downlink_225803115.out
[2024-11-01T23:00:04-0700] DL AVG TPUT: 
[2024-11-01T23:00:04-0700] tcp downlink test finished at 2024-11-01 23:00:04.226 PDT, duration: 121.148 s
[2024-11-01T23:00:04-0700] -------------------------------
[2024-11-01T23:00:04-0700] Waiting for 2 s...
[2024-11-01T23:00:06-0700] -------------------------------
[2024-11-01T23:00:06-0700] Starting 5G booster for 5 s...
[2024-11-01T23:00:06-0700] 5G booster started at 2024-11-01 23:00:06.334 PDT
[2024-11-01T23:00:12-0700] Current time exceeds end time, skipping wait
[2024-11-01T23:00:12-0700] Saved TCP DL results to /data/data/com.termux/files/home/storage/shared/bos_la_2024_trip/verizon/20241101/225803050/tcp_downlink_230006355.out
[2024-11-01T23:00:12-0700] DL AVG TPUT: 
[2024-11-01T23:00:12-0700] 5G booster finished at 2024-11-01 23:00:12.442 PDT, duration: 6.108 s
[2024-11-01T23:00:12-0700] -------------------------------
[2024-11-01T23:00:12-0700] Waiting for 2 s...
[2024-11-01T23:00:14-0700] -------------------------------
[2024-11-01T23:00:14-0700] tcp uplink test started at 2024-11-01 23:00:14.536 PDT
[2024-11-01T23:00:14-0700] testing tcp uplink with 54.176.53.206:5101, interval 0.5, duration 120, timeout 121 ...
[2024-11-01T23:02:15-0700] Current time exceeds end time, skipping wait
[2024-11-01T23:02:15-0700] Saved uplink test to /data/data/com.termux/files/home/storage/shared/bos_la_2024_trip/verizon/20241101/225803050/tcp_uplink_230014558.out
[2024-11-01T23:02:15-0700] UL AVG TPUT: 51.9374 Mbps
[2024-11-01T23:02:15-0700] tcp uplink test finished at 2024-11-01 23:02:15.572 PDT, duration: 121.036 s
[2024-11-01T23:02:15-0700] -------------------------------
[2024-11-01T23:02:15-0700] Waiting for 2 s...
[2024-11-01T23:02:17-0700] -------------------------------
[2024-11-01T23:02:17-0700] Starting 5G booster for 5 s...
[2024-11-01T23:02:17-0700] 5G booster started at 2024-11-01 23:02:17.704 PDT
[2024-11-01T23:02:17-0700] server aborted connection
[2024-11-01T23:02:18-0700] Waiting for 5.722 s to reach end time
[2024-11-01T23:02:23-0700] Saved TCP DL results to /data/data/com.termux/files/home/storage/shared/bos_la_2024_trip/verizon/20241101/225803050/tcp_downlink_230217749.out
[2024-11-01T23:02:23-0700] [CAUTION] EMPTY LOG!
[2024-11-01T23:02:23-0700] 5G booster finished at 2024-11-01 23:02:23.857 PDT, duration: 6.153 s
[2024-11-01T23:02:23-0700] -------------------------------
[2024-11-01T23:02:23-0700] Waiting for 2 s...
[2024-11-01T23:02:25-0700] -------------------------------
[2024-11-01T23:02:26-0700] ICMP Ping test started at 2024-11-01 23:02:25.982 PDT
[2024-11-01T23:02:56-0700] Waiting for .853 s to reach end time
[2024-11-01T23:02:57-0700] Saved ping test to /data/data/com.termux/files/home/storage/shared/bos_la_2024_trip/verizon/20241101/225803050/icmp_ping_230226038.out
[2024-11-01T23:02:57-0700] Ping summary (min/avg/max/mdev) = 37.703/55.510/123.029/9.394 ms
[2024-11-01T23:02:57-0700] Ping test finished at 2024-11-01 23:02:57.079 PDT, duration: 31.097 s
[2024-11-01T23:02:57-0700] -------------------------------
[2024-11-01T23:02:57-0700] Waiting for 2 s...
[2024-11-01T23:02:59-0700] -------------------------------
[2024-11-01T23:02:59-0700] Starting 5G booster for 5 s...
[2024-11-01T23:02:59-0700] 5G booster started at 2024-11-01 23:02:59.218 PDT
[2024-11-01T23:03:05-0700] Current time exceeds end time, skipping wait
[2024-11-01T23:03:05-0700] Saved TCP DL results to /data/data/com.termux/files/home/storage/shared/bos_la_2024_trip/verizon/20241101/225803050/tcp_downlink_230259252.out
[2024-11-01T23:03:05-0700] DL AVG TPUT: 
[2024-11-01T23:03:05-0700] 5G booster finished at 2024-11-01 23:03:05.367 PDT, duration: 6.149 s
[2024-11-01T23:03:05-0700] -------------------------------
[2024-11-01T23:03:05-0700] Waiting for 2 s...
[2024-11-01T23:03:07-0700] -------------------------------
[2024-11-01T23:03:07-0700] TCP Ping test started at 2024-11-01 23:03:07.502 PDT
[2024-11-01T23:03:38-0700] Current time exceeds end time, skipping wait
[2024-11-01T23:03:38-0700] Saved TCP Ping test to /data/data/com.termux/files/home/storage/shared/bos_la_2024_trip/verizon/20241101/225803050/tcp_ping_230307555.out
[2024-11-01T23:03:38-0700] TCP Ping summary (min/avg/max/mdev) 
[2024-11-01T23:03:38-0700] TCP Ping test finished at 2024-11-01 23:03:38.661 PDT, duration: 31.159 s
[2024-11-01T23:03:38-0700] -------------------------------
[2024-11-01T23:03:38-0700] Waiting for 2 s...
[2024-11-01T23:03:40-0700] -------------------------------
[2024-11-01T23:03:40-0700] Traceroute test started at 2024-11-01 23:03:40.771 PDT
[2024-11-01T23:03:42-0700] Waiting for 28.001 s to reach end time
[2024-11-01T23:04:10-0700] Saved traceroute test to /data/data/com.termux/files/home/storage/shared/bos_la_2024_trip/verizon/20241101/225803050/traceroute_230340801.out
[2024-11-01T23:04:10-0700] Traceroute summary (min/avg/max/mdev) 
[2024-11-01T23:04:10-0700] Traceroute test finished at 2024-11-01 23:04:10.865 PDT, duration: 30.094 s
[2024-11-01T23:04:10-0700] -------------------------------
[2024-11-01T23:04:10-0700] All tests completed, cleaning up...
[2024-11-01T23:04:10-0700] -------------------------------
[2024-11-01T23:04:44-0700] [measurement] Load environment variables from prod.env file
[2024-11-01T23:04:44-0700] [measurement] Load operator-specific env from verizon.env file
[2024-11-01T23:04:44-0700] Starting a network measurement, please choose a server
[2024-11-01T23:04:44-0700] 0) West Cloud: 54.176.53.206
[2024-11-01T23:04:44-0700] 1) East Cloud: 54.197.223.49
[2024-11-01T23:04:44-0700] 2) Los Angeles Wavelength: 161.188.33.234
[2024-11-01T23:04:44-0700] 3) Las Vegas Wavelength: 155.146.118.158
[2024-11-01T23:04:44-0700] 4) Denver Wavelength: 155.146.144.24
[2024-11-01T23:04:44-0700] 5) Chicago Wavelength: 155.146.180.31
[2024-11-01T23:04:44-0700] 6) Boston Wavelength: 155.146.11.34
[2024-11-01T23:05:16-0700] Enter your choice (0-6): Testing verizon, server 3 (ip: 155.146.118.158, nuttcp_port: 5101, iperf_port: 5001)
[2024-11-01T23:05:16-0700] -------------------------------
[2024-11-01T23:05:16-0700] tcp downlink test started at 2024-11-01 23:05:16.201 PDT
[2024-11-01T23:05:16-0700] Testing tcp downlink with 155.146.118.158:5101, interval 0.5 s, duration 120 s, timeout 121 s...
[2024-11-01T23:07:17-0700] Current time exceeds end time, skipping wait
[2024-11-01T23:07:17-0700] Saved tcp downlink test to /data/data/com.termux/files/home/storage/shared/bos_la_2024_trip/verizon/20241101/230516178/tcp_downlink_230516245.out
[2024-11-01T23:07:17-0700] DL AVG TPUT: 
[2024-11-01T23:07:17-0700] tcp downlink test finished at 2024-11-01 23:07:17.316 PDT, duration: 121.115 s
[2024-11-01T23:07:17-0700] -------------------------------
[2024-11-01T23:07:17-0700] Waiting for 2 s...
[2024-11-01T23:07:19-0700] -------------------------------
[2024-11-01T23:07:19-0700] Starting 5G booster for 5 s...
[2024-11-01T23:07:19-0700] 5G booster started at 2024-11-01 23:07:19.417 PDT
[2024-11-01T23:07:25-0700] Current time exceeds end time, skipping wait
[2024-11-01T23:07:25-0700] Saved TCP DL results to /data/data/com.termux/files/home/storage/shared/bos_la_2024_trip/verizon/20241101/230516178/tcp_downlink_230719451.out
[2024-11-01T23:07:25-0700] DL AVG TPUT: 
[2024-11-01T23:07:25-0700] 5G booster finished at 2024-11-01 23:07:25.535 PDT, duration: 6.118 s
[2024-11-01T23:07:25-0700] -------------------------------
[2024-11-01T23:07:25-0700] Waiting for 2 s...
[2024-11-01T23:07:27-0700] -------------------------------
[2024-11-01T23:07:27-0700] tcp uplink test started at 2024-11-01 23:07:27.661 PDT
[2024-11-01T23:07:27-0700] testing tcp uplink with 155.146.118.158:5101, interval 0.5, duration 120, timeout 121 ...
[2024-11-01T23:09:28-0700] Current time exceeds end time, skipping wait
[2024-11-01T23:09:28-0700] Saved uplink test to /data/data/com.termux/files/home/storage/shared/bos_la_2024_trip/verizon/20241101/230516178/tcp_uplink_230727715.out
[2024-11-01T23:09:28-0700] UL AVG TPUT: 
[2024-11-01T23:09:28-0700] tcp uplink test finished at 2024-11-01 23:09:28.811 PDT, duration: 121.150 s
[2024-11-01T23:09:28-0700] -------------------------------
[2024-11-01T23:09:28-0700] Waiting for 2 s...
[2024-11-01T23:09:30-0700] -------------------------------
[2024-11-01T23:09:30-0700] Starting 5G booster for 5 s...
[2024-11-01T23:09:30-0700] 5G booster started at 2024-11-01 23:09:30.958 PDT
[2024-11-01T23:09:37-0700] Current time exceeds end time, skipping wait
[2024-11-01T23:09:37-0700] Saved TCP DL results to /data/data/com.termux/files/home/storage/shared/bos_la_2024_trip/verizon/20241101/230516178/tcp_downlink_230930998.out
[2024-11-01T23:09:37-0700] DL AVG TPUT: 
[2024-11-01T23:09:37-0700] 5G booster finished at 2024-11-01 23:09:37.095 PDT, duration: 6.137 s
[2024-11-01T23:09:37-0700] -------------------------------
[2024-11-01T23:09:37-0700] Waiting for 2 s...
[2024-11-01T23:09:39-0700] -------------------------------
[2024-11-01T23:09:39-0700] ICMP Ping test started at 2024-11-01 23:09:39.232 PDT
[2024-11-01T23:10:09-0700] Waiting for .837 s to reach end time
[2024-11-01T23:10:10-0700] Saved ping test to /data/data/com.termux/files/home/storage/shared/bos_la_2024_trip/verizon/20241101/230516178/icmp_ping_230939286.out
[2024-11-01T23:10:10-0700] Ping summary (min/avg/max/mdev) = 25.670/63.457/696.197/102.334 ms
[2024-11-01T23:10:10-0700] Ping test finished at 2024-11-01 23:10:10.321 PDT, duration: 31.089 s
[2024-11-01T23:10:10-0700] -------------------------------
[2024-11-01T23:10:10-0700] Waiting for 2 s...
[2024-11-01T23:10:12-0700] -------------------------------
[2024-11-01T23:10:12-0700] Starting 5G booster for 5 s...
[2024-11-01T23:10:12-0700] 5G booster started at 2024-11-01 23:10:12.514 PDT
[2024-11-01T23:10:18-0700] Current time exceeds end time, skipping wait
[2024-11-01T23:10:18-0700] Saved TCP DL results to /data/data/com.termux/files/home/storage/shared/bos_la_2024_trip/verizon/20241101/230516178/tcp_downlink_231012547.out
[2024-11-01T23:10:18-0700] DL AVG TPUT: 
[2024-11-01T23:10:18-0700] 5G booster finished at 2024-11-01 23:10:18.665 PDT, duration: 6.151 s
[2024-11-01T23:10:18-0700] -------------------------------
[2024-11-01T23:10:18-0700] Waiting for 2 s...
[2024-11-01T23:10:20-0700] -------------------------------
[2024-11-01T23:10:20-0700] TCP Ping test started at 2024-11-01 23:10:20.800 PDT
[2024-11-01T23:10:51-0700] Current time exceeds end time, skipping wait
[2024-11-01T23:10:51-0700] Saved TCP Ping test to /data/data/com.termux/files/home/storage/shared/bos_la_2024_trip/verizon/20241101/230516178/tcp_ping_231020838.out
[2024-11-01T23:10:51-0700] TCP Ping summary (min/avg/max/mdev) 
[2024-11-01T23:10:51-0700] TCP Ping test finished at 2024-11-01 23:10:51.920 PDT, duration: 31.120 s
[2024-11-01T23:10:51-0700] -------------------------------
[2024-11-01T23:10:51-0700] Waiting for 2 s...
[2024-11-01T23:10:54-0700] -------------------------------
[2024-11-01T23:10:54-0700] Traceroute test started at 2024-11-01 23:10:54.019 PDT
[2024-11-01T23:10:55-0700] Waiting for 28.389 s to reach end time
[2024-11-01T23:11:24-0700] Saved traceroute test to /data/data/com.termux/files/home/storage/shared/bos_la_2024_trip/verizon/20241101/230516178/traceroute_231054047.out
[2024-11-01T23:11:24-0700] Traceroute summary (min/avg/max/mdev) 
[2024-11-01T23:11:24-0700] Traceroute test finished at 2024-11-01 23:11:24.098 PDT, duration: 30.079 s
[2024-11-01T23:11:24-0700] -------------------------------
[2024-11-01T23:11:24-0700] All tests completed, cleaning up...
[2024-11-01T23:11:24-0700] -------------------------------
