[2024-11-05T10:00:02-0600] [measurement] Load environment variables from prod.env file
[2024-11-05T10:00:02-0600] Starting a network measurement, please choose a server
[2024-11-05T10:00:02-0600] 0) West Cloud: 54.176.53.206
[2024-11-05T10:00:02-0600] 1) East Cloud: 54.197.223.49
[2024-11-05T10:00:32-0600] Enter your choice (0-1): Testing att, server 1 (ip: 54.197.223.49, nuttcp_port: 5102, iperf_port: 5002)
[2024-11-05T10:00:32-0600] -------------------------------
[2024-11-05T10:00:32-0600] tcp downlink test started at 2024-11-05 10:00:32.159 CST
[2024-11-05T10:00:32-0600] Testing tcp downlink with 54.197.223.49:5102, interval 0.5 s, duration 120 s, timeout 121 s...
[2024-11-05T10:02:33-0600] Current time exceeds end time, skipping wait
[2024-11-05T10:02:33-0600] Saved tcp downlink test to /data/data/com.termux/files/home/storage/shared/bos_la_2024_trip/att/20241105/100032142/tcp_downlink_100032193.out
[2024-11-05T10:02:33-0600] DL AVG TPUT: 
[2024-11-05T10:02:33-0600] tcp downlink test finished at 2024-11-05 10:02:33.306 CST, duration: 121.147 s
[2024-11-05T10:02:33-0600] -------------------------------
[2024-11-05T10:02:33-0600] Waiting for 2 s...
[2024-11-05T10:02:35-0600] -------------------------------
[2024-11-05T10:02:35-0600] Starting 5G booster for 5 s...
[2024-11-05T10:02:35-0600] 5G booster started at 2024-11-05 10:02:35.436 CST
[2024-11-05T10:02:41-0600] Current time exceeds end time, skipping wait
[2024-11-05T10:02:41-0600] Saved TCP DL results to /data/data/com.termux/files/home/storage/shared/bos_la_2024_trip/att/20241105/100032142/tcp_downlink_100235461.out
[2024-11-05T10:02:41-0600] DL AVG TPUT: 
[2024-11-05T10:02:41-0600] 5G booster finished at 2024-11-05 10:02:41.527 CST, duration: 6.091 s
[2024-11-05T10:02:41-0600] -------------------------------
[2024-11-05T10:02:41-0600] Waiting for 2 s...
[2024-11-05T10:02:43-0600] -------------------------------
[2024-11-05T10:02:43-0600] tcp uplink test started at 2024-11-05 10:02:43.655 CST
[2024-11-05T10:02:43-0600] testing tcp uplink with 54.197.223.49:5102, interval 0.5, duration 120, timeout 121 ...
[2024-11-05T10:04:44-0600] Current time exceeds end time, skipping wait
[2024-11-05T10:04:44-0600] Saved uplink test to /data/data/com.termux/files/home/storage/shared/bos_la_2024_trip/att/20241105/100032142/tcp_uplink_100243707.out
[2024-11-05T10:04:44-0600] UL AVG TPUT: 
[2024-11-05T10:04:44-0600] tcp uplink test finished at 2024-11-05 10:04:44.790 CST, duration: 121.135 s
[2024-11-05T10:04:44-0600] -------------------------------
[2024-11-05T10:04:44-0600] Waiting for 2 s...
[2024-11-05T10:04:46-0600] -------------------------------
[2024-11-05T10:04:46-0600] Starting 5G booster for 5 s...
[2024-11-05T10:04:46-0600] 5G booster started at 2024-11-05 10:04:46.927 CST
[2024-11-05T10:04:53-0600] Current time exceeds end time, skipping wait
[2024-11-05T10:04:53-0600] Saved TCP DL results to /data/data/com.termux/files/home/storage/shared/bos_la_2024_trip/att/20241105/100032142/tcp_downlink_100446955.out
[2024-11-05T10:04:53-0600] DL AVG TPUT: 
[2024-11-05T10:04:53-0600] 5G booster finished at 2024-11-05 10:04:53.068 CST, duration: 6.141 s
[2024-11-05T10:04:53-0600] -------------------------------
[2024-11-05T10:04:53-0600] Waiting for 2 s...
[2024-11-05T10:04:55-0600] -------------------------------
[2024-11-05T10:04:55-0600] ICMP Ping test started at 2024-11-05 10:04:55.166 CST
[2024-11-05T10:05:25-0600] Waiting for .887 s to reach end time
[2024-11-05T10:05:26-0600] Saved ping test to /data/data/com.termux/files/home/storage/shared/bos_la_2024_trip/att/20241105/100032142/icmp_ping_100455192.out
[2024-11-05T10:05:26-0600] Ping summary (min/avg/max/mdev) = 39.683/45.424/73.378/5.174 ms
[2024-11-05T10:05:26-0600] Ping test finished at 2024-11-05 10:05:26.217 CST, duration: 31.051 s
[2024-11-05T10:05:26-0600] -------------------------------
[2024-11-05T10:05:26-0600] Waiting for 2 s...
[2024-11-05T10:05:28-0600] -------------------------------
[2024-11-05T10:05:28-0600] Starting 5G booster for 5 s...
[2024-11-05T10:05:28-0600] 5G booster started at 2024-11-05 10:05:28.303 CST
[2024-11-05T10:05:34-0600] Current time exceeds end time, skipping wait
[2024-11-05T10:05:34-0600] Saved TCP DL results to /data/data/com.termux/files/home/storage/shared/bos_la_2024_trip/att/20241105/100032142/tcp_downlink_100528325.out
[2024-11-05T10:05:34-0600] DL AVG TPUT: 
[2024-11-05T10:05:34-0600] 5G booster finished at 2024-11-05 10:05:34.382 CST, duration: 6.079 s
[2024-11-05T10:05:34-0600] -------------------------------
[2024-11-05T10:05:34-0600] Waiting for 2 s...
[2024-11-05T10:05:36-0600] -------------------------------
[2024-11-05T10:05:36-0600] TCP Ping test started at 2024-11-05 10:05:36.461 CST
[2024-11-05T10:06:07-0600] Current time exceeds end time, skipping wait
[2024-11-05T10:06:07-0600] Saved TCP Ping test to /data/data/com.termux/files/home/storage/shared/bos_la_2024_trip/att/20241105/100032142/tcp_ping_100536481.out
[2024-11-05T10:06:07-0600] TCP Ping summary (min/avg/max/mdev) 
[2024-11-05T10:06:07-0600] TCP Ping test finished at 2024-11-05 10:06:07.560 CST, duration: 31.099 s
[2024-11-05T10:06:07-0600] -------------------------------
[2024-11-05T10:06:07-0600] Waiting for 2 s...
[2024-11-05T10:06:09-0600] -------------------------------
[2024-11-05T10:06:09-0600] Traceroute test started at 2024-11-05 10:06:09.663 CST
[2024-11-05T10:06:20-0600] Waiting for 18.960 s to reach end time
[2024-11-05T10:06:39-0600] Saved traceroute test to /data/data/com.termux/files/home/storage/shared/bos_la_2024_trip/att/20241105/100032142/traceroute_100609689.out
[2024-11-05T10:06:39-0600] Traceroute summary (min/avg/max/mdev) 
[2024-11-05T10:06:39-0600] Traceroute test finished at 2024-11-05 10:06:39.738 CST, duration: 30.075 s
[2024-11-05T10:06:39-0600] -------------------------------
[2024-11-05T10:06:39-0600] All tests completed, cleaning up...
[2024-11-05T10:06:39-0600] -------------------------------
[2024-11-05T10:08:02-0600] [measurement] Load environment variables from prod.env file
[2024-11-05T10:08:02-0600] Starting a network measurement, please choose a server
[2024-11-05T10:08:02-0600] 0) West Cloud: 54.176.53.206
[2024-11-05T10:08:02-0600] 1) East Cloud: 54.197.223.49
[2024-11-05T10:08:18-0600] Enter your choice (0-1): Testing att, server 1 (ip: 54.197.223.49, nuttcp_port: 5102, iperf_port: 5002)
[2024-11-05T10:08:18-0600] -------------------------------
[2024-11-05T10:08:18-0600] tcp downlink test started at 2024-11-05 10:08:18.481 CST
[2024-11-05T10:08:18-0600] Testing tcp downlink with 54.197.223.49:5102, interval 0.5 s, duration 120 s, timeout 121 s...
[2024-11-05T10:10:19-0600] Current time exceeds end time, skipping wait
[2024-11-05T10:10:19-0600] Saved tcp downlink test to /data/data/com.termux/files/home/storage/shared/bos_la_2024_trip/att/20241105/100818455/tcp_downlink_100818517.out
[2024-11-05T10:10:19-0600] DL AVG TPUT: 
[2024-11-05T10:10:19-0600] tcp downlink test finished at 2024-11-05 10:10:19.597 CST, duration: 121.116 s
[2024-11-05T10:10:19-0600] -------------------------------
[2024-11-05T10:10:19-0600] Waiting for 2 s...
[2024-11-05T10:10:21-0600] -------------------------------
[2024-11-05T10:10:21-0600] Starting 5G booster for 5 s...
[2024-11-05T10:10:21-0600] 5G booster started at 2024-11-05 10:10:21.710 CST
[2024-11-05T10:10:27-0600] Current time exceeds end time, skipping wait
[2024-11-05T10:10:27-0600] Saved TCP DL results to /data/data/com.termux/files/home/storage/shared/bos_la_2024_trip/att/20241105/100818455/tcp_downlink_101021735.out
[2024-11-05T10:10:27-0600] DL AVG TPUT: 
[2024-11-05T10:10:27-0600] 5G booster finished at 2024-11-05 10:10:27.824 CST, duration: 6.114 s
[2024-11-05T10:10:27-0600] -------------------------------
[2024-11-05T10:10:27-0600] Waiting for 2 s...
[2024-11-05T10:10:29-0600] -------------------------------
[2024-11-05T10:10:29-0600] tcp uplink test started at 2024-11-05 10:10:29.919 CST
[2024-11-05T10:10:29-0600] testing tcp uplink with 54.197.223.49:5102, interval 0.5, duration 120, timeout 121 ...
[2024-11-05T10:12:30-0600] Current time exceeds end time, skipping wait
[2024-11-05T10:12:30-0600] Saved uplink test to /data/data/com.termux/files/home/storage/shared/bos_la_2024_trip/att/20241105/100818455/tcp_uplink_101029941.out
[2024-11-05T10:12:31-0600] UL AVG TPUT: 
[2024-11-05T10:12:31-0600] tcp uplink test finished at 2024-11-05 10:12:30.990 CST, duration: 121.071 s
[2024-11-05T10:12:31-0600] -------------------------------
[2024-11-05T10:12:31-0600] Waiting for 2 s...
[2024-11-05T10:12:33-0600] -------------------------------
[2024-11-05T10:12:33-0600] Starting 5G booster for 5 s...
[2024-11-05T10:12:33-0600] 5G booster started at 2024-11-05 10:12:33.079 CST
[2024-11-05T10:12:39-0600] Current time exceeds end time, skipping wait
[2024-11-05T10:12:39-0600] Saved TCP DL results to /data/data/com.termux/files/home/storage/shared/bos_la_2024_trip/att/20241105/100818455/tcp_downlink_101233104.out
[2024-11-05T10:12:39-0600] DL AVG TPUT: 
[2024-11-05T10:12:39-0600] 5G booster finished at 2024-11-05 10:12:39.174 CST, duration: 6.095 s
[2024-11-05T10:12:39-0600] -------------------------------
[2024-11-05T10:12:39-0600] Waiting for 2 s...
[2024-11-05T10:12:41-0600] -------------------------------
[2024-11-05T10:12:41-0600] ICMP Ping test started at 2024-11-05 10:12:41.270 CST
[2024-11-05T10:13:11-0600] Waiting for .855 s to reach end time
[2024-11-05T10:13:12-0600] Saved ping test to /data/data/com.termux/files/home/storage/shared/bos_la_2024_trip/att/20241105/100818455/icmp_ping_101241322.out
[2024-11-05T10:13:12-0600] Ping summary (min/avg/max/mdev) = 49.292/62.882/177.325/13.693 ms
[2024-11-05T10:13:12-0600] Ping test finished at 2024-11-05 10:13:12.382 CST, duration: 31.112 s
[2024-11-05T10:13:12-0600] -------------------------------
[2024-11-05T10:13:12-0600] Waiting for 2 s...
[2024-11-05T10:13:14-0600] -------------------------------
[2024-11-05T10:13:14-0600] Starting 5G booster for 5 s...
[2024-11-05T10:13:14-0600] 5G booster started at 2024-11-05 10:13:14.478 CST
[2024-11-05T10:13:20-0600] Current time exceeds end time, skipping wait
[2024-11-05T10:13:20-0600] Saved TCP DL results to /data/data/com.termux/files/home/storage/shared/bos_la_2024_trip/att/20241105/100818455/tcp_downlink_101314505.out
[2024-11-05T10:13:20-0600] DL AVG TPUT: 
[2024-11-05T10:13:20-0600] 5G booster finished at 2024-11-05 10:13:20.570 CST, duration: 6.092 s
[2024-11-05T10:13:20-0600] -------------------------------
[2024-11-05T10:13:20-0600] Waiting for 2 s...
[2024-11-05T10:13:22-0600] -------------------------------
[2024-11-05T10:13:22-0600] TCP Ping test started at 2024-11-05 10:13:22.701 CST
[2024-11-05T10:13:53-0600] Current time exceeds end time, skipping wait
[2024-11-05T10:13:53-0600] Saved TCP Ping test to /data/data/com.termux/files/home/storage/shared/bos_la_2024_trip/att/20241105/100818455/tcp_ping_101322733.out
[2024-11-05T10:13:53-0600] TCP Ping summary (min/avg/max/mdev) 
[2024-11-05T10:13:53-0600] TCP Ping test finished at 2024-11-05 10:13:53.846 CST, duration: 31.145 s
[2024-11-05T10:13:53-0600] -------------------------------
[2024-11-05T10:13:53-0600] Waiting for 2 s...
[2024-11-05T10:13:55-0600] -------------------------------
[2024-11-05T10:13:55-0600] Traceroute test started at 2024-11-05 10:13:55.948 CST
[2024-11-05T10:14:06-0600] Waiting for 19.221 s to reach end time
[2024-11-05T10:14:26-0600] Saved traceroute test to /data/data/com.termux/files/home/storage/shared/bos_la_2024_trip/att/20241105/100818455/traceroute_101355971.out
[2024-11-05T10:14:26-0600] Traceroute summary (min/avg/max/mdev) 
[2024-11-05T10:14:26-0600] Traceroute test finished at 2024-11-05 10:14:26.028 CST, duration: 30.080 s
[2024-11-05T10:14:26-0600] -------------------------------
[2024-11-05T10:14:26-0600] All tests completed, cleaning up...
[2024-11-05T10:14:26-0600] -------------------------------
[2024-11-05T10:15:21-0600] [measurement] Load environment variables from prod.env file
[2024-11-05T10:15:21-0600] Starting a network measurement, please choose a server
[2024-11-05T10:15:21-0600] 0) West Cloud: 54.176.53.206
[2024-11-05T10:15:21-0600] 1) East Cloud: 54.197.223.49
[2024-11-05T10:15:53-0600] Enter your choice (0-1): Testing att, server 1 (ip: 54.197.223.49, nuttcp_port: 5102, iperf_port: 5002)
[2024-11-05T10:15:53-0600] -------------------------------
[2024-11-05T10:15:53-0600] tcp downlink test started at 2024-11-05 10:15:53.556 CST
[2024-11-05T10:15:53-0600] Testing tcp downlink with 54.197.223.49:5102, interval 0.5 s, duration 120 s, timeout 121 s...
[2024-11-05T10:17:54-0600] Current time exceeds end time, skipping wait
[2024-11-05T10:17:54-0600] Saved tcp downlink test to /data/data/com.termux/files/home/storage/shared/bos_la_2024_trip/att/20241105/101553538/tcp_downlink_101553592.out
[2024-11-05T10:17:54-0600] DL AVG TPUT: 
[2024-11-05T10:17:54-0600] tcp downlink test finished at 2024-11-05 10:17:54.717 CST, duration: 121.161 s
[2024-11-05T10:17:54-0600] -------------------------------
[2024-11-05T10:17:54-0600] Waiting for 2 s...
[2024-11-05T10:17:56-0600] -------------------------------
[2024-11-05T10:17:56-0600] Starting 5G booster for 5 s...
[2024-11-05T10:17:56-0600] 5G booster started at 2024-11-05 10:17:56.849 CST
[2024-11-05T10:18:02-0600] Current time exceeds end time, skipping wait
[2024-11-05T10:18:02-0600] Saved TCP DL results to /data/data/com.termux/files/home/storage/shared/bos_la_2024_trip/att/20241105/101553538/tcp_downlink_101756880.out
[2024-11-05T10:18:03-0600] DL AVG TPUT: 
[2024-11-05T10:18:03-0600] 5G booster finished at 2024-11-05 10:18:02.979 CST, duration: 6.130 s
[2024-11-05T10:18:03-0600] -------------------------------
[2024-11-05T10:18:03-0600] Waiting for 2 s...
[2024-11-05T10:18:05-0600] -------------------------------
[2024-11-05T10:18:05-0600] tcp uplink test started at 2024-11-05 10:18:05.087 CST
[2024-11-05T10:18:05-0600] testing tcp uplink with 54.197.223.49:5102, interval 0.5, duration 120, timeout 121 ...
[2024-11-05T10:20:06-0600] Current time exceeds end time, skipping wait
[2024-11-05T10:20:06-0600] Saved uplink test to /data/data/com.termux/files/home/storage/shared/bos_la_2024_trip/att/20241105/101553538/tcp_uplink_101805117.out
[2024-11-05T10:20:06-0600] UL AVG TPUT: 
[2024-11-05T10:20:06-0600] tcp uplink test finished at 2024-11-05 10:20:06.203 CST, duration: 121.116 s
[2024-11-05T10:20:06-0600] -------------------------------
[2024-11-05T10:20:06-0600] Waiting for 2 s...
[2024-11-05T10:20:08-0600] -------------------------------
[2024-11-05T10:20:08-0600] Starting 5G booster for 5 s...
[2024-11-05T10:20:08-0600] 5G booster started at 2024-11-05 10:20:08.338 CST
[2024-11-05T10:20:14-0600] Current time exceeds end time, skipping wait
[2024-11-05T10:20:14-0600] Saved TCP DL results to /data/data/com.termux/files/home/storage/shared/bos_la_2024_trip/att/20241105/101553538/tcp_downlink_102008362.out
[2024-11-05T10:20:14-0600] DL AVG TPUT: 
[2024-11-05T10:20:14-0600] 5G booster finished at 2024-11-05 10:20:14.434 CST, duration: 6.096 s
[2024-11-05T10:20:14-0600] -------------------------------
[2024-11-05T10:20:14-0600] Waiting for 2 s...
[2024-11-05T10:20:16-0600] -------------------------------
[2024-11-05T10:20:16-0600] ICMP Ping test started at 2024-11-05 10:20:16.533 CST
[2024-11-05T10:20:46-0600] Waiting for .894 s to reach end time
[2024-11-05T10:20:47-0600] Saved ping test to /data/data/com.termux/files/home/storage/shared/bos_la_2024_trip/att/20241105/101553538/icmp_ping_102016585.out
[2024-11-05T10:20:47-0600] Ping summary (min/avg/max/mdev) = 49.871/70.780/259.360/22.577 ms
[2024-11-05T10:20:47-0600] Ping test finished at 2024-11-05 10:20:47.606 CST, duration: 31.073 s
[2024-11-05T10:20:47-0600] -------------------------------
[2024-11-05T10:20:47-0600] Waiting for 2 s...
[2024-11-05T10:20:49-0600] -------------------------------
[2024-11-05T10:20:49-0600] Starting 5G booster for 5 s...
[2024-11-05T10:20:49-0600] 5G booster started at 2024-11-05 10:20:49.742 CST
[2024-11-05T10:20:55-0600] Current time exceeds end time, skipping wait
[2024-11-05T10:20:55-0600] Saved TCP DL results to /data/data/com.termux/files/home/storage/shared/bos_la_2024_trip/att/20241105/101553538/tcp_downlink_102049770.out
[2024-11-05T10:20:55-0600] DL AVG TPUT: 
[2024-11-05T10:20:55-0600] 5G booster finished at 2024-11-05 10:20:55.864 CST, duration: 6.122 s
[2024-11-05T10:20:55-0600] -------------------------------
[2024-11-05T10:20:55-0600] Waiting for 2 s...
[2024-11-05T10:20:57-0600] -------------------------------
[2024-11-05T10:20:58-0600] TCP Ping test started at 2024-11-05 10:20:57.984 CST
[2024-11-05T10:21:29-0600] Current time exceeds end time, skipping wait
[2024-11-05T10:21:29-0600] Saved TCP Ping test to /data/data/com.termux/files/home/storage/shared/bos_la_2024_trip/att/20241105/101553538/tcp_ping_102058014.out
[2024-11-05T10:21:29-0600] TCP Ping summary (min/avg/max/mdev) 
[2024-11-05T10:21:29-0600] TCP Ping test finished at 2024-11-05 10:21:29.111 CST, duration: 31.127 s
[2024-11-05T10:21:29-0600] -------------------------------
[2024-11-05T10:21:29-0600] Waiting for 2 s...
[2024-11-05T10:21:31-0600] -------------------------------
[2024-11-05T10:21:31-0600] Traceroute test started at 2024-11-05 10:21:31.225 CST
[2024-11-05T10:21:42-0600] Waiting for 19.097 s to reach end time
[2024-11-05T10:22:01-0600] Saved traceroute test to /data/data/com.termux/files/home/storage/shared/bos_la_2024_trip/att/20241105/101553538/traceroute_102131256.out
[2024-11-05T10:22:01-0600] Traceroute summary (min/avg/max/mdev) 
[2024-11-05T10:22:01-0600] Traceroute test finished at 2024-11-05 10:22:01.294 CST, duration: 30.069 s
[2024-11-05T10:22:01-0600] -------------------------------
[2024-11-05T10:22:01-0600] All tests completed, cleaning up...
[2024-11-05T10:22:01-0600] -------------------------------
[2024-11-05T10:22:18-0600] [measurement] Load environment variables from prod.env file
[2024-11-05T10:22:18-0600] Starting a network measurement, please choose a server
[2024-11-05T10:22:18-0600] 0) West Cloud: 54.176.53.206
[2024-11-05T10:22:18-0600] 1) East Cloud: 54.197.223.49
[2024-11-05T10:22:56-0600] Enter your choice (0-1): Testing att, server 1 (ip: 54.197.223.49, nuttcp_port: 5102, iperf_port: 5002)
[2024-11-05T10:22:56-0600] -------------------------------
[2024-11-05T10:22:56-0600] tcp downlink test started at 2024-11-05 10:22:56.729 CST
[2024-11-05T10:22:56-0600] Testing tcp downlink with 54.197.223.49:5102, interval 0.5 s, duration 120 s, timeout 121 s...
[2024-11-05T10:24:57-0600] Current time exceeds end time, skipping wait
[2024-11-05T10:24:57-0600] Saved tcp downlink test to /data/data/com.termux/files/home/storage/shared/bos_la_2024_trip/att/20241105/102256713/tcp_downlink_102256748.out
[2024-11-05T10:24:57-0600] DL AVG TPUT: 
[2024-11-05T10:24:57-0600] tcp downlink test finished at 2024-11-05 10:24:57.805 CST, duration: 121.076 s
[2024-11-05T10:24:57-0600] -------------------------------
[2024-11-05T10:24:57-0600] Waiting for 2 s...
[2024-11-05T10:24:59-0600] -------------------------------
[2024-11-05T10:24:59-0600] Starting 5G booster for 5 s...
[2024-11-05T10:24:59-0600] 5G booster started at 2024-11-05 10:24:59.894 CST
[2024-11-05T10:25:05-0600] Current time exceeds end time, skipping wait
[2024-11-05T10:25:06-0600] Saved TCP DL results to /data/data/com.termux/files/home/storage/shared/bos_la_2024_trip/att/20241105/102256713/tcp_downlink_102459929.out
[2024-11-05T10:25:06-0600] DL AVG TPUT: 
[2024-11-05T10:25:06-0600] 5G booster finished at 2024-11-05 10:25:06.002 CST, duration: 6.108 s
[2024-11-05T10:25:06-0600] -------------------------------
[2024-11-05T10:25:06-0600] Waiting for 2 s...
[2024-11-05T10:25:08-0600] -------------------------------
[2024-11-05T10:25:08-0600] tcp uplink test started at 2024-11-05 10:25:08.103 CST
[2024-11-05T10:25:08-0600] testing tcp uplink with 54.197.223.49:5102, interval 0.5, duration 120, timeout 121 ...
[2024-11-05T10:27:09-0600] Current time exceeds end time, skipping wait
[2024-11-05T10:27:09-0600] Saved uplink test to /data/data/com.termux/files/home/storage/shared/bos_la_2024_trip/att/20241105/102256713/tcp_uplink_102508150.out
[2024-11-05T10:27:09-0600] UL AVG TPUT: 
[2024-11-05T10:27:09-0600] tcp uplink test finished at 2024-11-05 10:27:09.246 CST, duration: 121.143 s
[2024-11-05T10:27:09-0600] -------------------------------
[2024-11-05T10:27:09-0600] Waiting for 2 s...
[2024-11-05T10:27:11-0600] -------------------------------
[2024-11-05T10:27:11-0600] Starting 5G booster for 5 s...
[2024-11-05T10:27:11-0600] 5G booster started at 2024-11-05 10:27:11.374 CST
[2024-11-05T10:27:17-0600] Current time exceeds end time, skipping wait
[2024-11-05T10:27:17-0600] Saved TCP DL results to /data/data/com.termux/files/home/storage/shared/bos_la_2024_trip/att/20241105/102256713/tcp_downlink_102711403.out
[2024-11-05T10:27:17-0600] DL AVG TPUT: 
[2024-11-05T10:27:17-0600] 5G booster finished at 2024-11-05 10:27:17.506 CST, duration: 6.132 s
[2024-11-05T10:27:17-0600] -------------------------------
[2024-11-05T10:27:17-0600] Waiting for 2 s...
[2024-11-05T10:27:19-0600] -------------------------------
[2024-11-05T10:27:19-0600] ICMP Ping test started at 2024-11-05 10:27:19.594 CST
[2024-11-05T10:27:49-0600] Waiting for .868 s to reach end time
[2024-11-05T10:27:50-0600] Saved ping test to /data/data/com.termux/files/home/storage/shared/bos_la_2024_trip/att/20241105/102256713/icmp_ping_102719645.out
[2024-11-05T10:27:50-0600] Ping summary (min/avg/max/mdev) = 50.368/69.000/211.419/22.083 ms
[2024-11-05T10:27:50-0600] Ping test finished at 2024-11-05 10:27:50.686 CST, duration: 31.092 s
[2024-11-05T10:27:50-0600] -------------------------------
[2024-11-05T10:27:50-0600] Waiting for 2 s...
[2024-11-05T10:27:52-0600] -------------------------------
[2024-11-05T10:27:52-0600] Starting 5G booster for 5 s...
[2024-11-05T10:27:52-0600] 5G booster started at 2024-11-05 10:27:52.791 CST
[2024-11-05T10:27:58-0600] Current time exceeds end time, skipping wait
[2024-11-05T10:27:58-0600] Saved TCP DL results to /data/data/com.termux/files/home/storage/shared/bos_la_2024_trip/att/20241105/102256713/tcp_downlink_102752840.out
[2024-11-05T10:27:58-0600] DL AVG TPUT: 
[2024-11-05T10:27:58-0600] 5G booster finished at 2024-11-05 10:27:58.913 CST, duration: 6.122 s
[2024-11-05T10:27:58-0600] -------------------------------
[2024-11-05T10:27:58-0600] Waiting for 2 s...
[2024-11-05T10:28:00-0600] -------------------------------
[2024-11-05T10:28:01-0600] TCP Ping test started at 2024-11-05 10:28:00.994 CST
[2024-11-05T10:28:32-0600] Current time exceeds end time, skipping wait
[2024-11-05T10:28:32-0600] Saved TCP Ping test to /data/data/com.termux/files/home/storage/shared/bos_la_2024_trip/att/20241105/102256713/tcp_ping_102801020.out
[2024-11-05T10:28:32-0600] TCP Ping summary (min/avg/max/mdev) 
[2024-11-05T10:28:32-0600] TCP Ping test finished at 2024-11-05 10:28:32.098 CST, duration: 31.104 s
[2024-11-05T10:28:32-0600] -------------------------------
[2024-11-05T10:28:32-0600] Waiting for 2 s...
[2024-11-05T10:28:34-0600] -------------------------------
[2024-11-05T10:28:34-0600] Traceroute test started at 2024-11-05 10:28:34.198 CST
[2024-11-05T10:28:45-0600] Waiting for 18.947 s to reach end time
[2024-11-05T10:29:04-0600] Saved traceroute test to /data/data/com.termux/files/home/storage/shared/bos_la_2024_trip/att/20241105/102256713/traceroute_102834251.out
[2024-11-05T10:29:04-0600] Traceroute summary (min/avg/max/mdev) 
[2024-11-05T10:29:04-0600] Traceroute test finished at 2024-11-05 10:29:04.284 CST, duration: 30.086 s
[2024-11-05T10:29:04-0600] -------------------------------
[2024-11-05T10:29:04-0600] All tests completed, cleaning up...
[2024-11-05T10:29:04-0600] -------------------------------
[2024-11-05T10:29:26-0600] [measurement] Load environment variables from prod.env file
[2024-11-05T10:29:26-0600] Starting a network measurement, please choose a server
[2024-11-05T10:29:26-0600] 0) West Cloud: 54.176.53.206
[2024-11-05T10:29:26-0600] 1) East Cloud: 54.197.223.49
[2024-11-05T10:29:50-0600] Enter your choice (0-1): Testing att, server 1 (ip: 54.197.223.49, nuttcp_port: 5102, iperf_port: 5002)
[2024-11-05T10:29:50-0600] -------------------------------
[2024-11-05T10:29:50-0600] tcp downlink test started at 2024-11-05 10:29:50.465 CST
[2024-11-05T10:29:50-0600] Testing tcp downlink with 54.197.223.49:5102, interval 0.5 s, duration 120 s, timeout 121 s...
[2024-11-05T10:31:51-0600] Current time exceeds end time, skipping wait
[2024-11-05T10:31:51-0600] Saved tcp downlink test to /data/data/com.termux/files/home/storage/shared/bos_la_2024_trip/att/20241105/102950440/tcp_downlink_102950498.out
[2024-11-05T10:31:51-0600] DL AVG TPUT: 
[2024-11-05T10:31:51-0600] tcp downlink test finished at 2024-11-05 10:31:51.578 CST, duration: 121.113 s
[2024-11-05T10:31:51-0600] -------------------------------
[2024-11-05T10:31:51-0600] Waiting for 2 s...
[2024-11-05T10:31:53-0600] -------------------------------
[2024-11-05T10:31:53-0600] Starting 5G booster for 5 s...
[2024-11-05T10:31:53-0600] 5G booster started at 2024-11-05 10:31:53.688 CST
[2024-11-05T10:31:59-0600] Current time exceeds end time, skipping wait
[2024-11-05T10:31:59-0600] Saved TCP DL results to /data/data/com.termux/files/home/storage/shared/bos_la_2024_trip/att/20241105/102950440/tcp_downlink_103153718.out
[2024-11-05T10:31:59-0600] DL AVG TPUT: 
[2024-11-05T10:31:59-0600] 5G booster finished at 2024-11-05 10:31:59.802 CST, duration: 6.114 s
[2024-11-05T10:31:59-0600] -------------------------------
[2024-11-05T10:31:59-0600] Waiting for 2 s...
[2024-11-05T10:32:01-0600] -------------------------------
[2024-11-05T10:32:01-0600] tcp uplink test started at 2024-11-05 10:32:01.909 CST
[2024-11-05T10:32:01-0600] testing tcp uplink with 54.197.223.49:5102, interval 0.5, duration 120, timeout 121 ...
[2024-11-05T10:34:02-0600] Current time exceeds end time, skipping wait
[2024-11-05T10:34:03-0600] Saved uplink test to /data/data/com.termux/files/home/storage/shared/bos_la_2024_trip/att/20241105/102950440/tcp_uplink_103201936.out
[2024-11-05T10:34:03-0600] UL AVG TPUT: 
[2024-11-05T10:34:03-0600] tcp uplink test finished at 2024-11-05 10:34:03.004 CST, duration: 121.095 s
[2024-11-05T10:34:03-0600] -------------------------------
[2024-11-05T10:34:03-0600] Waiting for 2 s...
[2024-11-05T10:34:05-0600] -------------------------------
[2024-11-05T10:34:05-0600] Starting 5G booster for 5 s...
[2024-11-05T10:34:05-0600] 5G booster started at 2024-11-05 10:34:05.140 CST
[2024-11-05T10:34:11-0600] Current time exceeds end time, skipping wait
[2024-11-05T10:34:11-0600] Saved TCP DL results to /data/data/com.termux/files/home/storage/shared/bos_la_2024_trip/att/20241105/102950440/tcp_downlink_103405169.out
[2024-11-05T10:34:11-0600] DL AVG TPUT: 
[2024-11-05T10:34:11-0600] 5G booster finished at 2024-11-05 10:34:11.245 CST, duration: 6.105 s
[2024-11-05T10:34:11-0600] -------------------------------
[2024-11-05T10:34:11-0600] Waiting for 2 s...
[2024-11-05T10:34:13-0600] -------------------------------
[2024-11-05T10:34:13-0600] ICMP Ping test started at 2024-11-05 10:34:13.336 CST
[2024-11-05T10:34:43-0600] Waiting for .905 s to reach end time
[2024-11-05T10:34:44-0600] Saved ping test to /data/data/com.termux/files/home/storage/shared/bos_la_2024_trip/att/20241105/102950440/icmp_ping_103413363.out
[2024-11-05T10:34:44-0600] Ping summary (min/avg/max/mdev) = 52.528/80.693/156.456/22.775 ms
[2024-11-05T10:34:44-0600] Ping test finished at 2024-11-05 10:34:44.423 CST, duration: 31.087 s
[2024-11-05T10:34:44-0600] -------------------------------
[2024-11-05T10:34:44-0600] Waiting for 2 s...
[2024-11-05T10:34:46-0600] -------------------------------
[2024-11-05T10:34:46-0600] Starting 5G booster for 5 s...
[2024-11-05T10:34:46-0600] 5G booster started at 2024-11-05 10:34:46.532 CST
[2024-11-05T10:34:52-0600] Current time exceeds end time, skipping wait
[2024-11-05T10:34:52-0600] Saved TCP DL results to /data/data/com.termux/files/home/storage/shared/bos_la_2024_trip/att/20241105/102950440/tcp_downlink_103446562.out
[2024-11-05T10:34:52-0600] DL AVG TPUT: 
[2024-11-05T10:34:52-0600] 5G booster finished at 2024-11-05 10:34:52.623 CST, duration: 6.091 s
[2024-11-05T10:34:52-0600] -------------------------------
[2024-11-05T10:34:52-0600] Waiting for 2 s...
[2024-11-05T10:34:54-0600] -------------------------------
[2024-11-05T10:34:54-0600] TCP Ping test started at 2024-11-05 10:34:54.738 CST
[2024-11-05T10:35:25-0600] Current time exceeds end time, skipping wait
[2024-11-05T10:35:25-0600] Saved TCP Ping test to /data/data/com.termux/files/home/storage/shared/bos_la_2024_trip/att/20241105/102950440/tcp_ping_103454770.out
[2024-11-05T10:35:25-0600] TCP Ping summary (min/avg/max/mdev) 
[2024-11-05T10:35:25-0600] TCP Ping test finished at 2024-11-05 10:35:25.878 CST, duration: 31.140 s
[2024-11-05T10:35:25-0600] -------------------------------
[2024-11-05T10:35:25-0600] Waiting for 2 s...
[2024-11-05T10:35:27-0600] -------------------------------
[2024-11-05T10:35:27-0600] Traceroute test started at 2024-11-05 10:35:27.969 CST
[2024-11-05T10:35:39-0600] Waiting for 18.762 s to reach end time
[2024-11-05T10:35:58-0600] Saved traceroute test to /data/data/com.termux/files/home/storage/shared/bos_la_2024_trip/att/20241105/102950440/traceroute_103527996.out
[2024-11-05T10:35:58-0600] Traceroute summary (min/avg/max/mdev) 
[2024-11-05T10:35:58-0600] Traceroute test finished at 2024-11-05 10:35:58.056 CST, duration: 30.087 s
[2024-11-05T10:35:58-0600] -------------------------------
[2024-11-05T10:35:58-0600] All tests completed, cleaning up...
[2024-11-05T10:35:58-0600] -------------------------------
[2024-11-05T10:36:42-0600] [measurement] Load environment variables from prod.env file
[2024-11-05T10:36:42-0600] Starting a network measurement, please choose a server
[2024-11-05T10:36:42-0600] 0) West Cloud: 54.176.53.206
[2024-11-05T10:36:42-0600] 1) East Cloud: 54.197.223.49
[2024-11-05T10:37:08-0600] Enter your choice (0-1): Testing att, server 1 (ip: 54.197.223.49, nuttcp_port: 5102, iperf_port: 5002)
[2024-11-05T10:37:08-0600] -------------------------------
[2024-11-05T10:37:08-0600] tcp downlink test started at 2024-11-05 10:37:08.303 CST
[2024-11-05T10:37:08-0600] Testing tcp downlink with 54.197.223.49:5102, interval 0.5 s, duration 120 s, timeout 121 s...
[2024-11-05T10:39:09-0600] Current time exceeds end time, skipping wait
[2024-11-05T10:39:09-0600] Saved tcp downlink test to /data/data/com.termux/files/home/storage/shared/bos_la_2024_trip/att/20241105/103708275/tcp_downlink_103708339.out
[2024-11-05T10:39:09-0600] DL AVG TPUT: 
[2024-11-05T10:39:09-0600] tcp downlink test finished at 2024-11-05 10:39:09.422 CST, duration: 121.119 s
[2024-11-05T10:39:09-0600] -------------------------------
[2024-11-05T10:39:09-0600] Waiting for 2 s...
[2024-11-05T10:39:11-0600] -------------------------------
[2024-11-05T10:39:11-0600] Starting 5G booster for 5 s...
[2024-11-05T10:39:11-0600] 5G booster started at 2024-11-05 10:39:11.521 CST
[2024-11-05T10:39:17-0600] Current time exceeds end time, skipping wait
[2024-11-05T10:39:17-0600] Saved TCP DL results to /data/data/com.termux/files/home/storage/shared/bos_la_2024_trip/att/20241105/103708275/tcp_downlink_103911543.out
[2024-11-05T10:39:17-0600] DL AVG TPUT: 
[2024-11-05T10:39:17-0600] 5G booster finished at 2024-11-05 10:39:17.637 CST, duration: 6.116 s
[2024-11-05T10:39:17-0600] -------------------------------
[2024-11-05T10:39:17-0600] Waiting for 2 s...
[2024-11-05T10:39:19-0600] -------------------------------
[2024-11-05T10:39:19-0600] tcp uplink test started at 2024-11-05 10:39:19.750 CST
[2024-11-05T10:39:19-0600] testing tcp uplink with 54.197.223.49:5102, interval 0.5, duration 120, timeout 121 ...
[2024-11-05T10:41:20-0600] Current time exceeds end time, skipping wait
[2024-11-05T10:41:20-0600] Saved uplink test to /data/data/com.termux/files/home/storage/shared/bos_la_2024_trip/att/20241105/103708275/tcp_uplink_103919800.out
[2024-11-05T10:41:20-0600] UL AVG TPUT: 
[2024-11-05T10:41:20-0600] tcp uplink test finished at 2024-11-05 10:41:20.868 CST, duration: 121.118 s
[2024-11-05T10:41:20-0600] -------------------------------
[2024-11-05T10:41:20-0600] Waiting for 2 s...
[2024-11-05T10:41:22-0600] -------------------------------
[2024-11-05T10:41:22-0600] Starting 5G booster for 5 s...
[2024-11-05T10:41:22-0600] 5G booster started at 2024-11-05 10:41:22.970 CST
[2024-11-05T10:41:29-0600] Current time exceeds end time, skipping wait
[2024-11-05T10:41:29-0600] Saved TCP DL results to /data/data/com.termux/files/home/storage/shared/bos_la_2024_trip/att/20241105/103708275/tcp_downlink_104122995.out
[2024-11-05T10:41:29-0600] DL AVG TPUT: 
[2024-11-05T10:41:29-0600] 5G booster finished at 2024-11-05 10:41:29.045 CST, duration: 6.075 s
[2024-11-05T10:41:29-0600] -------------------------------
[2024-11-05T10:41:29-0600] Waiting for 2 s...
[2024-11-05T10:41:31-0600] -------------------------------
[2024-11-05T10:41:31-0600] ICMP Ping test started at 2024-11-05 10:41:31.162 CST
[2024-11-05T10:42:01-0600] Waiting for .901 s to reach end time
[2024-11-05T10:42:02-0600] Saved ping test to /data/data/com.termux/files/home/storage/shared/bos_la_2024_trip/att/20241105/103708275/icmp_ping_104131191.out
[2024-11-05T10:42:02-0600] Ping summary (min/avg/max/mdev) = 46.131/58.495/138.534/10.687 ms
[2024-11-05T10:42:02-0600] Ping test finished at 2024-11-05 10:42:02.246 CST, duration: 31.084 s
[2024-11-05T10:42:02-0600] -------------------------------
[2024-11-05T10:42:02-0600] Waiting for 2 s...
[2024-11-05T10:42:04-0600] -------------------------------
[2024-11-05T10:42:04-0600] Starting 5G booster for 5 s...
[2024-11-05T10:42:04-0600] 5G booster started at 2024-11-05 10:42:04.399 CST
[2024-11-05T10:42:10-0600] Current time exceeds end time, skipping wait
[2024-11-05T10:42:10-0600] Saved TCP DL results to /data/data/com.termux/files/home/storage/shared/bos_la_2024_trip/att/20241105/103708275/tcp_downlink_104204428.out
[2024-11-05T10:42:10-0600] DL AVG TPUT: 
[2024-11-05T10:42:10-0600] 5G booster finished at 2024-11-05 10:42:10.501 CST, duration: 6.102 s
[2024-11-05T10:42:10-0600] -------------------------------
[2024-11-05T10:42:10-0600] Waiting for 2 s...
[2024-11-05T10:42:12-0600] -------------------------------
[2024-11-05T10:42:12-0600] TCP Ping test started at 2024-11-05 10:42:12.624 CST
[2024-11-05T10:42:43-0600] Current time exceeds end time, skipping wait
[2024-11-05T10:42:43-0600] Saved TCP Ping test to /data/data/com.termux/files/home/storage/shared/bos_la_2024_trip/att/20241105/103708275/tcp_ping_104212659.out
[2024-11-05T10:42:43-0600] TCP Ping summary (min/avg/max/mdev) 
[2024-11-05T10:42:43-0600] TCP Ping test finished at 2024-11-05 10:42:43.781 CST, duration: 31.157 s
[2024-11-05T10:42:43-0600] -------------------------------
[2024-11-05T10:42:43-0600] Waiting for 2 s...
[2024-11-05T10:42:45-0600] -------------------------------
[2024-11-05T10:42:45-0600] Traceroute test started at 2024-11-05 10:42:45.887 CST
[2024-11-05T10:42:57-0600] Waiting for 18.816 s to reach end time
[2024-11-05T10:43:15-0600] Saved traceroute test to /data/data/com.termux/files/home/storage/shared/bos_la_2024_trip/att/20241105/103708275/traceroute_104245916.out
[2024-11-05T10:43:15-0600] Traceroute summary (min/avg/max/mdev) 
[2024-11-05T10:43:16-0600] Traceroute test finished at 2024-11-05 10:43:15.972 CST, duration: 30.085 s
[2024-11-05T10:43:16-0600] -------------------------------
[2024-11-05T10:43:16-0600] All tests completed, cleaning up...
[2024-11-05T10:43:16-0600] -------------------------------
[2024-11-05T10:43:30-0600] [measurement] Load environment variables from prod.env file
[2024-11-05T10:43:30-0600] Starting a network measurement, please choose a server
[2024-11-05T10:43:30-0600] 0) West Cloud: 54.176.53.206
[2024-11-05T10:43:30-0600] 1) East Cloud: 54.197.223.49
[2024-11-05T10:43:58-0600] Enter your choice (0-1): Testing att, server 1 (ip: 54.197.223.49, nuttcp_port: 5102, iperf_port: 5002)
[2024-11-05T10:43:58-0600] -------------------------------
[2024-11-05T10:43:58-0600] tcp downlink test started at 2024-11-05 10:43:58.821 CST
[2024-11-05T10:43:58-0600] Testing tcp downlink with 54.197.223.49:5102, interval 0.5 s, duration 120 s, timeout 121 s...
[2024-11-05T10:44:29-0600] Waiting for 90.614 s to reach end time
[2024-11-05T10:45:59-0600] Saved tcp downlink test to /data/data/com.termux/files/home/storage/shared/bos_la_2024_trip/att/20241105/104358804/tcp_downlink_104358848.out
[2024-11-05T10:45:59-0600] DL AVG TPUT: 
[2024-11-05T10:45:59-0600] tcp downlink test finished at 2024-11-05 10:45:59.929 CST, duration: 121.108 s
[2024-11-05T10:45:59-0600] -------------------------------
[2024-11-05T10:45:59-0600] Waiting for 2 s...
[2024-11-05T10:46:02-0600] -------------------------------
[2024-11-05T10:46:02-0600] Starting 5G booster for 5 s...
[2024-11-05T10:46:02-0600] 5G booster started at 2024-11-05 10:46:02.033 CST
[2024-11-05T10:46:08-0600] Current time exceeds end time, skipping wait
[2024-11-05T10:46:08-0600] Saved TCP DL results to /data/data/com.termux/files/home/storage/shared/bos_la_2024_trip/att/20241105/104358804/tcp_downlink_104602063.out
[2024-11-05T10:46:08-0600] DL AVG TPUT: 
[2024-11-05T10:46:08-0600] 5G booster finished at 2024-11-05 10:46:08.135 CST, duration: 6.102 s
[2024-11-05T10:46:08-0600] -------------------------------
[2024-11-05T10:46:08-0600] Waiting for 2 s...
[2024-11-05T10:46:10-0600] -------------------------------
[2024-11-05T10:46:10-0600] tcp uplink test started at 2024-11-05 10:46:10.232 CST
[2024-11-05T10:46:10-0600] testing tcp uplink with 54.197.223.49:5102, interval 0.5, duration 120, timeout 121 ...
[2024-11-05T10:48:11-0600] Current time exceeds end time, skipping wait
[2024-11-05T10:48:11-0600] Saved uplink test to /data/data/com.termux/files/home/storage/shared/bos_la_2024_trip/att/20241105/104358804/tcp_uplink_104610274.out
[2024-11-05T10:48:11-0600] UL AVG TPUT: 
[2024-11-05T10:48:11-0600] tcp uplink test finished at 2024-11-05 10:48:11.363 CST, duration: 121.131 s
[2024-11-05T10:48:11-0600] -------------------------------
[2024-11-05T10:48:11-0600] Waiting for 2 s...
[2024-11-05T10:48:13-0600] -------------------------------
[2024-11-05T10:48:13-0600] Starting 5G booster for 5 s...
[2024-11-05T10:48:13-0600] 5G booster started at 2024-11-05 10:48:13.504 CST
[2024-11-05T10:48:19-0600] Current time exceeds end time, skipping wait
[2024-11-05T10:48:19-0600] Saved TCP DL results to /data/data/com.termux/files/home/storage/shared/bos_la_2024_trip/att/20241105/104358804/tcp_downlink_104813534.out
[2024-11-05T10:48:19-0600] [CAUTION] EMPTY LOG!
[2024-11-05T10:48:19-0600] 5G booster finished at 2024-11-05 10:48:19.607 CST, duration: 6.103 s
[2024-11-05T10:48:19-0600] -------------------------------
[2024-11-05T10:48:19-0600] Waiting for 2 s...
[2024-11-05T10:48:21-0600] -------------------------------
[2024-11-05T10:48:21-0600] ICMP Ping test started at 2024-11-05 10:48:21.686 CST
[2024-11-05T10:48:51-0600] Waiting for .878 s to reach end time
[2024-11-05T10:48:52-0600] Saved ping test to /data/data/com.termux/files/home/storage/shared/bos_la_2024_trip/att/20241105/104358804/icmp_ping_104821735.out
[2024-11-05T10:48:52-0600] Ping summary (min/avg/max/mdev) = 72.768/109.069/161.663/23.491 ms
[2024-11-05T10:48:52-0600] Ping test finished at 2024-11-05 10:48:52.775 CST, duration: 31.089 s
[2024-11-05T10:48:52-0600] -------------------------------
[2024-11-05T10:48:52-0600] Waiting for 2 s...
[2024-11-05T10:48:54-0600] -------------------------------
[2024-11-05T10:48:54-0600] Starting 5G booster for 5 s...
[2024-11-05T10:48:54-0600] 5G booster started at 2024-11-05 10:48:54.943 CST
[2024-11-05T10:49:01-0600] Current time exceeds end time, skipping wait
[2024-11-05T10:49:01-0600] Saved TCP DL results to /data/data/com.termux/files/home/storage/shared/bos_la_2024_trip/att/20241105/104358804/tcp_downlink_104854970.out
[2024-11-05T10:49:01-0600] DL AVG TPUT: 
[2024-11-05T10:49:01-0600] 5G booster finished at 2024-11-05 10:49:01.046 CST, duration: 6.103 s
[2024-11-05T10:49:01-0600] -------------------------------
[2024-11-05T10:49:01-0600] Waiting for 2 s...
[2024-11-05T10:49:03-0600] -------------------------------
[2024-11-05T10:49:03-0600] TCP Ping test started at 2024-11-05 10:49:03.200 CST
[2024-11-05T10:49:34-0600] Current time exceeds end time, skipping wait
[2024-11-05T10:49:34-0600] Saved TCP Ping test to /data/data/com.termux/files/home/storage/shared/bos_la_2024_trip/att/20241105/104358804/tcp_ping_104903229.out
[2024-11-05T10:49:34-0600] TCP Ping summary (min/avg/max/mdev) 
[2024-11-05T10:49:34-0600] TCP Ping test finished at 2024-11-05 10:49:34.351 CST, duration: 31.151 s
[2024-11-05T10:49:34-0600] -------------------------------
[2024-11-05T10:49:34-0600] Waiting for 2 s...
[2024-11-05T10:49:36-0600] -------------------------------
[2024-11-05T10:49:36-0600] Traceroute test started at 2024-11-05 10:49:36.468 CST
[2024-11-05T10:49:47-0600] Waiting for 18.758 s to reach end time
[2024-11-05T10:50:06-0600] Saved traceroute test to /data/data/com.termux/files/home/storage/shared/bos_la_2024_trip/att/20241105/104358804/traceroute_104936499.out
[2024-11-05T10:50:06-0600] Traceroute summary (min/avg/max/mdev) 
[2024-11-05T10:50:06-0600] Traceroute test finished at 2024-11-05 10:50:06.544 CST, duration: 30.076 s
[2024-11-05T10:50:06-0600] -------------------------------
[2024-11-05T10:50:06-0600] All tests completed, cleaning up...
[2024-11-05T10:50:06-0600] -------------------------------
[2024-11-05T10:50:44-0600] [measurement] Load environment variables from prod.env file
[2024-11-05T10:50:44-0600] Starting a network measurement, please choose a server
[2024-11-05T10:50:44-0600] 0) West Cloud: 54.176.53.206
[2024-11-05T10:50:44-0600] 1) East Cloud: 54.197.223.49
[2024-11-05T10:51:27-0600] Enter your choice (0-1): Testing att, server 1 (ip: 54.197.223.49, nuttcp_port: 5102, iperf_port: 5002)
[2024-11-05T10:51:27-0600] -------------------------------
[2024-11-05T10:51:27-0600] tcp downlink test started at 2024-11-05 10:51:27.562 CST
[2024-11-05T10:51:27-0600] Testing tcp downlink with 54.197.223.49:5102, interval 0.5 s, duration 120 s, timeout 121 s...
[2024-11-05T10:53:28-0600] Current time exceeds end time, skipping wait
[2024-11-05T10:53:28-0600] Saved tcp downlink test to /data/data/com.termux/files/home/storage/shared/bos_la_2024_trip/att/20241105/105127541/tcp_downlink_105127594.out
[2024-11-05T10:53:28-0600] DL AVG TPUT: 
[2024-11-05T10:53:28-0600] tcp downlink test finished at 2024-11-05 10:53:28.694 CST, duration: 121.132 s
[2024-11-05T10:53:28-0600] -------------------------------
[2024-11-05T10:53:28-0600] Waiting for 2 s...
[2024-11-05T10:53:30-0600] -------------------------------
[2024-11-05T10:53:30-0600] Starting 5G booster for 5 s...
[2024-11-05T10:53:30-0600] 5G booster started at 2024-11-05 10:53:30.808 CST
[2024-11-05T10:53:36-0600] Current time exceeds end time, skipping wait
[2024-11-05T10:53:36-0600] Saved TCP DL results to /data/data/com.termux/files/home/storage/shared/bos_la_2024_trip/att/20241105/105127541/tcp_downlink_105330858.out
[2024-11-05T10:53:36-0600] DL AVG TPUT: 
[2024-11-05T10:53:37-0600] 5G booster finished at 2024-11-05 10:53:36.942 CST, duration: 6.134 s
[2024-11-05T10:53:37-0600] -------------------------------
[2024-11-05T10:53:37-0600] Waiting for 2 s...
[2024-11-05T10:53:39-0600] -------------------------------
[2024-11-05T10:53:39-0600] tcp uplink test started at 2024-11-05 10:53:39.030 CST
[2024-11-05T10:53:39-0600] testing tcp uplink with 54.197.223.49:5102, interval 0.5, duration 120, timeout 121 ...
[2024-11-05T10:55:40-0600] Current time exceeds end time, skipping wait
[2024-11-05T10:55:40-0600] Saved uplink test to /data/data/com.termux/files/home/storage/shared/bos_la_2024_trip/att/20241105/105127541/tcp_uplink_105339057.out
[2024-11-05T10:55:40-0600] UL AVG TPUT: 
[2024-11-05T10:55:40-0600] tcp uplink test finished at 2024-11-05 10:55:40.135 CST, duration: 121.105 s
[2024-11-05T10:55:40-0600] -------------------------------
[2024-11-05T10:55:40-0600] Waiting for 2 s...
[2024-11-05T10:55:42-0600] -------------------------------
[2024-11-05T10:55:42-0600] Starting 5G booster for 5 s...
[2024-11-05T10:55:42-0600] 5G booster started at 2024-11-05 10:55:42.303 CST
[2024-11-05T10:55:48-0600] Current time exceeds end time, skipping wait
[2024-11-05T10:55:48-0600] Saved TCP DL results to /data/data/com.termux/files/home/storage/shared/bos_la_2024_trip/att/20241105/105127541/tcp_downlink_105542332.out
[2024-11-05T10:55:48-0600] DL AVG TPUT: 
[2024-11-05T10:55:48-0600] 5G booster finished at 2024-11-05 10:55:48.408 CST, duration: 6.105 s
[2024-11-05T10:55:48-0600] -------------------------------
[2024-11-05T10:55:48-0600] Waiting for 2 s...
[2024-11-05T10:55:50-0600] -------------------------------
[2024-11-05T10:55:50-0600] ICMP Ping test started at 2024-11-05 10:55:50.502 CST
[2024-11-05T10:56:20-0600] Waiting for .927 s to reach end time
[2024-11-05T10:56:21-0600] Saved ping test to /data/data/com.termux/files/home/storage/shared/bos_la_2024_trip/att/20241105/105127541/icmp_ping_105550526.out
[2024-11-05T10:56:21-0600] Ping summary (min/avg/max/mdev) = 56.351/76.175/159.176/15.069 ms
[2024-11-05T10:56:21-0600] Ping test finished at 2024-11-05 10:56:21.574 CST, duration: 31.072 s
[2024-11-05T10:56:21-0600] -------------------------------
[2024-11-05T10:56:21-0600] Waiting for 2 s...
[2024-11-05T10:56:23-0600] -------------------------------
[2024-11-05T10:56:23-0600] Starting 5G booster for 5 s...
[2024-11-05T10:56:23-0600] 5G booster started at 2024-11-05 10:56:23.713 CST
[2024-11-05T10:56:29-0600] Current time exceeds end time, skipping wait
[2024-11-05T10:56:29-0600] Saved TCP DL results to /data/data/com.termux/files/home/storage/shared/bos_la_2024_trip/att/20241105/105127541/tcp_downlink_105623742.out
[2024-11-05T10:56:29-0600] DL AVG TPUT: 
[2024-11-05T10:56:29-0600] 5G booster finished at 2024-11-05 10:56:29.833 CST, duration: 6.120 s
[2024-11-05T10:56:29-0600] -------------------------------
[2024-11-05T10:56:29-0600] Waiting for 2 s...
[2024-11-05T10:56:31-0600] -------------------------------
[2024-11-05T10:56:31-0600] TCP Ping test started at 2024-11-05 10:56:31.963 CST
[2024-11-05T10:57:03-0600] Current time exceeds end time, skipping wait
[2024-11-05T10:57:03-0600] Saved TCP Ping test to /data/data/com.termux/files/home/storage/shared/bos_la_2024_trip/att/20241105/105127541/tcp_ping_105631990.out
[2024-11-05T10:57:03-0600] TCP Ping summary (min/avg/max/mdev) 
[2024-11-05T10:57:03-0600] TCP Ping test finished at 2024-11-05 10:57:03.058 CST, duration: 31.095 s
[2024-11-05T10:57:03-0600] -------------------------------
[2024-11-05T10:57:03-0600] Waiting for 2 s...
[2024-11-05T10:57:05-0600] -------------------------------
[2024-11-05T10:57:05-0600] Traceroute test started at 2024-11-05 10:57:05.153 CST
[2024-11-05T10:57:16-0600] Waiting for 19.152 s to reach end time
[2024-11-05T10:57:35-0600] Saved traceroute test to /data/data/com.termux/files/home/storage/shared/bos_la_2024_trip/att/20241105/105127541/traceroute_105705183.out
[2024-11-05T10:57:35-0600] Traceroute summary (min/avg/max/mdev) 
[2024-11-05T10:57:35-0600] Traceroute test finished at 2024-11-05 10:57:35.226 CST, duration: 30.073 s
[2024-11-05T10:57:35-0600] -------------------------------
[2024-11-05T10:57:35-0600] All tests completed, cleaning up...
[2024-11-05T10:57:35-0600] -------------------------------
[2024-11-05T10:57:53-0600] [measurement] Load environment variables from prod.env file
[2024-11-05T10:57:53-0600] Starting a network measurement, please choose a server
[2024-11-05T10:57:53-0600] 0) West Cloud: 54.176.53.206
[2024-11-05T10:57:53-0600] 1) East Cloud: 54.197.223.49
[2024-11-05T10:58:21-0600] Enter your choice (0-1): Testing att, server 1 (ip: 54.197.223.49, nuttcp_port: 5102, iperf_port: 5002)
[2024-11-05T10:58:21-0600] -------------------------------
[2024-11-05T10:58:21-0600] tcp downlink test started at 2024-11-05 10:58:21.889 CST
[2024-11-05T10:58:21-0600] Testing tcp downlink with 54.197.223.49:5102, interval 0.5 s, duration 120 s, timeout 121 s...
[2024-11-05T11:00:22-0600] Current time exceeds end time, skipping wait
[2024-11-05T11:00:22-0600] Saved tcp downlink test to /data/data/com.termux/files/home/storage/shared/bos_la_2024_trip/att/20241105/105821863/tcp_downlink_105821915.out
[2024-11-05T11:00:23-0600] DL AVG TPUT: 
[2024-11-05T11:00:23-0600] tcp downlink test finished at 2024-11-05 11:00:22.973 CST, duration: 121.084 s
[2024-11-05T11:00:23-0600] -------------------------------
[2024-11-05T11:00:23-0600] Waiting for 2 s...
[2024-11-05T11:00:25-0600] -------------------------------
[2024-11-05T11:00:25-0600] Starting 5G booster for 5 s...
[2024-11-05T11:00:25-0600] 5G booster started at 2024-11-05 11:00:25.081 CST
[2024-11-05T11:00:31-0600] Current time exceeds end time, skipping wait
[2024-11-05T11:00:31-0600] Saved TCP DL results to /data/data/com.termux/files/home/storage/shared/bos_la_2024_trip/att/20241105/105821863/tcp_downlink_110025110.out
[2024-11-05T11:00:31-0600] DL AVG TPUT: 
[2024-11-05T11:00:31-0600] 5G booster finished at 2024-11-05 11:00:31.188 CST, duration: 6.107 s
[2024-11-05T11:00:31-0600] -------------------------------
[2024-11-05T11:00:31-0600] Waiting for 2 s...
[2024-11-05T11:00:33-0600] -------------------------------
[2024-11-05T11:00:33-0600] tcp uplink test started at 2024-11-05 11:00:33.294 CST
[2024-11-05T11:00:33-0600] testing tcp uplink with 54.197.223.49:5102, interval 0.5, duration 120, timeout 121 ...
[2024-11-05T11:02:34-0600] Current time exceeds end time, skipping wait
[2024-11-05T11:02:34-0600] Saved uplink test to /data/data/com.termux/files/home/storage/shared/bos_la_2024_trip/att/20241105/105821863/tcp_uplink_110033324.out
[2024-11-05T11:02:34-0600] UL AVG TPUT: 
[2024-11-05T11:02:34-0600] tcp uplink test finished at 2024-11-05 11:02:34.404 CST, duration: 121.110 s
[2024-11-05T11:02:34-0600] -------------------------------
[2024-11-05T11:02:34-0600] Waiting for 2 s...
[2024-11-05T11:02:36-0600] -------------------------------
[2024-11-05T11:02:36-0600] Starting 5G booster for 5 s...
[2024-11-05T11:02:36-0600] 5G booster started at 2024-11-05 11:02:36.510 CST
[2024-11-05T11:02:42-0600] Current time exceeds end time, skipping wait
[2024-11-05T11:02:42-0600] Saved TCP DL results to /data/data/com.termux/files/home/storage/shared/bos_la_2024_trip/att/20241105/105821863/tcp_downlink_110236535.out
[2024-11-05T11:02:42-0600] DL AVG TPUT: 
[2024-11-05T11:02:42-0600] 5G booster finished at 2024-11-05 11:02:42.628 CST, duration: 6.118 s
[2024-11-05T11:02:42-0600] -------------------------------
[2024-11-05T11:02:42-0600] Waiting for 2 s...
[2024-11-05T11:02:44-0600] -------------------------------
[2024-11-05T11:02:44-0600] ICMP Ping test started at 2024-11-05 11:02:44.736 CST
[2024-11-05T11:03:14-0600] Waiting for .889 s to reach end time
[2024-11-05T11:03:15-0600] Saved ping test to /data/data/com.termux/files/home/storage/shared/bos_la_2024_trip/att/20241105/105821863/icmp_ping_110244764.out
[2024-11-05T11:03:15-0600] Ping summary (min/avg/max/mdev) = 45.150/75.281/141.238/17.906 ms
[2024-11-05T11:03:15-0600] Ping test finished at 2024-11-05 11:03:15.820 CST, duration: 31.084 s
[2024-11-05T11:03:15-0600] -------------------------------
[2024-11-05T11:03:15-0600] Waiting for 2 s...
[2024-11-05T11:03:17-0600] -------------------------------
[2024-11-05T11:03:17-0600] Starting 5G booster for 5 s...
[2024-11-05T11:03:17-0600] 5G booster started at 2024-11-05 11:03:17.936 CST
[2024-11-05T11:03:24-0600] Current time exceeds end time, skipping wait
[2024-11-05T11:03:24-0600] Saved TCP DL results to /data/data/com.termux/files/home/storage/shared/bos_la_2024_trip/att/20241105/105821863/tcp_downlink_110317961.out
[2024-11-05T11:03:24-0600] DL AVG TPUT: 
[2024-11-05T11:03:24-0600] 5G booster finished at 2024-11-05 11:03:24.014 CST, duration: 6.078 s
[2024-11-05T11:03:24-0600] -------------------------------
[2024-11-05T11:03:24-0600] Waiting for 2 s...
[2024-11-05T11:03:26-0600] -------------------------------
[2024-11-05T11:03:26-0600] TCP Ping test started at 2024-11-05 11:03:26.152 CST
[2024-11-05T11:03:57-0600] Current time exceeds end time, skipping wait
[2024-11-05T11:03:57-0600] Saved TCP Ping test to /data/data/com.termux/files/home/storage/shared/bos_la_2024_trip/att/20241105/105821863/tcp_ping_110326184.out
[2024-11-05T11:03:57-0600] TCP Ping summary (min/avg/max/mdev) 
[2024-11-05T11:03:57-0600] TCP Ping test finished at 2024-11-05 11:03:57.269 CST, duration: 31.117 s
[2024-11-05T11:03:57-0600] -------------------------------
[2024-11-05T11:03:57-0600] Waiting for 2 s...
[2024-11-05T11:03:59-0600] -------------------------------
[2024-11-05T11:03:59-0600] Traceroute test started at 2024-11-05 11:03:59.381 CST
[2024-11-05T11:04:10-0600] Waiting for 18.800 s to reach end time
[2024-11-05T11:04:29-0600] Saved traceroute test to /data/data/com.termux/files/home/storage/shared/bos_la_2024_trip/att/20241105/105821863/traceroute_110359431.out
[2024-11-05T11:04:29-0600] Traceroute summary (min/avg/max/mdev) 
[2024-11-05T11:04:29-0600] Traceroute test finished at 2024-11-05 11:04:29.454 CST, duration: 30.073 s
[2024-11-05T11:04:29-0600] -------------------------------
[2024-11-05T11:04:29-0600] All tests completed, cleaning up...
[2024-11-05T11:04:29-0600] -------------------------------
[2024-11-05T11:04:56-0600] [measurement] Load environment variables from prod.env file
[2024-11-05T11:04:56-0600] Starting a network measurement, please choose a server
[2024-11-05T11:04:56-0600] 0) West Cloud: 54.176.53.206
[2024-11-05T11:04:56-0600] 1) East Cloud: 54.197.223.49
[2024-11-05T11:05:08-0600] Enter your choice (0-1): Testing att, server 1 (ip: 54.197.223.49, nuttcp_port: 5102, iperf_port: 5002)
[2024-11-05T11:05:08-0600] -------------------------------
[2024-11-05T11:05:09-0600] tcp downlink test started at 2024-11-05 11:05:09.004 CST
[2024-11-05T11:05:09-0600] Testing tcp downlink with 54.197.223.49:5102, interval 0.5 s, duration 120 s, timeout 121 s...
[2024-11-05T11:07:10-0600] Current time exceeds end time, skipping wait
[2024-11-05T11:07:10-0600] Saved tcp downlink test to /data/data/com.termux/files/home/storage/shared/bos_la_2024_trip/att/20241105/110508979/tcp_downlink_110509050.out
[2024-11-05T11:07:10-0600] DL AVG TPUT: 
[2024-11-05T11:07:10-0600] tcp downlink test finished at 2024-11-05 11:07:10.116 CST, duration: 121.112 s
[2024-11-05T11:07:10-0600] -------------------------------
[2024-11-05T11:07:10-0600] Waiting for 2 s...
[2024-11-05T11:07:12-0600] -------------------------------
[2024-11-05T11:07:12-0600] Starting 5G booster for 5 s...
[2024-11-05T11:07:12-0600] 5G booster started at 2024-11-05 11:07:12.200 CST
[2024-11-05T11:07:18-0600] Current time exceeds end time, skipping wait
[2024-11-05T11:07:18-0600] Saved TCP DL results to /data/data/com.termux/files/home/storage/shared/bos_la_2024_trip/att/20241105/110508979/tcp_downlink_110712220.out
[2024-11-05T11:07:18-0600] DL AVG TPUT: 
[2024-11-05T11:07:18-0600] 5G booster finished at 2024-11-05 11:07:18.273 CST, duration: 6.073 s
[2024-11-05T11:07:18-0600] -------------------------------
[2024-11-05T11:07:18-0600] Waiting for 2 s...
[2024-11-05T11:07:20-0600] -------------------------------
[2024-11-05T11:07:20-0600] tcp uplink test started at 2024-11-05 11:07:20.370 CST
[2024-11-05T11:07:20-0600] testing tcp uplink with 54.197.223.49:5102, interval 0.5, duration 120, timeout 121 ...
[2024-11-05T11:09:21-0600] Current time exceeds end time, skipping wait
[2024-11-05T11:09:21-0600] Saved uplink test to /data/data/com.termux/files/home/storage/shared/bos_la_2024_trip/att/20241105/110508979/tcp_uplink_110720397.out
[2024-11-05T11:09:21-0600] UL AVG TPUT: 
[2024-11-05T11:09:21-0600] tcp uplink test finished at 2024-11-05 11:09:21.457 CST, duration: 121.087 s
[2024-11-05T11:09:21-0600] -------------------------------
[2024-11-05T11:09:21-0600] Waiting for 2 s...
[2024-11-05T11:09:23-0600] -------------------------------
[2024-11-05T11:09:23-0600] Starting 5G booster for 5 s...
[2024-11-05T11:09:23-0600] 5G booster started at 2024-11-05 11:09:23.546 CST
[2024-11-05T11:09:29-0600] Current time exceeds end time, skipping wait
[2024-11-05T11:09:29-0600] Saved TCP DL results to /data/data/com.termux/files/home/storage/shared/bos_la_2024_trip/att/20241105/110508979/tcp_downlink_110923567.out
[2024-11-05T11:09:29-0600] DL AVG TPUT: 
[2024-11-05T11:09:29-0600] 5G booster finished at 2024-11-05 11:09:29.629 CST, duration: 6.083 s
[2024-11-05T11:09:29-0600] -------------------------------
[2024-11-05T11:09:29-0600] Waiting for 2 s...
[2024-11-05T11:09:31-0600] -------------------------------
[2024-11-05T11:09:31-0600] ICMP Ping test started at 2024-11-05 11:09:31.727 CST
[2024-11-05T11:10:01-0600] Waiting for .896 s to reach end time
[2024-11-05T11:10:02-0600] Saved ping test to /data/data/com.termux/files/home/storage/shared/bos_la_2024_trip/att/20241105/110508979/icmp_ping_110931760.out
[2024-11-05T11:10:02-0600] Ping summary (min/avg/max/mdev) = 52.583/77.669/143.433/13.938 ms
[2024-11-05T11:10:02-0600] Ping test finished at 2024-11-05 11:10:02.790 CST, duration: 31.063 s
[2024-11-05T11:10:02-0600] -------------------------------
[2024-11-05T11:10:02-0600] Waiting for 2 s...
[2024-11-05T11:10:04-0600] -------------------------------
[2024-11-05T11:10:04-0600] Starting 5G booster for 5 s...
[2024-11-05T11:10:04-0600] 5G booster started at 2024-11-05 11:10:04.880 CST
[2024-11-05T11:10:10-0600] Current time exceeds end time, skipping wait
[2024-11-05T11:10:10-0600] Saved TCP DL results to /data/data/com.termux/files/home/storage/shared/bos_la_2024_trip/att/20241105/110508979/tcp_downlink_111004909.out
[2024-11-05T11:10:10-0600] DL AVG TPUT: 
[2024-11-05T11:10:11-0600] 5G booster finished at 2024-11-05 11:10:10.954 CST, duration: 6.074 s
[2024-11-05T11:10:11-0600] -------------------------------
[2024-11-05T11:10:11-0600] Waiting for 2 s...
[2024-11-05T11:10:13-0600] -------------------------------
[2024-11-05T11:10:13-0600] TCP Ping test started at 2024-11-05 11:10:13.049 CST
[2024-11-05T11:10:44-0600] Current time exceeds end time, skipping wait
[2024-11-05T11:10:44-0600] Saved TCP Ping test to /data/data/com.termux/files/home/storage/shared/bos_la_2024_trip/att/20241105/110508979/tcp_ping_111013078.out
[2024-11-05T11:10:44-0600] TCP Ping summary (min/avg/max/mdev) 
[2024-11-05T11:10:44-0600] TCP Ping test finished at 2024-11-05 11:10:44.170 CST, duration: 31.121 s
[2024-11-05T11:10:44-0600] -------------------------------
[2024-11-05T11:10:44-0600] Waiting for 2 s...
[2024-11-05T11:10:46-0600] -------------------------------
[2024-11-05T11:10:46-0600] Traceroute test started at 2024-11-05 11:10:46.276 CST
[2024-11-05T11:10:57-0600] Waiting for 18.589 s to reach end time
[2024-11-05T11:11:16-0600] Saved traceroute test to /data/data/com.termux/files/home/storage/shared/bos_la_2024_trip/att/20241105/110508979/traceroute_111046298.out
[2024-11-05T11:11:16-0600] Traceroute summary (min/avg/max/mdev) 
[2024-11-05T11:11:16-0600] Traceroute test finished at 2024-11-05 11:11:16.366 CST, duration: 30.090 s
[2024-11-05T11:11:16-0600] -------------------------------
[2024-11-05T11:11:16-0600] All tests completed, cleaning up...
[2024-11-05T11:11:16-0600] -------------------------------
[2024-11-05T11:12:49-0600] [measurement] Load environment variables from prod.env file
[2024-11-05T11:12:49-0600] Starting a network measurement, please choose a server
[2024-11-05T11:12:49-0600] 0) West Cloud: 54.176.53.206
[2024-11-05T11:12:49-0600] 1) East Cloud: 54.197.223.49
[2024-11-05T11:13:01-0600] Enter your choice (0-1): Testing att, server 1 (ip: 54.197.223.49, nuttcp_port: 5102, iperf_port: 5002)
[2024-11-05T11:13:01-0600] -------------------------------
[2024-11-05T11:13:01-0600] tcp downlink test started at 2024-11-05 11:13:01.814 CST
[2024-11-05T11:13:01-0600] Testing tcp downlink with 54.197.223.49:5102, interval 0.5 s, duration 120 s, timeout 121 s...
[2024-11-05T11:15:02-0600] Current time exceeds end time, skipping wait
[2024-11-05T11:15:02-0600] Saved tcp downlink test to /data/data/com.termux/files/home/storage/shared/bos_la_2024_trip/att/20241105/111301782/tcp_downlink_111301856.out
[2024-11-05T11:15:03-0600] DL AVG TPUT: 
[2024-11-05T11:15:03-0600] tcp downlink test finished at 2024-11-05 11:15:02.972 CST, duration: 121.158 s
[2024-11-05T11:15:03-0600] -------------------------------
[2024-11-05T11:15:03-0600] Waiting for 2 s...
[2024-11-05T11:15:05-0600] -------------------------------
[2024-11-05T11:15:05-0600] Starting 5G booster for 5 s...
[2024-11-05T11:15:05-0600] 5G booster started at 2024-11-05 11:15:05.105 CST
[2024-11-05T11:15:11-0600] Current time exceeds end time, skipping wait
[2024-11-05T11:15:11-0600] Saved TCP DL results to /data/data/com.termux/files/home/storage/shared/bos_la_2024_trip/att/20241105/111301782/tcp_downlink_111505153.out
[2024-11-05T11:15:11-0600] DL AVG TPUT: 
[2024-11-05T11:15:11-0600] 5G booster finished at 2024-11-05 11:15:11.226 CST, duration: 6.121 s
[2024-11-05T11:15:11-0600] -------------------------------
[2024-11-05T11:15:11-0600] Waiting for 2 s...
[2024-11-05T11:15:13-0600] -------------------------------
[2024-11-05T11:15:13-0600] tcp uplink test started at 2024-11-05 11:15:13.341 CST
[2024-11-05T11:15:13-0600] testing tcp uplink with 54.197.223.49:5102, interval 0.5, duration 120, timeout 121 ...
[2024-11-05T11:17:14-0600] Current time exceeds end time, skipping wait
[2024-11-05T11:17:14-0600] Saved uplink test to /data/data/com.termux/files/home/storage/shared/bos_la_2024_trip/att/20241105/111301782/tcp_uplink_111513394.out
[2024-11-05T11:17:14-0600] UL AVG TPUT: 
[2024-11-05T11:17:14-0600] tcp uplink test finished at 2024-11-05 11:17:14.499 CST, duration: 121.158 s
[2024-11-05T11:17:14-0600] -------------------------------
[2024-11-05T11:17:14-0600] Waiting for 2 s...
[2024-11-05T11:17:16-0600] -------------------------------
[2024-11-05T11:17:16-0600] Starting 5G booster for 5 s...
[2024-11-05T11:17:16-0600] 5G booster started at 2024-11-05 11:17:16.607 CST
[2024-11-05T11:17:22-0600] Current time exceeds end time, skipping wait
[2024-11-05T11:17:22-0600] Saved TCP DL results to /data/data/com.termux/files/home/storage/shared/bos_la_2024_trip/att/20241105/111301782/tcp_downlink_111716684.out
[2024-11-05T11:17:22-0600] DL AVG TPUT: 
[2024-11-05T11:17:22-0600] 5G booster finished at 2024-11-05 11:17:22.764 CST, duration: 6.157 s
[2024-11-05T11:17:22-0600] -------------------------------
[2024-11-05T11:17:22-0600] Waiting for 2 s...
[2024-11-05T11:17:24-0600] -------------------------------
[2024-11-05T11:17:24-0600] ICMP Ping test started at 2024-11-05 11:17:24.870 CST
[2024-11-05T11:17:55-0600] Waiting for .902 s to reach end time
[2024-11-05T11:17:55-0600] Saved ping test to /data/data/com.termux/files/home/storage/shared/bos_la_2024_trip/att/20241105/111301782/icmp_ping_111724895.out
[2024-11-05T11:17:55-0600] Ping summary (min/avg/max/mdev) = 49.276/60.670/118.344/6.648 ms
[2024-11-05T11:17:56-0600] Ping test finished at 2024-11-05 11:17:55.950 CST, duration: 31.080 s
[2024-11-05T11:17:56-0600] -------------------------------
[2024-11-05T11:17:56-0600] Waiting for 2 s...
[2024-11-05T11:17:58-0600] -------------------------------
[2024-11-05T11:17:58-0600] Starting 5G booster for 5 s...
[2024-11-05T11:17:58-0600] 5G booster started at 2024-11-05 11:17:58.071 CST
[2024-11-05T11:18:04-0600] Current time exceeds end time, skipping wait
[2024-11-05T11:18:04-0600] Saved TCP DL results to /data/data/com.termux/files/home/storage/shared/bos_la_2024_trip/att/20241105/111301782/tcp_downlink_111758100.out
[2024-11-05T11:18:04-0600] DL AVG TPUT: 
[2024-11-05T11:18:04-0600] 5G booster finished at 2024-11-05 11:18:04.214 CST, duration: 6.143 s
[2024-11-05T11:18:04-0600] -------------------------------
[2024-11-05T11:18:04-0600] Waiting for 2 s...
[2024-11-05T11:18:06-0600] -------------------------------
[2024-11-05T11:18:06-0600] TCP Ping test started at 2024-11-05 11:18:06.312 CST
[2024-11-05T11:18:37-0600] Current time exceeds end time, skipping wait
[2024-11-05T11:18:37-0600] Saved TCP Ping test to /data/data/com.termux/files/home/storage/shared/bos_la_2024_trip/att/20241105/111301782/tcp_ping_111806342.out
[2024-11-05T11:18:37-0600] TCP Ping summary (min/avg/max/mdev) 
[2024-11-05T11:18:37-0600] TCP Ping test finished at 2024-11-05 11:18:37.437 CST, duration: 31.125 s
[2024-11-05T11:18:37-0600] -------------------------------
[2024-11-05T11:18:37-0600] Waiting for 2 s...
[2024-11-05T11:18:39-0600] -------------------------------
[2024-11-05T11:18:39-0600] Traceroute test started at 2024-11-05 11:18:39.528 CST
[2024-11-05T11:18:50-0600] Waiting for 18.874 s to reach end time
[2024-11-05T11:19:09-0600] Saved traceroute test to /data/data/com.termux/files/home/storage/shared/bos_la_2024_trip/att/20241105/111301782/traceroute_111839560.out
[2024-11-05T11:19:09-0600] Traceroute summary (min/avg/max/mdev) 
[2024-11-05T11:19:09-0600] Traceroute test finished at 2024-11-05 11:19:09.622 CST, duration: 30.094 s
[2024-11-05T11:19:09-0600] -------------------------------
[2024-11-05T11:19:09-0600] All tests completed, cleaning up...
[2024-11-05T11:19:09-0600] -------------------------------
[2024-11-05T11:19:24-0600] [measurement] Load environment variables from prod.env file
[2024-11-05T11:19:24-0600] Starting a network measurement, please choose a server
[2024-11-05T11:19:24-0600] 0) West Cloud: 54.176.53.206
[2024-11-05T11:19:24-0600] 1) East Cloud: 54.197.223.49
[2024-11-05T11:19:42-0600] Enter your choice (0-1): Testing att, server 1 (ip: 54.197.223.49, nuttcp_port: 5102, iperf_port: 5002)
[2024-11-05T11:19:42-0600] -------------------------------
[2024-11-05T11:19:42-0600] tcp downlink test started at 2024-11-05 11:19:42.149 CST
[2024-11-05T11:19:42-0600] Testing tcp downlink with 54.197.223.49:5102, interval 0.5 s, duration 120 s, timeout 121 s...
[2024-11-05T11:21:43-0600] Current time exceeds end time, skipping wait
[2024-11-05T11:21:43-0600] Saved tcp downlink test to /data/data/com.termux/files/home/storage/shared/bos_la_2024_trip/att/20241105/111942132/tcp_downlink_111942172.out
[2024-11-05T11:21:43-0600] DL AVG TPUT: 
[2024-11-05T11:21:43-0600] tcp downlink test finished at 2024-11-05 11:21:43.308 CST, duration: 121.159 s
[2024-11-05T11:21:43-0600] -------------------------------
[2024-11-05T11:21:43-0600] Waiting for 2 s...
[2024-11-05T11:21:45-0600] -------------------------------
[2024-11-05T11:21:45-0600] Starting 5G booster for 5 s...
[2024-11-05T11:21:45-0600] 5G booster started at 2024-11-05 11:21:45.403 CST
[2024-11-05T11:21:51-0600] Current time exceeds end time, skipping wait
[2024-11-05T11:21:51-0600] Saved TCP DL results to /data/data/com.termux/files/home/storage/shared/bos_la_2024_trip/att/20241105/111942132/tcp_downlink_112145430.out
[2024-11-05T11:21:51-0600] DL AVG TPUT: 
[2024-11-05T11:21:51-0600] 5G booster finished at 2024-11-05 11:21:51.509 CST, duration: 6.106 s
[2024-11-05T11:21:51-0600] -------------------------------
[2024-11-05T11:21:51-0600] Waiting for 2 s...
[2024-11-05T11:21:53-0600] -------------------------------
[2024-11-05T11:21:53-0600] tcp uplink test started at 2024-11-05 11:21:53.647 CST
[2024-11-05T11:21:53-0600] testing tcp uplink with 54.197.223.49:5102, interval 0.5, duration 120, timeout 121 ...
[2024-11-05T11:23:54-0600] Waiting for .016 s to reach end time
[2024-11-05T11:23:54-0600] Saved uplink test to /data/data/com.termux/files/home/storage/shared/bos_la_2024_trip/att/20241105/111942132/tcp_uplink_112153672.out
[2024-11-05T11:23:54-0600] UL AVG TPUT: 13.4144 Mbps
[2024-11-05T11:23:54-0600] tcp uplink test finished at 2024-11-05 11:23:54.702 CST, duration: 121.055 s
[2024-11-05T11:23:54-0600] -------------------------------
[2024-11-05T11:23:54-0600] Waiting for 2 s...
[2024-11-05T11:23:56-0600] -------------------------------
[2024-11-05T11:23:56-0600] Starting 5G booster for 5 s...
[2024-11-05T11:23:56-0600] 5G booster started at 2024-11-05 11:23:56.854 CST
[2024-11-05T11:24:02-0600] Current time exceeds end time, skipping wait
[2024-11-05T11:24:02-0600] Saved TCP DL results to /data/data/com.termux/files/home/storage/shared/bos_la_2024_trip/att/20241105/111942132/tcp_downlink_112356882.out
[2024-11-05T11:24:02-0600] DL AVG TPUT: 
[2024-11-05T11:24:03-0600] 5G booster finished at 2024-11-05 11:24:02.965 CST, duration: 6.111 s
[2024-11-05T11:24:03-0600] -------------------------------
[2024-11-05T11:24:03-0600] Waiting for 2 s...
[2024-11-05T11:24:05-0600] -------------------------------
[2024-11-05T11:24:05-0600] ICMP Ping test started at 2024-11-05 11:24:05.061 CST
[2024-11-05T11:24:35-0600] Waiting for .893 s to reach end time
[2024-11-05T11:24:36-0600] Saved ping test to /data/data/com.termux/files/home/storage/shared/bos_la_2024_trip/att/20241105/111942132/icmp_ping_112405110.out
[2024-11-05T11:24:36-0600] Ping summary (min/avg/max/mdev) = 54.320/79.396/211.251/31.415 ms
[2024-11-05T11:24:36-0600] Ping test finished at 2024-11-05 11:24:36.132 CST, duration: 31.071 s
[2024-11-05T11:24:36-0600] -------------------------------
[2024-11-05T11:24:36-0600] Waiting for 2 s...
[2024-11-05T11:24:38-0600] -------------------------------
[2024-11-05T11:24:38-0600] Starting 5G booster for 5 s...
[2024-11-05T11:24:38-0600] 5G booster started at 2024-11-05 11:24:38.261 CST
[2024-11-05T11:24:44-0600] Current time exceeds end time, skipping wait
[2024-11-05T11:24:44-0600] Saved TCP DL results to /data/data/com.termux/files/home/storage/shared/bos_la_2024_trip/att/20241105/111942132/tcp_downlink_112438317.out
[2024-11-05T11:24:44-0600] DL AVG TPUT: 
[2024-11-05T11:24:44-0600] 5G booster finished at 2024-11-05 11:24:44.389 CST, duration: 6.128 s
[2024-11-05T11:24:44-0600] -------------------------------
[2024-11-05T11:24:44-0600] Waiting for 2 s...
[2024-11-05T11:24:46-0600] -------------------------------
[2024-11-05T11:24:46-0600] TCP Ping test started at 2024-11-05 11:24:46.495 CST
[2024-11-05T11:25:17-0600] Current time exceeds end time, skipping wait
[2024-11-05T11:25:17-0600] Saved TCP Ping test to /data/data/com.termux/files/home/storage/shared/bos_la_2024_trip/att/20241105/111942132/tcp_ping_112446521.out
[2024-11-05T11:25:17-0600] TCP Ping summary (min/avg/max/mdev) 
[2024-11-05T11:25:17-0600] TCP Ping test finished at 2024-11-05 11:25:17.613 CST, duration: 31.118 s
[2024-11-05T11:25:17-0600] -------------------------------
[2024-11-05T11:25:17-0600] Waiting for 2 s...
[2024-11-05T11:25:19-0600] -------------------------------
[2024-11-05T11:25:19-0600] Traceroute test started at 2024-11-05 11:25:19.756 CST
[2024-11-05T11:25:30-0600] Waiting for 18.859 s to reach end time
[2024-11-05T11:25:49-0600] Saved traceroute test to /data/data/com.termux/files/home/storage/shared/bos_la_2024_trip/att/20241105/111942132/traceroute_112519786.out
[2024-11-05T11:25:49-0600] Traceroute summary (min/avg/max/mdev) 
[2024-11-05T11:25:49-0600] Traceroute test finished at 2024-11-05 11:25:49.845 CST, duration: 30.089 s
[2024-11-05T11:25:49-0600] -------------------------------
[2024-11-05T11:25:49-0600] All tests completed, cleaning up...
[2024-11-05T11:25:49-0600] -------------------------------
[2024-11-05T11:26:47-0600] [measurement] Load environment variables from prod.env file
[2024-11-05T11:26:47-0600] Starting a network measurement, please choose a server
[2024-11-05T11:26:47-0600] 0) West Cloud: 54.176.53.206
[2024-11-05T11:26:47-0600] 1) East Cloud: 54.197.223.49
[2024-11-05T11:27:05-0600] Enter your choice (0-1): Testing att, server 1 (ip: 54.197.223.49, nuttcp_port: 5102, iperf_port: 5002)
[2024-11-05T11:27:05-0600] -------------------------------
[2024-11-05T11:27:05-0600] tcp downlink test started at 2024-11-05 11:27:05.177 CST
[2024-11-05T11:27:05-0600] Testing tcp downlink with 54.197.223.49:5102, interval 0.5 s, duration 120 s, timeout 121 s...
[2024-11-05T11:29:06-0600] Current time exceeds end time, skipping wait
[2024-11-05T11:29:06-0600] Saved tcp downlink test to /data/data/com.termux/files/home/storage/shared/bos_la_2024_trip/att/20241105/112705161/tcp_downlink_112705197.out
[2024-11-05T11:29:06-0600] DL AVG TPUT: 
[2024-11-05T11:29:06-0600] tcp downlink test finished at 2024-11-05 11:29:06.295 CST, duration: 121.118 s
[2024-11-05T11:29:06-0600] -------------------------------
[2024-11-05T11:29:06-0600] Waiting for 2 s...
[2024-11-05T11:29:08-0600] -------------------------------
[2024-11-05T11:29:08-0600] Starting 5G booster for 5 s...
[2024-11-05T11:29:08-0600] 5G booster started at 2024-11-05 11:29:08.448 CST
[2024-11-05T11:29:14-0600] Current time exceeds end time, skipping wait
[2024-11-05T11:29:14-0600] Saved TCP DL results to /data/data/com.termux/files/home/storage/shared/bos_la_2024_trip/att/20241105/112705161/tcp_downlink_112908488.out
[2024-11-05T11:29:14-0600] DL AVG TPUT: 
[2024-11-05T11:29:14-0600] 5G booster finished at 2024-11-05 11:29:14.546 CST, duration: 6.098 s
[2024-11-05T11:29:14-0600] -------------------------------
[2024-11-05T11:29:14-0600] Waiting for 2 s...
[2024-11-05T11:29:16-0600] -------------------------------
[2024-11-05T11:29:16-0600] tcp uplink test started at 2024-11-05 11:29:16.667 CST
[2024-11-05T11:29:16-0600] testing tcp uplink with 54.197.223.49:5102, interval 0.5, duration 120, timeout 121 ...
[2024-11-05T11:31:17-0600] Current time exceeds end time, skipping wait
[2024-11-05T11:31:17-0600] Saved uplink test to /data/data/com.termux/files/home/storage/shared/bos_la_2024_trip/att/20241105/112705161/tcp_uplink_112916696.out
[2024-11-05T11:31:17-0600] UL AVG TPUT: 
[2024-11-05T11:31:17-0600] tcp uplink test finished at 2024-11-05 11:31:17.788 CST, duration: 121.121 s
[2024-11-05T11:31:17-0600] -------------------------------
[2024-11-05T11:31:17-0600] Waiting for 2 s...
[2024-11-05T11:31:19-0600] -------------------------------
[2024-11-05T11:31:19-0600] Starting 5G booster for 5 s...
[2024-11-05T11:31:19-0600] 5G booster started at 2024-11-05 11:31:19.911 CST
[2024-11-05T11:31:26-0600] Current time exceeds end time, skipping wait
[2024-11-05T11:31:26-0600] Saved TCP DL results to /data/data/com.termux/files/home/storage/shared/bos_la_2024_trip/att/20241105/112705161/tcp_downlink_113119959.out
[2024-11-05T11:31:26-0600] DL AVG TPUT: 
[2024-11-05T11:31:26-0600] 5G booster finished at 2024-11-05 11:31:26.054 CST, duration: 6.143 s
[2024-11-05T11:31:26-0600] -------------------------------
[2024-11-05T11:31:26-0600] Waiting for 2 s...
[2024-11-05T11:31:28-0600] -------------------------------
[2024-11-05T11:31:28-0600] ICMP Ping test started at 2024-11-05 11:31:28.179 CST
[2024-11-05T11:31:58-0600] Waiting for .875 s to reach end time
[2024-11-05T11:31:59-0600] Saved ping test to /data/data/com.termux/files/home/storage/shared/bos_la_2024_trip/att/20241105/112705161/icmp_ping_113128204.out
[2024-11-05T11:31:59-0600] Ping summary (min/avg/max/mdev) = 52.178/69.119/147.612/14.764 ms
[2024-11-05T11:31:59-0600] Ping test finished at 2024-11-05 11:31:59.257 CST, duration: 31.078 s
[2024-11-05T11:31:59-0600] -------------------------------
[2024-11-05T11:31:59-0600] Waiting for 2 s...
[2024-11-05T11:32:01-0600] -------------------------------
[2024-11-05T11:32:01-0600] Starting 5G booster for 5 s...
[2024-11-05T11:32:01-0600] 5G booster started at 2024-11-05 11:32:01.383 CST
[2024-11-05T11:32:07-0600] Current time exceeds end time, skipping wait
[2024-11-05T11:32:07-0600] Saved TCP DL results to /data/data/com.termux/files/home/storage/shared/bos_la_2024_trip/att/20241105/112705161/tcp_downlink_113201436.out
[2024-11-05T11:32:07-0600] DL AVG TPUT: 
[2024-11-05T11:32:07-0600] 5G booster finished at 2024-11-05 11:32:07.523 CST, duration: 6.140 s
[2024-11-05T11:32:07-0600] -------------------------------
[2024-11-05T11:32:07-0600] Waiting for 2 s...
[2024-11-05T11:32:09-0600] -------------------------------
[2024-11-05T11:32:09-0600] TCP Ping test started at 2024-11-05 11:32:09.621 CST
[2024-11-05T11:32:40-0600] Current time exceeds end time, skipping wait
[2024-11-05T11:32:40-0600] Saved TCP Ping test to /data/data/com.termux/files/home/storage/shared/bos_la_2024_trip/att/20241105/112705161/tcp_ping_113209659.out
[2024-11-05T11:32:40-0600] TCP Ping summary (min/avg/max/mdev) 
[2024-11-05T11:32:40-0600] TCP Ping test finished at 2024-11-05 11:32:40.730 CST, duration: 31.109 s
[2024-11-05T11:32:40-0600] -------------------------------
[2024-11-05T11:32:40-0600] Waiting for 2 s...
[2024-11-05T11:32:42-0600] -------------------------------
[2024-11-05T11:32:42-0600] Traceroute test started at 2024-11-05 11:32:42.822 CST
[2024-11-05T11:32:53-0600] Waiting for 19.077 s to reach end time
[2024-11-05T11:33:12-0600] Saved traceroute test to /data/data/com.termux/files/home/storage/shared/bos_la_2024_trip/att/20241105/112705161/traceroute_113242845.out
[2024-11-05T11:33:12-0600] Traceroute summary (min/avg/max/mdev) 
[2024-11-05T11:33:12-0600] Traceroute test finished at 2024-11-05 11:33:12.913 CST, duration: 30.091 s
[2024-11-05T11:33:12-0600] -------------------------------
[2024-11-05T11:33:12-0600] All tests completed, cleaning up...
[2024-11-05T11:33:12-0600] -------------------------------
[2024-11-05T11:34:04-0600] [measurement] Load environment variables from prod.env file
[2024-11-05T11:34:04-0600] Starting a network measurement, please choose a server
[2024-11-05T11:34:04-0600] 0) West Cloud: 54.176.53.206
[2024-11-05T11:34:04-0600] 1) East Cloud: 54.197.223.49
[2024-11-05T11:34:29-0600] Enter your choice (0-1): Testing att, server 1 (ip: 54.197.223.49, nuttcp_port: 5102, iperf_port: 5002)
[2024-11-05T11:34:29-0600] -------------------------------
[2024-11-05T11:34:29-0600] tcp downlink test started at 2024-11-05 11:34:29.326 CST
[2024-11-05T11:34:29-0600] Testing tcp downlink with 54.197.223.49:5102, interval 0.5 s, duration 120 s, timeout 121 s...
[2024-11-05T11:36:30-0600] Current time exceeds end time, skipping wait
[2024-11-05T11:36:30-0600] Saved tcp downlink test to /data/data/com.termux/files/home/storage/shared/bos_la_2024_trip/att/20241105/113429309/tcp_downlink_113429350.out
[2024-11-05T11:36:30-0600] DL AVG TPUT: 
[2024-11-05T11:36:30-0600] tcp downlink test finished at 2024-11-05 11:36:30.416 CST, duration: 121.090 s
[2024-11-05T11:36:30-0600] -------------------------------
[2024-11-05T11:36:30-0600] Waiting for 2 s...
[2024-11-05T11:36:32-0600] -------------------------------
[2024-11-05T11:36:32-0600] Starting 5G booster for 5 s...
[2024-11-05T11:36:32-0600] 5G booster started at 2024-11-05 11:36:32.510 CST
[2024-11-05T11:36:38-0600] Current time exceeds end time, skipping wait
[2024-11-05T11:36:38-0600] Saved TCP DL results to /data/data/com.termux/files/home/storage/shared/bos_la_2024_trip/att/20241105/113429309/tcp_downlink_113632537.out
[2024-11-05T11:36:38-0600] DL AVG TPUT: 
[2024-11-05T11:36:38-0600] 5G booster finished at 2024-11-05 11:36:38.618 CST, duration: 6.108 s
[2024-11-05T11:36:38-0600] -------------------------------
[2024-11-05T11:36:38-0600] Waiting for 2 s...
[2024-11-05T11:36:40-0600] -------------------------------
[2024-11-05T11:36:40-0600] tcp uplink test started at 2024-11-05 11:36:40.722 CST
[2024-11-05T11:36:40-0600] testing tcp uplink with 54.197.223.49:5102, interval 0.5, duration 120, timeout 121 ...
[2024-11-05T11:38:41-0600] Current time exceeds end time, skipping wait
[2024-11-05T11:38:41-0600] Saved uplink test to /data/data/com.termux/files/home/storage/shared/bos_la_2024_trip/att/20241105/113429309/tcp_uplink_113640750.out
[2024-11-05T11:38:41-0600] UL AVG TPUT: 
[2024-11-05T11:38:41-0600] tcp uplink test finished at 2024-11-05 11:38:41.827 CST, duration: 121.105 s
[2024-11-05T11:38:41-0600] -------------------------------
[2024-11-05T11:38:41-0600] Waiting for 2 s...
[2024-11-05T11:38:43-0600] -------------------------------
[2024-11-05T11:38:43-0600] Starting 5G booster for 5 s...
[2024-11-05T11:38:43-0600] 5G booster started at 2024-11-05 11:38:43.949 CST
[2024-11-05T11:38:50-0600] Current time exceeds end time, skipping wait
[2024-11-05T11:38:50-0600] Saved TCP DL results to /data/data/com.termux/files/home/storage/shared/bos_la_2024_trip/att/20241105/113429309/tcp_downlink_113843972.out
[2024-11-05T11:38:50-0600] DL AVG TPUT: 
[2024-11-05T11:38:50-0600] 5G booster finished at 2024-11-05 11:38:50.040 CST, duration: 6.091 s
[2024-11-05T11:38:50-0600] -------------------------------
[2024-11-05T11:38:50-0600] Waiting for 2 s...
[2024-11-05T11:38:52-0600] -------------------------------
[2024-11-05T11:38:52-0600] ICMP Ping test started at 2024-11-05 11:38:52.162 CST
[2024-11-05T11:39:22-0600] Waiting for .875 s to reach end time
[2024-11-05T11:39:23-0600] Saved ping test to /data/data/com.termux/files/home/storage/shared/bos_la_2024_trip/att/20241105/113429309/icmp_ping_113852196.out
[2024-11-05T11:39:23-0600] Ping summary (min/avg/max/mdev) = 42.914/66.332/215.281/23.665 ms
[2024-11-05T11:39:23-0600] Ping test finished at 2024-11-05 11:39:23.246 CST, duration: 31.084 s
[2024-11-05T11:39:23-0600] -------------------------------
[2024-11-05T11:39:23-0600] Waiting for 2 s...
[2024-11-05T11:39:25-0600] -------------------------------
[2024-11-05T11:39:25-0600] Starting 5G booster for 5 s...
[2024-11-05T11:39:25-0600] 5G booster started at 2024-11-05 11:39:25.339 CST
[2024-11-05T11:39:31-0600] Current time exceeds end time, skipping wait
[2024-11-05T11:39:31-0600] Saved TCP DL results to /data/data/com.termux/files/home/storage/shared/bos_la_2024_trip/att/20241105/113429309/tcp_downlink_113925368.out
[2024-11-05T11:39:31-0600] DL AVG TPUT: 
[2024-11-05T11:39:31-0600] 5G booster finished at 2024-11-05 11:39:31.443 CST, duration: 6.104 s
[2024-11-05T11:39:31-0600] -------------------------------
[2024-11-05T11:39:31-0600] Waiting for 2 s...
[2024-11-05T11:39:33-0600] -------------------------------
[2024-11-05T11:39:33-0600] TCP Ping test started at 2024-11-05 11:39:33.540 CST
[2024-11-05T11:40:04-0600] Current time exceeds end time, skipping wait
[2024-11-05T11:40:04-0600] Saved TCP Ping test to /data/data/com.termux/files/home/storage/shared/bos_la_2024_trip/att/20241105/113429309/tcp_ping_113933595.out
[2024-11-05T11:40:04-0600] TCP Ping summary (min/avg/max/mdev) 
[2024-11-05T11:40:04-0600] TCP Ping test finished at 2024-11-05 11:40:04.681 CST, duration: 31.141 s
[2024-11-05T11:40:04-0600] -------------------------------
[2024-11-05T11:40:04-0600] Waiting for 2 s...
[2024-11-05T11:40:06-0600] -------------------------------
[2024-11-05T11:40:06-0600] Traceroute test started at 2024-11-05 11:40:06.783 CST
[2024-11-05T11:40:17-0600] Waiting for 19.097 s to reach end time
[2024-11-05T11:40:36-0600] Saved traceroute test to /data/data/com.termux/files/home/storage/shared/bos_la_2024_trip/att/20241105/113429309/traceroute_114006813.out
[2024-11-05T11:40:36-0600] Traceroute summary (min/avg/max/mdev) 
[2024-11-05T11:40:36-0600] Traceroute test finished at 2024-11-05 11:40:36.902 CST, duration: 30.119 s
[2024-11-05T11:40:36-0600] -------------------------------
[2024-11-05T11:40:36-0600] All tests completed, cleaning up...
[2024-11-05T11:40:36-0600] -------------------------------
[2024-11-05T11:40:54-0600] [measurement] Load environment variables from prod.env file
[2024-11-05T11:40:54-0600] Starting a network measurement, please choose a server
[2024-11-05T11:40:54-0600] 0) West Cloud: 54.176.53.206
[2024-11-05T11:40:54-0600] 1) East Cloud: 54.197.223.49
[2024-11-05T11:42:04-0600] Enter your choice (0-1): Testing att, server 1 (ip: 54.197.223.49, nuttcp_port: 5102, iperf_port: 5002)
[2024-11-05T11:42:04-0600] -------------------------------
[2024-11-05T11:42:04-0600] tcp downlink test started at 2024-11-05 11:42:04.147 CST
[2024-11-05T11:42:04-0600] Testing tcp downlink with 54.197.223.49:5102, interval 0.5 s, duration 120 s, timeout 121 s...
[2024-11-05T11:44:05-0600] Current time exceeds end time, skipping wait
[2024-11-05T11:44:05-0600] Saved tcp downlink test to /data/data/com.termux/files/home/storage/shared/bos_la_2024_trip/att/20241105/114204127/tcp_downlink_114204176.out
[2024-11-05T11:44:05-0600] DL AVG TPUT: 
[2024-11-05T11:44:05-0600] tcp downlink test finished at 2024-11-05 11:44:05.290 CST, duration: 121.143 s
[2024-11-05T11:44:05-0600] -------------------------------
[2024-11-05T11:44:05-0600] Waiting for 2 s...
[2024-11-05T11:44:07-0600] -------------------------------
[2024-11-05T11:44:07-0600] Starting 5G booster for 5 s...
[2024-11-05T11:44:07-0600] 5G booster started at 2024-11-05 11:44:07.413 CST
[2024-11-05T11:44:13-0600] Current time exceeds end time, skipping wait
[2024-11-05T11:44:13-0600] Saved TCP DL results to /data/data/com.termux/files/home/storage/shared/bos_la_2024_trip/att/20241105/114204127/tcp_downlink_114407440.out
[2024-11-05T11:44:13-0600] DL AVG TPUT: 
[2024-11-05T11:44:13-0600] 5G booster finished at 2024-11-05 11:44:13.530 CST, duration: 6.117 s
[2024-11-05T11:44:13-0600] -------------------------------
[2024-11-05T11:44:13-0600] Waiting for 2 s...
[2024-11-05T11:44:15-0600] -------------------------------
[2024-11-05T11:44:15-0600] tcp uplink test started at 2024-11-05 11:44:15.639 CST
[2024-11-05T11:44:15-0600] testing tcp uplink with 54.197.223.49:5102, interval 0.5, duration 120, timeout 121 ...
[2024-11-05T11:46:16-0600] Current time exceeds end time, skipping wait
[2024-11-05T11:46:16-0600] Saved uplink test to /data/data/com.termux/files/home/storage/shared/bos_la_2024_trip/att/20241105/114204127/tcp_uplink_114415664.out
[2024-11-05T11:46:16-0600] UL AVG TPUT: 
[2024-11-05T11:46:16-0600] tcp uplink test finished at 2024-11-05 11:46:16.749 CST, duration: 121.110 s
[2024-11-05T11:46:16-0600] -------------------------------
[2024-11-05T11:46:16-0600] Waiting for 2 s...
[2024-11-05T11:46:18-0600] -------------------------------
[2024-11-05T11:46:18-0600] Starting 5G booster for 5 s...
[2024-11-05T11:46:18-0600] 5G booster started at 2024-11-05 11:46:18.870 CST
[2024-11-05T11:46:24-0600] Current time exceeds end time, skipping wait
[2024-11-05T11:46:24-0600] Saved TCP DL results to /data/data/com.termux/files/home/storage/shared/bos_la_2024_trip/att/20241105/114204127/tcp_downlink_114618897.out
[2024-11-05T11:46:25-0600] DL AVG TPUT: 
[2024-11-05T11:46:25-0600] 5G booster finished at 2024-11-05 11:46:24.975 CST, duration: 6.105 s
[2024-11-05T11:46:25-0600] -------------------------------
[2024-11-05T11:46:25-0600] Waiting for 2 s...
[2024-11-05T11:46:27-0600] -------------------------------
[2024-11-05T11:46:27-0600] ICMP Ping test started at 2024-11-05 11:46:27.085 CST
[2024-11-05T11:46:57-0600] Waiting for .819 s to reach end time
[2024-11-05T11:46:58-0600] Saved ping test to /data/data/com.termux/files/home/storage/shared/bos_la_2024_trip/att/20241105/114204127/icmp_ping_114627167.out
[2024-11-05T11:46:58-0600] Ping summary (min/avg/max/mdev) = 42.043/72.580/638.445/76.864 ms
[2024-11-05T11:46:58-0600] Ping test finished at 2024-11-05 11:46:58.171 CST, duration: 31.086 s
[2024-11-05T11:46:58-0600] -------------------------------
[2024-11-05T11:46:58-0600] Waiting for 2 s...
[2024-11-05T11:47:00-0600] -------------------------------
[2024-11-05T11:47:00-0600] Starting 5G booster for 5 s...
[2024-11-05T11:47:00-0600] 5G booster started at 2024-11-05 11:47:00.312 CST
[2024-11-05T11:47:06-0600] Current time exceeds end time, skipping wait
[2024-11-05T11:47:06-0600] Saved TCP DL results to /data/data/com.termux/files/home/storage/shared/bos_la_2024_trip/att/20241105/114204127/tcp_downlink_114700352.out
[2024-11-05T11:47:06-0600] DL AVG TPUT: 
[2024-11-05T11:47:06-0600] 5G booster finished at 2024-11-05 11:47:06.417 CST, duration: 6.105 s
[2024-11-05T11:47:06-0600] -------------------------------
[2024-11-05T11:47:06-0600] Waiting for 2 s...
[2024-11-05T11:47:08-0600] -------------------------------
[2024-11-05T11:47:08-0600] TCP Ping test started at 2024-11-05 11:47:08.520 CST
[2024-11-05T11:47:39-0600] Current time exceeds end time, skipping wait
[2024-11-05T11:47:39-0600] Saved TCP Ping test to /data/data/com.termux/files/home/storage/shared/bos_la_2024_trip/att/20241105/114204127/tcp_ping_114708545.out
[2024-11-05T11:47:39-0600] TCP Ping summary (min/avg/max/mdev) 
[2024-11-05T11:47:39-0600] TCP Ping test finished at 2024-11-05 11:47:39.640 CST, duration: 31.120 s
[2024-11-05T11:47:39-0600] -------------------------------
[2024-11-05T11:47:39-0600] Waiting for 2 s...
[2024-11-05T11:47:41-0600] -------------------------------
[2024-11-05T11:47:41-0600] Traceroute test started at 2024-11-05 11:47:41.783 CST
[2024-11-05T11:47:56-0600] Waiting for 15.400 s to reach end time
[2024-11-05T11:48:11-0600] Saved traceroute test to /data/data/com.termux/files/home/storage/shared/bos_la_2024_trip/att/20241105/114204127/traceroute_114741812.out
[2024-11-05T11:48:11-0600] Traceroute summary (min/avg/max/mdev) 
[2024-11-05T11:48:11-0600] Traceroute test finished at 2024-11-05 11:48:11.927 CST, duration: 30.144 s
[2024-11-05T11:48:11-0600] -------------------------------
[2024-11-05T11:48:11-0600] All tests completed, cleaning up...
[2024-11-05T11:48:11-0600] -------------------------------
[2024-11-05T11:48:43-0600] [measurement] Load environment variables from prod.env file
[2024-11-05T11:48:43-0600] Starting a network measurement, please choose a server
[2024-11-05T11:48:43-0600] 0) West Cloud: 54.176.53.206
[2024-11-05T11:48:43-0600] 1) East Cloud: 54.197.223.49
[2024-11-05T11:49:33-0600] Enter your choice (0-1): Testing att, server 1 (ip: 54.197.223.49, nuttcp_port: 5102, iperf_port: 5002)
[2024-11-05T11:49:34-0600] -------------------------------
[2024-11-05T11:49:34-0600] tcp downlink test started at 2024-11-05 11:49:34.027 CST
[2024-11-05T11:49:34-0600] Testing tcp downlink with 54.197.223.49:5102, interval 0.5 s, duration 120 s, timeout 121 s...
[2024-11-05T11:51:35-0600] Current time exceeds end time, skipping wait
[2024-11-05T11:51:35-0600] Saved tcp downlink test to /data/data/com.termux/files/home/storage/shared/bos_la_2024_trip/att/20241105/114934003/tcp_downlink_114934060.out
[2024-11-05T11:51:35-0600] DL AVG TPUT: 
[2024-11-05T11:51:35-0600] tcp downlink test finished at 2024-11-05 11:51:35.134 CST, duration: 121.107 s
[2024-11-05T11:51:35-0600] -------------------------------
[2024-11-05T11:51:35-0600] Waiting for 2 s...
[2024-11-05T11:51:37-0600] -------------------------------
[2024-11-05T11:51:37-0600] Starting 5G booster for 5 s...
[2024-11-05T11:51:37-0600] 5G booster started at 2024-11-05 11:51:37.255 CST
[2024-11-05T11:51:43-0600] Current time exceeds end time, skipping wait
[2024-11-05T11:51:43-0600] Saved TCP DL results to /data/data/com.termux/files/home/storage/shared/bos_la_2024_trip/att/20241105/114934003/tcp_downlink_115137281.out
[2024-11-05T11:51:43-0600] DL AVG TPUT: 
[2024-11-05T11:51:43-0600] 5G booster finished at 2024-11-05 11:51:43.357 CST, duration: 6.102 s
[2024-11-05T11:51:43-0600] -------------------------------
[2024-11-05T11:51:43-0600] Waiting for 2 s...
[2024-11-05T11:51:45-0600] -------------------------------
[2024-11-05T11:51:45-0600] tcp uplink test started at 2024-11-05 11:51:45.481 CST
[2024-11-05T11:51:45-0600] testing tcp uplink with 54.197.223.49:5102, interval 0.5, duration 120, timeout 121 ...
[2024-11-05T11:53:46-0600] Current time exceeds end time, skipping wait
[2024-11-05T11:53:46-0600] Saved uplink test to /data/data/com.termux/files/home/storage/shared/bos_la_2024_trip/att/20241105/114934003/tcp_uplink_115145512.out
[2024-11-05T11:53:46-0600] UL AVG TPUT: 
[2024-11-05T11:53:46-0600] tcp uplink test finished at 2024-11-05 11:53:46.590 CST, duration: 121.109 s
[2024-11-05T11:53:46-0600] -------------------------------
[2024-11-05T11:53:46-0600] Waiting for 2 s...
[2024-11-05T11:53:48-0600] -------------------------------
[2024-11-05T11:53:48-0600] Starting 5G booster for 5 s...
[2024-11-05T11:53:48-0600] 5G booster started at 2024-11-05 11:53:48.720 CST
[2024-11-05T11:53:54-0600] Current time exceeds end time, skipping wait
[2024-11-05T11:53:54-0600] Saved TCP DL results to /data/data/com.termux/files/home/storage/shared/bos_la_2024_trip/att/20241105/114934003/tcp_downlink_115348769.out
[2024-11-05T11:53:54-0600] DL AVG TPUT: 
[2024-11-05T11:53:54-0600] 5G booster finished at 2024-11-05 11:53:54.844 CST, duration: 6.124 s
[2024-11-05T11:53:54-0600] -------------------------------
[2024-11-05T11:53:54-0600] Waiting for 2 s...
[2024-11-05T11:53:56-0600] -------------------------------
[2024-11-05T11:53:56-0600] ICMP Ping test started at 2024-11-05 11:53:56.947 CST
[2024-11-05T11:54:27-0600] Waiting for .925 s to reach end time
[2024-11-05T11:54:28-0600] Saved ping test to /data/data/com.termux/files/home/storage/shared/bos_la_2024_trip/att/20241105/114934003/icmp_ping_115356975.out
[2024-11-05T11:54:28-0600] Ping summary (min/avg/max/mdev) = 41.986/48.795/137.503/9.077 ms
[2024-11-05T11:54:28-0600] Ping test finished at 2024-11-05 11:54:28.043 CST, duration: 31.096 s
[2024-11-05T11:54:28-0600] -------------------------------
[2024-11-05T11:54:28-0600] Waiting for 2 s...
[2024-11-05T11:54:30-0600] -------------------------------
[2024-11-05T11:54:30-0600] Starting 5G booster for 5 s...
[2024-11-05T11:54:30-0600] 5G booster started at 2024-11-05 11:54:30.143 CST
[2024-11-05T11:54:36-0600] Current time exceeds end time, skipping wait
[2024-11-05T11:54:36-0600] Saved TCP DL results to /data/data/com.termux/files/home/storage/shared/bos_la_2024_trip/att/20241105/114934003/tcp_downlink_115430195.out
[2024-11-05T11:54:36-0600] DL AVG TPUT: 
[2024-11-05T11:54:36-0600] 5G booster finished at 2024-11-05 11:54:36.266 CST, duration: 6.123 s
[2024-11-05T11:54:36-0600] -------------------------------
[2024-11-05T11:54:36-0600] Waiting for 2 s...
[2024-11-05T11:54:38-0600] -------------------------------
[2024-11-05T11:54:38-0600] TCP Ping test started at 2024-11-05 11:54:38.366 CST
[2024-11-05T11:55:09-0600] Current time exceeds end time, skipping wait
[2024-11-05T11:55:09-0600] Saved TCP Ping test to /data/data/com.termux/files/home/storage/shared/bos_la_2024_trip/att/20241105/114934003/tcp_ping_115438415.out
[2024-11-05T11:55:09-0600] TCP Ping summary (min/avg/max/mdev) 
[2024-11-05T11:55:09-0600] TCP Ping test finished at 2024-11-05 11:55:09.514 CST, duration: 31.148 s
[2024-11-05T11:55:09-0600] -------------------------------
[2024-11-05T11:55:09-0600] Waiting for 2 s...
[2024-11-05T11:55:11-0600] -------------------------------
[2024-11-05T11:55:11-0600] Traceroute test started at 2024-11-05 11:55:11.624 CST
[2024-11-05T11:55:22-0600] Waiting for 18.901 s to reach end time
[2024-11-05T11:55:41-0600] Saved traceroute test to /data/data/com.termux/files/home/storage/shared/bos_la_2024_trip/att/20241105/114934003/traceroute_115511655.out
[2024-11-05T11:55:41-0600] Traceroute summary (min/avg/max/mdev) 
[2024-11-05T11:55:41-0600] Traceroute test finished at 2024-11-05 11:55:41.695 CST, duration: 30.071 s
[2024-11-05T11:55:41-0600] -------------------------------
[2024-11-05T11:55:41-0600] All tests completed, cleaning up...
[2024-11-05T11:55:41-0600] -------------------------------
[2024-11-05T12:11:04-0600] [measurement] Load environment variables from prod.env file
[2024-11-05T12:11:04-0600] Starting a network measurement, please choose a server
[2024-11-05T12:11:04-0600] 0) West Cloud: 54.176.53.206
[2024-11-05T12:11:04-0600] 1) East Cloud: 54.197.223.49
[2024-11-05T12:13:06-0600] Enter your choice (0-1): Testing att, server 1 (ip: 54.197.223.49, nuttcp_port: 5102, iperf_port: 5002)
[2024-11-05T12:13:06-0600] -------------------------------
[2024-11-05T12:13:06-0600] tcp downlink test started at 2024-11-05 12:13:06.184 CST
[2024-11-05T12:13:06-0600] Testing tcp downlink with 54.197.223.49:5102, interval 0.5 s, duration 120 s, timeout 121 s...
[2024-11-05T12:15:07-0600] Current time exceeds end time, skipping wait
[2024-11-05T12:15:07-0600] Saved tcp downlink test to /data/data/com.termux/files/home/storage/shared/bos_la_2024_trip/att/20241105/121306166/tcp_downlink_121306206.out
[2024-11-05T12:15:07-0600] DL AVG TPUT: 
[2024-11-05T12:15:07-0600] tcp downlink test finished at 2024-11-05 12:15:07.326 CST, duration: 121.142 s
[2024-11-05T12:15:07-0600] -------------------------------
[2024-11-05T12:15:07-0600] Waiting for 2 s...
[2024-11-05T12:15:09-0600] -------------------------------
[2024-11-05T12:15:09-0600] Starting 5G booster for 5 s...
[2024-11-05T12:15:09-0600] 5G booster started at 2024-11-05 12:15:09.456 CST
[2024-11-05T12:15:15-0600] Current time exceeds end time, skipping wait
[2024-11-05T12:15:15-0600] Saved TCP DL results to /data/data/com.termux/files/home/storage/shared/bos_la_2024_trip/att/20241105/121306166/tcp_downlink_121509503.out
[2024-11-05T12:15:15-0600] DL AVG TPUT: 
[2024-11-05T12:15:15-0600] 5G booster finished at 2024-11-05 12:15:15.562 CST, duration: 6.106 s
[2024-11-05T12:15:15-0600] -------------------------------
[2024-11-05T12:15:15-0600] Waiting for 2 s...
[2024-11-05T12:15:17-0600] -------------------------------
[2024-11-05T12:15:17-0600] tcp uplink test started at 2024-11-05 12:15:17.670 CST
[2024-11-05T12:15:17-0600] testing tcp uplink with 54.197.223.49:5102, interval 0.5, duration 120, timeout 121 ...
[2024-11-05T12:17:18-0600] Current time exceeds end time, skipping wait
[2024-11-05T12:17:18-0600] Saved uplink test to /data/data/com.termux/files/home/storage/shared/bos_la_2024_trip/att/20241105/121306166/tcp_uplink_121517696.out
[2024-11-05T12:17:18-0600] UL AVG TPUT: 
[2024-11-05T12:17:18-0600] tcp uplink test finished at 2024-11-05 12:17:18.782 CST, duration: 121.112 s
[2024-11-05T12:17:18-0600] -------------------------------
[2024-11-05T12:17:18-0600] Waiting for 2 s...
[2024-11-05T12:17:20-0600] -------------------------------
[2024-11-05T12:17:20-0600] Starting 5G booster for 5 s...
[2024-11-05T12:17:20-0600] 5G booster started at 2024-11-05 12:17:20.927 CST
[2024-11-05T12:17:27-0600] Current time exceeds end time, skipping wait
[2024-11-05T12:17:27-0600] Saved TCP DL results to /data/data/com.termux/files/home/storage/shared/bos_la_2024_trip/att/20241105/121306166/tcp_downlink_121720976.out
[2024-11-05T12:17:27-0600] DL AVG TPUT: 
[2024-11-05T12:17:27-0600] 5G booster finished at 2024-11-05 12:17:27.068 CST, duration: 6.141 s
[2024-11-05T12:17:27-0600] -------------------------------
[2024-11-05T12:17:27-0600] Waiting for 2 s...
[2024-11-05T12:17:29-0600] -------------------------------
[2024-11-05T12:17:29-0600] ICMP Ping test started at 2024-11-05 12:17:29.207 CST
[2024-11-05T12:17:59-0600] Waiting for .838 s to reach end time
[2024-11-05T12:18:00-0600] Saved ping test to /data/data/com.termux/files/home/storage/shared/bos_la_2024_trip/att/20241105/121306166/icmp_ping_121729239.out
[2024-11-05T12:18:00-0600] Ping summary (min/avg/max/mdev) = 46.428/77.690/199.446/20.123 ms
[2024-11-05T12:18:00-0600] Ping test finished at 2024-11-05 12:18:00.310 CST, duration: 31.103 s
[2024-11-05T12:18:00-0600] -------------------------------
[2024-11-05T12:18:00-0600] Waiting for 2 s...
[2024-11-05T12:18:02-0600] -------------------------------
[2024-11-05T12:18:02-0600] Starting 5G booster for 5 s...
[2024-11-05T12:18:02-0600] 5G booster started at 2024-11-05 12:18:02.415 CST
[2024-11-05T12:18:08-0600] Current time exceeds end time, skipping wait
[2024-11-05T12:18:08-0600] Saved TCP DL results to /data/data/com.termux/files/home/storage/shared/bos_la_2024_trip/att/20241105/121306166/tcp_downlink_121802464.out
[2024-11-05T12:18:08-0600] DL AVG TPUT: 
[2024-11-05T12:18:08-0600] 5G booster finished at 2024-11-05 12:18:08.532 CST, duration: 6.117 s
[2024-11-05T12:18:08-0600] -------------------------------
[2024-11-05T12:18:08-0600] Waiting for 2 s...
[2024-11-05T12:18:10-0600] -------------------------------
[2024-11-05T12:18:10-0600] TCP Ping test started at 2024-11-05 12:18:10.633 CST
[2024-11-05T12:18:41-0600] Current time exceeds end time, skipping wait
[2024-11-05T12:18:41-0600] Saved TCP Ping test to /data/data/com.termux/files/home/storage/shared/bos_la_2024_trip/att/20241105/121306166/tcp_ping_121810663.out
[2024-11-05T12:18:41-0600] TCP Ping summary (min/avg/max/mdev) 
[2024-11-05T12:18:41-0600] TCP Ping test finished at 2024-11-05 12:18:41.770 CST, duration: 31.137 s
[2024-11-05T12:18:41-0600] -------------------------------
[2024-11-05T12:18:41-0600] Waiting for 2 s...
[2024-11-05T12:18:43-0600] -------------------------------
[2024-11-05T12:18:43-0600] Traceroute test started at 2024-11-05 12:18:43.878 CST
[2024-11-05T12:18:54-0600] Waiting for 19.122 s to reach end time
[2024-11-05T12:19:13-0600] Saved traceroute test to /data/data/com.termux/files/home/storage/shared/bos_la_2024_trip/att/20241105/121306166/traceroute_121843908.out
[2024-11-05T12:19:13-0600] Traceroute summary (min/avg/max/mdev) 
[2024-11-05T12:19:14-0600] Traceroute test finished at 2024-11-05 12:19:13.948 CST, duration: 30.070 s
[2024-11-05T12:19:14-0600] -------------------------------
[2024-11-05T12:19:14-0600] All tests completed, cleaning up...
[2024-11-05T12:19:14-0600] -------------------------------
[2024-11-05T12:20:47-0600] [measurement] Load environment variables from prod.env file
[2024-11-05T12:20:47-0600] Starting a network measurement, please choose a server
[2024-11-05T12:20:47-0600] 0) West Cloud: 54.176.53.206
[2024-11-05T12:20:47-0600] 1) East Cloud: 54.197.223.49
[2024-11-05T12:21:07-0600] Enter your choice (0-1): Testing att, server 1 (ip: 54.197.223.49, nuttcp_port: 5102, iperf_port: 5002)
[2024-11-05T12:21:07-0600] -------------------------------
[2024-11-05T12:21:07-0600] tcp downlink test started at 2024-11-05 12:21:07.722 CST
[2024-11-05T12:21:07-0600] Testing tcp downlink with 54.197.223.49:5102, interval 0.5 s, duration 120 s, timeout 121 s...
[2024-11-05T12:23:08-0600] Current time exceeds end time, skipping wait
[2024-11-05T12:23:08-0600] Saved tcp downlink test to /data/data/com.termux/files/home/storage/shared/bos_la_2024_trip/att/20241105/122107702/tcp_downlink_122107751.out
[2024-11-05T12:23:08-0600] DL AVG TPUT: 
[2024-11-05T12:23:08-0600] tcp downlink test finished at 2024-11-05 12:23:08.868 CST, duration: 121.146 s
[2024-11-05T12:23:08-0600] -------------------------------
[2024-11-05T12:23:08-0600] Waiting for 2 s...
[2024-11-05T12:23:10-0600] -------------------------------
[2024-11-05T12:23:10-0600] Starting 5G booster for 5 s...
[2024-11-05T12:23:10-0600] 5G booster started at 2024-11-05 12:23:10.974 CST
[2024-11-05T12:23:17-0600] Current time exceeds end time, skipping wait
[2024-11-05T12:23:17-0600] Saved TCP DL results to /data/data/com.termux/files/home/storage/shared/bos_la_2024_trip/att/20241105/122107702/tcp_downlink_122311001.out
[2024-11-05T12:23:17-0600] DL AVG TPUT: 
[2024-11-05T12:23:17-0600] 5G booster finished at 2024-11-05 12:23:17.121 CST, duration: 6.147 s
[2024-11-05T12:23:17-0600] -------------------------------
[2024-11-05T12:23:17-0600] Waiting for 2 s...
[2024-11-05T12:23:19-0600] -------------------------------
[2024-11-05T12:23:19-0600] tcp uplink test started at 2024-11-05 12:23:19.239 CST
[2024-11-05T12:23:19-0600] testing tcp uplink with 54.197.223.49:5102, interval 0.5, duration 120, timeout 121 ...
[2024-11-05T12:25:20-0600] Waiting for .220 s to reach end time
[2024-11-05T12:25:20-0600] Saved uplink test to /data/data/com.termux/files/home/storage/shared/bos_la_2024_trip/att/20241105/122107702/tcp_uplink_122319289.out
[2024-11-05T12:25:20-0600] UL AVG TPUT: 11.8447 Mbps
[2024-11-05T12:25:20-0600] tcp uplink test finished at 2024-11-05 12:25:20.335 CST, duration: 121.096 s
[2024-11-05T12:25:20-0600] -------------------------------
[2024-11-05T12:25:20-0600] Waiting for 2 s...
[2024-11-05T12:25:22-0600] -------------------------------
[2024-11-05T12:25:22-0600] Starting 5G booster for 5 s...
[2024-11-05T12:25:22-0600] 5G booster started at 2024-11-05 12:25:22.468 CST
[2024-11-05T12:25:28-0600] Current time exceeds end time, skipping wait
[2024-11-05T12:25:28-0600] Saved TCP DL results to /data/data/com.termux/files/home/storage/shared/bos_la_2024_trip/att/20241105/122107702/tcp_downlink_122522516.out
[2024-11-05T12:25:28-0600] DL AVG TPUT: 
[2024-11-05T12:25:28-0600] 5G booster finished at 2024-11-05 12:25:28.632 CST, duration: 6.164 s
[2024-11-05T12:25:28-0600] -------------------------------
[2024-11-05T12:25:28-0600] Waiting for 2 s...
[2024-11-05T12:25:30-0600] -------------------------------
[2024-11-05T12:25:30-0600] ICMP Ping test started at 2024-11-05 12:25:30.728 CST
[2024-11-05T12:26:00-0600] Waiting for .893 s to reach end time
[2024-11-05T12:26:01-0600] Saved ping test to /data/data/com.termux/files/home/storage/shared/bos_la_2024_trip/att/20241105/122107702/icmp_ping_122530748.out
[2024-11-05T12:26:01-0600] Ping summary (min/avg/max/mdev) = 52.251/64.363/165.256/15.747 ms
[2024-11-05T12:26:01-0600] Ping test finished at 2024-11-05 12:26:01.883 CST, duration: 31.155 s
[2024-11-05T12:26:01-0600] -------------------------------
[2024-11-05T12:26:01-0600] Waiting for 2 s...
[2024-11-05T12:26:03-0600] -------------------------------
[2024-11-05T12:26:03-0600] Starting 5G booster for 5 s...
[2024-11-05T12:26:03-0600] 5G booster started at 2024-11-05 12:26:03.979 CST
[2024-11-05T12:26:10-0600] Current time exceeds end time, skipping wait
[2024-11-05T12:26:10-0600] Saved TCP DL results to /data/data/com.termux/files/home/storage/shared/bos_la_2024_trip/att/20241105/122107702/tcp_downlink_122604002.out
[2024-11-05T12:26:10-0600] DL AVG TPUT: 
[2024-11-05T12:26:10-0600] 5G booster finished at 2024-11-05 12:26:10.062 CST, duration: 6.083 s
[2024-11-05T12:26:10-0600] -------------------------------
[2024-11-05T12:26:10-0600] Waiting for 2 s...
[2024-11-05T12:26:12-0600] -------------------------------
[2024-11-05T12:26:12-0600] TCP Ping test started at 2024-11-05 12:26:12.161 CST
[2024-11-05T12:26:43-0600] Current time exceeds end time, skipping wait
[2024-11-05T12:26:43-0600] Saved TCP Ping test to /data/data/com.termux/files/home/storage/shared/bos_la_2024_trip/att/20241105/122107702/tcp_ping_122612192.out
[2024-11-05T12:26:43-0600] TCP Ping summary (min/avg/max/mdev) 
[2024-11-05T12:26:43-0600] TCP Ping test finished at 2024-11-05 12:26:43.317 CST, duration: 31.156 s
[2024-11-05T12:26:43-0600] -------------------------------
[2024-11-05T12:26:43-0600] Waiting for 2 s...
[2024-11-05T12:26:45-0600] -------------------------------
[2024-11-05T12:26:45-0600] Traceroute test started at 2024-11-05 12:26:45.422 CST
[2024-11-05T12:26:56-0600] Waiting for 18.992 s to reach end time
[2024-11-05T12:27:15-0600] Saved traceroute test to /data/data/com.termux/files/home/storage/shared/bos_la_2024_trip/att/20241105/122107702/traceroute_122645447.out
[2024-11-05T12:27:15-0600] Traceroute summary (min/avg/max/mdev) 
[2024-11-05T12:27:15-0600] Traceroute test finished at 2024-11-05 12:27:15.504 CST, duration: 30.082 s
[2024-11-05T12:27:15-0600] -------------------------------
[2024-11-05T12:27:15-0600] All tests completed, cleaning up...
[2024-11-05T12:27:15-0600] -------------------------------
[2024-11-05T12:28:53-0600] [measurement] Load environment variables from prod.env file
[2024-11-05T12:28:53-0600] Starting a network measurement, please choose a server
[2024-11-05T12:28:53-0600] 0) West Cloud: 54.176.53.206
[2024-11-05T12:28:53-0600] 1) East Cloud: 54.197.223.49
[2024-11-05T12:29:15-0600] Enter your choice (0-1): Testing att, server 1 (ip: 54.197.223.49, nuttcp_port: 5102, iperf_port: 5002)
[2024-11-05T12:29:15-0600] -------------------------------
[2024-11-05T12:29:15-0600] tcp downlink test started at 2024-11-05 12:29:15.508 CST
[2024-11-05T12:29:15-0600] Testing tcp downlink with 54.197.223.49:5102, interval 0.5 s, duration 120 s, timeout 121 s...
[2024-11-05T12:31:16-0600] Current time exceeds end time, skipping wait
[2024-11-05T12:31:16-0600] Saved tcp downlink test to /data/data/com.termux/files/home/storage/shared/bos_la_2024_trip/att/20241105/122915484/tcp_downlink_122915535.out
[2024-11-05T12:31:16-0600] DL AVG TPUT: 
[2024-11-05T12:31:16-0600] tcp downlink test finished at 2024-11-05 12:31:16.658 CST, duration: 121.150 s
[2024-11-05T12:31:16-0600] -------------------------------
[2024-11-05T12:31:16-0600] Waiting for 2 s...
[2024-11-05T12:31:18-0600] -------------------------------
[2024-11-05T12:31:18-0600] Starting 5G booster for 5 s...
[2024-11-05T12:31:18-0600] 5G booster started at 2024-11-05 12:31:18.786 CST
[2024-11-05T12:31:24-0600] Current time exceeds end time, skipping wait
[2024-11-05T12:31:24-0600] Saved TCP DL results to /data/data/com.termux/files/home/storage/shared/bos_la_2024_trip/att/20241105/122915484/tcp_downlink_123118815.out
[2024-11-05T12:31:24-0600] DL AVG TPUT: 
[2024-11-05T12:31:24-0600] 5G booster finished at 2024-11-05 12:31:24.916 CST, duration: 6.130 s
[2024-11-05T12:31:24-0600] -------------------------------
[2024-11-05T12:31:24-0600] Waiting for 2 s...
[2024-11-05T12:31:26-0600] -------------------------------
[2024-11-05T12:31:27-0600] tcp uplink test started at 2024-11-05 12:31:26.990 CST
[2024-11-05T12:31:27-0600] testing tcp uplink with 54.197.223.49:5102, interval 0.5, duration 120, timeout 121 ...
[2024-11-05T12:33:28-0600] Current time exceeds end time, skipping wait
[2024-11-05T12:33:28-0600] Saved uplink test to /data/data/com.termux/files/home/storage/shared/bos_la_2024_trip/att/20241105/122915484/tcp_uplink_123127011.out
[2024-11-05T12:33:28-0600] UL AVG TPUT: 
[2024-11-05T12:33:28-0600] tcp uplink test finished at 2024-11-05 12:33:28.136 CST, duration: 121.146 s
[2024-11-05T12:33:28-0600] -------------------------------
[2024-11-05T12:33:28-0600] Waiting for 2 s...
[2024-11-05T12:33:30-0600] -------------------------------
[2024-11-05T12:33:30-0600] Starting 5G booster for 5 s...
[2024-11-05T12:33:30-0600] 5G booster started at 2024-11-05 12:33:30.265 CST
[2024-11-05T12:33:36-0600] Current time exceeds end time, skipping wait
[2024-11-05T12:33:36-0600] Saved TCP DL results to /data/data/com.termux/files/home/storage/shared/bos_la_2024_trip/att/20241105/122915484/tcp_downlink_123330292.out
[2024-11-05T12:33:36-0600] DL AVG TPUT: 
[2024-11-05T12:33:36-0600] 5G booster finished at 2024-11-05 12:33:36.383 CST, duration: 6.118 s
[2024-11-05T12:33:36-0600] -------------------------------
[2024-11-05T12:33:36-0600] Waiting for 2 s...
[2024-11-05T12:33:38-0600] -------------------------------
[2024-11-05T12:33:38-0600] ICMP Ping test started at 2024-11-05 12:33:38.477 CST
[2024-11-05T12:34:08-0600] Waiting for .848 s to reach end time
[2024-11-05T12:34:09-0600] Saved ping test to /data/data/com.termux/files/home/storage/shared/bos_la_2024_trip/att/20241105/122915484/icmp_ping_123338528.out
[2024-11-05T12:34:09-0600] Ping summary (min/avg/max/mdev) = 50.265/74.908/235.417/32.238 ms
[2024-11-05T12:34:09-0600] Ping test finished at 2024-11-05 12:34:09.563 CST, duration: 31.086 s
[2024-11-05T12:34:09-0600] -------------------------------
[2024-11-05T12:34:09-0600] Waiting for 2 s...
[2024-11-05T12:34:11-0600] -------------------------------
[2024-11-05T12:34:11-0600] Starting 5G booster for 5 s...
[2024-11-05T12:34:11-0600] 5G booster started at 2024-11-05 12:34:11.687 CST
[2024-11-05T12:34:17-0600] Current time exceeds end time, skipping wait
[2024-11-05T12:34:17-0600] Saved TCP DL results to /data/data/com.termux/files/home/storage/shared/bos_la_2024_trip/att/20241105/122915484/tcp_downlink_123411719.out
[2024-11-05T12:34:17-0600] DL AVG TPUT: 
[2024-11-05T12:34:17-0600] 5G booster finished at 2024-11-05 12:34:17.820 CST, duration: 6.133 s
[2024-11-05T12:34:17-0600] -------------------------------
[2024-11-05T12:34:17-0600] Waiting for 2 s...
[2024-11-05T12:34:19-0600] -------------------------------
[2024-11-05T12:34:19-0600] TCP Ping test started at 2024-11-05 12:34:19.926 CST
[2024-11-05T12:34:51-0600] Current time exceeds end time, skipping wait
[2024-11-05T12:34:51-0600] Saved TCP Ping test to /data/data/com.termux/files/home/storage/shared/bos_la_2024_trip/att/20241105/122915484/tcp_ping_123419950.out
[2024-11-05T12:34:51-0600] TCP Ping summary (min/avg/max/mdev) 
[2024-11-05T12:34:51-0600] TCP Ping test finished at 2024-11-05 12:34:51.059 CST, duration: 31.133 s
[2024-11-05T12:34:51-0600] -------------------------------
[2024-11-05T12:34:51-0600] Waiting for 2 s...
[2024-11-05T12:34:53-0600] -------------------------------
[2024-11-05T12:34:53-0600] Traceroute test started at 2024-11-05 12:34:53.171 CST
[2024-11-05T12:35:04-0600] Waiting for 18.923 s to reach end time
[2024-11-05T12:35:23-0600] Saved traceroute test to /data/data/com.termux/files/home/storage/shared/bos_la_2024_trip/att/20241105/122915484/traceroute_123453199.out
[2024-11-05T12:35:23-0600] Traceroute summary (min/avg/max/mdev) 
[2024-11-05T12:35:23-0600] Traceroute test finished at 2024-11-05 12:35:23.255 CST, duration: 30.084 s
[2024-11-05T12:35:23-0600] -------------------------------
[2024-11-05T12:35:23-0600] All tests completed, cleaning up...
[2024-11-05T12:35:23-0600] -------------------------------
[2024-11-05T12:35:44-0600] [measurement] Load environment variables from prod.env file
[2024-11-05T12:35:44-0600] Starting a network measurement, please choose a server
[2024-11-05T12:35:44-0600] 0) West Cloud: 54.176.53.206
[2024-11-05T12:35:44-0600] 1) East Cloud: 54.197.223.49
[2024-11-05T12:38:07-0600] Enter your choice (0-1): Testing att, server 1 (ip: 54.197.223.49, nuttcp_port: 5102, iperf_port: 5002)
[2024-11-05T12:38:07-0600] -------------------------------
[2024-11-05T12:38:07-0600] tcp downlink test started at 2024-11-05 12:38:07.241 CST
[2024-11-05T12:38:07-0600] Testing tcp downlink with 54.197.223.49:5102, interval 0.5 s, duration 120 s, timeout 121 s...
[2024-11-05T12:40:08-0600] Current time exceeds end time, skipping wait
[2024-11-05T12:40:08-0600] Saved tcp downlink test to /data/data/com.termux/files/home/storage/shared/bos_la_2024_trip/att/20241105/123807224/tcp_downlink_123807265.out
[2024-11-05T12:40:08-0600] DL AVG TPUT: 
[2024-11-05T12:40:08-0600] tcp downlink test finished at 2024-11-05 12:40:08.349 CST, duration: 121.108 s
[2024-11-05T12:40:08-0600] -------------------------------
[2024-11-05T12:40:08-0600] Waiting for 2 s...
[2024-11-05T12:40:10-0600] -------------------------------
[2024-11-05T12:40:10-0600] Starting 5G booster for 5 s...
[2024-11-05T12:40:10-0600] 5G booster started at 2024-11-05 12:40:10.449 CST
[2024-11-05T12:40:16-0600] Current time exceeds end time, skipping wait
[2024-11-05T12:40:16-0600] Saved TCP DL results to /data/data/com.termux/files/home/storage/shared/bos_la_2024_trip/att/20241105/123807224/tcp_downlink_124010479.out
[2024-11-05T12:40:16-0600] DL AVG TPUT: 
[2024-11-05T12:40:16-0600] 5G booster finished at 2024-11-05 12:40:16.588 CST, duration: 6.139 s
[2024-11-05T12:40:16-0600] -------------------------------
[2024-11-05T12:40:16-0600] Waiting for 2 s...
[2024-11-05T12:40:18-0600] -------------------------------
[2024-11-05T12:40:18-0600] tcp uplink test started at 2024-11-05 12:40:18.682 CST
[2024-11-05T12:40:18-0600] testing tcp uplink with 54.197.223.49:5102, interval 0.5, duration 120, timeout 121 ...
[2024-11-05T12:42:19-0600] Current time exceeds end time, skipping wait
[2024-11-05T12:42:19-0600] Saved uplink test to /data/data/com.termux/files/home/storage/shared/bos_la_2024_trip/att/20241105/123807224/tcp_uplink_124018710.out
[2024-11-05T12:42:19-0600] UL AVG TPUT: 
[2024-11-05T12:42:19-0600] tcp uplink test finished at 2024-11-05 12:42:19.783 CST, duration: 121.101 s
[2024-11-05T12:42:19-0600] -------------------------------
[2024-11-05T12:42:19-0600] Waiting for 2 s...
[2024-11-05T12:42:21-0600] -------------------------------
[2024-11-05T12:42:21-0600] Starting 5G booster for 5 s...
[2024-11-05T12:42:21-0600] 5G booster started at 2024-11-05 12:42:21.889 CST
[2024-11-05T12:42:28-0600] Current time exceeds end time, skipping wait
[2024-11-05T12:42:28-0600] Saved TCP DL results to /data/data/com.termux/files/home/storage/shared/bos_la_2024_trip/att/20241105/123807224/tcp_downlink_124221925.out
[2024-11-05T12:42:28-0600] DL AVG TPUT: 
[2024-11-05T12:42:28-0600] 5G booster finished at 2024-11-05 12:42:28.018 CST, duration: 6.129 s
[2024-11-05T12:42:28-0600] -------------------------------
[2024-11-05T12:42:28-0600] Waiting for 2 s...
[2024-11-05T12:42:30-0600] -------------------------------
[2024-11-05T12:42:30-0600] ICMP Ping test started at 2024-11-05 12:42:30.126 CST
[2024-11-05T12:43:00-0600] Waiting for .877 s to reach end time
[2024-11-05T12:43:01-0600] Saved ping test to /data/data/com.termux/files/home/storage/shared/bos_la_2024_trip/att/20241105/123807224/icmp_ping_124230152.out
[2024-11-05T12:43:01-0600] Ping summary (min/avg/max/mdev) = 51.999/62.095/142.487/13.591 ms
[2024-11-05T12:43:01-0600] Ping test finished at 2024-11-05 12:43:01.265 CST, duration: 31.139 s
[2024-11-05T12:43:01-0600] -------------------------------
[2024-11-05T12:43:01-0600] Waiting for 2 s...
[2024-11-05T12:43:03-0600] -------------------------------
[2024-11-05T12:43:03-0600] Starting 5G booster for 5 s...
[2024-11-05T12:43:03-0600] 5G booster started at 2024-11-05 12:43:03.392 CST
[2024-11-05T12:43:09-0600] Current time exceeds end time, skipping wait
[2024-11-05T12:43:09-0600] Saved TCP DL results to /data/data/com.termux/files/home/storage/shared/bos_la_2024_trip/att/20241105/123807224/tcp_downlink_124303421.out
[2024-11-05T12:43:09-0600] DL AVG TPUT: 
[2024-11-05T12:43:09-0600] 5G booster finished at 2024-11-05 12:43:09.530 CST, duration: 6.138 s
[2024-11-05T12:43:09-0600] -------------------------------
[2024-11-05T12:43:09-0600] Waiting for 2 s...
[2024-11-05T12:43:11-0600] -------------------------------
[2024-11-05T12:43:11-0600] TCP Ping test started at 2024-11-05 12:43:11.647 CST
[2024-11-05T12:43:42-0600] Current time exceeds end time, skipping wait
[2024-11-05T12:43:42-0600] Saved TCP Ping test to /data/data/com.termux/files/home/storage/shared/bos_la_2024_trip/att/20241105/123807224/tcp_ping_124311683.out
[2024-11-05T12:43:42-0600] TCP Ping summary (min/avg/max/mdev) 
[2024-11-05T12:43:42-0600] TCP Ping test finished at 2024-11-05 12:43:42.823 CST, duration: 31.176 s
[2024-11-05T12:43:42-0600] -------------------------------
[2024-11-05T12:43:42-0600] Waiting for 2 s...
[2024-11-05T12:43:44-0600] -------------------------------
[2024-11-05T12:43:44-0600] Traceroute test started at 2024-11-05 12:43:44.942 CST
[2024-11-05T12:43:55-0600] Waiting for 19.007 s to reach end time
[2024-11-05T12:44:15-0600] Saved traceroute test to /data/data/com.termux/files/home/storage/shared/bos_la_2024_trip/att/20241105/123807224/traceroute_124344967.out
[2024-11-05T12:44:15-0600] Traceroute summary (min/avg/max/mdev) 
[2024-11-05T12:44:15-0600] Traceroute test finished at 2024-11-05 12:44:15.023 CST, duration: 30.081 s
[2024-11-05T12:44:15-0600] -------------------------------
[2024-11-05T12:44:15-0600] All tests completed, cleaning up...
[2024-11-05T12:44:15-0600] -------------------------------
[2024-11-05T12:45:22-0600] [measurement] Load environment variables from prod.env file
[2024-11-05T12:45:22-0600] Starting a network measurement, please choose a server
[2024-11-05T12:45:22-0600] 0) West Cloud: 54.176.53.206
[2024-11-05T12:45:22-0600] 1) East Cloud: 54.197.223.49
[2024-11-05T12:45:29-0600] Enter your choice (0-1): Testing att, server 1 (ip: 54.197.223.49, nuttcp_port: 5102, iperf_port: 5002)
[2024-11-05T12:45:29-0600] -------------------------------
[2024-11-05T12:45:29-0600] tcp downlink test started at 2024-11-05 12:45:29.070 CST
[2024-11-05T12:45:29-0600] Testing tcp downlink with 54.197.223.49:5102, interval 0.5 s, duration 120 s, timeout 121 s...
[2024-11-05T12:47:30-0600] Current time exceeds end time, skipping wait
[2024-11-05T12:47:30-0600] Saved tcp downlink test to /data/data/com.termux/files/home/storage/shared/bos_la_2024_trip/att/20241105/124529054/tcp_downlink_124529092.out
[2024-11-05T12:47:30-0600] DL AVG TPUT: 
[2024-11-05T12:47:30-0600] tcp downlink test finished at 2024-11-05 12:47:30.208 CST, duration: 121.138 s
[2024-11-05T12:47:30-0600] -------------------------------
[2024-11-05T12:47:30-0600] Waiting for 2 s...
[2024-11-05T12:47:32-0600] -------------------------------
[2024-11-05T12:47:32-0600] Starting 5G booster for 5 s...
[2024-11-05T12:47:32-0600] 5G booster started at 2024-11-05 12:47:32.333 CST
[2024-11-05T12:47:38-0600] Current time exceeds end time, skipping wait
[2024-11-05T12:47:38-0600] Saved TCP DL results to /data/data/com.termux/files/home/storage/shared/bos_la_2024_trip/att/20241105/124529054/tcp_downlink_124732365.out
[2024-11-05T12:47:38-0600] DL AVG TPUT: 
[2024-11-05T12:47:38-0600] 5G booster finished at 2024-11-05 12:47:38.463 CST, duration: 6.130 s
[2024-11-05T12:47:38-0600] -------------------------------
[2024-11-05T12:47:38-0600] Waiting for 2 s...
[2024-11-05T12:47:40-0600] -------------------------------
[2024-11-05T12:47:40-0600] tcp uplink test started at 2024-11-05 12:47:40.572 CST
[2024-11-05T12:47:40-0600] testing tcp uplink with 54.197.223.49:5102, interval 0.5, duration 120, timeout 121 ...
[2024-11-05T12:49:41-0600] Current time exceeds end time, skipping wait
[2024-11-05T12:49:41-0600] Saved uplink test to /data/data/com.termux/files/home/storage/shared/bos_la_2024_trip/att/20241105/124529054/tcp_uplink_124740601.out
[2024-11-05T12:49:41-0600] UL AVG TPUT: 
[2024-11-05T12:49:41-0600] tcp uplink test finished at 2024-11-05 12:49:41.727 CST, duration: 121.155 s
[2024-11-05T12:49:41-0600] -------------------------------
[2024-11-05T12:49:41-0600] Waiting for 2 s...
[2024-11-05T12:49:43-0600] -------------------------------
[2024-11-05T12:49:43-0600] Starting 5G booster for 5 s...
[2024-11-05T12:49:43-0600] 5G booster started at 2024-11-05 12:49:43.896 CST
[2024-11-05T12:49:50-0600] Current time exceeds end time, skipping wait
[2024-11-05T12:49:50-0600] Saved TCP DL results to /data/data/com.termux/files/home/storage/shared/bos_la_2024_trip/att/20241105/124529054/tcp_downlink_124943946.out
[2024-11-05T12:49:50-0600] DL AVG TPUT: 
[2024-11-05T12:49:50-0600] 5G booster finished at 2024-11-05 12:49:50.065 CST, duration: 6.169 s
[2024-11-05T12:49:50-0600] -------------------------------
[2024-11-05T12:49:50-0600] Waiting for 2 s...
[2024-11-05T12:49:52-0600] -------------------------------
[2024-11-05T12:49:52-0600] ICMP Ping test started at 2024-11-05 12:49:52.216 CST
[2024-11-05T12:50:22-0600] Waiting for .838 s to reach end time
[2024-11-05T12:50:23-0600] Saved ping test to /data/data/com.termux/files/home/storage/shared/bos_la_2024_trip/att/20241105/124529054/icmp_ping_124952288.out
[2024-11-05T12:50:23-0600] Ping summary (min/avg/max/mdev) = 52.168/62.746/264.096/19.058 ms
[2024-11-05T12:50:23-0600] Ping test finished at 2024-11-05 12:50:23.294 CST, duration: 31.078 s
[2024-11-05T12:50:23-0600] -------------------------------
[2024-11-05T12:50:23-0600] Waiting for 2 s...
[2024-11-05T12:50:25-0600] -------------------------------
[2024-11-05T12:50:25-0600] Starting 5G booster for 5 s...
[2024-11-05T12:50:25-0600] 5G booster started at 2024-11-05 12:50:25.402 CST
[2024-11-05T12:50:31-0600] Current time exceeds end time, skipping wait
[2024-11-05T12:50:31-0600] Saved TCP DL results to /data/data/com.termux/files/home/storage/shared/bos_la_2024_trip/att/20241105/124529054/tcp_downlink_125025429.out
[2024-11-05T12:50:31-0600] DL AVG TPUT: 
[2024-11-05T12:50:31-0600] 5G booster finished at 2024-11-05 12:50:31.528 CST, duration: 6.126 s
[2024-11-05T12:50:31-0600] -------------------------------
[2024-11-05T12:50:31-0600] Waiting for 2 s...
[2024-11-05T12:50:33-0600] -------------------------------
[2024-11-05T12:50:33-0600] TCP Ping test started at 2024-11-05 12:50:33.656 CST
[2024-11-05T12:51:04-0600] Current time exceeds end time, skipping wait
[2024-11-05T12:51:04-0600] Saved TCP Ping test to /data/data/com.termux/files/home/storage/shared/bos_la_2024_trip/att/20241105/124529054/tcp_ping_125033708.out
[2024-11-05T12:51:04-0600] TCP Ping summary (min/avg/max/mdev) 
[2024-11-05T12:51:04-0600] TCP Ping test finished at 2024-11-05 12:51:04.831 CST, duration: 31.175 s
[2024-11-05T12:51:04-0600] -------------------------------
[2024-11-05T12:51:04-0600] Waiting for 2 s...
[2024-11-05T12:51:06-0600] -------------------------------
[2024-11-05T12:51:06-0600] Traceroute test started at 2024-11-05 12:51:06.948 CST
[2024-11-05T12:51:18-0600] Waiting for 18.853 s to reach end time
[2024-11-05T12:51:37-0600] Saved traceroute test to /data/data/com.termux/files/home/storage/shared/bos_la_2024_trip/att/20241105/124529054/traceroute_125106971.out
[2024-11-05T12:51:37-0600] Traceroute summary (min/avg/max/mdev) 
[2024-11-05T12:51:37-0600] Traceroute test finished at 2024-11-05 12:51:37.038 CST, duration: 30.090 s
[2024-11-05T12:51:37-0600] -------------------------------
[2024-11-05T12:51:37-0600] All tests completed, cleaning up...
[2024-11-05T12:51:37-0600] -------------------------------
[2024-11-05T12:52:33-0600] [measurement] Load environment variables from prod.env file
[2024-11-05T12:52:33-0600] Starting a network measurement, please choose a server
[2024-11-05T12:52:33-0600] 0) West Cloud: 54.176.53.206
[2024-11-05T12:52:33-0600] 1) East Cloud: 54.197.223.49
[2024-11-05T13:00:06-0600] Enter your choice (0-1): Testing att, server 1 (ip: 54.197.223.49, nuttcp_port: 5102, iperf_port: 5002)
[2024-11-05T13:00:06-0600] -------------------------------
[2024-11-05T13:00:06-0600] tcp downlink test started at 2024-11-05 13:00:06.309 CST
[2024-11-05T13:00:06-0600] Testing tcp downlink with 54.197.223.49:5102, interval 0.5 s, duration 120 s, timeout 121 s...
[2024-11-05T13:02:07-0600] Current time exceeds end time, skipping wait
[2024-11-05T13:02:07-0600] Saved tcp downlink test to /data/data/com.termux/files/home/storage/shared/bos_la_2024_trip/att/20241105/130006291/tcp_downlink_130006334.out
[2024-11-05T13:02:07-0600] DL AVG TPUT: 
[2024-11-05T13:02:07-0600] tcp downlink test finished at 2024-11-05 13:02:07.460 CST, duration: 121.151 s
[2024-11-05T13:02:07-0600] -------------------------------
[2024-11-05T13:02:07-0600] Waiting for 2 s...
[2024-11-05T13:02:09-0600] -------------------------------
[2024-11-05T13:02:09-0600] Starting 5G booster for 5 s...
[2024-11-05T13:02:09-0600] 5G booster started at 2024-11-05 13:02:09.624 CST
[2024-11-05T13:02:15-0600] Current time exceeds end time, skipping wait
[2024-11-05T13:02:15-0600] Saved TCP DL results to /data/data/com.termux/files/home/storage/shared/bos_la_2024_trip/att/20241105/130006291/tcp_downlink_130209656.out
[2024-11-05T13:02:15-0600] DL AVG TPUT: 
[2024-11-05T13:02:15-0600] 5G booster finished at 2024-11-05 13:02:15.726 CST, duration: 6.102 s
[2024-11-05T13:02:15-0600] -------------------------------
[2024-11-05T13:02:15-0600] Waiting for 2 s...
[2024-11-05T13:02:17-0600] -------------------------------
[2024-11-05T13:02:17-0600] tcp uplink test started at 2024-11-05 13:02:17.802 CST
[2024-11-05T13:02:17-0600] testing tcp uplink with 54.197.223.49:5102, interval 0.5, duration 120, timeout 121 ...
[2024-11-05T13:04:18-0600] Waiting for .200 s to reach end time
[2024-11-05T13:04:18-0600] Saved uplink test to /data/data/com.termux/files/home/storage/shared/bos_la_2024_trip/att/20241105/130006291/tcp_uplink_130217824.out
[2024-11-05T13:04:18-0600] UL AVG TPUT: 21.3663 Mbps
[2024-11-05T13:04:18-0600] tcp uplink test finished at 2024-11-05 13:04:18.899 CST, duration: 121.097 s
[2024-11-05T13:04:18-0600] -------------------------------
[2024-11-05T13:04:18-0600] Waiting for 2 s...
[2024-11-05T13:04:20-0600] -------------------------------
[2024-11-05T13:04:20-0600] Starting 5G booster for 5 s...
[2024-11-05T13:04:21-0600] 5G booster started at 2024-11-05 13:04:21.024 CST
[2024-11-05T13:04:27-0600] Current time exceeds end time, skipping wait
[2024-11-05T13:04:27-0600] Saved TCP DL results to /data/data/com.termux/files/home/storage/shared/bos_la_2024_trip/att/20241105/130006291/tcp_downlink_130421076.out
[2024-11-05T13:04:27-0600] DL AVG TPUT: 
[2024-11-05T13:04:27-0600] 5G booster finished at 2024-11-05 13:04:27.180 CST, duration: 6.156 s
[2024-11-05T13:04:27-0600] -------------------------------
[2024-11-05T13:04:27-0600] Waiting for 2 s...
[2024-11-05T13:04:29-0600] -------------------------------
[2024-11-05T13:04:29-0600] ICMP Ping test started at 2024-11-05 13:04:29.303 CST
[2024-11-05T13:04:59-0600] Waiting for .862 s to reach end time
[2024-11-05T13:05:00-0600] Saved ping test to /data/data/com.termux/files/home/storage/shared/bos_la_2024_trip/att/20241105/130006291/icmp_ping_130429334.out
[2024-11-05T13:05:00-0600] Ping summary (min/avg/max/mdev) = 60.465/69.875/146.423/10.710 ms
[2024-11-05T13:05:00-0600] Ping test finished at 2024-11-05 13:05:00.424 CST, duration: 31.121 s
[2024-11-05T13:05:00-0600] -------------------------------
[2024-11-05T13:05:00-0600] Waiting for 2 s...
[2024-11-05T13:05:02-0600] -------------------------------
[2024-11-05T13:05:02-0600] Starting 5G booster for 5 s...
[2024-11-05T13:05:02-0600] 5G booster started at 2024-11-05 13:05:02.535 CST
[2024-11-05T13:05:08-0600] Current time exceeds end time, skipping wait
[2024-11-05T13:05:08-0600] Saved TCP DL results to /data/data/com.termux/files/home/storage/shared/bos_la_2024_trip/att/20241105/130006291/tcp_downlink_130502565.out
[2024-11-05T13:05:08-0600] DL AVG TPUT: 
[2024-11-05T13:05:08-0600] 5G booster finished at 2024-11-05 13:05:08.627 CST, duration: 6.092 s
[2024-11-05T13:05:08-0600] -------------------------------
[2024-11-05T13:05:08-0600] Waiting for 2 s...
[2024-11-05T13:05:10-0600] -------------------------------
[2024-11-05T13:05:10-0600] TCP Ping test started at 2024-11-05 13:05:10.722 CST
[2024-11-05T13:05:41-0600] Current time exceeds end time, skipping wait
[2024-11-05T13:05:41-0600] Saved TCP Ping test to /data/data/com.termux/files/home/storage/shared/bos_la_2024_trip/att/20241105/130006291/tcp_ping_130510753.out
[2024-11-05T13:05:41-0600] TCP Ping summary (min/avg/max/mdev) 
[2024-11-05T13:05:41-0600] TCP Ping test finished at 2024-11-05 13:05:41.857 CST, duration: 31.135 s
[2024-11-05T13:05:41-0600] -------------------------------
[2024-11-05T13:05:41-0600] Waiting for 2 s...
[2024-11-05T13:05:43-0600] -------------------------------
[2024-11-05T13:05:43-0600] Traceroute test started at 2024-11-05 13:05:43.962 CST
[2024-11-05T13:05:54-0600] Waiting for 19.081 s to reach end time
[2024-11-05T13:06:14-0600] Saved traceroute test to /data/data/com.termux/files/home/storage/shared/bos_la_2024_trip/att/20241105/130006291/traceroute_130544000.out
[2024-11-05T13:06:14-0600] Traceroute summary (min/avg/max/mdev) 
[2024-11-05T13:06:14-0600] Traceroute test finished at 2024-11-05 13:06:14.088 CST, duration: 30.126 s
[2024-11-05T13:06:14-0600] -------------------------------
[2024-11-05T13:06:14-0600] All tests completed, cleaning up...
[2024-11-05T13:06:14-0600] -------------------------------
[2024-11-05T13:40:54-0600] [measurement] Load environment variables from prod.env file
[2024-11-05T13:40:54-0600] Starting a network measurement, please choose a server
[2024-11-05T13:40:54-0600] 0) West Cloud: 54.176.53.206
[2024-11-05T13:40:54-0600] 1) East Cloud: 54.197.223.49
[2024-11-05T13:44:41-0600] Enter your choice (0-1): Testing att, server 1 (ip: 54.197.223.49, nuttcp_port: 5102, iperf_port: 5002)
[2024-11-05T13:44:41-0600] -------------------------------
[2024-11-05T13:44:41-0600] tcp downlink test started at 2024-11-05 13:44:41.407 CST
[2024-11-05T13:44:41-0600] Testing tcp downlink with 54.197.223.49:5102, interval 0.5 s, duration 120 s, timeout 121 s...
[2024-11-05T13:46:42-0600] Current time exceeds end time, skipping wait
[2024-11-05T13:46:42-0600] Saved tcp downlink test to /data/data/com.termux/files/home/storage/shared/bos_la_2024_trip/att/20241105/134441389/tcp_downlink_134441431.out
[2024-11-05T13:46:42-0600] DL AVG TPUT: 
[2024-11-05T13:46:42-0600] tcp downlink test finished at 2024-11-05 13:46:42.520 CST, duration: 121.113 s
[2024-11-05T13:46:42-0600] -------------------------------
[2024-11-05T13:46:42-0600] Waiting for 2 s...
[2024-11-05T13:46:44-0600] -------------------------------
[2024-11-05T13:46:44-0600] Starting 5G booster for 5 s...
[2024-11-05T13:46:44-0600] 5G booster started at 2024-11-05 13:46:44.648 CST
[2024-11-05T13:46:50-0600] Current time exceeds end time, skipping wait
[2024-11-05T13:46:50-0600] Saved TCP DL results to /data/data/com.termux/files/home/storage/shared/bos_la_2024_trip/att/20241105/134441389/tcp_downlink_134644688.out
[2024-11-05T13:46:50-0600] DL AVG TPUT: 
[2024-11-05T13:46:50-0600] 5G booster finished at 2024-11-05 13:46:50.761 CST, duration: 6.113 s
[2024-11-05T13:46:50-0600] -------------------------------
[2024-11-05T13:46:50-0600] Waiting for 2 s...
[2024-11-05T13:46:52-0600] -------------------------------
[2024-11-05T13:46:52-0600] tcp uplink test started at 2024-11-05 13:46:52.890 CST
[2024-11-05T13:46:52-0600] testing tcp uplink with 54.197.223.49:5102, interval 0.5, duration 120, timeout 121 ...
[2024-11-05T13:48:54-0600] Current time exceeds end time, skipping wait
[2024-11-05T13:48:54-0600] Saved uplink test to /data/data/com.termux/files/home/storage/shared/bos_la_2024_trip/att/20241105/134441389/tcp_uplink_134652919.out
[2024-11-05T13:48:54-0600] UL AVG TPUT: 
[2024-11-05T13:48:54-0600] tcp uplink test finished at 2024-11-05 13:48:54.046 CST, duration: 121.156 s
[2024-11-05T13:48:54-0600] -------------------------------
[2024-11-05T13:48:54-0600] Waiting for 2 s...
[2024-11-05T13:48:56-0600] -------------------------------
[2024-11-05T13:48:56-0600] Starting 5G booster for 5 s...
[2024-11-05T13:48:56-0600] 5G booster started at 2024-11-05 13:48:56.172 CST
[2024-11-05T13:49:02-0600] Current time exceeds end time, skipping wait
[2024-11-05T13:49:02-0600] Saved TCP DL results to /data/data/com.termux/files/home/storage/shared/bos_la_2024_trip/att/20241105/134441389/tcp_downlink_134856198.out
[2024-11-05T13:49:02-0600] DL AVG TPUT: 
[2024-11-05T13:49:02-0600] 5G booster finished at 2024-11-05 13:49:02.310 CST, duration: 6.138 s
[2024-11-05T13:49:02-0600] -------------------------------
[2024-11-05T13:49:02-0600] Waiting for 2 s...
[2024-11-05T13:49:04-0600] -------------------------------
[2024-11-05T13:49:04-0600] ICMP Ping test started at 2024-11-05 13:49:04.408 CST
[2024-11-05T13:49:34-0600] Waiting for .865 s to reach end time
[2024-11-05T13:49:35-0600] Saved ping test to /data/data/com.termux/files/home/storage/shared/bos_la_2024_trip/att/20241105/134441389/icmp_ping_134904456.out
[2024-11-05T13:49:35-0600] Ping summary (min/avg/max/mdev) = 55.194/70.883/357.248/28.906 ms
[2024-11-05T13:49:35-0600] Ping test finished at 2024-11-05 13:49:35.487 CST, duration: 31.079 s
[2024-11-05T13:49:35-0600] -------------------------------
[2024-11-05T13:49:35-0600] Waiting for 2 s...
[2024-11-05T13:49:37-0600] -------------------------------
[2024-11-05T13:49:37-0600] Starting 5G booster for 5 s...
[2024-11-05T13:49:37-0600] 5G booster started at 2024-11-05 13:49:37.579 CST
[2024-11-05T13:49:43-0600] Current time exceeds end time, skipping wait
[2024-11-05T13:49:43-0600] Saved TCP DL results to /data/data/com.termux/files/home/storage/shared/bos_la_2024_trip/att/20241105/134441389/tcp_downlink_134937601.out
[2024-11-05T13:49:43-0600] DL AVG TPUT: 
[2024-11-05T13:49:43-0600] 5G booster finished at 2024-11-05 13:49:43.684 CST, duration: 6.105 s
[2024-11-05T13:49:43-0600] -------------------------------
[2024-11-05T13:49:43-0600] Waiting for 2 s...
[2024-11-05T13:49:45-0600] -------------------------------
[2024-11-05T13:49:45-0600] TCP Ping test started at 2024-11-05 13:49:45.812 CST
[2024-11-05T13:50:16-0600] Current time exceeds end time, skipping wait
[2024-11-05T13:50:16-0600] Saved TCP Ping test to /data/data/com.termux/files/home/storage/shared/bos_la_2024_trip/att/20241105/134441389/tcp_ping_134945866.out
[2024-11-05T13:50:16-0600] TCP Ping summary (min/avg/max/mdev) 
[2024-11-05T13:50:17-0600] TCP Ping test finished at 2024-11-05 13:50:16.964 CST, duration: 31.152 s
[2024-11-05T13:50:17-0600] -------------------------------
[2024-11-05T13:50:17-0600] Waiting for 2 s...
[2024-11-05T13:50:19-0600] -------------------------------
[2024-11-05T13:50:19-0600] Traceroute test started at 2024-11-05 13:50:19.055 CST
[2024-11-05T13:50:30-0600] Waiting for 18.817 s to reach end time
[2024-11-05T13:50:49-0600] Saved traceroute test to /data/data/com.termux/files/home/storage/shared/bos_la_2024_trip/att/20241105/134441389/traceroute_135019084.out
[2024-11-05T13:50:49-0600] Traceroute summary (min/avg/max/mdev) 
[2024-11-05T13:50:49-0600] Traceroute test finished at 2024-11-05 13:50:49.144 CST, duration: 30.089 s
[2024-11-05T13:50:49-0600] -------------------------------
[2024-11-05T13:50:49-0600] All tests completed, cleaning up...
[2024-11-05T13:50:49-0600] -------------------------------
[2024-11-05T13:51:17-0600] [measurement] Load environment variables from prod.env file
[2024-11-05T13:51:17-0600] Starting a network measurement, please choose a server
[2024-11-05T13:51:17-0600] 0) West Cloud: 54.176.53.206
[2024-11-05T13:51:17-0600] 1) East Cloud: 54.197.223.49
[2024-11-05T13:51:37-0600] Enter your choice (0-1): Testing att, server 1 (ip: 54.197.223.49, nuttcp_port: 5102, iperf_port: 5002)
[2024-11-05T13:51:37-0600] -------------------------------
[2024-11-05T13:51:37-0600] tcp downlink test started at 2024-11-05 13:51:37.912 CST
[2024-11-05T13:51:37-0600] Testing tcp downlink with 54.197.223.49:5102, interval 0.5 s, duration 120 s, timeout 121 s...
[2024-11-05T13:53:39-0600] Current time exceeds end time, skipping wait
[2024-11-05T13:53:39-0600] Saved tcp downlink test to /data/data/com.termux/files/home/storage/shared/bos_la_2024_trip/att/20241105/135137887/tcp_downlink_135137944.out
[2024-11-05T13:53:39-0600] DL AVG TPUT: 
[2024-11-05T13:53:39-0600] tcp downlink test finished at 2024-11-05 13:53:39.023 CST, duration: 121.111 s
[2024-11-05T13:53:39-0600] -------------------------------
[2024-11-05T13:53:39-0600] Waiting for 2 s...
[2024-11-05T13:53:41-0600] -------------------------------
[2024-11-05T13:53:41-0600] Starting 5G booster for 5 s...
[2024-11-05T13:53:41-0600] 5G booster started at 2024-11-05 13:53:41.120 CST
[2024-11-05T13:53:47-0600] Current time exceeds end time, skipping wait
[2024-11-05T13:53:47-0600] Saved TCP DL results to /data/data/com.termux/files/home/storage/shared/bos_la_2024_trip/att/20241105/135137887/tcp_downlink_135341147.out
[2024-11-05T13:53:47-0600] DL AVG TPUT: 
[2024-11-05T13:53:47-0600] 5G booster finished at 2024-11-05 13:53:47.256 CST, duration: 6.136 s
[2024-11-05T13:53:47-0600] -------------------------------
[2024-11-05T13:53:47-0600] Waiting for 2 s...
[2024-11-05T13:53:49-0600] -------------------------------
[2024-11-05T13:53:49-0600] tcp uplink test started at 2024-11-05 13:53:49.404 CST
[2024-11-05T13:53:49-0600] testing tcp uplink with 54.197.223.49:5102, interval 0.5, duration 120, timeout 121 ...
[2024-11-05T13:55:50-0600] Current time exceeds end time, skipping wait
[2024-11-05T13:55:50-0600] Saved uplink test to /data/data/com.termux/files/home/storage/shared/bos_la_2024_trip/att/20241105/135137887/tcp_uplink_135349432.out
[2024-11-05T13:55:50-0600] UL AVG TPUT: 
[2024-11-05T13:55:50-0600] tcp uplink test finished at 2024-11-05 13:55:50.538 CST, duration: 121.134 s
[2024-11-05T13:55:50-0600] -------------------------------
[2024-11-05T13:55:50-0600] Waiting for 2 s...
[2024-11-05T13:55:52-0600] -------------------------------
[2024-11-05T13:55:52-0600] Starting 5G booster for 5 s...
[2024-11-05T13:55:52-0600] 5G booster started at 2024-11-05 13:55:52.663 CST
[2024-11-05T13:55:58-0600] Current time exceeds end time, skipping wait
[2024-11-05T13:55:58-0600] Saved TCP DL results to /data/data/com.termux/files/home/storage/shared/bos_la_2024_trip/att/20241105/135137887/tcp_downlink_135552712.out
[2024-11-05T13:55:58-0600] DL AVG TPUT: 
[2024-11-05T13:55:58-0600] 5G booster finished at 2024-11-05 13:55:58.789 CST, duration: 6.126 s
[2024-11-05T13:55:58-0600] -------------------------------
[2024-11-05T13:55:58-0600] Waiting for 2 s...
[2024-11-05T13:56:00-0600] -------------------------------
[2024-11-05T13:56:00-0600] ICMP Ping test started at 2024-11-05 13:56:00.912 CST
[2024-11-05T13:56:31-0600] Waiting for .904 s to reach end time
[2024-11-05T13:56:32-0600] Saved ping test to /data/data/com.termux/files/home/storage/shared/bos_la_2024_trip/att/20241105/135137887/icmp_ping_135600940.out
[2024-11-05T13:56:32-0600] Ping summary (min/avg/max/mdev) = 49.972/67.486/198.124/19.877 ms
[2024-11-05T13:56:32-0600] Ping test finished at 2024-11-05 13:56:32.023 CST, duration: 31.111 s
[2024-11-05T13:56:32-0600] -------------------------------
[2024-11-05T13:56:32-0600] Waiting for 2 s...
[2024-11-05T13:56:34-0600] -------------------------------
[2024-11-05T13:56:34-0600] Starting 5G booster for 5 s...
[2024-11-05T13:56:34-0600] 5G booster started at 2024-11-05 13:56:34.116 CST
[2024-11-05T13:56:40-0600] Current time exceeds end time, skipping wait
[2024-11-05T13:56:40-0600] Saved TCP DL results to /data/data/com.termux/files/home/storage/shared/bos_la_2024_trip/att/20241105/135137887/tcp_downlink_135634153.out
[2024-11-05T13:56:40-0600] DL AVG TPUT: 
[2024-11-05T13:56:40-0600] 5G booster finished at 2024-11-05 13:56:40.232 CST, duration: 6.116 s
[2024-11-05T13:56:40-0600] -------------------------------
[2024-11-05T13:56:40-0600] Waiting for 2 s...
[2024-11-05T13:56:42-0600] -------------------------------
[2024-11-05T13:56:42-0600] TCP Ping test started at 2024-11-05 13:56:42.348 CST
[2024-11-05T13:57:13-0600] Current time exceeds end time, skipping wait
[2024-11-05T13:57:13-0600] Saved TCP Ping test to /data/data/com.termux/files/home/storage/shared/bos_la_2024_trip/att/20241105/135137887/tcp_ping_135642377.out
[2024-11-05T13:57:13-0600] TCP Ping summary (min/avg/max/mdev) 
[2024-11-05T13:57:13-0600] TCP Ping test finished at 2024-11-05 13:57:13.462 CST, duration: 31.114 s
[2024-11-05T13:57:13-0600] -------------------------------
[2024-11-05T13:57:13-0600] Waiting for 2 s...
[2024-11-05T13:57:15-0600] -------------------------------
[2024-11-05T13:57:15-0600] Traceroute test started at 2024-11-05 13:57:15.590 CST
[2024-11-05T13:57:26-0600] Waiting for 18.967 s to reach end time
[2024-11-05T13:57:45-0600] Saved traceroute test to /data/data/com.termux/files/home/storage/shared/bos_la_2024_trip/att/20241105/135137887/traceroute_135715643.out
[2024-11-05T13:57:45-0600] Traceroute summary (min/avg/max/mdev) 
[2024-11-05T13:57:45-0600] Traceroute test finished at 2024-11-05 13:57:45.653 CST, duration: 30.063 s
[2024-11-05T13:57:45-0600] -------------------------------
[2024-11-05T13:57:45-0600] All tests completed, cleaning up...
[2024-11-05T13:57:45-0600] -------------------------------
[2024-11-05T13:58:03-0600] [measurement] Load environment variables from prod.env file
[2024-11-05T13:58:03-0600] Starting a network measurement, please choose a server
[2024-11-05T13:58:03-0600] 0) West Cloud: 54.176.53.206
[2024-11-05T13:58:03-0600] 1) East Cloud: 54.197.223.49
[2024-11-05T13:58:29-0600] Enter your choice (0-1): Testing att, server 1 (ip: 54.197.223.49, nuttcp_port: 5102, iperf_port: 5002)
[2024-11-05T13:58:29-0600] -------------------------------
[2024-11-05T13:58:29-0600] tcp downlink test started at 2024-11-05 13:58:29.732 CST
[2024-11-05T13:58:29-0600] Testing tcp downlink with 54.197.223.49:5102, interval 0.5 s, duration 120 s, timeout 121 s...
[2024-11-05T14:00:30-0600] Current time exceeds end time, skipping wait
[2024-11-05T14:00:30-0600] Saved tcp downlink test to /data/data/com.termux/files/home/storage/shared/bos_la_2024_trip/att/20241105/135829715/tcp_downlink_135829758.out
[2024-11-05T14:00:30-0600] DL AVG TPUT: 
[2024-11-05T14:00:30-0600] tcp downlink test finished at 2024-11-05 14:00:30.861 CST, duration: 121.129 s
[2024-11-05T14:00:30-0600] -------------------------------
[2024-11-05T14:00:30-0600] Waiting for 2 s...
[2024-11-05T14:00:32-0600] -------------------------------
[2024-11-05T14:00:32-0600] Starting 5G booster for 5 s...
[2024-11-05T14:00:32-0600] 5G booster started at 2024-11-05 14:00:32.976 CST
[2024-11-05T14:00:39-0600] Current time exceeds end time, skipping wait
[2024-11-05T14:00:39-0600] Saved TCP DL results to /data/data/com.termux/files/home/storage/shared/bos_la_2024_trip/att/20241105/135829715/tcp_downlink_140033002.out
[2024-11-05T14:00:39-0600] DL AVG TPUT: 
[2024-11-05T14:00:39-0600] 5G booster finished at 2024-11-05 14:00:39.115 CST, duration: 6.139 s
[2024-11-05T14:00:39-0600] -------------------------------
[2024-11-05T14:00:39-0600] Waiting for 2 s...
[2024-11-05T14:00:41-0600] -------------------------------
[2024-11-05T14:00:41-0600] tcp uplink test started at 2024-11-05 14:00:41.214 CST
[2024-11-05T14:00:41-0600] testing tcp uplink with 54.197.223.49:5102, interval 0.5, duration 120, timeout 121 ...
[2024-11-05T14:02:42-0600] Current time exceeds end time, skipping wait
[2024-11-05T14:02:42-0600] Saved uplink test to /data/data/com.termux/files/home/storage/shared/bos_la_2024_trip/att/20241105/135829715/tcp_uplink_140041242.out
[2024-11-05T14:02:42-0600] UL AVG TPUT: 
[2024-11-05T14:02:42-0600] tcp uplink test finished at 2024-11-05 14:02:42.326 CST, duration: 121.112 s
[2024-11-05T14:02:42-0600] -------------------------------
[2024-11-05T14:02:42-0600] Waiting for 2 s...
[2024-11-05T14:02:44-0600] -------------------------------
[2024-11-05T14:02:44-0600] Starting 5G booster for 5 s...
[2024-11-05T14:02:44-0600] 5G booster started at 2024-11-05 14:02:44.444 CST
[2024-11-05T14:02:50-0600] Current time exceeds end time, skipping wait
[2024-11-05T14:02:50-0600] Saved TCP DL results to /data/data/com.termux/files/home/storage/shared/bos_la_2024_trip/att/20241105/135829715/tcp_downlink_140244471.out
[2024-11-05T14:02:50-0600] DL AVG TPUT: 
[2024-11-05T14:02:50-0600] 5G booster finished at 2024-11-05 14:02:50.584 CST, duration: 6.140 s
[2024-11-05T14:02:50-0600] -------------------------------
[2024-11-05T14:02:50-0600] Waiting for 2 s...
[2024-11-05T14:02:52-0600] -------------------------------
[2024-11-05T14:02:52-0600] ICMP Ping test started at 2024-11-05 14:02:52.693 CST
[2024-11-05T14:03:22-0600] Waiting for .870 s to reach end time
[2024-11-05T14:03:23-0600] Saved ping test to /data/data/com.termux/files/home/storage/shared/bos_la_2024_trip/att/20241105/135829715/icmp_ping_140252745.out
[2024-11-05T14:03:23-0600] Ping summary (min/avg/max/mdev) = 56.344/65.974/226.288/14.651 ms
[2024-11-05T14:03:23-0600] Ping test finished at 2024-11-05 14:03:23.804 CST, duration: 31.111 s
[2024-11-05T14:03:23-0600] -------------------------------
[2024-11-05T14:03:23-0600] Waiting for 2 s...
[2024-11-05T14:03:25-0600] -------------------------------
[2024-11-05T14:03:25-0600] Starting 5G booster for 5 s...
[2024-11-05T14:03:25-0600] 5G booster started at 2024-11-05 14:03:25.921 CST
[2024-11-05T14:03:32-0600] Current time exceeds end time, skipping wait
[2024-11-05T14:03:32-0600] Saved TCP DL results to /data/data/com.termux/files/home/storage/shared/bos_la_2024_trip/att/20241105/135829715/tcp_downlink_140325950.out
[2024-11-05T14:03:32-0600] DL AVG TPUT: 
[2024-11-05T14:03:32-0600] 5G booster finished at 2024-11-05 14:03:32.021 CST, duration: 6.100 s
[2024-11-05T14:03:32-0600] -------------------------------
[2024-11-05T14:03:32-0600] Waiting for 2 s...
[2024-11-05T14:03:34-0600] -------------------------------
[2024-11-05T14:03:34-0600] TCP Ping test started at 2024-11-05 14:03:34.137 CST
[2024-11-05T14:04:05-0600] Current time exceeds end time, skipping wait
[2024-11-05T14:04:05-0600] Saved TCP Ping test to /data/data/com.termux/files/home/storage/shared/bos_la_2024_trip/att/20241105/135829715/tcp_ping_140334183.out
[2024-11-05T14:04:05-0600] TCP Ping summary (min/avg/max/mdev) 
[2024-11-05T14:04:05-0600] TCP Ping test finished at 2024-11-05 14:04:05.268 CST, duration: 31.131 s
[2024-11-05T14:04:05-0600] -------------------------------
[2024-11-05T14:04:05-0600] Waiting for 2 s...
[2024-11-05T14:04:07-0600] -------------------------------
[2024-11-05T14:04:07-0600] Traceroute test started at 2024-11-05 14:04:07.377 CST
[2024-11-05T14:04:18-0600] Waiting for 18.914 s to reach end time
[2024-11-05T14:04:37-0600] Saved traceroute test to /data/data/com.termux/files/home/storage/shared/bos_la_2024_trip/att/20241105/135829715/traceroute_140407404.out
[2024-11-05T14:04:37-0600] Traceroute summary (min/avg/max/mdev) 
[2024-11-05T14:04:37-0600] Traceroute test finished at 2024-11-05 14:04:37.502 CST, duration: 30.125 s
[2024-11-05T14:04:37-0600] -------------------------------
[2024-11-05T14:04:37-0600] All tests completed, cleaning up...
[2024-11-05T14:04:37-0600] -------------------------------
[2024-11-05T14:05:23-0600] [measurement] Load environment variables from prod.env file
[2024-11-05T14:05:23-0600] Starting a network measurement, please choose a server
[2024-11-05T14:05:23-0600] 0) West Cloud: 54.176.53.206
[2024-11-05T14:05:23-0600] 1) East Cloud: 54.197.223.49
[2024-11-05T14:05:45-0600] Enter your choice (0-1): Testing att, server 1 (ip: 54.197.223.49, nuttcp_port: 5102, iperf_port: 5002)
[2024-11-05T14:05:45-0600] -------------------------------
[2024-11-05T14:05:45-0600] tcp downlink test started at 2024-11-05 14:05:45.346 CST
[2024-11-05T14:05:45-0600] Testing tcp downlink with 54.197.223.49:5102, interval 0.5 s, duration 120 s, timeout 121 s...
[2024-11-05T14:07:46-0600] Current time exceeds end time, skipping wait
[2024-11-05T14:07:46-0600] Saved tcp downlink test to /data/data/com.termux/files/home/storage/shared/bos_la_2024_trip/att/20241105/140545331/tcp_downlink_140545365.out
[2024-11-05T14:07:46-0600] DL AVG TPUT: 
[2024-11-05T14:07:46-0600] tcp downlink test finished at 2024-11-05 14:07:46.435 CST, duration: 121.089 s
[2024-11-05T14:07:46-0600] -------------------------------
[2024-11-05T14:07:46-0600] Waiting for 2 s...
[2024-11-05T14:07:48-0600] -------------------------------
[2024-11-05T14:07:48-0600] Starting 5G booster for 5 s...
[2024-11-05T14:07:48-0600] 5G booster started at 2024-11-05 14:07:48.565 CST
[2024-11-05T14:07:54-0600] Current time exceeds end time, skipping wait
[2024-11-05T14:07:54-0600] Saved TCP DL results to /data/data/com.termux/files/home/storage/shared/bos_la_2024_trip/att/20241105/140545331/tcp_downlink_140748591.out
[2024-11-05T14:07:54-0600] DL AVG TPUT: 
[2024-11-05T14:07:54-0600] 5G booster finished at 2024-11-05 14:07:54.702 CST, duration: 6.137 s
[2024-11-05T14:07:54-0600] -------------------------------
[2024-11-05T14:07:54-0600] Waiting for 2 s...
[2024-11-05T14:07:56-0600] -------------------------------
[2024-11-05T14:07:56-0600] tcp uplink test started at 2024-11-05 14:07:56.822 CST
[2024-11-05T14:07:56-0600] testing tcp uplink with 54.197.223.49:5102, interval 0.5, duration 120, timeout 121 ...
[2024-11-05T14:09:57-0600] Current time exceeds end time, skipping wait
[2024-11-05T14:09:57-0600] Saved uplink test to /data/data/com.termux/files/home/storage/shared/bos_la_2024_trip/att/20241105/140545331/tcp_uplink_140756849.out
[2024-11-05T14:09:58-0600] UL AVG TPUT: 
[2024-11-05T14:09:58-0600] tcp uplink test finished at 2024-11-05 14:09:57.960 CST, duration: 121.138 s
[2024-11-05T14:09:58-0600] -------------------------------
[2024-11-05T14:09:58-0600] Waiting for 2 s...
[2024-11-05T14:10:00-0600] -------------------------------
[2024-11-05T14:10:00-0600] Starting 5G booster for 5 s...
[2024-11-05T14:10:00-0600] 5G booster started at 2024-11-05 14:10:00.070 CST
[2024-11-05T14:10:06-0600] Current time exceeds end time, skipping wait
[2024-11-05T14:10:06-0600] Saved TCP DL results to /data/data/com.termux/files/home/storage/shared/bos_la_2024_trip/att/20241105/140545331/tcp_downlink_141000108.out
[2024-11-05T14:10:06-0600] DL AVG TPUT: 
[2024-11-05T14:10:06-0600] 5G booster finished at 2024-11-05 14:10:06.190 CST, duration: 6.120 s
[2024-11-05T14:10:06-0600] -------------------------------
[2024-11-05T14:10:06-0600] Waiting for 2 s...
[2024-11-05T14:10:08-0600] -------------------------------
[2024-11-05T14:10:08-0600] ICMP Ping test started at 2024-11-05 14:10:08.294 CST
[2024-11-05T14:10:38-0600] Waiting for .895 s to reach end time
[2024-11-05T14:10:39-0600] Saved ping test to /data/data/com.termux/files/home/storage/shared/bos_la_2024_trip/att/20241105/140545331/icmp_ping_141008325.out
[2024-11-05T14:10:39-0600] Ping summary (min/avg/max/mdev) = 53.535/64.813/104.065/7.060 ms
[2024-11-05T14:10:39-0600] Ping test finished at 2024-11-05 14:10:39.399 CST, duration: 31.105 s
[2024-11-05T14:10:39-0600] -------------------------------
[2024-11-05T14:10:39-0600] Waiting for 2 s...
[2024-11-05T14:10:41-0600] -------------------------------
[2024-11-05T14:10:41-0600] Starting 5G booster for 5 s...
[2024-11-05T14:10:41-0600] 5G booster started at 2024-11-05 14:10:41.496 CST
[2024-11-05T14:10:47-0600] Current time exceeds end time, skipping wait
[2024-11-05T14:10:47-0600] Saved TCP DL results to /data/data/com.termux/files/home/storage/shared/bos_la_2024_trip/att/20241105/140545331/tcp_downlink_141041525.out
[2024-11-05T14:10:47-0600] DL AVG TPUT: 
[2024-11-05T14:10:47-0600] 5G booster finished at 2024-11-05 14:10:47.610 CST, duration: 6.114 s
[2024-11-05T14:10:47-0600] -------------------------------
[2024-11-05T14:10:47-0600] Waiting for 2 s...
[2024-11-05T14:10:49-0600] -------------------------------
[2024-11-05T14:10:49-0600] TCP Ping test started at 2024-11-05 14:10:49.711 CST
[2024-11-05T14:11:20-0600] Current time exceeds end time, skipping wait
[2024-11-05T14:11:20-0600] Saved TCP Ping test to /data/data/com.termux/files/home/storage/shared/bos_la_2024_trip/att/20241105/140545331/tcp_ping_141049760.out
[2024-11-05T14:11:20-0600] TCP Ping summary (min/avg/max/mdev) 
[2024-11-05T14:11:20-0600] TCP Ping test finished at 2024-11-05 14:11:20.895 CST, duration: 31.184 s
[2024-11-05T14:11:20-0600] -------------------------------
[2024-11-05T14:11:20-0600] Waiting for 2 s...
[2024-11-05T14:11:22-0600] -------------------------------
[2024-11-05T14:11:23-0600] Traceroute test started at 2024-11-05 14:11:22.995 CST
[2024-11-05T14:11:34-0600] Waiting for 18.557 s to reach end time
[2024-11-05T14:11:53-0600] Saved traceroute test to /data/data/com.termux/files/home/storage/shared/bos_la_2024_trip/att/20241105/140545331/traceroute_141123032.out
[2024-11-05T14:11:53-0600] Traceroute summary (min/avg/max/mdev) 
[2024-11-05T14:11:53-0600] Traceroute test finished at 2024-11-05 14:11:53.059 CST, duration: 30.064 s
[2024-11-05T14:11:53-0600] -------------------------------
[2024-11-05T14:11:53-0600] All tests completed, cleaning up...
[2024-11-05T14:11:53-0600] -------------------------------
[2024-11-05T14:12:19-0600] [measurement] Load environment variables from prod.env file
[2024-11-05T14:12:19-0600] Starting a network measurement, please choose a server
[2024-11-05T14:12:19-0600] 0) West Cloud: 54.176.53.206
[2024-11-05T14:12:19-0600] 1) East Cloud: 54.197.223.49
[2024-11-05T14:12:37-0600] Enter your choice (0-1): Testing att, server 1 (ip: 54.197.223.49, nuttcp_port: 5102, iperf_port: 5002)
[2024-11-05T14:12:37-0600] -------------------------------
[2024-11-05T14:12:37-0600] tcp downlink test started at 2024-11-05 14:12:37.702 CST
[2024-11-05T14:12:37-0600] Testing tcp downlink with 54.197.223.49:5102, interval 0.5 s, duration 120 s, timeout 121 s...
[2024-11-05T14:14:38-0600] Current time exceeds end time, skipping wait
[2024-11-05T14:14:38-0600] Saved tcp downlink test to /data/data/com.termux/files/home/storage/shared/bos_la_2024_trip/att/20241105/141237685/tcp_downlink_141237735.out
[2024-11-05T14:14:38-0600] DL AVG TPUT: 
[2024-11-05T14:14:38-0600] tcp downlink test finished at 2024-11-05 14:14:38.817 CST, duration: 121.115 s
[2024-11-05T14:14:38-0600] -------------------------------
[2024-11-05T14:14:38-0600] Waiting for 2 s...
[2024-11-05T14:14:40-0600] -------------------------------
[2024-11-05T14:14:40-0600] Starting 5G booster for 5 s...
[2024-11-05T14:14:40-0600] 5G booster started at 2024-11-05 14:14:40.947 CST
[2024-11-05T14:14:47-0600] Current time exceeds end time, skipping wait
[2024-11-05T14:14:47-0600] Saved TCP DL results to /data/data/com.termux/files/home/storage/shared/bos_la_2024_trip/att/20241105/141237685/tcp_downlink_141440978.out
[2024-11-05T14:14:47-0600] DL AVG TPUT: 
[2024-11-05T14:14:47-0600] 5G booster finished at 2024-11-05 14:14:47.088 CST, duration: 6.141 s
[2024-11-05T14:14:47-0600] -------------------------------
[2024-11-05T14:14:47-0600] Waiting for 2 s...
[2024-11-05T14:14:49-0600] -------------------------------
[2024-11-05T14:14:49-0600] tcp uplink test started at 2024-11-05 14:14:49.202 CST
[2024-11-05T14:14:49-0600] testing tcp uplink with 54.197.223.49:5102, interval 0.5, duration 120, timeout 121 ...
[2024-11-05T14:16:50-0600] Current time exceeds end time, skipping wait
[2024-11-05T14:16:50-0600] Saved uplink test to /data/data/com.termux/files/home/storage/shared/bos_la_2024_trip/att/20241105/141237685/tcp_uplink_141449234.out
[2024-11-05T14:16:50-0600] UL AVG TPUT: 
[2024-11-05T14:16:50-0600] tcp uplink test finished at 2024-11-05 14:16:50.312 CST, duration: 121.110 s
[2024-11-05T14:16:50-0600] -------------------------------
[2024-11-05T14:16:50-0600] Waiting for 2 s...
[2024-11-05T14:16:52-0600] -------------------------------
[2024-11-05T14:16:52-0600] Starting 5G booster for 5 s...
[2024-11-05T14:16:52-0600] 5G booster started at 2024-11-05 14:16:52.414 CST
[2024-11-05T14:16:58-0600] Current time exceeds end time, skipping wait
[2024-11-05T14:16:58-0600] Saved TCP DL results to /data/data/com.termux/files/home/storage/shared/bos_la_2024_trip/att/20241105/141237685/tcp_downlink_141652440.out
[2024-11-05T14:16:58-0600] DL AVG TPUT: 
[2024-11-05T14:16:58-0600] 5G booster finished at 2024-11-05 14:16:58.523 CST, duration: 6.109 s
[2024-11-05T14:16:58-0600] -------------------------------
[2024-11-05T14:16:58-0600] Waiting for 2 s...
[2024-11-05T14:17:00-0600] -------------------------------
[2024-11-05T14:17:00-0600] ICMP Ping test started at 2024-11-05 14:17:00.675 CST
[2024-11-05T14:17:30-0600] Waiting for .897 s to reach end time
[2024-11-05T14:17:31-0600] Saved ping test to /data/data/com.termux/files/home/storage/shared/bos_la_2024_trip/att/20241105/141237685/icmp_ping_141700700.out
[2024-11-05T14:17:31-0600] Ping summary (min/avg/max/mdev) = 54.210/75.260/146.244/17.428 ms
[2024-11-05T14:17:31-0600] Ping test finished at 2024-11-05 14:17:31.769 CST, duration: 31.094 s
[2024-11-05T14:17:31-0600] -------------------------------
[2024-11-05T14:17:31-0600] Waiting for 2 s...
[2024-11-05T14:17:33-0600] -------------------------------
[2024-11-05T14:17:33-0600] Starting 5G booster for 5 s...
[2024-11-05T14:17:33-0600] 5G booster started at 2024-11-05 14:17:33.879 CST
[2024-11-05T14:17:39-0600] Current time exceeds end time, skipping wait
[2024-11-05T14:17:39-0600] Saved TCP DL results to /data/data/com.termux/files/home/storage/shared/bos_la_2024_trip/att/20241105/141237685/tcp_downlink_141733903.out
[2024-11-05T14:17:40-0600] DL AVG TPUT: 
[2024-11-05T14:17:40-0600] 5G booster finished at 2024-11-05 14:17:39.989 CST, duration: 6.110 s
[2024-11-05T14:17:40-0600] -------------------------------
[2024-11-05T14:17:40-0600] Waiting for 2 s...
[2024-11-05T14:17:42-0600] -------------------------------
[2024-11-05T14:17:42-0600] TCP Ping test started at 2024-11-05 14:17:42.089 CST
[2024-11-05T14:18:13-0600] Current time exceeds end time, skipping wait
[2024-11-05T14:18:13-0600] Saved TCP Ping test to /data/data/com.termux/files/home/storage/shared/bos_la_2024_trip/att/20241105/141237685/tcp_ping_141742117.out
[2024-11-05T14:18:13-0600] TCP Ping summary (min/avg/max/mdev) 
[2024-11-05T14:18:13-0600] TCP Ping test finished at 2024-11-05 14:18:13.231 CST, duration: 31.142 s
[2024-11-05T14:18:13-0600] -------------------------------
[2024-11-05T14:18:13-0600] Waiting for 2 s...
[2024-11-05T14:18:15-0600] -------------------------------
[2024-11-05T14:18:15-0600] Traceroute test started at 2024-11-05 14:18:15.336 CST
[2024-11-05T14:18:26-0600] Waiting for 19.185 s to reach end time
[2024-11-05T14:18:45-0600] Saved traceroute test to /data/data/com.termux/files/home/storage/shared/bos_la_2024_trip/att/20241105/141237685/traceroute_141815365.out
[2024-11-05T14:18:45-0600] Traceroute summary (min/avg/max/mdev) 
[2024-11-05T14:18:45-0600] Traceroute test finished at 2024-11-05 14:18:45.409 CST, duration: 30.073 s
[2024-11-05T14:18:45-0600] -------------------------------
[2024-11-05T14:18:45-0600] All tests completed, cleaning up...
[2024-11-05T14:18:45-0600] -------------------------------
[2024-11-05T14:19:09-0600] [measurement] Load environment variables from prod.env file
[2024-11-05T14:19:09-0600] Starting a network measurement, please choose a server
[2024-11-05T14:19:09-0600] 0) West Cloud: 54.176.53.206
[2024-11-05T14:19:09-0600] 1) East Cloud: 54.197.223.49
[2024-11-05T14:19:41-0600] Enter your choice (0-1): Testing att, server 1 (ip: 54.197.223.49, nuttcp_port: 5102, iperf_port: 5002)
[2024-11-05T14:19:41-0600] -------------------------------
[2024-11-05T14:19:41-0600] tcp downlink test started at 2024-11-05 14:19:41.072 CST
[2024-11-05T14:19:41-0600] Testing tcp downlink with 54.197.223.49:5102, interval 0.5 s, duration 120 s, timeout 121 s...
[2024-11-05T14:21:42-0600] Current time exceeds end time, skipping wait
[2024-11-05T14:21:42-0600] Saved tcp downlink test to /data/data/com.termux/files/home/storage/shared/bos_la_2024_trip/att/20241105/141941055/tcp_downlink_141941094.out
[2024-11-05T14:21:42-0600] DL AVG TPUT: 
[2024-11-05T14:21:42-0600] tcp downlink test finished at 2024-11-05 14:21:42.175 CST, duration: 121.103 s
[2024-11-05T14:21:42-0600] -------------------------------
[2024-11-05T14:21:42-0600] Waiting for 2 s...
[2024-11-05T14:21:44-0600] -------------------------------
[2024-11-05T14:21:44-0600] Starting 5G booster for 5 s...
[2024-11-05T14:21:44-0600] 5G booster started at 2024-11-05 14:21:44.307 CST
[2024-11-05T14:21:50-0600] Current time exceeds end time, skipping wait
[2024-11-05T14:21:50-0600] Saved TCP DL results to /data/data/com.termux/files/home/storage/shared/bos_la_2024_trip/att/20241105/141941055/tcp_downlink_142144335.out
[2024-11-05T14:21:50-0600] DL AVG TPUT: 
[2024-11-05T14:21:50-0600] 5G booster finished at 2024-11-05 14:21:50.478 CST, duration: 6.171 s
[2024-11-05T14:21:50-0600] -------------------------------
[2024-11-05T14:21:50-0600] Waiting for 2 s...
[2024-11-05T14:21:52-0600] -------------------------------
[2024-11-05T14:21:52-0600] tcp uplink test started at 2024-11-05 14:21:52.612 CST
[2024-11-05T14:21:52-0600] testing tcp uplink with 54.197.223.49:5102, interval 0.5, duration 120, timeout 121 ...
[2024-11-05T14:23:53-0600] Current time exceeds end time, skipping wait
[2024-11-05T14:23:53-0600] Saved uplink test to /data/data/com.termux/files/home/storage/shared/bos_la_2024_trip/att/20241105/141941055/tcp_uplink_142152642.out
[2024-11-05T14:23:53-0600] UL AVG TPUT: 
[2024-11-05T14:23:53-0600] tcp uplink test finished at 2024-11-05 14:23:53.740 CST, duration: 121.128 s
[2024-11-05T14:23:53-0600] -------------------------------
[2024-11-05T14:23:53-0600] Waiting for 2 s...
[2024-11-05T14:23:55-0600] -------------------------------
[2024-11-05T14:23:55-0600] Starting 5G booster for 5 s...
[2024-11-05T14:23:55-0600] 5G booster started at 2024-11-05 14:23:55.830 CST
[2024-11-05T14:24:01-0600] Current time exceeds end time, skipping wait
[2024-11-05T14:24:01-0600] Saved TCP DL results to /data/data/com.termux/files/home/storage/shared/bos_la_2024_trip/att/20241105/141941055/tcp_downlink_142355861.out
[2024-11-05T14:24:01-0600] DL AVG TPUT: 
[2024-11-05T14:24:02-0600] 5G booster finished at 2024-11-05 14:24:01.962 CST, duration: 6.132 s
[2024-11-05T14:24:02-0600] -------------------------------
[2024-11-05T14:24:02-0600] Waiting for 2 s...
[2024-11-05T14:24:04-0600] -------------------------------
[2024-11-05T14:24:04-0600] ICMP Ping test started at 2024-11-05 14:24:04.053 CST
[2024-11-05T14:24:34-0600] Waiting for .893 s to reach end time
[2024-11-05T14:24:35-0600] Saved ping test to /data/data/com.termux/files/home/storage/shared/bos_la_2024_trip/att/20241105/141941055/icmp_ping_142404081.out
[2024-11-05T14:24:35-0600] Ping summary (min/avg/max/mdev) = 57.142/78.126/312.030/30.541 ms
[2024-11-05T14:24:35-0600] Ping test finished at 2024-11-05 14:24:35.126 CST, duration: 31.073 s
[2024-11-05T14:24:35-0600] -------------------------------
[2024-11-05T14:24:35-0600] Waiting for 2 s...
[2024-11-05T14:24:37-0600] -------------------------------
[2024-11-05T14:24:37-0600] Starting 5G booster for 5 s...
[2024-11-05T14:24:37-0600] 5G booster started at 2024-11-05 14:24:37.240 CST
[2024-11-05T14:24:43-0600] Current time exceeds end time, skipping wait
[2024-11-05T14:24:43-0600] Saved TCP DL results to /data/data/com.termux/files/home/storage/shared/bos_la_2024_trip/att/20241105/141941055/tcp_downlink_142437270.out
[2024-11-05T14:24:43-0600] DL AVG TPUT: 
[2024-11-05T14:24:43-0600] 5G booster finished at 2024-11-05 14:24:43.358 CST, duration: 6.118 s
[2024-11-05T14:24:43-0600] -------------------------------
[2024-11-05T14:24:43-0600] Waiting for 2 s...
[2024-11-05T14:24:45-0600] -------------------------------
[2024-11-05T14:24:45-0600] TCP Ping test started at 2024-11-05 14:24:45.468 CST
[2024-11-05T14:25:16-0600] Current time exceeds end time, skipping wait
[2024-11-05T14:25:16-0600] Saved TCP Ping test to /data/data/com.termux/files/home/storage/shared/bos_la_2024_trip/att/20241105/141941055/tcp_ping_142445517.out
[2024-11-05T14:25:16-0600] TCP Ping summary (min/avg/max/mdev) 
[2024-11-05T14:25:16-0600] TCP Ping test finished at 2024-11-05 14:25:16.604 CST, duration: 31.136 s
[2024-11-05T14:25:16-0600] -------------------------------
[2024-11-05T14:25:16-0600] Waiting for 2 s...
[2024-11-05T14:25:18-0600] -------------------------------
[2024-11-05T14:25:18-0600] Traceroute test started at 2024-11-05 14:25:18.717 CST
[2024-11-05T14:25:30-0600] Waiting for 18.766 s to reach end time
[2024-11-05T14:25:48-0600] Saved traceroute test to /data/data/com.termux/files/home/storage/shared/bos_la_2024_trip/att/20241105/141941055/traceroute_142518769.out
[2024-11-05T14:25:48-0600] Traceroute summary (min/avg/max/mdev) 
[2024-11-05T14:25:48-0600] Traceroute test finished at 2024-11-05 14:25:48.824 CST, duration: 30.107 s
[2024-11-05T14:25:48-0600] -------------------------------
[2024-11-05T14:25:48-0600] All tests completed, cleaning up...
[2024-11-05T14:25:48-0600] -------------------------------
[2024-11-05T14:26:00-0600] [measurement] Load environment variables from prod.env file
[2024-11-05T14:26:00-0600] Starting a network measurement, please choose a server
[2024-11-05T14:26:00-0600] 0) West Cloud: 54.176.53.206
[2024-11-05T14:26:00-0600] 1) East Cloud: 54.197.223.49
[2024-11-05T14:26:28-0600] Enter your choice (0-1): Testing att, server 1 (ip: 54.197.223.49, nuttcp_port: 5102, iperf_port: 5002)
[2024-11-05T14:26:28-0600] -------------------------------
[2024-11-05T14:26:28-0600] tcp downlink test started at 2024-11-05 14:26:28.796 CST
[2024-11-05T14:26:28-0600] Testing tcp downlink with 54.197.223.49:5102, interval 0.5 s, duration 120 s, timeout 121 s...
[2024-11-05T14:28:29-0600] Current time exceeds end time, skipping wait
[2024-11-05T14:28:29-0600] Saved tcp downlink test to /data/data/com.termux/files/home/storage/shared/bos_la_2024_trip/att/20241105/142628779/tcp_downlink_142628819.out
[2024-11-05T14:28:29-0600] DL AVG TPUT: 
[2024-11-05T14:28:29-0600] tcp downlink test finished at 2024-11-05 14:28:29.918 CST, duration: 121.122 s
[2024-11-05T14:28:29-0600] -------------------------------
[2024-11-05T14:28:29-0600] Waiting for 2 s...
[2024-11-05T14:28:31-0600] -------------------------------
[2024-11-05T14:28:31-0600] Starting 5G booster for 5 s...
[2024-11-05T14:28:32-0600] 5G booster started at 2024-11-05 14:28:32.010 CST
[2024-11-05T14:28:38-0600] Current time exceeds end time, skipping wait
[2024-11-05T14:28:38-0600] Saved TCP DL results to /data/data/com.termux/files/home/storage/shared/bos_la_2024_trip/att/20241105/142628779/tcp_downlink_142832067.out
[2024-11-05T14:28:38-0600] DL AVG TPUT: 
[2024-11-05T14:28:38-0600] 5G booster finished at 2024-11-05 14:28:38.150 CST, duration: 6.140 s
[2024-11-05T14:28:38-0600] -------------------------------
[2024-11-05T14:28:38-0600] Waiting for 2 s...
[2024-11-05T14:28:40-0600] -------------------------------
[2024-11-05T14:28:40-0600] tcp uplink test started at 2024-11-05 14:28:40.248 CST
[2024-11-05T14:28:40-0600] testing tcp uplink with 54.197.223.49:5102, interval 0.5, duration 120, timeout 121 ...
[2024-11-05T14:30:41-0600] Current time exceeds end time, skipping wait
[2024-11-05T14:30:41-0600] Saved uplink test to /data/data/com.termux/files/home/storage/shared/bos_la_2024_trip/att/20241105/142628779/tcp_uplink_142840280.out
[2024-11-05T14:30:41-0600] UL AVG TPUT: 
[2024-11-05T14:30:41-0600] tcp uplink test finished at 2024-11-05 14:30:41.407 CST, duration: 121.159 s
[2024-11-05T14:30:41-0600] -------------------------------
[2024-11-05T14:30:41-0600] Waiting for 2 s...
[2024-11-05T14:30:43-0600] -------------------------------
[2024-11-05T14:30:43-0600] Starting 5G booster for 5 s...
[2024-11-05T14:30:43-0600] 5G booster started at 2024-11-05 14:30:43.525 CST
[2024-11-05T14:30:49-0600] Current time exceeds end time, skipping wait
[2024-11-05T14:30:49-0600] Saved TCP DL results to /data/data/com.termux/files/home/storage/shared/bos_la_2024_trip/att/20241105/142628779/tcp_downlink_143043556.out
[2024-11-05T14:30:49-0600] DL AVG TPUT: 
[2024-11-05T14:30:49-0600] 5G booster finished at 2024-11-05 14:30:49.659 CST, duration: 6.134 s
[2024-11-05T14:30:49-0600] -------------------------------
[2024-11-05T14:30:49-0600] Waiting for 2 s...
[2024-11-05T14:30:51-0600] -------------------------------
[2024-11-05T14:30:51-0600] ICMP Ping test started at 2024-11-05 14:30:51.793 CST
[2024-11-05T14:31:21-0600] Waiting for .882 s to reach end time
[2024-11-05T14:31:22-0600] Saved ping test to /data/data/com.termux/files/home/storage/shared/bos_la_2024_trip/att/20241105/142628779/icmp_ping_143051823.out
[2024-11-05T14:31:22-0600] Ping summary (min/avg/max/mdev) = 54.505/79.749/248.426/30.991 ms
[2024-11-05T14:31:22-0600] Ping test finished at 2024-11-05 14:31:22.879 CST, duration: 31.086 s
[2024-11-05T14:31:22-0600] -------------------------------
[2024-11-05T14:31:22-0600] Waiting for 2 s...
[2024-11-05T14:31:24-0600] -------------------------------
[2024-11-05T14:31:24-0600] Starting 5G booster for 5 s...
[2024-11-05T14:31:25-0600] 5G booster started at 2024-11-05 14:31:25.009 CST
[2024-11-05T14:31:31-0600] Current time exceeds end time, skipping wait
[2024-11-05T14:31:31-0600] Saved TCP DL results to /data/data/com.termux/files/home/storage/shared/bos_la_2024_trip/att/20241105/142628779/tcp_downlink_143125039.out
[2024-11-05T14:31:31-0600] DL AVG TPUT: 
[2024-11-05T14:31:31-0600] 5G booster finished at 2024-11-05 14:31:31.086 CST, duration: 6.077 s
[2024-11-05T14:31:31-0600] -------------------------------
[2024-11-05T14:31:31-0600] Waiting for 2 s...
[2024-11-05T14:31:33-0600] -------------------------------
[2024-11-05T14:31:33-0600] TCP Ping test started at 2024-11-05 14:31:33.183 CST
[2024-11-05T14:32:04-0600] Current time exceeds end time, skipping wait
[2024-11-05T14:32:04-0600] Saved TCP Ping test to /data/data/com.termux/files/home/storage/shared/bos_la_2024_trip/att/20241105/142628779/tcp_ping_143133232.out
[2024-11-05T14:32:04-0600] TCP Ping summary (min/avg/max/mdev) 
[2024-11-05T14:32:04-0600] TCP Ping test finished at 2024-11-05 14:32:04.321 CST, duration: 31.138 s
[2024-11-05T14:32:04-0600] -------------------------------
[2024-11-05T14:32:04-0600] Waiting for 2 s...
[2024-11-05T14:32:06-0600] -------------------------------
[2024-11-05T14:32:06-0600] Traceroute test started at 2024-11-05 14:32:06.440 CST
[2024-11-05T14:32:17-0600] Waiting for 19.044 s to reach end time
[2024-11-05T14:32:36-0600] Saved traceroute test to /data/data/com.termux/files/home/storage/shared/bos_la_2024_trip/att/20241105/142628779/traceroute_143206468.out
[2024-11-05T14:32:36-0600] Traceroute summary (min/avg/max/mdev) 
[2024-11-05T14:32:36-0600] Traceroute test finished at 2024-11-05 14:32:36.512 CST, duration: 30.072 s
[2024-11-05T14:32:36-0600] -------------------------------
[2024-11-05T14:32:36-0600] All tests completed, cleaning up...
[2024-11-05T14:32:36-0600] -------------------------------
[2024-11-05T14:32:47-0600] [measurement] Load environment variables from prod.env file
[2024-11-05T14:32:47-0600] Starting a network measurement, please choose a server
[2024-11-05T14:32:47-0600] 0) West Cloud: 54.176.53.206
[2024-11-05T14:32:47-0600] 1) East Cloud: 54.197.223.49
[2024-11-05T14:33:28-0600] Enter your choice (0-1): Testing att, server 1 (ip: 54.197.223.49, nuttcp_port: 5102, iperf_port: 5002)
[2024-11-05T14:33:28-0600] -------------------------------
[2024-11-05T14:33:28-0600] tcp downlink test started at 2024-11-05 14:33:28.628 CST
[2024-11-05T14:33:28-0600] Testing tcp downlink with 54.197.223.49:5102, interval 0.5 s, duration 120 s, timeout 121 s...
[2024-11-05T14:35:29-0600] Current time exceeds end time, skipping wait
[2024-11-05T14:35:29-0600] Saved tcp downlink test to /data/data/com.termux/files/home/storage/shared/bos_la_2024_trip/att/20241105/143328611/tcp_downlink_143328652.out
[2024-11-05T14:35:29-0600] DL AVG TPUT: 
[2024-11-05T14:35:29-0600] tcp downlink test finished at 2024-11-05 14:35:29.747 CST, duration: 121.119 s
[2024-11-05T14:35:29-0600] -------------------------------
[2024-11-05T14:35:29-0600] Waiting for 2 s...
[2024-11-05T14:35:31-0600] -------------------------------
[2024-11-05T14:35:31-0600] Starting 5G booster for 5 s...
[2024-11-05T14:35:31-0600] 5G booster started at 2024-11-05 14:35:31.857 CST
[2024-11-05T14:35:37-0600] Current time exceeds end time, skipping wait
[2024-11-05T14:35:37-0600] Saved TCP DL results to /data/data/com.termux/files/home/storage/shared/bos_la_2024_trip/att/20241105/143328611/tcp_downlink_143531887.out
[2024-11-05T14:35:38-0600] DL AVG TPUT: 
[2024-11-05T14:35:38-0600] 5G booster finished at 2024-11-05 14:35:37.995 CST, duration: 6.138 s
[2024-11-05T14:35:38-0600] -------------------------------
[2024-11-05T14:35:38-0600] Waiting for 2 s...
[2024-11-05T14:35:40-0600] -------------------------------
[2024-11-05T14:35:40-0600] tcp uplink test started at 2024-11-05 14:35:40.087 CST
[2024-11-05T14:35:40-0600] testing tcp uplink with 54.197.223.49:5102, interval 0.5, duration 120, timeout 121 ...
[2024-11-05T14:37:41-0600] Current time exceeds end time, skipping wait
[2024-11-05T14:37:41-0600] Saved uplink test to /data/data/com.termux/files/home/storage/shared/bos_la_2024_trip/att/20241105/143328611/tcp_uplink_143540115.out
[2024-11-05T14:37:41-0600] UL AVG TPUT: 16.4502 Mbps
[2024-11-05T14:37:41-0600] tcp uplink test finished at 2024-11-05 14:37:41.175 CST, duration: 121.088 s
[2024-11-05T14:37:41-0600] -------------------------------
[2024-11-05T14:37:41-0600] Waiting for 2 s...
[2024-11-05T14:37:43-0600] -------------------------------
[2024-11-05T14:37:43-0600] Starting 5G booster for 5 s...
[2024-11-05T14:37:43-0600] 5G booster started at 2024-11-05 14:37:43.293 CST
[2024-11-05T14:37:49-0600] Current time exceeds end time, skipping wait
[2024-11-05T14:37:49-0600] Saved TCP DL results to /data/data/com.termux/files/home/storage/shared/bos_la_2024_trip/att/20241105/143328611/tcp_downlink_143743347.out
[2024-11-05T14:37:49-0600] DL AVG TPUT: 
[2024-11-05T14:37:49-0600] 5G booster finished at 2024-11-05 14:37:49.417 CST, duration: 6.124 s
[2024-11-05T14:37:49-0600] -------------------------------
[2024-11-05T14:37:49-0600] Waiting for 2 s...
[2024-11-05T14:37:51-0600] -------------------------------
[2024-11-05T14:37:51-0600] ICMP Ping test started at 2024-11-05 14:37:51.512 CST
[2024-11-05T14:38:21-0600] Waiting for .860 s to reach end time
[2024-11-05T14:38:22-0600] Saved ping test to /data/data/com.termux/files/home/storage/shared/bos_la_2024_trip/att/20241105/143328611/icmp_ping_143751543.out
[2024-11-05T14:38:22-0600] Ping summary (min/avg/max/mdev) = 53.580/68.520/258.068/21.430 ms
[2024-11-05T14:38:22-0600] Ping test finished at 2024-11-05 14:38:22.602 CST, duration: 31.090 s
[2024-11-05T14:38:22-0600] -------------------------------
[2024-11-05T14:38:22-0600] Waiting for 2 s...
[2024-11-05T14:38:24-0600] -------------------------------
[2024-11-05T14:38:24-0600] Starting 5G booster for 5 s...
[2024-11-05T14:38:24-0600] 5G booster started at 2024-11-05 14:38:24.716 CST
[2024-11-05T14:38:30-0600] Current time exceeds end time, skipping wait
[2024-11-05T14:38:30-0600] Saved TCP DL results to /data/data/com.termux/files/home/storage/shared/bos_la_2024_trip/att/20241105/143328611/tcp_downlink_143824769.out
[2024-11-05T14:38:30-0600] DL AVG TPUT: 
[2024-11-05T14:38:30-0600] 5G booster finished at 2024-11-05 14:38:30.879 CST, duration: 6.163 s
[2024-11-05T14:38:30-0600] -------------------------------
[2024-11-05T14:38:30-0600] Waiting for 2 s...
[2024-11-05T14:38:32-0600] -------------------------------
[2024-11-05T14:38:32-0600] TCP Ping test started at 2024-11-05 14:38:32.972 CST
[2024-11-05T14:39:04-0600] Current time exceeds end time, skipping wait
[2024-11-05T14:39:04-0600] Saved TCP Ping test to /data/data/com.termux/files/home/storage/shared/bos_la_2024_trip/att/20241105/143328611/tcp_ping_143832994.out
[2024-11-05T14:39:04-0600] TCP Ping summary (min/avg/max/mdev) 
[2024-11-05T14:39:04-0600] TCP Ping test finished at 2024-11-05 14:39:04.094 CST, duration: 31.122 s
[2024-11-05T14:39:04-0600] -------------------------------
[2024-11-05T14:39:04-0600] Waiting for 2 s...
[2024-11-05T14:39:06-0600] -------------------------------
[2024-11-05T14:39:06-0600] Traceroute test started at 2024-11-05 14:39:06.196 CST
[2024-11-05T14:39:18-0600] Waiting for 17.287 s to reach end time
[2024-11-05T14:39:36-0600] Saved traceroute test to /data/data/com.termux/files/home/storage/shared/bos_la_2024_trip/att/20241105/143328611/traceroute_143906224.out
[2024-11-05T14:39:36-0600] Traceroute summary (min/avg/max/mdev) 
[2024-11-05T14:39:36-0600] Traceroute test finished at 2024-11-05 14:39:36.291 CST, duration: 30.095 s
[2024-11-05T14:39:36-0600] -------------------------------
[2024-11-05T14:39:36-0600] All tests completed, cleaning up...
[2024-11-05T14:39:36-0600] -------------------------------
[2024-11-05T14:39:52-0600] [measurement] Load environment variables from prod.env file
[2024-11-05T14:39:52-0600] Starting a network measurement, please choose a server
[2024-11-05T14:39:52-0600] 0) West Cloud: 54.176.53.206
[2024-11-05T14:39:52-0600] 1) East Cloud: 54.197.223.49
[2024-11-05T14:40:33-0600] Enter your choice (0-1): Testing att, server 1 (ip: 54.197.223.49, nuttcp_port: 5102, iperf_port: 5002)
[2024-11-05T14:40:33-0600] -------------------------------
[2024-11-05T14:40:33-0600] tcp downlink test started at 2024-11-05 14:40:33.525 CST
[2024-11-05T14:40:33-0600] Testing tcp downlink with 54.197.223.49:5102, interval 0.5 s, duration 120 s, timeout 121 s...
[2024-11-05T14:42:34-0600] Current time exceeds end time, skipping wait
[2024-11-05T14:42:34-0600] Saved tcp downlink test to /data/data/com.termux/files/home/storage/shared/bos_la_2024_trip/att/20241105/144033509/tcp_downlink_144033550.out
[2024-11-05T14:42:34-0600] DL AVG TPUT: 
[2024-11-05T14:42:34-0600] tcp downlink test finished at 2024-11-05 14:42:34.627 CST, duration: 121.102 s
[2024-11-05T14:42:34-0600] -------------------------------
[2024-11-05T14:42:34-0600] Waiting for 2 s...
[2024-11-05T14:42:36-0600] -------------------------------
[2024-11-05T14:42:36-0600] Starting 5G booster for 5 s...
[2024-11-05T14:42:36-0600] 5G booster started at 2024-11-05 14:42:36.743 CST
[2024-11-05T14:42:42-0600] Current time exceeds end time, skipping wait
[2024-11-05T14:42:42-0600] Saved TCP DL results to /data/data/com.termux/files/home/storage/shared/bos_la_2024_trip/att/20241105/144033509/tcp_downlink_144236772.out
[2024-11-05T14:42:42-0600] DL AVG TPUT: 
[2024-11-05T14:42:42-0600] 5G booster finished at 2024-11-05 14:42:42.861 CST, duration: 6.118 s
[2024-11-05T14:42:42-0600] -------------------------------
[2024-11-05T14:42:42-0600] Waiting for 2 s...
[2024-11-05T14:42:44-0600] -------------------------------
[2024-11-05T14:42:44-0600] tcp uplink test started at 2024-11-05 14:42:44.970 CST
[2024-11-05T14:42:45-0600] testing tcp uplink with 54.197.223.49:5102, interval 0.5, duration 120, timeout 121 ...
[2024-11-05T14:44:45-0600] Waiting for .111 s to reach end time
[2024-11-05T14:44:46-0600] Saved uplink test to /data/data/com.termux/files/home/storage/shared/bos_la_2024_trip/att/20241105/144033509/tcp_uplink_144244993.out
[2024-11-05T14:44:46-0600] UL AVG TPUT: 7.8094 Mbps
[2024-11-05T14:44:46-0600] tcp uplink test finished at 2024-11-05 14:44:46.043 CST, duration: 121.073 s
[2024-11-05T14:44:46-0600] -------------------------------
[2024-11-05T14:44:46-0600] Waiting for 2 s...
[2024-11-05T14:44:48-0600] -------------------------------
[2024-11-05T14:44:48-0600] Starting 5G booster for 5 s...
[2024-11-05T14:44:48-0600] 5G booster started at 2024-11-05 14:44:48.173 CST
[2024-11-05T14:44:54-0600] Current time exceeds end time, skipping wait
[2024-11-05T14:44:54-0600] Saved TCP DL results to /data/data/com.termux/files/home/storage/shared/bos_la_2024_trip/att/20241105/144033509/tcp_downlink_144448227.out
[2024-11-05T14:44:54-0600] DL AVG TPUT: 
[2024-11-05T14:44:54-0600] 5G booster finished at 2024-11-05 14:44:54.303 CST, duration: 6.130 s
[2024-11-05T14:44:54-0600] -------------------------------
[2024-11-05T14:44:54-0600] Waiting for 2 s...
[2024-11-05T14:44:56-0600] -------------------------------
[2024-11-05T14:44:56-0600] ICMP Ping test started at 2024-11-05 14:44:56.398 CST
[2024-11-05T14:45:26-0600] Waiting for .862 s to reach end time
[2024-11-05T14:45:27-0600] Saved ping test to /data/data/com.termux/files/home/storage/shared/bos_la_2024_trip/att/20241105/144033509/icmp_ping_144456450.out
[2024-11-05T14:45:27-0600] Ping summary (min/avg/max/mdev) = 55.202/109.736/250.701/35.934 ms
[2024-11-05T14:45:27-0600] Ping test finished at 2024-11-05 14:45:27.479 CST, duration: 31.081 s
[2024-11-05T14:45:27-0600] -------------------------------
[2024-11-05T14:45:27-0600] Waiting for 2 s...
[2024-11-05T14:45:29-0600] -------------------------------
[2024-11-05T14:45:29-0600] Starting 5G booster for 5 s...
[2024-11-05T14:45:29-0600] 5G booster started at 2024-11-05 14:45:29.556 CST
[2024-11-05T14:45:35-0600] Current time exceeds end time, skipping wait
[2024-11-05T14:45:35-0600] Saved TCP DL results to /data/data/com.termux/files/home/storage/shared/bos_la_2024_trip/att/20241105/144033509/tcp_downlink_144529584.out
[2024-11-05T14:45:35-0600] DL AVG TPUT: 
[2024-11-05T14:45:35-0600] 5G booster finished at 2024-11-05 14:45:35.676 CST, duration: 6.120 s
[2024-11-05T14:45:35-0600] -------------------------------
[2024-11-05T14:45:35-0600] Waiting for 2 s...
[2024-11-05T14:45:37-0600] -------------------------------
[2024-11-05T14:45:37-0600] TCP Ping test started at 2024-11-05 14:45:37.807 CST
[2024-11-05T14:46:08-0600] Current time exceeds end time, skipping wait
[2024-11-05T14:46:08-0600] Saved TCP Ping test to /data/data/com.termux/files/home/storage/shared/bos_la_2024_trip/att/20241105/144033509/tcp_ping_144537855.out
[2024-11-05T14:46:08-0600] TCP Ping summary (min/avg/max/mdev) 
[2024-11-05T14:46:09-0600] TCP Ping test finished at 2024-11-05 14:46:08.956 CST, duration: 31.149 s
[2024-11-05T14:46:09-0600] -------------------------------
[2024-11-05T14:46:09-0600] Waiting for 2 s...
[2024-11-05T14:46:11-0600] -------------------------------
[2024-11-05T14:46:11-0600] Traceroute test started at 2024-11-05 14:46:11.046 CST
[2024-11-05T14:46:22-0600] Waiting for 18.588 s to reach end time
[2024-11-05T14:46:41-0600] Saved traceroute test to /data/data/com.termux/files/home/storage/shared/bos_la_2024_trip/att/20241105/144033509/traceroute_144611073.out
[2024-11-05T14:46:41-0600] Traceroute summary (min/avg/max/mdev) 
[2024-11-05T14:46:41-0600] Traceroute test finished at 2024-11-05 14:46:41.124 CST, duration: 30.078 s
[2024-11-05T14:46:41-0600] -------------------------------
[2024-11-05T14:46:41-0600] All tests completed, cleaning up...
[2024-11-05T14:46:41-0600] -------------------------------
[2024-11-05T14:47:42-0600] [measurement] Load environment variables from prod.env file
[2024-11-05T14:47:42-0600] Starting a network measurement, please choose a server
[2024-11-05T14:47:42-0600] 0) West Cloud: 54.176.53.206
[2024-11-05T14:47:42-0600] 1) East Cloud: 54.197.223.49
[2024-11-05T14:48:08-0600] Enter your choice (0-1): Testing att, server 1 (ip: 54.197.223.49, nuttcp_port: 5102, iperf_port: 5002)
[2024-11-05T14:48:08-0600] -------------------------------
[2024-11-05T14:48:08-0600] tcp downlink test started at 2024-11-05 14:48:08.188 CST
[2024-11-05T14:48:08-0600] Testing tcp downlink with 54.197.223.49:5102, interval 0.5 s, duration 120 s, timeout 121 s...
[2024-11-05T14:50:09-0600] Current time exceeds end time, skipping wait
[2024-11-05T14:50:09-0600] Saved tcp downlink test to /data/data/com.termux/files/home/storage/shared/bos_la_2024_trip/att/20241105/144808173/tcp_downlink_144808214.out
[2024-11-05T14:50:09-0600] DL AVG TPUT: 
[2024-11-05T14:50:09-0600] tcp downlink test finished at 2024-11-05 14:50:09.306 CST, duration: 121.118 s
[2024-11-05T14:50:09-0600] -------------------------------
[2024-11-05T14:50:09-0600] Waiting for 2 s...
[2024-11-05T14:50:11-0600] -------------------------------
[2024-11-05T14:50:11-0600] Starting 5G booster for 5 s...
[2024-11-05T14:50:11-0600] 5G booster started at 2024-11-05 14:50:11.434 CST
[2024-11-05T14:50:17-0600] Current time exceeds end time, skipping wait
[2024-11-05T14:50:17-0600] Saved TCP DL results to /data/data/com.termux/files/home/storage/shared/bos_la_2024_trip/att/20241105/144808173/tcp_downlink_145011461.out
[2024-11-05T14:50:17-0600] DL AVG TPUT: 
[2024-11-05T14:50:17-0600] 5G booster finished at 2024-11-05 14:50:17.562 CST, duration: 6.128 s
[2024-11-05T14:50:17-0600] -------------------------------
[2024-11-05T14:50:17-0600] Waiting for 2 s...
[2024-11-05T14:50:19-0600] -------------------------------
[2024-11-05T14:50:19-0600] tcp uplink test started at 2024-11-05 14:50:19.664 CST
[2024-11-05T14:50:19-0600] testing tcp uplink with 54.197.223.49:5102, interval 0.5, duration 120, timeout 121 ...
[2024-11-05T14:52:20-0600] Current time exceeds end time, skipping wait
[2024-11-05T14:52:20-0600] Saved uplink test to /data/data/com.termux/files/home/storage/shared/bos_la_2024_trip/att/20241105/144808173/tcp_uplink_145019698.out
[2024-11-05T14:52:20-0600] UL AVG TPUT: 
[2024-11-05T14:52:20-0600] tcp uplink test finished at 2024-11-05 14:52:20.796 CST, duration: 121.132 s
[2024-11-05T14:52:20-0600] -------------------------------
[2024-11-05T14:52:20-0600] Waiting for 2 s...
[2024-11-05T14:52:22-0600] -------------------------------
[2024-11-05T14:52:22-0600] Starting 5G booster for 5 s...
[2024-11-05T14:52:22-0600] 5G booster started at 2024-11-05 14:52:22.944 CST
[2024-11-05T14:52:29-0600] Current time exceeds end time, skipping wait
[2024-11-05T14:52:29-0600] Saved TCP DL results to /data/data/com.termux/files/home/storage/shared/bos_la_2024_trip/att/20241105/144808173/tcp_downlink_145222968.out
[2024-11-05T14:52:29-0600] DL AVG TPUT: 
[2024-11-05T14:52:29-0600] 5G booster finished at 2024-11-05 14:52:29.048 CST, duration: 6.104 s
[2024-11-05T14:52:29-0600] -------------------------------
[2024-11-05T14:52:29-0600] Waiting for 2 s...
[2024-11-05T14:52:31-0600] -------------------------------
[2024-11-05T14:52:31-0600] ICMP Ping test started at 2024-11-05 14:52:31.167 CST
[2024-11-05T14:53:01-0600] Waiting for .863 s to reach end time
[2024-11-05T14:53:02-0600] Saved ping test to /data/data/com.termux/files/home/storage/shared/bos_la_2024_trip/att/20241105/144808173/icmp_ping_145231199.out
[2024-11-05T14:53:02-0600] Ping summary (min/avg/max/mdev) = 55.610/80.459/145.158/15.656 ms
[2024-11-05T14:53:02-0600] Ping test finished at 2024-11-05 14:53:02.274 CST, duration: 31.107 s
[2024-11-05T14:53:02-0600] -------------------------------
[2024-11-05T14:53:02-0600] Waiting for 2 s...
[2024-11-05T14:53:04-0600] -------------------------------
[2024-11-05T14:53:04-0600] Starting 5G booster for 5 s...
[2024-11-05T14:53:04-0600] 5G booster started at 2024-11-05 14:53:04.369 CST
[2024-11-05T14:53:10-0600] Current time exceeds end time, skipping wait
[2024-11-05T14:53:10-0600] Saved TCP DL results to /data/data/com.termux/files/home/storage/shared/bos_la_2024_trip/att/20241105/144808173/tcp_downlink_145304396.out
[2024-11-05T14:53:10-0600] DL AVG TPUT: 
[2024-11-05T14:53:10-0600] 5G booster finished at 2024-11-05 14:53:10.487 CST, duration: 6.118 s
[2024-11-05T14:53:10-0600] -------------------------------
[2024-11-05T14:53:10-0600] Waiting for 2 s...
[2024-11-05T14:53:12-0600] -------------------------------
[2024-11-05T14:53:12-0600] TCP Ping test started at 2024-11-05 14:53:12.601 CST
[2024-11-05T14:53:43-0600] Current time exceeds end time, skipping wait
[2024-11-05T14:53:43-0600] Saved TCP Ping test to /data/data/com.termux/files/home/storage/shared/bos_la_2024_trip/att/20241105/144808173/tcp_ping_145312630.out
[2024-11-05T14:53:43-0600] TCP Ping summary (min/avg/max/mdev) 
[2024-11-05T14:53:43-0600] TCP Ping test finished at 2024-11-05 14:53:43.736 CST, duration: 31.135 s
[2024-11-05T14:53:43-0600] -------------------------------
[2024-11-05T14:53:43-0600] Waiting for 2 s...
[2024-11-05T14:53:45-0600] -------------------------------
[2024-11-05T14:53:45-0600] Traceroute test started at 2024-11-05 14:53:45.875 CST
[2024-11-05T14:53:56-0600] Waiting for 19.019 s to reach end time
[2024-11-05T14:54:15-0600] Saved traceroute test to /data/data/com.termux/files/home/storage/shared/bos_la_2024_trip/att/20241105/144808173/traceroute_145345927.out
[2024-11-05T14:54:16-0600] Traceroute summary (min/avg/max/mdev) 
[2024-11-05T14:54:16-0600] Traceroute test finished at 2024-11-05 14:54:15.990 CST, duration: 30.115 s
[2024-11-05T14:54:16-0600] -------------------------------
[2024-11-05T14:54:16-0600] All tests completed, cleaning up...
[2024-11-05T14:54:16-0600] -------------------------------
[2024-11-05T14:54:43-0600] [measurement] Load environment variables from prod.env file
[2024-11-05T14:54:43-0600] Starting a network measurement, please choose a server
[2024-11-05T14:54:43-0600] 0) West Cloud: 54.176.53.206
[2024-11-05T14:54:43-0600] 1) East Cloud: 54.197.223.49
[2024-11-05T14:55:23-0600] Enter your choice (0-1): Testing att, server 1 (ip: 54.197.223.49, nuttcp_port: 5102, iperf_port: 5002)
[2024-11-05T14:55:23-0600] -------------------------------
[2024-11-05T14:55:23-0600] tcp downlink test started at 2024-11-05 14:55:23.839 CST
[2024-11-05T14:55:23-0600] Testing tcp downlink with 54.197.223.49:5102, interval 0.5 s, duration 120 s, timeout 121 s...
[2024-11-05T14:57:24-0600] Current time exceeds end time, skipping wait
[2024-11-05T14:57:24-0600] Saved tcp downlink test to /data/data/com.termux/files/home/storage/shared/bos_la_2024_trip/att/20241105/145523816/tcp_downlink_145523861.out
[2024-11-05T14:57:24-0600] DL AVG TPUT: 
[2024-11-05T14:57:25-0600] tcp downlink test finished at 2024-11-05 14:57:24.954 CST, duration: 121.115 s
[2024-11-05T14:57:25-0600] -------------------------------
[2024-11-05T14:57:25-0600] Waiting for 2 s...
[2024-11-05T14:57:27-0600] -------------------------------
[2024-11-05T14:57:27-0600] Starting 5G booster for 5 s...
[2024-11-05T14:57:27-0600] 5G booster started at 2024-11-05 14:57:27.059 CST
[2024-11-05T14:57:33-0600] Current time exceeds end time, skipping wait
[2024-11-05T14:57:33-0600] Saved TCP DL results to /data/data/com.termux/files/home/storage/shared/bos_la_2024_trip/att/20241105/145523816/tcp_downlink_145727088.out
[2024-11-05T14:57:33-0600] DL AVG TPUT: 
[2024-11-05T14:57:33-0600] 5G booster finished at 2024-11-05 14:57:33.160 CST, duration: 6.101 s
[2024-11-05T14:57:33-0600] -------------------------------
[2024-11-05T14:57:33-0600] Waiting for 2 s...
[2024-11-05T14:57:35-0600] -------------------------------
[2024-11-05T14:57:35-0600] tcp uplink test started at 2024-11-05 14:57:35.249 CST
[2024-11-05T14:57:35-0600] testing tcp uplink with 54.197.223.49:5102, interval 0.5, duration 120, timeout 121 ...
[2024-11-05T14:59:36-0600] Current time exceeds end time, skipping wait
[2024-11-05T14:59:36-0600] Saved uplink test to /data/data/com.termux/files/home/storage/shared/bos_la_2024_trip/att/20241105/145523816/tcp_uplink_145735276.out
[2024-11-05T14:59:36-0600] UL AVG TPUT: 
[2024-11-05T14:59:36-0600] tcp uplink test finished at 2024-11-05 14:59:36.367 CST, duration: 121.118 s
[2024-11-05T14:59:36-0600] -------------------------------
[2024-11-05T14:59:36-0600] Waiting for 2 s...
[2024-11-05T14:59:38-0600] -------------------------------
[2024-11-05T14:59:38-0600] Starting 5G booster for 5 s...
[2024-11-05T14:59:38-0600] 5G booster started at 2024-11-05 14:59:38.495 CST
[2024-11-05T14:59:44-0600] Current time exceeds end time, skipping wait
[2024-11-05T14:59:44-0600] Saved TCP DL results to /data/data/com.termux/files/home/storage/shared/bos_la_2024_trip/att/20241105/145523816/tcp_downlink_145938524.out
[2024-11-05T14:59:44-0600] DL AVG TPUT: 
[2024-11-05T14:59:44-0600] 5G booster finished at 2024-11-05 14:59:44.628 CST, duration: 6.133 s
[2024-11-05T14:59:44-0600] -------------------------------
[2024-11-05T14:59:44-0600] Waiting for 2 s...
[2024-11-05T14:59:46-0600] -------------------------------
[2024-11-05T14:59:46-0600] ICMP Ping test started at 2024-11-05 14:59:46.745 CST
[2024-11-05T15:00:16-0600] Waiting for .900 s to reach end time
[2024-11-05T15:00:17-0600] Saved ping test to /data/data/com.termux/files/home/storage/shared/bos_la_2024_trip/att/20241105/145523816/icmp_ping_145946776.out
[2024-11-05T15:00:17-0600] Ping summary (min/avg/max/mdev) = 55.014/76.117/281.533/26.524 ms
[2024-11-05T15:00:17-0600] Ping test finished at 2024-11-05 15:00:17.828 CST, duration: 31.083 s
[2024-11-05T15:00:17-0600] -------------------------------
[2024-11-05T15:00:17-0600] Waiting for 2 s...
[2024-11-05T15:00:19-0600] -------------------------------
[2024-11-05T15:00:19-0600] Starting 5G booster for 5 s...
[2024-11-05T15:00:19-0600] 5G booster started at 2024-11-05 15:00:19.922 CST
[2024-11-05T15:00:26-0600] Current time exceeds end time, skipping wait
[2024-11-05T15:00:26-0600] Saved TCP DL results to /data/data/com.termux/files/home/storage/shared/bos_la_2024_trip/att/20241105/145523816/tcp_downlink_150019955.out
[2024-11-05T15:00:26-0600] DL AVG TPUT: 
[2024-11-05T15:00:26-0600] 5G booster finished at 2024-11-05 15:00:26.019 CST, duration: 6.097 s
[2024-11-05T15:00:26-0600] -------------------------------
[2024-11-05T15:00:26-0600] Waiting for 2 s...
[2024-11-05T15:00:28-0600] -------------------------------
[2024-11-05T15:00:28-0600] TCP Ping test started at 2024-11-05 15:00:28.121 CST
[2024-11-05T15:00:59-0600] Current time exceeds end time, skipping wait
[2024-11-05T15:00:59-0600] Saved TCP Ping test to /data/data/com.termux/files/home/storage/shared/bos_la_2024_trip/att/20241105/145523816/tcp_ping_150028168.out
[2024-11-05T15:00:59-0600] TCP Ping summary (min/avg/max/mdev) 
[2024-11-05T15:00:59-0600] TCP Ping test finished at 2024-11-05 15:00:59.254 CST, duration: 31.133 s
[2024-11-05T15:00:59-0600] -------------------------------
[2024-11-05T15:00:59-0600] Waiting for 2 s...
[2024-11-05T15:01:01-0600] -------------------------------
[2024-11-05T15:01:01-0600] Traceroute test started at 2024-11-05 15:01:01.381 CST
[2024-11-05T15:01:12-0600] Waiting for 18.924 s to reach end time
[2024-11-05T15:01:31-0600] Saved traceroute test to /data/data/com.termux/files/home/storage/shared/bos_la_2024_trip/att/20241105/145523816/traceroute_150101432.out
[2024-11-05T15:01:31-0600] Traceroute summary (min/avg/max/mdev) 
[2024-11-05T15:01:31-0600] Traceroute test finished at 2024-11-05 15:01:31.488 CST, duration: 30.107 s
[2024-11-05T15:01:31-0600] -------------------------------
[2024-11-05T15:01:31-0600] All tests completed, cleaning up...
[2024-11-05T15:01:31-0600] -------------------------------
[2024-11-05T15:02:13-0600] [measurement] Load environment variables from prod.env file
[2024-11-05T15:02:13-0600] Starting a network measurement, please choose a server
[2024-11-05T15:02:13-0600] 0) West Cloud: 54.176.53.206
[2024-11-05T15:02:13-0600] 1) East Cloud: 54.197.223.49
[2024-11-05T15:02:34-0600] Enter your choice (0-1): Testing att, server 1 (ip: 54.197.223.49, nuttcp_port: 5102, iperf_port: 5002)
[2024-11-05T15:02:34-0600] -------------------------------
[2024-11-05T15:02:34-0600] tcp downlink test started at 2024-11-05 15:02:34.157 CST
[2024-11-05T15:02:34-0600] Testing tcp downlink with 54.197.223.49:5102, interval 0.5 s, duration 120 s, timeout 121 s...
[2024-11-05T15:04:35-0600] Current time exceeds end time, skipping wait
[2024-11-05T15:04:35-0600] Saved tcp downlink test to /data/data/com.termux/files/home/storage/shared/bos_la_2024_trip/att/20241105/150234139/tcp_downlink_150234181.out
[2024-11-05T15:04:35-0600] DL AVG TPUT: 
[2024-11-05T15:04:35-0600] tcp downlink test finished at 2024-11-05 15:04:35.273 CST, duration: 121.116 s
[2024-11-05T15:04:35-0600] -------------------------------
[2024-11-05T15:04:35-0600] Waiting for 2 s...
[2024-11-05T15:04:37-0600] -------------------------------
[2024-11-05T15:04:37-0600] Starting 5G booster for 5 s...
[2024-11-05T15:04:37-0600] 5G booster started at 2024-11-05 15:04:37.400 CST
[2024-11-05T15:04:43-0600] Current time exceeds end time, skipping wait
[2024-11-05T15:04:43-0600] Saved TCP DL results to /data/data/com.termux/files/home/storage/shared/bos_la_2024_trip/att/20241105/150234139/tcp_downlink_150437432.out
[2024-11-05T15:04:43-0600] DL AVG TPUT: 
[2024-11-05T15:04:43-0600] 5G booster finished at 2024-11-05 15:04:43.538 CST, duration: 6.138 s
[2024-11-05T15:04:43-0600] -------------------------------
[2024-11-05T15:04:43-0600] Waiting for 2 s...
[2024-11-05T15:04:45-0600] -------------------------------
[2024-11-05T15:04:45-0600] tcp uplink test started at 2024-11-05 15:04:45.707 CST
[2024-11-05T15:04:45-0600] testing tcp uplink with 54.197.223.49:5102, interval 0.5, duration 120, timeout 121 ...
[2024-11-05T15:06:46-0600] Current time exceeds end time, skipping wait
[2024-11-05T15:06:46-0600] Saved uplink test to /data/data/com.termux/files/home/storage/shared/bos_la_2024_trip/att/20241105/150234139/tcp_uplink_150445760.out
[2024-11-05T15:06:46-0600] UL AVG TPUT: 
[2024-11-05T15:06:46-0600] tcp uplink test finished at 2024-11-05 15:06:46.854 CST, duration: 121.147 s
[2024-11-05T15:06:46-0600] -------------------------------
[2024-11-05T15:06:46-0600] Waiting for 2 s...
[2024-11-05T15:06:48-0600] -------------------------------
[2024-11-05T15:06:48-0600] Starting 5G booster for 5 s...
[2024-11-05T15:06:49-0600] 5G booster started at 2024-11-05 15:06:48.977 CST
[2024-11-05T15:06:55-0600] Current time exceeds end time, skipping wait
[2024-11-05T15:06:55-0600] Saved TCP DL results to /data/data/com.termux/files/home/storage/shared/bos_la_2024_trip/att/20241105/150234139/tcp_downlink_150649017.out
[2024-11-05T15:06:55-0600] DL AVG TPUT: 
[2024-11-05T15:06:55-0600] 5G booster finished at 2024-11-05 15:06:55.092 CST, duration: 6.115 s
[2024-11-05T15:06:55-0600] -------------------------------
[2024-11-05T15:06:55-0600] Waiting for 2 s...
[2024-11-05T15:06:57-0600] -------------------------------
[2024-11-05T15:06:57-0600] ICMP Ping test started at 2024-11-05 15:06:57.200 CST
[2024-11-05T15:07:27-0600] Waiting for .873 s to reach end time
[2024-11-05T15:07:28-0600] Saved ping test to /data/data/com.termux/files/home/storage/shared/bos_la_2024_trip/att/20241105/150234139/icmp_ping_150657232.out
[2024-11-05T15:07:28-0600] Ping summary (min/avg/max/mdev) = 52.288/67.979/158.402/15.981 ms
[2024-11-05T15:07:28-0600] Ping test finished at 2024-11-05 15:07:28.286 CST, duration: 31.086 s
[2024-11-05T15:07:28-0600] -------------------------------
[2024-11-05T15:07:28-0600] Waiting for 2 s...
[2024-11-05T15:07:30-0600] -------------------------------
[2024-11-05T15:07:30-0600] Starting 5G booster for 5 s...
[2024-11-05T15:07:30-0600] 5G booster started at 2024-11-05 15:07:30.382 CST
[2024-11-05T15:07:36-0600] Current time exceeds end time, skipping wait
[2024-11-05T15:07:36-0600] Saved TCP DL results to /data/data/com.termux/files/home/storage/shared/bos_la_2024_trip/att/20241105/150234139/tcp_downlink_150730409.out
[2024-11-05T15:07:36-0600] DL AVG TPUT: 
[2024-11-05T15:07:36-0600] 5G booster finished at 2024-11-05 15:07:36.483 CST, duration: 6.101 s
[2024-11-05T15:07:36-0600] -------------------------------
[2024-11-05T15:07:36-0600] Waiting for 2 s...
[2024-11-05T15:07:38-0600] -------------------------------
[2024-11-05T15:07:38-0600] TCP Ping test started at 2024-11-05 15:07:38.614 CST
[2024-11-05T15:08:09-0600] Current time exceeds end time, skipping wait
[2024-11-05T15:08:09-0600] Saved TCP Ping test to /data/data/com.termux/files/home/storage/shared/bos_la_2024_trip/att/20241105/150234139/tcp_ping_150738665.out
[2024-11-05T15:08:09-0600] TCP Ping summary (min/avg/max/mdev) 
[2024-11-05T15:08:09-0600] TCP Ping test finished at 2024-11-05 15:08:09.751 CST, duration: 31.137 s
[2024-11-05T15:08:09-0600] -------------------------------
[2024-11-05T15:08:09-0600] Waiting for 2 s...
[2024-11-05T15:08:11-0600] -------------------------------
[2024-11-05T15:08:11-0600] Traceroute test started at 2024-11-05 15:08:11.871 CST
[2024-11-05T15:08:22-0600] Waiting for 18.936 s to reach end time
[2024-11-05T15:08:41-0600] Saved traceroute test to /data/data/com.termux/files/home/storage/shared/bos_la_2024_trip/att/20241105/150234139/traceroute_150811897.out
[2024-11-05T15:08:41-0600] Traceroute summary (min/avg/max/mdev) 
[2024-11-05T15:08:42-0600] Traceroute test finished at 2024-11-05 15:08:41.955 CST, duration: 30.084 s
[2024-11-05T15:08:42-0600] -------------------------------
[2024-11-05T15:08:42-0600] All tests completed, cleaning up...
[2024-11-05T15:08:42-0600] -------------------------------
[2024-11-05T15:09:06-0600] [measurement] Load environment variables from prod.env file
[2024-11-05T15:09:06-0600] Starting a network measurement, please choose a server
[2024-11-05T15:09:06-0600] 0) West Cloud: 54.176.53.206
[2024-11-05T15:09:06-0600] 1) East Cloud: 54.197.223.49
[2024-11-05T15:09:22-0600] Enter your choice (0-1): Testing att, server 1 (ip: 54.197.223.49, nuttcp_port: 5102, iperf_port: 5002)
[2024-11-05T15:09:22-0600] -------------------------------
[2024-11-05T15:09:22-0600] tcp downlink test started at 2024-11-05 15:09:22.671 CST
[2024-11-05T15:09:22-0600] Testing tcp downlink with 54.197.223.49:5102, interval 0.5 s, duration 120 s, timeout 121 s...
[2024-11-05T15:11:23-0600] Current time exceeds end time, skipping wait
[2024-11-05T15:11:23-0600] Saved tcp downlink test to /data/data/com.termux/files/home/storage/shared/bos_la_2024_trip/att/20241105/150922654/tcp_downlink_150922708.out
[2024-11-05T15:11:23-0600] DL AVG TPUT: 
[2024-11-05T15:11:23-0600] tcp downlink test finished at 2024-11-05 15:11:23.775 CST, duration: 121.104 s
[2024-11-05T15:11:23-0600] -------------------------------
[2024-11-05T15:11:23-0600] Waiting for 2 s...
[2024-11-05T15:11:25-0600] -------------------------------
[2024-11-05T15:11:25-0600] Starting 5G booster for 5 s...
[2024-11-05T15:11:25-0600] 5G booster started at 2024-11-05 15:11:25.871 CST
[2024-11-05T15:11:32-0600] Current time exceeds end time, skipping wait
[2024-11-05T15:11:32-0600] Saved TCP DL results to /data/data/com.termux/files/home/storage/shared/bos_la_2024_trip/att/20241105/150922654/tcp_downlink_151125919.out
[2024-11-05T15:11:32-0600] DL AVG TPUT: 
[2024-11-05T15:11:32-0600] 5G booster finished at 2024-11-05 15:11:32.012 CST, duration: 6.141 s
[2024-11-05T15:11:32-0600] -------------------------------
[2024-11-05T15:11:32-0600] Waiting for 2 s...
[2024-11-05T15:11:34-0600] -------------------------------
[2024-11-05T15:11:34-0600] tcp uplink test started at 2024-11-05 15:11:34.128 CST
[2024-11-05T15:11:34-0600] testing tcp uplink with 54.197.223.49:5102, interval 0.5, duration 120, timeout 121 ...
[2024-11-05T15:13:35-0600] Current time exceeds end time, skipping wait
[2024-11-05T15:13:35-0600] Saved uplink test to /data/data/com.termux/files/home/storage/shared/bos_la_2024_trip/att/20241105/150922654/tcp_uplink_151134178.out
[2024-11-05T15:13:35-0600] UL AVG TPUT: 
[2024-11-05T15:13:35-0600] tcp uplink test finished at 2024-11-05 15:13:35.252 CST, duration: 121.124 s
[2024-11-05T15:13:35-0600] -------------------------------
[2024-11-05T15:13:35-0600] Waiting for 2 s...
[2024-11-05T15:13:37-0600] -------------------------------
[2024-11-05T15:13:37-0600] Starting 5G booster for 5 s...
[2024-11-05T15:13:37-0600] 5G booster started at 2024-11-05 15:13:37.364 CST
[2024-11-05T15:13:43-0600] Current time exceeds end time, skipping wait
[2024-11-05T15:13:43-0600] Saved TCP DL results to /data/data/com.termux/files/home/storage/shared/bos_la_2024_trip/att/20241105/150922654/tcp_downlink_151337392.out
[2024-11-05T15:13:43-0600] DL AVG TPUT: 
[2024-11-05T15:13:43-0600] 5G booster finished at 2024-11-05 15:13:43.505 CST, duration: 6.141 s
[2024-11-05T15:13:43-0600] -------------------------------
[2024-11-05T15:13:43-0600] Waiting for 2 s...
[2024-11-05T15:13:45-0600] -------------------------------
[2024-11-05T15:13:45-0600] ICMP Ping test started at 2024-11-05 15:13:45.629 CST
[2024-11-05T15:14:15-0600] Waiting for .831 s to reach end time
[2024-11-05T15:14:16-0600] Saved ping test to /data/data/com.termux/files/home/storage/shared/bos_la_2024_trip/att/20241105/150922654/icmp_ping_151345690.out
[2024-11-05T15:14:16-0600] Ping summary (min/avg/max/mdev) = 70.122/112.268/402.478/34.654 ms
[2024-11-05T15:14:16-0600] Ping test finished at 2024-11-05 15:14:16.712 CST, duration: 31.083 s
[2024-11-05T15:14:16-0600] -------------------------------
[2024-11-05T15:14:16-0600] Waiting for 2 s...
[2024-11-05T15:14:18-0600] -------------------------------
[2024-11-05T15:14:18-0600] Starting 5G booster for 5 s...
[2024-11-05T15:14:18-0600] 5G booster started at 2024-11-05 15:14:18.824 CST
[2024-11-05T15:14:24-0600] Current time exceeds end time, skipping wait
[2024-11-05T15:14:24-0600] Saved TCP DL results to /data/data/com.termux/files/home/storage/shared/bos_la_2024_trip/att/20241105/150922654/tcp_downlink_151418854.out
[2024-11-05T15:14:24-0600] DL AVG TPUT: 
[2024-11-05T15:14:24-0600] 5G booster finished at 2024-11-05 15:14:24.927 CST, duration: 6.103 s
[2024-11-05T15:14:24-0600] -------------------------------
[2024-11-05T15:14:24-0600] Waiting for 2 s...
[2024-11-05T15:14:26-0600] -------------------------------
[2024-11-05T15:14:27-0600] TCP Ping test started at 2024-11-05 15:14:27.023 CST
[2024-11-05T15:14:58-0600] Current time exceeds end time, skipping wait
[2024-11-05T15:14:58-0600] Saved TCP Ping test to /data/data/com.termux/files/home/storage/shared/bos_la_2024_trip/att/20241105/150922654/tcp_ping_151427072.out
[2024-11-05T15:14:58-0600] TCP Ping summary (min/avg/max/mdev) 
[2024-11-05T15:14:58-0600] TCP Ping test finished at 2024-11-05 15:14:58.142 CST, duration: 31.119 s
[2024-11-05T15:14:58-0600] -------------------------------
[2024-11-05T15:14:58-0600] Waiting for 2 s...
[2024-11-05T15:15:00-0600] -------------------------------
[2024-11-05T15:15:00-0600] Traceroute test started at 2024-11-05 15:15:00.238 CST
[2024-11-05T15:15:11-0600] Waiting for 18.915 s to reach end time
[2024-11-05T15:15:30-0600] Saved traceroute test to /data/data/com.termux/files/home/storage/shared/bos_la_2024_trip/att/20241105/150922654/traceroute_151500287.out
[2024-11-05T15:15:30-0600] Traceroute summary (min/avg/max/mdev) 
[2024-11-05T15:15:30-0600] Traceroute test finished at 2024-11-05 15:15:30.307 CST, duration: 30.069 s
[2024-11-05T15:15:30-0600] -------------------------------
[2024-11-05T15:15:30-0600] All tests completed, cleaning up...
[2024-11-05T15:15:30-0600] -------------------------------
[2024-11-05T15:16:04-0600] [measurement] Load environment variables from prod.env file
[2024-11-05T15:16:04-0600] Starting a network measurement, please choose a server
[2024-11-05T15:16:04-0600] 0) West Cloud: 54.176.53.206
[2024-11-05T15:16:04-0600] 1) East Cloud: 54.197.223.49
[2024-11-05T15:16:45-0600] Enter your choice (0-1): Testing att, server 1 (ip: 54.197.223.49, nuttcp_port: 5102, iperf_port: 5002)
[2024-11-05T15:16:45-0600] -------------------------------
[2024-11-05T15:16:45-0600] tcp downlink test started at 2024-11-05 15:16:45.955 CST
[2024-11-05T15:16:45-0600] Testing tcp downlink with 54.197.223.49:5102, interval 0.5 s, duration 120 s, timeout 121 s...
[2024-11-05T15:18:47-0600] Current time exceeds end time, skipping wait
[2024-11-05T15:18:47-0600] Saved tcp downlink test to /data/data/com.termux/files/home/storage/shared/bos_la_2024_trip/att/20241105/151645935/tcp_downlink_151645979.out
[2024-11-05T15:18:47-0600] DL AVG TPUT: 
[2024-11-05T15:18:47-0600] tcp downlink test finished at 2024-11-05 15:18:47.040 CST, duration: 121.085 s
[2024-11-05T15:18:47-0600] -------------------------------
[2024-11-05T15:18:47-0600] Waiting for 2 s...
[2024-11-05T15:18:49-0600] -------------------------------
[2024-11-05T15:18:49-0600] Starting 5G booster for 5 s...
[2024-11-05T15:18:49-0600] 5G booster started at 2024-11-05 15:18:49.142 CST
[2024-11-05T15:18:55-0600] Current time exceeds end time, skipping wait
[2024-11-05T15:18:55-0600] Saved TCP DL results to /data/data/com.termux/files/home/storage/shared/bos_la_2024_trip/att/20241105/151645935/tcp_downlink_151849189.out
[2024-11-05T15:18:55-0600] DL AVG TPUT: 
[2024-11-05T15:18:55-0600] 5G booster finished at 2024-11-05 15:18:55.275 CST, duration: 6.133 s
[2024-11-05T15:18:55-0600] -------------------------------
[2024-11-05T15:18:55-0600] Waiting for 2 s...
[2024-11-05T15:18:57-0600] -------------------------------
[2024-11-05T15:18:57-0600] tcp uplink test started at 2024-11-05 15:18:57.400 CST
[2024-11-05T15:18:57-0600] testing tcp uplink with 54.197.223.49:5102, interval 0.5, duration 120, timeout 121 ...
[2024-11-05T15:20:58-0600] Current time exceeds end time, skipping wait
[2024-11-05T15:20:58-0600] Saved uplink test to /data/data/com.termux/files/home/storage/shared/bos_la_2024_trip/att/20241105/151645935/tcp_uplink_151857449.out
[2024-11-05T15:20:58-0600] UL AVG TPUT: 
[2024-11-05T15:20:58-0600] tcp uplink test finished at 2024-11-05 15:20:58.537 CST, duration: 121.137 s
[2024-11-05T15:20:58-0600] -------------------------------
[2024-11-05T15:20:58-0600] Waiting for 2 s...
[2024-11-05T15:21:00-0600] -------------------------------
[2024-11-05T15:21:00-0600] Starting 5G booster for 5 s...
[2024-11-05T15:21:00-0600] 5G booster started at 2024-11-05 15:21:00.663 CST
[2024-11-05T15:21:06-0600] Current time exceeds end time, skipping wait
[2024-11-05T15:21:06-0600] Saved TCP DL results to /data/data/com.termux/files/home/storage/shared/bos_la_2024_trip/att/20241105/151645935/tcp_downlink_152100712.out
[2024-11-05T15:21:06-0600] DL AVG TPUT: 
[2024-11-05T15:21:06-0600] 5G booster finished at 2024-11-05 15:21:06.808 CST, duration: 6.145 s
[2024-11-05T15:21:06-0600] -------------------------------
[2024-11-05T15:21:06-0600] Waiting for 2 s...
[2024-11-05T15:21:08-0600] -------------------------------
[2024-11-05T15:21:08-0600] ICMP Ping test started at 2024-11-05 15:21:08.910 CST
[2024-11-05T15:21:39-0600] Waiting for .869 s to reach end time
[2024-11-05T15:21:39-0600] Saved ping test to /data/data/com.termux/files/home/storage/shared/bos_la_2024_trip/att/20241105/151645935/icmp_ping_152108938.out
[2024-11-05T15:21:40-0600] Ping summary (min/avg/max/mdev) = 75.984/116.628/213.748/26.775 ms
[2024-11-05T15:21:40-0600] Ping test finished at 2024-11-05 15:21:39.980 CST, duration: 31.070 s
[2024-11-05T15:21:40-0600] -------------------------------
[2024-11-05T15:21:40-0600] Waiting for 2 s...
[2024-11-05T15:21:42-0600] -------------------------------
[2024-11-05T15:21:42-0600] Starting 5G booster for 5 s...
[2024-11-05T15:21:42-0600] 5G booster started at 2024-11-05 15:21:42.095 CST
[2024-11-05T15:21:48-0600] Current time exceeds end time, skipping wait
[2024-11-05T15:21:48-0600] Saved TCP DL results to /data/data/com.termux/files/home/storage/shared/bos_la_2024_trip/att/20241105/151645935/tcp_downlink_152142119.out
[2024-11-05T15:21:48-0600] DL AVG TPUT: 
[2024-11-05T15:21:48-0600] 5G booster finished at 2024-11-05 15:21:48.213 CST, duration: 6.118 s
[2024-11-05T15:21:48-0600] -------------------------------
[2024-11-05T15:21:48-0600] Waiting for 2 s...
[2024-11-05T15:21:50-0600] -------------------------------
[2024-11-05T15:21:50-0600] TCP Ping test started at 2024-11-05 15:21:50.317 CST
[2024-11-05T15:22:21-0600] Current time exceeds end time, skipping wait
[2024-11-05T15:22:21-0600] Saved TCP Ping test to /data/data/com.termux/files/home/storage/shared/bos_la_2024_trip/att/20241105/151645935/tcp_ping_152150343.out
[2024-11-05T15:22:21-0600] TCP Ping summary (min/avg/max/mdev) 
[2024-11-05T15:22:21-0600] TCP Ping test finished at 2024-11-05 15:22:21.448 CST, duration: 31.131 s
[2024-11-05T15:22:21-0600] -------------------------------
[2024-11-05T15:22:21-0600] Waiting for 2 s...
[2024-11-05T15:22:23-0600] -------------------------------
[2024-11-05T15:22:23-0600] Traceroute test started at 2024-11-05 15:22:23.526 CST
[2024-11-05T15:22:35-0600] Waiting for 18.318 s to reach end time
[2024-11-05T15:22:53-0600] Saved traceroute test to /data/data/com.termux/files/home/storage/shared/bos_la_2024_trip/att/20241105/151645935/traceroute_152223549.out
[2024-11-05T15:22:53-0600] Traceroute summary (min/avg/max/mdev) 
[2024-11-05T15:22:53-0600] Traceroute test finished at 2024-11-05 15:22:53.631 CST, duration: 30.105 s
[2024-11-05T15:22:53-0600] -------------------------------
[2024-11-05T15:22:53-0600] All tests completed, cleaning up...
[2024-11-05T15:22:53-0600] -------------------------------
[2024-11-05T15:23:12-0600] [measurement] Load environment variables from prod.env file
[2024-11-05T15:23:12-0600] Starting a network measurement, please choose a server
[2024-11-05T15:23:12-0600] 0) West Cloud: 54.176.53.206
[2024-11-05T15:23:12-0600] 1) East Cloud: 54.197.223.49
[2024-11-05T15:23:51-0600] Enter your choice (0-1): Testing att, server 1 (ip: 54.197.223.49, nuttcp_port: 5102, iperf_port: 5002)
[2024-11-05T15:23:51-0600] -------------------------------
[2024-11-05T15:23:51-0600] tcp downlink test started at 2024-11-05 15:23:51.374 CST
[2024-11-05T15:23:51-0600] Testing tcp downlink with 54.197.223.49:5102, interval 0.5 s, duration 120 s, timeout 121 s...
[2024-11-05T15:25:52-0600] Current time exceeds end time, skipping wait
[2024-11-05T15:25:52-0600] Saved tcp downlink test to /data/data/com.termux/files/home/storage/shared/bos_la_2024_trip/att/20241105/152351350/tcp_downlink_152351405.out
[2024-11-05T15:25:52-0600] DL AVG TPUT: 
[2024-11-05T15:25:52-0600] tcp downlink test finished at 2024-11-05 15:25:52.538 CST, duration: 121.164 s
[2024-11-05T15:25:52-0600] -------------------------------
[2024-11-05T15:25:52-0600] Waiting for 2 s...
[2024-11-05T15:25:54-0600] -------------------------------
[2024-11-05T15:25:54-0600] Starting 5G booster for 5 s...
[2024-11-05T15:25:54-0600] 5G booster started at 2024-11-05 15:25:54.668 CST
[2024-11-05T15:26:00-0600] Current time exceeds end time, skipping wait
[2024-11-05T15:26:00-0600] Saved TCP DL results to /data/data/com.termux/files/home/storage/shared/bos_la_2024_trip/att/20241105/152351350/tcp_downlink_152554697.out
[2024-11-05T15:26:00-0600] DL AVG TPUT: 
[2024-11-05T15:26:00-0600] 5G booster finished at 2024-11-05 15:26:00.796 CST, duration: 6.128 s
[2024-11-05T15:26:00-0600] -------------------------------
[2024-11-05T15:26:00-0600] Waiting for 2 s...
[2024-11-05T15:26:02-0600] -------------------------------
[2024-11-05T15:26:02-0600] tcp uplink test started at 2024-11-05 15:26:02.904 CST
[2024-11-05T15:26:02-0600] testing tcp uplink with 54.197.223.49:5102, interval 0.5, duration 120, timeout 121 ...
[2024-11-05T15:28:03-0600] Waiting for .032 s to reach end time
[2024-11-05T15:28:03-0600] Saved uplink test to /data/data/com.termux/files/home/storage/shared/bos_la_2024_trip/att/20241105/152351350/tcp_uplink_152602930.out
[2024-11-05T15:28:04-0600] UL AVG TPUT: 21.1799 Mbps
[2024-11-05T15:28:04-0600] tcp uplink test finished at 2024-11-05 15:28:03.966 CST, duration: 121.062 s
[2024-11-05T15:28:04-0600] -------------------------------
[2024-11-05T15:28:04-0600] Waiting for 2 s...
[2024-11-05T15:28:06-0600] -------------------------------
[2024-11-05T15:28:06-0600] Starting 5G booster for 5 s...
[2024-11-05T15:28:06-0600] 5G booster started at 2024-11-05 15:28:06.078 CST
[2024-11-05T15:28:12-0600] Current time exceeds end time, skipping wait
[2024-11-05T15:28:12-0600] Saved TCP DL results to /data/data/com.termux/files/home/storage/shared/bos_la_2024_trip/att/20241105/152351350/tcp_downlink_152806102.out
[2024-11-05T15:28:12-0600] DL AVG TPUT: 
[2024-11-05T15:28:12-0600] 5G booster finished at 2024-11-05 15:28:12.181 CST, duration: 6.103 s
[2024-11-05T15:28:12-0600] -------------------------------
[2024-11-05T15:28:12-0600] Waiting for 2 s...
[2024-11-05T15:28:14-0600] -------------------------------
[2024-11-05T15:28:14-0600] ICMP Ping test started at 2024-11-05 15:28:14.296 CST
[2024-11-05T15:28:44-0600] Waiting for .868 s to reach end time
[2024-11-05T15:28:45-0600] Saved ping test to /data/data/com.termux/files/home/storage/shared/bos_la_2024_trip/att/20241105/152351350/icmp_ping_152814340.out
[2024-11-05T15:28:45-0600] Ping summary (min/avg/max/mdev) = 85.673/122.184/233.173/25.825 ms
[2024-11-05T15:28:45-0600] Ping test finished at 2024-11-05 15:28:45.367 CST, duration: 31.071 s
[2024-11-05T15:28:45-0600] -------------------------------
[2024-11-05T15:28:45-0600] Waiting for 2 s...
[2024-11-05T15:28:47-0600] -------------------------------
[2024-11-05T15:28:47-0600] Starting 5G booster for 5 s...
[2024-11-05T15:28:47-0600] 5G booster started at 2024-11-05 15:28:47.470 CST
[2024-11-05T15:28:53-0600] Current time exceeds end time, skipping wait
[2024-11-05T15:28:53-0600] Saved TCP DL results to /data/data/com.termux/files/home/storage/shared/bos_la_2024_trip/att/20241105/152351350/tcp_downlink_152847497.out
[2024-11-05T15:28:53-0600] DL AVG TPUT: 
[2024-11-05T15:28:53-0600] 5G booster finished at 2024-11-05 15:28:53.605 CST, duration: 6.135 s
[2024-11-05T15:28:53-0600] -------------------------------
[2024-11-05T15:28:53-0600] Waiting for 2 s...
[2024-11-05T15:28:55-0600] -------------------------------
[2024-11-05T15:28:55-0600] TCP Ping test started at 2024-11-05 15:28:55.729 CST
[2024-11-05T15:29:26-0600] Current time exceeds end time, skipping wait
[2024-11-05T15:29:26-0600] Saved TCP Ping test to /data/data/com.termux/files/home/storage/shared/bos_la_2024_trip/att/20241105/152351350/tcp_ping_152855764.out
[2024-11-05T15:29:26-0600] TCP Ping summary (min/avg/max/mdev) 
[2024-11-05T15:29:26-0600] TCP Ping test finished at 2024-11-05 15:29:26.889 CST, duration: 31.160 s
[2024-11-05T15:29:26-0600] -------------------------------
[2024-11-05T15:29:26-0600] Waiting for 2 s...
[2024-11-05T15:29:28-0600] -------------------------------
[2024-11-05T15:29:29-0600] Traceroute test started at 2024-11-05 15:29:28.975 CST
[2024-11-05T15:29:40-0600] Waiting for 18.464 s to reach end time
[2024-11-05T15:29:59-0600] Saved traceroute test to /data/data/com.termux/files/home/storage/shared/bos_la_2024_trip/att/20241105/152351350/traceroute_152929015.out
[2024-11-05T15:29:59-0600] Traceroute summary (min/avg/max/mdev) 
[2024-11-05T15:29:59-0600] Traceroute test finished at 2024-11-05 15:29:59.056 CST, duration: 30.081 s
[2024-11-05T15:29:59-0600] -------------------------------
[2024-11-05T15:29:59-0600] All tests completed, cleaning up...
[2024-11-05T15:29:59-0600] -------------------------------
[2024-11-05T15:30:28-0600] [measurement] Load environment variables from prod.env file
[2024-11-05T15:30:28-0600] Starting a network measurement, please choose a server
[2024-11-05T15:30:28-0600] 0) West Cloud: 54.176.53.206
[2024-11-05T15:30:28-0600] 1) East Cloud: 54.197.223.49
[2024-11-05T15:30:44-0600] Enter your choice (0-1): Testing att, server 1 (ip: 54.197.223.49, nuttcp_port: 5102, iperf_port: 5002)
[2024-11-05T15:30:45-0600] -------------------------------
[2024-11-05T15:30:45-0600] tcp downlink test started at 2024-11-05 15:30:45.014 CST
[2024-11-05T15:30:45-0600] Testing tcp downlink with 54.197.223.49:5102, interval 0.5 s, duration 120 s, timeout 121 s...
[2024-11-05T15:32:46-0600] Current time exceeds end time, skipping wait
[2024-11-05T15:32:46-0600] Saved tcp downlink test to /data/data/com.termux/files/home/storage/shared/bos_la_2024_trip/att/20241105/153044991/tcp_downlink_153045038.out
[2024-11-05T15:32:46-0600] DL AVG TPUT: 
[2024-11-05T15:32:46-0600] tcp downlink test finished at 2024-11-05 15:32:46.129 CST, duration: 121.115 s
[2024-11-05T15:32:46-0600] -------------------------------
[2024-11-05T15:32:46-0600] Waiting for 2 s...
[2024-11-05T15:32:48-0600] -------------------------------
[2024-11-05T15:32:48-0600] Starting 5G booster for 5 s...
[2024-11-05T15:32:48-0600] 5G booster started at 2024-11-05 15:32:48.278 CST
[2024-11-05T15:32:54-0600] Current time exceeds end time, skipping wait
[2024-11-05T15:32:54-0600] Saved TCP DL results to /data/data/com.termux/files/home/storage/shared/bos_la_2024_trip/att/20241105/153044991/tcp_downlink_153248307.out
[2024-11-05T15:32:54-0600] DL AVG TPUT: 
[2024-11-05T15:32:54-0600] 5G booster finished at 2024-11-05 15:32:54.413 CST, duration: 6.135 s
[2024-11-05T15:32:54-0600] -------------------------------
[2024-11-05T15:32:54-0600] Waiting for 2 s...
[2024-11-05T15:32:56-0600] -------------------------------
[2024-11-05T15:32:56-0600] tcp uplink test started at 2024-11-05 15:32:56.519 CST
[2024-11-05T15:32:56-0600] testing tcp uplink with 54.197.223.49:5102, interval 0.5, duration 120, timeout 121 ...
[2024-11-05T15:34:57-0600] Current time exceeds end time, skipping wait
[2024-11-05T15:34:57-0600] Saved uplink test to /data/data/com.termux/files/home/storage/shared/bos_la_2024_trip/att/20241105/153044991/tcp_uplink_153256549.out
[2024-11-05T15:34:57-0600] UL AVG TPUT: 
[2024-11-05T15:34:57-0600] tcp uplink test finished at 2024-11-05 15:34:57.628 CST, duration: 121.109 s
[2024-11-05T15:34:57-0600] -------------------------------
[2024-11-05T15:34:57-0600] Waiting for 2 s...
[2024-11-05T15:34:59-0600] -------------------------------
[2024-11-05T15:34:59-0600] Starting 5G booster for 5 s...
[2024-11-05T15:34:59-0600] 5G booster started at 2024-11-05 15:34:59.759 CST
[2024-11-05T15:35:05-0600] Current time exceeds end time, skipping wait
[2024-11-05T15:35:05-0600] Saved TCP DL results to /data/data/com.termux/files/home/storage/shared/bos_la_2024_trip/att/20241105/153044991/tcp_downlink_153459784.out
[2024-11-05T15:35:05-0600] DL AVG TPUT: 
[2024-11-05T15:35:05-0600] 5G booster finished at 2024-11-05 15:35:05.870 CST, duration: 6.111 s
[2024-11-05T15:35:05-0600] -------------------------------
[2024-11-05T15:35:05-0600] Waiting for 2 s...
[2024-11-05T15:35:07-0600] -------------------------------
[2024-11-05T15:35:08-0600] ICMP Ping test started at 2024-11-05 15:35:07.983 CST
[2024-11-05T15:35:38-0600] Waiting for .833 s to reach end time
[2024-11-05T15:35:39-0600] Saved ping test to /data/data/com.termux/files/home/storage/shared/bos_la_2024_trip/att/20241105/153044991/icmp_ping_153508039.out
[2024-11-05T15:35:39-0600] Ping summary (min/avg/max/mdev) = 78.346/123.239/262.946/32.768 ms
[2024-11-05T15:35:39-0600] Ping test finished at 2024-11-05 15:35:39.064 CST, duration: 31.081 s
[2024-11-05T15:35:39-0600] -------------------------------
[2024-11-05T15:35:39-0600] Waiting for 2 s...
[2024-11-05T15:35:41-0600] -------------------------------
[2024-11-05T15:35:41-0600] Starting 5G booster for 5 s...
[2024-11-05T15:35:41-0600] 5G booster started at 2024-11-05 15:35:41.169 CST
[2024-11-05T15:35:47-0600] Current time exceeds end time, skipping wait
[2024-11-05T15:35:47-0600] Saved TCP DL results to /data/data/com.termux/files/home/storage/shared/bos_la_2024_trip/att/20241105/153044991/tcp_downlink_153541217.out
[2024-11-05T15:35:47-0600] DL AVG TPUT: 
[2024-11-05T15:35:47-0600] 5G booster finished at 2024-11-05 15:35:47.329 CST, duration: 6.160 s
[2024-11-05T15:35:47-0600] -------------------------------
[2024-11-05T15:35:47-0600] Waiting for 2 s...
[2024-11-05T15:35:49-0600] -------------------------------
[2024-11-05T15:35:49-0600] TCP Ping test started at 2024-11-05 15:35:49.461 CST
[2024-11-05T15:36:20-0600] Current time exceeds end time, skipping wait
[2024-11-05T15:36:20-0600] Saved TCP Ping test to /data/data/com.termux/files/home/storage/shared/bos_la_2024_trip/att/20241105/153044991/tcp_ping_153549488.out
[2024-11-05T15:36:20-0600] TCP Ping summary (min/avg/max/mdev) 
[2024-11-05T15:36:20-0600] TCP Ping test finished at 2024-11-05 15:36:20.630 CST, duration: 31.169 s
[2024-11-05T15:36:20-0600] -------------------------------
[2024-11-05T15:36:20-0600] Waiting for 2 s...
[2024-11-05T15:36:22-0600] -------------------------------
[2024-11-05T15:36:22-0600] Traceroute test started at 2024-11-05 15:36:22.739 CST
[2024-11-05T15:36:34-0600] Waiting for 18.408 s to reach end time
[2024-11-05T15:36:52-0600] Saved traceroute test to /data/data/com.termux/files/home/storage/shared/bos_la_2024_trip/att/20241105/153044991/traceroute_153622766.out
[2024-11-05T15:36:52-0600] Traceroute summary (min/avg/max/mdev) 
[2024-11-05T15:36:52-0600] Traceroute test finished at 2024-11-05 15:36:52.843 CST, duration: 30.104 s
[2024-11-05T15:36:52-0600] -------------------------------
[2024-11-05T15:36:52-0600] All tests completed, cleaning up...
[2024-11-05T15:36:52-0600] -------------------------------
[2024-11-05T15:37:15-0600] [measurement] Load environment variables from prod.env file
[2024-11-05T15:37:15-0600] Starting a network measurement, please choose a server
[2024-11-05T15:37:15-0600] 0) West Cloud: 54.176.53.206
[2024-11-05T15:37:15-0600] 1) East Cloud: 54.197.223.49
[2024-11-05T15:37:34-0600] Enter your choice (0-1): Testing att, server 1 (ip: 54.197.223.49, nuttcp_port: 5102, iperf_port: 5002)
[2024-11-05T15:37:34-0600] -------------------------------
[2024-11-05T15:37:34-0600] tcp downlink test started at 2024-11-05 15:37:34.416 CST
[2024-11-05T15:37:34-0600] Testing tcp downlink with 54.197.223.49:5102, interval 0.5 s, duration 120 s, timeout 121 s...
[2024-11-05T15:39:35-0600] Current time exceeds end time, skipping wait
[2024-11-05T15:39:35-0600] Saved tcp downlink test to /data/data/com.termux/files/home/storage/shared/bos_la_2024_trip/att/20241105/153734388/tcp_downlink_153734438.out
[2024-11-05T15:39:35-0600] DL AVG TPUT: 
[2024-11-05T15:39:35-0600] tcp downlink test finished at 2024-11-05 15:39:35.558 CST, duration: 121.142 s
[2024-11-05T15:39:35-0600] -------------------------------
[2024-11-05T15:39:35-0600] Waiting for 2 s...
[2024-11-05T15:39:37-0600] -------------------------------
[2024-11-05T15:39:37-0600] Starting 5G booster for 5 s...
[2024-11-05T15:39:37-0600] 5G booster started at 2024-11-05 15:39:37.724 CST
[2024-11-05T15:39:43-0600] Current time exceeds end time, skipping wait
[2024-11-05T15:39:43-0600] Saved TCP DL results to /data/data/com.termux/files/home/storage/shared/bos_la_2024_trip/att/20241105/153734388/tcp_downlink_153937753.out
[2024-11-05T15:39:43-0600] DL AVG TPUT: 
[2024-11-05T15:39:43-0600] 5G booster finished at 2024-11-05 15:39:43.859 CST, duration: 6.135 s
[2024-11-05T15:39:43-0600] -------------------------------
[2024-11-05T15:39:43-0600] Waiting for 2 s...
[2024-11-05T15:39:45-0600] -------------------------------
[2024-11-05T15:39:45-0600] tcp uplink test started at 2024-11-05 15:39:45.963 CST
[2024-11-05T15:39:45-0600] testing tcp uplink with 54.197.223.49:5102, interval 0.5, duration 120, timeout 121 ...
[2024-11-05T15:41:47-0600] Current time exceeds end time, skipping wait
[2024-11-05T15:41:47-0600] Saved uplink test to /data/data/com.termux/files/home/storage/shared/bos_la_2024_trip/att/20241105/153734388/tcp_uplink_153945990.out
[2024-11-05T15:41:47-0600] UL AVG TPUT: 
[2024-11-05T15:41:47-0600] tcp uplink test finished at 2024-11-05 15:41:47.075 CST, duration: 121.112 s
[2024-11-05T15:41:47-0600] -------------------------------
[2024-11-05T15:41:47-0600] Waiting for 2 s...
[2024-11-05T15:41:49-0600] -------------------------------
[2024-11-05T15:41:49-0600] Starting 5G booster for 5 s...
[2024-11-05T15:41:49-0600] 5G booster started at 2024-11-05 15:41:49.200 CST
[2024-11-05T15:41:55-0600] Current time exceeds end time, skipping wait
[2024-11-05T15:41:55-0600] Saved TCP DL results to /data/data/com.termux/files/home/storage/shared/bos_la_2024_trip/att/20241105/153734388/tcp_downlink_154149231.out
[2024-11-05T15:41:55-0600] DL AVG TPUT: 
[2024-11-05T15:41:55-0600] 5G booster finished at 2024-11-05 15:41:55.334 CST, duration: 6.134 s
[2024-11-05T15:41:55-0600] -------------------------------
[2024-11-05T15:41:55-0600] Waiting for 2 s...
[2024-11-05T15:41:57-0600] -------------------------------
[2024-11-05T15:41:57-0600] ICMP Ping test started at 2024-11-05 15:41:57.454 CST
[2024-11-05T15:42:27-0600] Waiting for .874 s to reach end time
[2024-11-05T15:42:28-0600] Saved ping test to /data/data/com.termux/files/home/storage/shared/bos_la_2024_trip/att/20241105/153734388/icmp_ping_154157480.out
[2024-11-05T15:42:28-0600] Ping summary (min/avg/max/mdev) = 78.587/119.511/164.140/23.523 ms
[2024-11-05T15:42:28-0600] Ping test finished at 2024-11-05 15:42:28.543 CST, duration: 31.089 s
[2024-11-05T15:42:28-0600] -------------------------------
[2024-11-05T15:42:28-0600] Waiting for 2 s...
[2024-11-05T15:42:30-0600] -------------------------------
[2024-11-05T15:42:30-0600] Starting 5G booster for 5 s...
[2024-11-05T15:42:30-0600] 5G booster started at 2024-11-05 15:42:30.647 CST
[2024-11-05T15:42:36-0600] Current time exceeds end time, skipping wait
[2024-11-05T15:42:36-0600] Saved TCP DL results to /data/data/com.termux/files/home/storage/shared/bos_la_2024_trip/att/20241105/153734388/tcp_downlink_154230700.out
[2024-11-05T15:42:36-0600] DL AVG TPUT: 
[2024-11-05T15:42:36-0600] 5G booster finished at 2024-11-05 15:42:36.773 CST, duration: 6.126 s
[2024-11-05T15:42:36-0600] -------------------------------
[2024-11-05T15:42:36-0600] Waiting for 2 s...
[2024-11-05T15:42:38-0600] -------------------------------
[2024-11-05T15:42:38-0600] TCP Ping test started at 2024-11-05 15:42:38.876 CST
[2024-11-05T15:43:09-0600] Current time exceeds end time, skipping wait
[2024-11-05T15:43:10-0600] Saved TCP Ping test to /data/data/com.termux/files/home/storage/shared/bos_la_2024_trip/att/20241105/153734388/tcp_ping_154238915.out
[2024-11-05T15:43:10-0600] TCP Ping summary (min/avg/max/mdev) 
[2024-11-05T15:43:10-0600] TCP Ping test finished at 2024-11-05 15:43:10.002 CST, duration: 31.126 s
[2024-11-05T15:43:10-0600] -------------------------------
[2024-11-05T15:43:10-0600] Waiting for 2 s...
[2024-11-05T15:43:12-0600] -------------------------------
[2024-11-05T15:43:12-0600] Traceroute test started at 2024-11-05 15:43:12.145 CST
[2024-11-05T15:43:24-0600] Waiting for 17.881 s to reach end time
[2024-11-05T15:43:42-0600] Saved traceroute test to /data/data/com.termux/files/home/storage/shared/bos_la_2024_trip/att/20241105/153734388/traceroute_154312179.out
[2024-11-05T15:43:42-0600] Traceroute summary (min/avg/max/mdev) 
[2024-11-05T15:43:42-0600] Traceroute test finished at 2024-11-05 15:43:42.287 CST, duration: 30.142 s
[2024-11-05T15:43:42-0600] -------------------------------
[2024-11-05T15:43:42-0600] All tests completed, cleaning up...
[2024-11-05T15:43:42-0600] -------------------------------
[2024-11-05T15:44:11-0600] [measurement] Load environment variables from prod.env file
[2024-11-05T15:44:11-0600] Starting a network measurement, please choose a server
[2024-11-05T15:44:11-0600] 0) West Cloud: 54.176.53.206
[2024-11-05T15:44:11-0600] 1) East Cloud: 54.197.223.49
[2024-11-05T15:44:21-0600] Enter your choice (0-1): Testing att, server 1 (ip: 54.197.223.49, nuttcp_port: 5102, iperf_port: 5002)
[2024-11-05T15:44:21-0600] -------------------------------
[2024-11-05T15:44:21-0600] tcp downlink test started at 2024-11-05 15:44:21.082 CST
[2024-11-05T15:44:21-0600] Testing tcp downlink with 54.197.223.49:5102, interval 0.5 s, duration 120 s, timeout 121 s...
[2024-11-05T15:46:22-0600] Current time exceeds end time, skipping wait
[2024-11-05T15:46:22-0600] Saved tcp downlink test to /data/data/com.termux/files/home/storage/shared/bos_la_2024_trip/att/20241105/154421062/tcp_downlink_154421112.out
[2024-11-05T15:46:22-0600] DL AVG TPUT: 
[2024-11-05T15:46:22-0600] tcp downlink test finished at 2024-11-05 15:46:22.212 CST, duration: 121.130 s
[2024-11-05T15:46:22-0600] -------------------------------
[2024-11-05T15:46:22-0600] Waiting for 2 s...
[2024-11-05T15:46:24-0600] -------------------------------
[2024-11-05T15:46:24-0600] Starting 5G booster for 5 s...
[2024-11-05T15:46:24-0600] 5G booster started at 2024-11-05 15:46:24.306 CST
[2024-11-05T15:46:30-0600] Current time exceeds end time, skipping wait
[2024-11-05T15:46:30-0600] Saved TCP DL results to /data/data/com.termux/files/home/storage/shared/bos_la_2024_trip/att/20241105/154421062/tcp_downlink_154624330.out
[2024-11-05T15:46:30-0600] DL AVG TPUT: 
[2024-11-05T15:46:30-0600] 5G booster finished at 2024-11-05 15:46:30.417 CST, duration: 6.111 s
[2024-11-05T15:46:30-0600] -------------------------------
[2024-11-05T15:46:30-0600] Waiting for 2 s...
[2024-11-05T15:46:32-0600] -------------------------------
[2024-11-05T15:46:32-0600] tcp uplink test started at 2024-11-05 15:46:32.512 CST
[2024-11-05T15:46:32-0600] testing tcp uplink with 54.197.223.49:5102, interval 0.5, duration 120, timeout 121 ...
[2024-11-05T15:48:33-0600] Current time exceeds end time, skipping wait
[2024-11-05T15:48:33-0600] Saved uplink test to /data/data/com.termux/files/home/storage/shared/bos_la_2024_trip/att/20241105/154421062/tcp_uplink_154632541.out
[2024-11-05T15:48:33-0600] UL AVG TPUT: 
[2024-11-05T15:48:33-0600] tcp uplink test finished at 2024-11-05 15:48:33.644 CST, duration: 121.132 s
[2024-11-05T15:48:33-0600] -------------------------------
[2024-11-05T15:48:33-0600] Waiting for 2 s...
[2024-11-05T15:48:35-0600] -------------------------------
[2024-11-05T15:48:35-0600] Starting 5G booster for 5 s...
[2024-11-05T15:48:35-0600] 5G booster started at 2024-11-05 15:48:35.735 CST
[2024-11-05T15:48:41-0600] Current time exceeds end time, skipping wait
[2024-11-05T15:48:41-0600] Saved TCP DL results to /data/data/com.termux/files/home/storage/shared/bos_la_2024_trip/att/20241105/154421062/tcp_downlink_154835775.out
[2024-11-05T15:48:41-0600] DL AVG TPUT: 
[2024-11-05T15:48:41-0600] 5G booster finished at 2024-11-05 15:48:41.888 CST, duration: 6.153 s
[2024-11-05T15:48:41-0600] -------------------------------
[2024-11-05T15:48:41-0600] Waiting for 2 s...
[2024-11-05T15:48:43-0600] -------------------------------
[2024-11-05T15:48:44-0600] ICMP Ping test started at 2024-11-05 15:48:43.998 CST
[2024-11-05T15:49:14-0600] Waiting for .883 s to reach end time
[2024-11-05T15:49:15-0600] Saved ping test to /data/data/com.termux/files/home/storage/shared/bos_la_2024_trip/att/20241105/154421062/icmp_ping_154844050.out
[2024-11-05T15:49:15-0600] Ping summary (min/avg/max/mdev) = 74.059/88.423/233.498/12.932 ms
[2024-11-05T15:49:15-0600] Ping test finished at 2024-11-05 15:49:15.078 CST, duration: 31.080 s
[2024-11-05T15:49:15-0600] -------------------------------
[2024-11-05T15:49:15-0600] Waiting for 2 s...
[2024-11-05T15:49:17-0600] -------------------------------
[2024-11-05T15:49:17-0600] Starting 5G booster for 5 s...
[2024-11-05T15:49:17-0600] 5G booster started at 2024-11-05 15:49:17.191 CST
[2024-11-05T15:49:23-0600] Current time exceeds end time, skipping wait
[2024-11-05T15:49:23-0600] Saved TCP DL results to /data/data/com.termux/files/home/storage/shared/bos_la_2024_trip/att/20241105/154421062/tcp_downlink_154917221.out
[2024-11-05T15:49:23-0600] DL AVG TPUT: 
[2024-11-05T15:49:23-0600] 5G booster finished at 2024-11-05 15:49:23.310 CST, duration: 6.119 s
[2024-11-05T15:49:23-0600] -------------------------------
[2024-11-05T15:49:23-0600] Waiting for 2 s...
[2024-11-05T15:49:25-0600] -------------------------------
[2024-11-05T15:49:25-0600] TCP Ping test started at 2024-11-05 15:49:25.414 CST
[2024-11-05T15:49:56-0600] Current time exceeds end time, skipping wait
[2024-11-05T15:49:56-0600] Saved TCP Ping test to /data/data/com.termux/files/home/storage/shared/bos_la_2024_trip/att/20241105/154421062/tcp_ping_154925445.out
[2024-11-05T15:49:56-0600] TCP Ping summary (min/avg/max/mdev) 
[2024-11-05T15:49:56-0600] TCP Ping test finished at 2024-11-05 15:49:56.556 CST, duration: 31.142 s
[2024-11-05T15:49:56-0600] -------------------------------
[2024-11-05T15:49:56-0600] Waiting for 2 s...
[2024-11-05T15:49:58-0600] -------------------------------
[2024-11-05T15:49:58-0600] Traceroute test started at 2024-11-05 15:49:58.680 CST
[2024-11-05T15:50:09-0600] Waiting for 18.754 s to reach end time
[2024-11-05T15:50:28-0600] Saved traceroute test to /data/data/com.termux/files/home/storage/shared/bos_la_2024_trip/att/20241105/154421062/traceroute_154958714.out
[2024-11-05T15:50:28-0600] Traceroute summary (min/avg/max/mdev) 
[2024-11-05T15:50:28-0600] Traceroute test finished at 2024-11-05 15:50:28.749 CST, duration: 30.069 s
[2024-11-05T15:50:28-0600] -------------------------------
[2024-11-05T15:50:28-0600] All tests completed, cleaning up...
[2024-11-05T15:50:28-0600] -------------------------------
[2024-11-05T15:51:08-0600] [measurement] Load environment variables from prod.env file
[2024-11-05T15:51:08-0600] Starting a network measurement, please choose a server
[2024-11-05T15:51:08-0600] 0) West Cloud: 54.176.53.206
[2024-11-05T15:51:08-0600] 1) East Cloud: 54.197.223.49
[2024-11-05T15:51:13-0600] Enter your choice (0-1): Testing att, server 1 (ip: 54.197.223.49, nuttcp_port: 5102, iperf_port: 5002)
[2024-11-05T15:51:13-0600] -------------------------------
[2024-11-05T15:51:13-0600] tcp downlink test started at 2024-11-05 15:51:13.186 CST
[2024-11-05T15:51:13-0600] Testing tcp downlink with 54.197.223.49:5102, interval 0.5 s, duration 120 s, timeout 121 s...
[2024-11-05T15:53:14-0600] Current time exceeds end time, skipping wait
[2024-11-05T15:53:14-0600] Saved tcp downlink test to /data/data/com.termux/files/home/storage/shared/bos_la_2024_trip/att/20241105/155113169/tcp_downlink_155113207.out
[2024-11-05T15:53:14-0600] DL AVG TPUT: 
[2024-11-05T15:53:14-0600] tcp downlink test finished at 2024-11-05 15:53:14.334 CST, duration: 121.148 s
[2024-11-05T15:53:14-0600] -------------------------------
[2024-11-05T15:53:14-0600] Waiting for 2 s...
[2024-11-05T15:53:16-0600] -------------------------------
[2024-11-05T15:53:16-0600] Starting 5G booster for 5 s...
[2024-11-05T15:53:16-0600] 5G booster started at 2024-11-05 15:53:16.479 CST
[2024-11-05T15:53:22-0600] Current time exceeds end time, skipping wait
[2024-11-05T15:53:22-0600] Saved TCP DL results to /data/data/com.termux/files/home/storage/shared/bos_la_2024_trip/att/20241105/155113169/tcp_downlink_155316528.out
[2024-11-05T15:53:22-0600] DL AVG TPUT: 
[2024-11-05T15:53:22-0600] 5G booster finished at 2024-11-05 15:53:22.604 CST, duration: 6.125 s
[2024-11-05T15:53:22-0600] -------------------------------
[2024-11-05T15:53:22-0600] Waiting for 2 s...
[2024-11-05T15:53:24-0600] -------------------------------
[2024-11-05T15:53:24-0600] tcp uplink test started at 2024-11-05 15:53:24.721 CST
[2024-11-05T15:53:24-0600] testing tcp uplink with 54.197.223.49:5102, interval 0.5, duration 120, timeout 121 ...
[2024-11-05T15:55:25-0600] Current time exceeds end time, skipping wait
[2024-11-05T15:55:25-0600] Saved uplink test to /data/data/com.termux/files/home/storage/shared/bos_la_2024_trip/att/20241105/155113169/tcp_uplink_155324742.out
[2024-11-05T15:55:25-0600] UL AVG TPUT: 
[2024-11-05T15:55:25-0600] tcp uplink test finished at 2024-11-05 15:55:25.824 CST, duration: 121.103 s
[2024-11-05T15:55:25-0600] -------------------------------
[2024-11-05T15:55:25-0600] Waiting for 2 s...
[2024-11-05T15:55:27-0600] -------------------------------
[2024-11-05T15:55:27-0600] Starting 5G booster for 5 s...
[2024-11-05T15:55:27-0600] 5G booster started at 2024-11-05 15:55:27.901 CST
[2024-11-05T15:55:33-0600] Current time exceeds end time, skipping wait
[2024-11-05T15:55:33-0600] Saved TCP DL results to /data/data/com.termux/files/home/storage/shared/bos_la_2024_trip/att/20241105/155113169/tcp_downlink_155527930.out
[2024-11-05T15:55:34-0600] DL AVG TPUT: 
[2024-11-05T15:55:34-0600] 5G booster finished at 2024-11-05 15:55:33.983 CST, duration: 6.082 s
[2024-11-05T15:55:34-0600] -------------------------------
[2024-11-05T15:55:34-0600] Waiting for 2 s...
[2024-11-05T15:55:36-0600] -------------------------------
[2024-11-05T15:55:36-0600] ICMP Ping test started at 2024-11-05 15:55:36.079 CST
[2024-11-05T15:56:06-0600] Waiting for .868 s to reach end time
[2024-11-05T15:56:07-0600] Saved ping test to /data/data/com.termux/files/home/storage/shared/bos_la_2024_trip/att/20241105/155113169/icmp_ping_155536129.out
[2024-11-05T15:56:07-0600] Ping summary (min/avg/max/mdev) = 63.255/75.950/201.203/12.040 ms
[2024-11-05T15:56:07-0600] Ping test finished at 2024-11-05 15:56:07.171 CST, duration: 31.092 s
[2024-11-05T15:56:07-0600] -------------------------------
[2024-11-05T15:56:07-0600] Waiting for 2 s...
[2024-11-05T15:56:09-0600] -------------------------------
[2024-11-05T15:56:09-0600] Starting 5G booster for 5 s...
[2024-11-05T15:56:09-0600] 5G booster started at 2024-11-05 15:56:09.296 CST
[2024-11-05T15:56:15-0600] Current time exceeds end time, skipping wait
[2024-11-05T15:56:15-0600] Saved TCP DL results to /data/data/com.termux/files/home/storage/shared/bos_la_2024_trip/att/20241105/155113169/tcp_downlink_155609373.out
[2024-11-05T15:56:15-0600] DL AVG TPUT: 
[2024-11-05T15:56:15-0600] 5G booster finished at 2024-11-05 15:56:15.448 CST, duration: 6.152 s
[2024-11-05T15:56:15-0600] -------------------------------
[2024-11-05T15:56:15-0600] Waiting for 2 s...
[2024-11-05T15:56:17-0600] -------------------------------
[2024-11-05T15:56:17-0600] TCP Ping test started at 2024-11-05 15:56:17.544 CST
[2024-11-05T15:56:48-0600] Current time exceeds end time, skipping wait
[2024-11-05T15:56:48-0600] Saved TCP Ping test to /data/data/com.termux/files/home/storage/shared/bos_la_2024_trip/att/20241105/155113169/tcp_ping_155617575.out
[2024-11-05T15:56:48-0600] TCP Ping summary (min/avg/max/mdev) 
[2024-11-05T15:56:48-0600] TCP Ping test finished at 2024-11-05 15:56:48.713 CST, duration: 31.169 s
[2024-11-05T15:56:48-0600] -------------------------------
[2024-11-05T15:56:48-0600] Waiting for 2 s...
[2024-11-05T15:56:50-0600] -------------------------------
[2024-11-05T15:56:50-0600] Traceroute test started at 2024-11-05 15:56:50.828 CST
[2024-11-05T15:57:02-0600] Waiting for 18.844 s to reach end time
[2024-11-05T15:57:20-0600] Saved traceroute test to /data/data/com.termux/files/home/storage/shared/bos_la_2024_trip/att/20241105/155113169/traceroute_155650880.out
[2024-11-05T15:57:20-0600] Traceroute summary (min/avg/max/mdev) 
[2024-11-05T15:57:20-0600] Traceroute test finished at 2024-11-05 15:57:20.920 CST, duration: 30.092 s
[2024-11-05T15:57:20-0600] -------------------------------
[2024-11-05T15:57:20-0600] All tests completed, cleaning up...
[2024-11-05T15:57:20-0600] -------------------------------
[2024-11-05T16:13:44-0600] [measurement] Load environment variables from prod.env file
[2024-11-05T16:13:44-0600] Starting a network measurement, please choose a server
[2024-11-05T16:13:44-0600] 0) West Cloud: 54.176.53.206
[2024-11-05T16:13:44-0600] 1) East Cloud: 54.197.223.49
[2024-11-05T16:14:07-0600] Enter your choice (0-1): Testing att, server 1 (ip: 54.197.223.49, nuttcp_port: 5102, iperf_port: 5002)
[2024-11-05T16:14:07-0600] -------------------------------
[2024-11-05T16:14:07-0600] tcp downlink test started at 2024-11-05 16:14:07.949 CST
[2024-11-05T16:14:07-0600] Testing tcp downlink with 54.197.223.49:5102, interval 0.5 s, duration 120 s, timeout 121 s...
[2024-11-05T16:16:09-0600] Current time exceeds end time, skipping wait
[2024-11-05T16:16:09-0600] Saved tcp downlink test to /data/data/com.termux/files/home/storage/shared/bos_la_2024_trip/att/20241105/161407925/tcp_downlink_161407971.out
[2024-11-05T16:16:09-0600] DL AVG TPUT: 
[2024-11-05T16:16:09-0600] tcp downlink test finished at 2024-11-05 16:16:09.087 CST, duration: 121.138 s
[2024-11-05T16:16:09-0600] -------------------------------
[2024-11-05T16:16:09-0600] Waiting for 2 s...
[2024-11-05T16:16:11-0600] -------------------------------
[2024-11-05T16:16:11-0600] Starting 5G booster for 5 s...
[2024-11-05T16:16:11-0600] 5G booster started at 2024-11-05 16:16:11.238 CST
[2024-11-05T16:16:17-0600] Current time exceeds end time, skipping wait
[2024-11-05T16:16:17-0600] Saved TCP DL results to /data/data/com.termux/files/home/storage/shared/bos_la_2024_trip/att/20241105/161407925/tcp_downlink_161611266.out
[2024-11-05T16:16:17-0600] DL AVG TPUT: 
[2024-11-05T16:16:17-0600] 5G booster finished at 2024-11-05 16:16:17.375 CST, duration: 6.137 s
[2024-11-05T16:16:17-0600] -------------------------------
[2024-11-05T16:16:17-0600] Waiting for 2 s...
[2024-11-05T16:16:19-0600] -------------------------------
[2024-11-05T16:16:19-0600] tcp uplink test started at 2024-11-05 16:16:19.486 CST
[2024-11-05T16:16:19-0600] testing tcp uplink with 54.197.223.49:5102, interval 0.5, duration 120, timeout 121 ...
[2024-11-05T16:18:20-0600] Current time exceeds end time, skipping wait
[2024-11-05T16:18:20-0600] Saved uplink test to /data/data/com.termux/files/home/storage/shared/bos_la_2024_trip/att/20241105/161407925/tcp_uplink_161619542.out
[2024-11-05T16:18:20-0600] UL AVG TPUT: 
[2024-11-05T16:18:20-0600] tcp uplink test finished at 2024-11-05 16:18:20.657 CST, duration: 121.171 s
[2024-11-05T16:18:20-0600] -------------------------------
[2024-11-05T16:18:20-0600] Waiting for 2 s...
[2024-11-05T16:18:22-0600] -------------------------------
[2024-11-05T16:18:22-0600] Starting 5G booster for 5 s...
[2024-11-05T16:18:22-0600] 5G booster started at 2024-11-05 16:18:22.803 CST
[2024-11-05T16:18:28-0600] Current time exceeds end time, skipping wait
[2024-11-05T16:18:28-0600] Saved TCP DL results to /data/data/com.termux/files/home/storage/shared/bos_la_2024_trip/att/20241105/161407925/tcp_downlink_161822831.out
[2024-11-05T16:18:29-0600] DL AVG TPUT: 
[2024-11-05T16:18:29-0600] 5G booster finished at 2024-11-05 16:18:28.958 CST, duration: 6.155 s
[2024-11-05T16:18:29-0600] -------------------------------
[2024-11-05T16:18:29-0600] Waiting for 2 s...
[2024-11-05T16:18:31-0600] -------------------------------
[2024-11-05T16:18:31-0600] ICMP Ping test started at 2024-11-05 16:18:31.112 CST
[2024-11-05T16:19:01-0600] Waiting for .892 s to reach end time
[2024-11-05T16:19:02-0600] Saved ping test to /data/data/com.termux/files/home/storage/shared/bos_la_2024_trip/att/20241105/161407925/icmp_ping_161831143.out
[2024-11-05T16:19:02-0600] Ping summary (min/avg/max/mdev) = 61.457/77.512/271.161/17.312 ms
[2024-11-05T16:19:02-0600] Ping test finished at 2024-11-05 16:19:02.189 CST, duration: 31.077 s
[2024-11-05T16:19:02-0600] -------------------------------
[2024-11-05T16:19:02-0600] Waiting for 2 s...
[2024-11-05T16:19:04-0600] -------------------------------
[2024-11-05T16:19:04-0600] Starting 5G booster for 5 s...
[2024-11-05T16:19:04-0600] 5G booster started at 2024-11-05 16:19:04.311 CST
[2024-11-05T16:19:10-0600] Current time exceeds end time, skipping wait
[2024-11-05T16:19:10-0600] Saved TCP DL results to /data/data/com.termux/files/home/storage/shared/bos_la_2024_trip/att/20241105/161407925/tcp_downlink_161904338.out
[2024-11-05T16:19:10-0600] DL AVG TPUT: 
[2024-11-05T16:19:10-0600] 5G booster finished at 2024-11-05 16:19:10.418 CST, duration: 6.107 s
[2024-11-05T16:19:10-0600] -------------------------------
[2024-11-05T16:19:10-0600] Waiting for 2 s...
[2024-11-05T16:19:12-0600] -------------------------------
[2024-11-05T16:19:12-0600] TCP Ping test started at 2024-11-05 16:19:12.542 CST
[2024-11-05T16:19:43-0600] Current time exceeds end time, skipping wait
[2024-11-05T16:19:43-0600] Saved TCP Ping test to /data/data/com.termux/files/home/storage/shared/bos_la_2024_trip/att/20241105/161407925/tcp_ping_161912595.out
[2024-11-05T16:19:43-0600] TCP Ping summary (min/avg/max/mdev) 
[2024-11-05T16:19:43-0600] TCP Ping test finished at 2024-11-05 16:19:43.737 CST, duration: 31.195 s
[2024-11-05T16:19:43-0600] -------------------------------
[2024-11-05T16:19:43-0600] Waiting for 2 s...
[2024-11-05T16:19:45-0600] -------------------------------
[2024-11-05T16:19:45-0600] Traceroute test started at 2024-11-05 16:19:45.862 CST
[2024-11-05T16:19:57-0600] Waiting for 18.828 s to reach end time
[2024-11-05T16:20:15-0600] Saved traceroute test to /data/data/com.termux/files/home/storage/shared/bos_la_2024_trip/att/20241105/161407925/traceroute_161945891.out
[2024-11-05T16:20:15-0600] Traceroute summary (min/avg/max/mdev) 
[2024-11-05T16:20:15-0600] Traceroute test finished at 2024-11-05 16:20:15.943 CST, duration: 30.081 s
[2024-11-05T16:20:15-0600] -------------------------------
[2024-11-05T16:20:15-0600] All tests completed, cleaning up...
[2024-11-05T16:20:15-0600] -------------------------------
[2024-11-05T16:20:37-0600] [measurement] Load environment variables from prod.env file
[2024-11-05T16:20:37-0600] Starting a network measurement, please choose a server
[2024-11-05T16:20:37-0600] 0) West Cloud: 54.176.53.206
[2024-11-05T16:20:37-0600] 1) East Cloud: 54.197.223.49
[2024-11-05T16:21:33-0600] Enter your choice (0-1): Testing att, server 1 (ip: 54.197.223.49, nuttcp_port: 5102, iperf_port: 5002)
[2024-11-05T16:21:33-0600] -------------------------------
[2024-11-05T16:21:33-0600] tcp downlink test started at 2024-11-05 16:21:33.115 CST
[2024-11-05T16:21:33-0600] Testing tcp downlink with 54.197.223.49:5102, interval 0.5 s, duration 120 s, timeout 121 s...
[2024-11-05T16:23:34-0600] Current time exceeds end time, skipping wait
[2024-11-05T16:23:34-0600] Saved tcp downlink test to /data/data/com.termux/files/home/storage/shared/bos_la_2024_trip/att/20241105/162133093/tcp_downlink_162133154.out
[2024-11-05T16:23:34-0600] DL AVG TPUT: 
[2024-11-05T16:23:34-0600] tcp downlink test finished at 2024-11-05 16:23:34.292 CST, duration: 121.177 s
[2024-11-05T16:23:34-0600] -------------------------------
[2024-11-05T16:23:34-0600] Waiting for 2 s...
[2024-11-05T16:23:36-0600] -------------------------------
[2024-11-05T16:23:36-0600] Starting 5G booster for 5 s...
[2024-11-05T16:23:36-0600] 5G booster started at 2024-11-05 16:23:36.406 CST
[2024-11-05T16:23:42-0600] Current time exceeds end time, skipping wait
[2024-11-05T16:23:42-0600] Saved TCP DL results to /data/data/com.termux/files/home/storage/shared/bos_la_2024_trip/att/20241105/162133093/tcp_downlink_162336427.out
[2024-11-05T16:23:42-0600] DL AVG TPUT: 
[2024-11-05T16:23:42-0600] 5G booster finished at 2024-11-05 16:23:42.513 CST, duration: 6.107 s
[2024-11-05T16:23:42-0600] -------------------------------
[2024-11-05T16:23:42-0600] Waiting for 2 s...
[2024-11-05T16:23:44-0600] -------------------------------
[2024-11-05T16:23:44-0600] tcp uplink test started at 2024-11-05 16:23:44.646 CST
[2024-11-05T16:23:44-0600] testing tcp uplink with 54.197.223.49:5102, interval 0.5, duration 120, timeout 121 ...
[2024-11-05T16:25:45-0600] Current time exceeds end time, skipping wait
[2024-11-05T16:25:45-0600] Saved uplink test to /data/data/com.termux/files/home/storage/shared/bos_la_2024_trip/att/20241105/162133093/tcp_uplink_162344698.out
[2024-11-05T16:25:45-0600] UL AVG TPUT: 
[2024-11-05T16:25:45-0600] tcp uplink test finished at 2024-11-05 16:25:45.806 CST, duration: 121.160 s
[2024-11-05T16:25:45-0600] -------------------------------
[2024-11-05T16:25:45-0600] Waiting for 2 s...
[2024-11-05T16:25:47-0600] -------------------------------
[2024-11-05T16:25:47-0600] Starting 5G booster for 5 s...
[2024-11-05T16:25:47-0600] 5G booster started at 2024-11-05 16:25:47.937 CST
[2024-11-05T16:25:54-0600] Current time exceeds end time, skipping wait
[2024-11-05T16:25:54-0600] Saved TCP DL results to /data/data/com.termux/files/home/storage/shared/bos_la_2024_trip/att/20241105/162133093/tcp_downlink_162547961.out
[2024-11-05T16:25:54-0600] DL AVG TPUT: 
[2024-11-05T16:25:54-0600] 5G booster finished at 2024-11-05 16:25:54.095 CST, duration: 6.158 s
[2024-11-05T16:25:54-0600] -------------------------------
[2024-11-05T16:25:54-0600] Waiting for 2 s...
[2024-11-05T16:25:56-0600] -------------------------------
[2024-11-05T16:25:56-0600] ICMP Ping test started at 2024-11-05 16:25:56.207 CST
[2024-11-05T16:26:26-0600] Waiting for .872 s to reach end time
[2024-11-05T16:26:27-0600] Saved ping test to /data/data/com.termux/files/home/storage/shared/bos_la_2024_trip/att/20241105/162133093/icmp_ping_162556234.out
[2024-11-05T16:26:27-0600] Ping summary (min/avg/max/mdev) = 56.328/68.869/194.930/11.467 ms
[2024-11-05T16:26:27-0600] Ping test finished at 2024-11-05 16:26:27.279 CST, duration: 31.072 s
[2024-11-05T16:26:27-0600] -------------------------------
[2024-11-05T16:26:27-0600] Waiting for 2 s...
[2024-11-05T16:26:29-0600] -------------------------------
[2024-11-05T16:26:29-0600] Starting 5G booster for 5 s...
[2024-11-05T16:26:29-0600] 5G booster started at 2024-11-05 16:26:29.393 CST
[2024-11-05T16:26:35-0600] Current time exceeds end time, skipping wait
[2024-11-05T16:26:35-0600] Saved TCP DL results to /data/data/com.termux/files/home/storage/shared/bos_la_2024_trip/att/20241105/162133093/tcp_downlink_162629423.out
[2024-11-05T16:26:35-0600] DL AVG TPUT: 
[2024-11-05T16:26:35-0600] 5G booster finished at 2024-11-05 16:26:35.543 CST, duration: 6.150 s
[2024-11-05T16:26:35-0600] -------------------------------
[2024-11-05T16:26:35-0600] Waiting for 2 s...
[2024-11-05T16:26:37-0600] -------------------------------
[2024-11-05T16:26:37-0600] TCP Ping test started at 2024-11-05 16:26:37.679 CST
[2024-11-05T16:27:08-0600] Current time exceeds end time, skipping wait
[2024-11-05T16:27:08-0600] Saved TCP Ping test to /data/data/com.termux/files/home/storage/shared/bos_la_2024_trip/att/20241105/162133093/tcp_ping_162637709.out
[2024-11-05T16:27:08-0600] TCP Ping summary (min/avg/max/mdev) 
[2024-11-05T16:27:08-0600] TCP Ping test finished at 2024-11-05 16:27:08.842 CST, duration: 31.163 s
[2024-11-05T16:27:08-0600] -------------------------------
[2024-11-05T16:27:08-0600] Waiting for 2 s...
[2024-11-05T16:27:10-0600] -------------------------------
[2024-11-05T16:27:10-0600] Traceroute test started at 2024-11-05 16:27:10.960 CST
[2024-11-05T16:27:22-0600] Waiting for 18.992 s to reach end time
[2024-11-05T16:27:41-0600] Saved traceroute test to /data/data/com.termux/files/home/storage/shared/bos_la_2024_trip/att/20241105/162133093/traceroute_162710983.out
[2024-11-05T16:27:41-0600] Traceroute summary (min/avg/max/mdev) 
[2024-11-05T16:27:41-0600] Traceroute test finished at 2024-11-05 16:27:41.034 CST, duration: 30.074 s
[2024-11-05T16:27:41-0600] -------------------------------
[2024-11-05T16:27:41-0600] All tests completed, cleaning up...
[2024-11-05T16:27:41-0600] -------------------------------
[2024-11-05T16:28:04-0600] [measurement] Load environment variables from prod.env file
[2024-11-05T16:28:04-0600] Starting a network measurement, please choose a server
[2024-11-05T16:28:04-0600] 0) West Cloud: 54.176.53.206
[2024-11-05T16:28:04-0600] 1) East Cloud: 54.197.223.49
[2024-11-05T16:28:26-0600] Enter your choice (0-1): Testing att, server 1 (ip: 54.197.223.49, nuttcp_port: 5102, iperf_port: 5002)
[2024-11-05T16:28:26-0600] -------------------------------
[2024-11-05T16:28:26-0600] tcp downlink test started at 2024-11-05 16:28:26.525 CST
[2024-11-05T16:28:26-0600] Testing tcp downlink with 54.197.223.49:5102, interval 0.5 s, duration 120 s, timeout 121 s...
[2024-11-05T16:30:27-0600] Current time exceeds end time, skipping wait
[2024-11-05T16:30:27-0600] Saved tcp downlink test to /data/data/com.termux/files/home/storage/shared/bos_la_2024_trip/att/20241105/162826493/tcp_downlink_162826577.out
[2024-11-05T16:30:27-0600] DL AVG TPUT: 
[2024-11-05T16:30:27-0600] tcp downlink test finished at 2024-11-05 16:30:27.699 CST, duration: 121.174 s
[2024-11-05T16:30:27-0600] -------------------------------
[2024-11-05T16:30:27-0600] Waiting for 2 s...
[2024-11-05T16:30:29-0600] -------------------------------
[2024-11-05T16:30:29-0600] Starting 5G booster for 5 s...
[2024-11-05T16:30:29-0600] 5G booster started at 2024-11-05 16:30:29.818 CST
[2024-11-05T16:30:35-0600] Current time exceeds end time, skipping wait
[2024-11-05T16:30:35-0600] Saved TCP DL results to /data/data/com.termux/files/home/storage/shared/bos_la_2024_trip/att/20241105/162826493/tcp_downlink_163029840.out
[2024-11-05T16:30:35-0600] DL AVG TPUT: 
[2024-11-05T16:30:36-0600] 5G booster finished at 2024-11-05 16:30:35.957 CST, duration: 6.139 s
[2024-11-05T16:30:36-0600] -------------------------------
[2024-11-05T16:30:36-0600] Waiting for 2 s...
[2024-11-05T16:30:38-0600] -------------------------------
[2024-11-05T16:30:38-0600] tcp uplink test started at 2024-11-05 16:30:38.071 CST
[2024-11-05T16:30:38-0600] testing tcp uplink with 54.197.223.49:5102, interval 0.5, duration 120, timeout 121 ...
[2024-11-05T16:32:39-0600] Current time exceeds end time, skipping wait
[2024-11-05T16:32:39-0600] Saved uplink test to /data/data/com.termux/files/home/storage/shared/bos_la_2024_trip/att/20241105/162826493/tcp_uplink_163038121.out
[2024-11-05T16:32:39-0600] UL AVG TPUT: 
[2024-11-05T16:32:39-0600] tcp uplink test finished at 2024-11-05 16:32:39.223 CST, duration: 121.152 s
[2024-11-05T16:32:39-0600] -------------------------------
[2024-11-05T16:32:39-0600] Waiting for 2 s...
[2024-11-05T16:32:41-0600] -------------------------------
[2024-11-05T16:32:41-0600] Starting 5G booster for 5 s...
[2024-11-05T16:32:41-0600] 5G booster started at 2024-11-05 16:32:41.391 CST
[2024-11-05T16:32:47-0600] Current time exceeds end time, skipping wait
[2024-11-05T16:32:47-0600] Saved TCP DL results to /data/data/com.termux/files/home/storage/shared/bos_la_2024_trip/att/20241105/162826493/tcp_downlink_163241435.out
[2024-11-05T16:32:47-0600] DL AVG TPUT: 
[2024-11-05T16:32:47-0600] 5G booster finished at 2024-11-05 16:32:47.562 CST, duration: 6.171 s
[2024-11-05T16:32:47-0600] -------------------------------
[2024-11-05T16:32:47-0600] Waiting for 2 s...
[2024-11-05T16:32:49-0600] -------------------------------
[2024-11-05T16:32:49-0600] ICMP Ping test started at 2024-11-05 16:32:49.680 CST
[2024-11-05T16:33:19-0600] Waiting for .872 s to reach end time
[2024-11-05T16:33:20-0600] Saved ping test to /data/data/com.termux/files/home/storage/shared/bos_la_2024_trip/att/20241105/162826493/icmp_ping_163249707.out
[2024-11-05T16:33:20-0600] Ping summary (min/avg/max/mdev) = 55.518/68.048/208.201/18.566 ms
[2024-11-05T16:33:20-0600] Ping test finished at 2024-11-05 16:33:20.773 CST, duration: 31.093 s
[2024-11-05T16:33:20-0600] -------------------------------
[2024-11-05T16:33:20-0600] Waiting for 2 s...
[2024-11-05T16:33:22-0600] -------------------------------
[2024-11-05T16:33:22-0600] Starting 5G booster for 5 s...
[2024-11-05T16:33:22-0600] 5G booster started at 2024-11-05 16:33:22.879 CST
[2024-11-05T16:33:28-0600] Current time exceeds end time, skipping wait
[2024-11-05T16:33:28-0600] Saved TCP DL results to /data/data/com.termux/files/home/storage/shared/bos_la_2024_trip/att/20241105/162826493/tcp_downlink_163322907.out
[2024-11-05T16:33:29-0600] DL AVG TPUT: 
[2024-11-05T16:33:29-0600] 5G booster finished at 2024-11-05 16:33:28.978 CST, duration: 6.099 s
[2024-11-05T16:33:29-0600] -------------------------------
[2024-11-05T16:33:29-0600] Waiting for 2 s...
[2024-11-05T16:33:31-0600] -------------------------------
[2024-11-05T16:33:31-0600] TCP Ping test started at 2024-11-05 16:33:31.089 CST
[2024-11-05T16:34:02-0600] Current time exceeds end time, skipping wait
[2024-11-05T16:34:02-0600] Saved TCP Ping test to /data/data/com.termux/files/home/storage/shared/bos_la_2024_trip/att/20241105/162826493/tcp_ping_163331121.out
[2024-11-05T16:34:02-0600] TCP Ping summary (min/avg/max/mdev) 
[2024-11-05T16:34:02-0600] TCP Ping test finished at 2024-11-05 16:34:02.247 CST, duration: 31.158 s
[2024-11-05T16:34:02-0600] -------------------------------
[2024-11-05T16:34:02-0600] Waiting for 2 s...
[2024-11-05T16:34:04-0600] -------------------------------
[2024-11-05T16:34:04-0600] Traceroute test started at 2024-11-05 16:34:04.351 CST
[2024-11-05T16:34:15-0600] Waiting for 19.081 s to reach end time
[2024-11-05T16:34:34-0600] Saved traceroute test to /data/data/com.termux/files/home/storage/shared/bos_la_2024_trip/att/20241105/162826493/traceroute_163404377.out
[2024-11-05T16:34:34-0600] Traceroute summary (min/avg/max/mdev) 
[2024-11-05T16:34:34-0600] Traceroute test finished at 2024-11-05 16:34:34.500 CST, duration: 30.149 s
[2024-11-05T16:34:34-0600] -------------------------------
[2024-11-05T16:34:34-0600] All tests completed, cleaning up...
[2024-11-05T16:34:34-0600] -------------------------------
[2024-11-05T16:35:48-0600] [measurement] Load environment variables from prod.env file
[2024-11-05T16:35:48-0600] Starting a network measurement, please choose a server
[2024-11-05T16:35:48-0600] 0) West Cloud: 54.176.53.206
[2024-11-05T16:35:48-0600] 1) East Cloud: 54.197.223.49
[2024-11-05T16:36:28-0600] Enter your choice (0-1): Testing att, server 1 (ip: 54.197.223.49, nuttcp_port: 5102, iperf_port: 5002)
[2024-11-05T16:36:28-0600] -------------------------------
[2024-11-05T16:36:28-0600] tcp downlink test started at 2024-11-05 16:36:28.475 CST
[2024-11-05T16:36:28-0600] Testing tcp downlink with 54.197.223.49:5102, interval 0.5 s, duration 120 s, timeout 121 s...
[2024-11-05T16:38:29-0600] Current time exceeds end time, skipping wait
[2024-11-05T16:38:29-0600] Saved tcp downlink test to /data/data/com.termux/files/home/storage/shared/bos_la_2024_trip/att/20241105/163628457/tcp_downlink_163628499.out
[2024-11-05T16:38:29-0600] DL AVG TPUT: 
[2024-11-05T16:38:29-0600] tcp downlink test finished at 2024-11-05 16:38:29.594 CST, duration: 121.119 s
[2024-11-05T16:38:29-0600] -------------------------------
[2024-11-05T16:38:29-0600] Waiting for 2 s...
[2024-11-05T16:38:31-0600] -------------------------------
[2024-11-05T16:38:31-0600] Starting 5G booster for 5 s...
[2024-11-05T16:38:31-0600] 5G booster started at 2024-11-05 16:38:31.734 CST
[2024-11-05T16:38:37-0600] Current time exceeds end time, skipping wait
[2024-11-05T16:38:37-0600] Saved TCP DL results to /data/data/com.termux/files/home/storage/shared/bos_la_2024_trip/att/20241105/163628457/tcp_downlink_163831767.out
[2024-11-05T16:38:37-0600] DL AVG TPUT: 
[2024-11-05T16:38:37-0600] 5G booster finished at 2024-11-05 16:38:37.840 CST, duration: 6.106 s
[2024-11-05T16:38:37-0600] -------------------------------
[2024-11-05T16:38:37-0600] Waiting for 2 s...
[2024-11-05T16:38:39-0600] -------------------------------
[2024-11-05T16:38:39-0600] tcp uplink test started at 2024-11-05 16:38:39.936 CST
[2024-11-05T16:38:39-0600] testing tcp uplink with 54.197.223.49:5102, interval 0.5, duration 120, timeout 121 ...
[2024-11-05T16:40:41-0600] Current time exceeds end time, skipping wait
[2024-11-05T16:40:41-0600] Saved uplink test to /data/data/com.termux/files/home/storage/shared/bos_la_2024_trip/att/20241105/163628457/tcp_uplink_163839967.out
[2024-11-05T16:40:41-0600] UL AVG TPUT: 
[2024-11-05T16:40:41-0600] tcp uplink test finished at 2024-11-05 16:40:41.043 CST, duration: 121.107 s
[2024-11-05T16:40:41-0600] -------------------------------
[2024-11-05T16:40:41-0600] Waiting for 2 s...
[2024-11-05T16:40:43-0600] -------------------------------
[2024-11-05T16:40:43-0600] Starting 5G booster for 5 s...
[2024-11-05T16:40:43-0600] 5G booster started at 2024-11-05 16:40:43.160 CST
[2024-11-05T16:40:49-0600] Current time exceeds end time, skipping wait
[2024-11-05T16:40:49-0600] Saved TCP DL results to /data/data/com.termux/files/home/storage/shared/bos_la_2024_trip/att/20241105/163628457/tcp_downlink_164043188.out
[2024-11-05T16:40:49-0600] DL AVG TPUT: 
[2024-11-05T16:40:49-0600] 5G booster finished at 2024-11-05 16:40:49.292 CST, duration: 6.132 s
[2024-11-05T16:40:49-0600] -------------------------------
[2024-11-05T16:40:49-0600] Waiting for 2 s...
[2024-11-05T16:40:51-0600] -------------------------------
[2024-11-05T16:40:51-0600] ICMP Ping test started at 2024-11-05 16:40:51.399 CST
[2024-11-05T16:41:21-0600] Waiting for .905 s to reach end time
[2024-11-05T16:41:22-0600] Saved ping test to /data/data/com.termux/files/home/storage/shared/bos_la_2024_trip/att/20241105/163628457/icmp_ping_164051426.out
[2024-11-05T16:41:22-0600] Ping summary (min/avg/max/mdev) = 52.884/68.417/226.187/14.811 ms
[2024-11-05T16:41:22-0600] Ping test finished at 2024-11-05 16:41:22.460 CST, duration: 31.061 s
[2024-11-05T16:41:22-0600] -------------------------------
[2024-11-05T16:41:22-0600] Waiting for 2 s...
[2024-11-05T16:41:24-0600] -------------------------------
[2024-11-05T16:41:24-0600] Starting 5G booster for 5 s...
[2024-11-05T16:41:24-0600] 5G booster started at 2024-11-05 16:41:24.551 CST
[2024-11-05T16:41:30-0600] Current time exceeds end time, skipping wait
[2024-11-05T16:41:30-0600] Saved TCP DL results to /data/data/com.termux/files/home/storage/shared/bos_la_2024_trip/att/20241105/163628457/tcp_downlink_164124578.out
[2024-11-05T16:41:30-0600] DL AVG TPUT: 
[2024-11-05T16:41:30-0600] 5G booster finished at 2024-11-05 16:41:30.626 CST, duration: 6.075 s
[2024-11-05T16:41:30-0600] -------------------------------
[2024-11-05T16:41:30-0600] Waiting for 2 s...
[2024-11-05T16:41:32-0600] -------------------------------
[2024-11-05T16:41:32-0600] TCP Ping test started at 2024-11-05 16:41:32.699 CST
[2024-11-05T16:42:03-0600] Current time exceeds end time, skipping wait
[2024-11-05T16:42:03-0600] Saved TCP Ping test to /data/data/com.termux/files/home/storage/shared/bos_la_2024_trip/att/20241105/163628457/tcp_ping_164132722.out
[2024-11-05T16:42:03-0600] TCP Ping summary (min/avg/max/mdev) 
[2024-11-05T16:42:03-0600] TCP Ping test finished at 2024-11-05 16:42:03.809 CST, duration: 31.110 s
[2024-11-05T16:42:03-0600] -------------------------------
[2024-11-05T16:42:03-0600] Waiting for 2 s...
[2024-11-05T16:42:05-0600] -------------------------------
[2024-11-05T16:42:05-0600] Traceroute test started at 2024-11-05 16:42:05.934 CST
[2024-11-05T16:42:17-0600] Waiting for 18.869 s to reach end time
[2024-11-05T16:42:36-0600] Saved traceroute test to /data/data/com.termux/files/home/storage/shared/bos_la_2024_trip/att/20241105/163628457/traceroute_164205971.out
[2024-11-05T16:42:36-0600] Traceroute summary (min/avg/max/mdev) 
[2024-11-05T16:42:36-0600] Traceroute test finished at 2024-11-05 16:42:36.041 CST, duration: 30.107 s
[2024-11-05T16:42:36-0600] -------------------------------
[2024-11-05T16:42:36-0600] All tests completed, cleaning up...
[2024-11-05T16:42:36-0600] -------------------------------
[2024-11-05T16:43:04-0600] [measurement] Load environment variables from prod.env file
[2024-11-05T16:43:04-0600] Starting a network measurement, please choose a server
[2024-11-05T16:43:04-0600] 0) West Cloud: 54.176.53.206
[2024-11-05T16:43:04-0600] 1) East Cloud: 54.197.223.49
[2024-11-05T16:43:19-0600] Enter your choice (0-1): Testing att, server 1 (ip: 54.197.223.49, nuttcp_port: 5102, iperf_port: 5002)
[2024-11-05T16:43:19-0600] -------------------------------
[2024-11-05T16:43:19-0600] tcp downlink test started at 2024-11-05 16:43:19.225 CST
[2024-11-05T16:43:19-0600] Testing tcp downlink with 54.197.223.49:5102, interval 0.5 s, duration 120 s, timeout 121 s...
[2024-11-05T16:45:20-0600] Current time exceeds end time, skipping wait
[2024-11-05T16:45:20-0600] Saved tcp downlink test to /data/data/com.termux/files/home/storage/shared/bos_la_2024_trip/att/20241105/164319196/tcp_downlink_164319255.out
[2024-11-05T16:45:20-0600] DL AVG TPUT: 
[2024-11-05T16:45:20-0600] tcp downlink test finished at 2024-11-05 16:45:20.319 CST, duration: 121.094 s
[2024-11-05T16:45:20-0600] -------------------------------
[2024-11-05T16:45:20-0600] Waiting for 2 s...
[2024-11-05T16:45:22-0600] -------------------------------
[2024-11-05T16:45:22-0600] Starting 5G booster for 5 s...
[2024-11-05T16:45:22-0600] 5G booster started at 2024-11-05 16:45:22.433 CST
[2024-11-05T16:45:28-0600] Current time exceeds end time, skipping wait
[2024-11-05T16:45:28-0600] Saved TCP DL results to /data/data/com.termux/files/home/storage/shared/bos_la_2024_trip/att/20241105/164319196/tcp_downlink_164522467.out
[2024-11-05T16:45:28-0600] DL AVG TPUT: 
[2024-11-05T16:45:28-0600] 5G booster finished at 2024-11-05 16:45:28.574 CST, duration: 6.141 s
[2024-11-05T16:45:28-0600] -------------------------------
[2024-11-05T16:45:28-0600] Waiting for 2 s...
[2024-11-05T16:45:30-0600] -------------------------------
[2024-11-05T16:45:30-0600] tcp uplink test started at 2024-11-05 16:45:30.671 CST
[2024-11-05T16:45:30-0600] testing tcp uplink with 54.197.223.49:5102, interval 0.5, duration 120, timeout 121 ...
[2024-11-05T16:47:31-0600] Current time exceeds end time, skipping wait
[2024-11-05T16:47:31-0600] Saved uplink test to /data/data/com.termux/files/home/storage/shared/bos_la_2024_trip/att/20241105/164319196/tcp_uplink_164530698.out
[2024-11-05T16:47:31-0600] UL AVG TPUT: 
[2024-11-05T16:47:31-0600] tcp uplink test finished at 2024-11-05 16:47:31.779 CST, duration: 121.108 s
[2024-11-05T16:47:31-0600] -------------------------------
[2024-11-05T16:47:31-0600] Waiting for 2 s...
[2024-11-05T16:47:33-0600] -------------------------------
[2024-11-05T16:47:33-0600] Starting 5G booster for 5 s...
[2024-11-05T16:47:33-0600] 5G booster started at 2024-11-05 16:47:33.925 CST
[2024-11-05T16:47:40-0600] Current time exceeds end time, skipping wait
[2024-11-05T16:47:40-0600] Saved TCP DL results to /data/data/com.termux/files/home/storage/shared/bos_la_2024_trip/att/20241105/164319196/tcp_downlink_164733976.out
[2024-11-05T16:47:40-0600] DL AVG TPUT: 
[2024-11-05T16:47:40-0600] 5G booster finished at 2024-11-05 16:47:40.067 CST, duration: 6.142 s
[2024-11-05T16:47:40-0600] -------------------------------
[2024-11-05T16:47:40-0600] Waiting for 2 s...
[2024-11-05T16:47:42-0600] -------------------------------
[2024-11-05T16:47:42-0600] ICMP Ping test started at 2024-11-05 16:47:42.174 CST
[2024-11-05T16:48:12-0600] Waiting for .886 s to reach end time
[2024-11-05T16:48:13-0600] Saved ping test to /data/data/com.termux/files/home/storage/shared/bos_la_2024_trip/att/20241105/164319196/icmp_ping_164742201.out
[2024-11-05T16:48:13-0600] Ping summary (min/avg/max/mdev) = 53.402/133.627/1844.792/252.924 ms
[2024-11-05T16:48:13-0600] Ping test finished at 2024-11-05 16:48:13.259 CST, duration: 31.085 s
[2024-11-05T16:48:13-0600] -------------------------------
[2024-11-05T16:48:13-0600] Waiting for 2 s...
[2024-11-05T16:48:15-0600] -------------------------------
[2024-11-05T16:48:15-0600] Starting 5G booster for 5 s...
[2024-11-05T16:48:15-0600] 5G booster started at 2024-11-05 16:48:15.349 CST
[2024-11-05T16:48:21-0600] Current time exceeds end time, skipping wait
[2024-11-05T16:48:21-0600] Saved TCP DL results to /data/data/com.termux/files/home/storage/shared/bos_la_2024_trip/att/20241105/164319196/tcp_downlink_164815371.out
[2024-11-05T16:48:21-0600] DL AVG TPUT: 
[2024-11-05T16:48:21-0600] 5G booster finished at 2024-11-05 16:48:21.442 CST, duration: 6.093 s
[2024-11-05T16:48:21-0600] -------------------------------
[2024-11-05T16:48:21-0600] Waiting for 2 s...
[2024-11-05T16:48:23-0600] -------------------------------
[2024-11-05T16:48:23-0600] TCP Ping test started at 2024-11-05 16:48:23.578 CST
[2024-11-05T16:48:54-0600] Current time exceeds end time, skipping wait
[2024-11-05T16:48:54-0600] Saved TCP Ping test to /data/data/com.termux/files/home/storage/shared/bos_la_2024_trip/att/20241105/164319196/tcp_ping_164823606.out
[2024-11-05T16:48:54-0600] TCP Ping summary (min/avg/max/mdev) 
[2024-11-05T16:48:54-0600] TCP Ping test finished at 2024-11-05 16:48:54.712 CST, duration: 31.134 s
[2024-11-05T16:48:54-0600] -------------------------------
[2024-11-05T16:48:54-0600] Waiting for 2 s...
[2024-11-05T16:48:56-0600] -------------------------------
[2024-11-05T16:48:56-0600] Traceroute test started at 2024-11-05 16:48:56.835 CST
[2024-11-05T16:49:07-0600] Waiting for 18.965 s to reach end time
[2024-11-05T16:49:26-0600] Saved traceroute test to /data/data/com.termux/files/home/storage/shared/bos_la_2024_trip/att/20241105/164319196/traceroute_164856887.out
[2024-11-05T16:49:26-0600] Traceroute summary (min/avg/max/mdev) 
[2024-11-05T16:49:26-0600] Traceroute test finished at 2024-11-05 16:49:26.910 CST, duration: 30.075 s
[2024-11-05T16:49:26-0600] -------------------------------
[2024-11-05T16:49:26-0600] All tests completed, cleaning up...
[2024-11-05T16:49:26-0600] -------------------------------
[2024-11-05T16:50:01-0600] [measurement] Load environment variables from prod.env file
[2024-11-05T16:50:01-0600] Starting a network measurement, please choose a server
[2024-11-05T16:50:01-0600] 0) West Cloud: 54.176.53.206
[2024-11-05T16:50:01-0600] 1) East Cloud: 54.197.223.49
[2024-11-05T16:50:17-0600] Enter your choice (0-1): Testing att, server 1 (ip: 54.197.223.49, nuttcp_port: 5102, iperf_port: 5002)
[2024-11-05T16:50:17-0600] -------------------------------
[2024-11-05T16:50:17-0600] tcp downlink test started at 2024-11-05 16:50:17.257 CST
[2024-11-05T16:50:17-0600] Testing tcp downlink with 54.197.223.49:5102, interval 0.5 s, duration 120 s, timeout 121 s...
[2024-11-05T16:52:18-0600] Current time exceeds end time, skipping wait
[2024-11-05T16:52:18-0600] Saved tcp downlink test to /data/data/com.termux/files/home/storage/shared/bos_la_2024_trip/att/20241105/165017232/tcp_downlink_165017301.out
[2024-11-05T16:52:18-0600] DL AVG TPUT: 
[2024-11-05T16:52:18-0600] tcp downlink test finished at 2024-11-05 16:52:18.403 CST, duration: 121.146 s
[2024-11-05T16:52:18-0600] -------------------------------
[2024-11-05T16:52:18-0600] Waiting for 2 s...
[2024-11-05T16:52:20-0600] -------------------------------
[2024-11-05T16:52:20-0600] Starting 5G booster for 5 s...
[2024-11-05T16:52:20-0600] 5G booster started at 2024-11-05 16:52:20.527 CST
[2024-11-05T16:52:26-0600] Current time exceeds end time, skipping wait
[2024-11-05T16:52:26-0600] Saved TCP DL results to /data/data/com.termux/files/home/storage/shared/bos_la_2024_trip/att/20241105/165017232/tcp_downlink_165220555.out
[2024-11-05T16:52:26-0600] DL AVG TPUT: 
[2024-11-05T16:52:26-0600] 5G booster finished at 2024-11-05 16:52:26.632 CST, duration: 6.105 s
[2024-11-05T16:52:26-0600] -------------------------------
[2024-11-05T16:52:26-0600] Waiting for 2 s...
[2024-11-05T16:52:28-0600] -------------------------------
[2024-11-05T16:52:28-0600] tcp uplink test started at 2024-11-05 16:52:28.752 CST
[2024-11-05T16:52:28-0600] testing tcp uplink with 54.197.223.49:5102, interval 0.5, duration 120, timeout 121 ...
[2024-11-05T16:54:29-0600] Current time exceeds end time, skipping wait
[2024-11-05T16:54:29-0600] Saved uplink test to /data/data/com.termux/files/home/storage/shared/bos_la_2024_trip/att/20241105/165017232/tcp_uplink_165228783.out
[2024-11-05T16:54:29-0600] UL AVG TPUT: 
[2024-11-05T16:54:29-0600] tcp uplink test finished at 2024-11-05 16:54:29.887 CST, duration: 121.135 s
[2024-11-05T16:54:29-0600] -------------------------------
[2024-11-05T16:54:29-0600] Waiting for 2 s...
[2024-11-05T16:54:32-0600] -------------------------------
[2024-11-05T16:54:32-0600] Starting 5G booster for 5 s...
[2024-11-05T16:54:32-0600] 5G booster started at 2024-11-05 16:54:32.027 CST
[2024-11-05T16:54:38-0600] Current time exceeds end time, skipping wait
[2024-11-05T16:54:38-0600] Saved TCP DL results to /data/data/com.termux/files/home/storage/shared/bos_la_2024_trip/att/20241105/165017232/tcp_downlink_165432081.out
[2024-11-05T16:54:38-0600] DL AVG TPUT: 
[2024-11-05T16:54:38-0600] 5G booster finished at 2024-11-05 16:54:38.172 CST, duration: 6.145 s
[2024-11-05T16:54:38-0600] -------------------------------
[2024-11-05T16:54:38-0600] Waiting for 2 s...
[2024-11-05T16:54:40-0600] -------------------------------
[2024-11-05T16:54:40-0600] ICMP Ping test started at 2024-11-05 16:54:40.282 CST
[2024-11-05T16:55:10-0600] Waiting for .878 s to reach end time
[2024-11-05T16:55:11-0600] Saved ping test to /data/data/com.termux/files/home/storage/shared/bos_la_2024_trip/att/20241105/165017232/icmp_ping_165440317.out
[2024-11-05T16:55:11-0600] Ping summary (min/avg/max/mdev) = 55.522/77.150/639.288/71.477 ms
[2024-11-05T16:55:11-0600] Ping test finished at 2024-11-05 16:55:11.384 CST, duration: 31.102 s
[2024-11-05T16:55:11-0600] -------------------------------
[2024-11-05T16:55:11-0600] Waiting for 2 s...
[2024-11-05T16:55:13-0600] -------------------------------
[2024-11-05T16:55:13-0600] Starting 5G booster for 5 s...
[2024-11-05T16:55:13-0600] 5G booster started at 2024-11-05 16:55:13.529 CST
[2024-11-05T16:55:19-0600] Current time exceeds end time, skipping wait
[2024-11-05T16:55:19-0600] Saved TCP DL results to /data/data/com.termux/files/home/storage/shared/bos_la_2024_trip/att/20241105/165017232/tcp_downlink_165513561.out
[2024-11-05T16:55:19-0600] DL AVG TPUT: 
[2024-11-05T16:55:19-0600] 5G booster finished at 2024-11-05 16:55:19.653 CST, duration: 6.124 s
[2024-11-05T16:55:19-0600] -------------------------------
[2024-11-05T16:55:19-0600] Waiting for 2 s...
[2024-11-05T16:55:21-0600] -------------------------------
[2024-11-05T16:55:21-0600] TCP Ping test started at 2024-11-05 16:55:21.831 CST
[2024-11-05T16:55:52-0600] Current time exceeds end time, skipping wait
[2024-11-05T16:55:53-0600] Saved TCP Ping test to /data/data/com.termux/files/home/storage/shared/bos_la_2024_trip/att/20241105/165017232/tcp_ping_165521886.out
[2024-11-05T16:55:53-0600] TCP Ping summary (min/avg/max/mdev) 
[2024-11-05T16:55:53-0600] TCP Ping test finished at 2024-11-05 16:55:53.001 CST, duration: 31.170 s
[2024-11-05T16:55:53-0600] -------------------------------
[2024-11-05T16:55:53-0600] Waiting for 2 s...
[2024-11-05T16:55:55-0600] -------------------------------
[2024-11-05T16:55:55-0600] Traceroute test started at 2024-11-05 16:55:55.122 CST
[2024-11-05T16:56:06-0600] Waiting for 19.123 s to reach end time
[2024-11-05T16:56:25-0600] Saved traceroute test to /data/data/com.termux/files/home/storage/shared/bos_la_2024_trip/att/20241105/165017232/traceroute_165555157.out
[2024-11-05T16:56:25-0600] Traceroute summary (min/avg/max/mdev) 
[2024-11-05T16:56:25-0600] Traceroute test finished at 2024-11-05 16:56:25.214 CST, duration: 30.092 s
[2024-11-05T16:56:25-0600] -------------------------------
[2024-11-05T16:56:25-0600] All tests completed, cleaning up...
[2024-11-05T16:56:25-0600] -------------------------------
[2024-11-05T16:56:50-0600] [measurement] Load environment variables from prod.env file
[2024-11-05T16:56:50-0600] Starting a network measurement, please choose a server
[2024-11-05T16:56:50-0600] 0) West Cloud: 54.176.53.206
[2024-11-05T16:56:50-0600] 1) East Cloud: 54.197.223.49
[2024-11-05T16:57:19-0600] Enter your choice (0-1): Testing att, server 1 (ip: 54.197.223.49, nuttcp_port: 5102, iperf_port: 5002)
[2024-11-05T16:57:19-0600] -------------------------------
[2024-11-05T16:57:19-0600] tcp downlink test started at 2024-11-05 16:57:19.706 CST
[2024-11-05T16:57:19-0600] Testing tcp downlink with 54.197.223.49:5102, interval 0.5 s, duration 120 s, timeout 121 s...
[2024-11-05T16:59:20-0600] Current time exceeds end time, skipping wait
[2024-11-05T16:59:20-0600] Saved tcp downlink test to /data/data/com.termux/files/home/storage/shared/bos_la_2024_trip/att/20241105/165719678/tcp_downlink_165719737.out
[2024-11-05T16:59:20-0600] DL AVG TPUT: 
[2024-11-05T16:59:20-0600] tcp downlink test finished at 2024-11-05 16:59:20.834 CST, duration: 121.128 s
[2024-11-05T16:59:20-0600] -------------------------------
[2024-11-05T16:59:20-0600] Waiting for 2 s...
[2024-11-05T16:59:22-0600] -------------------------------
[2024-11-05T16:59:22-0600] Starting 5G booster for 5 s...
[2024-11-05T16:59:22-0600] 5G booster started at 2024-11-05 16:59:22.944 CST
[2024-11-05T16:59:25-0600] nuttcp_mread: Software caused connection abort
[2024-11-05T16:59:25-0600] nuttcp-r: v8.1.4: Error: IO: Software caused connection abort
[2024-11-05T16:59:25-0600] errno=103
[2024-11-05T16:59:25-0600] Waiting for 3.461 s to reach end time
[2024-11-05T16:59:29-0600] ./run_network_measurement.sh: line 439: /data/data/com.termux/files/home/storage/shared/bos_la_2024_trip/att/20241105/165719678/tcp_downlink_165922976.out: Transport endpoint is not connected
[2024-11-05T16:59:29-0600] Saved TCP DL results to /data/data/com.termux/files/home/storage/shared/bos_la_2024_trip/att/20241105/165719678/tcp_downlink_165922976.out
[2024-11-05T16:59:29-0600] File not found: /data/data/com.termux/files/home/storage/shared/bos_la_2024_trip/att/20241105/165719678/tcp_downlink_165922976.out
[2024-11-05T16:59:29-0600] [CAUTION] EMPTY LOG!
[2024-11-05T16:59:29-0600] 5G booster finished at 2024-11-05 16:59:29.023 CST, duration: 6.079 s
[2024-11-05T16:59:29-0600] -------------------------------
[2024-11-05T16:59:29-0600] Waiting for 2 s...
[2024-11-05T17:04:01-0600] [measurement] Load environment variables from prod.env file
[2024-11-05T17:04:01-0600] Starting a network measurement, please choose a server
[2024-11-05T17:04:01-0600] 0) West Cloud: 54.176.53.206
[2024-11-05T17:04:01-0600] 1) East Cloud: 54.197.223.49
[2024-11-05T17:04:21-0600] Enter your choice (0-1): Testing att, server 1 (ip: 54.197.223.49, nuttcp_port: 5102, iperf_port: 5002)
[2024-11-05T17:04:21-0600] -------------------------------
[2024-11-05T17:04:21-0600] tcp downlink test started at 2024-11-05 17:04:21.285 CST
[2024-11-05T17:04:21-0600] Testing tcp downlink with 54.197.223.49:5102, interval 0.5 s, duration 120 s, timeout 121 s...
[2024-11-05T17:06:22-0600] Current time exceeds end time, skipping wait
[2024-11-05T17:06:22-0600] Saved tcp downlink test to /data/data/com.termux/files/home/storage/shared/bos_la_2024_trip/att/20241105/170421255/tcp_downlink_170421328.out
[2024-11-05T17:06:22-0600] DL AVG TPUT: 
[2024-11-05T17:06:22-0600] tcp downlink test finished at 2024-11-05 17:06:22.477 CST, duration: 121.192 s
[2024-11-05T17:06:22-0600] -------------------------------
[2024-11-05T17:06:22-0600] Waiting for 2 s...
[2024-11-05T17:06:24-0600] -------------------------------
[2024-11-05T17:06:24-0600] Starting 5G booster for 5 s...
[2024-11-05T17:06:24-0600] 5G booster started at 2024-11-05 17:06:24.596 CST
[2024-11-05T17:06:30-0600] Current time exceeds end time, skipping wait
[2024-11-05T17:06:30-0600] Saved TCP DL results to /data/data/com.termux/files/home/storage/shared/bos_la_2024_trip/att/20241105/170421255/tcp_downlink_170624627.out
[2024-11-05T17:06:30-0600] DL AVG TPUT: 
[2024-11-05T17:06:30-0600] 5G booster finished at 2024-11-05 17:06:30.768 CST, duration: 6.172 s
[2024-11-05T17:06:30-0600] -------------------------------
[2024-11-05T17:06:30-0600] Waiting for 2 s...
[2024-11-05T17:06:32-0600] -------------------------------
[2024-11-05T17:06:32-0600] tcp uplink test started at 2024-11-05 17:06:32.880 CST
[2024-11-05T17:06:32-0600] testing tcp uplink with 54.197.223.49:5102, interval 0.5, duration 120, timeout 121 ...
[2024-11-05T17:08:34-0600] Current time exceeds end time, skipping wait
[2024-11-05T17:08:34-0600] Saved uplink test to /data/data/com.termux/files/home/storage/shared/bos_la_2024_trip/att/20241105/170421255/tcp_uplink_170632909.out
[2024-11-05T17:08:34-0600] UL AVG TPUT: 
[2024-11-05T17:08:34-0600] tcp uplink test finished at 2024-11-05 17:08:34.020 CST, duration: 121.140 s
[2024-11-05T17:08:34-0600] -------------------------------
[2024-11-05T17:08:34-0600] Waiting for 2 s...
[2024-11-05T17:08:36-0600] -------------------------------
[2024-11-05T17:08:36-0600] Starting 5G booster for 5 s...
[2024-11-05T17:08:36-0600] 5G booster started at 2024-11-05 17:08:36.132 CST
[2024-11-05T17:08:42-0600] Current time exceeds end time, skipping wait
[2024-11-05T17:08:42-0600] Saved TCP DL results to /data/data/com.termux/files/home/storage/shared/bos_la_2024_trip/att/20241105/170421255/tcp_downlink_170836187.out
[2024-11-05T17:08:42-0600] DL AVG TPUT: 
[2024-11-05T17:08:42-0600] 5G booster finished at 2024-11-05 17:08:42.285 CST, duration: 6.153 s
[2024-11-05T17:08:42-0600] -------------------------------
[2024-11-05T17:08:42-0600] Waiting for 2 s...
[2024-11-05T17:08:44-0600] -------------------------------
[2024-11-05T17:08:44-0600] ICMP Ping test started at 2024-11-05 17:08:44.411 CST
[2024-11-05T17:09:14-0600] Waiting for .873 s to reach end time
[2024-11-05T17:09:15-0600] Saved ping test to /data/data/com.termux/files/home/storage/shared/bos_la_2024_trip/att/20241105/170421255/icmp_ping_170844446.out
[2024-11-05T17:09:15-0600] Ping summary (min/avg/max/mdev) = 35.788/49.970/108.486/8.602 ms
[2024-11-05T17:09:15-0600] Ping test finished at 2024-11-05 17:09:15.556 CST, duration: 31.145 s
[2024-11-05T17:09:15-0600] -------------------------------
[2024-11-05T17:09:15-0600] Waiting for 2 s...
[2024-11-05T17:09:17-0600] -------------------------------
[2024-11-05T17:09:17-0600] Starting 5G booster for 5 s...
[2024-11-05T17:09:17-0600] 5G booster started at 2024-11-05 17:09:17.678 CST
[2024-11-05T17:09:23-0600] Current time exceeds end time, skipping wait
[2024-11-05T17:09:23-0600] Saved TCP DL results to /data/data/com.termux/files/home/storage/shared/bos_la_2024_trip/att/20241105/170421255/tcp_downlink_170917722.out
[2024-11-05T17:09:23-0600] DL AVG TPUT: 
[2024-11-05T17:09:23-0600] 5G booster finished at 2024-11-05 17:09:23.867 CST, duration: 6.189 s
[2024-11-05T17:09:23-0600] -------------------------------
[2024-11-05T17:09:23-0600] Waiting for 2 s...
[2024-11-05T17:09:25-0600] -------------------------------
[2024-11-05T17:09:26-0600] TCP Ping test started at 2024-11-05 17:09:26.005 CST
[2024-11-05T17:09:57-0600] Current time exceeds end time, skipping wait
[2024-11-05T17:09:57-0600] Saved TCP Ping test to /data/data/com.termux/files/home/storage/shared/bos_la_2024_trip/att/20241105/170421255/tcp_ping_170926064.out
[2024-11-05T17:09:57-0600] TCP Ping summary (min/avg/max/mdev) 
[2024-11-05T17:09:57-0600] TCP Ping test finished at 2024-11-05 17:09:57.142 CST, duration: 31.137 s
[2024-11-05T17:09:57-0600] -------------------------------
[2024-11-05T17:09:57-0600] Waiting for 2 s...
[2024-11-05T17:09:59-0600] -------------------------------
[2024-11-05T17:09:59-0600] Traceroute test started at 2024-11-05 17:09:59.271 CST
[2024-11-05T17:10:05-0600] Waiting for 24.251 s to reach end time
[2024-11-05T17:10:29-0600] Saved traceroute test to /data/data/com.termux/files/home/storage/shared/bos_la_2024_trip/att/20241105/170421255/traceroute_170959324.out
[2024-11-05T17:10:29-0600] Traceroute summary (min/avg/max/mdev) 
[2024-11-05T17:10:29-0600] Traceroute test finished at 2024-11-05 17:10:29.371 CST, duration: 30.100 s
[2024-11-05T17:10:29-0600] -------------------------------
[2024-11-05T17:10:29-0600] All tests completed, cleaning up...
[2024-11-05T17:10:29-0600] -------------------------------
[2024-11-05T17:11:00-0600] [measurement] Load environment variables from prod.env file
[2024-11-05T17:11:00-0600] Starting a network measurement, please choose a server
[2024-11-05T17:11:00-0600] 0) West Cloud: 54.176.53.206
[2024-11-05T17:11:00-0600] 1) East Cloud: 54.197.223.49
[2024-11-05T17:11:14-0600] Enter your choice (0-1): Testing att, server 1 (ip: 54.197.223.49, nuttcp_port: 5102, iperf_port: 5002)
[2024-11-05T17:11:14-0600] -------------------------------
[2024-11-05T17:11:14-0600] tcp downlink test started at 2024-11-05 17:11:14.303 CST
[2024-11-05T17:11:14-0600] Testing tcp downlink with 54.197.223.49:5102, interval 0.5 s, duration 120 s, timeout 121 s...
[2024-11-05T17:13:15-0600] Current time exceeds end time, skipping wait
[2024-11-05T17:13:15-0600] Saved tcp downlink test to /data/data/com.termux/files/home/storage/shared/bos_la_2024_trip/att/20241105/171114282/tcp_downlink_171114329.out
[2024-11-05T17:13:15-0600] DL AVG TPUT: 
[2024-11-05T17:13:15-0600] tcp downlink test finished at 2024-11-05 17:13:15.417 CST, duration: 121.114 s
[2024-11-05T17:13:15-0600] -------------------------------
[2024-11-05T17:13:15-0600] Waiting for 2 s...
[2024-11-05T17:13:17-0600] -------------------------------
[2024-11-05T17:13:17-0600] Starting 5G booster for 5 s...
[2024-11-05T17:13:17-0600] 5G booster started at 2024-11-05 17:13:17.525 CST
[2024-11-05T17:13:23-0600] Current time exceeds end time, skipping wait
[2024-11-05T17:13:23-0600] Saved TCP DL results to /data/data/com.termux/files/home/storage/shared/bos_la_2024_trip/att/20241105/171114282/tcp_downlink_171317556.out
[2024-11-05T17:13:23-0600] DL AVG TPUT: 
[2024-11-05T17:13:23-0600] 5G booster finished at 2024-11-05 17:13:23.658 CST, duration: 6.133 s
[2024-11-05T17:13:23-0600] -------------------------------
[2024-11-05T17:13:23-0600] Waiting for 2 s...
[2024-11-05T17:13:25-0600] -------------------------------
[2024-11-05T17:13:25-0600] tcp uplink test started at 2024-11-05 17:13:25.793 CST
[2024-11-05T17:13:25-0600] testing tcp uplink with 54.197.223.49:5102, interval 0.5, duration 120, timeout 121 ...
[2024-11-05T17:15:26-0600] Current time exceeds end time, skipping wait
[2024-11-05T17:15:26-0600] Saved uplink test to /data/data/com.termux/files/home/storage/shared/bos_la_2024_trip/att/20241105/171114282/tcp_uplink_171325845.out
[2024-11-05T17:15:27-0600] UL AVG TPUT: 
[2024-11-05T17:15:27-0600] tcp uplink test finished at 2024-11-05 17:15:26.944 CST, duration: 121.151 s
[2024-11-05T17:15:27-0600] -------------------------------
[2024-11-05T17:15:27-0600] Waiting for 2 s...
[2024-11-05T17:15:29-0600] -------------------------------
[2024-11-05T17:15:29-0600] Starting 5G booster for 5 s...
[2024-11-05T17:15:29-0600] 5G booster started at 2024-11-05 17:15:29.106 CST
[2024-11-05T17:15:35-0600] Current time exceeds end time, skipping wait
[2024-11-05T17:15:35-0600] Saved TCP DL results to /data/data/com.termux/files/home/storage/shared/bos_la_2024_trip/att/20241105/171114282/tcp_downlink_171529143.out
[2024-11-05T17:15:35-0600] DL AVG TPUT: 
[2024-11-05T17:15:35-0600] 5G booster finished at 2024-11-05 17:15:35.254 CST, duration: 6.148 s
[2024-11-05T17:15:35-0600] -------------------------------
[2024-11-05T17:15:35-0600] Waiting for 2 s...
[2024-11-05T17:15:37-0600] -------------------------------
[2024-11-05T17:15:37-0600] ICMP Ping test started at 2024-11-05 17:15:37.389 CST
[2024-11-05T17:16:07-0600] Waiting for .895 s to reach end time
[2024-11-05T17:16:08-0600] Saved ping test to /data/data/com.termux/files/home/storage/shared/bos_la_2024_trip/att/20241105/171114282/icmp_ping_171537424.out
[2024-11-05T17:16:08-0600] Ping summary (min/avg/max/mdev) = 37.746/48.218/65.482/5.791 ms
[2024-11-05T17:16:08-0600] Ping test finished at 2024-11-05 17:16:08.481 CST, duration: 31.092 s
[2024-11-05T17:16:08-0600] -------------------------------
[2024-11-05T17:16:08-0600] Waiting for 2 s...
[2024-11-05T17:16:10-0600] -------------------------------
[2024-11-05T17:16:10-0600] Starting 5G booster for 5 s...
[2024-11-05T17:16:10-0600] 5G booster started at 2024-11-05 17:16:10.633 CST
[2024-11-05T17:16:16-0600] Current time exceeds end time, skipping wait
[2024-11-05T17:16:16-0600] Saved TCP DL results to /data/data/com.termux/files/home/storage/shared/bos_la_2024_trip/att/20241105/171114282/tcp_downlink_171610668.out
[2024-11-05T17:16:16-0600] DL AVG TPUT: 
[2024-11-05T17:16:16-0600] 5G booster finished at 2024-11-05 17:16:16.766 CST, duration: 6.133 s
[2024-11-05T17:16:16-0600] -------------------------------
[2024-11-05T17:16:16-0600] Waiting for 2 s...
[2024-11-05T17:16:18-0600] -------------------------------
[2024-11-05T17:16:18-0600] TCP Ping test started at 2024-11-05 17:16:18.898 CST
[2024-11-05T17:16:50-0600] Current time exceeds end time, skipping wait
[2024-11-05T17:16:50-0600] Saved TCP Ping test to /data/data/com.termux/files/home/storage/shared/bos_la_2024_trip/att/20241105/171114282/tcp_ping_171618949.out
[2024-11-05T17:16:50-0600] TCP Ping summary (min/avg/max/mdev) 
[2024-11-05T17:16:50-0600] TCP Ping test finished at 2024-11-05 17:16:50.022 CST, duration: 31.124 s
[2024-11-05T17:16:50-0600] -------------------------------
[2024-11-05T17:16:50-0600] Waiting for 2 s...
[2024-11-05T17:16:52-0600] -------------------------------
[2024-11-05T17:16:52-0600] Traceroute test started at 2024-11-05 17:16:52.111 CST
[2024-11-05T17:16:57-0600] Waiting for 24.263 s to reach end time
[2024-11-05T17:17:22-0600] Saved traceroute test to /data/data/com.termux/files/home/storage/shared/bos_la_2024_trip/att/20241105/171114282/traceroute_171652133.out
[2024-11-05T17:17:22-0600] Traceroute summary (min/avg/max/mdev) 
[2024-11-05T17:17:22-0600] Traceroute test finished at 2024-11-05 17:17:22.181 CST, duration: 30.070 s
[2024-11-05T17:17:22-0600] -------------------------------
[2024-11-05T17:17:22-0600] All tests completed, cleaning up...
[2024-11-05T17:17:22-0600] -------------------------------
[2024-11-05T17:18:23-0600] [measurement] Load environment variables from prod.env file
[2024-11-05T17:18:23-0600] Starting a network measurement, please choose a server
[2024-11-05T17:18:23-0600] 0) West Cloud: 54.176.53.206
[2024-11-05T17:18:23-0600] 1) East Cloud: 54.197.223.49
[2024-11-05T17:18:38-0600] Enter your choice (0-1): Testing att, server 1 (ip: 54.197.223.49, nuttcp_port: 5102, iperf_port: 5002)
[2024-11-05T17:18:38-0600] -------------------------------
[2024-11-05T17:18:38-0600] tcp downlink test started at 2024-11-05 17:18:38.130 CST
[2024-11-05T17:18:38-0600] Testing tcp downlink with 54.197.223.49:5102, interval 0.5 s, duration 120 s, timeout 121 s...
[2024-11-05T17:20:39-0600] Current time exceeds end time, skipping wait
[2024-11-05T17:20:39-0600] Saved tcp downlink test to /data/data/com.termux/files/home/storage/shared/bos_la_2024_trip/att/20241105/171838112/tcp_downlink_171838152.out
[2024-11-05T17:20:39-0600] DL AVG TPUT: 
[2024-11-05T17:20:39-0600] tcp downlink test finished at 2024-11-05 17:20:39.237 CST, duration: 121.107 s
[2024-11-05T17:20:39-0600] -------------------------------
[2024-11-05T17:20:39-0600] Waiting for 2 s...
[2024-11-05T17:20:41-0600] -------------------------------
[2024-11-05T17:20:41-0600] Starting 5G booster for 5 s...
[2024-11-05T17:20:41-0600] 5G booster started at 2024-11-05 17:20:41.371 CST
[2024-11-05T17:20:47-0600] Current time exceeds end time, skipping wait
[2024-11-05T17:20:47-0600] Saved TCP DL results to /data/data/com.termux/files/home/storage/shared/bos_la_2024_trip/att/20241105/171838112/tcp_downlink_172041403.out
[2024-11-05T17:20:47-0600] DL AVG TPUT: 
[2024-11-05T17:20:47-0600] 5G booster finished at 2024-11-05 17:20:47.494 CST, duration: 6.123 s
[2024-11-05T17:20:47-0600] -------------------------------
[2024-11-05T17:20:47-0600] Waiting for 2 s...
[2024-11-05T17:20:49-0600] -------------------------------
[2024-11-05T17:20:49-0600] tcp uplink test started at 2024-11-05 17:20:49.609 CST
[2024-11-05T17:20:49-0600] testing tcp uplink with 54.197.223.49:5102, interval 0.5, duration 120, timeout 121 ...
[2024-11-05T17:22:50-0600] Current time exceeds end time, skipping wait
[2024-11-05T17:22:50-0600] Saved uplink test to /data/data/com.termux/files/home/storage/shared/bos_la_2024_trip/att/20241105/171838112/tcp_uplink_172049648.out
[2024-11-05T17:22:50-0600] UL AVG TPUT: 
[2024-11-05T17:22:50-0600] tcp uplink test finished at 2024-11-05 17:22:50.754 CST, duration: 121.145 s
[2024-11-05T17:22:50-0600] -------------------------------
[2024-11-05T17:22:50-0600] Waiting for 2 s...
[2024-11-05T17:22:52-0600] -------------------------------
[2024-11-05T17:22:52-0600] Starting 5G booster for 5 s...
[2024-11-05T17:22:52-0600] 5G booster started at 2024-11-05 17:22:52.905 CST
[2024-11-05T17:22:59-0600] Current time exceeds end time, skipping wait
[2024-11-05T17:22:59-0600] Saved TCP DL results to /data/data/com.termux/files/home/storage/shared/bos_la_2024_trip/att/20241105/171838112/tcp_downlink_172252941.out
[2024-11-05T17:22:59-0600] DL AVG TPUT: 
[2024-11-05T17:22:59-0600] 5G booster finished at 2024-11-05 17:22:59.014 CST, duration: 6.109 s
[2024-11-05T17:22:59-0600] -------------------------------
[2024-11-05T17:22:59-0600] Waiting for 2 s...
[2024-11-05T17:23:01-0600] -------------------------------
[2024-11-05T17:23:01-0600] ICMP Ping test started at 2024-11-05 17:23:01.140 CST
[2024-11-05T17:23:31-0600] Waiting for .894 s to reach end time
[2024-11-05T17:23:32-0600] Saved ping test to /data/data/com.termux/files/home/storage/shared/bos_la_2024_trip/att/20241105/171838112/icmp_ping_172301177.out
[2024-11-05T17:23:32-0600] Ping summary (min/avg/max/mdev) = 38.333/46.748/211.537/15.269 ms
[2024-11-05T17:23:32-0600] Ping test finished at 2024-11-05 17:23:32.272 CST, duration: 31.132 s
[2024-11-05T17:23:32-0600] -------------------------------
[2024-11-05T17:23:32-0600] Waiting for 2 s...
[2024-11-05T17:23:34-0600] -------------------------------
[2024-11-05T17:23:34-0600] Starting 5G booster for 5 s...
[2024-11-05T17:23:34-0600] 5G booster started at 2024-11-05 17:23:34.417 CST
[2024-11-05T17:23:40-0600] Current time exceeds end time, skipping wait
[2024-11-05T17:23:40-0600] Saved TCP DL results to /data/data/com.termux/files/home/storage/shared/bos_la_2024_trip/att/20241105/171838112/tcp_downlink_172334460.out
[2024-11-05T17:23:40-0600] DL AVG TPUT: 
[2024-11-05T17:23:40-0600] 5G booster finished at 2024-11-05 17:23:40.583 CST, duration: 6.166 s
[2024-11-05T17:23:40-0600] -------------------------------
[2024-11-05T17:23:40-0600] Waiting for 2 s...
[2024-11-05T17:23:42-0600] -------------------------------
[2024-11-05T17:23:42-0600] TCP Ping test started at 2024-11-05 17:23:42.718 CST
[2024-11-05T17:24:13-0600] Current time exceeds end time, skipping wait
[2024-11-05T17:24:13-0600] Saved TCP Ping test to /data/data/com.termux/files/home/storage/shared/bos_la_2024_trip/att/20241105/171838112/tcp_ping_172342777.out
[2024-11-05T17:24:13-0600] TCP Ping summary (min/avg/max/mdev) 
[2024-11-05T17:24:13-0600] TCP Ping test finished at 2024-11-05 17:24:13.891 CST, duration: 31.173 s
[2024-11-05T17:24:13-0600] -------------------------------
[2024-11-05T17:24:13-0600] Waiting for 2 s...
[2024-11-05T17:24:15-0600] -------------------------------
[2024-11-05T17:24:16-0600] Traceroute test started at 2024-11-05 17:24:15.995 CST
[2024-11-05T17:24:21-0600] Waiting for 24.331 s to reach end time
[2024-11-05T17:24:46-0600] Saved traceroute test to /data/data/com.termux/files/home/storage/shared/bos_la_2024_trip/att/20241105/171838112/traceroute_172416025.out
[2024-11-05T17:24:46-0600] Traceroute summary (min/avg/max/mdev) 
[2024-11-05T17:24:46-0600] Traceroute test finished at 2024-11-05 17:24:46.073 CST, duration: 30.078 s
[2024-11-05T17:24:46-0600] -------------------------------
[2024-11-05T17:24:46-0600] All tests completed, cleaning up...
[2024-11-05T17:24:46-0600] -------------------------------
[2024-11-05T17:25:26-0600] [measurement] Load environment variables from prod.env file
[2024-11-05T17:25:26-0600] Starting a network measurement, please choose a server
[2024-11-05T17:25:26-0600] 0) West Cloud: 54.176.53.206
[2024-11-05T17:25:26-0600] 1) East Cloud: 54.197.223.49
[2024-11-05T17:25:35-0600] Enter your choice (0-1): Testing att, server 1 (ip: 54.197.223.49, nuttcp_port: 5102, iperf_port: 5002)
[2024-11-05T17:25:35-0600] -------------------------------
[2024-11-05T17:25:35-0600] tcp downlink test started at 2024-11-05 17:25:35.344 CST
[2024-11-05T17:25:35-0600] Testing tcp downlink with 54.197.223.49:5102, interval 0.5 s, duration 120 s, timeout 121 s...
[2024-11-05T17:27:36-0600] Current time exceeds end time, skipping wait
[2024-11-05T17:27:36-0600] Saved tcp downlink test to /data/data/com.termux/files/home/storage/shared/bos_la_2024_trip/att/20241105/172535326/tcp_downlink_172535366.out
[2024-11-05T17:27:36-0600] DL AVG TPUT: 
[2024-11-05T17:27:36-0600] tcp downlink test finished at 2024-11-05 17:27:36.450 CST, duration: 121.106 s
[2024-11-05T17:27:36-0600] -------------------------------
[2024-11-05T17:27:36-0600] Waiting for 2 s...
[2024-11-05T17:27:38-0600] -------------------------------
[2024-11-05T17:27:38-0600] Starting 5G booster for 5 s...
[2024-11-05T17:27:38-0600] 5G booster started at 2024-11-05 17:27:38.586 CST
[2024-11-05T17:27:44-0600] Current time exceeds end time, skipping wait
[2024-11-05T17:27:44-0600] Saved TCP DL results to /data/data/com.termux/files/home/storage/shared/bos_la_2024_trip/att/20241105/172535326/tcp_downlink_172738640.out
[2024-11-05T17:27:44-0600] DL AVG TPUT: 
[2024-11-05T17:27:44-0600] 5G booster finished at 2024-11-05 17:27:44.772 CST, duration: 6.186 s
[2024-11-05T17:27:44-0600] -------------------------------
[2024-11-05T17:27:44-0600] Waiting for 2 s...
[2024-11-05T17:27:46-0600] -------------------------------
[2024-11-05T17:27:46-0600] tcp uplink test started at 2024-11-05 17:27:46.911 CST
[2024-11-05T17:27:46-0600] testing tcp uplink with 54.197.223.49:5102, interval 0.5, duration 120, timeout 121 ...
[2024-11-05T17:29:48-0600] Current time exceeds end time, skipping wait
[2024-11-05T17:29:48-0600] Saved uplink test to /data/data/com.termux/files/home/storage/shared/bos_la_2024_trip/att/20241105/172535326/tcp_uplink_172746956.out
[2024-11-05T17:29:48-0600] UL AVG TPUT: 
[2024-11-05T17:29:48-0600] tcp uplink test finished at 2024-11-05 17:29:48.056 CST, duration: 121.145 s
[2024-11-05T17:29:48-0600] -------------------------------
[2024-11-05T17:29:48-0600] Waiting for 2 s...
[2024-11-05T17:29:50-0600] -------------------------------
[2024-11-05T17:29:50-0600] Starting 5G booster for 5 s...
[2024-11-05T17:29:50-0600] 5G booster started at 2024-11-05 17:29:50.205 CST
[2024-11-05T17:29:56-0600] Current time exceeds end time, skipping wait
[2024-11-05T17:29:56-0600] Saved TCP DL results to /data/data/com.termux/files/home/storage/shared/bos_la_2024_trip/att/20241105/172535326/tcp_downlink_172950242.out
[2024-11-05T17:29:56-0600] DL AVG TPUT: 
[2024-11-05T17:29:56-0600] 5G booster finished at 2024-11-05 17:29:56.355 CST, duration: 6.150 s
[2024-11-05T17:29:56-0600] -------------------------------
[2024-11-05T17:29:56-0600] Waiting for 2 s...
[2024-11-05T17:29:58-0600] -------------------------------
[2024-11-05T17:29:58-0600] ICMP Ping test started at 2024-11-05 17:29:58.472 CST
[2024-11-05T17:30:28-0600] Waiting for .879 s to reach end time
[2024-11-05T17:30:29-0600] Saved ping test to /data/data/com.termux/files/home/storage/shared/bos_la_2024_trip/att/20241105/172535326/icmp_ping_172958509.out
[2024-11-05T17:30:29-0600] Ping summary (min/avg/max/mdev) = 33.328/46.072/72.193/6.620 ms
[2024-11-05T17:30:29-0600] Ping test finished at 2024-11-05 17:30:29.572 CST, duration: 31.100 s
[2024-11-05T17:30:29-0600] -------------------------------
[2024-11-05T17:30:29-0600] Waiting for 2 s...
[2024-11-05T17:30:31-0600] -------------------------------
[2024-11-05T17:30:31-0600] Starting 5G booster for 5 s...
[2024-11-05T17:30:31-0600] 5G booster started at 2024-11-05 17:30:31.684 CST
[2024-11-05T17:30:37-0600] Current time exceeds end time, skipping wait
[2024-11-05T17:30:37-0600] Saved TCP DL results to /data/data/com.termux/files/home/storage/shared/bos_la_2024_trip/att/20241105/172535326/tcp_downlink_173031716.out
[2024-11-05T17:30:37-0600] DL AVG TPUT: 
[2024-11-05T17:30:37-0600] 5G booster finished at 2024-11-05 17:30:37.811 CST, duration: 6.127 s
[2024-11-05T17:30:37-0600] -------------------------------
[2024-11-05T17:30:37-0600] Waiting for 2 s...
[2024-11-05T17:30:39-0600] -------------------------------
[2024-11-05T17:30:39-0600] TCP Ping test started at 2024-11-05 17:30:39.912 CST
[2024-11-05T17:31:11-0600] Current time exceeds end time, skipping wait
[2024-11-05T17:31:11-0600] Saved TCP Ping test to /data/data/com.termux/files/home/storage/shared/bos_la_2024_trip/att/20241105/172535326/tcp_ping_173039943.out
[2024-11-05T17:31:11-0600] TCP Ping summary (min/avg/max/mdev) 
[2024-11-05T17:31:11-0600] TCP Ping test finished at 2024-11-05 17:31:11.031 CST, duration: 31.119 s
[2024-11-05T17:31:11-0600] -------------------------------
[2024-11-05T17:31:11-0600] Waiting for 2 s...
[2024-11-05T17:31:13-0600] -------------------------------
[2024-11-05T17:31:13-0600] Traceroute test started at 2024-11-05 17:31:13.127 CST
[2024-11-05T17:31:18-0600] Waiting for 24.327 s to reach end time
[2024-11-05T17:31:43-0600] Saved traceroute test to /data/data/com.termux/files/home/storage/shared/bos_la_2024_trip/att/20241105/172535326/traceroute_173113160.out
[2024-11-05T17:31:43-0600] Traceroute summary (min/avg/max/mdev) 
[2024-11-05T17:31:43-0600] Traceroute test finished at 2024-11-05 17:31:43.183 CST, duration: 30.056 s
[2024-11-05T17:31:43-0600] -------------------------------
[2024-11-05T17:31:43-0600] All tests completed, cleaning up...
[2024-11-05T17:31:43-0600] -------------------------------
[2024-11-05T17:32:31-0600] [measurement] Load environment variables from prod.env file
[2024-11-05T17:32:31-0600] Starting a network measurement, please choose a server
[2024-11-05T17:32:31-0600] 0) West Cloud: 54.176.53.206
[2024-11-05T17:32:31-0600] 1) East Cloud: 54.197.223.49
[2024-11-05T17:32:47-0600] Enter your choice (0-1): Testing att, server 1 (ip: 54.197.223.49, nuttcp_port: 5102, iperf_port: 5002)
[2024-11-05T17:32:47-0600] -------------------------------
[2024-11-05T17:32:47-0600] tcp downlink test started at 2024-11-05 17:32:47.718 CST
[2024-11-05T17:32:47-0600] Testing tcp downlink with 54.197.223.49:5102, interval 0.5 s, duration 120 s, timeout 121 s...
[2024-11-05T17:34:48-0600] Current time exceeds end time, skipping wait
[2024-11-05T17:34:48-0600] Saved tcp downlink test to /data/data/com.termux/files/home/storage/shared/bos_la_2024_trip/att/20241105/173247697/tcp_downlink_173247747.out
[2024-11-05T17:34:48-0600] DL AVG TPUT: 
[2024-11-05T17:34:48-0600] tcp downlink test finished at 2024-11-05 17:34:48.860 CST, duration: 121.142 s
[2024-11-05T17:34:48-0600] -------------------------------
[2024-11-05T17:34:48-0600] Waiting for 2 s...
[2024-11-05T17:34:50-0600] -------------------------------
[2024-11-05T17:34:50-0600] Starting 5G booster for 5 s...
[2024-11-05T17:34:51-0600] 5G booster started at 2024-11-05 17:34:51.001 CST
[2024-11-05T17:34:57-0600] Current time exceeds end time, skipping wait
[2024-11-05T17:34:57-0600] Saved TCP DL results to /data/data/com.termux/files/home/storage/shared/bos_la_2024_trip/att/20241105/173247697/tcp_downlink_173451046.out
[2024-11-05T17:34:57-0600] DL AVG TPUT: 
[2024-11-05T17:34:57-0600] 5G booster finished at 2024-11-05 17:34:57.146 CST, duration: 6.145 s
[2024-11-05T17:34:57-0600] -------------------------------
[2024-11-05T17:34:57-0600] Waiting for 2 s...
[2024-11-05T17:34:59-0600] -------------------------------
[2024-11-05T17:34:59-0600] tcp uplink test started at 2024-11-05 17:34:59.292 CST
[2024-11-05T17:34:59-0600] testing tcp uplink with 54.197.223.49:5102, interval 0.5, duration 120, timeout 121 ...
[2024-11-05T17:37:00-0600] Current time exceeds end time, skipping wait
[2024-11-05T17:37:00-0600] Saved uplink test to /data/data/com.termux/files/home/storage/shared/bos_la_2024_trip/att/20241105/173247697/tcp_uplink_173459332.out
[2024-11-05T17:37:00-0600] UL AVG TPUT: 
[2024-11-05T17:37:00-0600] tcp uplink test finished at 2024-11-05 17:37:00.437 CST, duration: 121.145 s
[2024-11-05T17:37:00-0600] -------------------------------
[2024-11-05T17:37:00-0600] Waiting for 2 s...
[2024-11-05T17:37:02-0600] -------------------------------
[2024-11-05T17:37:02-0600] Starting 5G booster for 5 s...
[2024-11-05T17:37:02-0600] 5G booster started at 2024-11-05 17:37:02.586 CST
[2024-11-05T17:37:08-0600] Current time exceeds end time, skipping wait
[2024-11-05T17:37:08-0600] Saved TCP DL results to /data/data/com.termux/files/home/storage/shared/bos_la_2024_trip/att/20241105/173247697/tcp_downlink_173702621.out
[2024-11-05T17:37:08-0600] DL AVG TPUT: 
[2024-11-05T17:37:08-0600] 5G booster finished at 2024-11-05 17:37:08.707 CST, duration: 6.121 s
[2024-11-05T17:37:08-0600] -------------------------------
[2024-11-05T17:37:08-0600] Waiting for 2 s...
[2024-11-05T17:37:10-0600] -------------------------------
[2024-11-05T17:37:10-0600] ICMP Ping test started at 2024-11-05 17:37:10.848 CST
[2024-11-05T17:37:41-0600] Waiting for .840 s to reach end time
[2024-11-05T17:37:41-0600] Saved ping test to /data/data/com.termux/files/home/storage/shared/bos_la_2024_trip/att/20241105/173247697/icmp_ping_173710904.out
[2024-11-05T17:37:42-0600] Ping summary (min/avg/max/mdev) = 30.897/45.698/73.390/6.119 ms
[2024-11-05T17:37:42-0600] Ping test finished at 2024-11-05 17:37:41.973 CST, duration: 31.125 s
[2024-11-05T17:37:42-0600] -------------------------------
[2024-11-05T17:37:42-0600] Waiting for 2 s...
[2024-11-05T17:37:44-0600] -------------------------------
[2024-11-05T17:37:44-0600] Starting 5G booster for 5 s...
[2024-11-05T17:37:44-0600] 5G booster started at 2024-11-05 17:37:44.104 CST
[2024-11-05T17:37:50-0600] Current time exceeds end time, skipping wait
[2024-11-05T17:37:50-0600] Saved TCP DL results to /data/data/com.termux/files/home/storage/shared/bos_la_2024_trip/att/20241105/173247697/tcp_downlink_173744138.out
[2024-11-05T17:37:50-0600] DL AVG TPUT: 
[2024-11-05T17:37:50-0600] 5G booster finished at 2024-11-05 17:37:50.230 CST, duration: 6.126 s
[2024-11-05T17:37:50-0600] -------------------------------
[2024-11-05T17:37:50-0600] Waiting for 2 s...
[2024-11-05T17:37:52-0600] -------------------------------
[2024-11-05T17:37:52-0600] TCP Ping test started at 2024-11-05 17:37:52.374 CST
[2024-11-05T17:38:23-0600] Current time exceeds end time, skipping wait
[2024-11-05T17:38:23-0600] Saved TCP Ping test to /data/data/com.termux/files/home/storage/shared/bos_la_2024_trip/att/20241105/173247697/tcp_ping_173752405.out
[2024-11-05T17:38:23-0600] TCP Ping summary (min/avg/max/mdev) 
[2024-11-05T17:38:23-0600] TCP Ping test finished at 2024-11-05 17:38:23.508 CST, duration: 31.134 s
[2024-11-05T17:38:23-0600] -------------------------------
[2024-11-05T17:38:23-0600] Waiting for 2 s...
[2024-11-05T17:38:25-0600] -------------------------------
[2024-11-05T17:38:25-0600] Traceroute test started at 2024-11-05 17:38:25.633 CST
[2024-11-05T17:38:31-0600] Waiting for 24.354 s to reach end time
[2024-11-05T17:38:55-0600] Saved traceroute test to /data/data/com.termux/files/home/storage/shared/bos_la_2024_trip/att/20241105/173247697/traceroute_173825687.out
[2024-11-05T17:38:55-0600] Traceroute summary (min/avg/max/mdev) 
[2024-11-05T17:38:55-0600] Traceroute test finished at 2024-11-05 17:38:55.733 CST, duration: 30.100 s
[2024-11-05T17:38:55-0600] -------------------------------
[2024-11-05T17:38:55-0600] All tests completed, cleaning up...
[2024-11-05T17:38:55-0600] -------------------------------
[2024-11-05T17:39:55-0600] [measurement] Load environment variables from prod.env file
[2024-11-05T17:39:55-0600] Starting a network measurement, please choose a server
[2024-11-05T17:39:55-0600] 0) West Cloud: 54.176.53.206
[2024-11-05T17:39:55-0600] 1) East Cloud: 54.197.223.49
[2024-11-05T17:40:02-0600] Enter your choice (0-1): Testing att, server 1 (ip: 54.197.223.49, nuttcp_port: 5102, iperf_port: 5002)
[2024-11-05T17:40:02-0600] -------------------------------
[2024-11-05T17:40:02-0600] tcp downlink test started at 2024-11-05 17:40:02.873 CST
[2024-11-05T17:40:02-0600] Testing tcp downlink with 54.197.223.49:5102, interval 0.5 s, duration 120 s, timeout 121 s...
[2024-11-05T17:42:03-0600] Current time exceeds end time, skipping wait
[2024-11-05T17:42:04-0600] Saved tcp downlink test to /data/data/com.termux/files/home/storage/shared/bos_la_2024_trip/att/20241105/174002854/tcp_downlink_174002906.out
[2024-11-05T17:42:04-0600] DL AVG TPUT: 
[2024-11-05T17:42:04-0600] tcp downlink test finished at 2024-11-05 17:42:04.012 CST, duration: 121.139 s
[2024-11-05T17:42:04-0600] -------------------------------
[2024-11-05T17:42:04-0600] Waiting for 2 s...
[2024-11-05T17:42:06-0600] -------------------------------
[2024-11-05T17:42:06-0600] Starting 5G booster for 5 s...
[2024-11-05T17:42:06-0600] 5G booster started at 2024-11-05 17:42:06.117 CST
[2024-11-05T17:42:12-0600] Current time exceeds end time, skipping wait
[2024-11-05T17:42:12-0600] Saved TCP DL results to /data/data/com.termux/files/home/storage/shared/bos_la_2024_trip/att/20241105/174002854/tcp_downlink_174206147.out
[2024-11-05T17:42:12-0600] DL AVG TPUT: 
[2024-11-05T17:42:12-0600] 5G booster finished at 2024-11-05 17:42:12.219 CST, duration: 6.102 s
[2024-11-05T17:42:12-0600] -------------------------------
[2024-11-05T17:42:12-0600] Waiting for 2 s...
[2024-11-05T17:42:14-0600] -------------------------------
[2024-11-05T17:42:14-0600] tcp uplink test started at 2024-11-05 17:42:14.330 CST
[2024-11-05T17:42:14-0600] testing tcp uplink with 54.197.223.49:5102, interval 0.5, duration 120, timeout 121 ...
[2024-11-05T17:44:15-0600] Current time exceeds end time, skipping wait
[2024-11-05T17:44:15-0600] Saved uplink test to /data/data/com.termux/files/home/storage/shared/bos_la_2024_trip/att/20241105/174002854/tcp_uplink_174214364.out
[2024-11-05T17:44:15-0600] UL AVG TPUT: 
[2024-11-05T17:44:15-0600] tcp uplink test finished at 2024-11-05 17:44:15.465 CST, duration: 121.135 s
[2024-11-05T17:44:15-0600] -------------------------------
[2024-11-05T17:44:15-0600] Waiting for 2 s...
[2024-11-05T17:44:17-0600] -------------------------------
[2024-11-05T17:44:17-0600] Starting 5G booster for 5 s...
[2024-11-05T17:44:17-0600] 5G booster started at 2024-11-05 17:44:17.599 CST
[2024-11-05T17:44:23-0600] Current time exceeds end time, skipping wait
[2024-11-05T17:44:23-0600] Saved TCP DL results to /data/data/com.termux/files/home/storage/shared/bos_la_2024_trip/att/20241105/174002854/tcp_downlink_174417655.out
[2024-11-05T17:44:23-0600] DL AVG TPUT: 
[2024-11-05T17:44:23-0600] 5G booster finished at 2024-11-05 17:44:23.728 CST, duration: 6.129 s
[2024-11-05T17:44:23-0600] -------------------------------
[2024-11-05T17:44:23-0600] Waiting for 2 s...
[2024-11-05T17:44:25-0600] -------------------------------
[2024-11-05T17:44:25-0600] ICMP Ping test started at 2024-11-05 17:44:25.836 CST
[2024-11-05T17:44:56-0600] Waiting for .890 s to reach end time
[2024-11-05T17:44:56-0600] Saved ping test to /data/data/com.termux/files/home/storage/shared/bos_la_2024_trip/att/20241105/174002854/icmp_ping_174425868.out
[2024-11-05T17:44:56-0600] Ping summary (min/avg/max/mdev) = 34.868/45.105/61.199/5.883 ms
[2024-11-05T17:44:57-0600] Ping test finished at 2024-11-05 17:44:56.946 CST, duration: 31.110 s
[2024-11-05T17:44:57-0600] -------------------------------
[2024-11-05T17:44:57-0600] Waiting for 2 s...
[2024-11-05T17:44:59-0600] -------------------------------
[2024-11-05T17:44:59-0600] Starting 5G booster for 5 s...
[2024-11-05T17:44:59-0600] 5G booster started at 2024-11-05 17:44:59.107 CST
[2024-11-05T17:45:05-0600] Current time exceeds end time, skipping wait
[2024-11-05T17:45:05-0600] Saved TCP DL results to /data/data/com.termux/files/home/storage/shared/bos_la_2024_trip/att/20241105/174002854/tcp_downlink_174459146.out
[2024-11-05T17:45:05-0600] DL AVG TPUT: 
[2024-11-05T17:45:05-0600] 5G booster finished at 2024-11-05 17:45:05.241 CST, duration: 6.134 s
[2024-11-05T17:45:05-0600] -------------------------------
[2024-11-05T17:45:05-0600] Waiting for 2 s...
[2024-11-05T17:45:07-0600] -------------------------------
[2024-11-05T17:45:07-0600] TCP Ping test started at 2024-11-05 17:45:07.371 CST
[2024-11-05T17:45:38-0600] Current time exceeds end time, skipping wait
[2024-11-05T17:45:38-0600] Saved TCP Ping test to /data/data/com.termux/files/home/storage/shared/bos_la_2024_trip/att/20241105/174002854/tcp_ping_174507410.out
[2024-11-05T17:45:38-0600] TCP Ping summary (min/avg/max/mdev) 
[2024-11-05T17:45:38-0600] TCP Ping test finished at 2024-11-05 17:45:38.531 CST, duration: 31.160 s
[2024-11-05T17:45:38-0600] -------------------------------
[2024-11-05T17:45:38-0600] Waiting for 2 s...
[2024-11-05T17:45:40-0600] -------------------------------
[2024-11-05T17:45:40-0600] Traceroute test started at 2024-11-05 17:45:40.640 CST
[2024-11-05T17:45:46-0600] Waiting for 24.392 s to reach end time
[2024-11-05T17:46:10-0600] Saved traceroute test to /data/data/com.termux/files/home/storage/shared/bos_la_2024_trip/att/20241105/174002854/traceroute_174540667.out
[2024-11-05T17:46:10-0600] Traceroute summary (min/avg/max/mdev) 
[2024-11-05T17:46:10-0600] Traceroute test finished at 2024-11-05 17:46:10.728 CST, duration: 30.088 s
[2024-11-05T17:46:10-0600] -------------------------------
[2024-11-05T17:46:10-0600] All tests completed, cleaning up...
[2024-11-05T17:46:10-0600] -------------------------------
[2024-11-05T17:51:12-0600] [measurement] Load environment variables from prod.env file
[2024-11-05T17:51:12-0600] Starting a network measurement, please choose a server
[2024-11-05T17:51:12-0600] 0) West Cloud: 54.176.53.206
[2024-11-05T17:51:12-0600] 1) East Cloud: 54.197.223.49
[2024-11-05T17:51:12-0600] Enter your choice (0-1): Invalid choice, please enter a number in range
[2024-11-05T17:51:12-0600] Starting a network measurement, please choose a server
[2024-11-05T17:51:12-0600] 0) West Cloud: 54.176.53.206
[2024-11-05T17:51:12-0600] 1) East Cloud: 54.197.223.49
[2024-11-05T17:51:23-0600] Enter your choice (0-1): Testing att, server 1 (ip: 54.197.223.49, nuttcp_port: 5102, iperf_port: 5002)
[2024-11-05T17:51:23-0600] -------------------------------
[2024-11-05T17:51:23-0600] tcp downlink test started at 2024-11-05 17:51:23.410 CST
[2024-11-05T17:51:23-0600] Testing tcp downlink with 54.197.223.49:5102, interval 0.5 s, duration 120 s, timeout 121 s...
[2024-11-05T17:53:24-0600] Current time exceeds end time, skipping wait
[2024-11-05T17:53:24-0600] Saved tcp downlink test to /data/data/com.termux/files/home/storage/shared/bos_la_2024_trip/att/20241105/175123378/tcp_downlink_175123434.out
[2024-11-05T17:53:24-0600] DL AVG TPUT: 
[2024-11-05T17:53:24-0600] tcp downlink test finished at 2024-11-05 17:53:24.531 CST, duration: 121.121 s
[2024-11-05T17:53:24-0600] -------------------------------
[2024-11-05T17:53:24-0600] Waiting for 2 s...
[2024-11-05T17:53:26-0600] -------------------------------
[2024-11-05T17:53:26-0600] Starting 5G booster for 5 s...
[2024-11-05T17:53:26-0600] 5G booster started at 2024-11-05 17:53:26.634 CST
[2024-11-05T17:53:32-0600] Current time exceeds end time, skipping wait
[2024-11-05T17:53:32-0600] Saved TCP DL results to /data/data/com.termux/files/home/storage/shared/bos_la_2024_trip/att/20241105/175123378/tcp_downlink_175326665.out
[2024-11-05T17:53:32-0600] DL AVG TPUT: 
[2024-11-05T17:53:32-0600] 5G booster finished at 2024-11-05 17:53:32.744 CST, duration: 6.110 s
[2024-11-05T17:53:32-0600] -------------------------------
[2024-11-05T17:53:32-0600] Waiting for 2 s...
[2024-11-05T17:53:34-0600] -------------------------------
[2024-11-05T17:53:34-0600] tcp uplink test started at 2024-11-05 17:53:34.851 CST
[2024-11-05T17:53:34-0600] testing tcp uplink with 54.197.223.49:5102, interval 0.5, duration 120, timeout 121 ...
[2024-11-05T17:55:35-0600] Current time exceeds end time, skipping wait
[2024-11-05T17:55:36-0600] Saved uplink test to /data/data/com.termux/files/home/storage/shared/bos_la_2024_trip/att/20241105/175123378/tcp_uplink_175334898.out
[2024-11-05T17:55:36-0600] UL AVG TPUT: 
[2024-11-05T17:55:36-0600] tcp uplink test finished at 2024-11-05 17:55:35.989 CST, duration: 121.138 s
[2024-11-05T17:55:36-0600] -------------------------------
[2024-11-05T17:55:36-0600] Waiting for 2 s...
[2024-11-05T17:55:38-0600] -------------------------------
[2024-11-05T17:55:38-0600] Starting 5G booster for 5 s...
[2024-11-05T17:55:38-0600] 5G booster started at 2024-11-05 17:55:38.128 CST
[2024-11-05T17:55:44-0600] Current time exceeds end time, skipping wait
[2024-11-05T17:55:44-0600] Saved TCP DL results to /data/data/com.termux/files/home/storage/shared/bos_la_2024_trip/att/20241105/175123378/tcp_downlink_175538200.out
[2024-11-05T17:55:44-0600] DL AVG TPUT: 
[2024-11-05T17:55:44-0600] 5G booster finished at 2024-11-05 17:55:44.305 CST, duration: 6.177 s
[2024-11-05T17:55:44-0600] -------------------------------
[2024-11-05T17:55:44-0600] Waiting for 2 s...
[2024-11-05T17:55:46-0600] -------------------------------
[2024-11-05T17:55:46-0600] ICMP Ping test started at 2024-11-05 17:55:46.425 CST
[2024-11-05T17:56:16-0600] Waiting for .873 s to reach end time
[2024-11-05T17:56:17-0600] Saved ping test to /data/data/com.termux/files/home/storage/shared/bos_la_2024_trip/att/20241105/175123378/icmp_ping_175546462.out
[2024-11-05T17:56:17-0600] Ping summary (min/avg/max/mdev) = 31.313/48.385/99.324/8.385 ms
[2024-11-05T17:56:17-0600] Ping test finished at 2024-11-05 17:56:17.498 CST, duration: 31.073 s
[2024-11-05T17:56:17-0600] -------------------------------
[2024-11-05T17:56:17-0600] Waiting for 2 s...
[2024-11-05T17:56:19-0600] -------------------------------
[2024-11-05T17:56:19-0600] Starting 5G booster for 5 s...
[2024-11-05T17:56:19-0600] 5G booster started at 2024-11-05 17:56:19.610 CST
[2024-11-05T17:56:25-0600] Current time exceeds end time, skipping wait
[2024-11-05T17:56:25-0600] Saved TCP DL results to /data/data/com.termux/files/home/storage/shared/bos_la_2024_trip/att/20241105/175123378/tcp_downlink_175619641.out
[2024-11-05T17:56:25-0600] DL AVG TPUT: 
[2024-11-05T17:56:25-0600] 5G booster finished at 2024-11-05 17:56:25.735 CST, duration: 6.125 s
[2024-11-05T17:56:25-0600] -------------------------------
[2024-11-05T17:56:25-0600] Waiting for 2 s...
[2024-11-05T17:56:27-0600] -------------------------------
[2024-11-05T17:56:27-0600] TCP Ping test started at 2024-11-05 17:56:27.842 CST
[2024-11-05T17:56:58-0600] Current time exceeds end time, skipping wait
[2024-11-05T17:56:59-0600] Saved TCP Ping test to /data/data/com.termux/files/home/storage/shared/bos_la_2024_trip/att/20241105/175123378/tcp_ping_175627874.out
[2024-11-05T17:56:59-0600] TCP Ping summary (min/avg/max/mdev) 
[2024-11-05T17:56:59-0600] TCP Ping test finished at 2024-11-05 17:56:59.019 CST, duration: 31.177 s
[2024-11-05T17:56:59-0600] -------------------------------
[2024-11-05T17:56:59-0600] Waiting for 2 s...
[2024-11-05T17:57:01-0600] -------------------------------
[2024-11-05T17:57:01-0600] Traceroute test started at 2024-11-05 17:57:01.148 CST
[2024-11-05T17:57:06-0600] Waiting for 24.249 s to reach end time
[2024-11-05T17:57:31-0600] Saved traceroute test to /data/data/com.termux/files/home/storage/shared/bos_la_2024_trip/att/20241105/175123378/traceroute_175701179.out
[2024-11-05T17:57:31-0600] Traceroute summary (min/avg/max/mdev) 
[2024-11-05T17:57:31-0600] Traceroute test finished at 2024-11-05 17:57:31.218 CST, duration: 30.070 s
[2024-11-05T17:57:31-0600] -------------------------------
[2024-11-05T17:57:31-0600] All tests completed, cleaning up...
[2024-11-05T17:57:31-0600] -------------------------------
[2024-11-05T17:58:02-0600] [measurement] Load environment variables from prod.env file
[2024-11-05T17:58:02-0600] Starting a network measurement, please choose a server
[2024-11-05T17:58:02-0600] 0) West Cloud: 54.176.53.206
[2024-11-05T17:58:02-0600] 1) East Cloud: 54.197.223.49
[2024-11-05T17:58:30-0600] Enter your choice (0-1): Testing att, server 1 (ip: 54.197.223.49, nuttcp_port: 5102, iperf_port: 5002)
[2024-11-05T17:58:30-0600] -------------------------------
[2024-11-05T17:58:30-0600] tcp downlink test started at 2024-11-05 17:58:30.091 CST
[2024-11-05T17:58:30-0600] Testing tcp downlink with 54.197.223.49:5102, interval 0.5 s, duration 120 s, timeout 121 s...
[2024-11-05T18:00:31-0600] Current time exceeds end time, skipping wait
[2024-11-05T18:00:31-0600] Saved tcp downlink test to /data/data/com.termux/files/home/storage/shared/bos_la_2024_trip/att/20241105/175830073/tcp_downlink_175830115.out
[2024-11-05T18:00:31-0600] DL AVG TPUT: 
[2024-11-05T18:00:31-0600] tcp downlink test finished at 2024-11-05 18:00:31.229 CST, duration: 121.138 s
[2024-11-05T18:00:31-0600] -------------------------------
[2024-11-05T18:00:31-0600] Waiting for 2 s...
[2024-11-05T18:00:33-0600] -------------------------------
[2024-11-05T18:00:33-0600] Starting 5G booster for 5 s...
[2024-11-05T18:00:33-0600] 5G booster started at 2024-11-05 18:00:33.372 CST
[2024-11-05T18:00:39-0600] Current time exceeds end time, skipping wait
[2024-11-05T18:00:39-0600] Saved TCP DL results to /data/data/com.termux/files/home/storage/shared/bos_la_2024_trip/att/20241105/175830073/tcp_downlink_180033395.out
[2024-11-05T18:00:39-0600] DL AVG TPUT: 
[2024-11-05T18:00:39-0600] 5G booster finished at 2024-11-05 18:00:39.461 CST, duration: 6.089 s
[2024-11-05T18:00:39-0600] -------------------------------
[2024-11-05T18:00:39-0600] Waiting for 2 s...
[2024-11-05T18:00:41-0600] -------------------------------
[2024-11-05T18:00:41-0600] tcp uplink test started at 2024-11-05 18:00:41.574 CST
[2024-11-05T18:00:41-0600] testing tcp uplink with 54.197.223.49:5102, interval 0.5, duration 120, timeout 121 ...
[2024-11-05T18:02:42-0600] Current time exceeds end time, skipping wait
[2024-11-05T18:02:42-0600] Saved uplink test to /data/data/com.termux/files/home/storage/shared/bos_la_2024_trip/att/20241105/175830073/tcp_uplink_180041629.out
[2024-11-05T18:02:42-0600] UL AVG TPUT: 
[2024-11-05T18:02:42-0600] tcp uplink test finished at 2024-11-05 18:02:42.717 CST, duration: 121.143 s
[2024-11-05T18:02:42-0600] -------------------------------
[2024-11-05T18:02:42-0600] Waiting for 2 s...
[2024-11-05T18:02:44-0600] -------------------------------
[2024-11-05T18:02:44-0600] Starting 5G booster for 5 s...
[2024-11-05T18:02:44-0600] 5G booster started at 2024-11-05 18:02:44.850 CST
[2024-11-05T18:02:50-0600] Current time exceeds end time, skipping wait
[2024-11-05T18:02:50-0600] Saved TCP DL results to /data/data/com.termux/files/home/storage/shared/bos_la_2024_trip/att/20241105/175830073/tcp_downlink_180244877.out
[2024-11-05T18:02:50-0600] DL AVG TPUT: 
[2024-11-05T18:02:51-0600] 5G booster finished at 2024-11-05 18:02:50.966 CST, duration: 6.116 s
[2024-11-05T18:02:51-0600] -------------------------------
[2024-11-05T18:02:51-0600] Waiting for 2 s...
[2024-11-05T18:02:53-0600] -------------------------------
[2024-11-05T18:02:53-0600] ICMP Ping test started at 2024-11-05 18:02:53.118 CST
[2024-11-05T18:03:23-0600] Waiting for .902 s to reach end time
[2024-11-05T18:03:24-0600] Saved ping test to /data/data/com.termux/files/home/storage/shared/bos_la_2024_trip/att/20241105/175830073/icmp_ping_180253146.out
[2024-11-05T18:03:24-0600] Ping summary (min/avg/max/mdev) = 30.092/50.016/171.678/14.626 ms
[2024-11-05T18:03:24-0600] Ping test finished at 2024-11-05 18:03:24.204 CST, duration: 31.086 s
[2024-11-05T18:03:24-0600] -------------------------------
[2024-11-05T18:03:24-0600] Waiting for 2 s...
[2024-11-05T18:03:26-0600] -------------------------------
[2024-11-05T18:03:26-0600] Starting 5G booster for 5 s...
[2024-11-05T18:03:26-0600] 5G booster started at 2024-11-05 18:03:26.325 CST
[2024-11-05T18:03:32-0600] Current time exceeds end time, skipping wait
[2024-11-05T18:03:32-0600] Saved TCP DL results to /data/data/com.termux/files/home/storage/shared/bos_la_2024_trip/att/20241105/175830073/tcp_downlink_180326358.out
[2024-11-05T18:03:32-0600] DL AVG TPUT: 
[2024-11-05T18:03:32-0600] 5G booster finished at 2024-11-05 18:03:32.483 CST, duration: 6.158 s
[2024-11-05T18:03:32-0600] -------------------------------
[2024-11-05T18:03:32-0600] Waiting for 2 s...
[2024-11-05T18:03:34-0600] -------------------------------
[2024-11-05T18:03:34-0600] TCP Ping test started at 2024-11-05 18:03:34.610 CST
[2024-11-05T18:04:05-0600] Current time exceeds end time, skipping wait
[2024-11-05T18:04:05-0600] Saved TCP Ping test to /data/data/com.termux/files/home/storage/shared/bos_la_2024_trip/att/20241105/175830073/tcp_ping_180334640.out
[2024-11-05T18:04:05-0600] TCP Ping summary (min/avg/max/mdev) 
[2024-11-05T18:04:05-0600] TCP Ping test finished at 2024-11-05 18:04:05.740 CST, duration: 31.130 s
[2024-11-05T18:04:05-0600] -------------------------------
[2024-11-05T18:04:05-0600] Waiting for 2 s...
[2024-11-05T18:04:07-0600] -------------------------------
[2024-11-05T18:04:07-0600] Traceroute test started at 2024-11-05 18:04:07.857 CST
[2024-11-05T18:04:13-0600] Waiting for 24.096 s to reach end time
[2024-11-05T18:04:37-0600] Saved traceroute test to /data/data/com.termux/files/home/storage/shared/bos_la_2024_trip/att/20241105/175830073/traceroute_180407890.out
[2024-11-05T18:04:37-0600] Traceroute summary (min/avg/max/mdev) 
[2024-11-05T18:04:38-0600] Traceroute test finished at 2024-11-05 18:04:37.945 CST, duration: 30.088 s
[2024-11-05T18:04:38-0600] -------------------------------
[2024-11-05T18:04:38-0600] All tests completed, cleaning up...
[2024-11-05T18:04:38-0600] -------------------------------
[2024-11-05T18:05:07-0600] [measurement] Load environment variables from prod.env file
[2024-11-05T18:05:07-0600] Starting a network measurement, please choose a server
[2024-11-05T18:05:07-0600] 0) West Cloud: 54.176.53.206
[2024-11-05T18:05:07-0600] 1) East Cloud: 54.197.223.49
[2024-11-05T18:05:27-0600] Enter your choice (0-1): Testing att, server 1 (ip: 54.197.223.49, nuttcp_port: 5102, iperf_port: 5002)
[2024-11-05T18:05:27-0600] -------------------------------
[2024-11-05T18:05:27-0600] tcp downlink test started at 2024-11-05 18:05:27.423 CST
[2024-11-05T18:05:27-0600] Testing tcp downlink with 54.197.223.49:5102, interval 0.5 s, duration 120 s, timeout 121 s...
[2024-11-05T18:07:28-0600] Current time exceeds end time, skipping wait
[2024-11-05T18:07:28-0600] Saved tcp downlink test to /data/data/com.termux/files/home/storage/shared/bos_la_2024_trip/att/20241105/180527405/tcp_downlink_180527445.out
[2024-11-05T18:07:28-0600] DL AVG TPUT: 
[2024-11-05T18:07:28-0600] tcp downlink test finished at 2024-11-05 18:07:28.538 CST, duration: 121.115 s
[2024-11-05T18:07:28-0600] -------------------------------
[2024-11-05T18:07:28-0600] Waiting for 2 s...
[2024-11-05T18:07:30-0600] -------------------------------
[2024-11-05T18:07:30-0600] Starting 5G booster for 5 s...
[2024-11-05T18:07:30-0600] 5G booster started at 2024-11-05 18:07:30.666 CST
[2024-11-05T18:07:36-0600] Current time exceeds end time, skipping wait
[2024-11-05T18:07:36-0600] Saved TCP DL results to /data/data/com.termux/files/home/storage/shared/bos_la_2024_trip/att/20241105/180527405/tcp_downlink_180730717.out
[2024-11-05T18:07:36-0600] DL AVG TPUT: 
[2024-11-05T18:07:36-0600] 5G booster finished at 2024-11-05 18:07:36.806 CST, duration: 6.140 s
[2024-11-05T18:07:36-0600] -------------------------------
[2024-11-05T18:07:36-0600] Waiting for 2 s...
[2024-11-05T18:07:38-0600] -------------------------------
[2024-11-05T18:07:38-0600] tcp uplink test started at 2024-11-05 18:07:38.916 CST
[2024-11-05T18:07:38-0600] testing tcp uplink with 54.197.223.49:5102, interval 0.5, duration 120, timeout 121 ...
[2024-11-05T18:09:40-0600] Current time exceeds end time, skipping wait
[2024-11-05T18:09:40-0600] Saved uplink test to /data/data/com.termux/files/home/storage/shared/bos_la_2024_trip/att/20241105/180527405/tcp_uplink_180738945.out
[2024-11-05T18:09:40-0600] UL AVG TPUT: 
[2024-11-05T18:09:40-0600] tcp uplink test finished at 2024-11-05 18:09:40.061 CST, duration: 121.145 s
[2024-11-05T18:09:40-0600] -------------------------------
[2024-11-05T18:09:40-0600] Waiting for 2 s...
[2024-11-05T18:09:42-0600] -------------------------------
[2024-11-05T18:09:42-0600] Starting 5G booster for 5 s...
[2024-11-05T18:09:42-0600] 5G booster started at 2024-11-05 18:09:42.184 CST
[2024-11-05T18:09:48-0600] Current time exceeds end time, skipping wait
[2024-11-05T18:09:48-0600] Saved TCP DL results to /data/data/com.termux/files/home/storage/shared/bos_la_2024_trip/att/20241105/180527405/tcp_downlink_180942241.out
[2024-11-05T18:09:48-0600] DL AVG TPUT: 
[2024-11-05T18:09:48-0600] 5G booster finished at 2024-11-05 18:09:48.329 CST, duration: 6.145 s
[2024-11-05T18:09:48-0600] -------------------------------
[2024-11-05T18:09:48-0600] Waiting for 2 s...
[2024-11-05T18:09:50-0600] -------------------------------
[2024-11-05T18:09:50-0600] ICMP Ping test started at 2024-11-05 18:09:50.457 CST
[2024-11-05T18:10:20-0600] Waiting for .889 s to reach end time
[2024-11-05T18:10:21-0600] Saved ping test to /data/data/com.termux/files/home/storage/shared/bos_la_2024_trip/att/20241105/180527405/icmp_ping_180950509.out
[2024-11-05T18:10:21-0600] Ping summary (min/avg/max/mdev) = 34.417/50.579/263.573/19.313 ms
[2024-11-05T18:10:21-0600] Ping test finished at 2024-11-05 18:10:21.553 CST, duration: 31.096 s
[2024-11-05T18:10:21-0600] -------------------------------
[2024-11-05T18:10:21-0600] Waiting for 2 s...
[2024-11-05T18:10:23-0600] -------------------------------
[2024-11-05T18:10:23-0600] Starting 5G booster for 5 s...
[2024-11-05T18:10:23-0600] 5G booster started at 2024-11-05 18:10:23.657 CST
[2024-11-05T18:10:29-0600] Current time exceeds end time, skipping wait
[2024-11-05T18:10:29-0600] Saved TCP DL results to /data/data/com.termux/files/home/storage/shared/bos_la_2024_trip/att/20241105/180527405/tcp_downlink_181023707.out
[2024-11-05T18:10:29-0600] DL AVG TPUT: 
[2024-11-05T18:10:29-0600] 5G booster finished at 2024-11-05 18:10:29.768 CST, duration: 6.111 s
[2024-11-05T18:10:29-0600] -------------------------------
[2024-11-05T18:10:29-0600] Waiting for 2 s...
[2024-11-05T18:10:31-0600] -------------------------------
[2024-11-05T18:10:31-0600] TCP Ping test started at 2024-11-05 18:10:31.859 CST
[2024-11-05T18:11:03-0600] Current time exceeds end time, skipping wait
[2024-11-05T18:11:03-0600] Saved TCP Ping test to /data/data/com.termux/files/home/storage/shared/bos_la_2024_trip/att/20241105/180527405/tcp_ping_181031892.out
[2024-11-05T18:11:03-0600] TCP Ping summary (min/avg/max/mdev) 
[2024-11-05T18:11:03-0600] TCP Ping test finished at 2024-11-05 18:11:03.012 CST, duration: 31.153 s
[2024-11-05T18:11:03-0600] -------------------------------
[2024-11-05T18:11:03-0600] Waiting for 2 s...
[2024-11-05T18:11:05-0600] -------------------------------
[2024-11-05T18:11:05-0600] Traceroute test started at 2024-11-05 18:11:05.176 CST
[2024-11-05T18:11:10-0600] Waiting for 24.316 s to reach end time
[2024-11-05T18:11:35-0600] Saved traceroute test to /data/data/com.termux/files/home/storage/shared/bos_la_2024_trip/att/20241105/180527405/traceroute_181105229.out
[2024-11-05T18:11:35-0600] Traceroute summary (min/avg/max/mdev) 
[2024-11-05T18:11:35-0600] Traceroute test finished at 2024-11-05 18:11:35.265 CST, duration: 30.089 s
[2024-11-05T18:11:35-0600] -------------------------------
[2024-11-05T18:11:35-0600] All tests completed, cleaning up...
[2024-11-05T18:11:35-0600] -------------------------------
[2024-11-05T18:12:20-0600] [measurement] Load environment variables from prod.env file
[2024-11-05T18:12:20-0600] Starting a network measurement, please choose a server
[2024-11-05T18:12:20-0600] 0) West Cloud: 54.176.53.206
[2024-11-05T18:12:20-0600] 1) East Cloud: 54.197.223.49
[2024-11-05T18:12:46-0600] Enter your choice (0-1): Testing att, server 1 (ip: 54.197.223.49, nuttcp_port: 5102, iperf_port: 5002)
[2024-11-05T18:12:46-0600] -------------------------------
[2024-11-05T18:12:46-0600] tcp downlink test started at 2024-11-05 18:12:46.593 CST
[2024-11-05T18:12:46-0600] Testing tcp downlink with 54.197.223.49:5102, interval 0.5 s, duration 120 s, timeout 121 s...
[2024-11-05T18:14:47-0600] Current time exceeds end time, skipping wait
[2024-11-05T18:14:47-0600] Saved tcp downlink test to /data/data/com.termux/files/home/storage/shared/bos_la_2024_trip/att/20241105/181246572/tcp_downlink_181246619.out
[2024-11-05T18:14:47-0600] DL AVG TPUT: 
[2024-11-05T18:14:47-0600] tcp downlink test finished at 2024-11-05 18:14:47.722 CST, duration: 121.129 s
[2024-11-05T18:14:47-0600] -------------------------------
[2024-11-05T18:14:47-0600] Waiting for 2 s...
[2024-11-05T18:14:49-0600] -------------------------------
[2024-11-05T18:14:49-0600] Starting 5G booster for 5 s...
[2024-11-05T18:14:49-0600] 5G booster started at 2024-11-05 18:14:49.832 CST
[2024-11-05T18:14:55-0600] Current time exceeds end time, skipping wait
[2024-11-05T18:14:55-0600] Saved TCP DL results to /data/data/com.termux/files/home/storage/shared/bos_la_2024_trip/att/20241105/181246572/tcp_downlink_181449880.out
[2024-11-05T18:14:55-0600] DL AVG TPUT: 
[2024-11-05T18:14:56-0600] 5G booster finished at 2024-11-05 18:14:55.958 CST, duration: 6.126 s
[2024-11-05T18:14:56-0600] -------------------------------
[2024-11-05T18:14:56-0600] Waiting for 2 s...
[2024-11-05T18:14:58-0600] -------------------------------
[2024-11-05T18:14:58-0600] tcp uplink test started at 2024-11-05 18:14:58.064 CST
[2024-11-05T18:14:58-0600] testing tcp uplink with 54.197.223.49:5102, interval 0.5, duration 120, timeout 121 ...
[2024-11-05T18:16:58-0600] Waiting for .117 s to reach end time
[2024-11-05T18:16:59-0600] Saved uplink test to /data/data/com.termux/files/home/storage/shared/bos_la_2024_trip/att/20241105/181246572/tcp_uplink_181458093.out
[2024-11-05T18:16:59-0600] UL AVG TPUT: 92.3209 Mbps
[2024-11-05T18:16:59-0600] tcp uplink test finished at 2024-11-05 18:16:59.142 CST, duration: 121.078 s
[2024-11-05T18:16:59-0600] -------------------------------
[2024-11-05T18:16:59-0600] Waiting for 2 s...
[2024-11-05T18:17:01-0600] -------------------------------
[2024-11-05T18:17:01-0600] Starting 5G booster for 5 s...
[2024-11-05T18:17:01-0600] 5G booster started at 2024-11-05 18:17:01.294 CST
[2024-11-05T18:17:07-0600] Current time exceeds end time, skipping wait
[2024-11-05T18:17:07-0600] Saved TCP DL results to /data/data/com.termux/files/home/storage/shared/bos_la_2024_trip/att/20241105/181246572/tcp_downlink_181701323.out
[2024-11-05T18:17:07-0600] DL AVG TPUT: 
[2024-11-05T18:17:07-0600] 5G booster finished at 2024-11-05 18:17:07.415 CST, duration: 6.121 s
[2024-11-05T18:17:07-0600] -------------------------------
[2024-11-05T18:17:07-0600] Waiting for 2 s...
[2024-11-05T18:17:09-0600] -------------------------------
[2024-11-05T18:17:09-0600] ICMP Ping test started at 2024-11-05 18:17:09.507 CST
[2024-11-05T18:17:39-0600] Waiting for .890 s to reach end time
[2024-11-05T18:17:40-0600] Saved ping test to /data/data/com.termux/files/home/storage/shared/bos_la_2024_trip/att/20241105/181246572/icmp_ping_181709541.out
[2024-11-05T18:17:40-0600] Ping summary (min/avg/max/mdev) = 29.747/45.983/210.208/16.332 ms
[2024-11-05T18:17:40-0600] Ping test finished at 2024-11-05 18:17:40.593 CST, duration: 31.086 s
[2024-11-05T18:17:40-0600] -------------------------------
[2024-11-05T18:17:40-0600] Waiting for 2 s...
[2024-11-05T18:17:42-0600] -------------------------------
[2024-11-05T18:17:42-0600] Starting 5G booster for 5 s...
[2024-11-05T18:17:42-0600] 5G booster started at 2024-11-05 18:17:42.706 CST
[2024-11-05T18:17:48-0600] Current time exceeds end time, skipping wait
[2024-11-05T18:17:48-0600] Saved TCP DL results to /data/data/com.termux/files/home/storage/shared/bos_la_2024_trip/att/20241105/181246572/tcp_downlink_181742735.out
[2024-11-05T18:17:48-0600] DL AVG TPUT: 
[2024-11-05T18:17:48-0600] 5G booster finished at 2024-11-05 18:17:48.852 CST, duration: 6.146 s
[2024-11-05T18:17:48-0600] -------------------------------
[2024-11-05T18:17:48-0600] Waiting for 2 s...
[2024-11-05T18:17:50-0600] -------------------------------
[2024-11-05T18:17:51-0600] TCP Ping test started at 2024-11-05 18:17:50.988 CST
[2024-11-05T18:18:22-0600] Current time exceeds end time, skipping wait
[2024-11-05T18:18:22-0600] Saved TCP Ping test to /data/data/com.termux/files/home/storage/shared/bos_la_2024_trip/att/20241105/181246572/tcp_ping_181751015.out
[2024-11-05T18:18:22-0600] TCP Ping summary (min/avg/max/mdev) 
[2024-11-05T18:18:22-0600] TCP Ping test finished at 2024-11-05 18:18:22.088 CST, duration: 31.100 s
[2024-11-05T18:18:22-0600] -------------------------------
[2024-11-05T18:18:22-0600] Waiting for 2 s...
[2024-11-05T18:18:24-0600] -------------------------------
[2024-11-05T18:18:24-0600] Traceroute test started at 2024-11-05 18:18:24.183 CST
[2024-11-05T18:18:30-0600] Waiting for 24.184 s to reach end time
[2024-11-05T18:18:54-0600] Saved traceroute test to /data/data/com.termux/files/home/storage/shared/bos_la_2024_trip/att/20241105/181246572/traceroute_181824219.out
[2024-11-05T18:18:54-0600] Traceroute summary (min/avg/max/mdev) 
[2024-11-05T18:18:54-0600] Traceroute test finished at 2024-11-05 18:18:54.275 CST, duration: 30.092 s
[2024-11-05T18:18:54-0600] -------------------------------
[2024-11-05T18:18:54-0600] All tests completed, cleaning up...
[2024-11-05T18:18:54-0600] -------------------------------
[2024-11-05T18:19:29-0600] [measurement] Load environment variables from prod.env file
[2024-11-05T18:19:29-0600] Starting a network measurement, please choose a server
[2024-11-05T18:19:29-0600] 0) West Cloud: 54.176.53.206
[2024-11-05T18:19:29-0600] 1) East Cloud: 54.197.223.49
[2024-11-05T18:19:43-0600] Enter your choice (0-1): Testing att, server 1 (ip: 54.197.223.49, nuttcp_port: 5102, iperf_port: 5002)
[2024-11-05T18:19:43-0600] -------------------------------
[2024-11-05T18:19:43-0600] tcp downlink test started at 2024-11-05 18:19:43.848 CST
[2024-11-05T18:19:43-0600] Testing tcp downlink with 54.197.223.49:5102, interval 0.5 s, duration 120 s, timeout 121 s...
[2024-11-05T18:21:44-0600] Current time exceeds end time, skipping wait
[2024-11-05T18:21:44-0600] Saved tcp downlink test to /data/data/com.termux/files/home/storage/shared/bos_la_2024_trip/att/20241105/181943832/tcp_downlink_181943869.out
[2024-11-05T18:21:44-0600] DL AVG TPUT: 
[2024-11-05T18:21:44-0600] tcp downlink test finished at 2024-11-05 18:21:44.929 CST, duration: 121.081 s
[2024-11-05T18:21:44-0600] -------------------------------
[2024-11-05T18:21:44-0600] Waiting for 2 s...
[2024-11-05T18:21:47-0600] -------------------------------
[2024-11-05T18:21:47-0600] Starting 5G booster for 5 s...
[2024-11-05T18:21:47-0600] 5G booster started at 2024-11-05 18:21:47.033 CST
[2024-11-05T18:21:53-0600] Current time exceeds end time, skipping wait
[2024-11-05T18:21:53-0600] Saved TCP DL results to /data/data/com.termux/files/home/storage/shared/bos_la_2024_trip/att/20241105/181943832/tcp_downlink_182147056.out
[2024-11-05T18:21:53-0600] DL AVG TPUT: 
[2024-11-05T18:21:53-0600] 5G booster finished at 2024-11-05 18:21:53.161 CST, duration: 6.128 s
[2024-11-05T18:21:53-0600] -------------------------------
[2024-11-05T18:21:53-0600] Waiting for 2 s...
[2024-11-05T18:21:55-0600] -------------------------------
[2024-11-05T18:21:55-0600] tcp uplink test started at 2024-11-05 18:21:55.298 CST
[2024-11-05T18:21:55-0600] testing tcp uplink with 54.197.223.49:5102, interval 0.5, duration 120, timeout 121 ...
[2024-11-05T18:23:56-0600] Current time exceeds end time, skipping wait
[2024-11-05T18:23:56-0600] Saved uplink test to /data/data/com.termux/files/home/storage/shared/bos_la_2024_trip/att/20241105/181943832/tcp_uplink_182155345.out
[2024-11-05T18:23:56-0600] UL AVG TPUT: 59.4505 Mbps
[2024-11-05T18:23:56-0600] tcp uplink test finished at 2024-11-05 18:23:56.415 CST, duration: 121.117 s
[2024-11-05T18:23:56-0600] -------------------------------
[2024-11-05T18:23:56-0600] Waiting for 2 s...
[2024-11-05T18:23:58-0600] -------------------------------
[2024-11-05T18:23:58-0600] Starting 5G booster for 5 s...
[2024-11-05T18:23:58-0600] 5G booster started at 2024-11-05 18:23:58.556 CST
[2024-11-05T18:24:04-0600] Current time exceeds end time, skipping wait
[2024-11-05T18:24:04-0600] Saved TCP DL results to /data/data/com.termux/files/home/storage/shared/bos_la_2024_trip/att/20241105/181943832/tcp_downlink_182358582.out
[2024-11-05T18:24:04-0600] DL AVG TPUT: 
[2024-11-05T18:24:04-0600] 5G booster finished at 2024-11-05 18:24:04.634 CST, duration: 6.078 s
[2024-11-05T18:24:04-0600] -------------------------------
[2024-11-05T18:24:04-0600] Waiting for 2 s...
[2024-11-05T18:24:06-0600] -------------------------------
[2024-11-05T18:24:06-0600] ICMP Ping test started at 2024-11-05 18:24:06.730 CST
[2024-11-05T18:24:36-0600] Waiting for .883 s to reach end time
[2024-11-05T18:24:37-0600] Saved ping test to /data/data/com.termux/files/home/storage/shared/bos_la_2024_trip/att/20241105/181943832/icmp_ping_182406760.out
[2024-11-05T18:24:37-0600] Ping summary (min/avg/max/mdev) = 33.535/45.490/69.632/6.880 ms
[2024-11-05T18:24:37-0600] Ping test finished at 2024-11-05 18:24:37.805 CST, duration: 31.075 s
[2024-11-05T18:24:37-0600] -------------------------------
[2024-11-05T18:24:37-0600] Waiting for 2 s...
[2024-11-05T18:24:39-0600] -------------------------------
[2024-11-05T18:24:39-0600] Starting 5G booster for 5 s...
[2024-11-05T18:24:39-0600] 5G booster started at 2024-11-05 18:24:39.913 CST
[2024-11-05T18:24:46-0600] Current time exceeds end time, skipping wait
[2024-11-05T18:24:46-0600] Saved TCP DL results to /data/data/com.termux/files/home/storage/shared/bos_la_2024_trip/att/20241105/181943832/tcp_downlink_182439939.out
[2024-11-05T18:24:46-0600] DL AVG TPUT: 
[2024-11-05T18:24:46-0600] 5G booster finished at 2024-11-05 18:24:46.060 CST, duration: 6.147 s
[2024-11-05T18:24:46-0600] -------------------------------
[2024-11-05T18:24:46-0600] Waiting for 2 s...
[2024-11-05T18:24:48-0600] -------------------------------
[2024-11-05T18:24:48-0600] TCP Ping test started at 2024-11-05 18:24:48.192 CST
[2024-11-05T18:25:19-0600] Current time exceeds end time, skipping wait
[2024-11-05T18:25:19-0600] Saved TCP Ping test to /data/data/com.termux/files/home/storage/shared/bos_la_2024_trip/att/20241105/181943832/tcp_ping_182448269.out
[2024-11-05T18:25:19-0600] TCP Ping summary (min/avg/max/mdev) 
[2024-11-05T18:25:19-0600] TCP Ping test finished at 2024-11-05 18:25:19.357 CST, duration: 31.165 s
[2024-11-05T18:25:19-0600] -------------------------------
[2024-11-05T18:25:19-0600] Waiting for 2 s...
[2024-11-05T18:25:21-0600] -------------------------------
[2024-11-05T18:25:21-0600] Traceroute test started at 2024-11-05 18:25:21.434 CST
[2024-11-05T18:25:27-0600] Waiting for 24.393 s to reach end time
[2024-11-05T18:25:51-0600] Saved traceroute test to /data/data/com.termux/files/home/storage/shared/bos_la_2024_trip/att/20241105/181943832/traceroute_182521457.out
[2024-11-05T18:25:51-0600] Traceroute summary (min/avg/max/mdev) 
[2024-11-05T18:25:51-0600] Traceroute test finished at 2024-11-05 18:25:51.561 CST, duration: 30.127 s
[2024-11-05T18:25:51-0600] -------------------------------
[2024-11-05T18:25:51-0600] All tests completed, cleaning up...
[2024-11-05T18:25:51-0600] -------------------------------
[2024-11-05T18:26:41-0600] [measurement] Load environment variables from prod.env file
[2024-11-05T18:26:41-0600] Starting a network measurement, please choose a server
[2024-11-05T18:26:41-0600] 0) West Cloud: 54.176.53.206
[2024-11-05T18:26:41-0600] 1) East Cloud: 54.197.223.49
[2024-11-05T18:26:54-0600] Enter your choice (0-1): Testing att, server 1 (ip: 54.197.223.49, nuttcp_port: 5102, iperf_port: 5002)
[2024-11-05T18:26:54-0600] -------------------------------
[2024-11-05T18:26:54-0600] tcp downlink test started at 2024-11-05 18:26:54.422 CST
[2024-11-05T18:26:54-0600] Testing tcp downlink with 54.197.223.49:5102, interval 0.5 s, duration 120 s, timeout 121 s...
[2024-11-05T18:28:55-0600] Current time exceeds end time, skipping wait
[2024-11-05T18:28:55-0600] Saved tcp downlink test to /data/data/com.termux/files/home/storage/shared/bos_la_2024_trip/att/20241105/182654404/tcp_downlink_182654442.out
[2024-11-05T18:28:55-0600] DL AVG TPUT: 
[2024-11-05T18:28:55-0600] tcp downlink test finished at 2024-11-05 18:28:55.519 CST, duration: 121.097 s
[2024-11-05T18:28:55-0600] -------------------------------
[2024-11-05T18:28:55-0600] Waiting for 2 s...
[2024-11-05T18:28:57-0600] -------------------------------
[2024-11-05T18:28:57-0600] Starting 5G booster for 5 s...
[2024-11-05T18:28:57-0600] 5G booster started at 2024-11-05 18:28:57.641 CST
[2024-11-05T18:29:03-0600] Current time exceeds end time, skipping wait
[2024-11-05T18:29:03-0600] Saved TCP DL results to /data/data/com.termux/files/home/storage/shared/bos_la_2024_trip/att/20241105/182654404/tcp_downlink_182857673.out
[2024-11-05T18:29:03-0600] DL AVG TPUT: 
[2024-11-05T18:29:03-0600] 5G booster finished at 2024-11-05 18:29:03.758 CST, duration: 6.117 s
[2024-11-05T18:29:03-0600] -------------------------------
[2024-11-05T18:29:03-0600] Waiting for 2 s...
[2024-11-05T18:29:05-0600] -------------------------------
[2024-11-05T18:29:05-0600] tcp uplink test started at 2024-11-05 18:29:05.888 CST
[2024-11-05T18:29:05-0600] testing tcp uplink with 54.197.223.49:5102, interval 0.5, duration 120, timeout 121 ...
[2024-11-05T18:31:06-0600] Waiting for .047 s to reach end time
[2024-11-05T18:31:06-0600] Saved uplink test to /data/data/com.termux/files/home/storage/shared/bos_la_2024_trip/att/20241105/182654404/tcp_uplink_182905939.out
[2024-11-05T18:31:07-0600] UL AVG TPUT: 86.0075 Mbps
[2024-11-05T18:31:07-0600] tcp uplink test finished at 2024-11-05 18:31:06.969 CST, duration: 121.081 s
[2024-11-05T18:31:07-0600] -------------------------------
[2024-11-05T18:31:07-0600] Waiting for 2 s...
[2024-11-05T18:31:09-0600] -------------------------------
[2024-11-05T18:31:09-0600] Starting 5G booster for 5 s...
[2024-11-05T18:31:09-0600] 5G booster started at 2024-11-05 18:31:09.076 CST
[2024-11-05T18:31:15-0600] Current time exceeds end time, skipping wait
[2024-11-05T18:31:15-0600] Saved TCP DL results to /data/data/com.termux/files/home/storage/shared/bos_la_2024_trip/att/20241105/182654404/tcp_downlink_183109113.out
[2024-11-05T18:31:15-0600] DL AVG TPUT: 
[2024-11-05T18:31:15-0600] 5G booster finished at 2024-11-05 18:31:15.213 CST, duration: 6.137 s
[2024-11-05T18:31:15-0600] -------------------------------
[2024-11-05T18:31:15-0600] Waiting for 2 s...
[2024-11-05T18:31:17-0600] -------------------------------
[2024-11-05T18:31:17-0600] ICMP Ping test started at 2024-11-05 18:31:17.337 CST
[2024-11-05T18:31:47-0600] Waiting for .913 s to reach end time
[2024-11-05T18:31:48-0600] Saved ping test to /data/data/com.termux/files/home/storage/shared/bos_la_2024_trip/att/20241105/182654404/icmp_ping_183117361.out
[2024-11-05T18:31:48-0600] Ping summary (min/avg/max/mdev) = 33.964/42.738/84.411/6.333 ms
[2024-11-05T18:31:48-0600] Ping test finished at 2024-11-05 18:31:48.423 CST, duration: 31.086 s
[2024-11-05T18:31:48-0600] -------------------------------
[2024-11-05T18:31:48-0600] Waiting for 2 s...
[2024-11-05T18:31:50-0600] -------------------------------
[2024-11-05T18:31:50-0600] Starting 5G booster for 5 s...
[2024-11-05T18:31:50-0600] 5G booster started at 2024-11-05 18:31:50.544 CST
[2024-11-05T18:31:56-0600] Current time exceeds end time, skipping wait
[2024-11-05T18:31:56-0600] Saved TCP DL results to /data/data/com.termux/files/home/storage/shared/bos_la_2024_trip/att/20241105/182654404/tcp_downlink_183150599.out
[2024-11-05T18:31:56-0600] DL AVG TPUT: 
[2024-11-05T18:31:56-0600] 5G booster finished at 2024-11-05 18:31:56.672 CST, duration: 6.128 s
[2024-11-05T18:31:56-0600] -------------------------------
[2024-11-05T18:31:56-0600] Waiting for 2 s...
[2024-11-05T18:31:58-0600] -------------------------------
[2024-11-05T18:31:58-0600] TCP Ping test started at 2024-11-05 18:31:58.765 CST
[2024-11-05T18:32:29-0600] Current time exceeds end time, skipping wait
[2024-11-05T18:32:29-0600] Saved TCP Ping test to /data/data/com.termux/files/home/storage/shared/bos_la_2024_trip/att/20241105/182654404/tcp_ping_183158786.out
[2024-11-05T18:32:29-0600] TCP Ping summary (min/avg/max/mdev) 
[2024-11-05T18:32:29-0600] TCP Ping test finished at 2024-11-05 18:32:29.870 CST, duration: 31.105 s
[2024-11-05T18:32:29-0600] -------------------------------
[2024-11-05T18:32:29-0600] Waiting for 2 s...
[2024-11-05T18:32:31-0600] -------------------------------
[2024-11-05T18:32:32-0600] Traceroute test started at 2024-11-05 18:32:31.980 CST
[2024-11-05T18:32:37-0600] Waiting for 24.290 s to reach end time
[2024-11-05T18:33:02-0600] Saved traceroute test to /data/data/com.termux/files/home/storage/shared/bos_la_2024_trip/att/20241105/182654404/traceroute_183232024.out
[2024-11-05T18:33:02-0600] Traceroute summary (min/avg/max/mdev) 
[2024-11-05T18:33:02-0600] Traceroute test finished at 2024-11-05 18:33:02.064 CST, duration: 30.084 s
[2024-11-05T18:33:02-0600] -------------------------------
[2024-11-05T18:33:02-0600] All tests completed, cleaning up...
[2024-11-05T18:33:02-0600] -------------------------------
