[2024-11-02T10:28:48-0700] [measurement] Load environment variables from prod.env file
[2024-11-02T10:28:48-0700] [measurement] Load operator-specific env from verizon.env file
[2024-11-02T10:28:48-0700] Starting a network measurement, please choose a server
[2024-11-02T10:28:48-0700] 0) West Cloud: 54.176.53.206
[2024-11-02T10:28:48-0700] 1) East Cloud: 54.197.223.49
[2024-11-02T10:28:48-0700] 2) Los Angeles Wavelength: 161.188.33.234
[2024-11-02T10:28:48-0700] 3) Las Vegas Wavelength: 155.146.118.158
[2024-11-02T10:28:48-0700] 4) Denver Wavelength: 155.146.144.24
[2024-11-02T10:28:48-0700] 5) Chicago Wavelength: 155.146.180.31
[2024-11-02T10:28:48-0700] 6) Boston Wavelength: 155.146.11.34
[2024-11-02T10:34:32-0700] Enter your choice (0-6): Testing verizon, server 3 (ip: 155.146.118.158, nuttcp_port: 5101, iperf_port: 5001)
[2024-11-02T10:34:32-0700] -------------------------------
[2024-11-02T10:34:32-0700] tcp downlink test started at 2024-11-02 10:34:32.975 PDT
[2024-11-02T10:34:33-0700] Testing tcp downlink with 155.146.118.158:5101, interval 0.5 s, duration 120 s, timeout 121 s...
[2024-11-02T10:36:34-0700] Current time exceeds end time, skipping wait
[2024-11-02T10:36:34-0700] Saved tcp downlink test to /data/data/com.termux/files/home/storage/shared/bos_la_2024_trip/verizon/20241102/103432951/tcp_downlink_103432999.out
[2024-11-02T10:36:34-0700] DL AVG TPUT: 
[2024-11-02T10:36:34-0700] tcp downlink test finished at 2024-11-02 10:36:34.093 PDT, duration: 121.118 s
[2024-11-02T10:36:34-0700] -------------------------------
[2024-11-02T10:36:34-0700] Waiting for 2 s...
[2024-11-02T10:36:36-0700] -------------------------------
[2024-11-02T10:36:36-0700] Starting 5G booster for 5 s...
[2024-11-02T10:36:36-0700] 5G booster started at 2024-11-02 10:36:36.204 PDT
[2024-11-02T10:36:42-0700] Current time exceeds end time, skipping wait
[2024-11-02T10:36:42-0700] Saved TCP DL results to /data/data/com.termux/files/home/storage/shared/bos_la_2024_trip/verizon/20241102/103432951/tcp_downlink_103636233.out
[2024-11-02T10:36:42-0700] DL AVG TPUT: 
[2024-11-02T10:36:42-0700] 5G booster finished at 2024-11-02 10:36:42.319 PDT, duration: 6.115 s
[2024-11-02T10:36:42-0700] -------------------------------
[2024-11-02T10:36:42-0700] Waiting for 2 s...
[2024-11-02T10:36:44-0700] -------------------------------
[2024-11-02T10:36:44-0700] tcp uplink test started at 2024-11-02 10:36:44.427 PDT
[2024-11-02T10:36:44-0700] testing tcp uplink with 155.146.118.158:5101, interval 0.5, duration 120, timeout 121 ...
[2024-11-02T10:38:45-0700] Current time exceeds end time, skipping wait
[2024-11-02T10:38:45-0700] Saved uplink test to /data/data/com.termux/files/home/storage/shared/bos_la_2024_trip/verizon/20241102/103432951/tcp_uplink_103644460.out
[2024-11-02T10:38:45-0700] UL AVG TPUT: 
[2024-11-02T10:38:45-0700] tcp uplink test finished at 2024-11-02 10:38:45.517 PDT, duration: 121.090 s
[2024-11-02T10:38:45-0700] -------------------------------
[2024-11-02T10:38:45-0700] Waiting for 2 s...
[2024-11-02T10:38:47-0700] -------------------------------
[2024-11-02T10:38:47-0700] Starting 5G booster for 5 s...
[2024-11-02T10:38:47-0700] 5G booster started at 2024-11-02 10:38:47.611 PDT
[2024-11-02T10:38:53-0700] Current time exceeds end time, skipping wait
[2024-11-02T10:38:53-0700] Saved TCP DL results to /data/data/com.termux/files/home/storage/shared/bos_la_2024_trip/verizon/20241102/103432951/tcp_downlink_103847633.out
[2024-11-02T10:38:53-0700] DL AVG TPUT: 
[2024-11-02T10:38:53-0700] 5G booster finished at 2024-11-02 10:38:53.681 PDT, duration: 6.070 s
[2024-11-02T10:38:53-0700] -------------------------------
[2024-11-02T10:38:53-0700] Waiting for 2 s...
[2024-11-02T10:38:55-0700] -------------------------------
[2024-11-02T10:38:55-0700] ICMP Ping test started at 2024-11-02 10:38:55.769 PDT
[2024-11-02T10:39:25-0700] Waiting for .900 s to reach end time
[2024-11-02T10:39:26-0700] Saved ping test to /data/data/com.termux/files/home/storage/shared/bos_la_2024_trip/verizon/20241102/103432951/icmp_ping_103855800.out
[2024-11-02T10:39:26-0700] Ping summary (min/avg/max/mdev) = 15.978/30.160/56.213/7.327 ms
[2024-11-02T10:39:26-0700] Ping test finished at 2024-11-02 10:39:26.841 PDT, duration: 31.072 s
[2024-11-02T10:39:26-0700] -------------------------------
[2024-11-02T10:39:26-0700] Waiting for 2 s...
[2024-11-02T10:39:28-0700] -------------------------------
[2024-11-02T10:39:28-0700] Starting 5G booster for 5 s...
[2024-11-02T10:39:28-0700] 5G booster started at 2024-11-02 10:39:28.933 PDT
[2024-11-02T10:39:35-0700] Current time exceeds end time, skipping wait
[2024-11-02T10:39:35-0700] Saved TCP DL results to /data/data/com.termux/files/home/storage/shared/bos_la_2024_trip/verizon/20241102/103432951/tcp_downlink_103928965.out
[2024-11-02T10:39:35-0700] DL AVG TPUT: 
[2024-11-02T10:39:35-0700] 5G booster finished at 2024-11-02 10:39:35.045 PDT, duration: 6.112 s
[2024-11-02T10:39:35-0700] -------------------------------
[2024-11-02T10:39:35-0700] Waiting for 2 s...
[2024-11-02T10:39:37-0700] -------------------------------
[2024-11-02T10:39:37-0700] TCP Ping test started at 2024-11-02 10:39:37.128 PDT
[2024-11-02T10:40:08-0700] Current time exceeds end time, skipping wait
[2024-11-02T10:40:08-0700] Saved TCP Ping test to /data/data/com.termux/files/home/storage/shared/bos_la_2024_trip/verizon/20241102/103432951/tcp_ping_103937150.out
[2024-11-02T10:40:08-0700] TCP Ping summary (min/avg/max/mdev) 
[2024-11-02T10:40:08-0700] TCP Ping test finished at 2024-11-02 10:40:08.217 PDT, duration: 31.089 s
[2024-11-02T10:40:08-0700] -------------------------------
[2024-11-02T10:40:08-0700] Waiting for 2 s...
[2024-11-02T10:40:10-0700] -------------------------------
[2024-11-02T10:40:10-0700] Traceroute test started at 2024-11-02 10:40:10.302 PDT
[2024-11-02T10:40:11-0700] Waiting for 29.100 s to reach end time
[2024-11-02T10:40:40-0700] Saved traceroute test to /data/data/com.termux/files/home/storage/shared/bos_la_2024_trip/verizon/20241102/103432951/traceroute_104010331.out
[2024-11-02T10:40:40-0700] Traceroute summary (min/avg/max/mdev) 
[2024-11-02T10:40:40-0700] Traceroute test finished at 2024-11-02 10:40:40.397 PDT, duration: 30.095 s
[2024-11-02T10:40:40-0700] -------------------------------
[2024-11-02T10:40:40-0700] All tests completed, cleaning up...
[2024-11-02T10:40:40-0700] -------------------------------
[2024-11-02T10:41:22-0700] [measurement] Load environment variables from prod.env file
[2024-11-02T10:41:22-0700] [measurement] Load operator-specific env from verizon.env file
[2024-11-02T10:41:22-0700] Starting a network measurement, please choose a server
[2024-11-02T10:41:22-0700] 0) West Cloud: 54.176.53.206
[2024-11-02T10:41:22-0700] 1) East Cloud: 54.197.223.49
[2024-11-02T10:41:22-0700] 2) Los Angeles Wavelength: 161.188.33.234
[2024-11-02T10:41:22-0700] 3) Las Vegas Wavelength: 155.146.118.158
[2024-11-02T10:41:22-0700] 4) Denver Wavelength: 155.146.144.24
[2024-11-02T10:41:22-0700] 5) Chicago Wavelength: 155.146.180.31
[2024-11-02T10:41:22-0700] 6) Boston Wavelength: 155.146.11.34
[2024-11-02T10:41:33-0700] Enter your choice (0-6): Testing verizon, server 3 (ip: 155.146.118.158, nuttcp_port: 5101, iperf_port: 5001)
[2024-11-02T10:41:33-0700] -------------------------------
[2024-11-02T10:41:33-0700] tcp downlink test started at 2024-11-02 10:41:33.467 PDT
[2024-11-02T10:41:33-0700] Testing tcp downlink with 155.146.118.158:5101, interval 0.5 s, duration 120 s, timeout 121 s...
[2024-11-02T10:43:34-0700] Current time exceeds end time, skipping wait
[2024-11-02T10:43:34-0700] Saved tcp downlink test to /data/data/com.termux/files/home/storage/shared/bos_la_2024_trip/verizon/20241102/104133437/tcp_downlink_104133524.out
[2024-11-02T10:43:34-0700] DL AVG TPUT: 
[2024-11-02T10:43:34-0700] tcp downlink test finished at 2024-11-02 10:43:34.673 PDT, duration: 121.206 s
[2024-11-02T10:43:34-0700] -------------------------------
[2024-11-02T10:43:34-0700] Waiting for 2 s...
[2024-11-02T10:43:36-0700] -------------------------------
[2024-11-02T10:43:36-0700] Starting 5G booster for 5 s...
[2024-11-02T10:43:36-0700] 5G booster started at 2024-11-02 10:43:36.778 PDT
[2024-11-02T10:43:42-0700] Current time exceeds end time, skipping wait
[2024-11-02T10:43:42-0700] Saved TCP DL results to /data/data/com.termux/files/home/storage/shared/bos_la_2024_trip/verizon/20241102/104133437/tcp_downlink_104336813.out
[2024-11-02T10:43:42-0700] DL AVG TPUT: 
[2024-11-02T10:43:43-0700] 5G booster finished at 2024-11-02 10:43:42.933 PDT, duration: 6.155 s
[2024-11-02T10:43:43-0700] -------------------------------
[2024-11-02T10:43:43-0700] Waiting for 2 s...
[2024-11-02T10:43:45-0700] -------------------------------
[2024-11-02T10:43:45-0700] tcp uplink test started at 2024-11-02 10:43:45.051 PDT
[2024-11-02T10:43:45-0700] testing tcp uplink with 155.146.118.158:5101, interval 0.5, duration 120, timeout 121 ...
[2024-11-02T10:45:45-0700] Waiting for .413 s to reach end time
[2024-11-02T10:45:46-0700] Saved uplink test to /data/data/com.termux/files/home/storage/shared/bos_la_2024_trip/verizon/20241102/104133437/tcp_uplink_104345081.out
[2024-11-02T10:45:46-0700] UL AVG TPUT: 76.3019 Mbps
[2024-11-02T10:45:46-0700] tcp uplink test finished at 2024-11-02 10:45:46.175 PDT, duration: 121.124 s
[2024-11-02T10:45:46-0700] -------------------------------
[2024-11-02T10:45:46-0700] Waiting for 2 s...
[2024-11-02T10:45:48-0700] -------------------------------
[2024-11-02T10:45:48-0700] Starting 5G booster for 5 s...
[2024-11-02T10:45:48-0700] 5G booster started at 2024-11-02 10:45:48.298 PDT
[2024-11-02T10:45:54-0700] Current time exceeds end time, skipping wait
[2024-11-02T10:45:54-0700] Saved TCP DL results to /data/data/com.termux/files/home/storage/shared/bos_la_2024_trip/verizon/20241102/104133437/tcp_downlink_104548330.out
[2024-11-02T10:45:54-0700] DL AVG TPUT: 
[2024-11-02T10:45:54-0700] 5G booster finished at 2024-11-02 10:45:54.425 PDT, duration: 6.127 s
[2024-11-02T10:45:54-0700] -------------------------------
[2024-11-02T10:45:54-0700] Waiting for 2 s...
[2024-11-02T10:45:56-0700] -------------------------------
[2024-11-02T10:45:56-0700] ICMP Ping test started at 2024-11-02 10:45:56.572 PDT
[2024-11-02T10:46:26-0700] Waiting for .882 s to reach end time
[2024-11-02T10:46:27-0700] Saved ping test to /data/data/com.termux/files/home/storage/shared/bos_la_2024_trip/verizon/20241102/104133437/icmp_ping_104556611.out
[2024-11-02T10:46:27-0700] Ping summary (min/avg/max/mdev) = 9.858/30.285/106.995/12.349 ms
[2024-11-02T10:46:27-0700] Ping test finished at 2024-11-02 10:46:27.684 PDT, duration: 31.112 s
[2024-11-02T10:46:27-0700] -------------------------------
[2024-11-02T10:46:27-0700] Waiting for 2 s...
[2024-11-02T10:46:29-0700] -------------------------------
[2024-11-02T10:46:29-0700] Starting 5G booster for 5 s...
[2024-11-02T10:46:29-0700] 5G booster started at 2024-11-02 10:46:29.827 PDT
[2024-11-02T10:46:35-0700] Current time exceeds end time, skipping wait
[2024-11-02T10:46:35-0700] Saved TCP DL results to /data/data/com.termux/files/home/storage/shared/bos_la_2024_trip/verizon/20241102/104133437/tcp_downlink_104629881.out
[2024-11-02T10:46:35-0700] DL AVG TPUT: 
[2024-11-02T10:46:36-0700] 5G booster finished at 2024-11-02 10:46:35.956 PDT, duration: 6.129 s
[2024-11-02T10:46:36-0700] -------------------------------
[2024-11-02T10:46:36-0700] Waiting for 2 s...
[2024-11-02T10:46:38-0700] -------------------------------
[2024-11-02T10:46:38-0700] TCP Ping test started at 2024-11-02 10:46:38.073 PDT
[2024-11-02T10:47:09-0700] Current time exceeds end time, skipping wait
[2024-11-02T10:47:09-0700] Saved TCP Ping test to /data/data/com.termux/files/home/storage/shared/bos_la_2024_trip/verizon/20241102/104133437/tcp_ping_104638106.out
[2024-11-02T10:47:09-0700] TCP Ping summary (min/avg/max/mdev) 
[2024-11-02T10:47:09-0700] TCP Ping test finished at 2024-11-02 10:47:09.188 PDT, duration: 31.115 s
[2024-11-02T10:47:09-0700] -------------------------------
[2024-11-02T10:47:09-0700] Waiting for 2 s...
[2024-11-02T10:47:11-0700] -------------------------------
[2024-11-02T10:47:11-0700] Traceroute test started at 2024-11-02 10:47:11.312 PDT
[2024-11-02T10:47:12-0700] Waiting for 29.255 s to reach end time
[2024-11-02T10:47:41-0700] Saved traceroute test to /data/data/com.termux/files/home/storage/shared/bos_la_2024_trip/verizon/20241102/104133437/traceroute_104711379.out
[2024-11-02T10:47:41-0700] Traceroute summary (min/avg/max/mdev) 
[2024-11-02T10:47:41-0700] Traceroute test finished at 2024-11-02 10:47:41.388 PDT, duration: 30.076 s
[2024-11-02T10:47:41-0700] -------------------------------
[2024-11-02T10:47:41-0700] All tests completed, cleaning up...
[2024-11-02T10:47:41-0700] -------------------------------
[2024-11-02T10:48:42-0700] [measurement] Load environment variables from prod.env file
[2024-11-02T10:48:42-0700] [measurement] Load operator-specific env from verizon.env file
[2024-11-02T10:48:42-0700] Starting a network measurement, please choose a server
[2024-11-02T10:48:42-0700] 0) West Cloud: 54.176.53.206
[2024-11-02T10:48:42-0700] 1) East Cloud: 54.197.223.49
[2024-11-02T10:48:42-0700] 2) Los Angeles Wavelength: 161.188.33.234
[2024-11-02T10:48:42-0700] 3) Las Vegas Wavelength: 155.146.118.158
[2024-11-02T10:48:42-0700] 4) Denver Wavelength: 155.146.144.24
[2024-11-02T10:48:42-0700] 5) Chicago Wavelength: 155.146.180.31
[2024-11-02T10:48:42-0700] 6) Boston Wavelength: 155.146.11.34
[2024-11-02T10:49:09-0700] Enter your choice (0-6): Testing verizon, server 3 (ip: 155.146.118.158, nuttcp_port: 5101, iperf_port: 5001)
[2024-11-02T10:49:09-0700] -------------------------------
[2024-11-02T10:49:09-0700] tcp downlink test started at 2024-11-02 10:49:09.351 PDT
[2024-11-02T10:49:09-0700] Testing tcp downlink with 155.146.118.158:5101, interval 0.5 s, duration 120 s, timeout 121 s...
[2024-11-02T10:51:10-0700] Current time exceeds end time, skipping wait
[2024-11-02T10:51:10-0700] Saved tcp downlink test to /data/data/com.termux/files/home/storage/shared/bos_la_2024_trip/verizon/20241102/104909334/tcp_downlink_104909377.out
[2024-11-02T10:51:10-0700] DL AVG TPUT: 
[2024-11-02T10:51:10-0700] tcp downlink test finished at 2024-11-02 10:51:10.463 PDT, duration: 121.112 s
[2024-11-02T10:51:10-0700] -------------------------------
[2024-11-02T10:51:10-0700] Waiting for 2 s...
[2024-11-02T10:51:12-0700] -------------------------------
[2024-11-02T10:51:12-0700] Starting 5G booster for 5 s...
[2024-11-02T10:51:12-0700] 5G booster started at 2024-11-02 10:51:12.603 PDT
[2024-11-02T10:51:18-0700] Current time exceeds end time, skipping wait
[2024-11-02T10:51:18-0700] Saved TCP DL results to /data/data/com.termux/files/home/storage/shared/bos_la_2024_trip/verizon/20241102/104909334/tcp_downlink_105112667.out
[2024-11-02T10:51:18-0700] DL AVG TPUT: 
[2024-11-02T10:51:18-0700] 5G booster finished at 2024-11-02 10:51:18.721 PDT, duration: 6.118 s
[2024-11-02T10:51:18-0700] -------------------------------
[2024-11-02T10:51:18-0700] Waiting for 2 s...
[2024-11-02T10:51:20-0700] -------------------------------
[2024-11-02T10:51:20-0700] tcp uplink test started at 2024-11-02 10:51:20.851 PDT
[2024-11-02T10:51:20-0700] testing tcp uplink with 155.146.118.158:5101, interval 0.5, duration 120, timeout 121 ...
[2024-11-02T10:53:21-0700] Waiting for .111 s to reach end time
[2024-11-02T10:53:21-0700] Saved uplink test to /data/data/com.termux/files/home/storage/shared/bos_la_2024_trip/verizon/20241102/104909334/tcp_uplink_105120884.out
[2024-11-02T10:53:21-0700] UL AVG TPUT: 53.0346 Mbps
[2024-11-02T10:53:22-0700] tcp uplink test finished at 2024-11-02 10:53:21.924 PDT, duration: 121.073 s
[2024-11-02T10:53:22-0700] -------------------------------
[2024-11-02T10:53:22-0700] Waiting for 2 s...
[2024-11-02T10:53:24-0700] -------------------------------
[2024-11-02T10:53:24-0700] Starting 5G booster for 5 s...
[2024-11-02T10:53:24-0700] 5G booster started at 2024-11-02 10:53:24.053 PDT
[2024-11-02T10:53:30-0700] Current time exceeds end time, skipping wait
[2024-11-02T10:53:30-0700] Saved TCP DL results to /data/data/com.termux/files/home/storage/shared/bos_la_2024_trip/verizon/20241102/104909334/tcp_downlink_105324109.out
[2024-11-02T10:53:30-0700] DL AVG TPUT: 
[2024-11-02T10:53:30-0700] 5G booster finished at 2024-11-02 10:53:30.201 PDT, duration: 6.148 s
[2024-11-02T10:53:30-0700] -------------------------------
[2024-11-02T10:53:30-0700] Waiting for 2 s...
[2024-11-02T10:53:32-0700] -------------------------------
[2024-11-02T10:53:32-0700] ICMP Ping test started at 2024-11-02 10:53:32.338 PDT
[2024-11-02T10:54:02-0700] Waiting for .879 s to reach end time
[2024-11-02T10:54:03-0700] Saved ping test to /data/data/com.termux/files/home/storage/shared/bos_la_2024_trip/verizon/20241102/104909334/icmp_ping_105332377.out
[2024-11-02T10:54:03-0700] Ping summary (min/avg/max/mdev) = 6.688/24.921/328.957/43.998 ms
[2024-11-02T10:54:03-0700] Ping test finished at 2024-11-02 10:54:03.471 PDT, duration: 31.133 s
[2024-11-02T10:54:03-0700] -------------------------------
[2024-11-02T10:54:03-0700] Waiting for 2 s...
[2024-11-02T10:54:05-0700] -------------------------------
[2024-11-02T10:54:05-0700] Starting 5G booster for 5 s...
[2024-11-02T10:54:05-0700] 5G booster started at 2024-11-02 10:54:05.608 PDT
[2024-11-02T10:54:11-0700] Current time exceeds end time, skipping wait
[2024-11-02T10:54:11-0700] Saved TCP DL results to /data/data/com.termux/files/home/storage/shared/bos_la_2024_trip/verizon/20241102/104909334/tcp_downlink_105405662.out
[2024-11-02T10:54:11-0700] DL AVG TPUT: 
[2024-11-02T10:54:11-0700] 5G booster finished at 2024-11-02 10:54:11.745 PDT, duration: 6.137 s
[2024-11-02T10:54:11-0700] -------------------------------
[2024-11-02T10:54:11-0700] Waiting for 2 s...
[2024-11-02T10:54:13-0700] -------------------------------
[2024-11-02T10:54:13-0700] TCP Ping test started at 2024-11-02 10:54:13.883 PDT
[2024-11-02T10:54:45-0700] Current time exceeds end time, skipping wait
[2024-11-02T10:54:45-0700] Saved TCP Ping test to /data/data/com.termux/files/home/storage/shared/bos_la_2024_trip/verizon/20241102/104909334/tcp_ping_105413931.out
[2024-11-02T10:54:45-0700] TCP Ping summary (min/avg/max/mdev) 
[2024-11-02T10:54:45-0700] TCP Ping test finished at 2024-11-02 10:54:45.032 PDT, duration: 31.149 s
[2024-11-02T10:54:45-0700] -------------------------------
[2024-11-02T10:54:45-0700] Waiting for 2 s...
[2024-11-02T10:54:47-0700] -------------------------------
[2024-11-02T10:54:47-0700] Traceroute test started at 2024-11-02 10:54:47.165 PDT
[2024-11-02T10:54:47-0700] Waiting for 29.558 s to reach end time
[2024-11-02T10:55:17-0700] Saved traceroute test to /data/data/com.termux/files/home/storage/shared/bos_la_2024_trip/verizon/20241102/104909334/traceroute_105447208.out
[2024-11-02T10:55:17-0700] Traceroute summary (min/avg/max/mdev) 
[2024-11-02T10:55:17-0700] Traceroute test finished at 2024-11-02 10:55:17.329 PDT, duration: 30.164 s
[2024-11-02T10:55:17-0700] -------------------------------
[2024-11-02T10:55:17-0700] All tests completed, cleaning up...
[2024-11-02T10:55:17-0700] -------------------------------
[2024-11-02T10:56:24-0700] [measurement] Load environment variables from prod.env file
[2024-11-02T10:56:24-0700] [measurement] Load operator-specific env from verizon.env file
[2024-11-02T10:56:24-0700] Starting a network measurement, please choose a server
[2024-11-02T10:56:24-0700] 0) West Cloud: 54.176.53.206
[2024-11-02T10:56:24-0700] 1) East Cloud: 54.197.223.49
[2024-11-02T10:56:24-0700] 2) Los Angeles Wavelength: 161.188.33.234
[2024-11-02T10:56:24-0700] 3) Las Vegas Wavelength: 155.146.118.158
[2024-11-02T10:56:24-0700] 4) Denver Wavelength: 155.146.144.24
[2024-11-02T10:56:24-0700] 5) Chicago Wavelength: 155.146.180.31
[2024-11-02T10:56:24-0700] 6) Boston Wavelength: 155.146.11.34
[2024-11-02T10:56:29-0700] Enter your choice (0-6): Testing verizon, server 3 (ip: 155.146.118.158, nuttcp_port: 5101, iperf_port: 5001)
[2024-11-02T10:56:29-0700] -------------------------------
[2024-11-02T10:56:29-0700] tcp downlink test started at 2024-11-02 10:56:29.896 PDT
[2024-11-02T10:56:29-0700] Testing tcp downlink with 155.146.118.158:5101, interval 0.5 s, duration 120 s, timeout 121 s...
[2024-11-02T10:58:31-0700] Current time exceeds end time, skipping wait
[2024-11-02T10:58:31-0700] Saved tcp downlink test to /data/data/com.termux/files/home/storage/shared/bos_la_2024_trip/verizon/20241102/105629878/tcp_downlink_105629922.out
[2024-11-02T10:58:31-0700] DL AVG TPUT: 
[2024-11-02T10:58:31-0700] tcp downlink test finished at 2024-11-02 10:58:31.033 PDT, duration: 121.137 s
[2024-11-02T10:58:31-0700] -------------------------------
[2024-11-02T10:58:31-0700] Waiting for 2 s...
[2024-11-02T10:58:33-0700] -------------------------------
[2024-11-02T10:58:33-0700] Starting 5G booster for 5 s...
[2024-11-02T10:58:33-0700] 5G booster started at 2024-11-02 10:58:33.193 PDT
[2024-11-02T10:58:39-0700] Current time exceeds end time, skipping wait
[2024-11-02T10:58:39-0700] Saved TCP DL results to /data/data/com.termux/files/home/storage/shared/bos_la_2024_trip/verizon/20241102/105629878/tcp_downlink_105833275.out
[2024-11-02T10:58:39-0700] DL AVG TPUT: 
[2024-11-02T10:58:39-0700] 5G booster finished at 2024-11-02 10:58:39.362 PDT, duration: 6.169 s
[2024-11-02T10:58:39-0700] -------------------------------
[2024-11-02T10:58:39-0700] Waiting for 2 s...
[2024-11-02T10:58:41-0700] -------------------------------
[2024-11-02T10:58:41-0700] tcp uplink test started at 2024-11-02 10:58:41.494 PDT
[2024-11-02T10:58:41-0700] testing tcp uplink with 155.146.118.158:5101, interval 0.5, duration 120, timeout 121 ...
[2024-11-02T11:00:42-0700] Waiting for .536 s to reach end time
[2024-11-02T11:00:42-0700] Saved uplink test to /data/data/com.termux/files/home/storage/shared/bos_la_2024_trip/verizon/20241102/105629878/tcp_uplink_105841541.out
[2024-11-02T11:00:42-0700] UL AVG TPUT: 108.5970 Mbps
[2024-11-02T11:00:42-0700] tcp uplink test finished at 2024-11-02 11:00:42.613 PDT, duration: 121.119 s
[2024-11-02T11:00:42-0700] -------------------------------
[2024-11-02T11:00:42-0700] Waiting for 2 s...
[2024-11-02T11:00:44-0700] -------------------------------
[2024-11-02T11:00:44-0700] Starting 5G booster for 5 s...
[2024-11-02T11:00:44-0700] 5G booster started at 2024-11-02 11:00:44.758 PDT
[2024-11-02T11:00:50-0700] Current time exceeds end time, skipping wait
[2024-11-02T11:00:50-0700] Saved TCP DL results to /data/data/com.termux/files/home/storage/shared/bos_la_2024_trip/verizon/20241102/105629878/tcp_downlink_110044812.out
[2024-11-02T11:00:50-0700] DL AVG TPUT: 
[2024-11-02T11:00:51-0700] 5G booster finished at 2024-11-02 11:00:50.916 PDT, duration: 6.158 s
[2024-11-02T11:00:51-0700] -------------------------------
[2024-11-02T11:00:51-0700] Waiting for 2 s...
[2024-11-02T11:00:53-0700] -------------------------------
[2024-11-02T11:00:53-0700] ICMP Ping test started at 2024-11-02 11:00:53.062 PDT
[2024-11-02T11:01:23-0700] Waiting for .877 s to reach end time
[2024-11-02T11:01:24-0700] Saved ping test to /data/data/com.termux/files/home/storage/shared/bos_la_2024_trip/verizon/20241102/105629878/icmp_ping_110053105.out
[2024-11-02T11:01:24-0700] Ping summary (min/avg/max/mdev) = 5.823/39.388/518.436/73.540 ms
[2024-11-02T11:01:24-0700] Ping test finished at 2024-11-02 11:01:24.185 PDT, duration: 31.123 s
[2024-11-02T11:01:24-0700] -------------------------------
[2024-11-02T11:01:24-0700] Waiting for 2 s...
[2024-11-02T11:01:26-0700] -------------------------------
[2024-11-02T11:01:26-0700] Starting 5G booster for 5 s...
[2024-11-02T11:01:26-0700] 5G booster started at 2024-11-02 11:01:26.349 PDT
[2024-11-02T11:01:32-0700] Current time exceeds end time, skipping wait
[2024-11-02T11:01:32-0700] Saved TCP DL results to /data/data/com.termux/files/home/storage/shared/bos_la_2024_trip/verizon/20241102/105629878/tcp_downlink_110126384.out
[2024-11-02T11:01:32-0700] DL AVG TPUT: 
[2024-11-02T11:01:32-0700] 5G booster finished at 2024-11-02 11:01:32.455 PDT, duration: 6.106 s
[2024-11-02T11:01:32-0700] -------------------------------
[2024-11-02T11:01:32-0700] Waiting for 2 s...
[2024-11-02T11:01:34-0700] -------------------------------
[2024-11-02T11:01:34-0700] TCP Ping test started at 2024-11-02 11:01:34.585 PDT
[2024-11-02T11:02:05-0700] Current time exceeds end time, skipping wait
[2024-11-02T11:02:05-0700] Saved TCP Ping test to /data/data/com.termux/files/home/storage/shared/bos_la_2024_trip/verizon/20241102/105629878/tcp_ping_110134653.out
[2024-11-02T11:02:05-0700] TCP Ping summary (min/avg/max/mdev) 
[2024-11-02T11:02:05-0700] TCP Ping test finished at 2024-11-02 11:02:05.730 PDT, duration: 31.145 s
[2024-11-02T11:02:05-0700] -------------------------------
[2024-11-02T11:02:05-0700] Waiting for 2 s...
[2024-11-02T11:02:07-0700] -------------------------------
[2024-11-02T11:02:07-0700] Traceroute test started at 2024-11-02 11:02:07.857 PDT
[2024-11-02T11:02:08-0700] Waiting for 29.682 s to reach end time
[2024-11-02T11:02:37-0700] Saved traceroute test to /data/data/com.termux/files/home/storage/shared/bos_la_2024_trip/verizon/20241102/105629878/traceroute_110207893.out
[2024-11-02T11:02:37-0700] Traceroute summary (min/avg/max/mdev) 
[2024-11-02T11:02:38-0700] Traceroute test finished at 2024-11-02 11:02:37.945 PDT, duration: 30.088 s
[2024-11-02T11:02:38-0700] -------------------------------
[2024-11-02T11:02:38-0700] All tests completed, cleaning up...
[2024-11-02T11:02:38-0700] -------------------------------
[2024-11-02T11:05:17-0700] [measurement] Load environment variables from prod.env file
[2024-11-02T11:05:17-0700] [measurement] Load operator-specific env from verizon.env file
[2024-11-02T11:05:17-0700] Starting a network measurement, please choose a server
[2024-11-02T11:05:17-0700] 0) West Cloud: 54.176.53.206
[2024-11-02T11:05:17-0700] 1) East Cloud: 54.197.223.49
[2024-11-02T11:05:17-0700] 2) Los Angeles Wavelength: 161.188.33.234
[2024-11-02T11:05:17-0700] 3) Las Vegas Wavelength: 155.146.118.158
[2024-11-02T11:05:17-0700] 4) Denver Wavelength: 155.146.144.24
[2024-11-02T11:05:17-0700] 5) Chicago Wavelength: 155.146.180.31
[2024-11-02T11:05:17-0700] 6) Boston Wavelength: 155.146.11.34
[2024-11-02T11:05:30-0700] Enter your choice (0-6): Testing verizon, server 3 (ip: 155.146.118.158, nuttcp_port: 5101, iperf_port: 5001)
[2024-11-02T11:05:30-0700] -------------------------------
[2024-11-02T11:05:30-0700] tcp downlink test started at 2024-11-02 11:05:30.451 PDT
[2024-11-02T11:05:30-0700] Testing tcp downlink with 155.146.118.158:5101, interval 0.5 s, duration 120 s, timeout 121 s...
[2024-11-02T11:07:31-0700] Current time exceeds end time, skipping wait
[2024-11-02T11:07:31-0700] Saved tcp downlink test to /data/data/com.termux/files/home/storage/shared/bos_la_2024_trip/verizon/20241102/110530429/tcp_downlink_110530482.out
[2024-11-02T11:07:31-0700] DL AVG TPUT: 
[2024-11-02T11:07:31-0700] tcp downlink test finished at 2024-11-02 11:07:31.614 PDT, duration: 121.163 s
[2024-11-02T11:07:31-0700] -------------------------------
[2024-11-02T11:07:31-0700] Waiting for 2 s...
[2024-11-02T11:07:33-0700] -------------------------------
[2024-11-02T11:07:33-0700] Starting 5G booster for 5 s...
[2024-11-02T11:07:33-0700] 5G booster started at 2024-11-02 11:07:33.769 PDT
[2024-11-02T11:07:39-0700] Current time exceeds end time, skipping wait
[2024-11-02T11:07:39-0700] Saved TCP DL results to /data/data/com.termux/files/home/storage/shared/bos_la_2024_trip/verizon/20241102/110530429/tcp_downlink_110733830.out
[2024-11-02T11:07:39-0700] DL AVG TPUT: 
[2024-11-02T11:07:40-0700] 5G booster finished at 2024-11-02 11:07:39.918 PDT, duration: 6.149 s
[2024-11-02T11:07:40-0700] -------------------------------
[2024-11-02T11:07:40-0700] Waiting for 2 s...
[2024-11-02T11:07:42-0700] -------------------------------
[2024-11-02T11:07:42-0700] tcp uplink test started at 2024-11-02 11:07:42.060 PDT
[2024-11-02T11:07:42-0700] testing tcp uplink with 155.146.118.158:5101, interval 0.5, duration 120, timeout 121 ...
[2024-11-02T11:09:42-0700] Waiting for .620 s to reach end time
[2024-11-02T11:09:43-0700] Saved uplink test to /data/data/com.termux/files/home/storage/shared/bos_la_2024_trip/verizon/20241102/110530429/tcp_uplink_110742102.out
[2024-11-02T11:09:43-0700] UL AVG TPUT: 177.6494 Mbps
[2024-11-02T11:09:43-0700] tcp uplink test finished at 2024-11-02 11:09:43.169 PDT, duration: 121.109 s
[2024-11-02T11:09:43-0700] -------------------------------
[2024-11-02T11:09:43-0700] Waiting for 2 s...
[2024-11-02T11:09:45-0700] -------------------------------
[2024-11-02T11:09:45-0700] Starting 5G booster for 5 s...
[2024-11-02T11:09:45-0700] 5G booster started at 2024-11-02 11:09:45.303 PDT
[2024-11-02T11:09:51-0700] Current time exceeds end time, skipping wait
[2024-11-02T11:09:51-0700] Saved TCP DL results to /data/data/com.termux/files/home/storage/shared/bos_la_2024_trip/verizon/20241102/110530429/tcp_downlink_110945343.out
[2024-11-02T11:09:51-0700] DL AVG TPUT: 
[2024-11-02T11:09:51-0700] 5G booster finished at 2024-11-02 11:09:51.439 PDT, duration: 6.136 s
[2024-11-02T11:09:51-0700] -------------------------------
[2024-11-02T11:09:51-0700] Waiting for 2 s...
[2024-11-02T11:09:53-0700] -------------------------------
[2024-11-02T11:09:53-0700] ICMP Ping test started at 2024-11-02 11:09:53.565 PDT
[2024-11-02T11:10:23-0700] Waiting for .891 s to reach end time
[2024-11-02T11:10:24-0700] Saved ping test to /data/data/com.termux/files/home/storage/shared/bos_la_2024_trip/verizon/20241102/110530429/icmp_ping_110953602.out
[2024-11-02T11:10:24-0700] Ping summary (min/avg/max/mdev) = 5.744/14.792/20.269/2.932 ms
[2024-11-02T11:10:24-0700] Ping test finished at 2024-11-02 11:10:24.660 PDT, duration: 31.095 s
[2024-11-02T11:10:24-0700] -------------------------------
[2024-11-02T11:10:24-0700] Waiting for 2 s...
[2024-11-02T11:10:26-0700] -------------------------------
[2024-11-02T11:10:26-0700] Starting 5G booster for 5 s...
[2024-11-02T11:10:26-0700] 5G booster started at 2024-11-02 11:10:26.789 PDT
[2024-11-02T11:10:32-0700] Current time exceeds end time, skipping wait
[2024-11-02T11:10:32-0700] Saved TCP DL results to /data/data/com.termux/files/home/storage/shared/bos_la_2024_trip/verizon/20241102/110530429/tcp_downlink_111026830.out
[2024-11-02T11:10:32-0700] DL AVG TPUT: 2903.3648 Mbps
[2024-11-02T11:10:33-0700] 5G booster finished at 2024-11-02 11:10:32.903 PDT, duration: 6.114 s
[2024-11-02T11:10:33-0700] -------------------------------
[2024-11-02T11:10:33-0700] Waiting for 2 s...
[2024-11-02T11:10:35-0700] -------------------------------
[2024-11-02T11:10:35-0700] TCP Ping test started at 2024-11-02 11:10:35.068 PDT
[2024-11-02T11:11:06-0700] Current time exceeds end time, skipping wait
[2024-11-02T11:11:06-0700] Saved TCP Ping test to /data/data/com.termux/files/home/storage/shared/bos_la_2024_trip/verizon/20241102/110530429/tcp_ping_111035110.out
[2024-11-02T11:11:06-0700] TCP Ping summary (min/avg/max/mdev) 
[2024-11-02T11:11:06-0700] TCP Ping test finished at 2024-11-02 11:11:06.237 PDT, duration: 31.169 s
[2024-11-02T11:11:06-0700] -------------------------------
[2024-11-02T11:11:06-0700] Waiting for 2 s...
[2024-11-02T11:11:08-0700] -------------------------------
[2024-11-02T11:11:08-0700] Traceroute test started at 2024-11-02 11:11:08.371 PDT
[2024-11-02T11:11:08-0700] Waiting for 29.669 s to reach end time
[2024-11-02T11:11:38-0700] Saved traceroute test to /data/data/com.termux/files/home/storage/shared/bos_la_2024_trip/verizon/20241102/110530429/traceroute_111108415.out
[2024-11-02T11:11:38-0700] Traceroute summary (min/avg/max/mdev) 
[2024-11-02T11:11:38-0700] Traceroute test finished at 2024-11-02 11:11:38.487 PDT, duration: 30.116 s
[2024-11-02T11:11:38-0700] -------------------------------
[2024-11-02T11:11:38-0700] All tests completed, cleaning up...
[2024-11-02T11:11:38-0700] -------------------------------
[2024-11-02T11:12:18-0700] [measurement] Load environment variables from prod.env file
[2024-11-02T11:12:18-0700] [measurement] Load operator-specific env from verizon.env file
[2024-11-02T11:12:18-0700] Starting a network measurement, please choose a server
[2024-11-02T11:12:18-0700] 0) West Cloud: 54.176.53.206
[2024-11-02T11:12:18-0700] 1) East Cloud: 54.197.223.49
[2024-11-02T11:12:18-0700] 2) Los Angeles Wavelength: 161.188.33.234
[2024-11-02T11:12:18-0700] 3) Las Vegas Wavelength: 155.146.118.158
[2024-11-02T11:12:18-0700] 4) Denver Wavelength: 155.146.144.24
[2024-11-02T11:12:18-0700] 5) Chicago Wavelength: 155.146.180.31
[2024-11-02T11:12:18-0700] 6) Boston Wavelength: 155.146.11.34
[2024-11-02T11:12:24-0700] Enter your choice (0-6): Testing verizon, server 3 (ip: 155.146.118.158, nuttcp_port: 5101, iperf_port: 5001)
[2024-11-02T11:12:24-0700] -------------------------------
[2024-11-02T11:12:24-0700] tcp downlink test started at 2024-11-02 11:12:24.308 PDT
[2024-11-02T11:12:24-0700] Testing tcp downlink with 155.146.118.158:5101, interval 0.5 s, duration 120 s, timeout 121 s...
[2024-11-02T11:14:25-0700] Current time exceeds end time, skipping wait
[2024-11-02T11:14:25-0700] Saved tcp downlink test to /data/data/com.termux/files/home/storage/shared/bos_la_2024_trip/verizon/20241102/111224289/tcp_downlink_111224331.out
[2024-11-02T11:14:25-0700] DL AVG TPUT: 
[2024-11-02T11:14:25-0700] tcp downlink test finished at 2024-11-02 11:14:25.432 PDT, duration: 121.124 s
[2024-11-02T11:14:25-0700] -------------------------------
[2024-11-02T11:14:25-0700] Waiting for 2 s...
[2024-11-02T11:14:27-0700] -------------------------------
[2024-11-02T11:14:27-0700] Starting 5G booster for 5 s...
[2024-11-02T11:14:27-0700] 5G booster started at 2024-11-02 11:14:27.565 PDT
[2024-11-02T11:14:33-0700] Current time exceeds end time, skipping wait
[2024-11-02T11:14:33-0700] Saved TCP DL results to /data/data/com.termux/files/home/storage/shared/bos_la_2024_trip/verizon/20241102/111224289/tcp_downlink_111427613.out
[2024-11-02T11:14:33-0700] DL AVG TPUT: 
[2024-11-02T11:14:33-0700] 5G booster finished at 2024-11-02 11:14:33.742 PDT, duration: 6.177 s
[2024-11-02T11:14:33-0700] -------------------------------
[2024-11-02T11:14:33-0700] Waiting for 2 s...
[2024-11-02T11:14:35-0700] -------------------------------
[2024-11-02T11:14:35-0700] tcp uplink test started at 2024-11-02 11:14:35.868 PDT
[2024-11-02T11:14:35-0700] testing tcp uplink with 155.146.118.158:5101, interval 0.5, duration 120, timeout 121 ...
[2024-11-02T11:16:36-0700] Waiting for .234 s to reach end time
[2024-11-02T11:16:36-0700] Saved uplink test to /data/data/com.termux/files/home/storage/shared/bos_la_2024_trip/verizon/20241102/111224289/tcp_uplink_111435905.out
[2024-11-02T11:16:37-0700] UL AVG TPUT: 82.6867 Mbps
[2024-11-02T11:16:37-0700] tcp uplink test finished at 2024-11-02 11:16:36.961 PDT, duration: 121.093 s
[2024-11-02T11:16:37-0700] -------------------------------
[2024-11-02T11:16:37-0700] Waiting for 2 s...
[2024-11-02T11:16:39-0700] -------------------------------
[2024-11-02T11:16:39-0700] Starting 5G booster for 5 s...
[2024-11-02T11:16:39-0700] 5G booster started at 2024-11-02 11:16:39.104 PDT
[2024-11-02T11:16:45-0700] Current time exceeds end time, skipping wait
[2024-11-02T11:16:45-0700] Saved TCP DL results to /data/data/com.termux/files/home/storage/shared/bos_la_2024_trip/verizon/20241102/111224289/tcp_downlink_111639144.out
[2024-11-02T11:16:45-0700] DL AVG TPUT: 
[2024-11-02T11:16:45-0700] 5G booster finished at 2024-11-02 11:16:45.245 PDT, duration: 6.141 s
[2024-11-02T11:16:45-0700] -------------------------------
[2024-11-02T11:16:45-0700] Waiting for 2 s...
[2024-11-02T11:16:47-0700] -------------------------------
[2024-11-02T11:16:47-0700] ICMP Ping test started at 2024-11-02 11:16:47.388 PDT
[2024-11-02T11:17:17-0700] Waiting for .852 s to reach end time
[2024-11-02T11:17:18-0700] Saved ping test to /data/data/com.termux/files/home/storage/shared/bos_la_2024_trip/verizon/20241102/111224289/icmp_ping_111647434.out
[2024-11-02T11:17:18-0700] Ping summary (min/avg/max/mdev) = 6.067/13.918/23.433/3.801 ms
[2024-11-02T11:17:18-0700] Ping test finished at 2024-11-02 11:17:18.515 PDT, duration: 31.127 s
[2024-11-02T11:17:18-0700] -------------------------------
[2024-11-02T11:17:18-0700] Waiting for 2 s...
[2024-11-02T11:17:20-0700] -------------------------------
[2024-11-02T11:17:20-0700] Starting 5G booster for 5 s...
[2024-11-02T11:17:20-0700] 5G booster started at 2024-11-02 11:17:20.668 PDT
[2024-11-02T11:17:26-0700] Current time exceeds end time, skipping wait
[2024-11-02T11:17:26-0700] Saved TCP DL results to /data/data/com.termux/files/home/storage/shared/bos_la_2024_trip/verizon/20241102/111224289/tcp_downlink_111720711.out
[2024-11-02T11:17:26-0700] DL AVG TPUT: 2881.4337 Mbps
[2024-11-02T11:17:26-0700] 5G booster finished at 2024-11-02 11:17:26.805 PDT, duration: 6.137 s
[2024-11-02T11:17:26-0700] -------------------------------
[2024-11-02T11:17:26-0700] Waiting for 2 s...
[2024-11-02T11:17:28-0700] -------------------------------
[2024-11-02T11:17:28-0700] TCP Ping test started at 2024-11-02 11:17:28.944 PDT
[2024-11-02T11:18:00-0700] Current time exceeds end time, skipping wait
[2024-11-02T11:18:00-0700] Saved TCP Ping test to /data/data/com.termux/files/home/storage/shared/bos_la_2024_trip/verizon/20241102/111224289/tcp_ping_111728987.out
[2024-11-02T11:18:00-0700] TCP Ping summary (min/avg/max/mdev) 
[2024-11-02T11:18:00-0700] TCP Ping test finished at 2024-11-02 11:18:00.109 PDT, duration: 31.165 s
[2024-11-02T11:18:00-0700] -------------------------------
[2024-11-02T11:18:00-0700] Waiting for 2 s...
[2024-11-02T11:18:02-0700] -------------------------------
[2024-11-02T11:18:02-0700] Traceroute test started at 2024-11-02 11:18:02.242 PDT
[2024-11-02T11:18:02-0700] Waiting for 29.700 s to reach end time
[2024-11-02T11:18:32-0700] Saved traceroute test to /data/data/com.termux/files/home/storage/shared/bos_la_2024_trip/verizon/20241102/111224289/traceroute_111802287.out
[2024-11-02T11:18:32-0700] Traceroute summary (min/avg/max/mdev) 
[2024-11-02T11:18:32-0700] Traceroute test finished at 2024-11-02 11:18:32.372 PDT, duration: 30.130 s
[2024-11-02T11:18:32-0700] -------------------------------
[2024-11-02T11:18:32-0700] All tests completed, cleaning up...
[2024-11-02T11:18:32-0700] -------------------------------
[2024-11-02T11:19:26-0700] [measurement] Load environment variables from prod.env file
[2024-11-02T11:19:26-0700] [measurement] Load operator-specific env from verizon.env file
[2024-11-02T11:19:26-0700] Starting a network measurement, please choose a server
[2024-11-02T11:19:26-0700] 0) West Cloud: 54.176.53.206
[2024-11-02T11:19:26-0700] 1) East Cloud: 54.197.223.49
[2024-11-02T11:19:26-0700] 2) Los Angeles Wavelength: 161.188.33.234
[2024-11-02T11:19:26-0700] 3) Las Vegas Wavelength: 155.146.118.158
[2024-11-02T11:19:26-0700] 4) Denver Wavelength: 155.146.144.24
[2024-11-02T11:19:26-0700] 5) Chicago Wavelength: 155.146.180.31
[2024-11-02T11:19:26-0700] 6) Boston Wavelength: 155.146.11.34
[2024-11-02T11:19:32-0700] Enter your choice (0-6): Testing verizon, server 3 (ip: 155.146.118.158, nuttcp_port: 5101, iperf_port: 5001)
[2024-11-02T11:19:32-0700] -------------------------------
[2024-11-02T11:19:32-0700] tcp downlink test started at 2024-11-02 11:19:32.421 PDT
[2024-11-02T11:19:32-0700] Testing tcp downlink with 155.146.118.158:5101, interval 0.5 s, duration 120 s, timeout 121 s...
[2024-11-02T11:21:33-0700] Current time exceeds end time, skipping wait
[2024-11-02T11:21:33-0700] Saved tcp downlink test to /data/data/com.termux/files/home/storage/shared/bos_la_2024_trip/verizon/20241102/111932400/tcp_downlink_111932452.out
[2024-11-02T11:21:33-0700] DL AVG TPUT: 
[2024-11-02T11:21:33-0700] tcp downlink test finished at 2024-11-02 11:21:33.543 PDT, duration: 121.122 s
[2024-11-02T11:21:33-0700] -------------------------------
[2024-11-02T11:21:33-0700] Waiting for 2 s...
[2024-11-02T11:21:35-0700] -------------------------------
[2024-11-02T11:21:35-0700] Starting 5G booster for 5 s...
[2024-11-02T11:21:35-0700] 5G booster started at 2024-11-02 11:21:35.681 PDT
[2024-11-02T11:21:41-0700] Current time exceeds end time, skipping wait
[2024-11-02T11:21:41-0700] Saved TCP DL results to /data/data/com.termux/files/home/storage/shared/bos_la_2024_trip/verizon/20241102/111932400/tcp_downlink_112135743.out
[2024-11-02T11:21:41-0700] DL AVG TPUT: 
[2024-11-02T11:21:41-0700] 5G booster finished at 2024-11-02 11:21:41.830 PDT, duration: 6.149 s
[2024-11-02T11:21:41-0700] -------------------------------
[2024-11-02T11:21:41-0700] Waiting for 2 s...
[2024-11-02T11:21:43-0700] -------------------------------
[2024-11-02T11:21:43-0700] tcp uplink test started at 2024-11-02 11:21:43.943 PDT
[2024-11-02T11:21:43-0700] testing tcp uplink with 155.146.118.158:5101, interval 0.5, duration 120, timeout 121 ...
[2024-11-02T11:23:44-0700] Current time exceeds end time, skipping wait
[2024-11-02T11:23:45-0700] Saved uplink test to /data/data/com.termux/files/home/storage/shared/bos_la_2024_trip/verizon/20241102/111932400/tcp_uplink_112143987.out
[2024-11-02T11:23:45-0700] UL AVG TPUT: 161.0442 Mbps
[2024-11-02T11:23:45-0700] tcp uplink test finished at 2024-11-02 11:23:45.008 PDT, duration: 121.065 s
[2024-11-02T11:23:45-0700] -------------------------------
[2024-11-02T11:23:45-0700] Waiting for 2 s...
[2024-11-02T11:23:47-0700] -------------------------------
[2024-11-02T11:23:47-0700] Starting 5G booster for 5 s...
[2024-11-02T11:23:47-0700] 5G booster started at 2024-11-02 11:23:47.146 PDT
[2024-11-02T11:23:53-0700] Current time exceeds end time, skipping wait
[2024-11-02T11:23:53-0700] Saved TCP DL results to /data/data/com.termux/files/home/storage/shared/bos_la_2024_trip/verizon/20241102/111932400/tcp_downlink_112347197.out
[2024-11-02T11:23:53-0700] DL AVG TPUT: 
[2024-11-02T11:23:53-0700] 5G booster finished at 2024-11-02 11:23:53.287 PDT, duration: 6.141 s
[2024-11-02T11:23:53-0700] -------------------------------
[2024-11-02T11:23:53-0700] Waiting for 2 s...
[2024-11-02T11:23:55-0700] -------------------------------
[2024-11-02T11:23:55-0700] ICMP Ping test started at 2024-11-02 11:23:55.430 PDT
[2024-11-02T11:24:25-0700] Waiting for .880 s to reach end time
[2024-11-02T11:24:26-0700] Saved ping test to /data/data/com.termux/files/home/storage/shared/bos_la_2024_trip/verizon/20241102/111932400/icmp_ping_112355465.out
[2024-11-02T11:24:26-0700] Ping summary (min/avg/max/mdev) = 8.674/28.422/44.323/7.548 ms
[2024-11-02T11:24:26-0700] Ping test finished at 2024-11-02 11:24:26.535 PDT, duration: 31.105 s
[2024-11-02T11:24:26-0700] -------------------------------
[2024-11-02T11:24:26-0700] Waiting for 2 s...
[2024-11-02T11:24:28-0700] -------------------------------
[2024-11-02T11:24:28-0700] Starting 5G booster for 5 s...
[2024-11-02T11:24:28-0700] 5G booster started at 2024-11-02 11:24:28.683 PDT
[2024-11-02T11:24:34-0700] Current time exceeds end time, skipping wait
[2024-11-02T11:24:34-0700] Saved TCP DL results to /data/data/com.termux/files/home/storage/shared/bos_la_2024_trip/verizon/20241102/111932400/tcp_downlink_112428748.out
[2024-11-02T11:24:34-0700] DL AVG TPUT: 
[2024-11-02T11:24:34-0700] 5G booster finished at 2024-11-02 11:24:34.869 PDT, duration: 6.186 s
[2024-11-02T11:24:34-0700] -------------------------------
[2024-11-02T11:24:34-0700] Waiting for 2 s...
[2024-11-02T11:24:36-0700] -------------------------------
[2024-11-02T11:24:37-0700] TCP Ping test started at 2024-11-02 11:24:37.022 PDT
[2024-11-02T11:25:08-0700] Current time exceeds end time, skipping wait
[2024-11-02T11:25:08-0700] Saved TCP Ping test to /data/data/com.termux/files/home/storage/shared/bos_la_2024_trip/verizon/20241102/111932400/tcp_ping_112437062.out
[2024-11-02T11:25:08-0700] TCP Ping summary (min/avg/max/mdev) 
[2024-11-02T11:25:08-0700] TCP Ping test finished at 2024-11-02 11:25:08.155 PDT, duration: 31.133 s
[2024-11-02T11:25:08-0700] -------------------------------
[2024-11-02T11:25:08-0700] Waiting for 2 s...
[2024-11-02T11:25:10-0700] -------------------------------
[2024-11-02T11:25:10-0700] Traceroute test started at 2024-11-02 11:25:10.307 PDT
[2024-11-02T11:25:10-0700] Waiting for 29.609 s to reach end time
[2024-11-02T11:25:40-0700] Saved traceroute test to /data/data/com.termux/files/home/storage/shared/bos_la_2024_trip/verizon/20241102/111932400/traceroute_112510346.out
[2024-11-02T11:25:40-0700] Traceroute summary (min/avg/max/mdev) 
[2024-11-02T11:25:40-0700] Traceroute test finished at 2024-11-02 11:25:40.420 PDT, duration: 30.113 s
[2024-11-02T11:25:40-0700] -------------------------------
[2024-11-02T11:25:40-0700] All tests completed, cleaning up...
[2024-11-02T11:25:40-0700] -------------------------------
[2024-11-02T11:33:13-0700] [measurement] Load environment variables from prod.env file
[2024-11-02T11:33:13-0700] [measurement] Load operator-specific env from verizon.env file
[2024-11-02T11:33:13-0700] Starting a network measurement, please choose a server
[2024-11-02T11:33:13-0700] 0) West Cloud: 54.176.53.206
[2024-11-02T11:33:13-0700] 1) East Cloud: 54.197.223.49
[2024-11-02T11:33:13-0700] 2) Los Angeles Wavelength: 161.188.33.234
[2024-11-02T11:33:13-0700] 3) Las Vegas Wavelength: 155.146.118.158
[2024-11-02T11:33:13-0700] 4) Denver Wavelength: 155.146.144.24
[2024-11-02T11:33:13-0700] 5) Chicago Wavelength: 155.146.180.31
[2024-11-02T11:33:13-0700] 6) Boston Wavelength: 155.146.11.34
[2024-11-02T11:33:16-0700] Enter your choice (0-6): Testing verizon, server 3 (ip: 155.146.118.158, nuttcp_port: 5101, iperf_port: 5001)
[2024-11-02T11:33:16-0700] -------------------------------
[2024-11-02T11:33:16-0700] tcp downlink test started at 2024-11-02 11:33:16.951 PDT
[2024-11-02T11:33:16-0700] Testing tcp downlink with 155.146.118.158:5101, interval 0.5 s, duration 120 s, timeout 121 s...
[2024-11-02T11:35:18-0700] Current time exceeds end time, skipping wait
[2024-11-02T11:35:18-0700] Saved tcp downlink test to /data/data/com.termux/files/home/storage/shared/bos_la_2024_trip/verizon/20241102/113316929/tcp_downlink_113316978.out
[2024-11-02T11:35:18-0700] DL AVG TPUT: 
[2024-11-02T11:35:18-0700] tcp downlink test finished at 2024-11-02 11:35:18.059 PDT, duration: 121.108 s
[2024-11-02T11:35:18-0700] -------------------------------
[2024-11-02T11:35:18-0700] Waiting for 2 s...
[2024-11-02T11:35:20-0700] -------------------------------
[2024-11-02T11:35:20-0700] Starting 5G booster for 5 s...
[2024-11-02T11:35:20-0700] 5G booster started at 2024-11-02 11:35:20.226 PDT
[2024-11-02T11:35:26-0700] Current time exceeds end time, skipping wait
[2024-11-02T11:35:26-0700] Saved TCP DL results to /data/data/com.termux/files/home/storage/shared/bos_la_2024_trip/verizon/20241102/113316929/tcp_downlink_113520259.out
[2024-11-02T11:35:26-0700] DL AVG TPUT: 
[2024-11-02T11:35:26-0700] 5G booster finished at 2024-11-02 11:35:26.333 PDT, duration: 6.107 s
[2024-11-02T11:35:26-0700] -------------------------------
[2024-11-02T11:35:26-0700] Waiting for 2 s...
[2024-11-02T11:35:28-0700] -------------------------------
[2024-11-02T11:35:28-0700] tcp uplink test started at 2024-11-02 11:35:28.475 PDT
[2024-11-02T11:35:28-0700] testing tcp uplink with 155.146.118.158:5101, interval 0.5, duration 120, timeout 121 ...
[2024-11-02T11:37:29-0700] Waiting for .189 s to reach end time
[2024-11-02T11:37:29-0700] Saved uplink test to /data/data/com.termux/files/home/storage/shared/bos_la_2024_trip/verizon/20241102/113316929/tcp_uplink_113528532.out
[2024-11-02T11:37:29-0700] UL AVG TPUT: 141.1234 Mbps
[2024-11-02T11:37:29-0700] tcp uplink test finished at 2024-11-02 11:37:29.571 PDT, duration: 121.096 s
[2024-11-02T11:37:29-0700] -------------------------------
[2024-11-02T11:37:29-0700] Waiting for 2 s...
[2024-11-02T11:37:31-0700] -------------------------------
[2024-11-02T11:37:31-0700] Starting 5G booster for 5 s...
[2024-11-02T11:37:31-0700] 5G booster started at 2024-11-02 11:37:31.777 PDT
[2024-11-02T11:37:37-0700] Current time exceeds end time, skipping wait
[2024-11-02T11:37:37-0700] Saved TCP DL results to /data/data/com.termux/files/home/storage/shared/bos_la_2024_trip/verizon/20241102/113316929/tcp_downlink_113731823.out
[2024-11-02T11:37:38-0700] DL AVG TPUT: 
[2024-11-02T11:37:38-0700] 5G booster finished at 2024-11-02 11:37:37.945 PDT, duration: 6.168 s
[2024-11-02T11:37:38-0700] -------------------------------
[2024-11-02T11:37:38-0700] Waiting for 2 s...
[2024-11-02T11:37:40-0700] -------------------------------
[2024-11-02T11:37:40-0700] ICMP Ping test started at 2024-11-02 11:37:40.117 PDT
[2024-11-02T11:38:10-0700] Waiting for .867 s to reach end time
[2024-11-02T11:38:11-0700] Saved ping test to /data/data/com.termux/files/home/storage/shared/bos_la_2024_trip/verizon/20241102/113316929/icmp_ping_113740174.out
[2024-11-02T11:38:11-0700] Ping summary (min/avg/max/mdev) = 16.139/83.894/981.326/165.299 ms
[2024-11-02T11:38:11-0700] Ping test finished at 2024-11-02 11:38:11.233 PDT, duration: 31.116 s
[2024-11-02T11:38:11-0700] -------------------------------
[2024-11-02T11:38:11-0700] Waiting for 2 s...
[2024-11-02T11:38:13-0700] -------------------------------
[2024-11-02T11:38:13-0700] Starting 5G booster for 5 s...
[2024-11-02T11:38:13-0700] 5G booster started at 2024-11-02 11:38:13.395 PDT
[2024-11-02T11:38:19-0700] Current time exceeds end time, skipping wait
[2024-11-02T11:38:19-0700] Saved TCP DL results to /data/data/com.termux/files/home/storage/shared/bos_la_2024_trip/verizon/20241102/113316929/tcp_downlink_113813438.out
[2024-11-02T11:38:19-0700] DL AVG TPUT: 
[2024-11-02T11:38:19-0700] 5G booster finished at 2024-11-02 11:38:19.564 PDT, duration: 6.169 s
[2024-11-02T11:38:19-0700] -------------------------------
[2024-11-02T11:38:19-0700] Waiting for 2 s...
[2024-11-02T11:38:21-0700] -------------------------------
[2024-11-02T11:38:21-0700] TCP Ping test started at 2024-11-02 11:38:21.692 PDT
[2024-11-02T11:38:52-0700] Current time exceeds end time, skipping wait
[2024-11-02T11:38:52-0700] Saved TCP Ping test to /data/data/com.termux/files/home/storage/shared/bos_la_2024_trip/verizon/20241102/113316929/tcp_ping_113821730.out
[2024-11-02T11:38:52-0700] TCP Ping summary (min/avg/max/mdev) 
[2024-11-02T11:38:52-0700] TCP Ping test finished at 2024-11-02 11:38:52.860 PDT, duration: 31.168 s
[2024-11-02T11:38:52-0700] -------------------------------
[2024-11-02T11:38:52-0700] Waiting for 2 s...
[2024-11-02T11:38:54-0700] -------------------------------
[2024-11-02T11:38:55-0700] Traceroute test started at 2024-11-02 11:38:54.989 PDT
[2024-11-02T11:38:55-0700] Waiting for 29.342 s to reach end time
[2024-11-02T11:39:25-0700] Saved traceroute test to /data/data/com.termux/files/home/storage/shared/bos_la_2024_trip/verizon/20241102/113316929/traceroute_113855022.out
[2024-11-02T11:39:25-0700] Traceroute summary (min/avg/max/mdev) 
[2024-11-02T11:39:25-0700] Traceroute test finished at 2024-11-02 11:39:25.075 PDT, duration: 30.086 s
[2024-11-02T11:39:25-0700] -------------------------------
[2024-11-02T11:39:25-0700] All tests completed, cleaning up...
[2024-11-02T11:39:25-0700] -------------------------------
[2024-11-02T11:40:10-0700] [measurement] Load environment variables from prod.env file
[2024-11-02T11:40:10-0700] [measurement] Load operator-specific env from verizon.env file
[2024-11-02T11:40:10-0700] Starting a network measurement, please choose a server
[2024-11-02T11:40:10-0700] 0) West Cloud: 54.176.53.206
[2024-11-02T11:40:10-0700] 1) East Cloud: 54.197.223.49
[2024-11-02T11:40:10-0700] 2) Los Angeles Wavelength: 161.188.33.234
[2024-11-02T11:40:10-0700] 3) Las Vegas Wavelength: 155.146.118.158
[2024-11-02T11:40:10-0700] 4) Denver Wavelength: 155.146.144.24
[2024-11-02T11:40:10-0700] 5) Chicago Wavelength: 155.146.180.31
[2024-11-02T11:40:10-0700] 6) Boston Wavelength: 155.146.11.34
[2024-11-02T11:40:23-0700] Enter your choice (0-6): Testing verizon, server 3 (ip: 155.146.118.158, nuttcp_port: 5101, iperf_port: 5001)
[2024-11-02T11:40:24-0700] -------------------------------
[2024-11-02T11:40:24-0700] tcp downlink test started at 2024-11-02 11:40:24.060 PDT
[2024-11-02T11:40:24-0700] Testing tcp downlink with 155.146.118.158:5101, interval 0.5 s, duration 120 s, timeout 121 s...
[2024-11-02T11:42:25-0700] Current time exceeds end time, skipping wait
[2024-11-02T11:42:25-0700] Saved tcp downlink test to /data/data/com.termux/files/home/storage/shared/bos_la_2024_trip/verizon/20241102/114024036/tcp_downlink_114024087.out
[2024-11-02T11:42:25-0700] DL AVG TPUT: 
[2024-11-02T11:42:25-0700] tcp downlink test finished at 2024-11-02 11:42:25.162 PDT, duration: 121.102 s
[2024-11-02T11:42:25-0700] -------------------------------
[2024-11-02T11:42:25-0700] Waiting for 2 s...
[2024-11-02T11:42:27-0700] -------------------------------
[2024-11-02T11:42:27-0700] Starting 5G booster for 5 s...
[2024-11-02T11:42:27-0700] 5G booster started at 2024-11-02 11:42:27.312 PDT
[2024-11-02T11:42:33-0700] Current time exceeds end time, skipping wait
[2024-11-02T11:42:33-0700] Saved TCP DL results to /data/data/com.termux/files/home/storage/shared/bos_la_2024_trip/verizon/20241102/114024036/tcp_downlink_114227347.out
[2024-11-02T11:42:33-0700] DL AVG TPUT: 
[2024-11-02T11:42:33-0700] 5G booster finished at 2024-11-02 11:42:33.439 PDT, duration: 6.127 s
[2024-11-02T11:42:33-0700] -------------------------------
[2024-11-02T11:42:33-0700] Waiting for 2 s...
[2024-11-02T11:42:35-0700] -------------------------------
[2024-11-02T11:42:35-0700] tcp uplink test started at 2024-11-02 11:42:35.569 PDT
[2024-11-02T11:42:35-0700] testing tcp uplink with 155.146.118.158:5101, interval 0.5, duration 120, timeout 121 ...
[2024-11-02T11:44:36-0700] Current time exceeds end time, skipping wait
[2024-11-02T11:44:36-0700] Saved uplink test to /data/data/com.termux/files/home/storage/shared/bos_la_2024_trip/verizon/20241102/114024036/tcp_uplink_114235613.out
[2024-11-02T11:44:36-0700] UL AVG TPUT: 
[2024-11-02T11:44:36-0700] tcp uplink test finished at 2024-11-02 11:44:36.707 PDT, duration: 121.138 s
[2024-11-02T11:44:36-0700] -------------------------------
[2024-11-02T11:44:36-0700] Waiting for 2 s...
[2024-11-02T11:44:38-0700] -------------------------------
[2024-11-02T11:44:38-0700] Starting 5G booster for 5 s...
[2024-11-02T11:44:38-0700] 5G booster started at 2024-11-02 11:44:38.841 PDT
[2024-11-02T11:44:44-0700] Current time exceeds end time, skipping wait
[2024-11-02T11:44:44-0700] Saved TCP DL results to /data/data/com.termux/files/home/storage/shared/bos_la_2024_trip/verizon/20241102/114024036/tcp_downlink_114438871.out
[2024-11-02T11:44:45-0700] DL AVG TPUT: 
[2024-11-02T11:44:45-0700] 5G booster finished at 2024-11-02 11:44:44.978 PDT, duration: 6.137 s
[2024-11-02T11:44:45-0700] -------------------------------
[2024-11-02T11:44:45-0700] Waiting for 2 s...
[2024-11-02T11:44:47-0700] -------------------------------
[2024-11-02T11:44:47-0700] ICMP Ping test started at 2024-11-02 11:44:47.098 PDT
[2024-11-02T11:45:17-0700] Waiting for .887 s to reach end time
[2024-11-02T11:45:18-0700] Saved ping test to /data/data/com.termux/files/home/storage/shared/bos_la_2024_trip/verizon/20241102/114024036/icmp_ping_114447128.out
[2024-11-02T11:45:18-0700] Ping summary (min/avg/max/mdev) = 18.341/29.992/40.911/5.833 ms
[2024-11-02T11:45:18-0700] Ping test finished at 2024-11-02 11:45:18.196 PDT, duration: 31.098 s
[2024-11-02T11:45:18-0700] -------------------------------
[2024-11-02T11:45:18-0700] Waiting for 2 s...
[2024-11-02T11:45:20-0700] -------------------------------
[2024-11-02T11:45:20-0700] Starting 5G booster for 5 s...
[2024-11-02T11:45:20-0700] 5G booster started at 2024-11-02 11:45:20.312 PDT
[2024-11-02T11:45:26-0700] Current time exceeds end time, skipping wait
[2024-11-02T11:45:26-0700] Saved TCP DL results to /data/data/com.termux/files/home/storage/shared/bos_la_2024_trip/verizon/20241102/114024036/tcp_downlink_114520344.out
[2024-11-02T11:45:26-0700] DL AVG TPUT: 
[2024-11-02T11:45:26-0700] 5G booster finished at 2024-11-02 11:45:26.406 PDT, duration: 6.094 s
[2024-11-02T11:45:26-0700] -------------------------------
[2024-11-02T11:45:26-0700] Waiting for 2 s...
[2024-11-02T11:45:28-0700] -------------------------------
[2024-11-02T11:45:28-0700] TCP Ping test started at 2024-11-02 11:45:28.517 PDT
[2024-11-02T11:45:59-0700] Current time exceeds end time, skipping wait
[2024-11-02T11:45:59-0700] Saved TCP Ping test to /data/data/com.termux/files/home/storage/shared/bos_la_2024_trip/verizon/20241102/114024036/tcp_ping_114528549.out
[2024-11-02T11:45:59-0700] TCP Ping summary (min/avg/max/mdev) 
[2024-11-02T11:45:59-0700] TCP Ping test finished at 2024-11-02 11:45:59.654 PDT, duration: 31.137 s
[2024-11-02T11:45:59-0700] -------------------------------
[2024-11-02T11:45:59-0700] Waiting for 2 s...
[2024-11-02T11:46:01-0700] -------------------------------
[2024-11-02T11:46:01-0700] Traceroute test started at 2024-11-02 11:46:01.801 PDT
[2024-11-02T11:46:02-0700] Waiting for 29.569 s to reach end time
[2024-11-02T11:46:31-0700] Saved traceroute test to /data/data/com.termux/files/home/storage/shared/bos_la_2024_trip/verizon/20241102/114024036/traceroute_114601835.out
[2024-11-02T11:46:31-0700] Traceroute summary (min/avg/max/mdev) 
[2024-11-02T11:46:31-0700] Traceroute test finished at 2024-11-02 11:46:31.883 PDT, duration: 30.082 s
[2024-11-02T11:46:31-0700] -------------------------------
[2024-11-02T11:46:31-0700] All tests completed, cleaning up...
[2024-11-02T11:46:31-0700] -------------------------------
[2024-11-02T12:40:34-0700] [measurement] Load environment variables from prod.env file
[2024-11-02T12:40:34-0700] [measurement] Load operator-specific env from verizon.env file
[2024-11-02T12:40:34-0700] Starting a network measurement, please choose a server
[2024-11-02T12:40:34-0700] 0) West Cloud: 54.176.53.206
[2024-11-02T12:40:34-0700] 1) East Cloud: 54.197.223.49
[2024-11-02T12:40:34-0700] 2) Los Angeles Wavelength: 161.188.33.234
[2024-11-02T12:40:34-0700] 3) Las Vegas Wavelength: 155.146.118.158
[2024-11-02T12:40:34-0700] 4) Denver Wavelength: 155.146.144.24
[2024-11-02T12:40:34-0700] 5) Chicago Wavelength: 155.146.180.31
[2024-11-02T12:40:34-0700] 6) Boston Wavelength: 155.146.11.34
[2024-11-02T12:40:49-0700] Enter your choice (0-6): Testing verizon, server 3 (ip: 155.146.118.158, nuttcp_port: 5101, iperf_port: 5001)
[2024-11-02T12:40:49-0700] -------------------------------
[2024-11-02T12:40:49-0700] tcp downlink test started at 2024-11-02 12:40:49.275 PDT
[2024-11-02T12:40:49-0700] Testing tcp downlink with 155.146.118.158:5101, interval 0.5 s, duration 120 s, timeout 121 s...
[2024-11-02T12:42:50-0700] Current time exceeds end time, skipping wait
[2024-11-02T12:42:50-0700] Saved tcp downlink test to /data/data/com.termux/files/home/storage/shared/bos_la_2024_trip/verizon/20241102/124049250/tcp_downlink_124049320.out
[2024-11-02T12:42:50-0700] DL AVG TPUT: 
[2024-11-02T12:42:50-0700] tcp downlink test finished at 2024-11-02 12:42:50.491 PDT, duration: 121.216 s
[2024-11-02T12:42:50-0700] -------------------------------
[2024-11-02T12:42:50-0700] Waiting for 2 s...
[2024-11-02T12:42:52-0700] -------------------------------
[2024-11-02T12:42:52-0700] Starting 5G booster for 5 s...
[2024-11-02T12:42:52-0700] 5G booster started at 2024-11-02 12:42:52.644 PDT
[2024-11-02T12:42:58-0700] Current time exceeds end time, skipping wait
[2024-11-02T12:42:58-0700] Saved TCP DL results to /data/data/com.termux/files/home/storage/shared/bos_la_2024_trip/verizon/20241102/124049250/tcp_downlink_124252686.out
[2024-11-02T12:42:58-0700] DL AVG TPUT: 
[2024-11-02T12:42:58-0700] 5G booster finished at 2024-11-02 12:42:58.799 PDT, duration: 6.155 s
[2024-11-02T12:42:58-0700] -------------------------------
[2024-11-02T12:42:58-0700] Waiting for 2 s...
[2024-11-02T12:43:00-0700] -------------------------------
[2024-11-02T12:43:00-0700] tcp uplink test started at 2024-11-02 12:43:00.937 PDT
[2024-11-02T12:43:01-0700] testing tcp uplink with 155.146.118.158:5101, interval 0.5, duration 120, timeout 121 ...
[2024-11-02T12:45:01-0700] Waiting for .165 s to reach end time
[2024-11-02T12:45:02-0700] Saved uplink test to /data/data/com.termux/files/home/storage/shared/bos_la_2024_trip/verizon/20241102/124049250/tcp_uplink_124300992.out
[2024-11-02T12:45:02-0700] UL AVG TPUT: 47.4187 Mbps
[2024-11-02T12:45:02-0700] tcp uplink test finished at 2024-11-02 12:45:02.055 PDT, duration: 121.118 s
[2024-11-02T12:45:02-0700] -------------------------------
[2024-11-02T12:45:02-0700] Waiting for 2 s...
[2024-11-02T12:45:04-0700] -------------------------------
[2024-11-02T12:45:04-0700] Starting 5G booster for 5 s...
[2024-11-02T12:45:04-0700] 5G booster started at 2024-11-02 12:45:04.243 PDT
[2024-11-02T12:45:10-0700] Current time exceeds end time, skipping wait
[2024-11-02T12:45:10-0700] Saved TCP DL results to /data/data/com.termux/files/home/storage/shared/bos_la_2024_trip/verizon/20241102/124049250/tcp_downlink_124504290.out
[2024-11-02T12:45:10-0700] DL AVG TPUT: 
[2024-11-02T12:45:10-0700] 5G booster finished at 2024-11-02 12:45:10.431 PDT, duration: 6.188 s
[2024-11-02T12:45:10-0700] -------------------------------
[2024-11-02T12:45:10-0700] Waiting for 2 s...
[2024-11-02T12:45:12-0700] -------------------------------
[2024-11-02T12:45:12-0700] ICMP Ping test started at 2024-11-02 12:45:12.580 PDT
[2024-11-02T12:45:42-0700] Waiting for .857 s to reach end time
[2024-11-02T12:45:43-0700] Saved ping test to /data/data/com.termux/files/home/storage/shared/bos_la_2024_trip/verizon/20241102/124049250/icmp_ping_124512614.out
[2024-11-02T12:45:43-0700] Ping summary (min/avg/max/mdev) = 8.630/36.629/210.614/27.303 ms
[2024-11-02T12:45:43-0700] Ping test finished at 2024-11-02 12:45:43.667 PDT, duration: 31.087 s
[2024-11-02T12:45:43-0700] -------------------------------
[2024-11-02T12:45:43-0700] Waiting for 2 s...
[2024-11-02T12:45:45-0700] -------------------------------
[2024-11-02T12:45:45-0700] Starting 5G booster for 5 s...
[2024-11-02T12:45:45-0700] 5G booster started at 2024-11-02 12:45:45.813 PDT
[2024-11-02T12:45:52-0700] Current time exceeds end time, skipping wait
[2024-11-02T12:45:52-0700] Saved TCP DL results to /data/data/com.termux/files/home/storage/shared/bos_la_2024_trip/verizon/20241102/124049250/tcp_downlink_124545861.out
[2024-11-02T12:45:52-0700] DL AVG TPUT: 
[2024-11-02T12:45:52-0700] 5G booster finished at 2024-11-02 12:45:52.012 PDT, duration: 6.199 s
[2024-11-02T12:45:52-0700] -------------------------------
[2024-11-02T12:45:52-0700] Waiting for 2 s...
[2024-11-02T12:45:54-0700] -------------------------------
[2024-11-02T12:45:54-0700] TCP Ping test started at 2024-11-02 12:45:54.138 PDT
[2024-11-02T12:46:25-0700] Current time exceeds end time, skipping wait
[2024-11-02T12:46:25-0700] Saved TCP Ping test to /data/data/com.termux/files/home/storage/shared/bos_la_2024_trip/verizon/20241102/124049250/tcp_ping_124554221.out
[2024-11-02T12:46:25-0700] TCP Ping summary (min/avg/max/mdev) 
[2024-11-02T12:46:25-0700] TCP Ping test finished at 2024-11-02 12:46:25.338 PDT, duration: 31.200 s
[2024-11-02T12:46:25-0700] -------------------------------
[2024-11-02T12:46:25-0700] Waiting for 2 s...
[2024-11-02T12:46:27-0700] -------------------------------
[2024-11-02T12:46:27-0700] Traceroute test started at 2024-11-02 12:46:27.440 PDT
[2024-11-02T12:46:28-0700] Waiting for 29.256 s to reach end time
[2024-11-02T12:46:57-0700] Saved traceroute test to /data/data/com.termux/files/home/storage/shared/bos_la_2024_trip/verizon/20241102/124049250/traceroute_124627465.out
[2024-11-02T12:46:57-0700] Traceroute summary (min/avg/max/mdev) 
[2024-11-02T12:46:57-0700] Traceroute test finished at 2024-11-02 12:46:57.570 PDT, duration: 30.130 s
[2024-11-02T12:46:57-0700] -------------------------------
[2024-11-02T12:46:57-0700] All tests completed, cleaning up...
[2024-11-02T12:46:57-0700] -------------------------------
[2024-11-02T12:48:00-0700] [measurement] Load environment variables from prod.env file
[2024-11-02T12:48:00-0700] [measurement] Load operator-specific env from verizon.env file
[2024-11-02T12:48:00-0700] Starting a network measurement, please choose a server
[2024-11-02T12:48:00-0700] 0) West Cloud: 54.176.53.206
[2024-11-02T12:48:00-0700] 1) East Cloud: 54.197.223.49
[2024-11-02T12:48:00-0700] 2) Los Angeles Wavelength: 161.188.33.234
[2024-11-02T12:48:00-0700] 3) Las Vegas Wavelength: 155.146.118.158
[2024-11-02T12:48:00-0700] 4) Denver Wavelength: 155.146.144.24
[2024-11-02T12:48:00-0700] 5) Chicago Wavelength: 155.146.180.31
[2024-11-02T12:48:00-0700] 6) Boston Wavelength: 155.146.11.34
[2024-11-02T12:48:18-0700] Enter your choice (0-6): Testing verizon, server 3 (ip: 155.146.118.158, nuttcp_port: 5101, iperf_port: 5001)
[2024-11-02T12:48:18-0700] -------------------------------
[2024-11-02T12:48:18-0700] tcp downlink test started at 2024-11-02 12:48:18.904 PDT
[2024-11-02T12:48:18-0700] Testing tcp downlink with 155.146.118.158:5101, interval 0.5 s, duration 120 s, timeout 121 s...
[2024-11-02T12:50:20-0700] Current time exceeds end time, skipping wait
[2024-11-02T12:50:20-0700] Saved tcp downlink test to /data/data/com.termux/files/home/storage/shared/bos_la_2024_trip/verizon/20241102/124818863/tcp_downlink_124818947.out
[2024-11-02T12:50:20-0700] DL AVG TPUT: 
[2024-11-02T12:50:20-0700] tcp downlink test finished at 2024-11-02 12:50:20.060 PDT, duration: 121.156 s
[2024-11-02T12:50:20-0700] -------------------------------
[2024-11-02T12:50:20-0700] Waiting for 2 s...
[2024-11-02T12:50:22-0700] -------------------------------
[2024-11-02T12:50:22-0700] Starting 5G booster for 5 s...
[2024-11-02T12:50:22-0700] 5G booster started at 2024-11-02 12:50:22.188 PDT
[2024-11-02T12:50:28-0700] Current time exceeds end time, skipping wait
[2024-11-02T12:50:28-0700] Saved TCP DL results to /data/data/com.termux/files/home/storage/shared/bos_la_2024_trip/verizon/20241102/124818863/tcp_downlink_125022218.out
[2024-11-02T12:50:28-0700] [CAUTION] EMPTY LOG!
[2024-11-02T12:50:28-0700] 5G booster finished at 2024-11-02 12:50:28.370 PDT, duration: 6.182 s
[2024-11-02T12:50:28-0700] -------------------------------
[2024-11-02T12:50:28-0700] Waiting for 2 s...
[2024-11-02T12:50:30-0700] -------------------------------
[2024-11-02T12:50:30-0700] tcp uplink test started at 2024-11-02 12:50:30.459 PDT
[2024-11-02T12:50:30-0700] testing tcp uplink with 155.146.118.158:5101, interval 0.5, duration 120, timeout 121 ...
[2024-11-02T12:52:31-0700] Current time exceeds end time, skipping wait
[2024-11-02T12:52:31-0700] Saved uplink test to /data/data/com.termux/files/home/storage/shared/bos_la_2024_trip/verizon/20241102/124818863/tcp_uplink_125030492.out
[2024-11-02T12:52:31-0700] UL AVG TPUT: 
[2024-11-02T12:52:31-0700] tcp uplink test finished at 2024-11-02 12:52:31.621 PDT, duration: 121.162 s
[2024-11-02T12:52:31-0700] -------------------------------
[2024-11-02T12:52:31-0700] Waiting for 2 s...
[2024-11-02T12:52:33-0700] -------------------------------
[2024-11-02T12:52:33-0700] Starting 5G booster for 5 s...
[2024-11-02T12:52:33-0700] 5G booster started at 2024-11-02 12:52:33.760 PDT
[2024-11-02T12:52:39-0700] Current time exceeds end time, skipping wait
[2024-11-02T12:52:39-0700] Saved TCP DL results to /data/data/com.termux/files/home/storage/shared/bos_la_2024_trip/verizon/20241102/124818863/tcp_downlink_125233812.out
[2024-11-02T12:52:39-0700] DL AVG TPUT: 
[2024-11-02T12:52:40-0700] 5G booster finished at 2024-11-02 12:52:39.941 PDT, duration: 6.181 s
[2024-11-02T12:52:40-0700] -------------------------------
[2024-11-02T12:52:40-0700] Waiting for 2 s...
[2024-11-02T12:52:42-0700] -------------------------------
[2024-11-02T12:52:42-0700] ICMP Ping test started at 2024-11-02 12:52:42.045 PDT
[2024-11-02T12:53:12-0700] Waiting for .920 s to reach end time
[2024-11-02T12:53:13-0700] Saved ping test to /data/data/com.termux/files/home/storage/shared/bos_la_2024_trip/verizon/20241102/124818863/icmp_ping_125242072.out
[2024-11-02T12:53:13-0700] Ping summary (min/avg/max/mdev) = 11.263/60.792/819.769/136.186 ms
[2024-11-02T12:53:13-0700] Ping test finished at 2024-11-02 12:53:13.124 PDT, duration: 31.079 s
[2024-11-02T12:53:13-0700] -------------------------------
[2024-11-02T12:53:13-0700] Waiting for 2 s...
[2024-11-02T12:53:15-0700] -------------------------------
[2024-11-02T12:53:15-0700] Starting 5G booster for 5 s...
[2024-11-02T12:53:15-0700] 5G booster started at 2024-11-02 12:53:15.251 PDT
[2024-11-02T12:53:21-0700] Current time exceeds end time, skipping wait
[2024-11-02T12:53:21-0700] Saved TCP DL results to /data/data/com.termux/files/home/storage/shared/bos_la_2024_trip/verizon/20241102/124818863/tcp_downlink_125315316.out
[2024-11-02T12:53:21-0700] DL AVG TPUT: 
[2024-11-02T12:53:21-0700] 5G booster finished at 2024-11-02 12:53:21.411 PDT, duration: 6.160 s
[2024-11-02T12:53:21-0700] -------------------------------
[2024-11-02T12:53:21-0700] Waiting for 2 s...
[2024-11-02T12:53:23-0700] -------------------------------
[2024-11-02T12:53:23-0700] TCP Ping test started at 2024-11-02 12:53:23.509 PDT
[2024-11-02T12:53:54-0700] Current time exceeds end time, skipping wait
[2024-11-02T12:53:54-0700] Saved TCP Ping test to /data/data/com.termux/files/home/storage/shared/bos_la_2024_trip/verizon/20241102/124818863/tcp_ping_125323531.out
[2024-11-02T12:53:54-0700] TCP Ping summary (min/avg/max/mdev) 
[2024-11-02T12:53:54-0700] TCP Ping test finished at 2024-11-02 12:53:54.647 PDT, duration: 31.138 s
[2024-11-02T12:53:54-0700] -------------------------------
[2024-11-02T12:53:54-0700] Waiting for 2 s...
[2024-11-02T12:53:56-0700] -------------------------------
[2024-11-02T12:53:56-0700] Traceroute test started at 2024-11-02 12:53:56.757 PDT
[2024-11-02T12:53:57-0700] Waiting for 29.153 s to reach end time
[2024-11-02T12:54:26-0700] Saved traceroute test to /data/data/com.termux/files/home/storage/shared/bos_la_2024_trip/verizon/20241102/124818863/traceroute_125356828.out
[2024-11-02T12:54:26-0700] Traceroute summary (min/avg/max/mdev) 
[2024-11-02T12:54:26-0700] Traceroute test finished at 2024-11-02 12:54:26.840 PDT, duration: 30.083 s
[2024-11-02T12:54:26-0700] -------------------------------
[2024-11-02T12:54:26-0700] All tests completed, cleaning up...
[2024-11-02T12:54:26-0700] -------------------------------
[2024-11-02T12:55:14-0700] [measurement] Load environment variables from prod.env file
[2024-11-02T12:55:14-0700] [measurement] Load operator-specific env from verizon.env file
[2024-11-02T12:55:14-0700] Starting a network measurement, please choose a server
[2024-11-02T12:55:14-0700] 0) West Cloud: 54.176.53.206
[2024-11-02T12:55:14-0700] 1) East Cloud: 54.197.223.49
[2024-11-02T12:55:14-0700] 2) Los Angeles Wavelength: 161.188.33.234
[2024-11-02T12:55:14-0700] 3) Las Vegas Wavelength: 155.146.118.158
[2024-11-02T12:55:14-0700] 4) Denver Wavelength: 155.146.144.24
[2024-11-02T12:55:14-0700] 5) Chicago Wavelength: 155.146.180.31
[2024-11-02T12:55:14-0700] 6) Boston Wavelength: 155.146.11.34
[2024-11-02T12:55:37-0700] Enter your choice (0-6): Testing verizon, server 0 (ip: 54.176.53.206, nuttcp_port: 5101, iperf_port: 5001)
[2024-11-02T12:55:38-0700] -------------------------------
[2024-11-02T12:55:38-0700] tcp downlink test started at 2024-11-02 12:55:38.090 PDT
[2024-11-02T12:55:38-0700] Testing tcp downlink with 54.176.53.206:5101, interval 0.5 s, duration 120 s, timeout 121 s...
[2024-11-02T12:57:39-0700] Current time exceeds end time, skipping wait
[2024-11-02T12:57:39-0700] Saved tcp downlink test to /data/data/com.termux/files/home/storage/shared/bos_la_2024_trip/verizon/20241102/125538071/tcp_downlink_125538115.out
[2024-11-02T12:57:39-0700] DL AVG TPUT: 
[2024-11-02T12:57:39-0700] tcp downlink test finished at 2024-11-02 12:57:39.232 PDT, duration: 121.142 s
[2024-11-02T12:57:39-0700] -------------------------------
[2024-11-02T12:57:39-0700] Waiting for 2 s...
[2024-11-02T12:57:41-0700] -------------------------------
[2024-11-02T12:57:41-0700] Starting 5G booster for 5 s...
[2024-11-02T12:57:41-0700] 5G booster started at 2024-11-02 12:57:41.387 PDT
[2024-11-02T12:57:47-0700] Current time exceeds end time, skipping wait
[2024-11-02T12:57:47-0700] Saved TCP DL results to /data/data/com.termux/files/home/storage/shared/bos_la_2024_trip/verizon/20241102/125538071/tcp_downlink_125741420.out
[2024-11-02T12:57:47-0700] DL AVG TPUT: 
[2024-11-02T12:57:47-0700] 5G booster finished at 2024-11-02 12:57:47.517 PDT, duration: 6.130 s
[2024-11-02T12:57:47-0700] -------------------------------
[2024-11-02T12:57:47-0700] Waiting for 2 s...
[2024-11-02T12:57:49-0700] -------------------------------
[2024-11-02T12:57:49-0700] tcp uplink test started at 2024-11-02 12:57:49.616 PDT
[2024-11-02T12:57:49-0700] testing tcp uplink with 54.176.53.206:5101, interval 0.5, duration 120, timeout 121 ...
[2024-11-02T12:59:50-0700] Current time exceeds end time, skipping wait
[2024-11-02T12:59:50-0700] Saved uplink test to /data/data/com.termux/files/home/storage/shared/bos_la_2024_trip/verizon/20241102/125538071/tcp_uplink_125749669.out
[2024-11-02T12:59:50-0700] UL AVG TPUT: 47.9149 Mbps
[2024-11-02T12:59:50-0700] tcp uplink test finished at 2024-11-02 12:59:50.641 PDT, duration: 121.025 s
[2024-11-02T12:59:50-0700] -------------------------------
[2024-11-02T12:59:50-0700] Waiting for 2 s...
[2024-11-02T12:59:52-0700] -------------------------------
[2024-11-02T12:59:52-0700] Starting 5G booster for 5 s...
[2024-11-02T12:59:52-0700] 5G booster started at 2024-11-02 12:59:52.778 PDT
[2024-11-02T12:59:58-0700] Current time exceeds end time, skipping wait
[2024-11-02T12:59:58-0700] Saved TCP DL results to /data/data/com.termux/files/home/storage/shared/bos_la_2024_trip/verizon/20241102/125538071/tcp_downlink_125952809.out
[2024-11-02T12:59:58-0700] DL AVG TPUT: 
[2024-11-02T12:59:59-0700] 5G booster finished at 2024-11-02 12:59:58.929 PDT, duration: 6.151 s
[2024-11-02T12:59:59-0700] -------------------------------
[2024-11-02T12:59:59-0700] Waiting for 2 s...
[2024-11-02T13:00:01-0700] -------------------------------
[2024-11-02T13:00:01-0700] ICMP Ping test started at 2024-11-02 13:00:01.061 PDT
[2024-11-02T13:00:31-0700] Waiting for .874 s to reach end time
[2024-11-02T13:00:32-0700] Saved ping test to /data/data/com.termux/files/home/storage/shared/bos_la_2024_trip/verizon/20241102/125538071/icmp_ping_130001094.out
[2024-11-02T13:00:32-0700] Ping summary (min/avg/max/mdev) = 31.071/44.804/59.675/6.000 ms
[2024-11-02T13:00:32-0700] Ping test finished at 2024-11-02 13:00:32.169 PDT, duration: 31.108 s
[2024-11-02T13:00:32-0700] -------------------------------
[2024-11-02T13:00:32-0700] Waiting for 2 s...
[2024-11-02T13:00:34-0700] -------------------------------
[2024-11-02T13:00:34-0700] Starting 5G booster for 5 s...
[2024-11-02T13:00:34-0700] 5G booster started at 2024-11-02 13:00:34.283 PDT
[2024-11-02T13:00:40-0700] Current time exceeds end time, skipping wait
[2024-11-02T13:00:40-0700] Saved TCP DL results to /data/data/com.termux/files/home/storage/shared/bos_la_2024_trip/verizon/20241102/125538071/tcp_downlink_130034313.out
[2024-11-02T13:00:40-0700] DL AVG TPUT: 
[2024-11-02T13:00:40-0700] 5G booster finished at 2024-11-02 13:00:40.464 PDT, duration: 6.181 s
[2024-11-02T13:00:40-0700] -------------------------------
[2024-11-02T13:00:40-0700] Waiting for 2 s...
[2024-11-02T13:00:42-0700] -------------------------------
[2024-11-02T13:00:42-0700] TCP Ping test started at 2024-11-02 13:00:42.618 PDT
[2024-11-02T13:01:13-0700] Current time exceeds end time, skipping wait
[2024-11-02T13:01:13-0700] Saved TCP Ping test to /data/data/com.termux/files/home/storage/shared/bos_la_2024_trip/verizon/20241102/125538071/tcp_ping_130042659.out
[2024-11-02T13:01:13-0700] TCP Ping summary (min/avg/max/mdev) 
[2024-11-02T13:01:13-0700] TCP Ping test finished at 2024-11-02 13:01:13.759 PDT, duration: 31.141 s
[2024-11-02T13:01:13-0700] -------------------------------
[2024-11-02T13:01:13-0700] Waiting for 2 s...
[2024-11-02T13:01:15-0700] -------------------------------
[2024-11-02T13:01:15-0700] Traceroute test started at 2024-11-02 13:01:15.883 PDT
[2024-11-02T13:01:17-0700] Waiting for 28.176 s to reach end time
[2024-11-02T13:01:45-0700] Saved traceroute test to /data/data/com.termux/files/home/storage/shared/bos_la_2024_trip/verizon/20241102/125538071/traceroute_130115920.out
[2024-11-02T13:01:46-0700] Traceroute summary (min/avg/max/mdev) 
[2024-11-02T13:01:46-0700] Traceroute test finished at 2024-11-02 13:01:45.988 PDT, duration: 30.105 s
[2024-11-02T13:01:46-0700] -------------------------------
[2024-11-02T13:01:46-0700] All tests completed, cleaning up...
[2024-11-02T13:01:46-0700] -------------------------------
[2024-11-02T13:02:44-0700] [measurement] Load environment variables from prod.env file
[2024-11-02T13:02:44-0700] [measurement] Load operator-specific env from verizon.env file
[2024-11-02T13:02:44-0700] Starting a network measurement, please choose a server
[2024-11-02T13:02:44-0700] 0) West Cloud: 54.176.53.206
[2024-11-02T13:02:44-0700] 1) East Cloud: 54.197.223.49
[2024-11-02T13:02:44-0700] 2) Los Angeles Wavelength: 161.188.33.234
[2024-11-02T13:02:44-0700] 3) Las Vegas Wavelength: 155.146.118.158
[2024-11-02T13:02:44-0700] 4) Denver Wavelength: 155.146.144.24
[2024-11-02T13:02:44-0700] 5) Chicago Wavelength: 155.146.180.31
[2024-11-02T13:02:44-0700] 6) Boston Wavelength: 155.146.11.34
[2024-11-02T13:03:12-0700] Enter your choice (0-6): Testing verizon, server 0 (ip: 54.176.53.206, nuttcp_port: 5101, iperf_port: 5001)
[2024-11-02T13:03:12-0700] -------------------------------
[2024-11-02T13:03:12-0700] tcp downlink test started at 2024-11-02 13:03:12.242 PDT
[2024-11-02T13:03:12-0700] Testing tcp downlink with 54.176.53.206:5101, interval 0.5 s, duration 120 s, timeout 121 s...
[2024-11-02T13:05:13-0700] Current time exceeds end time, skipping wait
[2024-11-02T13:05:13-0700] Saved tcp downlink test to /data/data/com.termux/files/home/storage/shared/bos_la_2024_trip/verizon/20241102/130312219/tcp_downlink_130312276.out
[2024-11-02T13:05:13-0700] DL AVG TPUT: 
[2024-11-02T13:05:13-0700] tcp downlink test finished at 2024-11-02 13:05:13.359 PDT, duration: 121.117 s
[2024-11-02T13:05:13-0700] -------------------------------
[2024-11-02T13:05:13-0700] Waiting for 2 s...
[2024-11-02T13:05:15-0700] -------------------------------
[2024-11-02T13:05:15-0700] Starting 5G booster for 5 s...
[2024-11-02T13:05:15-0700] 5G booster started at 2024-11-02 13:05:15.498 PDT
[2024-11-02T13:05:15-0700] server aborted connection
[2024-11-02T13:05:15-0700] Waiting for 5.768 s to reach end time
[2024-11-02T13:05:21-0700] Saved TCP DL results to /data/data/com.termux/files/home/storage/shared/bos_la_2024_trip/verizon/20241102/130312219/tcp_downlink_130515537.out
[2024-11-02T13:05:21-0700] [CAUTION] EMPTY LOG!
[2024-11-02T13:05:21-0700] 5G booster finished at 2024-11-02 13:05:21.612 PDT, duration: 6.114 s
[2024-11-02T13:05:21-0700] -------------------------------
[2024-11-02T13:05:21-0700] Waiting for 2 s...
[2024-11-02T13:05:23-0700] -------------------------------
[2024-11-02T13:05:23-0700] tcp uplink test started at 2024-11-02 13:05:23.742 PDT
[2024-11-02T13:05:23-0700] testing tcp uplink with 54.176.53.206:5101, interval 0.5, duration 120, timeout 121 ...
[2024-11-02T13:07:24-0700] Current time exceeds end time, skipping wait
[2024-11-02T13:07:24-0700] Saved uplink test to /data/data/com.termux/files/home/storage/shared/bos_la_2024_trip/verizon/20241102/130312219/tcp_uplink_130523772.out
[2024-11-02T13:07:24-0700] UL AVG TPUT: 
[2024-11-02T13:07:24-0700] tcp uplink test finished at 2024-11-02 13:07:24.887 PDT, duration: 121.145 s
[2024-11-02T13:07:24-0700] -------------------------------
[2024-11-02T13:07:24-0700] Waiting for 2 s...
[2024-11-02T13:07:26-0700] -------------------------------
[2024-11-02T13:07:26-0700] Starting 5G booster for 5 s...
[2024-11-02T13:07:27-0700] 5G booster started at 2024-11-02 13:07:27.020 PDT
[2024-11-02T13:07:27-0700] server aborted connection
[2024-11-02T13:07:27-0700] Waiting for 5.797 s to reach end time
[2024-11-02T13:07:33-0700] Saved TCP DL results to /data/data/com.termux/files/home/storage/shared/bos_la_2024_trip/verizon/20241102/130312219/tcp_downlink_130727062.out
[2024-11-02T13:07:33-0700] [CAUTION] EMPTY LOG!
[2024-11-02T13:07:33-0700] 5G booster finished at 2024-11-02 13:07:33.147 PDT, duration: 6.127 s
[2024-11-02T13:07:33-0700] -------------------------------
[2024-11-02T13:07:33-0700] Waiting for 2 s...
[2024-11-02T13:07:35-0700] -------------------------------
[2024-11-02T13:07:35-0700] ICMP Ping test started at 2024-11-02 13:07:35.270 PDT
[2024-11-02T13:08:05-0700] Waiting for .868 s to reach end time
[2024-11-02T13:08:06-0700] Saved ping test to /data/data/com.termux/files/home/storage/shared/bos_la_2024_trip/verizon/20241102/130312219/icmp_ping_130735308.out
[2024-11-02T13:08:06-0700] Ping summary (min/avg/max/mdev) = 29.084/61.471/873.457/97.399 ms
[2024-11-02T13:08:06-0700] Ping test finished at 2024-11-02 13:08:06.378 PDT, duration: 31.108 s
[2024-11-02T13:08:06-0700] -------------------------------
[2024-11-02T13:08:06-0700] Waiting for 2 s...
[2024-11-02T13:08:08-0700] -------------------------------
[2024-11-02T13:08:08-0700] Starting 5G booster for 5 s...
[2024-11-02T13:08:08-0700] 5G booster started at 2024-11-02 13:08:08.521 PDT
[2024-11-02T13:08:14-0700] Current time exceeds end time, skipping wait
[2024-11-02T13:08:14-0700] Saved TCP DL results to /data/data/com.termux/files/home/storage/shared/bos_la_2024_trip/verizon/20241102/130312219/tcp_downlink_130808562.out
[2024-11-02T13:08:14-0700] DL AVG TPUT: 
[2024-11-02T13:08:14-0700] 5G booster finished at 2024-11-02 13:08:14.675 PDT, duration: 6.154 s
[2024-11-02T13:08:14-0700] -------------------------------
[2024-11-02T13:08:14-0700] Waiting for 2 s...
[2024-11-02T13:08:16-0700] -------------------------------
[2024-11-02T13:08:16-0700] TCP Ping test started at 2024-11-02 13:08:16.785 PDT
[2024-11-02T13:08:47-0700] Current time exceeds end time, skipping wait
[2024-11-02T13:08:47-0700] Saved TCP Ping test to /data/data/com.termux/files/home/storage/shared/bos_la_2024_trip/verizon/20241102/130312219/tcp_ping_130816815.out
[2024-11-02T13:08:47-0700] TCP Ping summary (min/avg/max/mdev) 
[2024-11-02T13:08:47-0700] TCP Ping test finished at 2024-11-02 13:08:47.905 PDT, duration: 31.120 s
[2024-11-02T13:08:47-0700] -------------------------------
[2024-11-02T13:08:47-0700] Waiting for 2 s...
[2024-11-02T13:08:49-0700] -------------------------------
[2024-11-02T13:08:50-0700] Traceroute test started at 2024-11-02 13:08:50.023 PDT
[2024-11-02T13:08:52-0700] Waiting for 27.566 s to reach end time
[2024-11-02T13:09:20-0700] Saved traceroute test to /data/data/com.termux/files/home/storage/shared/bos_la_2024_trip/verizon/20241102/130312219/traceroute_130850052.out
[2024-11-02T13:09:20-0700] Traceroute summary (min/avg/max/mdev) 
[2024-11-02T13:09:20-0700] Traceroute test finished at 2024-11-02 13:09:20.110 PDT, duration: 30.087 s
[2024-11-02T13:09:20-0700] -------------------------------
[2024-11-02T13:09:20-0700] All tests completed, cleaning up...
[2024-11-02T13:09:20-0700] -------------------------------
[2024-11-02T13:09:59-0700] [measurement] Load environment variables from prod.env file
[2024-11-02T13:09:59-0700] [measurement] Load operator-specific env from verizon.env file
[2024-11-02T13:09:59-0700] Starting a network measurement, please choose a server
[2024-11-02T13:09:59-0700] 0) West Cloud: 54.176.53.206
[2024-11-02T13:09:59-0700] 1) East Cloud: 54.197.223.49
[2024-11-02T13:09:59-0700] 2) Los Angeles Wavelength: 161.188.33.234
[2024-11-02T13:09:59-0700] 3) Las Vegas Wavelength: 155.146.118.158
[2024-11-02T13:09:59-0700] 4) Denver Wavelength: 155.146.144.24
[2024-11-02T13:09:59-0700] 5) Chicago Wavelength: 155.146.180.31
[2024-11-02T13:09:59-0700] 6) Boston Wavelength: 155.146.11.34
[2024-11-02T13:10:11-0700] Enter your choice (0-6): Testing verizon, server 0 (ip: 54.176.53.206, nuttcp_port: 5101, iperf_port: 5001)
[2024-11-02T13:10:11-0700] -------------------------------
[2024-11-02T13:10:11-0700] tcp downlink test started at 2024-11-02 13:10:11.270 PDT
[2024-11-02T13:10:11-0700] Testing tcp downlink with 54.176.53.206:5101, interval 0.5 s, duration 120 s, timeout 121 s...
[2024-11-02T13:12:12-0700] Current time exceeds end time, skipping wait
[2024-11-02T13:12:12-0700] Saved tcp downlink test to /data/data/com.termux/files/home/storage/shared/bos_la_2024_trip/verizon/20241102/131011250/tcp_downlink_131011291.out
[2024-11-02T13:12:12-0700] DL AVG TPUT: 
[2024-11-02T13:12:12-0700] tcp downlink test finished at 2024-11-02 13:12:12.405 PDT, duration: 121.135 s
[2024-11-02T13:12:12-0700] -------------------------------
[2024-11-02T13:12:12-0700] Waiting for 2 s...
[2024-11-02T13:12:14-0700] -------------------------------
[2024-11-02T13:12:14-0700] Starting 5G booster for 5 s...
[2024-11-02T13:12:14-0700] 5G booster started at 2024-11-02 13:12:14.530 PDT
[2024-11-02T13:12:20-0700] Current time exceeds end time, skipping wait
[2024-11-02T13:12:20-0700] Saved TCP DL results to /data/data/com.termux/files/home/storage/shared/bos_la_2024_trip/verizon/20241102/131011250/tcp_downlink_131214601.out
[2024-11-02T13:12:20-0700] DL AVG TPUT: 
[2024-11-02T13:12:20-0700] 5G booster finished at 2024-11-02 13:12:20.748 PDT, duration: 6.218 s
[2024-11-02T13:12:20-0700] -------------------------------
[2024-11-02T13:12:20-0700] Waiting for 2 s...
[2024-11-02T13:12:22-0700] -------------------------------
[2024-11-02T13:12:22-0700] tcp uplink test started at 2024-11-02 13:12:22.859 PDT
[2024-11-02T13:12:22-0700] testing tcp uplink with 54.176.53.206:5101, interval 0.5, duration 120, timeout 121 ...
[2024-11-02T13:14:24-0700] Current time exceeds end time, skipping wait
[2024-11-02T13:14:24-0700] Saved uplink test to /data/data/com.termux/files/home/storage/shared/bos_la_2024_trip/verizon/20241102/131011250/tcp_uplink_131222897.out
[2024-11-02T13:14:24-0700] UL AVG TPUT: 
[2024-11-02T13:14:24-0700] tcp uplink test finished at 2024-11-02 13:14:24.044 PDT, duration: 121.185 s
[2024-11-02T13:14:24-0700] -------------------------------
[2024-11-02T13:14:24-0700] Waiting for 2 s...
[2024-11-02T13:14:26-0700] -------------------------------
[2024-11-02T13:14:26-0700] Starting 5G booster for 5 s...
[2024-11-02T13:14:26-0700] 5G booster started at 2024-11-02 13:14:26.236 PDT
[2024-11-02T13:14:32-0700] Current time exceeds end time, skipping wait
[2024-11-02T13:14:32-0700] Saved TCP DL results to /data/data/com.termux/files/home/storage/shared/bos_la_2024_trip/verizon/20241102/131011250/tcp_downlink_131426275.out
[2024-11-02T13:14:32-0700] DL AVG TPUT: 
[2024-11-02T13:14:32-0700] 5G booster finished at 2024-11-02 13:14:32.405 PDT, duration: 6.169 s
[2024-11-02T13:14:32-0700] -------------------------------
[2024-11-02T13:14:32-0700] Waiting for 2 s...
[2024-11-02T13:14:34-0700] -------------------------------
[2024-11-02T13:14:34-0700] ICMP Ping test started at 2024-11-02 13:14:34.552 PDT
[2024-11-02T13:15:04-0700] Waiting for .835 s to reach end time
[2024-11-02T13:15:05-0700] Saved ping test to /data/data/com.termux/files/home/storage/shared/bos_la_2024_trip/verizon/20241102/131011250/icmp_ping_131434601.out
[2024-11-02T13:15:05-0700] Ping summary (min/avg/max/mdev) = 28.862/39.296/56.810/4.695 ms
[2024-11-02T13:15:05-0700] Ping test finished at 2024-11-02 13:15:05.669 PDT, duration: 31.117 s
[2024-11-02T13:15:05-0700] -------------------------------
[2024-11-02T13:15:05-0700] Waiting for 2 s...
[2024-11-02T13:15:07-0700] -------------------------------
[2024-11-02T13:15:07-0700] Starting 5G booster for 5 s...
[2024-11-02T13:15:07-0700] 5G booster started at 2024-11-02 13:15:07.793 PDT
[2024-11-02T13:15:13-0700] Current time exceeds end time, skipping wait
[2024-11-02T13:15:13-0700] Saved TCP DL results to /data/data/com.termux/files/home/storage/shared/bos_la_2024_trip/verizon/20241102/131011250/tcp_downlink_131507825.out
[2024-11-02T13:15:13-0700] DL AVG TPUT: 
[2024-11-02T13:15:14-0700] 5G booster finished at 2024-11-02 13:15:13.927 PDT, duration: 6.134 s
[2024-11-02T13:15:14-0700] -------------------------------
[2024-11-02T13:15:14-0700] Waiting for 2 s...
[2024-11-02T13:15:16-0700] -------------------------------
[2024-11-02T13:15:16-0700] TCP Ping test started at 2024-11-02 13:15:16.051 PDT
[2024-11-02T13:15:47-0700] Current time exceeds end time, skipping wait
[2024-11-02T13:15:47-0700] Saved TCP Ping test to /data/data/com.termux/files/home/storage/shared/bos_la_2024_trip/verizon/20241102/131011250/tcp_ping_131516088.out
[2024-11-02T13:15:47-0700] TCP Ping summary (min/avg/max/mdev) 
[2024-11-02T13:15:47-0700] TCP Ping test finished at 2024-11-02 13:15:47.235 PDT, duration: 31.184 s
[2024-11-02T13:15:47-0700] -------------------------------
[2024-11-02T13:15:47-0700] Waiting for 2 s...
[2024-11-02T13:15:49-0700] -------------------------------
[2024-11-02T13:15:49-0700] Traceroute test started at 2024-11-02 13:15:49.394 PDT
[2024-11-02T13:15:51-0700] Waiting for 27.630 s to reach end time
[2024-11-02T13:16:19-0700] Saved traceroute test to /data/data/com.termux/files/home/storage/shared/bos_la_2024_trip/verizon/20241102/131011250/traceroute_131549469.out
[2024-11-02T13:16:19-0700] Traceroute summary (min/avg/max/mdev) 
[2024-11-02T13:16:19-0700] Traceroute test finished at 2024-11-02 13:16:19.489 PDT, duration: 30.095 s
[2024-11-02T13:16:19-0700] -------------------------------
[2024-11-02T13:16:19-0700] All tests completed, cleaning up...
[2024-11-02T13:16:19-0700] -------------------------------
[2024-11-02T13:18:01-0700] [measurement] Load environment variables from prod.env file
[2024-11-02T13:18:01-0700] [measurement] Load operator-specific env from verizon.env file
[2024-11-02T13:18:01-0700] Starting a network measurement, please choose a server
[2024-11-02T13:18:01-0700] 0) West Cloud: 54.176.53.206
[2024-11-02T13:18:01-0700] 1) East Cloud: 54.197.223.49
[2024-11-02T13:18:01-0700] 2) Los Angeles Wavelength: 161.188.33.234
[2024-11-02T13:18:01-0700] 3) Las Vegas Wavelength: 155.146.118.158
[2024-11-02T13:18:01-0700] 4) Denver Wavelength: 155.146.144.24
[2024-11-02T13:18:01-0700] 5) Chicago Wavelength: 155.146.180.31
[2024-11-02T13:18:01-0700] 6) Boston Wavelength: 155.146.11.34
[2024-11-02T13:18:16-0700] Enter your choice (0-6): Testing verizon, server 0 (ip: 54.176.53.206, nuttcp_port: 5101, iperf_port: 5001)
[2024-11-02T13:18:16-0700] -------------------------------
[2024-11-02T13:18:16-0700] tcp downlink test started at 2024-11-02 13:18:16.734 PDT
[2024-11-02T13:18:16-0700] Testing tcp downlink with 54.176.53.206:5101, interval 0.5 s, duration 120 s, timeout 121 s...
[2024-11-02T13:20:17-0700] Current time exceeds end time, skipping wait
[2024-11-02T13:20:17-0700] Saved tcp downlink test to /data/data/com.termux/files/home/storage/shared/bos_la_2024_trip/verizon/20241102/131816709/tcp_downlink_131816767.out
[2024-11-02T13:20:17-0700] DL AVG TPUT: 
[2024-11-02T13:20:17-0700] tcp downlink test finished at 2024-11-02 13:20:17.873 PDT, duration: 121.139 s
[2024-11-02T13:20:17-0700] -------------------------------
[2024-11-02T13:20:17-0700] Waiting for 2 s...
[2024-11-02T13:20:19-0700] -------------------------------
[2024-11-02T13:20:19-0700] Starting 5G booster for 5 s...
[2024-11-02T13:20:20-0700] 5G booster started at 2024-11-02 13:20:20.018 PDT
[2024-11-02T13:20:26-0700] Current time exceeds end time, skipping wait
[2024-11-02T13:20:26-0700] Saved TCP DL results to /data/data/com.termux/files/home/storage/shared/bos_la_2024_trip/verizon/20241102/131816709/tcp_downlink_132020082.out
[2024-11-02T13:20:26-0700] DL AVG TPUT: 
[2024-11-02T13:20:26-0700] 5G booster finished at 2024-11-02 13:20:26.194 PDT, duration: 6.176 s
[2024-11-02T13:20:26-0700] -------------------------------
[2024-11-02T13:20:26-0700] Waiting for 2 s...
[2024-11-02T13:20:28-0700] -------------------------------
[2024-11-02T13:20:28-0700] tcp uplink test started at 2024-11-02 13:20:28.298 PDT
[2024-11-02T13:20:28-0700] testing tcp uplink with 54.176.53.206:5101, interval 0.5, duration 120, timeout 121 ...
[2024-11-02T13:22:29-0700] Current time exceeds end time, skipping wait
[2024-11-02T13:22:29-0700] Saved uplink test to /data/data/com.termux/files/home/storage/shared/bos_la_2024_trip/verizon/20241102/131816709/tcp_uplink_132028324.out
[2024-11-02T13:22:29-0700] UL AVG TPUT: 
[2024-11-02T13:22:29-0700] tcp uplink test finished at 2024-11-02 13:22:29.443 PDT, duration: 121.145 s
[2024-11-02T13:22:29-0700] -------------------------------
[2024-11-02T13:22:29-0700] Waiting for 2 s...
[2024-11-02T13:22:31-0700] -------------------------------
[2024-11-02T13:22:31-0700] Starting 5G booster for 5 s...
[2024-11-02T13:22:31-0700] 5G booster started at 2024-11-02 13:22:31.569 PDT
[2024-11-02T13:22:37-0700] Current time exceeds end time, skipping wait
[2024-11-02T13:22:37-0700] Saved TCP DL results to /data/data/com.termux/files/home/storage/shared/bos_la_2024_trip/verizon/20241102/131816709/tcp_downlink_132231636.out
[2024-11-02T13:22:37-0700] DL AVG TPUT: 
[2024-11-02T13:22:37-0700] 5G booster finished at 2024-11-02 13:22:37.790 PDT, duration: 6.221 s
[2024-11-02T13:22:37-0700] -------------------------------
[2024-11-02T13:22:37-0700] Waiting for 2 s...
[2024-11-02T13:22:39-0700] -------------------------------
[2024-11-02T13:22:39-0700] ICMP Ping test started at 2024-11-02 13:22:39.938 PDT
[2024-11-02T13:23:10-0700] Waiting for .840 s to reach end time
[2024-11-02T13:23:11-0700] Saved ping test to /data/data/com.termux/files/home/storage/shared/bos_la_2024_trip/verizon/20241102/131816709/icmp_ping_132240005.out
[2024-11-02T13:23:11-0700] Ping summary (min/avg/max/mdev) = 28.708/44.883/74.260/6.822 ms
[2024-11-02T13:23:11-0700] Ping test finished at 2024-11-02 13:23:11.045 PDT, duration: 31.107 s
[2024-11-02T13:23:11-0700] -------------------------------
[2024-11-02T13:23:11-0700] Waiting for 2 s...
[2024-11-02T13:23:13-0700] -------------------------------
[2024-11-02T13:23:13-0700] Starting 5G booster for 5 s...
[2024-11-02T13:23:13-0700] 5G booster started at 2024-11-02 13:23:13.207 PDT
[2024-11-02T13:23:19-0700] Current time exceeds end time, skipping wait
[2024-11-02T13:23:19-0700] Saved TCP DL results to /data/data/com.termux/files/home/storage/shared/bos_la_2024_trip/verizon/20241102/131816709/tcp_downlink_132313236.out
[2024-11-02T13:23:19-0700] DL AVG TPUT: 
[2024-11-02T13:23:19-0700] 5G booster finished at 2024-11-02 13:23:19.379 PDT, duration: 6.172 s
[2024-11-02T13:23:19-0700] -------------------------------
[2024-11-02T13:23:19-0700] Waiting for 2 s...
[2024-11-02T13:23:21-0700] -------------------------------
[2024-11-02T13:23:21-0700] TCP Ping test started at 2024-11-02 13:23:21.497 PDT
[2024-11-02T13:23:52-0700] Current time exceeds end time, skipping wait
[2024-11-02T13:23:52-0700] Saved TCP Ping test to /data/data/com.termux/files/home/storage/shared/bos_la_2024_trip/verizon/20241102/131816709/tcp_ping_132321531.out
[2024-11-02T13:23:52-0700] TCP Ping summary (min/avg/max/mdev) 
[2024-11-02T13:23:52-0700] TCP Ping test finished at 2024-11-02 13:23:52.660 PDT, duration: 31.163 s
[2024-11-02T13:23:52-0700] -------------------------------
[2024-11-02T13:23:52-0700] Waiting for 2 s...
[2024-11-02T13:23:54-0700] -------------------------------
[2024-11-02T13:23:54-0700] Traceroute test started at 2024-11-02 13:23:54.769 PDT
[2024-11-02T13:23:56-0700] Waiting for 28.790 s to reach end time
[2024-11-02T13:24:24-0700] Saved traceroute test to /data/data/com.termux/files/home/storage/shared/bos_la_2024_trip/verizon/20241102/131816709/traceroute_132354797.out
[2024-11-02T13:24:24-0700] Traceroute summary (min/avg/max/mdev) 
[2024-11-02T13:24:24-0700] Traceroute test finished at 2024-11-02 13:24:24.870 PDT, duration: 30.101 s
[2024-11-02T13:24:24-0700] -------------------------------
[2024-11-02T13:24:24-0700] All tests completed, cleaning up...
[2024-11-02T13:24:24-0700] -------------------------------
[2024-11-02T13:25:06-0700] [measurement] Load environment variables from prod.env file
[2024-11-02T13:25:06-0700] [measurement] Load operator-specific env from verizon.env file
[2024-11-02T13:25:06-0700] Starting a network measurement, please choose a server
[2024-11-02T13:25:06-0700] 0) West Cloud: 54.176.53.206
[2024-11-02T13:25:06-0700] 1) East Cloud: 54.197.223.49
[2024-11-02T13:25:06-0700] 2) Los Angeles Wavelength: 161.188.33.234
[2024-11-02T13:25:06-0700] 3) Las Vegas Wavelength: 155.146.118.158
[2024-11-02T13:25:06-0700] 4) Denver Wavelength: 155.146.144.24
[2024-11-02T13:25:06-0700] 5) Chicago Wavelength: 155.146.180.31
[2024-11-02T13:25:06-0700] 6) Boston Wavelength: 155.146.11.34
[2024-11-02T13:25:17-0700] Enter your choice (0-6): Testing verizon, server 0 (ip: 54.176.53.206, nuttcp_port: 5101, iperf_port: 5001)
[2024-11-02T13:25:17-0700] -------------------------------
[2024-11-02T13:25:17-0700] tcp downlink test started at 2024-11-02 13:25:17.776 PDT
[2024-11-02T13:25:17-0700] Testing tcp downlink with 54.176.53.206:5101, interval 0.5 s, duration 120 s, timeout 121 s...
[2024-11-02T13:27:18-0700] Current time exceeds end time, skipping wait
[2024-11-02T13:27:18-0700] Saved tcp downlink test to /data/data/com.termux/files/home/storage/shared/bos_la_2024_trip/verizon/20241102/132517758/tcp_downlink_132517801.out
[2024-11-02T13:27:18-0700] DL AVG TPUT: 
[2024-11-02T13:27:18-0700] tcp downlink test finished at 2024-11-02 13:27:18.890 PDT, duration: 121.114 s
[2024-11-02T13:27:18-0700] -------------------------------
[2024-11-02T13:27:18-0700] Waiting for 2 s...
[2024-11-02T13:27:20-0700] -------------------------------
[2024-11-02T13:27:20-0700] Starting 5G booster for 5 s...
[2024-11-02T13:27:21-0700] 5G booster started at 2024-11-02 13:27:20.990 PDT
[2024-11-02T13:27:27-0700] Current time exceeds end time, skipping wait
[2024-11-02T13:27:27-0700] Saved TCP DL results to /data/data/com.termux/files/home/storage/shared/bos_la_2024_trip/verizon/20241102/132517758/tcp_downlink_132721015.out
[2024-11-02T13:27:27-0700] DL AVG TPUT: 
[2024-11-02T13:27:27-0700] 5G booster finished at 2024-11-02 13:27:27.104 PDT, duration: 6.114 s
[2024-11-02T13:27:27-0700] -------------------------------
[2024-11-02T13:27:27-0700] Waiting for 2 s...
[2024-11-02T13:27:29-0700] -------------------------------
[2024-11-02T13:27:29-0700] tcp uplink test started at 2024-11-02 13:27:29.219 PDT
[2024-11-02T13:27:29-0700] testing tcp uplink with 54.176.53.206:5101, interval 0.5, duration 120, timeout 121 ...
[2024-11-02T13:29:30-0700] Current time exceeds end time, skipping wait
[2024-11-02T13:29:30-0700] Saved uplink test to /data/data/com.termux/files/home/storage/shared/bos_la_2024_trip/verizon/20241102/132517758/tcp_uplink_132729245.out
[2024-11-02T13:29:30-0700] UL AVG TPUT: 
[2024-11-02T13:29:30-0700] tcp uplink test finished at 2024-11-02 13:29:30.336 PDT, duration: 121.117 s
[2024-11-02T13:29:30-0700] -------------------------------
[2024-11-02T13:29:30-0700] Waiting for 2 s...
[2024-11-02T13:29:32-0700] -------------------------------
[2024-11-02T13:29:32-0700] Starting 5G booster for 5 s...
[2024-11-02T13:29:32-0700] 5G booster started at 2024-11-02 13:29:32.458 PDT
[2024-11-02T13:29:38-0700] Current time exceeds end time, skipping wait
[2024-11-02T13:29:38-0700] Saved TCP DL results to /data/data/com.termux/files/home/storage/shared/bos_la_2024_trip/verizon/20241102/132517758/tcp_downlink_132932486.out
[2024-11-02T13:29:38-0700] DL AVG TPUT: 
[2024-11-02T13:29:38-0700] 5G booster finished at 2024-11-02 13:29:38.578 PDT, duration: 6.120 s
[2024-11-02T13:29:38-0700] -------------------------------
[2024-11-02T13:29:38-0700] Waiting for 2 s...
[2024-11-02T13:29:40-0700] -------------------------------
[2024-11-02T13:29:40-0700] ICMP Ping test started at 2024-11-02 13:29:40.691 PDT
[2024-11-02T13:30:10-0700] Waiting for .902 s to reach end time
[2024-11-02T13:30:11-0700] Saved ping test to /data/data/com.termux/files/home/storage/shared/bos_la_2024_trip/verizon/20241102/132517758/icmp_ping_132940724.out
[2024-11-02T13:30:11-0700] Ping summary (min/avg/max/mdev) = 31.013/51.928/120.193/10.638 ms
[2024-11-02T13:30:11-0700] Ping test finished at 2024-11-02 13:30:11.750 PDT, duration: 31.059 s
[2024-11-02T13:30:11-0700] -------------------------------
[2024-11-02T13:30:11-0700] Waiting for 2 s...
[2024-11-02T13:30:13-0700] -------------------------------
[2024-11-02T13:30:13-0700] Starting 5G booster for 5 s...
[2024-11-02T13:30:13-0700] 5G booster started at 2024-11-02 13:30:13.837 PDT
[2024-11-02T13:30:19-0700] Current time exceeds end time, skipping wait
[2024-11-02T13:30:19-0700] Saved TCP DL results to /data/data/com.termux/files/home/storage/shared/bos_la_2024_trip/verizon/20241102/132517758/tcp_downlink_133013860.out
[2024-11-02T13:30:19-0700] DL AVG TPUT: 
[2024-11-02T13:30:19-0700] 5G booster finished at 2024-11-02 13:30:19.926 PDT, duration: 6.089 s
[2024-11-02T13:30:19-0700] -------------------------------
[2024-11-02T13:30:19-0700] Waiting for 2 s...
[2024-11-02T13:30:21-0700] -------------------------------
[2024-11-02T13:30:22-0700] TCP Ping test started at 2024-11-02 13:30:22.020 PDT
[2024-11-02T13:30:53-0700] Current time exceeds end time, skipping wait
[2024-11-02T13:30:53-0700] Saved TCP Ping test to /data/data/com.termux/files/home/storage/shared/bos_la_2024_trip/verizon/20241102/132517758/tcp_ping_133022049.out
[2024-11-02T13:30:53-0700] TCP Ping summary (min/avg/max/mdev) 
[2024-11-02T13:30:53-0700] TCP Ping test finished at 2024-11-02 13:30:53.132 PDT, duration: 31.112 s
[2024-11-02T13:30:53-0700] -------------------------------
[2024-11-02T13:30:53-0700] Waiting for 2 s...
[2024-11-02T13:30:55-0700] -------------------------------
[2024-11-02T13:30:55-0700] Traceroute test started at 2024-11-02 13:30:55.229 PDT
[2024-11-02T13:30:56-0700] Waiting for 28.627 s to reach end time
[2024-11-02T13:31:25-0700] Saved traceroute test to /data/data/com.termux/files/home/storage/shared/bos_la_2024_trip/verizon/20241102/132517758/traceroute_133055259.out
[2024-11-02T13:31:25-0700] Traceroute summary (min/avg/max/mdev) 
[2024-11-02T13:31:25-0700] Traceroute test finished at 2024-11-02 13:31:25.307 PDT, duration: 30.078 s
[2024-11-02T13:31:25-0700] -------------------------------
[2024-11-02T13:31:25-0700] All tests completed, cleaning up...
[2024-11-02T13:31:25-0700] -------------------------------
[2024-11-02T13:32:54-0700] [measurement] Load environment variables from prod.env file
[2024-11-02T13:32:54-0700] [measurement] Load operator-specific env from verizon.env file
[2024-11-02T13:32:54-0700] Starting a network measurement, please choose a server
[2024-11-02T13:32:54-0700] 0) West Cloud: 54.176.53.206
[2024-11-02T13:32:54-0700] 1) East Cloud: 54.197.223.49
[2024-11-02T13:32:54-0700] 2) Los Angeles Wavelength: 161.188.33.234
[2024-11-02T13:32:54-0700] 3) Las Vegas Wavelength: 155.146.118.158
[2024-11-02T13:32:54-0700] 4) Denver Wavelength: 155.146.144.24
[2024-11-02T13:32:54-0700] 5) Chicago Wavelength: 155.146.180.31
[2024-11-02T13:32:54-0700] 6) Boston Wavelength: 155.146.11.34
[2024-11-02T13:32:59-0700] Enter your choice (0-6): Testing verizon, server 0 (ip: 54.176.53.206, nuttcp_port: 5101, iperf_port: 5001)
[2024-11-02T13:32:59-0700] -------------------------------
[2024-11-02T13:32:59-0700] tcp downlink test started at 2024-11-02 13:32:59.273 PDT
[2024-11-02T13:32:59-0700] Testing tcp downlink with 54.176.53.206:5101, interval 0.5 s, duration 120 s, timeout 121 s...
[2024-11-02T13:32:59-0700] server aborted connection
[2024-11-02T13:32:59-0700] Waiting for 120.456 s to reach end time
[2024-11-02T13:35:00-0700] Saved tcp downlink test to /data/data/com.termux/files/home/storage/shared/bos_la_2024_trip/verizon/20241102/133259249/tcp_downlink_133259299.out
[2024-11-02T13:35:00-0700] [CAUTION] EMPTY LOG!
[2024-11-02T13:35:00-0700] tcp downlink test finished at 2024-11-02 13:35:00.349 PDT, duration: 121.076 s
[2024-11-02T13:35:00-0700] -------------------------------
[2024-11-02T13:35:00-0700] Waiting for 2 s...
[2024-11-02T13:35:02-0700] -------------------------------
[2024-11-02T13:35:02-0700] Starting 5G booster for 5 s...
[2024-11-02T13:35:02-0700] 5G booster started at 2024-11-02 13:35:02.471 PDT
[2024-11-02T13:35:08-0700] Current time exceeds end time, skipping wait
[2024-11-02T13:35:08-0700] Saved TCP DL results to /data/data/com.termux/files/home/storage/shared/bos_la_2024_trip/verizon/20241102/133259249/tcp_downlink_133502503.out
[2024-11-02T13:35:08-0700] DL AVG TPUT: 
[2024-11-02T13:35:08-0700] 5G booster finished at 2024-11-02 13:35:08.619 PDT, duration: 6.148 s
[2024-11-02T13:35:08-0700] -------------------------------
[2024-11-02T13:35:08-0700] Waiting for 2 s...
[2024-11-02T13:35:10-0700] -------------------------------
[2024-11-02T13:35:10-0700] tcp uplink test started at 2024-11-02 13:35:10.738 PDT
[2024-11-02T13:35:10-0700] testing tcp uplink with 54.176.53.206:5101, interval 0.5, duration 120, timeout 121 ...
[2024-11-02T13:36:13-0700] Waiting for 58.018 s to reach end time
[2024-11-02T13:37:11-0700] Saved uplink test to /data/data/com.termux/files/home/storage/shared/bos_la_2024_trip/verizon/20241102/133259249/tcp_uplink_133510804.out
[2024-11-02T13:37:11-0700] UL AVG TPUT: 
[2024-11-02T13:37:11-0700] tcp uplink test finished at 2024-11-02 13:37:11.848 PDT, duration: 121.110 s
[2024-11-02T13:37:11-0700] -------------------------------
[2024-11-02T13:37:11-0700] Waiting for 2 s...
[2024-11-02T13:37:13-0700] -------------------------------
[2024-11-02T13:37:13-0700] Starting 5G booster for 5 s...
[2024-11-02T13:37:14-0700] 5G booster started at 2024-11-02 13:37:13.970 PDT
[2024-11-02T13:37:20-0700] Current time exceeds end time, skipping wait
[2024-11-02T13:37:20-0700] Saved TCP DL results to /data/data/com.termux/files/home/storage/shared/bos_la_2024_trip/verizon/20241102/133259249/tcp_downlink_133714019.out
[2024-11-02T13:37:20-0700] DL AVG TPUT: 
[2024-11-02T13:37:20-0700] 5G booster finished at 2024-11-02 13:37:20.143 PDT, duration: 6.173 s
[2024-11-02T13:37:20-0700] -------------------------------
[2024-11-02T13:37:20-0700] Waiting for 2 s...
[2024-11-02T13:37:22-0700] -------------------------------
[2024-11-02T13:37:22-0700] ICMP Ping test started at 2024-11-02 13:37:22.322 PDT
[2024-11-02T13:37:52-0700] Waiting for .864 s to reach end time
[2024-11-02T13:37:53-0700] Saved ping test to /data/data/com.termux/files/home/storage/shared/bos_la_2024_trip/verizon/20241102/133259249/icmp_ping_133722396.out
[2024-11-02T13:37:53-0700] Ping summary (min/avg/max/mdev) = 35.102/58.032/466.648/42.504 ms
[2024-11-02T13:37:53-0700] Ping test finished at 2024-11-02 13:37:53.401 PDT, duration: 31.079 s
[2024-11-02T13:37:53-0700] -------------------------------
[2024-11-02T13:37:53-0700] Waiting for 2 s...
[2024-11-02T13:37:55-0700] -------------------------------
[2024-11-02T13:37:55-0700] Starting 5G booster for 5 s...
[2024-11-02T13:37:55-0700] 5G booster started at 2024-11-02 13:37:55.527 PDT
[2024-11-02T13:38:01-0700] Current time exceeds end time, skipping wait
[2024-11-02T13:38:01-0700] Saved TCP DL results to /data/data/com.termux/files/home/storage/shared/bos_la_2024_trip/verizon/20241102/133259249/tcp_downlink_133755558.out
[2024-11-02T13:38:01-0700] DL AVG TPUT: 
[2024-11-02T13:38:01-0700] 5G booster finished at 2024-11-02 13:38:01.692 PDT, duration: 6.165 s
[2024-11-02T13:38:01-0700] -------------------------------
[2024-11-02T13:38:01-0700] Waiting for 2 s...
[2024-11-02T13:38:03-0700] -------------------------------
[2024-11-02T13:38:03-0700] TCP Ping test started at 2024-11-02 13:38:03.826 PDT
[2024-11-02T13:38:34-0700] Current time exceeds end time, skipping wait
[2024-11-02T13:38:34-0700] Saved TCP Ping test to /data/data/com.termux/files/home/storage/shared/bos_la_2024_trip/verizon/20241102/133259249/tcp_ping_133803887.out
[2024-11-02T13:38:35-0700] TCP Ping summary (min/avg/max/mdev) 
[2024-11-02T13:38:35-0700] TCP Ping test finished at 2024-11-02 13:38:34.992 PDT, duration: 31.166 s
[2024-11-02T13:38:35-0700] -------------------------------
[2024-11-02T13:38:35-0700] Waiting for 2 s...
[2024-11-02T13:38:37-0700] -------------------------------
[2024-11-02T13:38:37-0700] Traceroute test started at 2024-11-02 13:38:37.124 PDT
[2024-11-02T13:38:38-0700] Waiting for 28.370 s to reach end time
[2024-11-02T13:39:07-0700] Saved traceroute test to /data/data/com.termux/files/home/storage/shared/bos_la_2024_trip/verizon/20241102/133259249/traceroute_133837157.out
[2024-11-02T13:39:07-0700] Traceroute summary (min/avg/max/mdev) 
[2024-11-02T13:39:07-0700] Traceroute test finished at 2024-11-02 13:39:07.235 PDT, duration: 30.111 s
[2024-11-02T13:39:07-0700] -------------------------------
[2024-11-02T13:39:07-0700] All tests completed, cleaning up...
[2024-11-02T13:39:07-0700] -------------------------------
[2024-11-02T13:41:22-0700] [measurement] Load environment variables from prod.env file
[2024-11-02T13:41:22-0700] [measurement] Load operator-specific env from verizon.env file
[2024-11-02T13:41:22-0700] Starting a network measurement, please choose a server
[2024-11-02T13:41:22-0700] 0) West Cloud: 54.176.53.206
[2024-11-02T13:41:22-0700] 1) East Cloud: 54.197.223.49
[2024-11-02T13:41:22-0700] 2) Los Angeles Wavelength: 161.188.33.234
[2024-11-02T13:41:22-0700] 3) Las Vegas Wavelength: 155.146.118.158
[2024-11-02T13:41:22-0700] 4) Denver Wavelength: 155.146.144.24
[2024-11-02T13:41:22-0700] 5) Chicago Wavelength: 155.146.180.31
[2024-11-02T13:41:22-0700] 6) Boston Wavelength: 155.146.11.34
[2024-11-02T13:41:26-0700] Enter your choice (0-6): Testing verizon, server 0 (ip: 54.176.53.206, nuttcp_port: 5101, iperf_port: 5001)
[2024-11-02T13:41:26-0700] -------------------------------
[2024-11-02T13:41:26-0700] tcp downlink test started at 2024-11-02 13:41:26.377 PDT
[2024-11-02T13:41:26-0700] Testing tcp downlink with 54.176.53.206:5101, interval 0.5 s, duration 120 s, timeout 121 s...
[2024-11-02T13:43:27-0700] Current time exceeds end time, skipping wait
[2024-11-02T13:43:27-0700] Saved tcp downlink test to /data/data/com.termux/files/home/storage/shared/bos_la_2024_trip/verizon/20241102/134126359/tcp_downlink_134126401.out
[2024-11-02T13:43:27-0700] DL AVG TPUT: 
[2024-11-02T13:43:27-0700] tcp downlink test finished at 2024-11-02 13:43:27.483 PDT, duration: 121.106 s
[2024-11-02T13:43:27-0700] -------------------------------
[2024-11-02T13:43:27-0700] Waiting for 2 s...
[2024-11-02T13:43:29-0700] -------------------------------
[2024-11-02T13:43:29-0700] Starting 5G booster for 5 s...
[2024-11-02T13:43:29-0700] 5G booster started at 2024-11-02 13:43:29.595 PDT
[2024-11-02T13:43:35-0700] Current time exceeds end time, skipping wait
[2024-11-02T13:43:35-0700] Saved TCP DL results to /data/data/com.termux/files/home/storage/shared/bos_la_2024_trip/verizon/20241102/134126359/tcp_downlink_134329624.out
[2024-11-02T13:43:35-0700] DL AVG TPUT: 
[2024-11-02T13:43:35-0700] 5G booster finished at 2024-11-02 13:43:35.738 PDT, duration: 6.143 s
[2024-11-02T13:43:35-0700] -------------------------------
[2024-11-02T13:43:35-0700] Waiting for 2 s...
[2024-11-02T13:43:37-0700] -------------------------------
[2024-11-02T13:43:37-0700] tcp uplink test started at 2024-11-02 13:43:37.859 PDT
[2024-11-02T13:43:37-0700] testing tcp uplink with 54.176.53.206:5101, interval 0.5, duration 120, timeout 121 ...
[2024-11-02T13:45:38-0700] Current time exceeds end time, skipping wait
[2024-11-02T13:45:38-0700] Saved uplink test to /data/data/com.termux/files/home/storage/shared/bos_la_2024_trip/verizon/20241102/134126359/tcp_uplink_134337891.out
[2024-11-02T13:45:39-0700] UL AVG TPUT: 
[2024-11-02T13:45:39-0700] tcp uplink test finished at 2024-11-02 13:45:38.973 PDT, duration: 121.114 s
[2024-11-02T13:45:39-0700] -------------------------------
[2024-11-02T13:45:39-0700] Waiting for 2 s...
[2024-11-02T13:45:41-0700] -------------------------------
[2024-11-02T13:45:41-0700] Starting 5G booster for 5 s...
[2024-11-02T13:45:41-0700] 5G booster started at 2024-11-02 13:45:41.110 PDT
[2024-11-02T13:45:47-0700] Current time exceeds end time, skipping wait
[2024-11-02T13:45:47-0700] Saved TCP DL results to /data/data/com.termux/files/home/storage/shared/bos_la_2024_trip/verizon/20241102/134126359/tcp_downlink_134541170.out
[2024-11-02T13:45:47-0700] DL AVG TPUT: 
[2024-11-02T13:45:47-0700] 5G booster finished at 2024-11-02 13:45:47.243 PDT, duration: 6.133 s
[2024-11-02T13:45:47-0700] -------------------------------
[2024-11-02T13:45:47-0700] Waiting for 2 s...
[2024-11-02T13:45:49-0700] -------------------------------
[2024-11-02T13:45:49-0700] ICMP Ping test started at 2024-11-02 13:45:49.371 PDT
[2024-11-02T13:46:19-0700] Waiting for .857 s to reach end time
[2024-11-02T13:46:20-0700] Saved ping test to /data/data/com.termux/files/home/storage/shared/bos_la_2024_trip/verizon/20241102/134126359/icmp_ping_134549444.out
[2024-11-02T13:46:20-0700] Ping summary (min/avg/max/mdev) = 25.437/68.623/708.536/92.392 ms
[2024-11-02T13:46:20-0700] Ping test finished at 2024-11-02 13:46:20.481 PDT, duration: 31.110 s
[2024-11-02T13:46:20-0700] -------------------------------
[2024-11-02T13:46:20-0700] Waiting for 2 s...
[2024-11-02T13:46:22-0700] -------------------------------
[2024-11-02T13:46:22-0700] Starting 5G booster for 5 s...
[2024-11-02T13:46:22-0700] 5G booster started at 2024-11-02 13:46:22.625 PDT
[2024-11-02T13:46:28-0700] Current time exceeds end time, skipping wait
[2024-11-02T13:46:28-0700] Saved TCP DL results to /data/data/com.termux/files/home/storage/shared/bos_la_2024_trip/verizon/20241102/134126359/tcp_downlink_134622662.out
[2024-11-02T13:46:28-0700] DL AVG TPUT: 
[2024-11-02T13:46:28-0700] 5G booster finished at 2024-11-02 13:46:28.764 PDT, duration: 6.139 s
[2024-11-02T13:46:28-0700] -------------------------------
[2024-11-02T13:46:28-0700] Waiting for 2 s...
[2024-11-02T13:46:30-0700] -------------------------------
[2024-11-02T13:46:30-0700] TCP Ping test started at 2024-11-02 13:46:30.845 PDT
[2024-11-02T13:47:01-0700] Current time exceeds end time, skipping wait
[2024-11-02T13:47:01-0700] Saved TCP Ping test to /data/data/com.termux/files/home/storage/shared/bos_la_2024_trip/verizon/20241102/134126359/tcp_ping_134630871.out
[2024-11-02T13:47:02-0700] TCP Ping summary (min/avg/max/mdev) 
[2024-11-02T13:47:02-0700] TCP Ping test finished at 2024-11-02 13:47:01.964 PDT, duration: 31.119 s
[2024-11-02T13:47:02-0700] -------------------------------
[2024-11-02T13:47:02-0700] Waiting for 2 s...
[2024-11-02T13:47:04-0700] -------------------------------
[2024-11-02T13:47:04-0700] Traceroute test started at 2024-11-02 13:47:04.088 PDT
[2024-11-02T13:47:05-0700] Waiting for 28.374 s to reach end time
[2024-11-02T13:47:34-0700] Saved traceroute test to /data/data/com.termux/files/home/storage/shared/bos_la_2024_trip/verizon/20241102/134126359/traceroute_134704111.out
[2024-11-02T13:47:34-0700] Traceroute summary (min/avg/max/mdev) 
[2024-11-02T13:47:34-0700] Traceroute test finished at 2024-11-02 13:47:34.174 PDT, duration: 30.086 s
[2024-11-02T13:47:34-0700] -------------------------------
[2024-11-02T13:47:34-0700] All tests completed, cleaning up...
[2024-11-02T13:47:34-0700] -------------------------------
[2024-11-02T13:48:52-0700] [measurement] Load environment variables from prod.env file
[2024-11-02T13:48:52-0700] [measurement] Load operator-specific env from verizon.env file
[2024-11-02T13:48:53-0700] Starting a network measurement, please choose a server
[2024-11-02T13:48:53-0700] 0) West Cloud: 54.176.53.206
[2024-11-02T13:48:53-0700] 1) East Cloud: 54.197.223.49
[2024-11-02T13:48:53-0700] 2) Los Angeles Wavelength: 161.188.33.234
[2024-11-02T13:48:53-0700] 3) Las Vegas Wavelength: 155.146.118.158
[2024-11-02T13:48:53-0700] 4) Denver Wavelength: 155.146.144.24
[2024-11-02T13:48:53-0700] 5) Chicago Wavelength: 155.146.180.31
[2024-11-02T13:48:53-0700] 6) Boston Wavelength: 155.146.11.34
[2024-11-02T13:49:05-0700] Enter your choice (0-6): Testing verizon, server 0 (ip: 54.176.53.206, nuttcp_port: 5101, iperf_port: 5001)
[2024-11-02T13:49:06-0700] -------------------------------
[2024-11-02T13:49:06-0700] tcp downlink test started at 2024-11-02 13:49:06.091 MST
[2024-11-02T13:49:06-0700] Testing tcp downlink with 54.176.53.206:5101, interval 0.5 s, duration 120 s, timeout 121 s...
[2024-11-02T13:51:07-0700] Current time exceeds end time, skipping wait
[2024-11-02T13:51:07-0700] Saved tcp downlink test to /data/data/com.termux/files/home/storage/shared/bos_la_2024_trip/verizon/20241102/134906066/tcp_downlink_134906148.out
[2024-11-02T13:51:07-0700] DL AVG TPUT: 
[2024-11-02T13:51:07-0700] tcp downlink test finished at 2024-11-02 13:51:07.286 MST, duration: 121.195 s
[2024-11-02T13:51:07-0700] -------------------------------
[2024-11-02T13:51:07-0700] Waiting for 2 s...
[2024-11-02T13:51:09-0700] -------------------------------
[2024-11-02T13:51:09-0700] Starting 5G booster for 5 s...
[2024-11-02T13:51:09-0700] 5G booster started at 2024-11-02 13:51:09.409 MST
[2024-11-02T13:51:15-0700] Current time exceeds end time, skipping wait
[2024-11-02T13:51:15-0700] Saved TCP DL results to /data/data/com.termux/files/home/storage/shared/bos_la_2024_trip/verizon/20241102/134906066/tcp_downlink_135109442.out
[2024-11-02T13:51:15-0700] DL AVG TPUT: 
[2024-11-02T13:51:15-0700] 5G booster finished at 2024-11-02 13:51:15.585 MST, duration: 6.176 s
[2024-11-02T13:51:15-0700] -------------------------------
[2024-11-02T13:51:15-0700] Waiting for 2 s...
[2024-11-02T13:51:17-0700] -------------------------------
[2024-11-02T13:51:17-0700] tcp uplink test started at 2024-11-02 13:51:17.717 MST
[2024-11-02T13:51:17-0700] testing tcp uplink with 54.176.53.206:5101, interval 0.5, duration 120, timeout 121 ...
[2024-11-02T13:53:18-0700] Current time exceeds end time, skipping wait
[2024-11-02T13:53:18-0700] Saved uplink test to /data/data/com.termux/files/home/storage/shared/bos_la_2024_trip/verizon/20241102/134906066/tcp_uplink_135117743.out
[2024-11-02T13:53:18-0700] UL AVG TPUT: 
[2024-11-02T13:53:18-0700] tcp uplink test finished at 2024-11-02 13:53:18.837 MST, duration: 121.120 s
[2024-11-02T13:53:18-0700] -------------------------------
[2024-11-02T13:53:18-0700] Waiting for 2 s...
[2024-11-02T13:53:20-0700] -------------------------------
[2024-11-02T13:53:20-0700] Starting 5G booster for 5 s...
[2024-11-02T13:53:21-0700] 5G booster started at 2024-11-02 13:53:20.986 MST
[2024-11-02T13:53:27-0700] Current time exceeds end time, skipping wait
[2024-11-02T13:53:27-0700] Saved TCP DL results to /data/data/com.termux/files/home/storage/shared/bos_la_2024_trip/verizon/20241102/134906066/tcp_downlink_135321038.out
[2024-11-02T13:53:27-0700] DL AVG TPUT: 
[2024-11-02T13:53:27-0700] 5G booster finished at 2024-11-02 13:53:27.201 MST, duration: 6.215 s
[2024-11-02T13:53:27-0700] -------------------------------
[2024-11-02T13:53:27-0700] Waiting for 2 s...
[2024-11-02T13:53:29-0700] -------------------------------
[2024-11-02T13:53:29-0700] ICMP Ping test started at 2024-11-02 13:53:29.376 MST
[2024-11-02T13:53:59-0700] Waiting for .850 s to reach end time
[2024-11-02T13:54:00-0700] Saved ping test to /data/data/com.termux/files/home/storage/shared/bos_la_2024_trip/verizon/20241102/134906066/icmp_ping_135329409.out
[2024-11-02T13:54:00-0700] Ping summary (min/avg/max/mdev) = 28.756/47.360/69.352/7.956 ms
[2024-11-02T13:54:00-0700] Ping test finished at 2024-11-02 13:54:00.475 MST, duration: 31.099 s
[2024-11-02T13:54:00-0700] -------------------------------
[2024-11-02T13:54:00-0700] Waiting for 2 s...
[2024-11-02T13:54:02-0700] -------------------------------
[2024-11-02T13:54:02-0700] Starting 5G booster for 5 s...
[2024-11-02T13:54:02-0700] 5G booster started at 2024-11-02 13:54:02.643 MST
[2024-11-02T13:54:08-0700] Current time exceeds end time, skipping wait
[2024-11-02T13:54:08-0700] Saved TCP DL results to /data/data/com.termux/files/home/storage/shared/bos_la_2024_trip/verizon/20241102/134906066/tcp_downlink_135402675.out
[2024-11-02T13:54:08-0700] DL AVG TPUT: 
[2024-11-02T13:54:08-0700] 5G booster finished at 2024-11-02 13:54:08.818 MST, duration: 6.175 s
[2024-11-02T13:54:08-0700] -------------------------------
[2024-11-02T13:54:08-0700] Waiting for 2 s...
[2024-11-02T13:54:10-0700] -------------------------------
[2024-11-02T13:54:11-0700] TCP Ping test started at 2024-11-02 13:54:11.004 MST
[2024-11-02T13:54:42-0700] Current time exceeds end time, skipping wait
[2024-11-02T13:54:42-0700] Saved TCP Ping test to /data/data/com.termux/files/home/storage/shared/bos_la_2024_trip/verizon/20241102/134906066/tcp_ping_135411036.out
[2024-11-02T13:54:42-0700] TCP Ping summary (min/avg/max/mdev) 
[2024-11-02T13:54:42-0700] TCP Ping test finished at 2024-11-02 13:54:42.159 MST, duration: 31.155 s
[2024-11-02T13:54:42-0700] -------------------------------
[2024-11-02T13:54:42-0700] Waiting for 2 s...
[2024-11-02T13:54:44-0700] -------------------------------
[2024-11-02T13:54:44-0700] Traceroute test started at 2024-11-02 13:54:44.289 MST
[2024-11-02T13:54:46-0700] Waiting for 28.295 s to reach end time
[2024-11-02T13:55:14-0700] Saved traceroute test to /data/data/com.termux/files/home/storage/shared/bos_la_2024_trip/verizon/20241102/134906066/traceroute_135444318.out
[2024-11-02T13:55:14-0700] Traceroute summary (min/avg/max/mdev) 
[2024-11-02T13:55:14-0700] Traceroute test finished at 2024-11-02 13:55:14.391 MST, duration: 30.102 s
[2024-11-02T13:55:14-0700] -------------------------------
[2024-11-02T13:55:14-0700] All tests completed, cleaning up...
[2024-11-02T13:55:14-0700] -------------------------------
[2024-11-02T14:12:15-0700] [measurement] Load environment variables from prod.env file
[2024-11-02T14:12:15-0700] [measurement] Load operator-specific env from verizon.env file
[2024-11-02T14:12:15-0700] Starting a network measurement, please choose a server
[2024-11-02T14:12:15-0700] 0) West Cloud: 54.176.53.206
[2024-11-02T14:12:15-0700] 1) East Cloud: 54.197.223.49
[2024-11-02T14:12:15-0700] 2) Los Angeles Wavelength: 161.188.33.234
[2024-11-02T14:12:15-0700] 3) Las Vegas Wavelength: 155.146.118.158
[2024-11-02T14:12:15-0700] 4) Denver Wavelength: 155.146.144.24
[2024-11-02T14:12:15-0700] 5) Chicago Wavelength: 155.146.180.31
[2024-11-02T14:12:15-0700] 6) Boston Wavelength: 155.146.11.34
[2024-11-02T14:12:25-0700] Enter your choice (0-6): Testing verizon, server 0 (ip: 54.176.53.206, nuttcp_port: 5101, iperf_port: 5001)
[2024-11-02T14:12:25-0700] -------------------------------
[2024-11-02T14:12:25-0700] tcp downlink test started at 2024-11-02 14:12:25.313 MST
[2024-11-02T14:12:25-0700] Testing tcp downlink with 54.176.53.206:5101, interval 0.5 s, duration 120 s, timeout 121 s...
[2024-11-02T14:14:26-0700] Current time exceeds end time, skipping wait
[2024-11-02T14:14:26-0700] Saved tcp downlink test to /data/data/com.termux/files/home/storage/shared/bos_la_2024_trip/verizon/20241102/141225280/tcp_downlink_141225339.out
[2024-11-02T14:14:26-0700] DL AVG TPUT: 
[2024-11-02T14:14:26-0700] tcp downlink test finished at 2024-11-02 14:14:26.464 MST, duration: 121.151 s
[2024-11-02T14:14:26-0700] -------------------------------
[2024-11-02T14:14:26-0700] Waiting for 2 s...
[2024-11-02T14:14:28-0700] -------------------------------
[2024-11-02T14:14:28-0700] Starting 5G booster for 5 s...
[2024-11-02T14:14:28-0700] 5G booster started at 2024-11-02 14:14:28.609 MST
[2024-11-02T14:14:34-0700] Current time exceeds end time, skipping wait
[2024-11-02T14:14:34-0700] Saved TCP DL results to /data/data/com.termux/files/home/storage/shared/bos_la_2024_trip/verizon/20241102/141225280/tcp_downlink_141428659.out
[2024-11-02T14:14:34-0700] DL AVG TPUT: 
[2024-11-02T14:14:34-0700] 5G booster finished at 2024-11-02 14:14:34.755 MST, duration: 6.146 s
[2024-11-02T14:14:34-0700] -------------------------------
[2024-11-02T14:14:34-0700] Waiting for 2 s...
[2024-11-02T14:14:36-0700] -------------------------------
[2024-11-02T14:14:36-0700] tcp uplink test started at 2024-11-02 14:14:36.883 MST
[2024-11-02T14:14:36-0700] testing tcp uplink with 54.176.53.206:5101, interval 0.5, duration 120, timeout 121 ...
[2024-11-02T14:16:38-0700] Current time exceeds end time, skipping wait
[2024-11-02T14:16:38-0700] Saved uplink test to /data/data/com.termux/files/home/storage/shared/bos_la_2024_trip/verizon/20241102/141225280/tcp_uplink_141436912.out
[2024-11-02T14:16:38-0700] UL AVG TPUT: 
[2024-11-02T14:16:38-0700] tcp uplink test finished at 2024-11-02 14:16:38.040 MST, duration: 121.157 s
[2024-11-02T14:16:38-0700] -------------------------------
[2024-11-02T14:16:38-0700] Waiting for 2 s...
[2024-11-02T14:16:40-0700] -------------------------------
[2024-11-02T14:16:40-0700] Starting 5G booster for 5 s...
[2024-11-02T14:16:40-0700] 5G booster started at 2024-11-02 14:16:40.175 MST
[2024-11-02T14:16:46-0700] Current time exceeds end time, skipping wait
[2024-11-02T14:16:46-0700] Saved TCP DL results to /data/data/com.termux/files/home/storage/shared/bos_la_2024_trip/verizon/20241102/141225280/tcp_downlink_141640242.out
[2024-11-02T14:16:46-0700] DL AVG TPUT: 
[2024-11-02T14:16:46-0700] 5G booster finished at 2024-11-02 14:16:46.334 MST, duration: 6.159 s
[2024-11-02T14:16:46-0700] -------------------------------
[2024-11-02T14:16:46-0700] Waiting for 2 s...
[2024-11-02T14:16:48-0700] -------------------------------
[2024-11-02T14:16:48-0700] ICMP Ping test started at 2024-11-02 14:16:48.452 MST
[2024-11-02T14:17:18-0700] Waiting for .865 s to reach end time
[2024-11-02T14:17:19-0700] Saved ping test to /data/data/com.termux/files/home/storage/shared/bos_la_2024_trip/verizon/20241102/141225280/icmp_ping_141648484.out
[2024-11-02T14:17:19-0700] Ping summary (min/avg/max/mdev) = 30.416/47.426/70.633/7.541 ms
[2024-11-02T14:17:19-0700] Ping test finished at 2024-11-02 14:17:19.538 MST, duration: 31.086 s
[2024-11-02T14:17:19-0700] -------------------------------
[2024-11-02T14:17:19-0700] Waiting for 2 s...
[2024-11-02T14:17:21-0700] -------------------------------
[2024-11-02T14:17:21-0700] Starting 5G booster for 5 s...
[2024-11-02T14:17:21-0700] 5G booster started at 2024-11-02 14:17:21.667 MST
[2024-11-02T14:17:27-0700] Current time exceeds end time, skipping wait
[2024-11-02T14:17:27-0700] Saved TCP DL results to /data/data/com.termux/files/home/storage/shared/bos_la_2024_trip/verizon/20241102/141225280/tcp_downlink_141721694.out
[2024-11-02T14:17:27-0700] DL AVG TPUT: 
[2024-11-02T14:17:27-0700] 5G booster finished at 2024-11-02 14:17:27.781 MST, duration: 6.114 s
[2024-11-02T14:17:27-0700] -------------------------------
[2024-11-02T14:17:27-0700] Waiting for 2 s...
[2024-11-02T14:17:29-0700] -------------------------------
[2024-11-02T14:17:29-0700] TCP Ping test started at 2024-11-02 14:17:29.915 MST
[2024-11-02T14:18:01-0700] Current time exceeds end time, skipping wait
[2024-11-02T14:18:01-0700] Saved TCP Ping test to /data/data/com.termux/files/home/storage/shared/bos_la_2024_trip/verizon/20241102/141225280/tcp_ping_141729952.out
[2024-11-02T14:18:01-0700] TCP Ping summary (min/avg/max/mdev) 
[2024-11-02T14:18:01-0700] TCP Ping test finished at 2024-11-02 14:18:01.048 MST, duration: 31.133 s
[2024-11-02T14:18:01-0700] -------------------------------
[2024-11-02T14:18:01-0700] Waiting for 2 s...
[2024-11-02T14:18:03-0700] -------------------------------
[2024-11-02T14:18:03-0700] Traceroute test started at 2024-11-02 14:18:03.165 MST
[2024-11-02T14:18:04-0700] Waiting for 28.323 s to reach end time
[2024-11-02T14:18:33-0700] Saved traceroute test to /data/data/com.termux/files/home/storage/shared/bos_la_2024_trip/verizon/20241102/141225280/traceroute_141803194.out
[2024-11-02T14:18:33-0700] Traceroute summary (min/avg/max/mdev) 
[2024-11-02T14:18:33-0700] Traceroute test finished at 2024-11-02 14:18:33.272 MST, duration: 30.107 s
[2024-11-02T14:18:33-0700] -------------------------------
[2024-11-02T14:18:33-0700] All tests completed, cleaning up...
[2024-11-02T14:18:33-0700] -------------------------------
[2024-11-02T14:19:08-0700] [measurement] Load environment variables from prod.env file
[2024-11-02T14:19:08-0700] [measurement] Load operator-specific env from verizon.env file
[2024-11-02T14:19:08-0700] Starting a network measurement, please choose a server
[2024-11-02T14:19:08-0700] 0) West Cloud: 54.176.53.206
[2024-11-02T14:19:08-0700] 1) East Cloud: 54.197.223.49
[2024-11-02T14:19:08-0700] 2) Los Angeles Wavelength: 161.188.33.234
[2024-11-02T14:19:08-0700] 3) Las Vegas Wavelength: 155.146.118.158
[2024-11-02T14:19:08-0700] 4) Denver Wavelength: 155.146.144.24
[2024-11-02T14:19:08-0700] 5) Chicago Wavelength: 155.146.180.31
[2024-11-02T14:19:08-0700] 6) Boston Wavelength: 155.146.11.34
[2024-11-02T14:19:17-0700] Enter your choice (0-6): Testing verizon, server 0 (ip: 54.176.53.206, nuttcp_port: 5101, iperf_port: 5001)
[2024-11-02T14:19:17-0700] -------------------------------
[2024-11-02T14:19:17-0700] tcp downlink test started at 2024-11-02 14:19:17.178 MST
[2024-11-02T14:19:17-0700] Testing tcp downlink with 54.176.53.206:5101, interval 0.5 s, duration 120 s, timeout 121 s...
[2024-11-02T14:19:19-0700] server aborted connection
[2024-11-02T14:19:19-0700] Waiting for 118.711 s to reach end time
[2024-11-02T14:21:18-0700] Saved tcp downlink test to /data/data/com.termux/files/home/storage/shared/bos_la_2024_trip/verizon/20241102/141917159/tcp_downlink_141917212.out
[2024-11-02T14:21:18-0700] [CAUTION] EMPTY LOG!
[2024-11-02T14:21:18-0700] tcp downlink test finished at 2024-11-02 14:21:18.293 MST, duration: 121.115 s
[2024-11-02T14:21:18-0700] -------------------------------
[2024-11-02T14:21:18-0700] Waiting for 2 s...
[2024-11-02T14:21:20-0700] -------------------------------
[2024-11-02T14:21:20-0700] Starting 5G booster for 5 s...
[2024-11-02T14:21:20-0700] 5G booster started at 2024-11-02 14:21:20.397 MST
[2024-11-02T14:21:26-0700] Current time exceeds end time, skipping wait
[2024-11-02T14:21:26-0700] Saved TCP DL results to /data/data/com.termux/files/home/storage/shared/bos_la_2024_trip/verizon/20241102/141917159/tcp_downlink_142120429.out
[2024-11-02T14:21:26-0700] [CAUTION] EMPTY LOG!
[2024-11-02T14:21:26-0700] 5G booster finished at 2024-11-02 14:21:26.484 MST, duration: 6.087 s
[2024-11-02T14:21:26-0700] -------------------------------
[2024-11-02T14:21:26-0700] Waiting for 2 s...
[2024-11-02T14:21:28-0700] -------------------------------
[2024-11-02T14:21:28-0700] tcp uplink test started at 2024-11-02 14:21:28.580 MST
[2024-11-02T14:21:28-0700] testing tcp uplink with 54.176.53.206:5101, interval 0.5, duration 120, timeout 121 ...
[2024-11-02T14:21:34-0700] Waiting for 114.656 s to reach end time
[2024-11-02T14:23:29-0700] Saved uplink test to /data/data/com.termux/files/home/storage/shared/bos_la_2024_trip/verizon/20241102/141917159/tcp_uplink_142128613.out
[2024-11-02T14:23:29-0700] UL AVG TPUT: 
[2024-11-02T14:23:29-0700] tcp uplink test finished at 2024-11-02 14:23:29.675 MST, duration: 121.095 s
[2024-11-02T14:23:29-0700] -------------------------------
[2024-11-02T14:23:29-0700] Waiting for 2 s...
[2024-11-02T14:23:31-0700] -------------------------------
[2024-11-02T14:23:31-0700] Starting 5G booster for 5 s...
[2024-11-02T14:23:31-0700] 5G booster started at 2024-11-02 14:23:31.793 MST
[2024-11-02T14:23:37-0700] Current time exceeds end time, skipping wait
[2024-11-02T14:23:37-0700] Saved TCP DL results to /data/data/com.termux/files/home/storage/shared/bos_la_2024_trip/verizon/20241102/141917159/tcp_downlink_142331821.out
[2024-11-02T14:23:37-0700] DL AVG TPUT: 
[2024-11-02T14:23:38-0700] 5G booster finished at 2024-11-02 14:23:37.942 MST, duration: 6.149 s
[2024-11-02T14:23:38-0700] -------------------------------
[2024-11-02T14:23:38-0700] Waiting for 2 s...
[2024-11-02T14:23:40-0700] -------------------------------
[2024-11-02T14:23:40-0700] ICMP Ping test started at 2024-11-02 14:23:40.065 MST
[2024-11-02T14:24:10-0700] Waiting for .907 s to reach end time
[2024-11-02T14:24:11-0700] Saved ping test to /data/data/com.termux/files/home/storage/shared/bos_la_2024_trip/verizon/20241102/141917159/icmp_ping_142340089.out
[2024-11-02T14:24:11-0700] Ping summary (min/avg/max/mdev) = 37.402/66.069/680.226/77.534 ms
[2024-11-02T14:24:11-0700] Ping test finished at 2024-11-02 14:24:11.142 MST, duration: 31.077 s
[2024-11-02T14:24:11-0700] -------------------------------
[2024-11-02T14:24:11-0700] Waiting for 2 s...
[2024-11-02T14:24:13-0700] -------------------------------
[2024-11-02T14:24:13-0700] Starting 5G booster for 5 s...
[2024-11-02T14:24:13-0700] 5G booster started at 2024-11-02 14:24:13.274 MST
[2024-11-02T14:24:19-0700] Current time exceeds end time, skipping wait
[2024-11-02T14:24:19-0700] Saved TCP DL results to /data/data/com.termux/files/home/storage/shared/bos_la_2024_trip/verizon/20241102/141917159/tcp_downlink_142413324.out
[2024-11-02T14:24:19-0700] DL AVG TPUT: 
[2024-11-02T14:24:19-0700] 5G booster finished at 2024-11-02 14:24:19.400 MST, duration: 6.126 s
[2024-11-02T14:24:19-0700] -------------------------------
[2024-11-02T14:24:19-0700] Waiting for 2 s...
[2024-11-02T14:24:21-0700] -------------------------------
[2024-11-02T14:24:21-0700] TCP Ping test started at 2024-11-02 14:24:21.513 MST
[2024-11-02T14:24:52-0700] Current time exceeds end time, skipping wait
[2024-11-02T14:24:52-0700] Saved TCP Ping test to /data/data/com.termux/files/home/storage/shared/bos_la_2024_trip/verizon/20241102/141917159/tcp_ping_142421566.out
[2024-11-02T14:24:52-0700] TCP Ping summary (min/avg/max/mdev) 
[2024-11-02T14:24:52-0700] TCP Ping test finished at 2024-11-02 14:24:52.692 MST, duration: 31.179 s
[2024-11-02T14:24:52-0700] -------------------------------
[2024-11-02T14:24:52-0700] Waiting for 2 s...
[2024-11-02T14:24:54-0700] -------------------------------
[2024-11-02T14:24:54-0700] Traceroute test started at 2024-11-02 14:24:54.858 MST
[2024-11-02T14:24:56-0700] Waiting for 28.766 s to reach end time
[2024-11-02T14:25:24-0700] Saved traceroute test to /data/data/com.termux/files/home/storage/shared/bos_la_2024_trip/verizon/20241102/141917159/traceroute_142454939.out
[2024-11-02T14:25:24-0700] Traceroute summary (min/avg/max/mdev) 
[2024-11-02T14:25:25-0700] Traceroute test finished at 2024-11-02 14:25:24.947 MST, duration: 30.089 s
[2024-11-02T14:25:25-0700] -------------------------------
[2024-11-02T14:25:25-0700] All tests completed, cleaning up...
[2024-11-02T14:25:25-0700] -------------------------------
[2024-11-02T14:26:31-0700] [measurement] Load environment variables from prod.env file
[2024-11-02T14:26:31-0700] [measurement] Load operator-specific env from verizon.env file
[2024-11-02T14:26:31-0700] Starting a network measurement, please choose a server
[2024-11-02T14:26:31-0700] 0) West Cloud: 54.176.53.206
[2024-11-02T14:26:31-0700] 1) East Cloud: 54.197.223.49
[2024-11-02T14:26:31-0700] 2) Los Angeles Wavelength: 161.188.33.234
[2024-11-02T14:26:31-0700] 3) Las Vegas Wavelength: 155.146.118.158
[2024-11-02T14:26:31-0700] 4) Denver Wavelength: 155.146.144.24
[2024-11-02T14:26:31-0700] 5) Chicago Wavelength: 155.146.180.31
[2024-11-02T14:26:31-0700] 6) Boston Wavelength: 155.146.11.34
[2024-11-02T14:26:36-0700] Enter your choice (0-6): Testing verizon, server 0 (ip: 54.176.53.206, nuttcp_port: 5101, iperf_port: 5001)
[2024-11-02T14:26:36-0700] -------------------------------
[2024-11-02T14:26:36-0700] tcp downlink test started at 2024-11-02 14:26:36.845 MST
[2024-11-02T14:26:36-0700] Testing tcp downlink with 54.176.53.206:5101, interval 0.5 s, duration 120 s, timeout 121 s...
[2024-11-02T14:27:22-0700] Waiting for 75.199 s to reach end time
[2024-11-02T14:28:37-0700] Saved tcp downlink test to /data/data/com.termux/files/home/storage/shared/bos_la_2024_trip/verizon/20241102/142636826/tcp_downlink_142636872.out
[2024-11-02T14:28:37-0700] DL AVG TPUT: 
[2024-11-02T14:28:37-0700] tcp downlink test finished at 2024-11-02 14:28:37.913 MST, duration: 121.068 s
[2024-11-02T14:28:37-0700] -------------------------------
[2024-11-02T14:28:37-0700] Waiting for 2 s...
[2024-11-02T14:28:39-0700] -------------------------------
[2024-11-02T14:28:39-0700] Starting 5G booster for 5 s...
[2024-11-02T14:28:40-0700] 5G booster started at 2024-11-02 14:28:40.023 MST
[2024-11-02T14:28:46-0700] Current time exceeds end time, skipping wait
[2024-11-02T14:28:46-0700] Saved TCP DL results to /data/data/com.termux/files/home/storage/shared/bos_la_2024_trip/verizon/20241102/142636826/tcp_downlink_142840064.out
[2024-11-02T14:28:46-0700] [CAUTION] EMPTY LOG!
[2024-11-02T14:28:46-0700] 5G booster finished at 2024-11-02 14:28:46.187 MST, duration: 6.164 s
[2024-11-02T14:28:46-0700] -------------------------------
[2024-11-02T14:28:46-0700] Waiting for 2 s...
[2024-11-02T14:28:48-0700] -------------------------------
[2024-11-02T14:28:48-0700] tcp uplink test started at 2024-11-02 14:28:48.302 MST
[2024-11-02T14:28:48-0700] testing tcp uplink with 54.176.53.206:5101, interval 0.5, duration 120, timeout 121 ...
[2024-11-02T14:29:59-0700] Waiting for 49.838 s to reach end time
[2024-11-02T14:30:49-0700] Saved uplink test to /data/data/com.termux/files/home/storage/shared/bos_la_2024_trip/verizon/20241102/142636826/tcp_uplink_142848331.out
[2024-11-02T14:30:49-0700] UL AVG TPUT: 
[2024-11-02T14:30:49-0700] tcp uplink test finished at 2024-11-02 14:30:49.462 MST, duration: 121.160 s
[2024-11-02T14:30:49-0700] -------------------------------
[2024-11-02T14:30:49-0700] Waiting for 2 s...
[2024-11-02T14:30:51-0700] -------------------------------
[2024-11-02T14:30:51-0700] Starting 5G booster for 5 s...
[2024-11-02T14:30:51-0700] 5G booster started at 2024-11-02 14:30:51.570 MST
[2024-11-02T14:30:57-0700] Current time exceeds end time, skipping wait
[2024-11-02T14:30:57-0700] Saved TCP DL results to /data/data/com.termux/files/home/storage/shared/bos_la_2024_trip/verizon/20241102/142636826/tcp_downlink_143051604.out
[2024-11-02T14:30:57-0700] DL AVG TPUT: 
[2024-11-02T14:30:57-0700] 5G booster finished at 2024-11-02 14:30:57.735 MST, duration: 6.165 s
[2024-11-02T14:30:57-0700] -------------------------------
[2024-11-02T14:30:57-0700] Waiting for 2 s...
[2024-11-02T14:30:59-0700] -------------------------------
[2024-11-02T14:30:59-0700] ICMP Ping test started at 2024-11-02 14:30:59.858 MST
[2024-11-02T14:31:30-0700] Waiting for .887 s to reach end time
[2024-11-02T14:31:30-0700] Saved ping test to /data/data/com.termux/files/home/storage/shared/bos_la_2024_trip/verizon/20241102/142636826/icmp_ping_143059883.out
[2024-11-02T14:31:30-0700] Ping summary (min/avg/max/mdev) = 48.267/65.801/216.188/16.018 ms
[2024-11-02T14:31:31-0700] Ping test finished at 2024-11-02 14:31:30.957 MST, duration: 31.099 s
[2024-11-02T14:31:31-0700] -------------------------------
[2024-11-02T14:31:31-0700] Waiting for 2 s...
[2024-11-02T14:31:33-0700] -------------------------------
[2024-11-02T14:31:33-0700] Starting 5G booster for 5 s...
[2024-11-02T14:31:33-0700] 5G booster started at 2024-11-02 14:31:33.057 MST
[2024-11-02T14:31:39-0700] Current time exceeds end time, skipping wait
[2024-11-02T14:31:39-0700] Saved TCP DL results to /data/data/com.termux/files/home/storage/shared/bos_la_2024_trip/verizon/20241102/142636826/tcp_downlink_143133080.out
[2024-11-02T14:31:39-0700] DL AVG TPUT: 
[2024-11-02T14:31:39-0700] 5G booster finished at 2024-11-02 14:31:39.161 MST, duration: 6.104 s
[2024-11-02T14:31:39-0700] -------------------------------
[2024-11-02T14:31:39-0700] Waiting for 2 s...
[2024-11-02T14:31:41-0700] -------------------------------
[2024-11-02T14:31:41-0700] TCP Ping test started at 2024-11-02 14:31:41.306 MST
[2024-11-02T14:32:12-0700] Current time exceeds end time, skipping wait
[2024-11-02T14:32:12-0700] Saved TCP Ping test to /data/data/com.termux/files/home/storage/shared/bos_la_2024_trip/verizon/20241102/142636826/tcp_ping_143141358.out
[2024-11-02T14:32:12-0700] TCP Ping summary (min/avg/max/mdev) 
[2024-11-02T14:32:12-0700] TCP Ping test finished at 2024-11-02 14:32:12.496 MST, duration: 31.190 s
[2024-11-02T14:32:12-0700] -------------------------------
[2024-11-02T14:32:12-0700] Waiting for 2 s...
[2024-11-02T14:32:14-0700] -------------------------------
[2024-11-02T14:32:14-0700] Traceroute test started at 2024-11-02 14:32:14.673 MST
[2024-11-02T14:32:16-0700] Waiting for 27.968 s to reach end time
[2024-11-02T14:32:44-0700] Saved traceroute test to /data/data/com.termux/files/home/storage/shared/bos_la_2024_trip/verizon/20241102/142636826/traceroute_143214701.out
[2024-11-02T14:32:44-0700] Traceroute summary (min/avg/max/mdev) 
[2024-11-02T14:32:44-0700] Traceroute test finished at 2024-11-02 14:32:44.758 MST, duration: 30.085 s
[2024-11-02T14:32:44-0700] -------------------------------
[2024-11-02T14:32:44-0700] All tests completed, cleaning up...
[2024-11-02T14:32:44-0700] -------------------------------
[2024-11-02T15:39:39-0600] [measurement] Load environment variables from prod.env file
[2024-11-02T15:39:39-0600] [measurement] Load operator-specific env from verizon.env file
[2024-11-02T15:39:39-0600] Starting a network measurement, please choose a server
[2024-11-02T15:39:39-0600] 0) West Cloud: 54.176.53.206
[2024-11-02T15:39:39-0600] 1) East Cloud: 54.197.223.49
[2024-11-02T15:39:39-0600] 2) Los Angeles Wavelength: 161.188.33.234
[2024-11-02T15:39:39-0600] 3) Las Vegas Wavelength: 155.146.118.158
[2024-11-02T15:39:39-0600] 4) Denver Wavelength: 155.146.144.24
[2024-11-02T15:39:39-0600] 5) Chicago Wavelength: 155.146.180.31
[2024-11-02T15:39:39-0600] 6) Boston Wavelength: 155.146.11.34
[2024-11-02T15:39:45-0600] Enter your choice (0-6): Testing verizon, server 0 (ip: 54.176.53.206, nuttcp_port: 5101, iperf_port: 5001)
[2024-11-02T15:39:45-0600] -------------------------------
[2024-11-02T15:39:45-0600] tcp downlink test started at 2024-11-02 15:39:45.308 MDT
[2024-11-02T15:39:45-0600] Testing tcp downlink with 54.176.53.206:5101, interval 0.5 s, duration 120 s, timeout 121 s...
[2024-11-02T15:39:45-0600] server aborted connection
[2024-11-02T15:39:45-0600] Waiting for 120.599 s to reach end time
[2024-11-02T15:41:46-0600] Saved tcp downlink test to /data/data/com.termux/files/home/storage/shared/bos_la_2024_trip/verizon/20241102/153945285/tcp_downlink_153945341.out
[2024-11-02T15:41:46-0600] [CAUTION] EMPTY LOG!
[2024-11-02T15:41:46-0600] tcp downlink test finished at 2024-11-02 15:41:46.407 MDT, duration: 121.099 s
[2024-11-02T15:41:46-0600] -------------------------------
[2024-11-02T15:41:46-0600] Waiting for 2 s...
[2024-11-02T15:41:48-0600] -------------------------------
[2024-11-02T15:41:48-0600] Starting 5G booster for 5 s...
[2024-11-02T15:41:48-0600] 5G booster started at 2024-11-02 15:41:48.510 MDT
[2024-11-02T15:41:54-0600] Current time exceeds end time, skipping wait
[2024-11-02T15:41:54-0600] Saved TCP DL results to /data/data/com.termux/files/home/storage/shared/bos_la_2024_trip/verizon/20241102/153945285/tcp_downlink_154148544.out
[2024-11-02T15:41:54-0600] DL AVG TPUT: 
[2024-11-02T15:41:54-0600] 5G booster finished at 2024-11-02 15:41:54.666 MDT, duration: 6.156 s
[2024-11-02T15:41:54-0600] -------------------------------
[2024-11-02T15:41:54-0600] Waiting for 2 s...
[2024-11-02T15:41:56-0600] -------------------------------
[2024-11-02T15:41:56-0600] tcp uplink test started at 2024-11-02 15:41:56.747 MDT
[2024-11-02T15:41:56-0600] testing tcp uplink with 54.176.53.206:5101, interval 0.5, duration 120, timeout 121 ...
[2024-11-02T15:43:57-0600] Current time exceeds end time, skipping wait
[2024-11-02T15:43:57-0600] Saved uplink test to /data/data/com.termux/files/home/storage/shared/bos_la_2024_trip/verizon/20241102/153945285/tcp_uplink_154156782.out
[2024-11-02T15:43:57-0600] UL AVG TPUT: 
[2024-11-02T15:43:58-0600] tcp uplink test finished at 2024-11-02 15:43:57.927 MDT, duration: 121.180 s
[2024-11-02T15:43:58-0600] -------------------------------
[2024-11-02T15:43:58-0600] Waiting for 2 s...
[2024-11-02T15:44:00-0600] -------------------------------
[2024-11-02T15:44:00-0600] Starting 5G booster for 5 s...
[2024-11-02T15:44:00-0600] 5G booster started at 2024-11-02 15:44:00.041 MDT
[2024-11-02T15:44:06-0600] Current time exceeds end time, skipping wait
[2024-11-02T15:44:06-0600] Saved TCP DL results to /data/data/com.termux/files/home/storage/shared/bos_la_2024_trip/verizon/20241102/153945285/tcp_downlink_154400067.out
[2024-11-02T15:44:06-0600] DL AVG TPUT: 
[2024-11-02T15:44:06-0600] 5G booster finished at 2024-11-02 15:44:06.168 MDT, duration: 6.127 s
[2024-11-02T15:44:06-0600] -------------------------------
[2024-11-02T15:44:06-0600] Waiting for 2 s...
[2024-11-02T15:44:08-0600] -------------------------------
[2024-11-02T15:44:08-0600] ICMP Ping test started at 2024-11-02 15:44:08.281 MDT
[2024-11-02T15:44:38-0600] Waiting for .884 s to reach end time
[2024-11-02T15:44:39-0600] Saved ping test to /data/data/com.termux/files/home/storage/shared/bos_la_2024_trip/verizon/20241102/153945285/icmp_ping_154408313.out
[2024-11-02T15:44:39-0600] Ping summary (min/avg/max/mdev) = 46.644/79.632/682.509/72.284 ms
[2024-11-02T15:44:39-0600] Ping test finished at 2024-11-02 15:44:39.355 MDT, duration: 31.074 s
[2024-11-02T15:44:39-0600] -------------------------------
[2024-11-02T15:44:39-0600] Waiting for 2 s...
[2024-11-02T15:44:41-0600] -------------------------------
[2024-11-02T15:44:41-0600] Starting 5G booster for 5 s...
[2024-11-02T15:44:41-0600] 5G booster started at 2024-11-02 15:44:41.494 MDT
[2024-11-02T15:44:41-0600] server aborted connection
[2024-11-02T15:44:41-0600] Waiting for 5.711 s to reach end time
[2024-11-02T15:44:47-0600] Saved TCP DL results to /data/data/com.termux/files/home/storage/shared/bos_la_2024_trip/verizon/20241102/153945285/tcp_downlink_154441521.out
[2024-11-02T15:44:47-0600] [CAUTION] EMPTY LOG!
[2024-11-02T15:44:47-0600] 5G booster finished at 2024-11-02 15:44:47.595 MDT, duration: 6.101 s
[2024-11-02T15:44:47-0600] -------------------------------
[2024-11-02T15:44:47-0600] Waiting for 2 s...
[2024-11-02T15:44:49-0600] -------------------------------
[2024-11-02T15:44:49-0600] TCP Ping test started at 2024-11-02 15:44:49.701 MDT
[2024-11-02T15:45:20-0600] Current time exceeds end time, skipping wait
[2024-11-02T15:45:20-0600] Saved TCP Ping test to /data/data/com.termux/files/home/storage/shared/bos_la_2024_trip/verizon/20241102/153945285/tcp_ping_154449748.out
[2024-11-02T15:45:20-0600] TCP Ping summary (min/avg/max/mdev) 
[2024-11-02T15:45:20-0600] TCP Ping test finished at 2024-11-02 15:45:20.868 MDT, duration: 31.167 s
[2024-11-02T15:45:20-0600] -------------------------------
[2024-11-02T15:45:20-0600] Waiting for 2 s...
[2024-11-02T15:45:22-0600] -------------------------------
[2024-11-02T15:45:23-0600] Traceroute test started at 2024-11-02 15:45:23.018 MDT
[2024-11-02T15:45:24-0600] Waiting for 28.099 s to reach end time
[2024-11-02T15:45:53-0600] Saved traceroute test to /data/data/com.termux/files/home/storage/shared/bos_la_2024_trip/verizon/20241102/153945285/traceroute_154523052.out
[2024-11-02T15:45:53-0600] Traceroute summary (min/avg/max/mdev) 
[2024-11-02T15:45:53-0600] Traceroute test finished at 2024-11-02 15:45:53.119 MDT, duration: 30.101 s
[2024-11-02T15:45:53-0600] -------------------------------
[2024-11-02T15:45:53-0600] All tests completed, cleaning up...
[2024-11-02T15:45:53-0600] -------------------------------
[2024-11-02T15:47:13-0600] [measurement] Load environment variables from prod.env file
[2024-11-02T15:47:13-0600] [measurement] Load operator-specific env from verizon.env file
[2024-11-02T15:47:13-0600] Starting a network measurement, please choose a server
[2024-11-02T15:47:13-0600] 0) West Cloud: 54.176.53.206
[2024-11-02T15:47:13-0600] 1) East Cloud: 54.197.223.49
[2024-11-02T15:47:13-0600] 2) Los Angeles Wavelength: 161.188.33.234
[2024-11-02T15:47:13-0600] 3) Las Vegas Wavelength: 155.146.118.158
[2024-11-02T15:47:13-0600] 4) Denver Wavelength: 155.146.144.24
[2024-11-02T15:47:13-0600] 5) Chicago Wavelength: 155.146.180.31
[2024-11-02T15:47:13-0600] 6) Boston Wavelength: 155.146.11.34
[2024-11-02T15:47:19-0600] Enter your choice (0-6): Testing verizon, server 0 (ip: 54.176.53.206, nuttcp_port: 5101, iperf_port: 5001)
[2024-11-02T15:47:19-0600] -------------------------------
[2024-11-02T15:47:19-0600] tcp downlink test started at 2024-11-02 15:47:19.979 MDT
[2024-11-02T15:47:20-0600] Testing tcp downlink with 54.176.53.206:5101, interval 0.5 s, duration 120 s, timeout 121 s...
[2024-11-02T15:49:21-0600] Current time exceeds end time, skipping wait
[2024-11-02T15:49:21-0600] Saved tcp downlink test to /data/data/com.termux/files/home/storage/shared/bos_la_2024_trip/verizon/20241102/154719961/tcp_downlink_154720015.out
[2024-11-02T15:49:21-0600] DL AVG TPUT: 
[2024-11-02T15:49:21-0600] tcp downlink test finished at 2024-11-02 15:49:21.127 MDT, duration: 121.148 s
[2024-11-02T15:49:21-0600] -------------------------------
[2024-11-02T15:49:21-0600] Waiting for 2 s...
[2024-11-02T15:49:23-0600] -------------------------------
[2024-11-02T15:49:23-0600] Starting 5G booster for 5 s...
[2024-11-02T15:49:23-0600] 5G booster started at 2024-11-02 15:49:23.231 MDT
[2024-11-02T15:49:29-0600] Current time exceeds end time, skipping wait
[2024-11-02T15:49:29-0600] Saved TCP DL results to /data/data/com.termux/files/home/storage/shared/bos_la_2024_trip/verizon/20241102/154719961/tcp_downlink_154923312.out
[2024-11-02T15:49:29-0600] DL AVG TPUT: 
[2024-11-02T15:49:29-0600] 5G booster finished at 2024-11-02 15:49:29.427 MDT, duration: 6.196 s
[2024-11-02T15:49:29-0600] -------------------------------
[2024-11-02T15:49:29-0600] Waiting for 2 s...
[2024-11-02T15:49:31-0600] -------------------------------
[2024-11-02T15:49:31-0600] tcp uplink test started at 2024-11-02 15:49:31.570 MDT
[2024-11-02T15:49:31-0600] testing tcp uplink with 54.176.53.206:5101, interval 0.5, duration 120, timeout 121 ...
[2024-11-02T15:51:32-0600] Current time exceeds end time, skipping wait
[2024-11-02T15:51:32-0600] Saved uplink test to /data/data/com.termux/files/home/storage/shared/bos_la_2024_trip/verizon/20241102/154719961/tcp_uplink_154931647.out
[2024-11-02T15:51:32-0600] UL AVG TPUT: 
[2024-11-02T15:51:32-0600] tcp uplink test finished at 2024-11-02 15:51:32.792 MDT, duration: 121.222 s
[2024-11-02T15:51:32-0600] -------------------------------
[2024-11-02T15:51:32-0600] Waiting for 2 s...
[2024-11-02T15:51:34-0600] -------------------------------
[2024-11-02T15:51:34-0600] Starting 5G booster for 5 s...
[2024-11-02T15:51:34-0600] 5G booster started at 2024-11-02 15:51:34.908 MDT
[2024-11-02T15:51:41-0600] Current time exceeds end time, skipping wait
[2024-11-02T15:51:41-0600] Saved TCP DL results to /data/data/com.termux/files/home/storage/shared/bos_la_2024_trip/verizon/20241102/154719961/tcp_downlink_155134942.out
[2024-11-02T15:51:41-0600] DL AVG TPUT: 
[2024-11-02T15:51:41-0600] 5G booster finished at 2024-11-02 15:51:41.040 MDT, duration: 6.132 s
[2024-11-02T15:51:41-0600] -------------------------------
[2024-11-02T15:51:41-0600] Waiting for 2 s...
[2024-11-02T15:51:43-0600] -------------------------------
[2024-11-02T15:51:43-0600] ICMP Ping test started at 2024-11-02 15:51:43.135 MDT
[2024-11-02T15:52:13-0600] Waiting for .846 s to reach end time
[2024-11-02T15:52:14-0600] Saved ping test to /data/data/com.termux/files/home/storage/shared/bos_la_2024_trip/verizon/20241102/154719961/icmp_ping_155143174.out
[2024-11-02T15:52:14-0600] Ping summary (min/avg/max/mdev) = 54.322/67.011/274.199/19.431 ms
[2024-11-02T15:52:14-0600] Ping test finished at 2024-11-02 15:52:14.226 MDT, duration: 31.091 s
[2024-11-02T15:52:14-0600] -------------------------------
[2024-11-02T15:52:14-0600] Waiting for 2 s...
[2024-11-02T15:52:16-0600] -------------------------------
[2024-11-02T15:52:16-0600] Starting 5G booster for 5 s...
[2024-11-02T15:52:16-0600] 5G booster started at 2024-11-02 15:52:16.363 MDT
[2024-11-02T15:52:16-0600] server aborted connection
[2024-11-02T15:52:16-0600] Waiting for 5.733 s to reach end time
[2024-11-02T15:52:22-0600] Saved TCP DL results to /data/data/com.termux/files/home/storage/shared/bos_la_2024_trip/verizon/20241102/154719961/tcp_downlink_155216395.out
[2024-11-02T15:52:22-0600] [CAUTION] EMPTY LOG!
[2024-11-02T15:52:22-0600] 5G booster finished at 2024-11-02 15:52:22.451 MDT, duration: 6.088 s
[2024-11-02T15:52:22-0600] -------------------------------
[2024-11-02T15:52:22-0600] Waiting for 2 s...
[2024-11-02T15:52:24-0600] -------------------------------
[2024-11-02T15:52:24-0600] TCP Ping test started at 2024-11-02 15:52:24.551 MDT
[2024-11-02T15:52:55-0600] Current time exceeds end time, skipping wait
[2024-11-02T15:52:55-0600] Saved TCP Ping test to /data/data/com.termux/files/home/storage/shared/bos_la_2024_trip/verizon/20241102/154719961/tcp_ping_155224585.out
[2024-11-02T15:52:55-0600] TCP Ping summary (min/avg/max/mdev) 
[2024-11-02T15:52:55-0600] TCP Ping test finished at 2024-11-02 15:52:55.721 MDT, duration: 31.170 s
[2024-11-02T15:52:55-0600] -------------------------------
[2024-11-02T15:52:55-0600] Waiting for 2 s...
[2024-11-02T15:52:57-0600] -------------------------------
[2024-11-02T15:52:57-0600] Traceroute test started at 2024-11-02 15:52:57.862 MDT
[2024-11-02T15:52:59-0600] Waiting for 28.258 s to reach end time
[2024-11-02T15:53:27-0600] Saved traceroute test to /data/data/com.termux/files/home/storage/shared/bos_la_2024_trip/verizon/20241102/154719961/traceroute_155257895.out
[2024-11-02T15:53:27-0600] Traceroute summary (min/avg/max/mdev) 
[2024-11-02T15:53:28-0600] Traceroute test finished at 2024-11-02 15:53:27.976 MDT, duration: 30.114 s
[2024-11-02T15:53:28-0600] -------------------------------
[2024-11-02T15:53:28-0600] All tests completed, cleaning up...
[2024-11-02T15:53:28-0600] -------------------------------
[2024-11-02T15:54:11-0600] [measurement] Load environment variables from prod.env file
[2024-11-02T15:54:11-0600] [measurement] Load operator-specific env from verizon.env file
[2024-11-02T15:54:11-0600] Starting a network measurement, please choose a server
[2024-11-02T15:54:11-0600] 0) West Cloud: 54.176.53.206
[2024-11-02T15:54:11-0600] 1) East Cloud: 54.197.223.49
[2024-11-02T15:54:11-0600] 2) Los Angeles Wavelength: 161.188.33.234
[2024-11-02T15:54:11-0600] 3) Las Vegas Wavelength: 155.146.118.158
[2024-11-02T15:54:11-0600] 4) Denver Wavelength: 155.146.144.24
[2024-11-02T15:54:11-0600] 5) Chicago Wavelength: 155.146.180.31
[2024-11-02T15:54:11-0600] 6) Boston Wavelength: 155.146.11.34
[2024-11-02T15:54:28-0600] Enter your choice (0-6): Testing verizon, server 0 (ip: 54.176.53.206, nuttcp_port: 5101, iperf_port: 5001)
[2024-11-02T15:54:28-0600] -------------------------------
[2024-11-02T15:54:28-0600] tcp downlink test started at 2024-11-02 15:54:28.512 MDT
[2024-11-02T15:54:28-0600] Testing tcp downlink with 54.176.53.206:5101, interval 0.5 s, duration 120 s, timeout 121 s...
[2024-11-02T15:56:29-0600] Current time exceeds end time, skipping wait
[2024-11-02T15:56:29-0600] Saved tcp downlink test to /data/data/com.termux/files/home/storage/shared/bos_la_2024_trip/verizon/20241102/155428485/tcp_downlink_155428565.out
[2024-11-02T15:56:29-0600] DL AVG TPUT: 
[2024-11-02T15:56:29-0600] tcp downlink test finished at 2024-11-02 15:56:29.720 MDT, duration: 121.208 s
[2024-11-02T15:56:29-0600] -------------------------------
[2024-11-02T15:56:29-0600] Waiting for 2 s...
[2024-11-02T15:56:31-0600] -------------------------------
[2024-11-02T15:56:31-0600] Starting 5G booster for 5 s...
[2024-11-02T15:56:31-0600] 5G booster started at 2024-11-02 15:56:31.851 MDT
[2024-11-02T15:56:37-0600] Current time exceeds end time, skipping wait
[2024-11-02T15:56:37-0600] Saved TCP DL results to /data/data/com.termux/files/home/storage/shared/bos_la_2024_trip/verizon/20241102/155428485/tcp_downlink_155631887.out
[2024-11-02T15:56:38-0600] DL AVG TPUT: 
[2024-11-02T15:56:38-0600] 5G booster finished at 2024-11-02 15:56:37.989 MDT, duration: 6.138 s
[2024-11-02T15:56:38-0600] -------------------------------
[2024-11-02T15:56:38-0600] Waiting for 2 s...
[2024-11-02T15:56:40-0600] -------------------------------
[2024-11-02T15:56:40-0600] tcp uplink test started at 2024-11-02 15:56:40.083 MDT
[2024-11-02T15:56:40-0600] testing tcp uplink with 54.176.53.206:5101, interval 0.5, duration 120, timeout 121 ...
[2024-11-02T15:57:38-0600] Waiting for 62.930 s to reach end time
[2024-11-02T15:58:41-0600] Saved uplink test to /data/data/com.termux/files/home/storage/shared/bos_la_2024_trip/verizon/20241102/155428485/tcp_uplink_155640128.out
[2024-11-02T15:58:41-0600] UL AVG TPUT: 
[2024-11-02T15:58:41-0600] tcp uplink test finished at 2024-11-02 15:58:41.179 MDT, duration: 121.096 s
[2024-11-02T15:58:41-0600] -------------------------------
[2024-11-02T15:58:41-0600] Waiting for 2 s...
[2024-11-02T15:58:43-0600] -------------------------------
[2024-11-02T15:58:43-0600] Starting 5G booster for 5 s...
[2024-11-02T15:58:43-0600] 5G booster started at 2024-11-02 15:58:43.318 MDT
[2024-11-02T15:58:49-0600] Current time exceeds end time, skipping wait
[2024-11-02T15:58:49-0600] Saved TCP DL results to /data/data/com.termux/files/home/storage/shared/bos_la_2024_trip/verizon/20241102/155428485/tcp_downlink_155843367.out
[2024-11-02T15:58:49-0600] DL AVG TPUT: 
[2024-11-02T15:58:49-0600] 5G booster finished at 2024-11-02 15:58:49.454 MDT, duration: 6.136 s
[2024-11-02T15:58:49-0600] -------------------------------
[2024-11-02T15:58:49-0600] Waiting for 2 s...
[2024-11-02T15:58:51-0600] -------------------------------
[2024-11-02T15:58:51-0600] ICMP Ping test started at 2024-11-02 15:58:51.567 MDT
[2024-11-02T15:59:21-0600] Waiting for .900 s to reach end time
[2024-11-02T15:59:22-0600] Saved ping test to /data/data/com.termux/files/home/storage/shared/bos_la_2024_trip/verizon/20241102/155428485/icmp_ping_155851591.out
[2024-11-02T15:59:22-0600] Ping summary (min/avg/max/mdev) = 49.855/122.149/1590.431/215.332 ms
[2024-11-02T15:59:22-0600] Ping test finished at 2024-11-02 15:59:22.698 MDT, duration: 31.131 s
[2024-11-02T15:59:22-0600] -------------------------------
[2024-11-02T15:59:22-0600] Waiting for 2 s...
[2024-11-02T15:59:24-0600] -------------------------------
[2024-11-02T15:59:24-0600] Starting 5G booster for 5 s...
[2024-11-02T15:59:24-0600] 5G booster started at 2024-11-02 15:59:24.818 MDT
[2024-11-02T15:59:25-0600] server aborted connection
[2024-11-02T15:59:25-0600] Waiting for 5.710 s to reach end time
[2024-11-02T15:59:30-0600] Saved TCP DL results to /data/data/com.termux/files/home/storage/shared/bos_la_2024_trip/verizon/20241102/155428485/tcp_downlink_155924872.out
[2024-11-02T15:59:30-0600] [CAUTION] EMPTY LOG!
[2024-11-02T15:59:31-0600] 5G booster finished at 2024-11-02 15:59:30.942 MDT, duration: 6.124 s
[2024-11-02T15:59:31-0600] -------------------------------
[2024-11-02T15:59:31-0600] Waiting for 2 s...
[2024-11-02T15:59:33-0600] -------------------------------
[2024-11-02T15:59:33-0600] TCP Ping test started at 2024-11-02 15:59:33.071 MDT
[2024-11-02T16:00:04-0600] Current time exceeds end time, skipping wait
[2024-11-02T16:00:04-0600] Saved TCP Ping test to /data/data/com.termux/files/home/storage/shared/bos_la_2024_trip/verizon/20241102/155428485/tcp_ping_155933108.out
[2024-11-02T16:00:04-0600] TCP Ping summary (min/avg/max/mdev) 
[2024-11-02T16:00:04-0600] TCP Ping test finished at 2024-11-02 16:00:04.222 MDT, duration: 31.151 s
[2024-11-02T16:00:04-0600] -------------------------------
[2024-11-02T16:00:04-0600] Waiting for 2 s...
[2024-11-02T16:00:06-0600] -------------------------------
[2024-11-02T16:00:06-0600] Traceroute test started at 2024-11-02 16:00:06.361 MDT
[2024-11-02T16:00:07-0600] Waiting for 28.689 s to reach end time
[2024-11-02T16:00:36-0600] Saved traceroute test to /data/data/com.termux/files/home/storage/shared/bos_la_2024_trip/verizon/20241102/155428485/traceroute_160006407.out
[2024-11-02T16:00:36-0600] Traceroute summary (min/avg/max/mdev) 
[2024-11-02T16:00:36-0600] Traceroute test finished at 2024-11-02 16:00:36.442 MDT, duration: 30.081 s
[2024-11-02T16:00:36-0600] -------------------------------
[2024-11-02T16:00:36-0600] All tests completed, cleaning up...
[2024-11-02T16:00:36-0600] -------------------------------
[2024-11-02T16:01:37-0600] [measurement] Load environment variables from prod.env file
[2024-11-02T16:01:37-0600] [measurement] Load operator-specific env from verizon.env file
[2024-11-02T16:01:37-0600] Starting a network measurement, please choose a server
[2024-11-02T16:01:37-0600] 0) West Cloud: 54.176.53.206
[2024-11-02T16:01:37-0600] 1) East Cloud: 54.197.223.49
[2024-11-02T16:01:37-0600] 2) Los Angeles Wavelength: 161.188.33.234
[2024-11-02T16:01:37-0600] 3) Las Vegas Wavelength: 155.146.118.158
[2024-11-02T16:01:37-0600] 4) Denver Wavelength: 155.146.144.24
[2024-11-02T16:01:37-0600] 5) Chicago Wavelength: 155.146.180.31
[2024-11-02T16:01:37-0600] 6) Boston Wavelength: 155.146.11.34
[2024-11-02T16:01:43-0600] Enter your choice (0-6): Testing verizon, server 0 (ip: 54.176.53.206, nuttcp_port: 5101, iperf_port: 5001)
[2024-11-02T16:01:44-0600] -------------------------------
[2024-11-02T16:01:44-0600] tcp downlink test started at 2024-11-02 16:01:44.068 MDT
[2024-11-02T16:01:44-0600] Testing tcp downlink with 54.176.53.206:5101, interval 0.5 s, duration 120 s, timeout 121 s...
[2024-11-02T16:03:45-0600] Current time exceeds end time, skipping wait
[2024-11-02T16:03:45-0600] Saved tcp downlink test to /data/data/com.termux/files/home/storage/shared/bos_la_2024_trip/verizon/20241102/160144045/tcp_downlink_160144100.out
[2024-11-02T16:03:45-0600] DL AVG TPUT: 
[2024-11-02T16:03:45-0600] tcp downlink test finished at 2024-11-02 16:03:45.173 MDT, duration: 121.105 s
[2024-11-02T16:03:45-0600] -------------------------------
[2024-11-02T16:03:45-0600] Waiting for 2 s...
[2024-11-02T16:03:47-0600] -------------------------------
[2024-11-02T16:03:47-0600] Starting 5G booster for 5 s...
[2024-11-02T16:03:47-0600] 5G booster started at 2024-11-02 16:03:47.307 MDT
[2024-11-02T16:03:53-0600] Current time exceeds end time, skipping wait
[2024-11-02T16:03:53-0600] Saved TCP DL results to /data/data/com.termux/files/home/storage/shared/bos_la_2024_trip/verizon/20241102/160144045/tcp_downlink_160347334.out
[2024-11-02T16:03:53-0600] DL AVG TPUT: 
[2024-11-02T16:03:53-0600] 5G booster finished at 2024-11-02 16:03:53.388 MDT, duration: 6.081 s
[2024-11-02T16:03:53-0600] -------------------------------
[2024-11-02T16:03:53-0600] Waiting for 2 s...
[2024-11-02T16:03:55-0600] -------------------------------
[2024-11-02T16:03:55-0600] tcp uplink test started at 2024-11-02 16:03:55.503 MDT
[2024-11-02T16:03:55-0600] testing tcp uplink with 54.176.53.206:5101, interval 0.5, duration 120, timeout 121 ...
[2024-11-02T16:03:55-0600] server aborted connection
[2024-11-02T16:03:55-0600] Waiting for 120.749 s to reach end time
[2024-11-02T16:05:56-0600] Saved uplink test to /data/data/com.termux/files/home/storage/shared/bos_la_2024_trip/verizon/20241102/160144045/tcp_uplink_160355533.out
[2024-11-02T16:05:56-0600] [CAUTION] EMPTY LOG!
[2024-11-02T16:05:56-0600] tcp uplink test finished at 2024-11-02 16:05:56.603 MDT, duration: 121.100 s
[2024-11-02T16:05:56-0600] -------------------------------
[2024-11-02T16:05:56-0600] Waiting for 2 s...
[2024-11-02T16:05:58-0600] -------------------------------
[2024-11-02T16:05:58-0600] Starting 5G booster for 5 s...
[2024-11-02T16:05:58-0600] 5G booster started at 2024-11-02 16:05:58.723 MDT
[2024-11-02T16:06:04-0600] Current time exceeds end time, skipping wait
[2024-11-02T16:06:04-0600] Saved TCP DL results to /data/data/com.termux/files/home/storage/shared/bos_la_2024_trip/verizon/20241102/160144045/tcp_downlink_160558775.out
[2024-11-02T16:06:04-0600] DL AVG TPUT: 
[2024-11-02T16:06:04-0600] 5G booster finished at 2024-11-02 16:06:04.887 MDT, duration: 6.164 s
[2024-11-02T16:06:04-0600] -------------------------------
[2024-11-02T16:06:04-0600] Waiting for 2 s...
[2024-11-02T16:06:07-0600] -------------------------------
[2024-11-02T16:06:07-0600] ICMP Ping test started at 2024-11-02 16:06:07.032 MDT
[2024-11-02T16:06:37-0600] Waiting for .887 s to reach end time
[2024-11-02T16:06:38-0600] Saved ping test to /data/data/com.termux/files/home/storage/shared/bos_la_2024_trip/verizon/20241102/160144045/icmp_ping_160607065.out
[2024-11-02T16:06:38-0600] Ping summary (min/avg/max/mdev) = 53.904/61.275/72.898/4.165 ms
[2024-11-02T16:06:38-0600] Ping test finished at 2024-11-02 16:06:38.124 MDT, duration: 31.092 s
[2024-11-02T16:06:38-0600] -------------------------------
[2024-11-02T16:06:38-0600] Waiting for 2 s...
[2024-11-02T16:06:40-0600] -------------------------------
[2024-11-02T16:06:40-0600] Starting 5G booster for 5 s...
[2024-11-02T16:06:40-0600] 5G booster started at 2024-11-02 16:06:40.251 MDT
[2024-11-02T16:06:40-0600] server aborted connection
[2024-11-02T16:06:40-0600] Waiting for 5.737 s to reach end time
[2024-11-02T16:06:46-0600] Saved TCP DL results to /data/data/com.termux/files/home/storage/shared/bos_la_2024_trip/verizon/20241102/160144045/tcp_downlink_160640286.out
[2024-11-02T16:06:46-0600] [CAUTION] EMPTY LOG!
[2024-11-02T16:06:46-0600] 5G booster finished at 2024-11-02 16:06:46.333 MDT, duration: 6.082 s
[2024-11-02T16:06:46-0600] -------------------------------
[2024-11-02T16:06:46-0600] Waiting for 2 s...
[2024-11-02T16:06:48-0600] -------------------------------
[2024-11-02T16:06:48-0600] TCP Ping test started at 2024-11-02 16:06:48.471 MDT
[2024-11-02T16:07:19-0600] Current time exceeds end time, skipping wait
[2024-11-02T16:07:19-0600] Saved TCP Ping test to /data/data/com.termux/files/home/storage/shared/bos_la_2024_trip/verizon/20241102/160144045/tcp_ping_160648500.out
[2024-11-02T16:07:19-0600] TCP Ping summary (min/avg/max/mdev) 
[2024-11-02T16:07:19-0600] TCP Ping test finished at 2024-11-02 16:07:19.600 MDT, duration: 31.129 s
[2024-11-02T16:07:19-0600] -------------------------------
[2024-11-02T16:07:19-0600] Waiting for 2 s...
[2024-11-02T16:07:21-0600] -------------------------------
[2024-11-02T16:07:21-0600] Traceroute test started at 2024-11-02 16:07:21.724 MDT
[2024-11-02T16:07:23-0600] Waiting for 28.416 s to reach end time
[2024-11-02T16:07:51-0600] Saved traceroute test to /data/data/com.termux/files/home/storage/shared/bos_la_2024_trip/verizon/20241102/160144045/traceroute_160721751.out
[2024-11-02T16:07:51-0600] Traceroute summary (min/avg/max/mdev) 
[2024-11-02T16:07:51-0600] Traceroute test finished at 2024-11-02 16:07:51.818 MDT, duration: 30.094 s
[2024-11-02T16:07:51-0600] -------------------------------
[2024-11-02T16:07:51-0600] All tests completed, cleaning up...
[2024-11-02T16:07:51-0600] -------------------------------
[2024-11-02T16:11:42-0600] [measurement] Load environment variables from prod.env file
[2024-11-02T16:11:42-0600] [measurement] Load operator-specific env from verizon.env file
[2024-11-02T16:11:42-0600] Starting a network measurement, please choose a server
[2024-11-02T16:11:42-0600] 0) West Cloud: 54.176.53.206
[2024-11-02T16:11:42-0600] 1) East Cloud: 54.197.223.49
[2024-11-02T16:11:42-0600] 2) Los Angeles Wavelength: 161.188.33.234
[2024-11-02T16:11:42-0600] 3) Las Vegas Wavelength: 155.146.118.158
[2024-11-02T16:11:42-0600] 4) Denver Wavelength: 155.146.144.24
[2024-11-02T16:11:42-0600] 5) Chicago Wavelength: 155.146.180.31
[2024-11-02T16:11:42-0600] 6) Boston Wavelength: 155.146.11.34
[2024-11-02T16:12:10-0600] Enter your choice (0-6): Testing verizon, server 0 (ip: 54.176.53.206, nuttcp_port: 5101, iperf_port: 5001)
[2024-11-02T16:12:10-0600] -------------------------------
[2024-11-02T16:12:10-0600] tcp downlink test started at 2024-11-02 16:12:10.075 MDT
[2024-11-02T16:12:10-0600] Testing tcp downlink with 54.176.53.206:5101, interval 0.5 s, duration 120 s, timeout 121 s...
[2024-11-02T16:14:11-0600] Current time exceeds end time, skipping wait
[2024-11-02T16:14:11-0600] Saved tcp downlink test to /data/data/com.termux/files/home/storage/shared/bos_la_2024_trip/verizon/20241102/161210052/tcp_downlink_161210098.out
[2024-11-02T16:14:11-0600] DL AVG TPUT: 
[2024-11-02T16:14:11-0600] tcp downlink test finished at 2024-11-02 16:14:11.211 MDT, duration: 121.136 s
[2024-11-02T16:14:11-0600] -------------------------------
[2024-11-02T16:14:11-0600] Waiting for 2 s...
[2024-11-02T16:14:13-0600] -------------------------------
[2024-11-02T16:14:13-0600] Starting 5G booster for 5 s...
[2024-11-02T16:14:13-0600] 5G booster started at 2024-11-02 16:14:13.306 MDT
[2024-11-02T16:14:19-0600] Current time exceeds end time, skipping wait
[2024-11-02T16:14:19-0600] Saved TCP DL results to /data/data/com.termux/files/home/storage/shared/bos_la_2024_trip/verizon/20241102/161210052/tcp_downlink_161413329.out
[2024-11-02T16:14:19-0600] DL AVG TPUT: 
[2024-11-02T16:14:19-0600] 5G booster finished at 2024-11-02 16:14:19.411 MDT, duration: 6.105 s
[2024-11-02T16:14:19-0600] -------------------------------
[2024-11-02T16:14:19-0600] Waiting for 2 s...
[2024-11-02T16:14:21-0600] -------------------------------
[2024-11-02T16:14:21-0600] tcp uplink test started at 2024-11-02 16:14:21.503 MDT
[2024-11-02T16:14:21-0600] testing tcp uplink with 54.176.53.206:5101, interval 0.5, duration 120, timeout 121 ...
[2024-11-02T16:14:21-0600] server aborted connection
[2024-11-02T16:14:21-0600] Waiting for 120.735 s to reach end time
[2024-11-02T16:16:22-0600] Saved uplink test to /data/data/com.termux/files/home/storage/shared/bos_la_2024_trip/verizon/20241102/161210052/tcp_uplink_161421544.out
[2024-11-02T16:16:22-0600] [CAUTION] EMPTY LOG!
[2024-11-02T16:16:22-0600] tcp uplink test finished at 2024-11-02 16:16:22.589 MDT, duration: 121.086 s
[2024-11-02T16:16:22-0600] -------------------------------
[2024-11-02T16:16:22-0600] Waiting for 2 s...
[2024-11-02T16:16:24-0600] -------------------------------
[2024-11-02T16:16:24-0600] Starting 5G booster for 5 s...
[2024-11-02T16:16:24-0600] 5G booster started at 2024-11-02 16:16:24.729 MDT
[2024-11-02T16:16:30-0600] Current time exceeds end time, skipping wait
[2024-11-02T16:16:30-0600] Saved TCP DL results to /data/data/com.termux/files/home/storage/shared/bos_la_2024_trip/verizon/20241102/161210052/tcp_downlink_161624762.out
[2024-11-02T16:16:30-0600] DL AVG TPUT: 
[2024-11-02T16:16:30-0600] 5G booster finished at 2024-11-02 16:16:30.865 MDT, duration: 6.136 s
[2024-11-02T16:16:30-0600] -------------------------------
[2024-11-02T16:16:30-0600] Waiting for 2 s...
[2024-11-02T16:16:32-0600] -------------------------------
[2024-11-02T16:16:32-0600] ICMP Ping test started at 2024-11-02 16:16:32.959 MDT
[2024-11-02T16:17:03-0600] Waiting for .861 s to reach end time
[2024-11-02T16:17:04-0600] Saved ping test to /data/data/com.termux/files/home/storage/shared/bos_la_2024_trip/verizon/20241102/161210052/icmp_ping_161632995.out
[2024-11-02T16:17:04-0600] Ping summary (min/avg/max/mdev) = 54.021/61.908/75.008/4.607 ms
[2024-11-02T16:17:04-0600] Ping test finished at 2024-11-02 16:17:04.047 MDT, duration: 31.088 s
[2024-11-02T16:17:04-0600] -------------------------------
[2024-11-02T16:17:04-0600] Waiting for 2 s...
[2024-11-02T16:17:06-0600] -------------------------------
[2024-11-02T16:17:06-0600] Starting 5G booster for 5 s...
[2024-11-02T16:17:06-0600] 5G booster started at 2024-11-02 16:17:06.173 MDT
[2024-11-02T16:17:06-0600] server aborted connection
[2024-11-02T16:17:06-0600] Waiting for 5.733 s to reach end time
[2024-11-02T16:17:12-0600] Saved TCP DL results to /data/data/com.termux/files/home/storage/shared/bos_la_2024_trip/verizon/20241102/161210052/tcp_downlink_161706202.out
[2024-11-02T16:17:12-0600] [CAUTION] EMPTY LOG!
[2024-11-02T16:17:12-0600] 5G booster finished at 2024-11-02 16:17:12.258 MDT, duration: 6.085 s
[2024-11-02T16:17:12-0600] -------------------------------
[2024-11-02T16:17:12-0600] Waiting for 2 s...
[2024-11-02T16:17:14-0600] -------------------------------
[2024-11-02T16:17:14-0600] TCP Ping test started at 2024-11-02 16:17:14.353 MDT
[2024-11-02T16:17:45-0600] Current time exceeds end time, skipping wait
[2024-11-02T16:17:45-0600] Saved TCP Ping test to /data/data/com.termux/files/home/storage/shared/bos_la_2024_trip/verizon/20241102/161210052/tcp_ping_161714404.out
[2024-11-02T16:17:45-0600] TCP Ping summary (min/avg/max/mdev) 
[2024-11-02T16:17:45-0600] TCP Ping test finished at 2024-11-02 16:17:45.527 MDT, duration: 31.174 s
[2024-11-02T16:17:45-0600] -------------------------------
[2024-11-02T16:17:45-0600] Waiting for 2 s...
[2024-11-02T16:17:47-0600] -------------------------------
[2024-11-02T16:17:47-0600] Traceroute test started at 2024-11-02 16:17:47.673 MDT
[2024-11-02T16:17:49-0600] Waiting for 28.270 s to reach end time
[2024-11-02T16:18:17-0600] Saved traceroute test to /data/data/com.termux/files/home/storage/shared/bos_la_2024_trip/verizon/20241102/161210052/traceroute_161747708.out
[2024-11-02T16:18:17-0600] Traceroute summary (min/avg/max/mdev) 
[2024-11-02T16:18:17-0600] Traceroute test finished at 2024-11-02 16:18:17.751 MDT, duration: 30.078 s
[2024-11-02T16:18:17-0600] -------------------------------
[2024-11-02T16:18:17-0600] All tests completed, cleaning up...
[2024-11-02T16:18:17-0600] -------------------------------
[2024-11-02T16:18:44-0600] [measurement] Load environment variables from prod.env file
[2024-11-02T16:18:44-0600] [measurement] Load operator-specific env from verizon.env file
[2024-11-02T16:18:44-0600] Starting a network measurement, please choose a server
[2024-11-02T16:18:44-0600] 0) West Cloud: 54.176.53.206
[2024-11-02T16:18:44-0600] 1) East Cloud: 54.197.223.49
[2024-11-02T16:18:44-0600] 2) Los Angeles Wavelength: 161.188.33.234
[2024-11-02T16:18:44-0600] 3) Las Vegas Wavelength: 155.146.118.158
[2024-11-02T16:18:44-0600] 4) Denver Wavelength: 155.146.144.24
[2024-11-02T16:18:44-0600] 5) Chicago Wavelength: 155.146.180.31
[2024-11-02T16:18:44-0600] 6) Boston Wavelength: 155.146.11.34
[2024-11-02T16:19:12-0600] Enter your choice (0-6): Testing verizon, server 0 (ip: 54.176.53.206, nuttcp_port: 5101, iperf_port: 5001)
[2024-11-02T16:19:12-0600] -------------------------------
[2024-11-02T16:19:12-0600] tcp downlink test started at 2024-11-02 16:19:12.420 MDT
[2024-11-02T16:19:12-0600] Testing tcp downlink with 54.176.53.206:5101, interval 0.5 s, duration 120 s, timeout 121 s...
[2024-11-02T16:19:12-0600] server aborted connection
[2024-11-02T16:19:12-0600] Waiting for 120.615 s to reach end time
[2024-11-02T16:21:13-0600] Saved tcp downlink test to /data/data/com.termux/files/home/storage/shared/bos_la_2024_trip/verizon/20241102/161912401/tcp_downlink_161912451.out
[2024-11-02T16:21:13-0600] [CAUTION] EMPTY LOG!
[2024-11-02T16:21:13-0600] tcp downlink test finished at 2024-11-02 16:21:13.500 MDT, duration: 121.080 s
[2024-11-02T16:21:13-0600] -------------------------------
[2024-11-02T16:21:13-0600] Waiting for 2 s...
[2024-11-02T16:21:15-0600] -------------------------------
[2024-11-02T16:21:15-0600] Starting 5G booster for 5 s...
[2024-11-02T16:21:15-0600] 5G booster started at 2024-11-02 16:21:15.603 MDT
[2024-11-02T16:21:16-0600] server aborted connection
[2024-11-02T16:21:16-0600] Waiting for 5.574 s to reach end time
[2024-11-02T16:21:21-0600] Saved TCP DL results to /data/data/com.termux/files/home/storage/shared/bos_la_2024_trip/verizon/20241102/161912401/tcp_downlink_162115636.out
[2024-11-02T16:21:21-0600] [CAUTION] EMPTY LOG!
[2024-11-02T16:21:21-0600] 5G booster finished at 2024-11-02 16:21:21.714 MDT, duration: 6.111 s
[2024-11-02T16:21:21-0600] -------------------------------
[2024-11-02T16:21:21-0600] Waiting for 2 s...
[2024-11-02T16:21:23-0600] -------------------------------
[2024-11-02T16:21:23-0600] tcp uplink test started at 2024-11-02 16:21:23.796 MDT
[2024-11-02T16:21:23-0600] testing tcp uplink with 54.176.53.206:5101, interval 0.5, duration 120, timeout 121 ...
[2024-11-02T16:23:24-0600] Current time exceeds end time, skipping wait
[2024-11-02T16:23:24-0600] Saved uplink test to /data/data/com.termux/files/home/storage/shared/bos_la_2024_trip/verizon/20241102/161912401/tcp_uplink_162123828.out
[2024-11-02T16:23:24-0600] UL AVG TPUT: 
[2024-11-02T16:23:25-0600] tcp uplink test finished at 2024-11-02 16:23:24.919 MDT, duration: 121.123 s
[2024-11-02T16:23:25-0600] -------------------------------
[2024-11-02T16:23:25-0600] Waiting for 2 s...
[2024-11-02T16:23:27-0600] -------------------------------
[2024-11-02T16:23:27-0600] Starting 5G booster for 5 s...
[2024-11-02T16:23:27-0600] 5G booster started at 2024-11-02 16:23:27.050 MDT
[2024-11-02T16:23:33-0600] Current time exceeds end time, skipping wait
[2024-11-02T16:23:33-0600] Saved TCP DL results to /data/data/com.termux/files/home/storage/shared/bos_la_2024_trip/verizon/20241102/161912401/tcp_downlink_162327101.out
[2024-11-02T16:23:33-0600] DL AVG TPUT: 
[2024-11-02T16:23:33-0600] 5G booster finished at 2024-11-02 16:23:33.181 MDT, duration: 6.131 s
[2024-11-02T16:23:33-0600] -------------------------------
[2024-11-02T16:23:33-0600] Waiting for 2 s...
[2024-11-02T16:23:35-0600] -------------------------------
[2024-11-02T16:23:35-0600] ICMP Ping test started at 2024-11-02 16:23:35.313 MDT
[2024-11-02T16:24:05-0600] Waiting for .852 s to reach end time
[2024-11-02T16:24:06-0600] Saved ping test to /data/data/com.termux/files/home/storage/shared/bos_la_2024_trip/verizon/20241102/161912401/icmp_ping_162335347.out
[2024-11-02T16:24:06-0600] Ping summary (min/avg/max/mdev) = 48.899/79.104/677.731/74.495 ms
[2024-11-02T16:24:06-0600] Ping test finished at 2024-11-02 16:24:06.406 MDT, duration: 31.093 s
[2024-11-02T16:24:06-0600] -------------------------------
[2024-11-02T16:24:06-0600] Waiting for 2 s...
[2024-11-02T16:24:08-0600] -------------------------------
[2024-11-02T16:24:08-0600] Starting 5G booster for 5 s...
[2024-11-02T16:24:08-0600] 5G booster started at 2024-11-02 16:24:08.554 MDT
[2024-11-02T16:24:14-0600] Current time exceeds end time, skipping wait
[2024-11-02T16:24:14-0600] Saved TCP DL results to /data/data/com.termux/files/home/storage/shared/bos_la_2024_trip/verizon/20241102/161912401/tcp_downlink_162408607.out
[2024-11-02T16:24:14-0600] DL AVG TPUT: 
[2024-11-02T16:24:14-0600] 5G booster finished at 2024-11-02 16:24:14.695 MDT, duration: 6.141 s
[2024-11-02T16:24:14-0600] -------------------------------
[2024-11-02T16:24:14-0600] Waiting for 2 s...
[2024-11-02T16:24:16-0600] -------------------------------
[2024-11-02T16:24:16-0600] TCP Ping test started at 2024-11-02 16:24:16.814 MDT
[2024-11-02T16:24:48-0600] Current time exceeds end time, skipping wait
[2024-11-02T16:24:48-0600] Saved TCP Ping test to /data/data/com.termux/files/home/storage/shared/bos_la_2024_trip/verizon/20241102/161912401/tcp_ping_162416846.out
[2024-11-02T16:24:48-0600] TCP Ping summary (min/avg/max/mdev) 
[2024-11-02T16:24:48-0600] TCP Ping test finished at 2024-11-02 16:24:48.013 MDT, duration: 31.199 s
[2024-11-02T16:24:48-0600] -------------------------------
[2024-11-02T16:24:48-0600] Waiting for 2 s...
[2024-11-02T16:24:50-0600] -------------------------------
[2024-11-02T16:24:50-0600] Traceroute test started at 2024-11-02 16:24:50.123 MDT
[2024-11-02T16:24:51-0600] Waiting for 28.428 s to reach end time
[2024-11-02T16:25:20-0600] Saved traceroute test to /data/data/com.termux/files/home/storage/shared/bos_la_2024_trip/verizon/20241102/161912401/traceroute_162450189.out
[2024-11-02T16:25:20-0600] Traceroute summary (min/avg/max/mdev) 
[2024-11-02T16:25:20-0600] Traceroute test finished at 2024-11-02 16:25:20.228 MDT, duration: 30.105 s
[2024-11-02T16:25:20-0600] -------------------------------
[2024-11-02T16:25:20-0600] All tests completed, cleaning up...
[2024-11-02T16:25:20-0600] -------------------------------
[2024-11-02T16:25:39-0600] [measurement] Load environment variables from prod.env file
[2024-11-02T16:25:39-0600] [measurement] Load operator-specific env from verizon.env file
[2024-11-02T16:25:39-0600] Starting a network measurement, please choose a server
[2024-11-02T16:25:39-0600] 0) West Cloud: 54.176.53.206
[2024-11-02T16:25:39-0600] 1) East Cloud: 54.197.223.49
[2024-11-02T16:25:39-0600] 2) Los Angeles Wavelength: 161.188.33.234
[2024-11-02T16:25:39-0600] 3) Las Vegas Wavelength: 155.146.118.158
[2024-11-02T16:25:39-0600] 4) Denver Wavelength: 155.146.144.24
[2024-11-02T16:25:39-0600] 5) Chicago Wavelength: 155.146.180.31
[2024-11-02T16:25:39-0600] 6) Boston Wavelength: 155.146.11.34
[2024-11-02T16:25:58-0600] Enter your choice (0-6): Testing verizon, server 0 (ip: 54.176.53.206, nuttcp_port: 5101, iperf_port: 5001)
[2024-11-02T16:25:58-0600] -------------------------------
[2024-11-02T16:25:58-0600] tcp downlink test started at 2024-11-02 16:25:58.725 MDT
[2024-11-02T16:25:58-0600] Testing tcp downlink with 54.176.53.206:5101, interval 0.5 s, duration 120 s, timeout 121 s...
[2024-11-02T16:27:59-0600] Current time exceeds end time, skipping wait
[2024-11-02T16:27:59-0600] Saved tcp downlink test to /data/data/com.termux/files/home/storage/shared/bos_la_2024_trip/verizon/20241102/162558705/tcp_downlink_162558759.out
[2024-11-02T16:27:59-0600] DL AVG TPUT: 
[2024-11-02T16:27:59-0600] tcp downlink test finished at 2024-11-02 16:27:59.866 MDT, duration: 121.141 s
[2024-11-02T16:27:59-0600] -------------------------------
[2024-11-02T16:27:59-0600] Waiting for 2 s...
[2024-11-02T16:28:01-0600] -------------------------------
[2024-11-02T16:28:01-0600] Starting 5G booster for 5 s...
[2024-11-02T16:28:02-0600] 5G booster started at 2024-11-02 16:28:02.026 MDT
[2024-11-02T16:28:08-0600] Current time exceeds end time, skipping wait
[2024-11-02T16:28:08-0600] Saved TCP DL results to /data/data/com.termux/files/home/storage/shared/bos_la_2024_trip/verizon/20241102/162558705/tcp_downlink_162802056.out
[2024-11-02T16:28:08-0600] DL AVG TPUT: 
[2024-11-02T16:28:08-0600] 5G booster finished at 2024-11-02 16:28:08.120 MDT, duration: 6.094 s
[2024-11-02T16:28:08-0600] -------------------------------
[2024-11-02T16:28:08-0600] Waiting for 2 s...
[2024-11-02T16:28:10-0600] -------------------------------
[2024-11-02T16:28:10-0600] tcp uplink test started at 2024-11-02 16:28:10.228 MDT
[2024-11-02T16:28:10-0600] testing tcp uplink with 54.176.53.206:5101, interval 0.5, duration 120, timeout 121 ...
[2024-11-02T16:30:11-0600] Current time exceeds end time, skipping wait
[2024-11-02T16:30:11-0600] Saved uplink test to /data/data/com.termux/files/home/storage/shared/bos_la_2024_trip/verizon/20241102/162558705/tcp_uplink_162810266.out
[2024-11-02T16:30:11-0600] UL AVG TPUT: 
[2024-11-02T16:30:11-0600] tcp uplink test finished at 2024-11-02 16:30:11.358 MDT, duration: 121.130 s
[2024-11-02T16:30:11-0600] -------------------------------
[2024-11-02T16:30:11-0600] Waiting for 2 s...
[2024-11-02T16:30:13-0600] -------------------------------
[2024-11-02T16:30:13-0600] Starting 5G booster for 5 s...
[2024-11-02T16:30:13-0600] 5G booster started at 2024-11-02 16:30:13.531 MDT
[2024-11-02T16:30:13-0600] server aborted connection
[2024-11-02T16:30:13-0600] Waiting for 5.754 s to reach end time
[2024-11-02T16:30:19-0600] Saved TCP DL results to /data/data/com.termux/files/home/storage/shared/bos_la_2024_trip/verizon/20241102/162558705/tcp_downlink_163013574.out
[2024-11-02T16:30:19-0600] [CAUTION] EMPTY LOG!
[2024-11-02T16:30:19-0600] 5G booster finished at 2024-11-02 16:30:19.645 MDT, duration: 6.114 s
[2024-11-02T16:30:19-0600] -------------------------------
[2024-11-02T16:30:19-0600] Waiting for 2 s...
[2024-11-02T16:30:21-0600] -------------------------------
[2024-11-02T16:30:21-0600] ICMP Ping test started at 2024-11-02 16:30:21.742 MDT
[2024-11-02T16:30:51-0600] Waiting for .866 s to reach end time
[2024-11-02T16:30:52-0600] Saved ping test to /data/data/com.termux/files/home/storage/shared/bos_la_2024_trip/verizon/20241102/162558705/icmp_ping_163021800.out
[2024-11-02T16:30:52-0600] Ping summary (min/avg/max/mdev) = 45.125/55.157/76.371/4.786 ms
[2024-11-02T16:30:52-0600] Ping test finished at 2024-11-02 16:30:52.821 MDT, duration: 31.079 s
[2024-11-02T16:30:52-0600] -------------------------------
[2024-11-02T16:30:52-0600] Waiting for 2 s...
[2024-11-02T16:30:54-0600] -------------------------------
[2024-11-02T16:30:54-0600] Starting 5G booster for 5 s...
[2024-11-02T16:30:54-0600] 5G booster started at 2024-11-02 16:30:54.964 MDT
[2024-11-02T16:31:01-0600] Current time exceeds end time, skipping wait
[2024-11-02T16:31:01-0600] Saved TCP DL results to /data/data/com.termux/files/home/storage/shared/bos_la_2024_trip/verizon/20241102/162558705/tcp_downlink_163055015.out
[2024-11-02T16:31:01-0600] DL AVG TPUT: 
[2024-11-02T16:31:01-0600] 5G booster finished at 2024-11-02 16:31:01.093 MDT, duration: 6.129 s
[2024-11-02T16:31:01-0600] -------------------------------
[2024-11-02T16:31:01-0600] Waiting for 2 s...
[2024-11-02T16:31:03-0600] -------------------------------
[2024-11-02T16:31:03-0600] TCP Ping test started at 2024-11-02 16:31:03.212 MDT
[2024-11-02T16:31:34-0600] Current time exceeds end time, skipping wait
[2024-11-02T16:31:34-0600] Saved TCP Ping test to /data/data/com.termux/files/home/storage/shared/bos_la_2024_trip/verizon/20241102/162558705/tcp_ping_163103241.out
[2024-11-02T16:31:34-0600] TCP Ping summary (min/avg/max/mdev) 
[2024-11-02T16:31:34-0600] TCP Ping test finished at 2024-11-02 16:31:34.355 MDT, duration: 31.143 s
[2024-11-02T16:31:34-0600] -------------------------------
[2024-11-02T16:31:34-0600] Waiting for 2 s...
[2024-11-02T16:31:36-0600] -------------------------------
[2024-11-02T16:31:36-0600] Traceroute test started at 2024-11-02 16:31:36.477 MDT
[2024-11-02T16:31:38-0600] Waiting for 28.309 s to reach end time
[2024-11-02T16:32:06-0600] Saved traceroute test to /data/data/com.termux/files/home/storage/shared/bos_la_2024_trip/verizon/20241102/162558705/traceroute_163136510.out
[2024-11-02T16:32:06-0600] Traceroute summary (min/avg/max/mdev) 
[2024-11-02T16:32:06-0600] Traceroute test finished at 2024-11-02 16:32:06.555 MDT, duration: 30.078 s
[2024-11-02T16:32:06-0600] -------------------------------
[2024-11-02T16:32:06-0600] All tests completed, cleaning up...
[2024-11-02T16:32:06-0600] -------------------------------
[2024-11-02T16:32:35-0600] [measurement] Load environment variables from prod.env file
[2024-11-02T16:32:35-0600] [measurement] Load operator-specific env from verizon.env file
[2024-11-02T16:32:35-0600] Starting a network measurement, please choose a server
[2024-11-02T16:32:35-0600] 0) West Cloud: 54.176.53.206
[2024-11-02T16:32:35-0600] 1) East Cloud: 54.197.223.49
[2024-11-02T16:32:35-0600] 2) Los Angeles Wavelength: 161.188.33.234
[2024-11-02T16:32:35-0600] 3) Las Vegas Wavelength: 155.146.118.158
[2024-11-02T16:32:35-0600] 4) Denver Wavelength: 155.146.144.24
[2024-11-02T16:32:35-0600] 5) Chicago Wavelength: 155.146.180.31
[2024-11-02T16:32:35-0600] 6) Boston Wavelength: 155.146.11.34
[2024-11-02T16:32:52-0600] Enter your choice (0-6): Testing verizon, server 0 (ip: 54.176.53.206, nuttcp_port: 5101, iperf_port: 5001)
[2024-11-02T16:32:52-0600] -------------------------------
[2024-11-02T16:32:52-0600] tcp downlink test started at 2024-11-02 16:32:52.747 MDT
[2024-11-02T16:32:52-0600] Testing tcp downlink with 54.176.53.206:5101, interval 0.5 s, duration 120 s, timeout 121 s...
[2024-11-02T16:32:53-0600] server aborted connection
[2024-11-02T16:32:53-0600] Waiting for 120.712 s to reach end time
[2024-11-02T16:34:53-0600] Saved tcp downlink test to /data/data/com.termux/files/home/storage/shared/bos_la_2024_trip/verizon/20241102/163252725/tcp_downlink_163252781.out
[2024-11-02T16:34:53-0600] [CAUTION] EMPTY LOG!
[2024-11-02T16:34:53-0600] tcp downlink test finished at 2024-11-02 16:34:53.819 MDT, duration: 121.072 s
[2024-11-02T16:34:53-0600] -------------------------------
[2024-11-02T16:34:53-0600] Waiting for 2 s...
[2024-11-02T16:34:55-0600] -------------------------------
[2024-11-02T16:34:55-0600] Starting 5G booster for 5 s...
[2024-11-02T16:34:55-0600] 5G booster started at 2024-11-02 16:34:55.928 MDT
[2024-11-02T16:35:02-0600] Current time exceeds end time, skipping wait
[2024-11-02T16:35:02-0600] Saved TCP DL results to /data/data/com.termux/files/home/storage/shared/bos_la_2024_trip/verizon/20241102/163252725/tcp_downlink_163455967.out
[2024-11-02T16:35:02-0600] DL AVG TPUT: 
[2024-11-02T16:35:02-0600] 5G booster finished at 2024-11-02 16:35:02.050 MDT, duration: 6.122 s
[2024-11-02T16:35:02-0600] -------------------------------
[2024-11-02T16:35:02-0600] Waiting for 2 s...
[2024-11-02T16:35:04-0600] -------------------------------
[2024-11-02T16:35:04-0600] tcp uplink test started at 2024-11-02 16:35:04.168 MDT
[2024-11-02T16:35:04-0600] testing tcp uplink with 54.176.53.206:5101, interval 0.5, duration 120, timeout 121 ...
[2024-11-02T16:35:04-0600] server aborted connection
[2024-11-02T16:35:04-0600] Waiting for 120.778 s to reach end time
[2024-11-02T16:37:05-0600] Saved uplink test to /data/data/com.termux/files/home/storage/shared/bos_la_2024_trip/verizon/20241102/163252725/tcp_uplink_163504193.out
[2024-11-02T16:37:05-0600] [CAUTION] EMPTY LOG!
[2024-11-02T16:37:05-0600] tcp uplink test finished at 2024-11-02 16:37:05.257 MDT, duration: 121.089 s
[2024-11-02T16:37:05-0600] -------------------------------
[2024-11-02T16:37:05-0600] Waiting for 2 s...
[2024-11-02T16:37:07-0600] -------------------------------
[2024-11-02T16:37:07-0600] Starting 5G booster for 5 s...
[2024-11-02T16:37:07-0600] 5G booster started at 2024-11-02 16:37:07.354 MDT
[2024-11-02T16:37:13-0600] Current time exceeds end time, skipping wait
[2024-11-02T16:37:13-0600] Saved TCP DL results to /data/data/com.termux/files/home/storage/shared/bos_la_2024_trip/verizon/20241102/163252725/tcp_downlink_163707378.out
[2024-11-02T16:37:13-0600] DL AVG TPUT: 
[2024-11-02T16:37:13-0600] 5G booster finished at 2024-11-02 16:37:13.475 MDT, duration: 6.121 s
[2024-11-02T16:37:13-0600] -------------------------------
[2024-11-02T16:37:13-0600] Waiting for 2 s...
[2024-11-02T16:37:15-0600] -------------------------------
[2024-11-02T16:37:15-0600] ICMP Ping test started at 2024-11-02 16:37:15.564 MDT
[2024-11-02T16:37:45-0600] Waiting for .913 s to reach end time
[2024-11-02T16:37:46-0600] Saved ping test to /data/data/com.termux/files/home/storage/shared/bos_la_2024_trip/verizon/20241102/163252725/icmp_ping_163715588.out
[2024-11-02T16:37:46-0600] Ping summary (min/avg/max/mdev) = 48.218/60.800/88.200/5.464 ms
[2024-11-02T16:37:46-0600] Ping test finished at 2024-11-02 16:37:46.621 MDT, duration: 31.057 s
[2024-11-02T16:37:46-0600] -------------------------------
[2024-11-02T16:37:46-0600] Waiting for 2 s...
[2024-11-02T16:37:48-0600] -------------------------------
[2024-11-02T16:37:48-0600] Starting 5G booster for 5 s...
[2024-11-02T16:37:48-0600] 5G booster started at 2024-11-02 16:37:48.707 MDT
[2024-11-02T16:37:54-0600] Current time exceeds end time, skipping wait
[2024-11-02T16:37:54-0600] Saved TCP DL results to /data/data/com.termux/files/home/storage/shared/bos_la_2024_trip/verizon/20241102/163252725/tcp_downlink_163748731.out
[2024-11-02T16:37:54-0600] DL AVG TPUT: 
[2024-11-02T16:37:54-0600] 5G booster finished at 2024-11-02 16:37:54.797 MDT, duration: 6.090 s
[2024-11-02T16:37:54-0600] -------------------------------
[2024-11-02T16:37:54-0600] Waiting for 2 s...
[2024-11-02T16:37:56-0600] -------------------------------
[2024-11-02T16:37:56-0600] TCP Ping test started at 2024-11-02 16:37:56.890 MDT
[2024-11-02T16:38:28-0600] Current time exceeds end time, skipping wait
[2024-11-02T16:38:28-0600] Saved TCP Ping test to /data/data/com.termux/files/home/storage/shared/bos_la_2024_trip/verizon/20241102/163252725/tcp_ping_163756921.out
[2024-11-02T16:38:28-0600] TCP Ping summary (min/avg/max/mdev) 
[2024-11-02T16:38:28-0600] TCP Ping test finished at 2024-11-02 16:38:28.014 MDT, duration: 31.124 s
[2024-11-02T16:38:28-0600] -------------------------------
[2024-11-02T16:38:28-0600] Waiting for 2 s...
[2024-11-02T16:38:30-0600] -------------------------------
[2024-11-02T16:38:30-0600] Traceroute test started at 2024-11-02 16:38:30.116 MDT
[2024-11-02T16:38:31-0600] Waiting for 28.466 s to reach end time
[2024-11-02T16:39:00-0600] Saved traceroute test to /data/data/com.termux/files/home/storage/shared/bos_la_2024_trip/verizon/20241102/163252725/traceroute_163830152.out
[2024-11-02T16:39:00-0600] Traceroute summary (min/avg/max/mdev) 
[2024-11-02T16:39:00-0600] Traceroute test finished at 2024-11-02 16:39:00.196 MDT, duration: 30.080 s
[2024-11-02T16:39:00-0600] -------------------------------
[2024-11-02T16:39:00-0600] All tests completed, cleaning up...
[2024-11-02T16:39:00-0600] -------------------------------
[2024-11-02T16:41:49-0600] [measurement] Load environment variables from prod.env file
[2024-11-02T16:41:50-0600] [measurement] Load operator-specific env from verizon.env file
[2024-11-02T16:41:50-0600] Starting a network measurement, please choose a server
[2024-11-02T16:41:50-0600] 0) West Cloud: 54.176.53.206
[2024-11-02T16:41:50-0600] 1) East Cloud: 54.197.223.49
[2024-11-02T16:41:50-0600] 2) Los Angeles Wavelength: 161.188.33.234
[2024-11-02T16:41:50-0600] 3) Las Vegas Wavelength: 155.146.118.158
[2024-11-02T16:41:50-0600] 4) Denver Wavelength: 155.146.144.24
[2024-11-02T16:41:50-0600] 5) Chicago Wavelength: 155.146.180.31
[2024-11-02T16:41:50-0600] 6) Boston Wavelength: 155.146.11.34
[2024-11-02T16:41:54-0600] Enter your choice (0-6): Testing verizon, server 0 (ip: 54.176.53.206, nuttcp_port: 5101, iperf_port: 5001)
[2024-11-02T16:41:54-0600] -------------------------------
[2024-11-02T16:41:54-0600] tcp downlink test started at 2024-11-02 16:41:54.883 MDT
[2024-11-02T16:41:54-0600] Testing tcp downlink with 54.176.53.206:5101, interval 0.5 s, duration 120 s, timeout 121 s...
[2024-11-02T16:43:56-0600] Current time exceeds end time, skipping wait
[2024-11-02T16:43:56-0600] Saved tcp downlink test to /data/data/com.termux/files/home/storage/shared/bos_la_2024_trip/verizon/20241102/164154859/tcp_downlink_164154915.out
[2024-11-02T16:43:56-0600] DL AVG TPUT: 
[2024-11-02T16:43:56-0600] tcp downlink test finished at 2024-11-02 16:43:56.017 MDT, duration: 121.134 s
[2024-11-02T16:43:56-0600] -------------------------------
[2024-11-02T16:43:56-0600] Waiting for 2 s...
[2024-11-02T16:43:58-0600] -------------------------------
[2024-11-02T16:43:58-0600] Starting 5G booster for 5 s...
[2024-11-02T16:43:58-0600] 5G booster started at 2024-11-02 16:43:58.155 MDT
[2024-11-02T16:44:04-0600] Current time exceeds end time, skipping wait
[2024-11-02T16:44:04-0600] Saved TCP DL results to /data/data/com.termux/files/home/storage/shared/bos_la_2024_trip/verizon/20241102/164154859/tcp_downlink_164358221.out
[2024-11-02T16:44:04-0600] DL AVG TPUT: 
[2024-11-02T16:44:04-0600] 5G booster finished at 2024-11-02 16:44:04.315 MDT, duration: 6.160 s
[2024-11-02T16:44:04-0600] -------------------------------
[2024-11-02T16:44:04-0600] Waiting for 2 s...
[2024-11-02T16:44:06-0600] -------------------------------
[2024-11-02T16:44:06-0600] tcp uplink test started at 2024-11-02 16:44:06.460 MDT
[2024-11-02T16:44:06-0600] testing tcp uplink with 54.176.53.206:5101, interval 0.5, duration 120, timeout 121 ...
[2024-11-02T16:46:07-0600] Current time exceeds end time, skipping wait
[2024-11-02T16:46:07-0600] Saved uplink test to /data/data/com.termux/files/home/storage/shared/bos_la_2024_trip/verizon/20241102/164154859/tcp_uplink_164406512.out
[2024-11-02T16:46:07-0600] UL AVG TPUT: 
[2024-11-02T16:46:07-0600] tcp uplink test finished at 2024-11-02 16:46:07.629 MDT, duration: 121.169 s
[2024-11-02T16:46:07-0600] -------------------------------
[2024-11-02T16:46:07-0600] Waiting for 2 s...
[2024-11-02T16:46:09-0600] -------------------------------
[2024-11-02T16:46:09-0600] Starting 5G booster for 5 s...
[2024-11-02T16:46:09-0600] 5G booster started at 2024-11-02 16:46:09.742 MDT
[2024-11-02T16:46:15-0600] Current time exceeds end time, skipping wait
[2024-11-02T16:46:15-0600] Saved TCP DL results to /data/data/com.termux/files/home/storage/shared/bos_la_2024_trip/verizon/20241102/164154859/tcp_downlink_164609770.out
[2024-11-02T16:46:15-0600] DL AVG TPUT: 
[2024-11-02T16:46:15-0600] 5G booster finished at 2024-11-02 16:46:15.904 MDT, duration: 6.162 s
[2024-11-02T16:46:15-0600] -------------------------------
[2024-11-02T16:46:15-0600] Waiting for 2 s...
[2024-11-02T16:46:18-0600] -------------------------------
[2024-11-02T16:46:18-0600] ICMP Ping test started at 2024-11-02 16:46:18.041 MDT
[2024-11-02T16:46:48-0600] Waiting for .861 s to reach end time
[2024-11-02T16:46:49-0600] Saved ping test to /data/data/com.termux/files/home/storage/shared/bos_la_2024_trip/verizon/20241102/164154859/icmp_ping_164618097.out
[2024-11-02T16:46:49-0600] Ping summary (min/avg/max/mdev) = 57.618/67.082/95.381/6.190 ms
[2024-11-02T16:46:49-0600] Ping test finished at 2024-11-02 16:46:49.124 MDT, duration: 31.083 s
[2024-11-02T16:46:49-0600] -------------------------------
[2024-11-02T16:46:49-0600] Waiting for 2 s...
[2024-11-02T16:46:51-0600] -------------------------------
[2024-11-02T16:46:51-0600] Starting 5G booster for 5 s...
[2024-11-02T16:46:51-0600] 5G booster started at 2024-11-02 16:46:51.249 MDT
[2024-11-02T16:46:57-0600] Current time exceeds end time, skipping wait
[2024-11-02T16:46:57-0600] Saved TCP DL results to /data/data/com.termux/files/home/storage/shared/bos_la_2024_trip/verizon/20241102/164154859/tcp_downlink_164651279.out
[2024-11-02T16:46:57-0600] DL AVG TPUT: 
[2024-11-02T16:46:57-0600] 5G booster finished at 2024-11-02 16:46:57.388 MDT, duration: 6.139 s
[2024-11-02T16:46:57-0600] -------------------------------
[2024-11-02T16:46:57-0600] Waiting for 2 s...
[2024-11-02T16:46:59-0600] -------------------------------
[2024-11-02T16:46:59-0600] TCP Ping test started at 2024-11-02 16:46:59.494 MDT
[2024-11-02T16:47:30-0600] Current time exceeds end time, skipping wait
[2024-11-02T16:47:30-0600] Saved TCP Ping test to /data/data/com.termux/files/home/storage/shared/bos_la_2024_trip/verizon/20241102/164154859/tcp_ping_164659532.out
[2024-11-02T16:47:30-0600] TCP Ping summary (min/avg/max/mdev) 
[2024-11-02T16:47:30-0600] TCP Ping test finished at 2024-11-02 16:47:30.668 MDT, duration: 31.174 s
[2024-11-02T16:47:30-0600] -------------------------------
[2024-11-02T16:47:30-0600] Waiting for 2 s...
[2024-11-02T16:47:32-0600] -------------------------------
[2024-11-02T16:47:32-0600] Traceroute test started at 2024-11-02 16:47:32.804 MDT
[2024-11-02T16:47:34-0600] Waiting for 28.095 s to reach end time
[2024-11-02T16:48:02-0600] Saved traceroute test to /data/data/com.termux/files/home/storage/shared/bos_la_2024_trip/verizon/20241102/164154859/traceroute_164732836.out
[2024-11-02T16:48:02-0600] Traceroute summary (min/avg/max/mdev) 
[2024-11-02T16:48:02-0600] Traceroute test finished at 2024-11-02 16:48:02.892 MDT, duration: 30.088 s
[2024-11-02T16:48:02-0600] -------------------------------
[2024-11-02T16:48:02-0600] All tests completed, cleaning up...
[2024-11-02T16:48:02-0600] -------------------------------
[2024-11-02T16:54:33-0600] [measurement] Load environment variables from prod.env file
[2024-11-02T16:54:33-0600] [measurement] Load operator-specific env from verizon.env file
[2024-11-02T16:54:33-0600] Starting a network measurement, please choose a server
[2024-11-02T16:54:33-0600] 0) West Cloud: 54.176.53.206
[2024-11-02T16:54:33-0600] 1) East Cloud: 54.197.223.49
[2024-11-02T16:54:33-0600] 2) Los Angeles Wavelength: 161.188.33.234
[2024-11-02T16:54:33-0600] 3) Las Vegas Wavelength: 155.146.118.158
[2024-11-02T16:54:33-0600] 4) Denver Wavelength: 155.146.144.24
[2024-11-02T16:54:33-0600] 5) Chicago Wavelength: 155.146.180.31
[2024-11-02T16:54:33-0600] 6) Boston Wavelength: 155.146.11.34
[2024-11-02T16:54:35-0600] Enter your choice (0-6): Testing verizon, server 0 (ip: 54.176.53.206, nuttcp_port: 5101, iperf_port: 5001)
[2024-11-02T16:54:35-0600] -------------------------------
[2024-11-02T16:54:35-0600] tcp downlink test started at 2024-11-02 16:54:35.874 MDT
[2024-11-02T16:54:35-0600] Testing tcp downlink with 54.176.53.206:5101, interval 0.5 s, duration 120 s, timeout 121 s...
[2024-11-02T16:55:12-0600] Waiting for 84.136 s to reach end time
[2024-11-02T16:56:36-0600] Saved tcp downlink test to /data/data/com.termux/files/home/storage/shared/bos_la_2024_trip/verizon/20241102/165435857/tcp_downlink_165435903.out
[2024-11-02T16:56:37-0600] DL AVG TPUT: 
[2024-11-02T16:56:37-0600] tcp downlink test finished at 2024-11-02 16:56:36.972 MDT, duration: 121.098 s
[2024-11-02T16:56:37-0600] -------------------------------
[2024-11-02T16:56:37-0600] Waiting for 2 s...
[2024-11-02T16:56:39-0600] -------------------------------
[2024-11-02T16:56:39-0600] Starting 5G booster for 5 s...
[2024-11-02T16:56:39-0600] 5G booster started at 2024-11-02 16:56:39.073 MDT
[2024-11-02T16:56:45-0600] Current time exceeds end time, skipping wait
[2024-11-02T16:56:45-0600] Saved TCP DL results to /data/data/com.termux/files/home/storage/shared/bos_la_2024_trip/verizon/20241102/165435857/tcp_downlink_165639100.out
[2024-11-02T16:56:45-0600] DL AVG TPUT: 
[2024-11-02T16:56:45-0600] 5G booster finished at 2024-11-02 16:56:45.164 MDT, duration: 6.091 s
[2024-11-02T16:56:45-0600] -------------------------------
[2024-11-02T16:56:45-0600] Waiting for 2 s...
[2024-11-02T16:56:47-0600] -------------------------------
[2024-11-02T16:56:47-0600] tcp uplink test started at 2024-11-02 16:56:47.262 MDT
[2024-11-02T16:56:47-0600] testing tcp uplink with 54.176.53.206:5101, interval 0.5, duration 120, timeout 121 ...
[2024-11-02T16:58:48-0600] Waiting for .258 s to reach end time
[2024-11-02T16:58:48-0600] Saved uplink test to /data/data/com.termux/files/home/storage/shared/bos_la_2024_trip/verizon/20241102/165435857/tcp_uplink_165647291.out
[2024-11-02T16:58:48-0600] UL AVG TPUT: 51.6815 Mbps
[2024-11-02T16:58:48-0600] tcp uplink test finished at 2024-11-02 16:58:48.373 MDT, duration: 121.111 s
[2024-11-02T16:58:48-0600] -------------------------------
[2024-11-02T16:58:48-0600] Waiting for 2 s...
[2024-11-02T16:58:50-0600] -------------------------------
[2024-11-02T16:58:50-0600] Starting 5G booster for 5 s...
[2024-11-02T16:58:50-0600] 5G booster started at 2024-11-02 16:58:50.486 MDT
[2024-11-02T16:58:56-0600] Current time exceeds end time, skipping wait
[2024-11-02T16:58:56-0600] Saved TCP DL results to /data/data/com.termux/files/home/storage/shared/bos_la_2024_trip/verizon/20241102/165435857/tcp_downlink_165850523.out
[2024-11-02T16:58:56-0600] DL AVG TPUT: 
[2024-11-02T16:58:56-0600] 5G booster finished at 2024-11-02 16:58:56.651 MDT, duration: 6.165 s
[2024-11-02T16:58:56-0600] -------------------------------
[2024-11-02T16:58:56-0600] Waiting for 2 s...
[2024-11-02T16:58:58-0600] -------------------------------
[2024-11-02T16:58:58-0600] ICMP Ping test started at 2024-11-02 16:58:58.773 MDT
[2024-11-02T16:59:28-0600] Waiting for .874 s to reach end time
[2024-11-02T16:59:29-0600] Saved ping test to /data/data/com.termux/files/home/storage/shared/bos_la_2024_trip/verizon/20241102/165435857/icmp_ping_165858807.out
[2024-11-02T16:59:29-0600] Ping summary (min/avg/max/mdev) = 54.228/61.165/71.068/3.935 ms
[2024-11-02T16:59:29-0600] Ping test finished at 2024-11-02 16:59:29.845 MDT, duration: 31.072 s
[2024-11-02T16:59:29-0600] -------------------------------
[2024-11-02T16:59:29-0600] Waiting for 2 s...
[2024-11-02T16:59:31-0600] -------------------------------
[2024-11-02T16:59:31-0600] Starting 5G booster for 5 s...
[2024-11-02T16:59:31-0600] 5G booster started at 2024-11-02 16:59:31.956 MDT
[2024-11-02T16:59:38-0600] Current time exceeds end time, skipping wait
[2024-11-02T16:59:38-0600] Saved TCP DL results to /data/data/com.termux/files/home/storage/shared/bos_la_2024_trip/verizon/20241102/165435857/tcp_downlink_165931988.out
[2024-11-02T16:59:38-0600] DL AVG TPUT: 
[2024-11-02T16:59:38-0600] 5G booster finished at 2024-11-02 16:59:38.124 MDT, duration: 6.168 s
[2024-11-02T16:59:38-0600] -------------------------------
[2024-11-02T16:59:38-0600] Waiting for 2 s...
[2024-11-02T16:59:40-0600] -------------------------------
[2024-11-02T16:59:40-0600] TCP Ping test started at 2024-11-02 16:59:40.215 MDT
[2024-11-02T17:00:11-0600] Current time exceeds end time, skipping wait
[2024-11-02T17:00:11-0600] Saved TCP Ping test to /data/data/com.termux/files/home/storage/shared/bos_la_2024_trip/verizon/20241102/165435857/tcp_ping_165940242.out
[2024-11-02T17:00:11-0600] TCP Ping summary (min/avg/max/mdev) 
[2024-11-02T17:00:11-0600] TCP Ping test finished at 2024-11-02 17:00:11.357 MDT, duration: 31.142 s
[2024-11-02T17:00:11-0600] -------------------------------
[2024-11-02T17:00:11-0600] Waiting for 2 s...
[2024-11-02T17:00:13-0600] -------------------------------
[2024-11-02T17:00:13-0600] Traceroute test started at 2024-11-02 17:00:13.492 MDT
[2024-11-02T17:00:15-0600] Waiting for 28.258 s to reach end time
[2024-11-02T17:00:43-0600] Saved traceroute test to /data/data/com.termux/files/home/storage/shared/bos_la_2024_trip/verizon/20241102/165435857/traceroute_170013526.out
[2024-11-02T17:00:43-0600] Traceroute summary (min/avg/max/mdev) 
[2024-11-02T17:00:43-0600] Traceroute test finished at 2024-11-02 17:00:43.587 MDT, duration: 30.095 s
[2024-11-02T17:00:43-0600] -------------------------------
[2024-11-02T17:00:43-0600] All tests completed, cleaning up...
[2024-11-02T17:00:43-0600] -------------------------------
[2024-11-02T17:08:34-0600] [measurement] Load environment variables from prod.env file
[2024-11-02T17:08:34-0600] [measurement] Load operator-specific env from verizon.env file
[2024-11-02T17:08:34-0600] Starting a network measurement, please choose a server
[2024-11-02T17:08:34-0600] 0) West Cloud: 54.176.53.206
[2024-11-02T17:08:34-0600] 1) East Cloud: 54.197.223.49
[2024-11-02T17:08:34-0600] 2) Los Angeles Wavelength: 161.188.33.234
[2024-11-02T17:08:34-0600] 3) Las Vegas Wavelength: 155.146.118.158
[2024-11-02T17:08:34-0600] 4) Denver Wavelength: 155.146.144.24
[2024-11-02T17:08:34-0600] 5) Chicago Wavelength: 155.146.180.31
[2024-11-02T17:08:34-0600] 6) Boston Wavelength: 155.146.11.34
[2024-11-02T17:08:57-0600] Enter your choice (0-6): Testing verizon, server 0 (ip: 54.176.53.206, nuttcp_port: 5101, iperf_port: 5001)
[2024-11-02T17:08:57-0600] -------------------------------
[2024-11-02T17:08:57-0600] tcp downlink test started at 2024-11-02 17:08:57.333 MDT
[2024-11-02T17:08:57-0600] Testing tcp downlink with 54.176.53.206:5101, interval 0.5 s, duration 120 s, timeout 121 s...
[2024-11-02T17:10:58-0600] Current time exceeds end time, skipping wait
[2024-11-02T17:10:58-0600] Saved tcp downlink test to /data/data/com.termux/files/home/storage/shared/bos_la_2024_trip/verizon/20241102/170857313/tcp_downlink_170857372.out
[2024-11-02T17:10:58-0600] DL AVG TPUT: 
[2024-11-02T17:10:58-0600] tcp downlink test finished at 2024-11-02 17:10:58.474 MDT, duration: 121.141 s
[2024-11-02T17:10:58-0600] -------------------------------
[2024-11-02T17:10:58-0600] Waiting for 2 s...
[2024-11-02T17:11:00-0600] -------------------------------
[2024-11-02T17:11:00-0600] Starting 5G booster for 5 s...
[2024-11-02T17:11:00-0600] 5G booster started at 2024-11-02 17:11:00.580 MDT
[2024-11-02T17:11:00-0600] server aborted connection
[2024-11-02T17:11:00-0600] Waiting for 5.736 s to reach end time
[2024-11-02T17:11:06-0600] Saved TCP DL results to /data/data/com.termux/files/home/storage/shared/bos_la_2024_trip/verizon/20241102/170857313/tcp_downlink_171100609.out
[2024-11-02T17:11:06-0600] [CAUTION] EMPTY LOG!
[2024-11-02T17:11:06-0600] 5G booster finished at 2024-11-02 17:11:06.691 MDT, duration: 6.111 s
[2024-11-02T17:11:06-0600] -------------------------------
[2024-11-02T17:11:06-0600] Waiting for 2 s...
[2024-11-02T17:11:08-0600] -------------------------------
[2024-11-02T17:11:08-0600] tcp uplink test started at 2024-11-02 17:11:08.796 MDT
[2024-11-02T17:11:08-0600] testing tcp uplink with 54.176.53.206:5101, interval 0.5, duration 120, timeout 121 ...
[2024-11-02T17:13:09-0600] Current time exceeds end time, skipping wait
[2024-11-02T17:13:10-0600] Saved uplink test to /data/data/com.termux/files/home/storage/shared/bos_la_2024_trip/verizon/20241102/170857313/tcp_uplink_171108874.out
[2024-11-02T17:13:10-0600] UL AVG TPUT: 
[2024-11-02T17:13:10-0600] tcp uplink test finished at 2024-11-02 17:13:09.996 MDT, duration: 121.200 s
[2024-11-02T17:13:10-0600] -------------------------------
[2024-11-02T17:13:10-0600] Waiting for 2 s...
[2024-11-02T17:13:12-0600] -------------------------------
[2024-11-02T17:13:12-0600] Starting 5G booster for 5 s...
[2024-11-02T17:13:12-0600] 5G booster started at 2024-11-02 17:13:12.131 MDT
[2024-11-02T17:13:18-0600] Current time exceeds end time, skipping wait
[2024-11-02T17:13:18-0600] Saved TCP DL results to /data/data/com.termux/files/home/storage/shared/bos_la_2024_trip/verizon/20241102/170857313/tcp_downlink_171312161.out
[2024-11-02T17:13:18-0600] DL AVG TPUT: 
[2024-11-02T17:13:18-0600] 5G booster finished at 2024-11-02 17:13:18.248 MDT, duration: 6.117 s
[2024-11-02T17:13:18-0600] -------------------------------
[2024-11-02T17:13:18-0600] Waiting for 2 s...
[2024-11-02T17:13:20-0600] -------------------------------
[2024-11-02T17:13:20-0600] ICMP Ping test started at 2024-11-02 17:13:20.357 MDT
[2024-11-02T17:13:50-0600] Waiting for .842 s to reach end time
[2024-11-02T17:13:51-0600] Saved ping test to /data/data/com.termux/files/home/storage/shared/bos_la_2024_trip/verizon/20241102/170857313/icmp_ping_171320401.out
[2024-11-02T17:13:51-0600] Ping summary (min/avg/max/mdev) = 55.355/70.214/236.515/21.475 ms
[2024-11-02T17:13:51-0600] Ping test finished at 2024-11-02 17:13:51.460 MDT, duration: 31.103 s
[2024-11-02T17:13:51-0600] -------------------------------
[2024-11-02T17:13:51-0600] Waiting for 2 s...
[2024-11-02T17:13:53-0600] -------------------------------
[2024-11-02T17:13:53-0600] Starting 5G booster for 5 s...
[2024-11-02T17:13:53-0600] 5G booster started at 2024-11-02 17:13:53.572 MDT
[2024-11-02T17:13:59-0600] Current time exceeds end time, skipping wait
[2024-11-02T17:13:59-0600] Saved TCP DL results to /data/data/com.termux/files/home/storage/shared/bos_la_2024_trip/verizon/20241102/170857313/tcp_downlink_171353608.out
[2024-11-02T17:13:59-0600] DL AVG TPUT: 
[2024-11-02T17:13:59-0600] 5G booster finished at 2024-11-02 17:13:59.721 MDT, duration: 6.149 s
[2024-11-02T17:13:59-0600] -------------------------------
[2024-11-02T17:13:59-0600] Waiting for 2 s...
[2024-11-02T17:14:01-0600] -------------------------------
[2024-11-02T17:14:01-0600] TCP Ping test started at 2024-11-02 17:14:01.902 MDT
[2024-11-02T17:14:33-0600] Current time exceeds end time, skipping wait
[2024-11-02T17:14:33-0600] Saved TCP Ping test to /data/data/com.termux/files/home/storage/shared/bos_la_2024_trip/verizon/20241102/170857313/tcp_ping_171401935.out
[2024-11-02T17:14:33-0600] TCP Ping summary (min/avg/max/mdev) 
[2024-11-02T17:14:33-0600] TCP Ping test finished at 2024-11-02 17:14:33.047 MDT, duration: 31.145 s
[2024-11-02T17:14:33-0600] -------------------------------
[2024-11-02T17:14:33-0600] Waiting for 2 s...
[2024-11-02T17:14:35-0600] -------------------------------
[2024-11-02T17:14:35-0600] Traceroute test started at 2024-11-02 17:14:35.152 MDT
[2024-11-02T17:14:37-0600] Waiting for 28.151 s to reach end time
[2024-11-02T17:15:05-0600] Saved traceroute test to /data/data/com.termux/files/home/storage/shared/bos_la_2024_trip/verizon/20241102/170857313/traceroute_171435182.out
[2024-11-02T17:15:05-0600] Traceroute summary (min/avg/max/mdev) 
[2024-11-02T17:15:05-0600] Traceroute test finished at 2024-11-02 17:15:05.238 MDT, duration: 30.086 s
[2024-11-02T17:15:05-0600] -------------------------------
[2024-11-02T17:15:05-0600] All tests completed, cleaning up...
[2024-11-02T17:15:05-0600] -------------------------------
[2024-11-02T17:16:11-0600] [measurement] Load environment variables from prod.env file
[2024-11-02T17:16:11-0600] [measurement] Load operator-specific env from verizon.env file
[2024-11-02T17:16:11-0600] Starting a network measurement, please choose a server
[2024-11-02T17:16:11-0600] 0) West Cloud: 54.176.53.206
[2024-11-02T17:16:11-0600] 1) East Cloud: 54.197.223.49
[2024-11-02T17:16:11-0600] 2) Los Angeles Wavelength: 161.188.33.234
[2024-11-02T17:16:11-0600] 3) Las Vegas Wavelength: 155.146.118.158
[2024-11-02T17:16:11-0600] 4) Denver Wavelength: 155.146.144.24
[2024-11-02T17:16:11-0600] 5) Chicago Wavelength: 155.146.180.31
[2024-11-02T17:16:11-0600] 6) Boston Wavelength: 155.146.11.34
[2024-11-02T17:16:20-0600] Enter your choice (0-6): Testing verizon, server 0 (ip: 54.176.53.206, nuttcp_port: 5101, iperf_port: 5001)
[2024-11-02T17:16:20-0600] -------------------------------
[2024-11-02T17:16:20-0600] tcp downlink test started at 2024-11-02 17:16:20.380 MDT
[2024-11-02T17:16:20-0600] Testing tcp downlink with 54.176.53.206:5101, interval 0.5 s, duration 120 s, timeout 121 s...
[2024-11-02T17:18:21-0600] Current time exceeds end time, skipping wait
[2024-11-02T17:18:21-0600] Saved tcp downlink test to /data/data/com.termux/files/home/storage/shared/bos_la_2024_trip/verizon/20241102/171620360/tcp_downlink_171620416.out
[2024-11-02T17:18:21-0600] DL AVG TPUT: 
[2024-11-02T17:18:21-0600] tcp downlink test finished at 2024-11-02 17:18:21.517 MDT, duration: 121.137 s
[2024-11-02T17:18:21-0600] -------------------------------
[2024-11-02T17:18:21-0600] Waiting for 2 s...
[2024-11-02T17:18:23-0600] -------------------------------
[2024-11-02T17:18:23-0600] Starting 5G booster for 5 s...
[2024-11-02T17:18:23-0600] 5G booster started at 2024-11-02 17:18:23.676 MDT
[2024-11-02T17:18:29-0600] Current time exceeds end time, skipping wait
[2024-11-02T17:18:29-0600] Saved TCP DL results to /data/data/com.termux/files/home/storage/shared/bos_la_2024_trip/verizon/20241102/171620360/tcp_downlink_171823728.out
[2024-11-02T17:18:29-0600] DL AVG TPUT: 
[2024-11-02T17:18:29-0600] 5G booster finished at 2024-11-02 17:18:29.797 MDT, duration: 6.121 s
[2024-11-02T17:18:29-0600] -------------------------------
[2024-11-02T17:18:29-0600] Waiting for 2 s...
[2024-11-02T17:18:31-0600] -------------------------------
[2024-11-02T17:18:31-0600] tcp uplink test started at 2024-11-02 17:18:31.896 MDT
[2024-11-02T17:18:31-0600] testing tcp uplink with 54.176.53.206:5101, interval 0.5, duration 120, timeout 121 ...
[2024-11-02T17:20:33-0600] Current time exceeds end time, skipping wait
[2024-11-02T17:20:33-0600] Saved uplink test to /data/data/com.termux/files/home/storage/shared/bos_la_2024_trip/verizon/20241102/171620360/tcp_uplink_171831933.out
[2024-11-02T17:20:33-0600] UL AVG TPUT: 
[2024-11-02T17:20:33-0600] tcp uplink test finished at 2024-11-02 17:20:33.031 MDT, duration: 121.135 s
[2024-11-02T17:20:33-0600] -------------------------------
[2024-11-02T17:20:33-0600] Waiting for 2 s...
[2024-11-02T17:20:35-0600] -------------------------------
[2024-11-02T17:20:35-0600] Starting 5G booster for 5 s...
[2024-11-02T17:20:35-0600] 5G booster started at 2024-11-02 17:20:35.187 MDT
[2024-11-02T17:20:41-0600] Current time exceeds end time, skipping wait
[2024-11-02T17:20:41-0600] Saved TCP DL results to /data/data/com.termux/files/home/storage/shared/bos_la_2024_trip/verizon/20241102/171620360/tcp_downlink_172035215.out
[2024-11-02T17:20:41-0600] DL AVG TPUT: 
[2024-11-02T17:20:41-0600] 5G booster finished at 2024-11-02 17:20:41.310 MDT, duration: 6.123 s
[2024-11-02T17:20:41-0600] -------------------------------
[2024-11-02T17:20:41-0600] Waiting for 2 s...
[2024-11-02T17:20:43-0600] -------------------------------
[2024-11-02T17:20:43-0600] ICMP Ping test started at 2024-11-02 17:20:43.460 MDT
[2024-11-02T17:21:13-0600] Waiting for .857 s to reach end time
[2024-11-02T17:21:14-0600] Saved ping test to /data/data/com.termux/files/home/storage/shared/bos_la_2024_trip/verizon/20241102/171620360/icmp_ping_172043498.out
[2024-11-02T17:21:14-0600] Ping summary (min/avg/max/mdev) = 51.471/71.549/302.851/23.902 ms
[2024-11-02T17:21:14-0600] Ping test finished at 2024-11-02 17:21:14.547 MDT, duration: 31.087 s
[2024-11-02T17:21:14-0600] -------------------------------
[2024-11-02T17:21:14-0600] Waiting for 2 s...
[2024-11-02T17:21:16-0600] -------------------------------
[2024-11-02T17:21:16-0600] Starting 5G booster for 5 s...
[2024-11-02T17:21:16-0600] 5G booster started at 2024-11-02 17:21:16.662 MDT
[2024-11-02T17:21:22-0600] Current time exceeds end time, skipping wait
[2024-11-02T17:21:22-0600] Saved TCP DL results to /data/data/com.termux/files/home/storage/shared/bos_la_2024_trip/verizon/20241102/171620360/tcp_downlink_172116723.out
[2024-11-02T17:21:22-0600] DL AVG TPUT: 
[2024-11-02T17:21:22-0600] 5G booster finished at 2024-11-02 17:21:22.790 MDT, duration: 6.128 s
[2024-11-02T17:21:22-0600] -------------------------------
[2024-11-02T17:21:22-0600] Waiting for 2 s...
[2024-11-02T17:21:24-0600] -------------------------------
[2024-11-02T17:21:24-0600] TCP Ping test started at 2024-11-02 17:21:24.907 MDT
[2024-11-02T17:21:56-0600] Current time exceeds end time, skipping wait
[2024-11-02T17:21:56-0600] Saved TCP Ping test to /data/data/com.termux/files/home/storage/shared/bos_la_2024_trip/verizon/20241102/171620360/tcp_ping_172124946.out
[2024-11-02T17:21:56-0600] TCP Ping summary (min/avg/max/mdev) 
[2024-11-02T17:21:56-0600] TCP Ping test finished at 2024-11-02 17:21:56.045 MDT, duration: 31.138 s
[2024-11-02T17:21:56-0600] -------------------------------
[2024-11-02T17:21:56-0600] Waiting for 2 s...
[2024-11-02T17:21:58-0600] -------------------------------
[2024-11-02T17:21:58-0600] Traceroute test started at 2024-11-02 17:21:58.165 MDT
[2024-11-02T17:22:00-0600] Waiting for 28.035 s to reach end time
[2024-11-02T17:22:28-0600] Saved traceroute test to /data/data/com.termux/files/home/storage/shared/bos_la_2024_trip/verizon/20241102/171620360/traceroute_172158200.out
[2024-11-02T17:22:28-0600] Traceroute summary (min/avg/max/mdev) 
[2024-11-02T17:22:28-0600] Traceroute test finished at 2024-11-02 17:22:28.251 MDT, duration: 30.086 s
[2024-11-02T17:22:28-0600] -------------------------------
[2024-11-02T17:22:28-0600] All tests completed, cleaning up...
[2024-11-02T17:22:28-0600] -------------------------------
[2024-11-02T17:23:10-0600] [measurement] Load environment variables from prod.env file
[2024-11-02T17:23:10-0600] [measurement] Load operator-specific env from verizon.env file
[2024-11-02T17:23:10-0600] Starting a network measurement, please choose a server
[2024-11-02T17:23:10-0600] 0) West Cloud: 54.176.53.206
[2024-11-02T17:23:10-0600] 1) East Cloud: 54.197.223.49
[2024-11-02T17:23:10-0600] 2) Los Angeles Wavelength: 161.188.33.234
[2024-11-02T17:23:10-0600] 3) Las Vegas Wavelength: 155.146.118.158
[2024-11-02T17:23:10-0600] 4) Denver Wavelength: 155.146.144.24
[2024-11-02T17:23:10-0600] 5) Chicago Wavelength: 155.146.180.31
[2024-11-02T17:23:10-0600] 6) Boston Wavelength: 155.146.11.34
[2024-11-02T17:23:25-0600] Enter your choice (0-6): Testing verizon, server 0 (ip: 54.176.53.206, nuttcp_port: 5101, iperf_port: 5001)
[2024-11-02T17:23:25-0600] -------------------------------
[2024-11-02T17:23:25-0600] tcp downlink test started at 2024-11-02 17:23:25.800 MDT
[2024-11-02T17:23:25-0600] Testing tcp downlink with 54.176.53.206:5101, interval 0.5 s, duration 120 s, timeout 121 s...
[2024-11-02T17:25:26-0600] Current time exceeds end time, skipping wait
[2024-11-02T17:25:26-0600] Saved tcp downlink test to /data/data/com.termux/files/home/storage/shared/bos_la_2024_trip/verizon/20241102/172325779/tcp_downlink_172325823.out
[2024-11-02T17:25:26-0600] DL AVG TPUT: 
[2024-11-02T17:25:27-0600] tcp downlink test finished at 2024-11-02 17:25:26.938 MDT, duration: 121.138 s
[2024-11-02T17:25:27-0600] -------------------------------
[2024-11-02T17:25:27-0600] Waiting for 2 s...
[2024-11-02T17:25:29-0600] -------------------------------
[2024-11-02T17:25:29-0600] Starting 5G booster for 5 s...
[2024-11-02T17:25:29-0600] 5G booster started at 2024-11-02 17:25:29.058 MDT
[2024-11-02T17:25:29-0600] server aborted connection
[2024-11-02T17:25:29-0600] Waiting for 5.733 s to reach end time
[2024-11-02T17:25:35-0600] Saved TCP DL results to /data/data/com.termux/files/home/storage/shared/bos_la_2024_trip/verizon/20241102/172325779/tcp_downlink_172529094.out
[2024-11-02T17:25:35-0600] [CAUTION] EMPTY LOG!
[2024-11-02T17:25:35-0600] 5G booster finished at 2024-11-02 17:25:35.174 MDT, duration: 6.116 s
[2024-11-02T17:25:35-0600] -------------------------------
[2024-11-02T17:25:35-0600] Waiting for 2 s...
[2024-11-02T17:25:37-0600] -------------------------------
[2024-11-02T17:25:37-0600] tcp uplink test started at 2024-11-02 17:25:37.316 MDT
[2024-11-02T17:25:37-0600] testing tcp uplink with 54.176.53.206:5101, interval 0.5, duration 120, timeout 121 ...
[2024-11-02T17:27:38-0600] Current time exceeds end time, skipping wait
[2024-11-02T17:27:38-0600] Saved uplink test to /data/data/com.termux/files/home/storage/shared/bos_la_2024_trip/verizon/20241102/172325779/tcp_uplink_172537354.out
[2024-11-02T17:27:38-0600] UL AVG TPUT: 
[2024-11-02T17:27:38-0600] tcp uplink test finished at 2024-11-02 17:27:38.471 MDT, duration: 121.155 s
[2024-11-02T17:27:38-0600] -------------------------------
[2024-11-02T17:27:38-0600] Waiting for 2 s...
[2024-11-02T17:27:40-0600] -------------------------------
[2024-11-02T17:27:40-0600] Starting 5G booster for 5 s...
[2024-11-02T17:27:40-0600] 5G booster started at 2024-11-02 17:27:40.619 MDT
[2024-11-02T17:27:46-0600] Current time exceeds end time, skipping wait
[2024-11-02T17:27:46-0600] Saved TCP DL results to /data/data/com.termux/files/home/storage/shared/bos_la_2024_trip/verizon/20241102/172325779/tcp_downlink_172740686.out
[2024-11-02T17:27:46-0600] DL AVG TPUT: 
[2024-11-02T17:27:46-0600] 5G booster finished at 2024-11-02 17:27:46.761 MDT, duration: 6.142 s
[2024-11-02T17:27:46-0600] -------------------------------
[2024-11-02T17:27:46-0600] Waiting for 2 s...
[2024-11-02T17:27:48-0600] -------------------------------
[2024-11-02T17:27:48-0600] ICMP Ping test started at 2024-11-02 17:27:48.906 MDT
[2024-11-02T17:28:19-0600] Waiting for .881 s to reach end time
[2024-11-02T17:28:19-0600] Saved ping test to /data/data/com.termux/files/home/storage/shared/bos_la_2024_trip/verizon/20241102/172325779/icmp_ping_172748946.out
[2024-11-02T17:28:20-0600] Ping summary (min/avg/max/mdev) = 51.553/76.419/306.131/47.153 ms
[2024-11-02T17:28:20-0600] Ping test finished at 2024-11-02 17:28:19.987 MDT, duration: 31.081 s
[2024-11-02T17:28:20-0600] -------------------------------
[2024-11-02T17:28:20-0600] Waiting for 2 s...
[2024-11-02T17:28:22-0600] -------------------------------
[2024-11-02T17:28:22-0600] Starting 5G booster for 5 s...
[2024-11-02T17:28:22-0600] 5G booster started at 2024-11-02 17:28:22.132 MDT
[2024-11-02T17:28:28-0600] Current time exceeds end time, skipping wait
[2024-11-02T17:28:28-0600] Saved TCP DL results to /data/data/com.termux/files/home/storage/shared/bos_la_2024_trip/verizon/20241102/172325779/tcp_downlink_172822169.out
[2024-11-02T17:28:28-0600] DL AVG TPUT: 
[2024-11-02T17:28:28-0600] 5G booster finished at 2024-11-02 17:28:28.296 MDT, duration: 6.164 s
[2024-11-02T17:28:28-0600] -------------------------------
[2024-11-02T17:28:28-0600] Waiting for 2 s...
[2024-11-02T17:28:30-0600] -------------------------------
[2024-11-02T17:28:30-0600] TCP Ping test started at 2024-11-02 17:28:30.446 MDT
[2024-11-02T17:29:01-0600] Current time exceeds end time, skipping wait
[2024-11-02T17:29:01-0600] Saved TCP Ping test to /data/data/com.termux/files/home/storage/shared/bos_la_2024_trip/verizon/20241102/172325779/tcp_ping_172830480.out
[2024-11-02T17:29:01-0600] TCP Ping summary (min/avg/max/mdev) 
[2024-11-02T17:29:01-0600] TCP Ping test finished at 2024-11-02 17:29:01.654 MDT, duration: 31.208 s
[2024-11-02T17:29:01-0600] -------------------------------
[2024-11-02T17:29:01-0600] Waiting for 2 s...
[2024-11-02T17:29:03-0600] -------------------------------
[2024-11-02T17:29:03-0600] Traceroute test started at 2024-11-02 17:29:03.788 MDT
[2024-11-02T17:29:05-0600] Waiting for 28.185 s to reach end time
[2024-11-02T17:29:33-0600] Saved traceroute test to /data/data/com.termux/files/home/storage/shared/bos_la_2024_trip/verizon/20241102/172325779/traceroute_172903868.out
[2024-11-02T17:29:33-0600] Traceroute summary (min/avg/max/mdev) 
[2024-11-02T17:29:34-0600] Traceroute test finished at 2024-11-02 17:29:33.885 MDT, duration: 30.097 s
[2024-11-02T17:29:34-0600] -------------------------------
[2024-11-02T17:29:34-0600] All tests completed, cleaning up...
[2024-11-02T17:29:34-0600] -------------------------------
[2024-11-02T17:32:33-0600] [measurement] Load environment variables from prod.env file
[2024-11-02T17:32:33-0600] [measurement] Load operator-specific env from verizon.env file
[2024-11-02T17:32:33-0600] Starting a network measurement, please choose a server
[2024-11-02T17:32:33-0600] 0) West Cloud: 54.176.53.206
[2024-11-02T17:32:33-0600] 1) East Cloud: 54.197.223.49
[2024-11-02T17:32:33-0600] 2) Los Angeles Wavelength: 161.188.33.234
[2024-11-02T17:32:33-0600] 3) Las Vegas Wavelength: 155.146.118.158
[2024-11-02T17:32:33-0600] 4) Denver Wavelength: 155.146.144.24
[2024-11-02T17:32:33-0600] 5) Chicago Wavelength: 155.146.180.31
[2024-11-02T17:32:33-0600] 6) Boston Wavelength: 155.146.11.34
[2024-11-02T17:32:45-0600] Enter your choice (0-6): Testing verizon, server 0 (ip: 54.176.53.206, nuttcp_port: 5101, iperf_port: 5001)
[2024-11-02T17:32:45-0600] -------------------------------
[2024-11-02T17:32:45-0600] tcp downlink test started at 2024-11-02 17:32:45.773 MDT
[2024-11-02T17:32:45-0600] Testing tcp downlink with 54.176.53.206:5101, interval 0.5 s, duration 120 s, timeout 121 s...
[2024-11-02T17:34:46-0600] Current time exceeds end time, skipping wait
[2024-11-02T17:34:46-0600] Saved tcp downlink test to /data/data/com.termux/files/home/storage/shared/bos_la_2024_trip/verizon/20241102/173245747/tcp_downlink_173245802.out
[2024-11-02T17:34:46-0600] DL AVG TPUT: 
[2024-11-02T17:34:46-0600] tcp downlink test finished at 2024-11-02 17:34:46.903 MDT, duration: 121.130 s
[2024-11-02T17:34:46-0600] -------------------------------
[2024-11-02T17:34:46-0600] Waiting for 2 s...
[2024-11-02T17:34:48-0600] -------------------------------
[2024-11-02T17:34:48-0600] Starting 5G booster for 5 s...
[2024-11-02T17:34:49-0600] 5G booster started at 2024-11-02 17:34:49.000 MDT
[2024-11-02T17:34:55-0600] Current time exceeds end time, skipping wait
[2024-11-02T17:34:55-0600] Saved TCP DL results to /data/data/com.termux/files/home/storage/shared/bos_la_2024_trip/verizon/20241102/173245747/tcp_downlink_173449032.out
[2024-11-02T17:34:55-0600] DL AVG TPUT: 
[2024-11-02T17:34:55-0600] 5G booster finished at 2024-11-02 17:34:55.134 MDT, duration: 6.134 s
[2024-11-02T17:34:55-0600] -------------------------------
[2024-11-02T17:34:55-0600] Waiting for 2 s...
[2024-11-02T17:34:57-0600] -------------------------------
[2024-11-02T17:34:57-0600] tcp uplink test started at 2024-11-02 17:34:57.250 MDT
[2024-11-02T17:34:57-0600] testing tcp uplink with 54.176.53.206:5101, interval 0.5, duration 120, timeout 121 ...
[2024-11-02T17:36:58-0600] Current time exceeds end time, skipping wait
[2024-11-02T17:36:58-0600] Saved uplink test to /data/data/com.termux/files/home/storage/shared/bos_la_2024_trip/verizon/20241102/173245747/tcp_uplink_173457272.out
[2024-11-02T17:36:58-0600] UL AVG TPUT: 
[2024-11-02T17:36:58-0600] tcp uplink test finished at 2024-11-02 17:36:58.373 MDT, duration: 121.123 s
[2024-11-02T17:36:58-0600] -------------------------------
[2024-11-02T17:36:58-0600] Waiting for 2 s...
[2024-11-02T17:37:00-0600] -------------------------------
[2024-11-02T17:37:00-0600] Starting 5G booster for 5 s...
[2024-11-02T17:37:00-0600] 5G booster started at 2024-11-02 17:37:00.517 MDT
[2024-11-02T17:37:06-0600] Current time exceeds end time, skipping wait
[2024-11-02T17:37:06-0600] Saved TCP DL results to /data/data/com.termux/files/home/storage/shared/bos_la_2024_trip/verizon/20241102/173245747/tcp_downlink_173700561.out
[2024-11-02T17:37:06-0600] DL AVG TPUT: 
[2024-11-02T17:37:06-0600] 5G booster finished at 2024-11-02 17:37:06.650 MDT, duration: 6.133 s
[2024-11-02T17:37:06-0600] -------------------------------
[2024-11-02T17:37:06-0600] Waiting for 2 s...
[2024-11-02T17:37:08-0600] -------------------------------
[2024-11-02T17:37:08-0600] ICMP Ping test started at 2024-11-02 17:37:08.788 MDT
[2024-11-02T17:37:38-0600] Waiting for .898 s to reach end time
[2024-11-02T17:37:39-0600] Saved ping test to /data/data/com.termux/files/home/storage/shared/bos_la_2024_trip/verizon/20241102/173245747/icmp_ping_173708826.out
[2024-11-02T17:37:39-0600] Ping summary (min/avg/max/mdev) = 52.278/66.474/201.260/20.844 ms
[2024-11-02T17:37:39-0600] Ping test finished at 2024-11-02 17:37:39.884 MDT, duration: 31.096 s
[2024-11-02T17:37:39-0600] -------------------------------
[2024-11-02T17:37:39-0600] Waiting for 2 s...
[2024-11-02T17:37:41-0600] -------------------------------
[2024-11-02T17:37:41-0600] Starting 5G booster for 5 s...
[2024-11-02T17:37:42-0600] 5G booster started at 2024-11-02 17:37:42.008 MDT
[2024-11-02T17:37:48-0600] Current time exceeds end time, skipping wait
[2024-11-02T17:37:48-0600] Saved TCP DL results to /data/data/com.termux/files/home/storage/shared/bos_la_2024_trip/verizon/20241102/173245747/tcp_downlink_173742045.out
[2024-11-02T17:37:48-0600] DL AVG TPUT: 
[2024-11-02T17:37:48-0600] 5G booster finished at 2024-11-02 17:37:48.111 MDT, duration: 6.103 s
[2024-11-02T17:37:48-0600] -------------------------------
[2024-11-02T17:37:48-0600] Waiting for 2 s...
[2024-11-02T17:37:50-0600] -------------------------------
[2024-11-02T17:37:50-0600] TCP Ping test started at 2024-11-02 17:37:50.221 MDT
[2024-11-02T17:38:21-0600] Current time exceeds end time, skipping wait
[2024-11-02T17:38:21-0600] Saved TCP Ping test to /data/data/com.termux/files/home/storage/shared/bos_la_2024_trip/verizon/20241102/173245747/tcp_ping_173750258.out
[2024-11-02T17:38:21-0600] TCP Ping summary (min/avg/max/mdev) 
[2024-11-02T17:38:21-0600] TCP Ping test finished at 2024-11-02 17:38:21.367 MDT, duration: 31.146 s
[2024-11-02T17:38:21-0600] -------------------------------
[2024-11-02T17:38:21-0600] Waiting for 2 s...
[2024-11-02T17:38:23-0600] -------------------------------
[2024-11-02T17:38:23-0600] Traceroute test started at 2024-11-02 17:38:23.486 MDT
[2024-11-02T17:38:25-0600] Waiting for 28.061 s to reach end time
[2024-11-02T17:38:53-0600] Saved traceroute test to /data/data/com.termux/files/home/storage/shared/bos_la_2024_trip/verizon/20241102/173245747/traceroute_173823515.out
[2024-11-02T17:38:53-0600] Traceroute summary (min/avg/max/mdev) 
[2024-11-02T17:38:53-0600] Traceroute test finished at 2024-11-02 17:38:53.564 MDT, duration: 30.078 s
[2024-11-02T17:38:53-0600] -------------------------------
[2024-11-02T17:38:53-0600] All tests completed, cleaning up...
[2024-11-02T17:38:53-0600] -------------------------------
[2024-11-02T17:39:37-0600] [measurement] Load environment variables from prod.env file
[2024-11-02T17:39:37-0600] [measurement] Load operator-specific env from verizon.env file
[2024-11-02T17:39:37-0600] Starting a network measurement, please choose a server
[2024-11-02T17:39:37-0600] 0) West Cloud: 54.176.53.206
[2024-11-02T17:39:37-0600] 1) East Cloud: 54.197.223.49
[2024-11-02T17:39:37-0600] 2) Los Angeles Wavelength: 161.188.33.234
[2024-11-02T17:39:37-0600] 3) Las Vegas Wavelength: 155.146.118.158
[2024-11-02T17:39:37-0600] 4) Denver Wavelength: 155.146.144.24
[2024-11-02T17:39:37-0600] 5) Chicago Wavelength: 155.146.180.31
[2024-11-02T17:39:37-0600] 6) Boston Wavelength: 155.146.11.34
[2024-11-02T17:40:02-0600] Enter your choice (0-6): Testing verizon, server 0 (ip: 54.176.53.206, nuttcp_port: 5101, iperf_port: 5001)
[2024-11-02T17:40:02-0600] -------------------------------
[2024-11-02T17:40:02-0600] tcp downlink test started at 2024-11-02 17:40:02.325 MDT
[2024-11-02T17:40:02-0600] Testing tcp downlink with 54.176.53.206:5101, interval 0.5 s, duration 120 s, timeout 121 s...
[2024-11-02T17:42:03-0600] Current time exceeds end time, skipping wait
[2024-11-02T17:42:03-0600] Saved tcp downlink test to /data/data/com.termux/files/home/storage/shared/bos_la_2024_trip/verizon/20241102/174002303/tcp_downlink_174002356.out
[2024-11-02T17:42:03-0600] DL AVG TPUT: 
[2024-11-02T17:42:03-0600] tcp downlink test finished at 2024-11-02 17:42:03.444 MDT, duration: 121.119 s
[2024-11-02T17:42:03-0600] -------------------------------
[2024-11-02T17:42:03-0600] Waiting for 2 s...
[2024-11-02T17:42:05-0600] -------------------------------
[2024-11-02T17:42:05-0600] Starting 5G booster for 5 s...
[2024-11-02T17:42:05-0600] 5G booster started at 2024-11-02 17:42:05.589 MDT
[2024-11-02T17:42:11-0600] Current time exceeds end time, skipping wait
[2024-11-02T17:42:11-0600] Saved TCP DL results to /data/data/com.termux/files/home/storage/shared/bos_la_2024_trip/verizon/20241102/174002303/tcp_downlink_174205619.out
[2024-11-02T17:42:11-0600] DL AVG TPUT: 
[2024-11-02T17:42:11-0600] 5G booster finished at 2024-11-02 17:42:11.710 MDT, duration: 6.121 s
[2024-11-02T17:42:11-0600] -------------------------------
[2024-11-02T17:42:11-0600] Waiting for 2 s...
[2024-11-02T17:42:13-0600] -------------------------------
[2024-11-02T17:42:13-0600] tcp uplink test started at 2024-11-02 17:42:13.849 MDT
[2024-11-02T17:42:13-0600] testing tcp uplink with 54.176.53.206:5101, interval 0.5, duration 120, timeout 121 ...
[2024-11-02T17:44:14-0600] Current time exceeds end time, skipping wait
[2024-11-02T17:44:15-0600] Saved uplink test to /data/data/com.termux/files/home/storage/shared/bos_la_2024_trip/verizon/20241102/174002303/tcp_uplink_174213917.out
[2024-11-02T17:44:15-0600] UL AVG TPUT: 
[2024-11-02T17:44:15-0600] tcp uplink test finished at 2024-11-02 17:44:14.995 MDT, duration: 121.146 s
[2024-11-02T17:44:15-0600] -------------------------------
[2024-11-02T17:44:15-0600] Waiting for 2 s...
[2024-11-02T17:44:17-0600] -------------------------------
[2024-11-02T17:44:17-0600] Starting 5G booster for 5 s...
[2024-11-02T17:44:17-0600] 5G booster started at 2024-11-02 17:44:17.154 MDT
[2024-11-02T17:44:23-0600] Current time exceeds end time, skipping wait
[2024-11-02T17:44:23-0600] Saved TCP DL results to /data/data/com.termux/files/home/storage/shared/bos_la_2024_trip/verizon/20241102/174002303/tcp_downlink_174417194.out
[2024-11-02T17:44:23-0600] DL AVG TPUT: 
[2024-11-02T17:44:23-0600] 5G booster finished at 2024-11-02 17:44:23.292 MDT, duration: 6.138 s
[2024-11-02T17:44:23-0600] -------------------------------
[2024-11-02T17:44:23-0600] Waiting for 2 s...
[2024-11-02T17:44:25-0600] -------------------------------
[2024-11-02T17:44:25-0600] ICMP Ping test started at 2024-11-02 17:44:25.463 MDT
[2024-11-02T17:44:55-0600] Waiting for .848 s to reach end time
[2024-11-02T17:44:56-0600] Saved ping test to /data/data/com.termux/files/home/storage/shared/bos_la_2024_trip/verizon/20241102/174002303/icmp_ping_174425519.out
[2024-11-02T17:44:56-0600] Ping summary (min/avg/max/mdev) = 52.274/61.181/121.479/6.813 ms
[2024-11-02T17:44:56-0600] Ping test finished at 2024-11-02 17:44:56.574 MDT, duration: 31.111 s
[2024-11-02T17:44:56-0600] -------------------------------
[2024-11-02T17:44:56-0600] Waiting for 2 s...
[2024-11-02T17:44:58-0600] -------------------------------
[2024-11-02T17:44:58-0600] Starting 5G booster for 5 s...
[2024-11-02T17:44:58-0600] 5G booster started at 2024-11-02 17:44:58.728 MDT
[2024-11-02T17:45:04-0600] Current time exceeds end time, skipping wait
[2024-11-02T17:45:04-0600] Saved TCP DL results to /data/data/com.termux/files/home/storage/shared/bos_la_2024_trip/verizon/20241102/174002303/tcp_downlink_174458784.out
[2024-11-02T17:45:04-0600] DL AVG TPUT: 
[2024-11-02T17:45:04-0600] 5G booster finished at 2024-11-02 17:45:04.880 MDT, duration: 6.152 s
[2024-11-02T17:45:04-0600] -------------------------------
[2024-11-02T17:45:04-0600] Waiting for 2 s...
[2024-11-02T17:45:07-0600] -------------------------------
[2024-11-02T17:45:07-0600] TCP Ping test started at 2024-11-02 17:45:07.025 MDT
[2024-11-02T17:45:38-0600] Current time exceeds end time, skipping wait
[2024-11-02T17:45:38-0600] Saved TCP Ping test to /data/data/com.termux/files/home/storage/shared/bos_la_2024_trip/verizon/20241102/174002303/tcp_ping_174507059.out
[2024-11-02T17:45:38-0600] TCP Ping summary (min/avg/max/mdev) 
[2024-11-02T17:45:38-0600] TCP Ping test finished at 2024-11-02 17:45:38.169 MDT, duration: 31.144 s
[2024-11-02T17:45:38-0600] -------------------------------
[2024-11-02T17:45:38-0600] Waiting for 2 s...
[2024-11-02T17:45:40-0600] -------------------------------
[2024-11-02T17:45:40-0600] Traceroute test started at 2024-11-02 17:45:40.291 MDT
[2024-11-02T17:45:41-0600] Waiting for 28.462 s to reach end time
[2024-11-02T17:46:10-0600] Saved traceroute test to /data/data/com.termux/files/home/storage/shared/bos_la_2024_trip/verizon/20241102/174002303/traceroute_174540324.out
[2024-11-02T17:46:10-0600] Traceroute summary (min/avg/max/mdev) 
[2024-11-02T17:46:10-0600] Traceroute test finished at 2024-11-02 17:46:10.361 MDT, duration: 30.070 s
[2024-11-02T17:46:10-0600] -------------------------------
[2024-11-02T17:46:10-0600] All tests completed, cleaning up...
[2024-11-02T17:46:10-0600] -------------------------------
[2024-11-02T17:47:31-0600] [measurement] Load environment variables from prod.env file
[2024-11-02T17:47:31-0600] [measurement] Load operator-specific env from verizon.env file
[2024-11-02T17:47:31-0600] Starting a network measurement, please choose a server
[2024-11-02T17:47:31-0600] 0) West Cloud: 54.176.53.206
[2024-11-02T17:47:31-0600] 1) East Cloud: 54.197.223.49
[2024-11-02T17:47:31-0600] 2) Los Angeles Wavelength: 161.188.33.234
[2024-11-02T17:47:31-0600] 3) Las Vegas Wavelength: 155.146.118.158
[2024-11-02T17:47:31-0600] 4) Denver Wavelength: 155.146.144.24
[2024-11-02T17:47:31-0600] 5) Chicago Wavelength: 155.146.180.31
[2024-11-02T17:47:31-0600] 6) Boston Wavelength: 155.146.11.34
[2024-11-02T17:48:00-0600] Enter your choice (0-6): Testing verizon, server 0 (ip: 54.176.53.206, nuttcp_port: 5101, iperf_port: 5001)
[2024-11-02T17:48:00-0600] -------------------------------
[2024-11-02T17:48:00-0600] tcp downlink test started at 2024-11-02 17:48:00.835 MDT
[2024-11-02T17:48:00-0600] Testing tcp downlink with 54.176.53.206:5101, interval 0.5 s, duration 120 s, timeout 121 s...
[2024-11-02T17:50:01-0600] Current time exceeds end time, skipping wait
[2024-11-02T17:50:01-0600] Saved tcp downlink test to /data/data/com.termux/files/home/storage/shared/bos_la_2024_trip/verizon/20241102/174800818/tcp_downlink_174800871.out
[2024-11-02T17:50:01-0600] DL AVG TPUT: 
[2024-11-02T17:50:02-0600] tcp downlink test finished at 2024-11-02 17:50:01.941 MDT, duration: 121.106 s
[2024-11-02T17:50:02-0600] -------------------------------
[2024-11-02T17:50:02-0600] Waiting for 2 s...
[2024-11-02T17:50:04-0600] -------------------------------
[2024-11-02T17:50:04-0600] Starting 5G booster for 5 s...
[2024-11-02T17:50:04-0600] 5G booster started at 2024-11-02 17:50:04.051 MDT
[2024-11-02T17:50:10-0600] Current time exceeds end time, skipping wait
[2024-11-02T17:50:10-0600] Saved TCP DL results to /data/data/com.termux/files/home/storage/shared/bos_la_2024_trip/verizon/20241102/174800818/tcp_downlink_175004082.out
[2024-11-02T17:50:10-0600] DL AVG TPUT: 
[2024-11-02T17:50:10-0600] 5G booster finished at 2024-11-02 17:50:10.213 MDT, duration: 6.162 s
[2024-11-02T17:50:10-0600] -------------------------------
[2024-11-02T17:50:10-0600] Waiting for 2 s...
[2024-11-02T17:50:12-0600] -------------------------------
[2024-11-02T17:50:12-0600] tcp uplink test started at 2024-11-02 17:50:12.325 MDT
[2024-11-02T17:50:12-0600] testing tcp uplink with 54.176.53.206:5101, interval 0.5, duration 120, timeout 121 ...
[2024-11-02T17:52:13-0600] Current time exceeds end time, skipping wait
[2024-11-02T17:52:13-0600] Saved uplink test to /data/data/com.termux/files/home/storage/shared/bos_la_2024_trip/verizon/20241102/174800818/tcp_uplink_175012363.out
[2024-11-02T17:52:13-0600] UL AVG TPUT: 
[2024-11-02T17:52:13-0600] tcp uplink test finished at 2024-11-02 17:52:13.467 MDT, duration: 121.142 s
[2024-11-02T17:52:13-0600] -------------------------------
[2024-11-02T17:52:13-0600] Waiting for 2 s...
[2024-11-02T17:52:15-0600] -------------------------------
[2024-11-02T17:52:15-0600] Starting 5G booster for 5 s...
[2024-11-02T17:52:15-0600] 5G booster started at 2024-11-02 17:52:15.649 MDT
[2024-11-02T17:52:21-0600] Current time exceeds end time, skipping wait
[2024-11-02T17:52:21-0600] Saved TCP DL results to /data/data/com.termux/files/home/storage/shared/bos_la_2024_trip/verizon/20241102/174800818/tcp_downlink_175215694.out
[2024-11-02T17:52:21-0600] DL AVG TPUT: 
[2024-11-02T17:52:21-0600] 5G booster finished at 2024-11-02 17:52:21.763 MDT, duration: 6.114 s
[2024-11-02T17:52:21-0600] -------------------------------
[2024-11-02T17:52:21-0600] Waiting for 2 s...
[2024-11-02T17:52:23-0600] -------------------------------
[2024-11-02T17:52:23-0600] ICMP Ping test started at 2024-11-02 17:52:23.940 MDT
[2024-11-02T17:52:54-0600] Waiting for .871 s to reach end time
[2024-11-02T17:52:55-0600] Saved ping test to /data/data/com.termux/files/home/storage/shared/bos_la_2024_trip/verizon/20241102/174800818/icmp_ping_175223983.out
[2024-11-02T17:52:55-0600] Ping summary (min/avg/max/mdev) = 52.249/60.056/91.307/5.087 ms
[2024-11-02T17:52:55-0600] Ping test finished at 2024-11-02 17:52:55.063 MDT, duration: 31.123 s
[2024-11-02T17:52:55-0600] -------------------------------
[2024-11-02T17:52:55-0600] Waiting for 2 s...
[2024-11-02T17:52:57-0600] -------------------------------
[2024-11-02T17:52:57-0600] Starting 5G booster for 5 s...
[2024-11-02T17:52:57-0600] 5G booster started at 2024-11-02 17:52:57.218 MDT
[2024-11-02T17:53:03-0600] Current time exceeds end time, skipping wait
[2024-11-02T17:53:03-0600] Saved TCP DL results to /data/data/com.termux/files/home/storage/shared/bos_la_2024_trip/verizon/20241102/174800818/tcp_downlink_175257264.out
[2024-11-02T17:53:03-0600] DL AVG TPUT: 
[2024-11-02T17:53:03-0600] 5G booster finished at 2024-11-02 17:53:03.377 MDT, duration: 6.159 s
[2024-11-02T17:53:03-0600] -------------------------------
[2024-11-02T17:53:03-0600] Waiting for 2 s...
[2024-11-02T17:53:05-0600] -------------------------------
[2024-11-02T17:53:05-0600] TCP Ping test started at 2024-11-02 17:53:05.550 MDT
[2024-11-02T17:53:36-0600] Current time exceeds end time, skipping wait
[2024-11-02T17:53:36-0600] Saved TCP Ping test to /data/data/com.termux/files/home/storage/shared/bos_la_2024_trip/verizon/20241102/174800818/tcp_ping_175305586.out
[2024-11-02T17:53:36-0600] TCP Ping summary (min/avg/max/mdev) 
[2024-11-02T17:53:36-0600] TCP Ping test finished at 2024-11-02 17:53:36.723 MDT, duration: 31.173 s
[2024-11-02T17:53:36-0600] -------------------------------
[2024-11-02T17:53:36-0600] Waiting for 2 s...
[2024-11-02T17:53:38-0600] -------------------------------
[2024-11-02T17:53:38-0600] Traceroute test started at 2024-11-02 17:53:38.915 MDT
[2024-11-02T17:53:40-0600] Waiting for 28.039 s to reach end time
[2024-11-02T17:54:09-0600] Saved traceroute test to /data/data/com.termux/files/home/storage/shared/bos_la_2024_trip/verizon/20241102/174800818/traceroute_175338953.out
[2024-11-02T17:54:09-0600] Traceroute summary (min/avg/max/mdev) 
[2024-11-02T17:54:09-0600] Traceroute test finished at 2024-11-02 17:54:09.027 MDT, duration: 30.112 s
[2024-11-02T17:54:09-0600] -------------------------------
[2024-11-02T17:54:09-0600] All tests completed, cleaning up...
[2024-11-02T17:54:09-0600] -------------------------------
[2024-11-02T17:54:50-0600] [measurement] Load environment variables from prod.env file
[2024-11-02T17:54:50-0600] [measurement] Load operator-specific env from verizon.env file
[2024-11-02T17:54:50-0600] Starting a network measurement, please choose a server
[2024-11-02T17:54:50-0600] 0) West Cloud: 54.176.53.206
[2024-11-02T17:54:50-0600] 1) East Cloud: 54.197.223.49
[2024-11-02T17:54:50-0600] 2) Los Angeles Wavelength: 161.188.33.234
[2024-11-02T17:54:50-0600] 3) Las Vegas Wavelength: 155.146.118.158
[2024-11-02T17:54:50-0600] 4) Denver Wavelength: 155.146.144.24
[2024-11-02T17:54:50-0600] 5) Chicago Wavelength: 155.146.180.31
[2024-11-02T17:54:50-0600] 6) Boston Wavelength: 155.146.11.34
[2024-11-02T17:55:08-0600] Enter your choice (0-6): Testing verizon, server 0 (ip: 54.176.53.206, nuttcp_port: 5101, iperf_port: 5001)
[2024-11-02T17:55:08-0600] -------------------------------
[2024-11-02T17:55:08-0600] tcp downlink test started at 2024-11-02 17:55:08.247 MDT
[2024-11-02T17:55:08-0600] Testing tcp downlink with 54.176.53.206:5101, interval 0.5 s, duration 120 s, timeout 121 s...
[2024-11-02T17:57:09-0600] Current time exceeds end time, skipping wait
[2024-11-02T17:57:09-0600] Saved tcp downlink test to /data/data/com.termux/files/home/storage/shared/bos_la_2024_trip/verizon/20241102/175508227/tcp_downlink_175508279.out
[2024-11-02T17:57:09-0600] DL AVG TPUT: 
[2024-11-02T17:57:09-0600] tcp downlink test finished at 2024-11-02 17:57:09.364 MDT, duration: 121.117 s
[2024-11-02T17:57:09-0600] -------------------------------
[2024-11-02T17:57:09-0600] Waiting for 2 s...
[2024-11-02T17:57:11-0600] -------------------------------
[2024-11-02T17:57:11-0600] Starting 5G booster for 5 s...
[2024-11-02T17:57:11-0600] 5G booster started at 2024-11-02 17:57:11.496 MDT
[2024-11-02T17:57:17-0600] Current time exceeds end time, skipping wait
[2024-11-02T17:57:17-0600] Saved TCP DL results to /data/data/com.termux/files/home/storage/shared/bos_la_2024_trip/verizon/20241102/175508227/tcp_downlink_175711548.out
[2024-11-02T17:57:17-0600] DL AVG TPUT: 
[2024-11-02T17:57:17-0600] 5G booster finished at 2024-11-02 17:57:17.635 MDT, duration: 6.139 s
[2024-11-02T17:57:17-0600] -------------------------------
[2024-11-02T17:57:17-0600] Waiting for 2 s...
[2024-11-02T17:57:19-0600] -------------------------------
[2024-11-02T17:57:19-0600] tcp uplink test started at 2024-11-02 17:57:19.781 MDT
[2024-11-02T17:57:19-0600] testing tcp uplink with 54.176.53.206:5101, interval 0.5, duration 120, timeout 121 ...
[2024-11-02T17:59:20-0600] Current time exceeds end time, skipping wait
[2024-11-02T17:59:20-0600] Saved uplink test to /data/data/com.termux/files/home/storage/shared/bos_la_2024_trip/verizon/20241102/175508227/tcp_uplink_175719812.out
[2024-11-02T17:59:20-0600] UL AVG TPUT: 
[2024-11-02T17:59:21-0600] tcp uplink test finished at 2024-11-02 17:59:20.923 MDT, duration: 121.142 s
[2024-11-02T17:59:21-0600] -------------------------------
[2024-11-02T17:59:21-0600] Waiting for 2 s...
[2024-11-02T17:59:23-0600] -------------------------------
[2024-11-02T17:59:23-0600] Starting 5G booster for 5 s...
[2024-11-02T17:59:23-0600] 5G booster started at 2024-11-02 17:59:23.065 MDT
[2024-11-02T17:59:29-0600] Current time exceeds end time, skipping wait
[2024-11-02T17:59:29-0600] Saved TCP DL results to /data/data/com.termux/files/home/storage/shared/bos_la_2024_trip/verizon/20241102/175508227/tcp_downlink_175923114.out
[2024-11-02T17:59:29-0600] DL AVG TPUT: 
[2024-11-02T17:59:29-0600] 5G booster finished at 2024-11-02 17:59:29.229 MDT, duration: 6.164 s
[2024-11-02T17:59:29-0600] -------------------------------
[2024-11-02T17:59:29-0600] Waiting for 2 s...
[2024-11-02T17:59:31-0600] -------------------------------
[2024-11-02T17:59:31-0600] ICMP Ping test started at 2024-11-02 17:59:31.372 MDT
[2024-11-02T18:00:01-0600] Waiting for .817 s to reach end time
[2024-11-02T18:00:02-0600] Saved ping test to /data/data/com.termux/files/home/storage/shared/bos_la_2024_trip/verizon/20241102/175508227/icmp_ping_175931444.out
[2024-11-02T18:00:02-0600] Ping summary (min/avg/max/mdev) = 48.142/62.894/211.301/15.157 ms
[2024-11-02T18:00:02-0600] Ping test finished at 2024-11-02 18:00:02.492 MDT, duration: 31.120 s
[2024-11-02T18:00:02-0600] -------------------------------
[2024-11-02T18:00:02-0600] Waiting for 2 s...
[2024-11-02T18:00:04-0600] -------------------------------
[2024-11-02T18:00:04-0600] Starting 5G booster for 5 s...
[2024-11-02T18:00:04-0600] 5G booster started at 2024-11-02 18:00:04.661 MDT
[2024-11-02T18:00:10-0600] Current time exceeds end time, skipping wait
[2024-11-02T18:00:10-0600] Saved TCP DL results to /data/data/com.termux/files/home/storage/shared/bos_la_2024_trip/verizon/20241102/175508227/tcp_downlink_180004703.out
[2024-11-02T18:00:10-0600] DL AVG TPUT: 
[2024-11-02T18:00:10-0600] 5G booster finished at 2024-11-02 18:00:10.798 MDT, duration: 6.137 s
[2024-11-02T18:00:10-0600] -------------------------------
[2024-11-02T18:00:10-0600] Waiting for 2 s...
[2024-11-02T18:00:12-0600] -------------------------------
[2024-11-02T18:00:12-0600] TCP Ping test started at 2024-11-02 18:00:12.950 MDT
[2024-11-02T18:00:44-0600] Current time exceeds end time, skipping wait
[2024-11-02T18:00:44-0600] Saved TCP Ping test to /data/data/com.termux/files/home/storage/shared/bos_la_2024_trip/verizon/20241102/175508227/tcp_ping_180012992.out
[2024-11-02T18:00:44-0600] TCP Ping summary (min/avg/max/mdev) 
[2024-11-02T18:00:44-0600] TCP Ping test finished at 2024-11-02 18:00:44.059 MDT, duration: 31.109 s
[2024-11-02T18:00:44-0600] -------------------------------
[2024-11-02T18:00:44-0600] Waiting for 2 s...
[2024-11-02T18:00:46-0600] -------------------------------
[2024-11-02T18:00:46-0600] Traceroute test started at 2024-11-02 18:00:46.159 MDT
[2024-11-02T18:00:47-0600] Waiting for 28.627 s to reach end time
[2024-11-02T18:01:16-0600] Saved traceroute test to /data/data/com.termux/files/home/storage/shared/bos_la_2024_trip/verizon/20241102/175508227/traceroute_180046192.out
[2024-11-02T18:01:16-0600] Traceroute summary (min/avg/max/mdev) 
[2024-11-02T18:01:16-0600] Traceroute test finished at 2024-11-02 18:01:16.270 MDT, duration: 30.111 s
[2024-11-02T18:01:16-0600] -------------------------------
[2024-11-02T18:01:16-0600] All tests completed, cleaning up...
[2024-11-02T18:01:16-0600] -------------------------------
[2024-11-02T18:03:14-0600] [measurement] Load environment variables from prod.env file
[2024-11-02T18:03:14-0600] [measurement] Load operator-specific env from verizon.env file
[2024-11-02T18:03:14-0600] Starting a network measurement, please choose a server
[2024-11-02T18:03:14-0600] 0) West Cloud: 54.176.53.206
[2024-11-02T18:03:14-0600] 1) East Cloud: 54.197.223.49
[2024-11-02T18:03:14-0600] 2) Los Angeles Wavelength: 161.188.33.234
[2024-11-02T18:03:14-0600] 3) Las Vegas Wavelength: 155.146.118.158
[2024-11-02T18:03:14-0600] 4) Denver Wavelength: 155.146.144.24
[2024-11-02T18:03:14-0600] 5) Chicago Wavelength: 155.146.180.31
[2024-11-02T18:03:14-0600] 6) Boston Wavelength: 155.146.11.34
[2024-11-02T18:03:27-0600] Enter your choice (0-6): Testing verizon, server 0 (ip: 54.176.53.206, nuttcp_port: 5101, iperf_port: 5001)
[2024-11-02T18:03:27-0600] -------------------------------
[2024-11-02T18:03:27-0600] tcp downlink test started at 2024-11-02 18:03:27.274 MDT
[2024-11-02T18:03:27-0600] Testing tcp downlink with 54.176.53.206:5101, interval 0.5 s, duration 120 s, timeout 121 s...
[2024-11-02T18:05:28-0600] Current time exceeds end time, skipping wait
[2024-11-02T18:05:28-0600] Saved tcp downlink test to /data/data/com.termux/files/home/storage/shared/bos_la_2024_trip/verizon/20241102/180327255/tcp_downlink_180327300.out
[2024-11-02T18:05:28-0600] DL AVG TPUT: 
[2024-11-02T18:05:28-0600] tcp downlink test finished at 2024-11-02 18:05:28.406 MDT, duration: 121.132 s
[2024-11-02T18:05:28-0600] -------------------------------
[2024-11-02T18:05:28-0600] Waiting for 2 s...
[2024-11-02T18:05:30-0600] -------------------------------
[2024-11-02T18:05:30-0600] Starting 5G booster for 5 s...
[2024-11-02T18:05:30-0600] 5G booster started at 2024-11-02 18:05:30.558 MDT
[2024-11-02T18:05:36-0600] Current time exceeds end time, skipping wait
[2024-11-02T18:05:36-0600] Saved TCP DL results to /data/data/com.termux/files/home/storage/shared/bos_la_2024_trip/verizon/20241102/180327255/tcp_downlink_180530594.out
[2024-11-02T18:05:36-0600] DL AVG TPUT: 
[2024-11-02T18:05:36-0600] 5G booster finished at 2024-11-02 18:05:36.699 MDT, duration: 6.141 s
[2024-11-02T18:05:36-0600] -------------------------------
[2024-11-02T18:05:36-0600] Waiting for 2 s...
[2024-11-02T18:05:38-0600] -------------------------------
[2024-11-02T18:05:38-0600] tcp uplink test started at 2024-11-02 18:05:38.800 MDT
[2024-11-02T18:05:38-0600] testing tcp uplink with 54.176.53.206:5101, interval 0.5, duration 120, timeout 121 ...
[2024-11-02T18:07:39-0600] Current time exceeds end time, skipping wait
[2024-11-02T18:07:39-0600] Saved uplink test to /data/data/com.termux/files/home/storage/shared/bos_la_2024_trip/verizon/20241102/180327255/tcp_uplink_180538829.out
[2024-11-02T18:07:39-0600] UL AVG TPUT: 
[2024-11-02T18:07:40-0600] tcp uplink test finished at 2024-11-02 18:07:39.930 MDT, duration: 121.130 s
[2024-11-02T18:07:40-0600] -------------------------------
[2024-11-02T18:07:40-0600] Waiting for 2 s...
[2024-11-02T18:07:42-0600] -------------------------------
[2024-11-02T18:07:42-0600] Starting 5G booster for 5 s...
[2024-11-02T18:07:42-0600] 5G booster started at 2024-11-02 18:07:42.084 MDT
[2024-11-02T18:07:48-0600] Current time exceeds end time, skipping wait
[2024-11-02T18:07:48-0600] Saved TCP DL results to /data/data/com.termux/files/home/storage/shared/bos_la_2024_trip/verizon/20241102/180327255/tcp_downlink_180742131.out
[2024-11-02T18:07:48-0600] DL AVG TPUT: 
[2024-11-02T18:07:48-0600] 5G booster finished at 2024-11-02 18:07:48.244 MDT, duration: 6.160 s
[2024-11-02T18:07:48-0600] -------------------------------
[2024-11-02T18:07:48-0600] Waiting for 2 s...
[2024-11-02T18:07:50-0600] -------------------------------
[2024-11-02T18:07:50-0600] ICMP Ping test started at 2024-11-02 18:07:50.393 MDT
[2024-11-02T18:08:20-0600] Waiting for .890 s to reach end time
[2024-11-02T18:08:21-0600] Saved ping test to /data/data/com.termux/files/home/storage/shared/bos_la_2024_trip/verizon/20241102/180327255/icmp_ping_180750428.out
[2024-11-02T18:08:21-0600] Ping summary (min/avg/max/mdev) = 53.273/60.823/74.782/4.408 ms
[2024-11-02T18:08:21-0600] Ping test finished at 2024-11-02 18:08:21.491 MDT, duration: 31.098 s
[2024-11-02T18:08:21-0600] -------------------------------
[2024-11-02T18:08:21-0600] Waiting for 2 s...
[2024-11-02T18:08:23-0600] -------------------------------
[2024-11-02T18:08:23-0600] Starting 5G booster for 5 s...
[2024-11-02T18:08:23-0600] 5G booster started at 2024-11-02 18:08:23.610 MDT
[2024-11-02T18:08:29-0600] Current time exceeds end time, skipping wait
[2024-11-02T18:08:29-0600] Saved TCP DL results to /data/data/com.termux/files/home/storage/shared/bos_la_2024_trip/verizon/20241102/180327255/tcp_downlink_180823691.out
[2024-11-02T18:08:29-0600] DL AVG TPUT: 
[2024-11-02T18:08:29-0600] 5G booster finished at 2024-11-02 18:08:29.787 MDT, duration: 6.177 s
[2024-11-02T18:08:29-0600] -------------------------------
[2024-11-02T18:08:29-0600] Waiting for 2 s...
[2024-11-02T18:08:31-0600] -------------------------------
[2024-11-02T18:08:32-0600] TCP Ping test started at 2024-11-02 18:08:31.945 MDT
[2024-11-02T18:09:03-0600] Current time exceeds end time, skipping wait
[2024-11-02T18:09:03-0600] Saved TCP Ping test to /data/data/com.termux/files/home/storage/shared/bos_la_2024_trip/verizon/20241102/180327255/tcp_ping_180832015.out
[2024-11-02T18:09:03-0600] TCP Ping summary (min/avg/max/mdev) 
[2024-11-02T18:09:03-0600] TCP Ping test finished at 2024-11-02 18:09:03.148 MDT, duration: 31.203 s
[2024-11-02T18:09:03-0600] -------------------------------
[2024-11-02T18:09:03-0600] Waiting for 2 s...
[2024-11-02T18:09:05-0600] -------------------------------
[2024-11-02T18:09:05-0600] Traceroute test started at 2024-11-02 18:09:05.269 MDT
[2024-11-02T18:09:06-0600] Waiting for 28.524 s to reach end time
[2024-11-02T18:09:35-0600] Saved traceroute test to /data/data/com.termux/files/home/storage/shared/bos_la_2024_trip/verizon/20241102/180327255/traceroute_180905305.out
[2024-11-02T18:09:35-0600] Traceroute summary (min/avg/max/mdev) 
[2024-11-02T18:09:35-0600] Traceroute test finished at 2024-11-02 18:09:35.356 MDT, duration: 30.087 s
[2024-11-02T18:09:35-0600] -------------------------------
[2024-11-02T18:09:35-0600] All tests completed, cleaning up...
[2024-11-02T18:09:35-0600] -------------------------------
[2024-11-02T18:11:10-0600] [measurement] Load environment variables from prod.env file
[2024-11-02T18:11:10-0600] [measurement] Load operator-specific env from verizon.env file
[2024-11-02T18:11:10-0600] Starting a network measurement, please choose a server
[2024-11-02T18:11:10-0600] 0) West Cloud: 54.176.53.206
[2024-11-02T18:11:10-0600] 1) East Cloud: 54.197.223.49
[2024-11-02T18:11:10-0600] 2) Los Angeles Wavelength: 161.188.33.234
[2024-11-02T18:11:10-0600] 3) Las Vegas Wavelength: 155.146.118.158
[2024-11-02T18:11:10-0600] 4) Denver Wavelength: 155.146.144.24
[2024-11-02T18:11:10-0600] 5) Chicago Wavelength: 155.146.180.31
[2024-11-02T18:11:10-0600] 6) Boston Wavelength: 155.146.11.34
[2024-11-02T18:11:21-0600] Enter your choice (0-6): Testing verizon, server 0 (ip: 54.176.53.206, nuttcp_port: 5101, iperf_port: 5001)
[2024-11-02T18:11:21-0600] -------------------------------
[2024-11-02T18:11:21-0600] tcp downlink test started at 2024-11-02 18:11:21.263 MDT
[2024-11-02T18:11:21-0600] Testing tcp downlink with 54.176.53.206:5101, interval 0.5 s, duration 120 s, timeout 121 s...
[2024-11-02T18:13:22-0600] Current time exceeds end time, skipping wait
[2024-11-02T18:13:22-0600] Saved tcp downlink test to /data/data/com.termux/files/home/storage/shared/bos_la_2024_trip/verizon/20241102/181121223/tcp_downlink_181121292.out
[2024-11-02T18:13:22-0600] DL AVG TPUT: 
[2024-11-02T18:13:22-0600] tcp downlink test finished at 2024-11-02 18:13:22.404 MDT, duration: 121.141 s
[2024-11-02T18:13:22-0600] -------------------------------
[2024-11-02T18:13:22-0600] Waiting for 2 s...
[2024-11-02T18:13:24-0600] -------------------------------
[2024-11-02T18:13:24-0600] Starting 5G booster for 5 s...
[2024-11-02T18:13:24-0600] 5G booster started at 2024-11-02 18:13:24.518 MDT
[2024-11-02T18:13:30-0600] Current time exceeds end time, skipping wait
[2024-11-02T18:13:30-0600] Saved TCP DL results to /data/data/com.termux/files/home/storage/shared/bos_la_2024_trip/verizon/20241102/181121223/tcp_downlink_181324544.out
[2024-11-02T18:13:30-0600] DL AVG TPUT: 
[2024-11-02T18:13:30-0600] 5G booster finished at 2024-11-02 18:13:30.616 MDT, duration: 6.098 s
[2024-11-02T18:13:30-0600] -------------------------------
[2024-11-02T18:13:30-0600] Waiting for 2 s...
[2024-11-02T18:13:32-0600] -------------------------------
[2024-11-02T18:13:32-0600] tcp uplink test started at 2024-11-02 18:13:32.733 MDT
[2024-11-02T18:13:32-0600] testing tcp uplink with 54.176.53.206:5101, interval 0.5, duration 120, timeout 121 ...
[2024-11-02T18:15:33-0600] Current time exceeds end time, skipping wait
[2024-11-02T18:15:33-0600] Saved uplink test to /data/data/com.termux/files/home/storage/shared/bos_la_2024_trip/verizon/20241102/181121223/tcp_uplink_181332773.out
[2024-11-02T18:15:33-0600] UL AVG TPUT: 
[2024-11-02T18:15:33-0600] tcp uplink test finished at 2024-11-02 18:15:33.871 MDT, duration: 121.138 s
[2024-11-02T18:15:33-0600] -------------------------------
[2024-11-02T18:15:33-0600] Waiting for 2 s...
[2024-11-02T18:15:35-0600] -------------------------------
[2024-11-02T18:15:35-0600] Starting 5G booster for 5 s...
[2024-11-02T18:15:36-0600] 5G booster started at 2024-11-02 18:15:36.008 MDT
[2024-11-02T18:15:42-0600] Current time exceeds end time, skipping wait
[2024-11-02T18:15:42-0600] Saved TCP DL results to /data/data/com.termux/files/home/storage/shared/bos_la_2024_trip/verizon/20241102/181121223/tcp_downlink_181536044.out
[2024-11-02T18:15:42-0600] DL AVG TPUT: 
[2024-11-02T18:15:42-0600] 5G booster finished at 2024-11-02 18:15:42.146 MDT, duration: 6.138 s
[2024-11-02T18:15:42-0600] -------------------------------
[2024-11-02T18:15:42-0600] Waiting for 2 s...
[2024-11-02T18:15:44-0600] -------------------------------
[2024-11-02T18:15:44-0600] ICMP Ping test started at 2024-11-02 18:15:44.301 MDT
[2024-11-02T18:16:14-0600] Waiting for .869 s to reach end time
[2024-11-02T18:16:15-0600] Saved ping test to /data/data/com.termux/files/home/storage/shared/bos_la_2024_trip/verizon/20241102/181121223/icmp_ping_181544341.out
[2024-11-02T18:16:15-0600] Ping summary (min/avg/max/mdev) = 52.635/75.371/294.230/27.190 ms
[2024-11-02T18:16:15-0600] Ping test finished at 2024-11-02 18:16:15.437 MDT, duration: 31.136 s
[2024-11-02T18:16:15-0600] -------------------------------
[2024-11-02T18:16:15-0600] Waiting for 2 s...
[2024-11-02T18:16:17-0600] -------------------------------
[2024-11-02T18:16:17-0600] Starting 5G booster for 5 s...
[2024-11-02T18:16:17-0600] 5G booster started at 2024-11-02 18:16:17.565 MDT
[2024-11-02T18:16:23-0600] Current time exceeds end time, skipping wait
[2024-11-02T18:16:23-0600] Saved TCP DL results to /data/data/com.termux/files/home/storage/shared/bos_la_2024_trip/verizon/20241102/181121223/tcp_downlink_181617594.out
[2024-11-02T18:16:23-0600] DL AVG TPUT: 
[2024-11-02T18:16:23-0600] 5G booster finished at 2024-11-02 18:16:23.668 MDT, duration: 6.103 s
[2024-11-02T18:16:23-0600] -------------------------------
[2024-11-02T18:16:23-0600] Waiting for 2 s...
[2024-11-02T18:16:25-0600] -------------------------------
[2024-11-02T18:16:25-0600] TCP Ping test started at 2024-11-02 18:16:25.772 MDT
[2024-11-02T18:16:56-0600] Current time exceeds end time, skipping wait
[2024-11-02T18:16:56-0600] Saved TCP Ping test to /data/data/com.termux/files/home/storage/shared/bos_la_2024_trip/verizon/20241102/181121223/tcp_ping_181625806.out
[2024-11-02T18:16:56-0600] TCP Ping summary (min/avg/max/mdev) 
[2024-11-02T18:16:56-0600] TCP Ping test finished at 2024-11-02 18:16:56.917 MDT, duration: 31.145 s
[2024-11-02T18:16:56-0600] -------------------------------
[2024-11-02T18:16:56-0600] Waiting for 2 s...
[2024-11-02T18:16:58-0600] -------------------------------
[2024-11-02T18:16:59-0600] Traceroute test started at 2024-11-02 18:16:59.020 MDT
[2024-11-02T18:17:00-0600] Waiting for 28.418 s to reach end time
[2024-11-02T18:17:29-0600] Saved traceroute test to /data/data/com.termux/files/home/storage/shared/bos_la_2024_trip/verizon/20241102/181121223/traceroute_181659049.out
[2024-11-02T18:17:29-0600] Traceroute summary (min/avg/max/mdev) 
[2024-11-02T18:17:29-0600] Traceroute test finished at 2024-11-02 18:17:29.075 MDT, duration: 30.055 s
[2024-11-02T18:17:29-0600] -------------------------------
[2024-11-02T18:17:29-0600] All tests completed, cleaning up...
[2024-11-02T18:17:29-0600] -------------------------------
[2024-11-02T18:18:16-0600] [measurement] Load environment variables from prod.env file
[2024-11-02T18:18:16-0600] [measurement] Load operator-specific env from verizon.env file
[2024-11-02T18:18:16-0600] Starting a network measurement, please choose a server
[2024-11-02T18:18:16-0600] 0) West Cloud: 54.176.53.206
[2024-11-02T18:18:16-0600] 1) East Cloud: 54.197.223.49
[2024-11-02T18:18:16-0600] 2) Los Angeles Wavelength: 161.188.33.234
[2024-11-02T18:18:16-0600] 3) Las Vegas Wavelength: 155.146.118.158
[2024-11-02T18:18:16-0600] 4) Denver Wavelength: 155.146.144.24
[2024-11-02T18:18:16-0600] 5) Chicago Wavelength: 155.146.180.31
[2024-11-02T18:18:16-0600] 6) Boston Wavelength: 155.146.11.34
[2024-11-02T18:18:50-0600] Enter your choice (0-6): Testing verizon, server 0 (ip: 54.176.53.206, nuttcp_port: 5101, iperf_port: 5001)
[2024-11-02T18:18:50-0600] -------------------------------
[2024-11-02T18:18:50-0600] tcp downlink test started at 2024-11-02 18:18:50.864 MDT
[2024-11-02T18:18:50-0600] Testing tcp downlink with 54.176.53.206:5101, interval 0.5 s, duration 120 s, timeout 121 s...
[2024-11-02T18:20:51-0600] Current time exceeds end time, skipping wait
[2024-11-02T18:20:52-0600] Saved tcp downlink test to /data/data/com.termux/files/home/storage/shared/bos_la_2024_trip/verizon/20241102/181850843/tcp_downlink_181850891.out
[2024-11-02T18:20:52-0600] DL AVG TPUT: 
[2024-11-02T18:20:52-0600] tcp downlink test finished at 2024-11-02 18:20:51.992 MDT, duration: 121.128 s
[2024-11-02T18:20:52-0600] -------------------------------
[2024-11-02T18:20:52-0600] Waiting for 2 s...
[2024-11-02T18:20:54-0600] -------------------------------
[2024-11-02T18:20:54-0600] Starting 5G booster for 5 s...
[2024-11-02T18:20:54-0600] 5G booster started at 2024-11-02 18:20:54.135 MDT
[2024-11-02T18:21:00-0600] Current time exceeds end time, skipping wait
[2024-11-02T18:21:00-0600] Saved TCP DL results to /data/data/com.termux/files/home/storage/shared/bos_la_2024_trip/verizon/20241102/181850843/tcp_downlink_182054167.out
[2024-11-02T18:21:00-0600] DL AVG TPUT: 
[2024-11-02T18:21:00-0600] 5G booster finished at 2024-11-02 18:21:00.257 MDT, duration: 6.122 s
[2024-11-02T18:21:00-0600] -------------------------------
[2024-11-02T18:21:00-0600] Waiting for 2 s...
[2024-11-02T18:21:02-0600] -------------------------------
[2024-11-02T18:21:02-0600] tcp uplink test started at 2024-11-02 18:21:02.396 MDT
[2024-11-02T18:21:02-0600] testing tcp uplink with 54.176.53.206:5101, interval 0.5, duration 120, timeout 121 ...
[2024-11-02T18:23:03-0600] Current time exceeds end time, skipping wait
[2024-11-02T18:23:03-0600] Saved uplink test to /data/data/com.termux/files/home/storage/shared/bos_la_2024_trip/verizon/20241102/181850843/tcp_uplink_182102431.out
[2024-11-02T18:23:03-0600] UL AVG TPUT: 
[2024-11-02T18:23:03-0600] tcp uplink test finished at 2024-11-02 18:23:03.541 MDT, duration: 121.145 s
[2024-11-02T18:23:03-0600] -------------------------------
[2024-11-02T18:23:03-0600] Waiting for 2 s...
[2024-11-02T18:23:05-0600] -------------------------------
[2024-11-02T18:23:05-0600] Starting 5G booster for 5 s...
[2024-11-02T18:23:05-0600] 5G booster started at 2024-11-02 18:23:05.693 MDT
[2024-11-02T18:23:11-0600] Current time exceeds end time, skipping wait
[2024-11-02T18:23:11-0600] Saved TCP DL results to /data/data/com.termux/files/home/storage/shared/bos_la_2024_trip/verizon/20241102/181850843/tcp_downlink_182305747.out
[2024-11-02T18:23:11-0600] DL AVG TPUT: 
[2024-11-02T18:23:11-0600] 5G booster finished at 2024-11-02 18:23:11.865 MDT, duration: 6.172 s
[2024-11-02T18:23:11-0600] -------------------------------
[2024-11-02T18:23:11-0600] Waiting for 2 s...
[2024-11-02T18:23:13-0600] -------------------------------
[2024-11-02T18:23:14-0600] ICMP Ping test started at 2024-11-02 18:23:14.026 MDT
[2024-11-02T18:23:44-0600] Waiting for .868 s to reach end time
[2024-11-02T18:23:45-0600] Saved ping test to /data/data/com.termux/files/home/storage/shared/bos_la_2024_trip/verizon/20241102/181850843/icmp_ping_182314068.out
[2024-11-02T18:23:45-0600] Ping summary (min/avg/max/mdev) = 55.422/67.705/158.062/13.688 ms
[2024-11-02T18:23:45-0600] Ping test finished at 2024-11-02 18:23:45.157 MDT, duration: 31.131 s
[2024-11-02T18:23:45-0600] -------------------------------
[2024-11-02T18:23:45-0600] Waiting for 2 s...
[2024-11-02T18:23:47-0600] -------------------------------
[2024-11-02T18:23:47-0600] Starting 5G booster for 5 s...
[2024-11-02T18:23:47-0600] 5G booster started at 2024-11-02 18:23:47.298 MDT
[2024-11-02T18:23:53-0600] Current time exceeds end time, skipping wait
[2024-11-02T18:23:53-0600] Saved TCP DL results to /data/data/com.termux/files/home/storage/shared/bos_la_2024_trip/verizon/20241102/181850843/tcp_downlink_182347372.out
[2024-11-02T18:23:53-0600] DL AVG TPUT: 
[2024-11-02T18:23:53-0600] 5G booster finished at 2024-11-02 18:23:53.479 MDT, duration: 6.181 s
[2024-11-02T18:23:53-0600] -------------------------------
[2024-11-02T18:23:53-0600] Waiting for 2 s...
[2024-11-02T18:23:55-0600] -------------------------------
[2024-11-02T18:23:55-0600] TCP Ping test started at 2024-11-02 18:23:55.650 MDT
[2024-11-02T18:24:26-0600] Current time exceeds end time, skipping wait
[2024-11-02T18:24:26-0600] Saved TCP Ping test to /data/data/com.termux/files/home/storage/shared/bos_la_2024_trip/verizon/20241102/181850843/tcp_ping_182355722.out
[2024-11-02T18:24:26-0600] TCP Ping summary (min/avg/max/mdev) 
[2024-11-02T18:24:26-0600] TCP Ping test finished at 2024-11-02 18:24:26.828 MDT, duration: 31.178 s
[2024-11-02T18:24:26-0600] -------------------------------
[2024-11-02T18:24:26-0600] Waiting for 2 s...
[2024-11-02T18:24:28-0600] -------------------------------
[2024-11-02T18:24:29-0600] Traceroute test started at 2024-11-02 18:24:28.973 MDT
[2024-11-02T18:24:30-0600] Waiting for 28.550 s to reach end time
[2024-11-02T18:24:59-0600] Saved traceroute test to /data/data/com.termux/files/home/storage/shared/bos_la_2024_trip/verizon/20241102/181850843/traceroute_182429018.out
[2024-11-02T18:24:59-0600] Traceroute summary (min/avg/max/mdev) 
[2024-11-02T18:24:59-0600] Traceroute test finished at 2024-11-02 18:24:59.070 MDT, duration: 30.097 s
[2024-11-02T18:24:59-0600] -------------------------------
[2024-11-02T18:24:59-0600] All tests completed, cleaning up...
[2024-11-02T18:24:59-0600] -------------------------------
[2024-11-02T18:56:20-0600] [measurement] Load environment variables from prod.env file
[2024-11-02T18:56:21-0600] [measurement] Load operator-specific env from verizon.env file
[2024-11-02T18:56:21-0600] Starting a network measurement, please choose a server
[2024-11-02T18:56:21-0600] 0) West Cloud: 54.176.53.206
[2024-11-02T18:56:21-0600] 1) East Cloud: 54.197.223.49
[2024-11-02T18:56:21-0600] 2) Los Angeles Wavelength: 161.188.33.234
[2024-11-02T18:56:21-0600] 3) Las Vegas Wavelength: 155.146.118.158
[2024-11-02T18:56:21-0600] 4) Denver Wavelength: 155.146.144.24
[2024-11-02T18:56:21-0600] 5) Chicago Wavelength: 155.146.180.31
[2024-11-02T18:56:21-0600] 6) Boston Wavelength: 155.146.11.34
[2024-11-02T18:56:33-0600] Enter your choice (0-6): Testing verizon, server 0 (ip: 54.176.53.206, nuttcp_port: 5101, iperf_port: 5001)
[2024-11-02T18:56:33-0600] -------------------------------
[2024-11-02T18:56:33-0600] tcp downlink test started at 2024-11-02 18:56:33.828 MDT
[2024-11-02T18:56:33-0600] Testing tcp downlink with 54.176.53.206:5101, interval 0.5 s, duration 120 s, timeout 121 s...
[2024-11-02T18:58:34-0600] Current time exceeds end time, skipping wait
[2024-11-02T18:58:35-0600] Saved tcp downlink test to /data/data/com.termux/files/home/storage/shared/bos_la_2024_trip/verizon/20241102/185633801/tcp_downlink_185633878.out
[2024-11-02T18:58:35-0600] DL AVG TPUT: 
[2024-11-02T18:58:35-0600] tcp downlink test finished at 2024-11-02 18:58:35.004 MDT, duration: 121.176 s
[2024-11-02T18:58:35-0600] -------------------------------
[2024-11-02T18:58:35-0600] Waiting for 2 s...
[2024-11-02T18:58:37-0600] -------------------------------
[2024-11-02T18:58:37-0600] Starting 5G booster for 5 s...
[2024-11-02T18:58:37-0600] 5G booster started at 2024-11-02 18:58:37.127 MDT
[2024-11-02T18:58:37-0600] server aborted connection
[2024-11-02T18:58:37-0600] Waiting for 5.753 s to reach end time
[2024-11-02T18:58:43-0600] Saved TCP DL results to /data/data/com.termux/files/home/storage/shared/bos_la_2024_trip/verizon/20241102/185633801/tcp_downlink_185837154.out
[2024-11-02T18:58:43-0600] [CAUTION] EMPTY LOG!
[2024-11-02T18:58:43-0600] 5G booster finished at 2024-11-02 18:58:43.265 MDT, duration: 6.138 s
[2024-11-02T18:58:43-0600] -------------------------------
[2024-11-02T18:58:43-0600] Waiting for 2 s...
[2024-11-02T18:58:45-0600] -------------------------------
[2024-11-02T18:58:45-0600] tcp uplink test started at 2024-11-02 18:58:45.330 MDT
[2024-11-02T18:58:45-0600] testing tcp uplink with 54.176.53.206:5101, interval 0.5, duration 120, timeout 121 ...
[2024-11-02T18:58:45-0600] server aborted connection
[2024-11-02T18:58:45-0600] Waiting for 120.680 s to reach end time
[2024-11-02T19:00:46-0600] Saved uplink test to /data/data/com.termux/files/home/storage/shared/bos_la_2024_trip/verizon/20241102/185633801/tcp_uplink_185845354.out
[2024-11-02T19:00:46-0600] [CAUTION] EMPTY LOG!
[2024-11-02T19:00:46-0600] tcp uplink test finished at 2024-11-02 19:00:46.441 MDT, duration: 121.111 s
[2024-11-02T19:00:46-0600] -------------------------------
[2024-11-02T19:00:46-0600] Waiting for 2 s...
[2024-11-02T19:00:48-0600] -------------------------------
[2024-11-02T19:00:48-0600] Starting 5G booster for 5 s...
[2024-11-02T19:00:48-0600] 5G booster started at 2024-11-02 19:00:48.538 MDT
[2024-11-02T19:00:54-0600] Current time exceeds end time, skipping wait
[2024-11-02T19:00:54-0600] Saved TCP DL results to /data/data/com.termux/files/home/storage/shared/bos_la_2024_trip/verizon/20241102/185633801/tcp_downlink_190048568.out
[2024-11-02T19:00:54-0600] DL AVG TPUT: 
[2024-11-02T19:00:54-0600] 5G booster finished at 2024-11-02 19:00:54.661 MDT, duration: 6.123 s
[2024-11-02T19:00:54-0600] -------------------------------
[2024-11-02T19:00:54-0600] Waiting for 2 s...
[2024-11-02T19:00:56-0600] -------------------------------
[2024-11-02T19:00:56-0600] ICMP Ping test started at 2024-11-02 19:00:56.780 MDT
[2024-11-02T19:01:26-0600] Waiting for .855 s to reach end time
[2024-11-02T19:01:27-0600] Saved ping test to /data/data/com.termux/files/home/storage/shared/bos_la_2024_trip/verizon/20241102/185633801/icmp_ping_190056814.out
[2024-11-02T19:01:27-0600] Ping summary (min/avg/max/mdev) = 44.475/61.976/163.266/13.590 ms
[2024-11-02T19:01:27-0600] Ping test finished at 2024-11-02 19:01:27.858 MDT, duration: 31.078 s
[2024-11-02T19:01:27-0600] -------------------------------
[2024-11-02T19:01:27-0600] Waiting for 2 s...
[2024-11-02T19:01:29-0600] -------------------------------
[2024-11-02T19:01:29-0600] Starting 5G booster for 5 s...
[2024-11-02T19:01:30-0600] 5G booster started at 2024-11-02 19:01:30.001 MDT
[2024-11-02T19:01:36-0600] Current time exceeds end time, skipping wait
[2024-11-02T19:01:36-0600] Saved TCP DL results to /data/data/com.termux/files/home/storage/shared/bos_la_2024_trip/verizon/20241102/185633801/tcp_downlink_190130053.out
[2024-11-02T19:01:36-0600] DL AVG TPUT: 
[2024-11-02T19:01:36-0600] 5G booster finished at 2024-11-02 19:01:36.120 MDT, duration: 6.119 s
[2024-11-02T19:01:36-0600] -------------------------------
[2024-11-02T19:01:36-0600] Waiting for 2 s...
[2024-11-02T19:01:38-0600] -------------------------------
[2024-11-02T19:01:38-0600] TCP Ping test started at 2024-11-02 19:01:38.221 MDT
[2024-11-02T19:02:09-0600] Current time exceeds end time, skipping wait
[2024-11-02T19:02:09-0600] Saved TCP Ping test to /data/data/com.termux/files/home/storage/shared/bos_la_2024_trip/verizon/20241102/185633801/tcp_ping_190138253.out
[2024-11-02T19:02:09-0600] TCP Ping summary (min/avg/max/mdev) 
[2024-11-02T19:02:09-0600] TCP Ping test finished at 2024-11-02 19:02:09.394 MDT, duration: 31.173 s
[2024-11-02T19:02:09-0600] -------------------------------
[2024-11-02T19:02:09-0600] Waiting for 2 s...
[2024-11-02T19:02:11-0600] -------------------------------
[2024-11-02T19:02:11-0600] Traceroute test started at 2024-11-02 19:02:11.530 MDT
[2024-11-02T19:02:13-0600] Waiting for 28.306 s to reach end time
[2024-11-02T19:02:41-0600] Saved traceroute test to /data/data/com.termux/files/home/storage/shared/bos_la_2024_trip/verizon/20241102/185633801/traceroute_190211563.out
[2024-11-02T19:02:41-0600] Traceroute summary (min/avg/max/mdev) 
[2024-11-02T19:02:41-0600] Traceroute test finished at 2024-11-02 19:02:41.609 MDT, duration: 30.079 s
[2024-11-02T19:02:41-0600] -------------------------------
[2024-11-02T19:02:41-0600] All tests completed, cleaning up...
[2024-11-02T19:02:41-0600] -------------------------------
[2024-11-02T19:05:04-0600] [measurement] Load environment variables from prod.env file
[2024-11-02T19:05:04-0600] Invalid choice, please enter a number in range
[2024-11-02T19:05:04-0600] Please choose a mode:
[2024-11-02T19:05:04-0600] 1) Loop mode
[2024-11-02T19:05:04-0600] 2) One-shot mode
[2024-11-02T19:05:04-0600] 3) One-shot mode for testing
[2024-11-02T19:05:12-0600] Enter your choice (1-3): Invalid choice, please enter a number in range
[2024-11-02T19:05:12-0600] Please choose a mode:
[2024-11-02T19:05:12-0600] 1) Loop mode
[2024-11-02T19:05:12-0600] 2) One-shot mode
[2024-11-02T19:05:12-0600] 3) One-shot mode for testing
[2024-11-02T19:14:15-0600] [measurement] Load environment variables from prod.env file
[2024-11-02T19:14:15-0600] [measurement] Load operator-specific env from verizon.env file
[2024-11-02T19:14:15-0600] Starting a network measurement, please choose a server
[2024-11-02T19:14:15-0600] 0) West Cloud: 54.176.53.206
[2024-11-02T19:14:15-0600] 1) East Cloud: 54.197.223.49
[2024-11-02T19:14:15-0600] 2) Los Angeles Wavelength: 161.188.33.234
[2024-11-02T19:14:15-0600] 3) Las Vegas Wavelength: 155.146.118.158
[2024-11-02T19:14:15-0600] 4) Denver Wavelength: 155.146.144.24
[2024-11-02T19:14:15-0600] 5) Chicago Wavelength: 155.146.180.31
[2024-11-02T19:14:15-0600] 6) Boston Wavelength: 155.146.11.34
[2024-11-02T19:14:43-0600] Enter your choice (0-6): Testing verizon, server 0 (ip: 54.176.53.206, nuttcp_port: 5101, iperf_port: 5001)
[2024-11-02T19:14:43-0600] -------------------------------
[2024-11-02T19:14:43-0600] tcp downlink test started at 2024-11-02 19:14:43.308 MDT
[2024-11-02T19:14:43-0600] Testing tcp downlink with 54.176.53.206:5101, interval 0.5 s, duration 120 s, timeout 121 s...
[2024-11-02T19:16:44-0600] Current time exceeds end time, skipping wait
[2024-11-02T19:16:44-0600] Saved tcp downlink test to /data/data/com.termux/files/home/storage/shared/bos_la_2024_trip/verizon/20241102/191443289/tcp_downlink_191443335.out
[2024-11-02T19:16:44-0600] DL AVG TPUT: 
[2024-11-02T19:16:44-0600] tcp downlink test finished at 2024-11-02 19:16:44.416 MDT, duration: 121.108 s
[2024-11-02T19:16:44-0600] -------------------------------
[2024-11-02T19:16:44-0600] Waiting for 2 s...
[2024-11-02T19:16:46-0600] -------------------------------
[2024-11-02T19:16:46-0600] Starting 5G booster for 5 s...
[2024-11-02T19:16:46-0600] 5G booster started at 2024-11-02 19:16:46.557 MDT
[2024-11-02T19:16:52-0600] Current time exceeds end time, skipping wait
[2024-11-02T19:16:52-0600] Saved TCP DL results to /data/data/com.termux/files/home/storage/shared/bos_la_2024_trip/verizon/20241102/191443289/tcp_downlink_191646585.out
[2024-11-02T19:16:52-0600] DL AVG TPUT: 
[2024-11-02T19:16:52-0600] 5G booster finished at 2024-11-02 19:16:52.659 MDT, duration: 6.102 s
[2024-11-02T19:16:52-0600] -------------------------------
[2024-11-02T19:16:52-0600] Waiting for 2 s...
[2024-11-02T19:16:54-0600] -------------------------------
[2024-11-02T19:16:54-0600] tcp uplink test started at 2024-11-02 19:16:54.761 MDT
[2024-11-02T19:16:54-0600] testing tcp uplink with 54.176.53.206:5101, interval 0.5, duration 120, timeout 121 ...
[2024-11-02T19:18:55-0600] Current time exceeds end time, skipping wait
[2024-11-02T19:18:55-0600] Saved uplink test to /data/data/com.termux/files/home/storage/shared/bos_la_2024_trip/verizon/20241102/191443289/tcp_uplink_191654791.out
[2024-11-02T19:18:55-0600] UL AVG TPUT: 
[2024-11-02T19:18:55-0600] tcp uplink test finished at 2024-11-02 19:18:55.879 MDT, duration: 121.118 s
[2024-11-02T19:18:55-0600] -------------------------------
[2024-11-02T19:18:55-0600] Waiting for 2 s...
[2024-11-02T19:18:57-0600] -------------------------------
[2024-11-02T19:18:57-0600] Starting 5G booster for 5 s...
[2024-11-02T19:18:58-0600] 5G booster started at 2024-11-02 19:18:58.009 MDT
[2024-11-02T19:19:04-0600] Current time exceeds end time, skipping wait
[2024-11-02T19:19:04-0600] Saved TCP DL results to /data/data/com.termux/files/home/storage/shared/bos_la_2024_trip/verizon/20241102/191443289/tcp_downlink_191858033.out
[2024-11-02T19:19:04-0600] DL AVG TPUT: 
[2024-11-02T19:19:04-0600] 5G booster finished at 2024-11-02 19:19:04.099 MDT, duration: 6.090 s
[2024-11-02T19:19:04-0600] -------------------------------
[2024-11-02T19:19:04-0600] Waiting for 2 s...
[2024-11-02T19:19:06-0600] -------------------------------
[2024-11-02T19:19:06-0600] ICMP Ping test started at 2024-11-02 19:19:06.203 MDT
[2024-11-02T19:19:36-0600] Waiting for .903 s to reach end time
[2024-11-02T19:19:37-0600] Saved ping test to /data/data/com.termux/files/home/storage/shared/bos_la_2024_trip/verizon/20241102/191443289/icmp_ping_191906232.out
[2024-11-02T19:19:37-0600] Ping summary (min/avg/max/mdev) = 41.644/56.646/193.179/15.193 ms
[2024-11-02T19:19:37-0600] Ping test finished at 2024-11-02 19:19:37.309 MDT, duration: 31.106 s
[2024-11-02T19:19:37-0600] -------------------------------
[2024-11-02T19:19:37-0600] Waiting for 2 s...
[2024-11-02T19:19:39-0600] -------------------------------
[2024-11-02T19:19:39-0600] Starting 5G booster for 5 s...
[2024-11-02T19:19:39-0600] 5G booster started at 2024-11-02 19:19:39.435 MDT
[2024-11-02T19:19:39-0600] server aborted connection
[2024-11-02T19:19:39-0600] Waiting for 5.750 s to reach end time
[2024-11-02T19:19:45-0600] Saved TCP DL results to /data/data/com.termux/files/home/storage/shared/bos_la_2024_trip/verizon/20241102/191443289/tcp_downlink_191939468.out
[2024-11-02T19:19:45-0600] [CAUTION] EMPTY LOG!
[2024-11-02T19:19:45-0600] 5G booster finished at 2024-11-02 19:19:45.559 MDT, duration: 6.124 s
[2024-11-02T19:19:45-0600] -------------------------------
[2024-11-02T19:19:45-0600] Waiting for 2 s...
[2024-11-02T19:19:47-0600] -------------------------------
[2024-11-02T19:19:47-0600] TCP Ping test started at 2024-11-02 19:19:47.660 MDT
[2024-11-02T19:20:18-0600] Current time exceeds end time, skipping wait
[2024-11-02T19:20:18-0600] Saved TCP Ping test to /data/data/com.termux/files/home/storage/shared/bos_la_2024_trip/verizon/20241102/191443289/tcp_ping_191947693.out
[2024-11-02T19:20:18-0600] TCP Ping summary (min/avg/max/mdev) 
[2024-11-02T19:20:18-0600] TCP Ping test finished at 2024-11-02 19:20:18.787 MDT, duration: 31.127 s
[2024-11-02T19:20:18-0600] -------------------------------
[2024-11-02T19:20:18-0600] Waiting for 2 s...
[2024-11-02T19:20:20-0600] -------------------------------
[2024-11-02T19:20:20-0600] Traceroute test started at 2024-11-02 19:20:20.915 MDT
[2024-11-02T19:20:22-0600] Waiting for 28.509 s to reach end time
[2024-11-02T19:20:51-0600] Saved traceroute test to /data/data/com.termux/files/home/storage/shared/bos_la_2024_trip/verizon/20241102/191443289/traceroute_192020966.out
[2024-11-02T19:20:51-0600] Traceroute summary (min/avg/max/mdev) 
[2024-11-02T19:20:51-0600] Traceroute test finished at 2024-11-02 19:20:51.011 MDT, duration: 30.096 s
[2024-11-02T19:20:51-0600] -------------------------------
[2024-11-02T19:20:51-0600] All tests completed, cleaning up...
[2024-11-02T19:20:51-0600] -------------------------------
[2024-11-02T19:21:35-0600] [measurement] Load environment variables from prod.env file
[2024-11-02T19:21:35-0600] [measurement] Load operator-specific env from verizon.env file
[2024-11-02T19:21:35-0600] Starting a network measurement, please choose a server
[2024-11-02T19:21:35-0600] 0) West Cloud: 54.176.53.206
[2024-11-02T19:21:35-0600] 1) East Cloud: 54.197.223.49
[2024-11-02T19:21:35-0600] 2) Los Angeles Wavelength: 161.188.33.234
[2024-11-02T19:21:35-0600] 3) Las Vegas Wavelength: 155.146.118.158
[2024-11-02T19:21:35-0600] 4) Denver Wavelength: 155.146.144.24
[2024-11-02T19:21:35-0600] 5) Chicago Wavelength: 155.146.180.31
[2024-11-02T19:21:35-0600] 6) Boston Wavelength: 155.146.11.34
[2024-11-02T19:21:45-0600] Enter your choice (0-6): Testing verizon, server 0 (ip: 54.176.53.206, nuttcp_port: 5101, iperf_port: 5001)
[2024-11-02T19:21:46-0600] -------------------------------
[2024-11-02T19:21:46-0600] tcp downlink test started at 2024-11-02 19:21:46.012 MDT
[2024-11-02T19:21:46-0600] Testing tcp downlink with 54.176.53.206:5101, interval 0.5 s, duration 120 s, timeout 121 s...
[2024-11-02T19:23:47-0600] Current time exceeds end time, skipping wait
[2024-11-02T19:23:47-0600] Saved tcp downlink test to /data/data/com.termux/files/home/storage/shared/bos_la_2024_trip/verizon/20241102/192145994/tcp_downlink_192146043.out
[2024-11-02T19:23:47-0600] DL AVG TPUT: 
[2024-11-02T19:23:47-0600] tcp downlink test finished at 2024-11-02 19:23:47.118 MDT, duration: 121.106 s
[2024-11-02T19:23:47-0600] -------------------------------
[2024-11-02T19:23:47-0600] Waiting for 2 s...
[2024-11-02T19:23:49-0600] -------------------------------
[2024-11-02T19:23:49-0600] Starting 5G booster for 5 s...
[2024-11-02T19:23:49-0600] 5G booster started at 2024-11-02 19:23:49.276 MDT
[2024-11-02T19:23:55-0600] Current time exceeds end time, skipping wait
[2024-11-02T19:23:55-0600] Saved TCP DL results to /data/data/com.termux/files/home/storage/shared/bos_la_2024_trip/verizon/20241102/192145994/tcp_downlink_192349309.out
[2024-11-02T19:23:55-0600] DL AVG TPUT: 
[2024-11-02T19:23:55-0600] 5G booster finished at 2024-11-02 19:23:55.388 MDT, duration: 6.112 s
[2024-11-02T19:23:55-0600] -------------------------------
[2024-11-02T19:23:55-0600] Waiting for 2 s...
[2024-11-02T19:23:57-0600] -------------------------------
[2024-11-02T19:23:57-0600] tcp uplink test started at 2024-11-02 19:23:57.485 MDT
[2024-11-02T19:23:57-0600] testing tcp uplink with 54.176.53.206:5101, interval 0.5, duration 120, timeout 121 ...
[2024-11-02T19:25:58-0600] Current time exceeds end time, skipping wait
[2024-11-02T19:25:58-0600] Saved uplink test to /data/data/com.termux/files/home/storage/shared/bos_la_2024_trip/verizon/20241102/192145994/tcp_uplink_192357513.out
[2024-11-02T19:25:58-0600] UL AVG TPUT: 
[2024-11-02T19:25:58-0600] tcp uplink test finished at 2024-11-02 19:25:58.579 MDT, duration: 121.094 s
[2024-11-02T19:25:58-0600] -------------------------------
[2024-11-02T19:25:58-0600] Waiting for 2 s...
[2024-11-02T19:26:00-0600] -------------------------------
[2024-11-02T19:26:00-0600] Starting 5G booster for 5 s...
[2024-11-02T19:26:00-0600] 5G booster started at 2024-11-02 19:26:00.706 MDT
[2024-11-02T19:26:06-0600] Current time exceeds end time, skipping wait
[2024-11-02T19:26:06-0600] Saved TCP DL results to /data/data/com.termux/files/home/storage/shared/bos_la_2024_trip/verizon/20241102/192145994/tcp_downlink_192600756.out
[2024-11-02T19:26:06-0600] DL AVG TPUT: 
[2024-11-02T19:26:06-0600] 5G booster finished at 2024-11-02 19:26:06.808 MDT, duration: 6.102 s
[2024-11-02T19:26:06-0600] -------------------------------
[2024-11-02T19:26:06-0600] Waiting for 2 s...
[2024-11-02T19:26:08-0600] -------------------------------
[2024-11-02T19:26:08-0600] ICMP Ping test started at 2024-11-02 19:26:08.930 MDT
[2024-11-02T19:26:39-0600] Waiting for .882 s to reach end time
[2024-11-02T19:26:40-0600] Saved ping test to /data/data/com.termux/files/home/storage/shared/bos_la_2024_trip/verizon/20241102/192145994/icmp_ping_192608959.out
[2024-11-02T19:26:40-0600] Ping summary (min/avg/max/mdev) = 38.016/57.371/187.692/19.885 ms
[2024-11-02T19:26:40-0600] Ping test finished at 2024-11-02 19:26:40.045 MDT, duration: 31.115 s
[2024-11-02T19:26:40-0600] -------------------------------
[2024-11-02T19:26:40-0600] Waiting for 2 s...
[2024-11-02T19:26:42-0600] -------------------------------
[2024-11-02T19:26:42-0600] Starting 5G booster for 5 s...
[2024-11-02T19:26:42-0600] 5G booster started at 2024-11-02 19:26:42.162 MDT
[2024-11-02T19:26:48-0600] Current time exceeds end time, skipping wait
[2024-11-02T19:26:48-0600] Saved TCP DL results to /data/data/com.termux/files/home/storage/shared/bos_la_2024_trip/verizon/20241102/192145994/tcp_downlink_192642236.out
[2024-11-02T19:26:48-0600] DL AVG TPUT: 
[2024-11-02T19:26:48-0600] 5G booster finished at 2024-11-02 19:26:48.327 MDT, duration: 6.165 s
[2024-11-02T19:26:48-0600] -------------------------------
[2024-11-02T19:26:48-0600] Waiting for 2 s...
[2024-11-02T19:26:50-0600] -------------------------------
[2024-11-02T19:26:50-0600] TCP Ping test started at 2024-11-02 19:26:50.427 MDT
[2024-11-02T19:27:21-0600] Current time exceeds end time, skipping wait
[2024-11-02T19:27:21-0600] Saved TCP Ping test to /data/data/com.termux/files/home/storage/shared/bos_la_2024_trip/verizon/20241102/192145994/tcp_ping_192650459.out
[2024-11-02T19:27:21-0600] TCP Ping summary (min/avg/max/mdev) 
[2024-11-02T19:27:21-0600] TCP Ping test finished at 2024-11-02 19:27:21.569 MDT, duration: 31.142 s
[2024-11-02T19:27:21-0600] -------------------------------
[2024-11-02T19:27:21-0600] Waiting for 2 s...
[2024-11-02T19:27:23-0600] -------------------------------
[2024-11-02T19:27:23-0600] Traceroute test started at 2024-11-02 19:27:23.665 MDT
[2024-11-02T19:27:26-0600] Waiting for 26.854 s to reach end time
[2024-11-02T19:27:53-0600] Saved traceroute test to /data/data/com.termux/files/home/storage/shared/bos_la_2024_trip/verizon/20241102/192145994/traceroute_192723690.out
[2024-11-02T19:27:53-0600] Traceroute summary (min/avg/max/mdev) 
[2024-11-02T19:27:53-0600] Traceroute test finished at 2024-11-02 19:27:53.749 MDT, duration: 30.084 s
[2024-11-02T19:27:53-0600] -------------------------------
[2024-11-02T19:27:53-0600] All tests completed, cleaning up...
[2024-11-02T19:27:53-0600] -------------------------------
[2024-11-02T19:32:58-0600] [measurement] Load environment variables from prod.env file
[2024-11-02T19:32:58-0600] [measurement] Load operator-specific env from verizon.env file
[2024-11-02T19:32:58-0600] Starting a network measurement, please choose a server
[2024-11-02T19:32:58-0600] 0) West Cloud: 54.176.53.206
[2024-11-02T19:32:58-0600] 1) East Cloud: 54.197.223.49
[2024-11-02T19:32:58-0600] 2) Los Angeles Wavelength: 161.188.33.234
[2024-11-02T19:32:58-0600] 3) Las Vegas Wavelength: 155.146.118.158
[2024-11-02T19:32:58-0600] 4) Denver Wavelength: 155.146.144.24
[2024-11-02T19:32:58-0600] 5) Chicago Wavelength: 155.146.180.31
[2024-11-02T19:32:58-0600] 6) Boston Wavelength: 155.146.11.34
[2024-11-02T19:33:10-0600] Enter your choice (0-6): Testing verizon, server 0 (ip: 54.176.53.206, nuttcp_port: 5101, iperf_port: 5001)
[2024-11-02T19:33:11-0600] -------------------------------
[2024-11-02T19:33:11-0600] tcp downlink test started at 2024-11-02 19:33:11.066 MDT
[2024-11-02T19:33:11-0600] Testing tcp downlink with 54.176.53.206:5101, interval 0.5 s, duration 120 s, timeout 121 s...
[2024-11-02T19:35:12-0600] Current time exceeds end time, skipping wait
[2024-11-02T19:35:12-0600] Saved tcp downlink test to /data/data/com.termux/files/home/storage/shared/bos_la_2024_trip/verizon/20241102/193311037/tcp_downlink_193311092.out
[2024-11-02T19:35:12-0600] DL AVG TPUT: 
[2024-11-02T19:35:12-0600] tcp downlink test finished at 2024-11-02 19:35:12.166 MDT, duration: 121.100 s
[2024-11-02T19:35:12-0600] -------------------------------
[2024-11-02T19:35:12-0600] Waiting for 2 s...
[2024-11-02T19:35:14-0600] -------------------------------
[2024-11-02T19:35:14-0600] Starting 5G booster for 5 s...
[2024-11-02T19:35:14-0600] 5G booster started at 2024-11-02 19:35:14.286 MDT
[2024-11-02T19:35:14-0600] server aborted connection
[2024-11-02T19:35:14-0600] Waiting for 5.777 s to reach end time
[2024-11-02T19:35:20-0600] Saved TCP DL results to /data/data/com.termux/files/home/storage/shared/bos_la_2024_trip/verizon/20241102/193311037/tcp_downlink_193514317.out
[2024-11-02T19:35:20-0600] [CAUTION] EMPTY LOG!
[2024-11-02T19:35:20-0600] 5G booster finished at 2024-11-02 19:35:20.363 MDT, duration: 6.077 s
[2024-11-02T19:35:20-0600] -------------------------------
[2024-11-02T19:35:20-0600] Waiting for 2 s...
[2024-11-02T19:35:22-0600] -------------------------------
[2024-11-02T19:35:22-0600] tcp uplink test started at 2024-11-02 19:35:22.504 MDT
[2024-11-02T19:35:22-0600] testing tcp uplink with 54.176.53.206:5101, interval 0.5, duration 120, timeout 121 ...
[2024-11-02T19:37:23-0600] Current time exceeds end time, skipping wait
[2024-11-02T19:37:23-0600] Saved uplink test to /data/data/com.termux/files/home/storage/shared/bos_la_2024_trip/verizon/20241102/193311037/tcp_uplink_193522530.out
[2024-11-02T19:37:23-0600] UL AVG TPUT: 
[2024-11-02T19:37:23-0600] tcp uplink test finished at 2024-11-02 19:37:23.610 MDT, duration: 121.106 s
[2024-11-02T19:37:23-0600] -------------------------------
[2024-11-02T19:37:23-0600] Waiting for 2 s...
[2024-11-02T19:37:25-0600] -------------------------------
[2024-11-02T19:37:25-0600] Starting 5G booster for 5 s...
[2024-11-02T19:37:25-0600] 5G booster started at 2024-11-02 19:37:25.747 MDT
[2024-11-02T19:37:31-0600] Current time exceeds end time, skipping wait
[2024-11-02T19:37:31-0600] Saved TCP DL results to /data/data/com.termux/files/home/storage/shared/bos_la_2024_trip/verizon/20241102/193311037/tcp_downlink_193725778.out
[2024-11-02T19:37:31-0600] DL AVG TPUT: 
[2024-11-02T19:37:31-0600] 5G booster finished at 2024-11-02 19:37:31.894 MDT, duration: 6.147 s
[2024-11-02T19:37:31-0600] -------------------------------
[2024-11-02T19:37:31-0600] Waiting for 2 s...
[2024-11-02T19:37:33-0600] -------------------------------
[2024-11-02T19:37:34-0600] ICMP Ping test started at 2024-11-02 19:37:34.010 MDT
[2024-11-02T19:38:04-0600] Waiting for .911 s to reach end time
[2024-11-02T19:38:05-0600] Saved ping test to /data/data/com.termux/files/home/storage/shared/bos_la_2024_trip/verizon/20241102/193311037/icmp_ping_193734036.out
[2024-11-02T19:38:05-0600] Ping summary (min/avg/max/mdev) = 39.841/353.934/5575.244/1048.055 ms
[2024-11-02T19:38:05-0600] Ping test finished at 2024-11-02 19:38:05.105 MDT, duration: 31.095 s
[2024-11-02T19:38:05-0600] -------------------------------
[2024-11-02T19:38:05-0600] Waiting for 2 s...
[2024-11-02T19:38:07-0600] -------------------------------
[2024-11-02T19:38:07-0600] Starting 5G booster for 5 s...
[2024-11-02T19:38:07-0600] 5G booster started at 2024-11-02 19:38:07.217 MDT
[2024-11-02T19:38:07-0600] server aborted connection
[2024-11-02T19:38:07-0600] Waiting for 5.589 s to reach end time
[2024-11-02T19:38:13-0600] Saved TCP DL results to /data/data/com.termux/files/home/storage/shared/bos_la_2024_trip/verizon/20241102/193311037/tcp_downlink_193807246.out
[2024-11-02T19:38:13-0600] [CAUTION] EMPTY LOG!
[2024-11-02T19:38:13-0600] 5G booster finished at 2024-11-02 19:38:13.326 MDT, duration: 6.109 s
[2024-11-02T19:38:13-0600] -------------------------------
[2024-11-02T19:38:13-0600] Waiting for 2 s...
[2024-11-02T19:38:15-0600] -------------------------------
[2024-11-02T19:38:15-0600] TCP Ping test started at 2024-11-02 19:38:15.435 MDT
[2024-11-02T19:38:46-0600] Current time exceeds end time, skipping wait
[2024-11-02T19:38:46-0600] Saved TCP Ping test to /data/data/com.termux/files/home/storage/shared/bos_la_2024_trip/verizon/20241102/193311037/tcp_ping_193815515.out
[2024-11-02T19:38:46-0600] TCP Ping summary (min/avg/max/mdev) 
[2024-11-02T19:38:46-0600] TCP Ping test finished at 2024-11-02 19:38:46.627 MDT, duration: 31.192 s
[2024-11-02T19:38:46-0600] -------------------------------
[2024-11-02T19:38:46-0600] Waiting for 2 s...
[2024-11-02T19:38:48-0600] -------------------------------
[2024-11-02T19:38:48-0600] Traceroute test started at 2024-11-02 19:38:48.734 MDT
[2024-11-02T19:38:50-0600] Waiting for 28.785 s to reach end time
[2024-11-02T19:39:18-0600] Saved traceroute test to /data/data/com.termux/files/home/storage/shared/bos_la_2024_trip/verizon/20241102/193311037/traceroute_193848768.out
[2024-11-02T19:39:18-0600] Traceroute summary (min/avg/max/mdev) 
[2024-11-02T19:39:18-0600] Traceroute test finished at 2024-11-02 19:39:18.837 MDT, duration: 30.103 s
[2024-11-02T19:39:18-0600] -------------------------------
[2024-11-02T19:39:18-0600] All tests completed, cleaning up...
[2024-11-02T19:39:18-0600] -------------------------------
[2024-11-02T19:41:02-0600] [measurement] Load environment variables from prod.env file
[2024-11-02T19:41:02-0600] [measurement] Load operator-specific env from verizon.env file
[2024-11-02T19:41:02-0600] Starting a network measurement, please choose a server
[2024-11-02T19:41:02-0600] 0) West Cloud: 54.176.53.206
[2024-11-02T19:41:02-0600] 1) East Cloud: 54.197.223.49
[2024-11-02T19:41:02-0600] 2) Los Angeles Wavelength: 161.188.33.234
[2024-11-02T19:41:02-0600] 3) Las Vegas Wavelength: 155.146.118.158
[2024-11-02T19:41:02-0600] 4) Denver Wavelength: 155.146.144.24
[2024-11-02T19:41:02-0600] 5) Chicago Wavelength: 155.146.180.31
[2024-11-02T19:41:02-0600] 6) Boston Wavelength: 155.146.11.34
[2024-11-02T19:41:08-0600] Enter your choice (0-6): Testing verizon, server 0 (ip: 54.176.53.206, nuttcp_port: 5101, iperf_port: 5001)
[2024-11-02T19:41:08-0600] -------------------------------
[2024-11-02T19:41:08-0600] tcp downlink test started at 2024-11-02 19:41:08.916 MDT
[2024-11-02T19:41:08-0600] Testing tcp downlink with 54.176.53.206:5101, interval 0.5 s, duration 120 s, timeout 121 s...
[2024-11-02T19:43:10-0600] Current time exceeds end time, skipping wait
[2024-11-02T19:43:10-0600] Saved tcp downlink test to /data/data/com.termux/files/home/storage/shared/bos_la_2024_trip/verizon/20241102/194108896/tcp_downlink_194108952.out
[2024-11-02T19:43:10-0600] DL AVG TPUT: 
[2024-11-02T19:43:10-0600] tcp downlink test finished at 2024-11-02 19:43:10.056 MDT, duration: 121.140 s
[2024-11-02T19:43:10-0600] -------------------------------
[2024-11-02T19:43:10-0600] Waiting for 2 s...
[2024-11-02T19:43:12-0600] -------------------------------
[2024-11-02T19:43:12-0600] Starting 5G booster for 5 s...
[2024-11-02T19:43:12-0600] 5G booster started at 2024-11-02 19:43:12.245 MDT
[2024-11-02T19:43:18-0600] Current time exceeds end time, skipping wait
[2024-11-02T19:43:18-0600] Saved TCP DL results to /data/data/com.termux/files/home/storage/shared/bos_la_2024_trip/verizon/20241102/194108896/tcp_downlink_194312279.out
[2024-11-02T19:43:18-0600] DL AVG TPUT: 
[2024-11-02T19:43:18-0600] 5G booster finished at 2024-11-02 19:43:18.363 MDT, duration: 6.118 s
[2024-11-02T19:43:18-0600] -------------------------------
[2024-11-02T19:43:18-0600] Waiting for 2 s...
[2024-11-02T19:43:20-0600] -------------------------------
[2024-11-02T19:43:20-0600] tcp uplink test started at 2024-11-02 19:43:20.499 MDT
[2024-11-02T19:43:20-0600] testing tcp uplink with 54.176.53.206:5101, interval 0.5, duration 120, timeout 121 ...
[2024-11-02T19:45:21-0600] Current time exceeds end time, skipping wait
[2024-11-02T19:45:21-0600] Saved uplink test to /data/data/com.termux/files/home/storage/shared/bos_la_2024_trip/verizon/20241102/194108896/tcp_uplink_194320529.out
[2024-11-02T19:45:21-0600] UL AVG TPUT: 
[2024-11-02T19:45:21-0600] tcp uplink test finished at 2024-11-02 19:45:21.652 MDT, duration: 121.153 s
[2024-11-02T19:45:21-0600] -------------------------------
[2024-11-02T19:45:21-0600] Waiting for 2 s...
[2024-11-02T19:45:23-0600] -------------------------------
[2024-11-02T19:45:23-0600] Starting 5G booster for 5 s...
[2024-11-02T19:45:23-0600] 5G booster started at 2024-11-02 19:45:23.808 MDT
[2024-11-02T19:45:29-0600] Current time exceeds end time, skipping wait
[2024-11-02T19:45:29-0600] Saved TCP DL results to /data/data/com.termux/files/home/storage/shared/bos_la_2024_trip/verizon/20241102/194108896/tcp_downlink_194523838.out
[2024-11-02T19:45:29-0600] DL AVG TPUT: 
[2024-11-02T19:45:29-0600] 5G booster finished at 2024-11-02 19:45:29.888 MDT, duration: 6.080 s
[2024-11-02T19:45:29-0600] -------------------------------
[2024-11-02T19:45:29-0600] Waiting for 2 s...
[2024-11-02T19:45:31-0600] -------------------------------
[2024-11-02T19:45:32-0600] ICMP Ping test started at 2024-11-02 19:45:31.995 MDT
[2024-11-02T19:46:02-0600] Waiting for .863 s to reach end time
[2024-11-02T19:46:03-0600] Saved ping test to /data/data/com.termux/files/home/storage/shared/bos_la_2024_trip/verizon/20241102/194108896/icmp_ping_194532058.out
[2024-11-02T19:46:03-0600] Ping summary (min/avg/max/mdev) = 37.246/61.707/201.597/19.546 ms
[2024-11-02T19:46:03-0600] Ping test finished at 2024-11-02 19:46:03.092 MDT, duration: 31.097 s
[2024-11-02T19:46:03-0600] -------------------------------
[2024-11-02T19:46:03-0600] Waiting for 2 s...
[2024-11-02T19:46:05-0600] -------------------------------
[2024-11-02T19:46:05-0600] Starting 5G booster for 5 s...
[2024-11-02T19:46:05-0600] 5G booster started at 2024-11-02 19:46:05.214 MDT
[2024-11-02T19:46:11-0600] Current time exceeds end time, skipping wait
[2024-11-02T19:46:11-0600] Saved TCP DL results to /data/data/com.termux/files/home/storage/shared/bos_la_2024_trip/verizon/20241102/194108896/tcp_downlink_194605248.out
[2024-11-02T19:46:11-0600] DL AVG TPUT: 
[2024-11-02T19:46:11-0600] 5G booster finished at 2024-11-02 19:46:11.337 MDT, duration: 6.123 s
[2024-11-02T19:46:11-0600] -------------------------------
[2024-11-02T19:46:11-0600] Waiting for 2 s...
[2024-11-02T19:46:13-0600] -------------------------------
[2024-11-02T19:46:13-0600] TCP Ping test started at 2024-11-02 19:46:13.482 MDT
[2024-11-02T19:46:44-0600] Current time exceeds end time, skipping wait
[2024-11-02T19:46:44-0600] Saved TCP Ping test to /data/data/com.termux/files/home/storage/shared/bos_la_2024_trip/verizon/20241102/194108896/tcp_ping_194613520.out
[2024-11-02T19:46:44-0600] TCP Ping summary (min/avg/max/mdev) 
[2024-11-02T19:46:44-0600] TCP Ping test finished at 2024-11-02 19:46:44.590 MDT, duration: 31.108 s
[2024-11-02T19:46:44-0600] -------------------------------
[2024-11-02T19:46:44-0600] Waiting for 2 s...
[2024-11-02T19:46:46-0600] -------------------------------
[2024-11-02T19:46:46-0600] Traceroute test started at 2024-11-02 19:46:46.692 MDT
[2024-11-02T19:46:47-0600] Waiting for 28.951 s to reach end time
[2024-11-02T19:47:16-0600] Saved traceroute test to /data/data/com.termux/files/home/storage/shared/bos_la_2024_trip/verizon/20241102/194108896/traceroute_194646721.out
[2024-11-02T19:47:16-0600] Traceroute summary (min/avg/max/mdev) 
[2024-11-02T19:47:16-0600] Traceroute test finished at 2024-11-02 19:47:16.802 MDT, duration: 30.110 s
[2024-11-02T19:47:16-0600] -------------------------------
[2024-11-02T19:47:16-0600] All tests completed, cleaning up...
[2024-11-02T19:47:16-0600] -------------------------------
[2024-11-02T19:48:34-0600] [measurement] Load environment variables from prod.env file
[2024-11-02T19:48:34-0600] [measurement] Load operator-specific env from verizon.env file
[2024-11-02T19:48:34-0600] Starting a network measurement, please choose a server
[2024-11-02T19:48:34-0600] 0) West Cloud: 54.176.53.206
[2024-11-02T19:48:34-0600] 1) East Cloud: 54.197.223.49
[2024-11-02T19:48:34-0600] 2) Los Angeles Wavelength: 161.188.33.234
[2024-11-02T19:48:34-0600] 3) Las Vegas Wavelength: 155.146.118.158
[2024-11-02T19:48:34-0600] 4) Denver Wavelength: 155.146.144.24
[2024-11-02T19:48:34-0600] 5) Chicago Wavelength: 155.146.180.31
[2024-11-02T19:48:34-0600] 6) Boston Wavelength: 155.146.11.34
[2024-11-02T19:48:39-0600] Enter your choice (0-6): Testing verizon, server 0 (ip: 54.176.53.206, nuttcp_port: 5101, iperf_port: 5001)
[2024-11-02T19:48:39-0600] -------------------------------
[2024-11-02T19:48:39-0600] tcp downlink test started at 2024-11-02 19:48:39.514 MDT
[2024-11-02T19:48:39-0600] Testing tcp downlink with 54.176.53.206:5101, interval 0.5 s, duration 120 s, timeout 121 s...
[2024-11-02T19:48:39-0600] server aborted connection
[2024-11-02T19:48:39-0600] Waiting for 120.674 s to reach end time
[2024-11-02T19:50:40-0600] Saved tcp downlink test to /data/data/com.termux/files/home/storage/shared/bos_la_2024_trip/verizon/20241102/194839493/tcp_downlink_194839538.out
[2024-11-02T19:50:40-0600] [CAUTION] EMPTY LOG!
[2024-11-02T19:50:40-0600] tcp downlink test finished at 2024-11-02 19:50:40.603 MDT, duration: 121.089 s
[2024-11-02T19:50:40-0600] -------------------------------
[2024-11-02T19:50:40-0600] Waiting for 2 s...
[2024-11-02T19:50:42-0600] -------------------------------
[2024-11-02T19:50:42-0600] Starting 5G booster for 5 s...
[2024-11-02T19:50:42-0600] 5G booster started at 2024-11-02 19:50:42.723 MDT
[2024-11-02T19:50:48-0600] Current time exceeds end time, skipping wait
[2024-11-02T19:50:48-0600] Saved TCP DL results to /data/data/com.termux/files/home/storage/shared/bos_la_2024_trip/verizon/20241102/194839493/tcp_downlink_195042775.out
[2024-11-02T19:50:48-0600] DL AVG TPUT: 
[2024-11-02T19:50:48-0600] 5G booster finished at 2024-11-02 19:50:48.847 MDT, duration: 6.124 s
[2024-11-02T19:50:48-0600] -------------------------------
[2024-11-02T19:50:48-0600] Waiting for 2 s...
[2024-11-02T19:50:50-0600] -------------------------------
[2024-11-02T19:50:51-0600] tcp uplink test started at 2024-11-02 19:50:50.986 MDT
[2024-11-02T19:50:51-0600] testing tcp uplink with 54.176.53.206:5101, interval 0.5, duration 120, timeout 121 ...
[2024-11-02T19:52:52-0600] Current time exceeds end time, skipping wait
[2024-11-02T19:52:52-0600] Saved uplink test to /data/data/com.termux/files/home/storage/shared/bos_la_2024_trip/verizon/20241102/194839493/tcp_uplink_195051015.out
[2024-11-02T19:52:52-0600] UL AVG TPUT: 
[2024-11-02T19:52:52-0600] tcp uplink test finished at 2024-11-02 19:52:52.102 MDT, duration: 121.116 s
[2024-11-02T19:52:52-0600] -------------------------------
[2024-11-02T19:52:52-0600] Waiting for 2 s...
[2024-11-02T19:52:54-0600] -------------------------------
[2024-11-02T19:52:54-0600] Starting 5G booster for 5 s...
[2024-11-02T19:52:54-0600] 5G booster started at 2024-11-02 19:52:54.219 MDT
[2024-11-02T19:52:54-0600] server aborted connection
[2024-11-02T19:52:54-0600] Waiting for 5.801 s to reach end time
[2024-11-02T19:53:00-0600] Saved TCP DL results to /data/data/com.termux/files/home/storage/shared/bos_la_2024_trip/verizon/20241102/194839493/tcp_downlink_195254246.out
[2024-11-02T19:53:00-0600] [CAUTION] EMPTY LOG!
[2024-11-02T19:53:00-0600] 5G booster finished at 2024-11-02 19:53:00.288 MDT, duration: 6.069 s
[2024-11-02T19:53:00-0600] -------------------------------
[2024-11-02T19:53:00-0600] Waiting for 2 s...
[2024-11-02T19:53:02-0600] -------------------------------
[2024-11-02T19:53:02-0600] ICMP Ping test started at 2024-11-02 19:53:02.419 MDT
[2024-11-02T19:53:32-0600] Waiting for .862 s to reach end time
[2024-11-02T19:53:33-0600] Saved ping test to /data/data/com.termux/files/home/storage/shared/bos_la_2024_trip/verizon/20241102/194839493/icmp_ping_195302487.out
[2024-11-02T19:53:33-0600] Ping summary (min/avg/max/mdev) = 41.407/58.712/125.971/11.122 ms
[2024-11-02T19:53:33-0600] Ping test finished at 2024-11-02 19:53:33.520 MDT, duration: 31.101 s
[2024-11-02T19:53:33-0600] -------------------------------
[2024-11-02T19:53:33-0600] Waiting for 2 s...
[2024-11-02T19:53:35-0600] -------------------------------
[2024-11-02T19:53:35-0600] Starting 5G booster for 5 s...
[2024-11-02T19:53:35-0600] 5G booster started at 2024-11-02 19:53:35.684 MDT
[2024-11-02T19:53:41-0600] Current time exceeds end time, skipping wait
[2024-11-02T19:53:41-0600] Saved TCP DL results to /data/data/com.termux/files/home/storage/shared/bos_la_2024_trip/verizon/20241102/194839493/tcp_downlink_195335715.out
[2024-11-02T19:53:41-0600] DL AVG TPUT: 
[2024-11-02T19:53:41-0600] 5G booster finished at 2024-11-02 19:53:41.769 MDT, duration: 6.085 s
[2024-11-02T19:53:41-0600] -------------------------------
[2024-11-02T19:53:41-0600] Waiting for 2 s...
[2024-11-02T19:53:43-0600] -------------------------------
[2024-11-02T19:53:43-0600] TCP Ping test started at 2024-11-02 19:53:43.883 MDT
[2024-11-02T19:54:15-0600] Current time exceeds end time, skipping wait
[2024-11-02T19:54:15-0600] Saved TCP Ping test to /data/data/com.termux/files/home/storage/shared/bos_la_2024_trip/verizon/20241102/194839493/tcp_ping_195343920.out
[2024-11-02T19:54:15-0600] TCP Ping summary (min/avg/max/mdev) 
[2024-11-02T19:54:15-0600] TCP Ping test finished at 2024-11-02 19:54:15.018 MDT, duration: 31.135 s
[2024-11-02T19:54:15-0600] -------------------------------
[2024-11-02T19:54:15-0600] Waiting for 2 s...
[2024-11-02T19:54:17-0600] -------------------------------
[2024-11-02T19:54:17-0600] Traceroute test started at 2024-11-02 19:54:17.130 MDT
[2024-11-02T19:54:18-0600] Waiting for 28.599 s to reach end time
[2024-11-02T19:54:47-0600] Saved traceroute test to /data/data/com.termux/files/home/storage/shared/bos_la_2024_trip/verizon/20241102/194839493/traceroute_195417165.out
[2024-11-02T19:54:47-0600] Traceroute summary (min/avg/max/mdev) 
[2024-11-02T19:54:47-0600] Traceroute test finished at 2024-11-02 19:54:47.260 MDT, duration: 30.130 s
[2024-11-02T19:54:47-0600] -------------------------------
[2024-11-02T19:54:47-0600] All tests completed, cleaning up...
[2024-11-02T19:54:47-0600] -------------------------------
[2024-11-02T19:55:57-0600] [measurement] Load environment variables from prod.env file
[2024-11-02T19:55:57-0600] [measurement] Load operator-specific env from verizon.env file
[2024-11-02T19:55:57-0600] Starting a network measurement, please choose a server
[2024-11-02T19:55:57-0600] 0) West Cloud: 54.176.53.206
[2024-11-02T19:55:57-0600] 1) East Cloud: 54.197.223.49
[2024-11-02T19:55:57-0600] 2) Los Angeles Wavelength: 161.188.33.234
[2024-11-02T19:55:57-0600] 3) Las Vegas Wavelength: 155.146.118.158
[2024-11-02T19:55:57-0600] 4) Denver Wavelength: 155.146.144.24
[2024-11-02T19:55:57-0600] 5) Chicago Wavelength: 155.146.180.31
[2024-11-02T19:55:57-0600] 6) Boston Wavelength: 155.146.11.34
[2024-11-02T19:56:04-0600] Enter your choice (0-6): Testing verizon, server 0 (ip: 54.176.53.206, nuttcp_port: 5101, iperf_port: 5001)
[2024-11-02T19:56:04-0600] -------------------------------
[2024-11-02T19:56:04-0600] tcp downlink test started at 2024-11-02 19:56:04.471 MDT
[2024-11-02T19:56:04-0600] Testing tcp downlink with 54.176.53.206:5101, interval 0.5 s, duration 120 s, timeout 121 s...
[2024-11-02T19:58:05-0600] Current time exceeds end time, skipping wait
[2024-11-02T19:58:05-0600] Saved tcp downlink test to /data/data/com.termux/files/home/storage/shared/bos_la_2024_trip/verizon/20241102/195604449/tcp_downlink_195604500.out
[2024-11-02T19:58:05-0600] DL AVG TPUT: 
[2024-11-02T19:58:05-0600] tcp downlink test finished at 2024-11-02 19:58:05.609 MDT, duration: 121.138 s
[2024-11-02T19:58:05-0600] -------------------------------
[2024-11-02T19:58:05-0600] Waiting for 2 s...
[2024-11-02T19:58:07-0600] -------------------------------
[2024-11-02T19:58:07-0600] Starting 5G booster for 5 s...
[2024-11-02T19:58:07-0600] 5G booster started at 2024-11-02 19:58:07.721 MDT
[2024-11-02T19:58:13-0600] Current time exceeds end time, skipping wait
[2024-11-02T19:58:13-0600] Saved TCP DL results to /data/data/com.termux/files/home/storage/shared/bos_la_2024_trip/verizon/20241102/195604449/tcp_downlink_195807758.out
[2024-11-02T19:58:13-0600] DL AVG TPUT: 
[2024-11-02T19:58:13-0600] 5G booster finished at 2024-11-02 19:58:13.850 MDT, duration: 6.129 s
[2024-11-02T19:58:13-0600] -------------------------------
[2024-11-02T19:58:13-0600] Waiting for 2 s...
[2024-11-02T19:58:15-0600] -------------------------------
[2024-11-02T19:58:15-0600] tcp uplink test started at 2024-11-02 19:58:15.942 MDT
[2024-11-02T19:58:15-0600] testing tcp uplink with 54.176.53.206:5101, interval 0.5, duration 120, timeout 121 ...
[2024-11-02T20:00:17-0600] Current time exceeds end time, skipping wait
[2024-11-02T20:00:17-0600] Saved uplink test to /data/data/com.termux/files/home/storage/shared/bos_la_2024_trip/verizon/20241102/195604449/tcp_uplink_195815968.out
[2024-11-02T20:00:17-0600] UL AVG TPUT: 
[2024-11-02T20:00:17-0600] tcp uplink test finished at 2024-11-02 20:00:17.052 MDT, duration: 121.110 s
[2024-11-02T20:00:17-0600] -------------------------------
[2024-11-02T20:00:17-0600] Waiting for 2 s...
[2024-11-02T20:00:19-0600] -------------------------------
[2024-11-02T20:00:19-0600] Starting 5G booster for 5 s...
[2024-11-02T20:00:19-0600] 5G booster started at 2024-11-02 20:00:19.216 MDT
[2024-11-02T20:00:25-0600] Current time exceeds end time, skipping wait
[2024-11-02T20:00:25-0600] Saved TCP DL results to /data/data/com.termux/files/home/storage/shared/bos_la_2024_trip/verizon/20241102/195604449/tcp_downlink_200019244.out
[2024-11-02T20:00:25-0600] DL AVG TPUT: 
[2024-11-02T20:00:25-0600] 5G booster finished at 2024-11-02 20:00:25.323 MDT, duration: 6.107 s
[2024-11-02T20:00:25-0600] -------------------------------
[2024-11-02T20:00:25-0600] Waiting for 2 s...
[2024-11-02T20:00:27-0600] -------------------------------
[2024-11-02T20:00:27-0600] ICMP Ping test started at 2024-11-02 20:00:27.444 MDT
[2024-11-02T20:00:57-0600] Waiting for .903 s to reach end time
[2024-11-02T20:00:58-0600] Saved ping test to /data/data/com.termux/files/home/storage/shared/bos_la_2024_trip/verizon/20241102/195604449/icmp_ping_200027478.out
[2024-11-02T20:00:58-0600] Ping summary (min/avg/max/mdev) = 41.038/64.448/455.289/44.521 ms
[2024-11-02T20:00:58-0600] Ping test finished at 2024-11-02 20:00:58.532 MDT, duration: 31.088 s
[2024-11-02T20:00:58-0600] -------------------------------
[2024-11-02T20:00:58-0600] Waiting for 2 s...
[2024-11-02T20:01:00-0600] -------------------------------
[2024-11-02T20:01:00-0600] Starting 5G booster for 5 s...
[2024-11-02T20:01:00-0600] 5G booster started at 2024-11-02 20:01:00.651 MDT
[2024-11-02T20:01:00-0600] server aborted connection
[2024-11-02T20:01:01-0600] Waiting for 5.701 s to reach end time
[2024-11-02T20:01:06-0600] Saved TCP DL results to /data/data/com.termux/files/home/storage/shared/bos_la_2024_trip/verizon/20241102/195604449/tcp_downlink_200100726.out
[2024-11-02T20:01:06-0600] [CAUTION] EMPTY LOG!
[2024-11-02T20:01:06-0600] 5G booster finished at 2024-11-02 20:01:06.803 MDT, duration: 6.152 s
[2024-11-02T20:01:06-0600] -------------------------------
[2024-11-02T20:01:06-0600] Waiting for 2 s...
[2024-11-02T20:01:08-0600] -------------------------------
[2024-11-02T20:01:08-0600] TCP Ping test started at 2024-11-02 20:01:08.908 MDT
[2024-11-02T20:01:40-0600] Current time exceeds end time, skipping wait
[2024-11-02T20:01:40-0600] Saved TCP Ping test to /data/data/com.termux/files/home/storage/shared/bos_la_2024_trip/verizon/20241102/195604449/tcp_ping_200108960.out
[2024-11-02T20:01:40-0600] TCP Ping summary (min/avg/max/mdev) 
[2024-11-02T20:01:40-0600] TCP Ping test finished at 2024-11-02 20:01:40.035 MDT, duration: 31.127 s
[2024-11-02T20:01:40-0600] -------------------------------
[2024-11-02T20:01:40-0600] Waiting for 2 s...
[2024-11-02T20:01:42-0600] -------------------------------
[2024-11-02T20:01:42-0600] Traceroute test started at 2024-11-02 20:01:42.173 MDT
[2024-11-02T20:01:43-0600] Waiting for 28.557 s to reach end time
[2024-11-02T20:02:12-0600] Saved traceroute test to /data/data/com.termux/files/home/storage/shared/bos_la_2024_trip/verizon/20241102/195604449/traceroute_200142224.out
[2024-11-02T20:02:12-0600] Traceroute summary (min/avg/max/mdev) 
[2024-11-02T20:02:12-0600] Traceroute test finished at 2024-11-02 20:02:12.268 MDT, duration: 30.095 s
[2024-11-02T20:02:12-0600] -------------------------------
[2024-11-02T20:02:12-0600] All tests completed, cleaning up...
[2024-11-02T20:02:12-0600] -------------------------------
[2024-11-02T20:03:04-0600] [measurement] Load environment variables from prod.env file
[2024-11-02T20:03:04-0600] [measurement] Load operator-specific env from verizon.env file
[2024-11-02T20:03:04-0600] Starting a network measurement, please choose a server
[2024-11-02T20:03:04-0600] 0) West Cloud: 54.176.53.206
[2024-11-02T20:03:04-0600] 1) East Cloud: 54.197.223.49
[2024-11-02T20:03:04-0600] 2) Los Angeles Wavelength: 161.188.33.234
[2024-11-02T20:03:04-0600] 3) Las Vegas Wavelength: 155.146.118.158
[2024-11-02T20:03:04-0600] 4) Denver Wavelength: 155.146.144.24
[2024-11-02T20:03:04-0600] 5) Chicago Wavelength: 155.146.180.31
[2024-11-02T20:03:04-0600] 6) Boston Wavelength: 155.146.11.34
[2024-11-02T20:03:10-0600] Enter your choice (0-6): Testing verizon, server 0 (ip: 54.176.53.206, nuttcp_port: 5101, iperf_port: 5001)
[2024-11-02T20:03:10-0600] -------------------------------
[2024-11-02T20:03:10-0600] tcp downlink test started at 2024-11-02 20:03:10.841 MDT
[2024-11-02T20:03:10-0600] Testing tcp downlink with 54.176.53.206:5101, interval 0.5 s, duration 120 s, timeout 121 s...
[2024-11-02T20:05:11-0600] Current time exceeds end time, skipping wait
[2024-11-02T20:05:11-0600] Saved tcp downlink test to /data/data/com.termux/files/home/storage/shared/bos_la_2024_trip/verizon/20241102/200310820/tcp_downlink_200310865.out
[2024-11-02T20:05:11-0600] DL AVG TPUT: 
[2024-11-02T20:05:12-0600] tcp downlink test finished at 2024-11-02 20:05:11.948 MDT, duration: 121.107 s
[2024-11-02T20:05:12-0600] -------------------------------
[2024-11-02T20:05:12-0600] Waiting for 2 s...
[2024-11-02T20:05:14-0600] -------------------------------
[2024-11-02T20:05:14-0600] Starting 5G booster for 5 s...
[2024-11-02T20:05:14-0600] 5G booster started at 2024-11-02 20:05:14.062 MDT
[2024-11-02T20:05:20-0600] Current time exceeds end time, skipping wait
[2024-11-02T20:05:20-0600] Saved TCP DL results to /data/data/com.termux/files/home/storage/shared/bos_la_2024_trip/verizon/20241102/200310820/tcp_downlink_200514094.out
[2024-11-02T20:05:20-0600] DL AVG TPUT: 
[2024-11-02T20:05:20-0600] 5G booster finished at 2024-11-02 20:05:20.162 MDT, duration: 6.100 s
[2024-11-02T20:05:20-0600] -------------------------------
[2024-11-02T20:05:20-0600] Waiting for 2 s...
[2024-11-02T20:05:22-0600] -------------------------------
[2024-11-02T20:05:22-0600] tcp uplink test started at 2024-11-02 20:05:22.273 MDT
[2024-11-02T20:05:22-0600] testing tcp uplink with 54.176.53.206:5101, interval 0.5, duration 120, timeout 121 ...
[2024-11-02T20:07:23-0600] Waiting for .126 s to reach end time
[2024-11-02T20:07:23-0600] Saved uplink test to /data/data/com.termux/files/home/storage/shared/bos_la_2024_trip/verizon/20241102/200310820/tcp_uplink_200522305.out
[2024-11-02T20:07:23-0600] UL AVG TPUT: 90.9149 Mbps
[2024-11-02T20:07:23-0600] tcp uplink test finished at 2024-11-02 20:07:23.398 MDT, duration: 121.125 s
[2024-11-02T20:07:23-0600] -------------------------------
[2024-11-02T20:07:23-0600] Waiting for 2 s...
[2024-11-02T20:07:25-0600] -------------------------------
[2024-11-02T20:07:25-0600] Starting 5G booster for 5 s...
[2024-11-02T20:07:25-0600] 5G booster started at 2024-11-02 20:07:25.528 MDT
[2024-11-02T20:07:31-0600] Current time exceeds end time, skipping wait
[2024-11-02T20:07:31-0600] Saved TCP DL results to /data/data/com.termux/files/home/storage/shared/bos_la_2024_trip/verizon/20241102/200310820/tcp_downlink_200725608.out
[2024-11-02T20:07:31-0600] DL AVG TPUT: 
[2024-11-02T20:07:31-0600] 5G booster finished at 2024-11-02 20:07:31.708 MDT, duration: 6.180 s
[2024-11-02T20:07:31-0600] -------------------------------
[2024-11-02T20:07:31-0600] Waiting for 2 s...
[2024-11-02T20:07:33-0600] -------------------------------
[2024-11-02T20:07:33-0600] ICMP Ping test started at 2024-11-02 20:07:33.822 MDT
[2024-11-02T20:08:03-0600] Waiting for .882 s to reach end time
[2024-11-02T20:08:04-0600] Saved ping test to /data/data/com.termux/files/home/storage/shared/bos_la_2024_trip/verizon/20241102/200310820/icmp_ping_200733857.out
[2024-11-02T20:08:04-0600] Ping summary (min/avg/max/mdev) = 40.382/50.145/76.527/4.945 ms
[2024-11-02T20:08:04-0600] Ping test finished at 2024-11-02 20:08:04.910 MDT, duration: 31.088 s
[2024-11-02T20:08:04-0600] -------------------------------
[2024-11-02T20:08:04-0600] Waiting for 2 s...
[2024-11-02T20:08:07-0600] -------------------------------
[2024-11-02T20:08:07-0600] Starting 5G booster for 5 s...
[2024-11-02T20:08:07-0600] 5G booster started at 2024-11-02 20:08:07.028 MDT
[2024-11-02T20:08:13-0600] Current time exceeds end time, skipping wait
[2024-11-02T20:08:13-0600] Saved TCP DL results to /data/data/com.termux/files/home/storage/shared/bos_la_2024_trip/verizon/20241102/200310820/tcp_downlink_200807054.out
[2024-11-02T20:08:13-0600] DL AVG TPUT: 
[2024-11-02T20:08:13-0600] 5G booster finished at 2024-11-02 20:08:13.128 MDT, duration: 6.100 s
[2024-11-02T20:08:13-0600] -------------------------------
[2024-11-02T20:08:13-0600] Waiting for 2 s...
[2024-11-02T20:08:15-0600] -------------------------------
[2024-11-02T20:08:15-0600] TCP Ping test started at 2024-11-02 20:08:15.285 MDT
[2024-11-02T20:08:46-0600] Current time exceeds end time, skipping wait
[2024-11-02T20:08:46-0600] Saved TCP Ping test to /data/data/com.termux/files/home/storage/shared/bos_la_2024_trip/verizon/20241102/200310820/tcp_ping_200815322.out
[2024-11-02T20:08:46-0600] TCP Ping summary (min/avg/max/mdev) 
[2024-11-02T20:08:46-0600] TCP Ping test finished at 2024-11-02 20:08:46.431 MDT, duration: 31.146 s
[2024-11-02T20:08:46-0600] -------------------------------
[2024-11-02T20:08:46-0600] Waiting for 2 s...
[2024-11-02T20:08:48-0600] -------------------------------
[2024-11-02T20:08:48-0600] Traceroute test started at 2024-11-02 20:08:48.555 MDT
[2024-11-02T20:08:49-0600] Waiting for 28.776 s to reach end time
[2024-11-02T20:09:18-0600] Saved traceroute test to /data/data/com.termux/files/home/storage/shared/bos_la_2024_trip/verizon/20241102/200310820/traceroute_200848634.out
[2024-11-02T20:09:18-0600] Traceroute summary (min/avg/max/mdev) 
[2024-11-02T20:09:18-0600] Traceroute test finished at 2024-11-02 20:09:18.623 MDT, duration: 30.068 s
[2024-11-02T20:09:18-0600] -------------------------------
[2024-11-02T20:09:18-0600] All tests completed, cleaning up...
[2024-11-02T20:09:18-0600] -------------------------------
[2024-11-02T21:32:22-0600] [measurement] Load environment variables from prod.env file
[2024-11-02T21:32:22-0600] [measurement] Load operator-specific env from verizon.env file
[2024-11-02T21:32:22-0600] Starting a network measurement, please choose a server
[2024-11-02T21:32:22-0600] 0) West Cloud: 54.176.53.206
[2024-11-02T21:32:22-0600] 1) East Cloud: 54.197.223.49
[2024-11-02T21:32:22-0600] 2) Los Angeles Wavelength: 161.188.33.234
[2024-11-02T21:32:22-0600] 3) Las Vegas Wavelength: 155.146.118.158
[2024-11-02T21:32:22-0600] 4) Denver Wavelength: 155.146.144.24
[2024-11-02T21:32:22-0600] 5) Chicago Wavelength: 155.146.180.31
[2024-11-02T21:32:22-0600] 6) Boston Wavelength: 155.146.11.34
[2024-11-02T21:32:27-0600] Enter your choice (0-6): Testing verizon, server 0 (ip: 54.176.53.206, nuttcp_port: 5101, iperf_port: 5001)
[2024-11-02T21:32:27-0600] -------------------------------
[2024-11-02T21:32:27-0600] tcp downlink test started at 2024-11-02 21:32:27.421 MDT
[2024-11-02T21:32:27-0600] Testing tcp downlink with 54.176.53.206:5101, interval 0.5 s, duration 120 s, timeout 121 s...
[2024-11-02T21:34:28-0600] Current time exceeds end time, skipping wait
[2024-11-02T21:34:28-0600] Saved tcp downlink test to /data/data/com.termux/files/home/storage/shared/bos_la_2024_trip/verizon/20241102/213227402/tcp_downlink_213227447.out
[2024-11-02T21:34:28-0600] DL AVG TPUT: 
[2024-11-02T21:34:28-0600] tcp downlink test finished at 2024-11-02 21:34:28.593 MDT, duration: 121.172 s
[2024-11-02T21:34:28-0600] -------------------------------
[2024-11-02T21:34:28-0600] Waiting for 2 s...
[2024-11-02T21:34:30-0600] -------------------------------
[2024-11-02T21:34:30-0600] Starting 5G booster for 5 s...
[2024-11-02T21:34:30-0600] 5G booster started at 2024-11-02 21:34:30.722 MDT
[2024-11-02T21:34:36-0600] Current time exceeds end time, skipping wait
[2024-11-02T21:34:36-0600] Saved TCP DL results to /data/data/com.termux/files/home/storage/shared/bos_la_2024_trip/verizon/20241102/213227402/tcp_downlink_213430774.out
[2024-11-02T21:34:36-0600] DL AVG TPUT: 
[2024-11-02T21:34:36-0600] 5G booster finished at 2024-11-02 21:34:36.902 MDT, duration: 6.180 s
[2024-11-02T21:34:36-0600] -------------------------------
[2024-11-02T21:34:36-0600] Waiting for 2 s...
[2024-11-02T21:34:39-0600] -------------------------------
[2024-11-02T21:34:39-0600] tcp uplink test started at 2024-11-02 21:34:39.029 MDT
[2024-11-02T21:34:39-0600] testing tcp uplink with 54.176.53.206:5101, interval 0.5, duration 120, timeout 121 ...
[2024-11-02T21:36:39-0600] Waiting for .213 s to reach end time
[2024-11-02T21:36:40-0600] Saved uplink test to /data/data/com.termux/files/home/storage/shared/bos_la_2024_trip/verizon/20241102/213227402/tcp_uplink_213439061.out
[2024-11-02T21:36:40-0600] UL AVG TPUT: 84.1347 Mbps
[2024-11-02T21:36:40-0600] tcp uplink test finished at 2024-11-02 21:36:40.115 MDT, duration: 121.086 s
[2024-11-02T21:36:40-0600] -------------------------------
[2024-11-02T21:36:40-0600] Waiting for 2 s...
[2024-11-02T21:36:42-0600] -------------------------------
[2024-11-02T21:36:42-0600] Starting 5G booster for 5 s...
[2024-11-02T21:36:42-0600] 5G booster started at 2024-11-02 21:36:42.282 MDT
[2024-11-02T21:36:48-0600] Current time exceeds end time, skipping wait
[2024-11-02T21:36:48-0600] Saved TCP DL results to /data/data/com.termux/files/home/storage/shared/bos_la_2024_trip/verizon/20241102/213227402/tcp_downlink_213642313.out
[2024-11-02T21:36:48-0600] DL AVG TPUT: 
[2024-11-02T21:36:48-0600] 5G booster finished at 2024-11-02 21:36:48.442 MDT, duration: 6.160 s
[2024-11-02T21:36:48-0600] -------------------------------
[2024-11-02T21:36:48-0600] Waiting for 2 s...
[2024-11-02T21:36:50-0600] -------------------------------
[2024-11-02T21:36:50-0600] ICMP Ping test started at 2024-11-02 21:36:50.581 MDT
[2024-11-02T21:37:20-0600] Waiting for .805 s to reach end time
[2024-11-02T21:37:21-0600] Saved ping test to /data/data/com.termux/files/home/storage/shared/bos_la_2024_trip/verizon/20241102/213227402/icmp_ping_213650659.out
[2024-11-02T21:37:21-0600] Ping summary (min/avg/max/mdev) = 40.498/55.111/88.789/6.815 ms
[2024-11-02T21:37:21-0600] Ping test finished at 2024-11-02 21:37:21.675 MDT, duration: 31.094 s
[2024-11-02T21:37:21-0600] -------------------------------
[2024-11-02T21:37:21-0600] Waiting for 2 s...
[2024-11-02T21:37:23-0600] -------------------------------
[2024-11-02T21:37:23-0600] Starting 5G booster for 5 s...
[2024-11-02T21:37:23-0600] 5G booster started at 2024-11-02 21:37:23.803 MDT
[2024-11-02T21:37:29-0600] Current time exceeds end time, skipping wait
[2024-11-02T21:37:29-0600] Saved TCP DL results to /data/data/com.termux/files/home/storage/shared/bos_la_2024_trip/verizon/20241102/213227402/tcp_downlink_213723833.out
[2024-11-02T21:37:29-0600] DL AVG TPUT: 
[2024-11-02T21:37:29-0600] 5G booster finished at 2024-11-02 21:37:29.911 MDT, duration: 6.108 s
[2024-11-02T21:37:29-0600] -------------------------------
[2024-11-02T21:37:29-0600] Waiting for 2 s...
[2024-11-02T21:37:31-0600] -------------------------------
[2024-11-02T21:37:32-0600] TCP Ping test started at 2024-11-02 21:37:32.011 MDT
[2024-11-02T21:38:03-0600] Current time exceeds end time, skipping wait
[2024-11-02T21:38:03-0600] Saved TCP Ping test to /data/data/com.termux/files/home/storage/shared/bos_la_2024_trip/verizon/20241102/213227402/tcp_ping_213732045.out
[2024-11-02T21:38:03-0600] TCP Ping summary (min/avg/max/mdev) 
[2024-11-02T21:38:03-0600] TCP Ping test finished at 2024-11-02 21:38:03.176 MDT, duration: 31.165 s
[2024-11-02T21:38:03-0600] -------------------------------
[2024-11-02T21:38:03-0600] Waiting for 2 s...
[2024-11-02T21:38:05-0600] -------------------------------
[2024-11-02T21:38:05-0600] Traceroute test started at 2024-11-02 21:38:05.286 MDT
[2024-11-02T21:38:06-0600] Waiting for 28.698 s to reach end time
[2024-11-02T21:38:35-0600] Saved traceroute test to /data/data/com.termux/files/home/storage/shared/bos_la_2024_trip/verizon/20241102/213227402/traceroute_213805317.out
[2024-11-02T21:38:35-0600] Traceroute summary (min/avg/max/mdev) 
[2024-11-02T21:38:35-0600] Traceroute test finished at 2024-11-02 21:38:35.379 MDT, duration: 30.093 s
[2024-11-02T21:38:35-0600] -------------------------------
[2024-11-02T21:38:35-0600] All tests completed, cleaning up...
[2024-11-02T21:38:35-0600] -------------------------------
[2024-11-02T21:39:24-0600] [measurement] Load environment variables from prod.env file
[2024-11-02T21:39:24-0600] [measurement] Load operator-specific env from verizon.env file
[2024-11-02T21:39:24-0600] Starting a network measurement, please choose a server
[2024-11-02T21:39:24-0600] 0) West Cloud: 54.176.53.206
[2024-11-02T21:39:24-0600] 1) East Cloud: 54.197.223.49
[2024-11-02T21:39:24-0600] 2) Los Angeles Wavelength: 161.188.33.234
[2024-11-02T21:39:24-0600] 3) Las Vegas Wavelength: 155.146.118.158
[2024-11-02T21:39:24-0600] 4) Denver Wavelength: 155.146.144.24
[2024-11-02T21:39:24-0600] 5) Chicago Wavelength: 155.146.180.31
[2024-11-02T21:39:24-0600] 6) Boston Wavelength: 155.146.11.34
[2024-11-02T21:39:46-0600] Enter your choice (0-6): Testing verizon, server 0 (ip: 54.176.53.206, nuttcp_port: 5101, iperf_port: 5001)
[2024-11-02T21:39:46-0600] -------------------------------
[2024-11-02T21:39:47-0600] tcp downlink test started at 2024-11-02 21:39:47.002 MDT
[2024-11-02T21:39:47-0600] Testing tcp downlink with 54.176.53.206:5101, interval 0.5 s, duration 120 s, timeout 121 s...
[2024-11-02T21:41:48-0600] Current time exceeds end time, skipping wait
[2024-11-02T21:41:48-0600] Saved tcp downlink test to /data/data/com.termux/files/home/storage/shared/bos_la_2024_trip/verizon/20241102/213946984/tcp_downlink_213947032.out
[2024-11-02T21:41:48-0600] DL AVG TPUT: 
[2024-11-02T21:41:48-0600] tcp downlink test finished at 2024-11-02 21:41:48.117 MDT, duration: 121.115 s
[2024-11-02T21:41:48-0600] -------------------------------
[2024-11-02T21:41:48-0600] Waiting for 2 s...
[2024-11-02T21:41:50-0600] -------------------------------
[2024-11-02T21:41:50-0600] Starting 5G booster for 5 s...
[2024-11-02T21:41:50-0600] 5G booster started at 2024-11-02 21:41:50.227 MDT
[2024-11-02T21:41:56-0600] Current time exceeds end time, skipping wait
[2024-11-02T21:41:56-0600] Saved TCP DL results to /data/data/com.termux/files/home/storage/shared/bos_la_2024_trip/verizon/20241102/213946984/tcp_downlink_214150254.out
[2024-11-02T21:41:56-0600] DL AVG TPUT: 
[2024-11-02T21:41:56-0600] 5G booster finished at 2024-11-02 21:41:56.346 MDT, duration: 6.119 s
[2024-11-02T21:41:56-0600] -------------------------------
[2024-11-02T21:41:56-0600] Waiting for 2 s...
[2024-11-02T21:41:58-0600] -------------------------------
[2024-11-02T21:41:58-0600] tcp uplink test started at 2024-11-02 21:41:58.455 MDT
[2024-11-02T21:41:58-0600] testing tcp uplink with 54.176.53.206:5101, interval 0.5, duration 120, timeout 121 ...
[2024-11-02T21:43:59-0600] Current time exceeds end time, skipping wait
[2024-11-02T21:43:59-0600] Saved uplink test to /data/data/com.termux/files/home/storage/shared/bos_la_2024_trip/verizon/20241102/213946984/tcp_uplink_214158484.out
[2024-11-02T21:43:59-0600] UL AVG TPUT: 
[2024-11-02T21:43:59-0600] tcp uplink test finished at 2024-11-02 21:43:59.590 MDT, duration: 121.135 s
[2024-11-02T21:43:59-0600] -------------------------------
[2024-11-02T21:43:59-0600] Waiting for 2 s...
[2024-11-02T21:44:01-0600] -------------------------------
[2024-11-02T21:44:01-0600] Starting 5G booster for 5 s...
[2024-11-02T21:44:01-0600] 5G booster started at 2024-11-02 21:44:01.736 MDT
[2024-11-02T21:44:07-0600] Current time exceeds end time, skipping wait
[2024-11-02T21:44:07-0600] Saved TCP DL results to /data/data/com.termux/files/home/storage/shared/bos_la_2024_trip/verizon/20241102/213946984/tcp_downlink_214401795.out
[2024-11-02T21:44:07-0600] DL AVG TPUT: 
[2024-11-02T21:44:07-0600] 5G booster finished at 2024-11-02 21:44:07.861 MDT, duration: 6.125 s
[2024-11-02T21:44:07-0600] -------------------------------
[2024-11-02T21:44:07-0600] Waiting for 2 s...
[2024-11-02T21:44:09-0600] -------------------------------
[2024-11-02T21:44:09-0600] ICMP Ping test started at 2024-11-02 21:44:09.972 MDT
[2024-11-02T21:44:40-0600] Waiting for .911 s to reach end time
[2024-11-02T21:44:41-0600] Saved ping test to /data/data/com.termux/files/home/storage/shared/bos_la_2024_trip/verizon/20241102/213946984/icmp_ping_214410002.out
[2024-11-02T21:44:41-0600] Ping summary (min/avg/max/mdev) = 35.924/58.355/128.864/11.304 ms
[2024-11-02T21:44:41-0600] Ping test finished at 2024-11-02 21:44:41.068 MDT, duration: 31.096 s
[2024-11-02T21:44:41-0600] -------------------------------
[2024-11-02T21:44:41-0600] Waiting for 2 s...
[2024-11-02T21:44:43-0600] -------------------------------
[2024-11-02T21:44:43-0600] Starting 5G booster for 5 s...
[2024-11-02T21:44:43-0600] 5G booster started at 2024-11-02 21:44:43.204 MDT
[2024-11-02T21:44:49-0600] Current time exceeds end time, skipping wait
[2024-11-02T21:44:49-0600] Saved TCP DL results to /data/data/com.termux/files/home/storage/shared/bos_la_2024_trip/verizon/20241102/213946984/tcp_downlink_214443233.out
[2024-11-02T21:44:49-0600] DL AVG TPUT: 
[2024-11-02T21:44:49-0600] 5G booster finished at 2024-11-02 21:44:49.329 MDT, duration: 6.125 s
[2024-11-02T21:44:49-0600] -------------------------------
[2024-11-02T21:44:49-0600] Waiting for 2 s...
[2024-11-02T21:44:51-0600] -------------------------------
[2024-11-02T21:44:51-0600] TCP Ping test started at 2024-11-02 21:44:51.458 MDT
[2024-11-02T21:45:22-0600] Current time exceeds end time, skipping wait
[2024-11-02T21:45:22-0600] Saved TCP Ping test to /data/data/com.termux/files/home/storage/shared/bos_la_2024_trip/verizon/20241102/213946984/tcp_ping_214451486.out
[2024-11-02T21:45:22-0600] TCP Ping summary (min/avg/max/mdev) 
[2024-11-02T21:45:22-0600] TCP Ping test finished at 2024-11-02 21:45:22.583 MDT, duration: 31.125 s
[2024-11-02T21:45:22-0600] -------------------------------
[2024-11-02T21:45:22-0600] Waiting for 2 s...
[2024-11-02T21:45:24-0600] -------------------------------
[2024-11-02T21:45:24-0600] Traceroute test started at 2024-11-02 21:45:24.700 MDT
[2024-11-02T21:45:25-0600] Waiting for 29.131 s to reach end time
[2024-11-02T21:45:54-0600] Saved traceroute test to /data/data/com.termux/files/home/storage/shared/bos_la_2024_trip/verizon/20241102/213946984/traceroute_214524727.out
[2024-11-02T21:45:54-0600] Traceroute summary (min/avg/max/mdev) 
[2024-11-02T21:45:54-0600] Traceroute test finished at 2024-11-02 21:45:54.789 MDT, duration: 30.089 s
[2024-11-02T21:45:54-0600] -------------------------------
[2024-11-02T21:45:54-0600] All tests completed, cleaning up...
[2024-11-02T21:45:54-0600] -------------------------------
[2024-11-02T21:46:56-0600] [measurement] Load environment variables from prod.env file
[2024-11-02T21:46:56-0600] [measurement] Load operator-specific env from verizon.env file
[2024-11-02T21:46:56-0600] Starting a network measurement, please choose a server
[2024-11-02T21:46:56-0600] 0) West Cloud: 54.176.53.206
[2024-11-02T21:46:56-0600] 1) East Cloud: 54.197.223.49
[2024-11-02T21:46:56-0600] 2) Los Angeles Wavelength: 161.188.33.234
[2024-11-02T21:46:56-0600] 3) Las Vegas Wavelength: 155.146.118.158
[2024-11-02T21:46:56-0600] 4) Denver Wavelength: 155.146.144.24
[2024-11-02T21:46:56-0600] 5) Chicago Wavelength: 155.146.180.31
[2024-11-02T21:46:56-0600] 6) Boston Wavelength: 155.146.11.34
[2024-11-02T21:47:00-0600] Enter your choice (0-6): Testing verizon, server 0 (ip: 54.176.53.206, nuttcp_port: 5101, iperf_port: 5001)
[2024-11-02T21:47:00-0600] -------------------------------
[2024-11-02T21:47:00-0600] tcp downlink test started at 2024-11-02 21:47:00.658 MDT
[2024-11-02T21:47:00-0600] Testing tcp downlink with 54.176.53.206:5101, interval 0.5 s, duration 120 s, timeout 121 s...
[2024-11-02T21:49:01-0600] Current time exceeds end time, skipping wait
[2024-11-02T21:49:01-0600] Saved tcp downlink test to /data/data/com.termux/files/home/storage/shared/bos_la_2024_trip/verizon/20241102/214700637/tcp_downlink_214700682.out
[2024-11-02T21:49:01-0600] DL AVG TPUT: 
[2024-11-02T21:49:01-0600] tcp downlink test finished at 2024-11-02 21:49:01.758 MDT, duration: 121.100 s
[2024-11-02T21:49:01-0600] -------------------------------
[2024-11-02T21:49:01-0600] Waiting for 2 s...
[2024-11-02T21:49:03-0600] -------------------------------
[2024-11-02T21:49:03-0600] Starting 5G booster for 5 s...
[2024-11-02T21:49:03-0600] 5G booster started at 2024-11-02 21:49:03.902 MDT
[2024-11-02T21:49:10-0600] Current time exceeds end time, skipping wait
[2024-11-02T21:49:10-0600] Saved TCP DL results to /data/data/com.termux/files/home/storage/shared/bos_la_2024_trip/verizon/20241102/214700637/tcp_downlink_214903933.out
[2024-11-02T21:49:10-0600] DL AVG TPUT: 
[2024-11-02T21:49:10-0600] 5G booster finished at 2024-11-02 21:49:10.021 MDT, duration: 6.119 s
[2024-11-02T21:49:10-0600] -------------------------------
[2024-11-02T21:49:10-0600] Waiting for 2 s...
[2024-11-02T21:49:12-0600] -------------------------------
[2024-11-02T21:49:12-0600] tcp uplink test started at 2024-11-02 21:49:12.124 MDT
[2024-11-02T21:49:12-0600] testing tcp uplink with 54.176.53.206:5101, interval 0.5, duration 120, timeout 121 ...
[2024-11-02T21:51:13-0600] Current time exceeds end time, skipping wait
[2024-11-02T21:51:13-0600] Saved uplink test to /data/data/com.termux/files/home/storage/shared/bos_la_2024_trip/verizon/20241102/214700637/tcp_uplink_214912152.out
[2024-11-02T21:51:13-0600] UL AVG TPUT: 
[2024-11-02T21:51:13-0600] tcp uplink test finished at 2024-11-02 21:51:13.272 MDT, duration: 121.148 s
[2024-11-02T21:51:13-0600] -------------------------------
[2024-11-02T21:51:13-0600] Waiting for 2 s...
[2024-11-02T21:51:15-0600] -------------------------------
[2024-11-02T21:51:15-0600] Starting 5G booster for 5 s...
[2024-11-02T21:51:15-0600] 5G booster started at 2024-11-02 21:51:15.400 MDT
[2024-11-02T21:51:21-0600] Current time exceeds end time, skipping wait
[2024-11-02T21:51:21-0600] Saved TCP DL results to /data/data/com.termux/files/home/storage/shared/bos_la_2024_trip/verizon/20241102/214700637/tcp_downlink_215115434.out
[2024-11-02T21:51:21-0600] DL AVG TPUT: 
[2024-11-02T21:51:21-0600] 5G booster finished at 2024-11-02 21:51:21.527 MDT, duration: 6.127 s
[2024-11-02T21:51:21-0600] -------------------------------
[2024-11-02T21:51:21-0600] Waiting for 2 s...
[2024-11-02T21:51:23-0600] -------------------------------
[2024-11-02T21:51:23-0600] ICMP Ping test started at 2024-11-02 21:51:23.672 MDT
[2024-11-02T21:51:53-0600] Waiting for .887 s to reach end time
[2024-11-02T21:51:54-0600] Saved ping test to /data/data/com.termux/files/home/storage/shared/bos_la_2024_trip/verizon/20241102/214700637/icmp_ping_215123721.out
[2024-11-02T21:51:54-0600] Ping summary (min/avg/max/mdev) = 39.933/54.873/67.635/6.563 ms
[2024-11-02T21:51:54-0600] Ping test finished at 2024-11-02 21:51:54.746 MDT, duration: 31.074 s
[2024-11-02T21:51:54-0600] -------------------------------
[2024-11-02T21:51:54-0600] Waiting for 2 s...
[2024-11-02T21:51:56-0600] -------------------------------
[2024-11-02T21:51:56-0600] Starting 5G booster for 5 s...
[2024-11-02T21:51:56-0600] 5G booster started at 2024-11-02 21:51:56.865 MDT
[2024-11-02T21:51:57-0600] server aborted connection
[2024-11-02T21:51:57-0600] Waiting for 5.710 s to reach end time
[2024-11-02T21:52:02-0600] Saved TCP DL results to /data/data/com.termux/files/home/storage/shared/bos_la_2024_trip/verizon/20241102/214700637/tcp_downlink_215156946.out
[2024-11-02T21:52:02-0600] [CAUTION] EMPTY LOG!
[2024-11-02T21:52:03-0600] 5G booster finished at 2024-11-02 21:52:02.972 MDT, duration: 6.107 s
[2024-11-02T21:52:03-0600] -------------------------------
[2024-11-02T21:52:03-0600] Waiting for 2 s...
[2024-11-02T21:52:05-0600] -------------------------------
[2024-11-02T21:52:05-0600] TCP Ping test started at 2024-11-02 21:52:05.073 MDT
[2024-11-02T21:52:36-0600] Current time exceeds end time, skipping wait
[2024-11-02T21:52:36-0600] Saved TCP Ping test to /data/data/com.termux/files/home/storage/shared/bos_la_2024_trip/verizon/20241102/214700637/tcp_ping_215205108.out
[2024-11-02T21:52:36-0600] TCP Ping summary (min/avg/max/mdev) 
[2024-11-02T21:52:36-0600] TCP Ping test finished at 2024-11-02 21:52:36.262 MDT, duration: 31.189 s
[2024-11-02T21:52:36-0600] -------------------------------
[2024-11-02T21:52:36-0600] Waiting for 2 s...
[2024-11-02T21:52:38-0600] -------------------------------
[2024-11-02T21:52:38-0600] Traceroute test started at 2024-11-02 21:52:38.400 MDT
[2024-11-02T21:52:39-0600] Waiting for 28.774 s to reach end time
[2024-11-02T21:53:08-0600] Saved traceroute test to /data/data/com.termux/files/home/storage/shared/bos_la_2024_trip/verizon/20241102/214700637/traceroute_215238427.out
[2024-11-02T21:53:08-0600] Traceroute summary (min/avg/max/mdev) 
[2024-11-02T21:53:08-0600] Traceroute test finished at 2024-11-02 21:53:08.510 MDT, duration: 30.110 s
[2024-11-02T21:53:08-0600] -------------------------------
[2024-11-02T21:53:08-0600] All tests completed, cleaning up...
[2024-11-02T21:53:08-0600] -------------------------------
