[2024-11-06T10:29:35-0600] [measurement] Load environment variables from prod.env file
[2024-11-06T10:29:35-0600] Starting a network measurement, please choose a server
[2024-11-06T10:29:35-0600] 0) West Cloud: 54.176.53.206
[2024-11-06T10:29:35-0600] 1) East Cloud: 54.197.223.49
[2024-11-06T10:33:25-0600] Enter your choice (0-1): Testing starlink, server 1 (ip: 54.197.223.49, nuttcp_port: 5103, iperf_port: 5003)
[2024-11-06T10:33:25-0600] -------------------------------
[2024-11-06T10:33:25-0600] tcp downlink test started at 2024-11-06 10:33:25.583 CST
[2024-11-06T10:33:25-0600] Testing tcp downlink with 54.197.223.49:5103, interval 0.5 s, duration 120 s, timeout 121 s...
[2024-11-06T10:35:26-0600] Current time exceeds end time, skipping wait
[2024-11-06T10:35:26-0600] Saved tcp downlink test to /data/data/com.termux/files/home/storage/shared/bos_la_2024_trip/starlink/20241106/103325566/tcp_downlink_103325608.out
[2024-11-06T10:35:26-0600] [CAUTION] EMPTY LOG!
[2024-11-06T10:35:26-0600] tcp downlink test finished at 2024-11-06 10:35:26.742 CST, duration: 121.159 s
[2024-11-06T10:35:26-0600] -------------------------------
[2024-11-06T10:35:26-0600] Waiting for 2 s...
[2024-11-06T10:35:28-0600] -------------------------------
[2024-11-06T10:35:28-0600] Starting 5G booster for 5 s...
[2024-11-06T10:35:28-0600] 5G booster started at 2024-11-06 10:35:28.857 CST
[2024-11-06T10:35:34-0600] Current time exceeds end time, skipping wait
[2024-11-06T10:35:34-0600] Saved TCP DL results to /data/data/com.termux/files/home/storage/shared/bos_la_2024_trip/starlink/20241106/103325566/tcp_downlink_103528881.out
[2024-11-06T10:35:34-0600] [CAUTION] EMPTY LOG!
[2024-11-06T10:35:35-0600] 5G booster finished at 2024-11-06 10:35:34.980 CST, duration: 6.123 s
[2024-11-06T10:35:35-0600] -------------------------------
[2024-11-06T10:35:35-0600] Waiting for 2 s...
[2024-11-06T10:35:37-0600] -------------------------------
[2024-11-06T10:35:37-0600] tcp uplink test started at 2024-11-06 10:35:37.056 CST
[2024-11-06T10:35:37-0600] testing tcp uplink with 54.197.223.49:5103, interval 0.5, duration 120, timeout 121 ...
[2024-11-06T10:37:38-0600] Current time exceeds end time, skipping wait
[2024-11-06T10:37:38-0600] Saved uplink test to /data/data/com.termux/files/home/storage/shared/bos_la_2024_trip/starlink/20241106/103325566/tcp_uplink_103537078.out
[2024-11-06T10:37:38-0600] [CAUTION] EMPTY LOG!
[2024-11-06T10:37:38-0600] tcp uplink test finished at 2024-11-06 10:37:38.150 CST, duration: 121.094 s
[2024-11-06T10:37:38-0600] -------------------------------
[2024-11-06T10:37:38-0600] Waiting for 2 s...
[2024-11-06T10:37:40-0600] -------------------------------
[2024-11-06T10:37:40-0600] Starting 5G booster for 5 s...
[2024-11-06T10:37:40-0600] 5G booster started at 2024-11-06 10:37:40.268 CST
[2024-11-06T10:37:46-0600] Current time exceeds end time, skipping wait
[2024-11-06T10:37:46-0600] Saved TCP DL results to /data/data/com.termux/files/home/storage/shared/bos_la_2024_trip/starlink/20241106/103325566/tcp_downlink_103740321.out
[2024-11-06T10:37:46-0600] [CAUTION] EMPTY LOG!
[2024-11-06T10:37:46-0600] 5G booster finished at 2024-11-06 10:37:46.378 CST, duration: 6.110 s
[2024-11-06T10:37:46-0600] -------------------------------
[2024-11-06T10:37:46-0600] Waiting for 2 s...
[2024-11-06T10:37:48-0600] -------------------------------
[2024-11-06T10:37:48-0600] ICMP Ping test started at 2024-11-06 10:37:48.497 CST
[2024-11-06T10:38:18-0600] Waiting for .872 s to reach end time
[2024-11-06T10:38:19-0600] Saved ping test to /data/data/com.termux/files/home/storage/shared/bos_la_2024_trip/starlink/20241106/103325566/icmp_ping_103748547.out
[2024-11-06T10:38:19-0600] Ping summary (min/avg/max/mdev) = 77.025/140.746/204.468/63.722 ms
[2024-11-06T10:38:19-0600] Ping test finished at 2024-11-06 10:38:19.622 CST, duration: 31.125 s
[2024-11-06T10:38:19-0600] -------------------------------
[2024-11-06T10:38:19-0600] Waiting for 2 s...
[2024-11-06T10:38:21-0600] -------------------------------
[2024-11-06T10:38:21-0600] Starting 5G booster for 5 s...
[2024-11-06T10:38:21-0600] 5G booster started at 2024-11-06 10:38:21.727 CST
[2024-11-06T10:38:27-0600] Current time exceeds end time, skipping wait
[2024-11-06T10:38:27-0600] Saved TCP DL results to /data/data/com.termux/files/home/storage/shared/bos_la_2024_trip/starlink/20241106/103325566/tcp_downlink_103821748.out
[2024-11-06T10:38:27-0600] DL AVG TPUT: 
[2024-11-06T10:38:27-0600] 5G booster finished at 2024-11-06 10:38:27.839 CST, duration: 6.112 s
[2024-11-06T10:38:27-0600] -------------------------------
[2024-11-06T10:38:27-0600] Waiting for 2 s...
[2024-11-06T10:38:29-0600] -------------------------------
[2024-11-06T10:38:29-0600] TCP Ping test started at 2024-11-06 10:38:29.931 CST
[2024-11-06T10:39:01-0600] Current time exceeds end time, skipping wait
[2024-11-06T10:39:01-0600] Saved TCP Ping test to /data/data/com.termux/files/home/storage/shared/bos_la_2024_trip/starlink/20241106/103325566/tcp_ping_103829975.out
[2024-11-06T10:39:01-0600] TCP Ping summary (min/avg/max/mdev) 
[2024-11-06T10:39:01-0600] TCP Ping test finished at 2024-11-06 10:39:01.069 CST, duration: 31.138 s
[2024-11-06T10:39:01-0600] -------------------------------
[2024-11-06T10:39:01-0600] Waiting for 2 s...
[2024-11-06T10:39:03-0600] -------------------------------
[2024-11-06T10:39:03-0600] Traceroute test started at 2024-11-06 10:39:03.197 CST
[2024-11-06T10:39:33-0600] Current time exceeds end time, skipping wait
[2024-11-06T10:39:33-0600] Saved traceroute test to /data/data/com.termux/files/home/storage/shared/bos_la_2024_trip/starlink/20241106/103325566/traceroute_103903229.out
[2024-11-06T10:39:33-0600] Traceroute summary (min/avg/max/mdev) 
[2024-11-06T10:39:33-0600] Traceroute test finished at 2024-11-06 10:39:33.343 CST, duration: 30.146 s
[2024-11-06T10:39:33-0600] -------------------------------
[2024-11-06T10:39:33-0600] All tests completed, cleaning up...
[2024-11-06T10:39:33-0600] -------------------------------
[2024-11-06T10:39:46-0600] [measurement] Load environment variables from prod.env file
[2024-11-06T10:39:46-0600] Starting a network measurement, please choose a server
[2024-11-06T10:39:46-0600] 0) West Cloud: 54.176.53.206
[2024-11-06T10:39:46-0600] 1) East Cloud: 54.197.223.49
[2024-11-06T10:40:19-0600] Enter your choice (0-1): Testing starlink, server 1 (ip: 54.197.223.49, nuttcp_port: 5103, iperf_port: 5003)
[2024-11-06T10:40:19-0600] -------------------------------
[2024-11-06T10:40:19-0600] tcp downlink test started at 2024-11-06 10:40:19.064 CST
[2024-11-06T10:40:19-0600] Testing tcp downlink with 54.197.223.49:5103, interval 0.5 s, duration 120 s, timeout 121 s...
[2024-11-06T10:42:20-0600] Current time exceeds end time, skipping wait
[2024-11-06T10:42:20-0600] Saved tcp downlink test to /data/data/com.termux/files/home/storage/shared/bos_la_2024_trip/starlink/20241106/104019047/tcp_downlink_104019087.out
[2024-11-06T10:42:20-0600] DL AVG TPUT: 
[2024-11-06T10:42:20-0600] tcp downlink test finished at 2024-11-06 10:42:20.180 CST, duration: 121.116 s
[2024-11-06T10:42:20-0600] -------------------------------
[2024-11-06T10:42:20-0600] Waiting for 2 s...
[2024-11-06T10:42:22-0600] -------------------------------
[2024-11-06T10:42:22-0600] Starting 5G booster for 5 s...
[2024-11-06T10:42:22-0600] 5G booster started at 2024-11-06 10:42:22.271 CST
[2024-11-06T10:42:28-0600] Current time exceeds end time, skipping wait
[2024-11-06T10:42:28-0600] Saved TCP DL results to /data/data/com.termux/files/home/storage/shared/bos_la_2024_trip/starlink/20241106/104019047/tcp_downlink_104222292.out
[2024-11-06T10:42:28-0600] DL AVG TPUT: 
[2024-11-06T10:42:28-0600] 5G booster finished at 2024-11-06 10:42:28.385 CST, duration: 6.114 s
[2024-11-06T10:42:28-0600] -------------------------------
[2024-11-06T10:42:28-0600] Waiting for 2 s...
[2024-11-06T10:42:30-0600] -------------------------------
[2024-11-06T10:42:30-0600] tcp uplink test started at 2024-11-06 10:42:30.492 CST
[2024-11-06T10:42:30-0600] testing tcp uplink with 54.197.223.49:5103, interval 0.5, duration 120, timeout 121 ...
[2024-11-06T10:44:31-0600] Current time exceeds end time, skipping wait
[2024-11-06T10:44:31-0600] Saved uplink test to /data/data/com.termux/files/home/storage/shared/bos_la_2024_trip/starlink/20241106/104019047/tcp_uplink_104230534.out
[2024-11-06T10:44:31-0600] UL AVG TPUT: 
[2024-11-06T10:44:31-0600] tcp uplink test finished at 2024-11-06 10:44:31.602 CST, duration: 121.110 s
[2024-11-06T10:44:31-0600] -------------------------------
[2024-11-06T10:44:31-0600] Waiting for 2 s...
[2024-11-06T10:44:33-0600] -------------------------------
[2024-11-06T10:44:33-0600] Starting 5G booster for 5 s...
[2024-11-06T10:44:33-0600] 5G booster started at 2024-11-06 10:44:33.691 CST
[2024-11-06T10:44:39-0600] Current time exceeds end time, skipping wait
[2024-11-06T10:44:39-0600] Saved TCP DL results to /data/data/com.termux/files/home/storage/shared/bos_la_2024_trip/starlink/20241106/104019047/tcp_downlink_104433713.out
[2024-11-06T10:44:39-0600] DL AVG TPUT: 
[2024-11-06T10:44:39-0600] 5G booster finished at 2024-11-06 10:44:39.763 CST, duration: 6.072 s
[2024-11-06T10:44:39-0600] -------------------------------
[2024-11-06T10:44:39-0600] Waiting for 2 s...
[2024-11-06T10:44:41-0600] -------------------------------
[2024-11-06T10:44:41-0600] ICMP Ping test started at 2024-11-06 10:44:41.869 CST
[2024-11-06T10:45:12-0600] Waiting for .876 s to reach end time
[2024-11-06T10:45:12-0600] Saved ping test to /data/data/com.termux/files/home/storage/shared/bos_la_2024_trip/starlink/20241106/104019047/icmp_ping_104441906.out
[2024-11-06T10:45:12-0600] Ping summary (min/avg/max/mdev) = 38.556/53.673/127.074/14.842 ms
[2024-11-06T10:45:13-0600] Ping test finished at 2024-11-06 10:45:12.956 CST, duration: 31.087 s
[2024-11-06T10:45:13-0600] -------------------------------
[2024-11-06T10:45:13-0600] Waiting for 2 s...
[2024-11-06T10:45:15-0600] -------------------------------
[2024-11-06T10:45:15-0600] Starting 5G booster for 5 s...
[2024-11-06T10:45:15-0600] 5G booster started at 2024-11-06 10:45:15.077 CST
[2024-11-06T10:45:21-0600] Current time exceeds end time, skipping wait
[2024-11-06T10:45:21-0600] Saved TCP DL results to /data/data/com.termux/files/home/storage/shared/bos_la_2024_trip/starlink/20241106/104019047/tcp_downlink_104515103.out
[2024-11-06T10:45:21-0600] DL AVG TPUT: 
[2024-11-06T10:45:21-0600] 5G booster finished at 2024-11-06 10:45:21.164 CST, duration: 6.087 s
[2024-11-06T10:45:21-0600] -------------------------------
[2024-11-06T10:45:21-0600] Waiting for 2 s...
[2024-11-06T10:45:23-0600] -------------------------------
[2024-11-06T10:45:23-0600] TCP Ping test started at 2024-11-06 10:45:23.277 CST
[2024-11-06T10:45:54-0600] Current time exceeds end time, skipping wait
[2024-11-06T10:45:54-0600] Saved TCP Ping test to /data/data/com.termux/files/home/storage/shared/bos_la_2024_trip/starlink/20241106/104019047/tcp_ping_104523304.out
[2024-11-06T10:45:54-0600] TCP Ping summary (min/avg/max/mdev) 
[2024-11-06T10:45:54-0600] TCP Ping test finished at 2024-11-06 10:45:54.409 CST, duration: 31.132 s
[2024-11-06T10:45:54-0600] -------------------------------
[2024-11-06T10:45:54-0600] Waiting for 2 s...
[2024-11-06T10:45:56-0600] -------------------------------
[2024-11-06T10:45:56-0600] Traceroute test started at 2024-11-06 10:45:56.505 CST
[2024-11-06T10:45:58-0600] Waiting for 27.891 s to reach end time
[2024-11-06T10:46:26-0600] Saved traceroute test to /data/data/com.termux/files/home/storage/shared/bos_la_2024_trip/starlink/20241106/104019047/traceroute_104556532.out
[2024-11-06T10:46:26-0600] Traceroute summary (min/avg/max/mdev) 
[2024-11-06T10:46:26-0600] Traceroute test finished at 2024-11-06 10:46:26.575 CST, duration: 30.070 s
[2024-11-06T10:46:26-0600] -------------------------------
[2024-11-06T10:46:26-0600] All tests completed, cleaning up...
[2024-11-06T10:46:26-0600] -------------------------------
[2024-11-06T10:46:43-0600] [measurement] Load environment variables from prod.env file
[2024-11-06T10:46:43-0600] Starting a network measurement, please choose a server
[2024-11-06T10:46:43-0600] 0) West Cloud: 54.176.53.206
[2024-11-06T10:46:43-0600] 1) East Cloud: 54.197.223.49
[2024-11-06T10:47:05-0600] Enter your choice (0-1): Testing starlink, server 1 (ip: 54.197.223.49, nuttcp_port: 5103, iperf_port: 5003)
[2024-11-06T10:47:05-0600] -------------------------------
[2024-11-06T10:47:05-0600] tcp downlink test started at 2024-11-06 10:47:05.845 CST
[2024-11-06T10:47:05-0600] Testing tcp downlink with 54.197.223.49:5103, interval 0.5 s, duration 120 s, timeout 121 s...
[2024-11-06T10:49:06-0600] Current time exceeds end time, skipping wait
[2024-11-06T10:49:06-0600] Saved tcp downlink test to /data/data/com.termux/files/home/storage/shared/bos_la_2024_trip/starlink/20241106/104705825/tcp_downlink_104705872.out
[2024-11-06T10:49:06-0600] DL AVG TPUT: 
[2024-11-06T10:49:07-0600] tcp downlink test finished at 2024-11-06 10:49:06.946 CST, duration: 121.101 s
[2024-11-06T10:49:07-0600] -------------------------------
[2024-11-06T10:49:07-0600] Waiting for 2 s...
[2024-11-06T10:49:09-0600] -------------------------------
[2024-11-06T10:49:09-0600] Starting 5G booster for 5 s...
[2024-11-06T10:49:09-0600] 5G booster started at 2024-11-06 10:49:09.065 CST
[2024-11-06T10:49:15-0600] Current time exceeds end time, skipping wait
[2024-11-06T10:49:15-0600] Saved TCP DL results to /data/data/com.termux/files/home/storage/shared/bos_la_2024_trip/starlink/20241106/104705825/tcp_downlink_104909094.out
[2024-11-06T10:49:15-0600] DL AVG TPUT: 
[2024-11-06T10:49:15-0600] 5G booster finished at 2024-11-06 10:49:15.169 CST, duration: 6.104 s
[2024-11-06T10:49:15-0600] -------------------------------
[2024-11-06T10:49:15-0600] Waiting for 2 s...
[2024-11-06T10:49:17-0600] -------------------------------
[2024-11-06T10:49:17-0600] tcp uplink test started at 2024-11-06 10:49:17.265 CST
[2024-11-06T10:49:17-0600] testing tcp uplink with 54.197.223.49:5103, interval 0.5, duration 120, timeout 121 ...
[2024-11-06T10:51:18-0600] Current time exceeds end time, skipping wait
[2024-11-06T10:51:18-0600] Saved uplink test to /data/data/com.termux/files/home/storage/shared/bos_la_2024_trip/starlink/20241106/104705825/tcp_uplink_104917298.out
[2024-11-06T10:51:18-0600] UL AVG TPUT: 
[2024-11-06T10:51:18-0600] tcp uplink test finished at 2024-11-06 10:51:18.365 CST, duration: 121.100 s
[2024-11-06T10:51:18-0600] -------------------------------
[2024-11-06T10:51:18-0600] Waiting for 2 s...
[2024-11-06T10:51:20-0600] -------------------------------
[2024-11-06T10:51:20-0600] Starting 5G booster for 5 s...
[2024-11-06T10:51:20-0600] 5G booster started at 2024-11-06 10:51:20.460 CST
[2024-11-06T10:51:26-0600] Current time exceeds end time, skipping wait
[2024-11-06T10:51:26-0600] Saved TCP DL results to /data/data/com.termux/files/home/storage/shared/bos_la_2024_trip/starlink/20241106/104705825/tcp_downlink_105120514.out
[2024-11-06T10:51:26-0600] DL AVG TPUT: 
[2024-11-06T10:51:26-0600] 5G booster finished at 2024-11-06 10:51:26.597 CST, duration: 6.137 s
[2024-11-06T10:51:26-0600] -------------------------------
[2024-11-06T10:51:26-0600] Waiting for 2 s...
[2024-11-06T10:51:28-0600] -------------------------------
[2024-11-06T10:51:28-0600] ICMP Ping test started at 2024-11-06 10:51:28.678 CST
[2024-11-06T10:51:58-0600] Waiting for .893 s to reach end time
[2024-11-06T10:51:59-0600] Saved ping test to /data/data/com.termux/files/home/storage/shared/bos_la_2024_trip/starlink/20241106/104705825/icmp_ping_105128709.out
[2024-11-06T10:51:59-0600] Ping summary (min/avg/max/mdev) = 39.808/55.482/117.179/14.426 ms
[2024-11-06T10:51:59-0600] Ping test finished at 2024-11-06 10:51:59.784 CST, duration: 31.106 s
[2024-11-06T10:51:59-0600] -------------------------------
[2024-11-06T10:51:59-0600] Waiting for 2 s...
[2024-11-06T10:52:01-0600] -------------------------------
[2024-11-06T10:52:01-0600] Starting 5G booster for 5 s...
[2024-11-06T10:52:01-0600] 5G booster started at 2024-11-06 10:52:01.870 CST
[2024-11-06T10:52:07-0600] Current time exceeds end time, skipping wait
[2024-11-06T10:52:07-0600] Saved TCP DL results to /data/data/com.termux/files/home/storage/shared/bos_la_2024_trip/starlink/20241106/104705825/tcp_downlink_105201893.out
[2024-11-06T10:52:07-0600] DL AVG TPUT: 
[2024-11-06T10:52:08-0600] 5G booster finished at 2024-11-06 10:52:07.943 CST, duration: 6.073 s
[2024-11-06T10:52:08-0600] -------------------------------
[2024-11-06T10:52:08-0600] Waiting for 2 s...
[2024-11-06T10:52:10-0600] -------------------------------
[2024-11-06T10:52:10-0600] TCP Ping test started at 2024-11-06 10:52:10.064 CST
[2024-11-06T10:52:41-0600] Current time exceeds end time, skipping wait
[2024-11-06T10:52:41-0600] Saved TCP Ping test to /data/data/com.termux/files/home/storage/shared/bos_la_2024_trip/starlink/20241106/104705825/tcp_ping_105210123.out
[2024-11-06T10:52:41-0600] TCP Ping summary (min/avg/max/mdev) 
[2024-11-06T10:52:41-0600] TCP Ping test finished at 2024-11-06 10:52:41.217 CST, duration: 31.153 s
[2024-11-06T10:52:41-0600] -------------------------------
[2024-11-06T10:52:41-0600] Waiting for 2 s...
[2024-11-06T10:52:43-0600] -------------------------------
[2024-11-06T10:52:43-0600] Traceroute test started at 2024-11-06 10:52:43.312 CST
[2024-11-06T10:52:44-0600] Waiting for 28.513 s to reach end time
[2024-11-06T10:53:13-0600] Saved traceroute test to /data/data/com.termux/files/home/storage/shared/bos_la_2024_trip/starlink/20241106/104705825/traceroute_105243343.out
[2024-11-06T10:53:13-0600] Traceroute summary (min/avg/max/mdev) 
[2024-11-06T10:53:13-0600] Traceroute test finished at 2024-11-06 10:53:13.384 CST, duration: 30.072 s
[2024-11-06T10:53:13-0600] -------------------------------
[2024-11-06T10:53:13-0600] All tests completed, cleaning up...
[2024-11-06T10:53:13-0600] -------------------------------
[2024-11-06T10:53:20-0600] [measurement] Load environment variables from prod.env file
[2024-11-06T10:53:20-0600] Starting a network measurement, please choose a server
[2024-11-06T10:53:20-0600] 0) West Cloud: 54.176.53.206
[2024-11-06T10:53:20-0600] 1) East Cloud: 54.197.223.49
[2024-11-06T10:53:47-0600] Enter your choice (0-1): Testing starlink, server 1 (ip: 54.197.223.49, nuttcp_port: 5103, iperf_port: 5003)
[2024-11-06T10:53:48-0600] -------------------------------
[2024-11-06T10:53:48-0600] tcp downlink test started at 2024-11-06 10:53:48.057 CST
[2024-11-06T10:53:48-0600] Testing tcp downlink with 54.197.223.49:5103, interval 0.5 s, duration 120 s, timeout 121 s...
[2024-11-06T10:55:04-0600] Waiting for 45.099 s to reach end time
[2024-11-06T10:55:49-0600] Saved tcp downlink test to /data/data/com.termux/files/home/storage/shared/bos_la_2024_trip/starlink/20241106/105348034/tcp_downlink_105348078.out
[2024-11-06T10:55:49-0600] DL AVG TPUT: 
[2024-11-06T10:55:49-0600] tcp downlink test finished at 2024-11-06 10:55:49.143 CST, duration: 121.086 s
[2024-11-06T10:55:49-0600] -------------------------------
[2024-11-06T10:55:49-0600] Waiting for 2 s...
[2024-11-06T10:55:51-0600] -------------------------------
[2024-11-06T10:55:51-0600] Starting 5G booster for 5 s...
[2024-11-06T10:55:51-0600] 5G booster started at 2024-11-06 10:55:51.254 CST
[2024-11-06T10:55:57-0600] Current time exceeds end time, skipping wait
[2024-11-06T10:55:57-0600] Saved TCP DL results to /data/data/com.termux/files/home/storage/shared/bos_la_2024_trip/starlink/20241106/105348034/tcp_downlink_105551276.out
[2024-11-06T10:55:57-0600] DL AVG TPUT: 
[2024-11-06T10:55:57-0600] 5G booster finished at 2024-11-06 10:55:57.372 CST, duration: 6.118 s
[2024-11-06T10:55:57-0600] -------------------------------
[2024-11-06T10:55:57-0600] Waiting for 2 s...
[2024-11-06T10:55:59-0600] -------------------------------
[2024-11-06T10:55:59-0600] tcp uplink test started at 2024-11-06 10:55:59.467 CST
[2024-11-06T10:55:59-0600] testing tcp uplink with 54.197.223.49:5103, interval 0.5, duration 120, timeout 121 ...
[2024-11-06T10:58:00-0600] Current time exceeds end time, skipping wait
[2024-11-06T10:58:00-0600] Saved uplink test to /data/data/com.termux/files/home/storage/shared/bos_la_2024_trip/starlink/20241106/105348034/tcp_uplink_105559497.out
[2024-11-06T10:58:00-0600] UL AVG TPUT: 
[2024-11-06T10:58:00-0600] tcp uplink test finished at 2024-11-06 10:58:00.571 CST, duration: 121.104 s
[2024-11-06T10:58:00-0600] -------------------------------
[2024-11-06T10:58:00-0600] Waiting for 2 s...
[2024-11-06T10:58:02-0600] -------------------------------
[2024-11-06T10:58:02-0600] Starting 5G booster for 5 s...
[2024-11-06T10:58:02-0600] 5G booster started at 2024-11-06 10:58:02.682 CST
[2024-11-06T10:58:08-0600] Current time exceeds end time, skipping wait
[2024-11-06T10:58:08-0600] Saved TCP DL results to /data/data/com.termux/files/home/storage/shared/bos_la_2024_trip/starlink/20241106/105348034/tcp_downlink_105802708.out
[2024-11-06T10:58:08-0600] DL AVG TPUT: 
[2024-11-06T10:58:08-0600] 5G booster finished at 2024-11-06 10:58:08.774 CST, duration: 6.092 s
[2024-11-06T10:58:08-0600] -------------------------------
[2024-11-06T10:58:08-0600] Waiting for 2 s...
[2024-11-06T10:58:10-0600] -------------------------------
[2024-11-06T10:58:10-0600] ICMP Ping test started at 2024-11-06 10:58:10.855 CST
[2024-11-06T10:58:41-0600] Waiting for .893 s to reach end time
[2024-11-06T10:58:41-0600] Saved ping test to /data/data/com.termux/files/home/storage/shared/bos_la_2024_trip/starlink/20241106/105348034/icmp_ping_105810889.out
[2024-11-06T10:58:41-0600] Ping summary (min/avg/max/mdev) = 42.571/80.848/193.200/30.836 ms
[2024-11-06T10:58:42-0600] Ping test finished at 2024-11-06 10:58:41.928 CST, duration: 31.073 s
[2024-11-06T10:58:42-0600] -------------------------------
[2024-11-06T10:58:42-0600] Waiting for 2 s...
[2024-11-06T10:58:44-0600] -------------------------------
[2024-11-06T10:58:44-0600] Starting 5G booster for 5 s...
[2024-11-06T10:58:44-0600] 5G booster started at 2024-11-06 10:58:44.052 CST
[2024-11-06T10:58:50-0600] Current time exceeds end time, skipping wait
[2024-11-06T10:58:50-0600] Saved TCP DL results to /data/data/com.termux/files/home/storage/shared/bos_la_2024_trip/starlink/20241106/105348034/tcp_downlink_105844104.out
[2024-11-06T10:58:50-0600] DL AVG TPUT: 
[2024-11-06T10:58:50-0600] 5G booster finished at 2024-11-06 10:58:50.186 CST, duration: 6.134 s
[2024-11-06T10:58:50-0600] -------------------------------
[2024-11-06T10:58:50-0600] Waiting for 2 s...
[2024-11-06T10:58:52-0600] -------------------------------
[2024-11-06T10:58:52-0600] TCP Ping test started at 2024-11-06 10:58:52.269 CST
[2024-11-06T10:59:23-0600] Current time exceeds end time, skipping wait
[2024-11-06T10:59:23-0600] Saved TCP Ping test to /data/data/com.termux/files/home/storage/shared/bos_la_2024_trip/starlink/20241106/105348034/tcp_ping_105852290.out
[2024-11-06T10:59:23-0600] TCP Ping summary (min/avg/max/mdev) 
[2024-11-06T10:59:23-0600] TCP Ping test finished at 2024-11-06 10:59:23.383 CST, duration: 31.114 s
[2024-11-06T10:59:23-0600] -------------------------------
[2024-11-06T10:59:23-0600] Waiting for 2 s...
[2024-11-06T10:59:25-0600] -------------------------------
[2024-11-06T10:59:25-0600] Traceroute test started at 2024-11-06 10:59:25.488 CST
[2024-11-06T10:59:31-0600] Waiting for 24.440 s to reach end time
[2024-11-06T10:59:55-0600] Saved traceroute test to /data/data/com.termux/files/home/storage/shared/bos_la_2024_trip/starlink/20241106/105348034/traceroute_105925513.out
[2024-11-06T10:59:55-0600] Traceroute summary (min/avg/max/mdev) 
[2024-11-06T10:59:55-0600] Traceroute test finished at 2024-11-06 10:59:55.616 CST, duration: 30.128 s
[2024-11-06T10:59:55-0600] -------------------------------
[2024-11-06T10:59:55-0600] All tests completed, cleaning up...
[2024-11-06T10:59:55-0600] -------------------------------
[2024-11-06T11:00:00-0600] [measurement] Load environment variables from prod.env file
[2024-11-06T11:00:00-0600] Starting a network measurement, please choose a server
[2024-11-06T11:00:00-0600] 0) West Cloud: 54.176.53.206
[2024-11-06T11:00:00-0600] 1) East Cloud: 54.197.223.49
[2024-11-06T11:00:25-0600] Enter your choice (0-1): Testing starlink, server 1 (ip: 54.197.223.49, nuttcp_port: 5103, iperf_port: 5003)
[2024-11-06T11:00:25-0600] -------------------------------
[2024-11-06T11:00:25-0600] tcp downlink test started at 2024-11-06 11:00:25.137 CST
[2024-11-06T11:00:25-0600] Testing tcp downlink with 54.197.223.49:5103, interval 0.5 s, duration 120 s, timeout 121 s...
[2024-11-06T11:00:55-0600] Waiting for 90.535 s to reach end time
[2024-11-06T11:02:26-0600] Saved tcp downlink test to /data/data/com.termux/files/home/storage/shared/bos_la_2024_trip/starlink/20241106/110025120/tcp_downlink_110025159.out
[2024-11-06T11:02:26-0600] DL AVG TPUT: 
[2024-11-06T11:02:26-0600] tcp downlink test finished at 2024-11-06 11:02:26.252 CST, duration: 121.115 s
[2024-11-06T11:02:26-0600] -------------------------------
[2024-11-06T11:02:26-0600] Waiting for 2 s...
[2024-11-06T11:02:28-0600] -------------------------------
[2024-11-06T11:02:28-0600] Starting 5G booster for 5 s...
[2024-11-06T11:02:28-0600] 5G booster started at 2024-11-06 11:02:28.355 CST
[2024-11-06T11:02:34-0600] Current time exceeds end time, skipping wait
[2024-11-06T11:02:34-0600] Saved TCP DL results to /data/data/com.termux/files/home/storage/shared/bos_la_2024_trip/starlink/20241106/110025120/tcp_downlink_110228383.out
[2024-11-06T11:02:34-0600] DL AVG TPUT: 
[2024-11-06T11:02:34-0600] 5G booster finished at 2024-11-06 11:02:34.442 CST, duration: 6.087 s
[2024-11-06T11:02:34-0600] -------------------------------
[2024-11-06T11:02:34-0600] Waiting for 2 s...
[2024-11-06T11:02:36-0600] -------------------------------
[2024-11-06T11:02:36-0600] tcp uplink test started at 2024-11-06 11:02:36.566 CST
[2024-11-06T11:02:36-0600] testing tcp uplink with 54.197.223.49:5103, interval 0.5, duration 120, timeout 121 ...
[2024-11-06T11:04:37-0600] Current time exceeds end time, skipping wait
[2024-11-06T11:04:37-0600] Saved uplink test to /data/data/com.termux/files/home/storage/shared/bos_la_2024_trip/starlink/20241106/110025120/tcp_uplink_110236594.out
[2024-11-06T11:04:37-0600] UL AVG TPUT: 
[2024-11-06T11:04:37-0600] tcp uplink test finished at 2024-11-06 11:04:37.661 CST, duration: 121.095 s
[2024-11-06T11:04:37-0600] -------------------------------
[2024-11-06T11:04:37-0600] Waiting for 2 s...
[2024-11-06T11:04:39-0600] -------------------------------
[2024-11-06T11:04:39-0600] Starting 5G booster for 5 s...
[2024-11-06T11:04:39-0600] 5G booster started at 2024-11-06 11:04:39.743 CST
[2024-11-06T11:04:45-0600] Current time exceeds end time, skipping wait
[2024-11-06T11:04:45-0600] Saved TCP DL results to /data/data/com.termux/files/home/storage/shared/bos_la_2024_trip/starlink/20241106/110025120/tcp_downlink_110439766.out
[2024-11-06T11:04:45-0600] DL AVG TPUT: 
[2024-11-06T11:04:45-0600] 5G booster finished at 2024-11-06 11:04:45.843 CST, duration: 6.100 s
[2024-11-06T11:04:45-0600] -------------------------------
[2024-11-06T11:04:45-0600] Waiting for 2 s...
[2024-11-06T11:04:47-0600] -------------------------------
[2024-11-06T11:04:47-0600] ICMP Ping test started at 2024-11-06 11:04:47.944 CST
[2024-11-06T11:05:18-0600] Waiting for .913 s to reach end time
[2024-11-06T11:05:19-0600] Saved ping test to /data/data/com.termux/files/home/storage/shared/bos_la_2024_trip/starlink/20241106/110025120/icmp_ping_110447967.out
[2024-11-06T11:05:19-0600] Ping summary (min/avg/max/mdev) = 37.362/68.811/125.097/23.895 ms
[2024-11-06T11:05:19-0600] Ping test finished at 2024-11-06 11:05:19.031 CST, duration: 31.087 s
[2024-11-06T11:05:19-0600] -------------------------------
[2024-11-06T11:05:19-0600] Waiting for 2 s...
[2024-11-06T11:05:21-0600] -------------------------------
[2024-11-06T11:05:21-0600] Starting 5G booster for 5 s...
[2024-11-06T11:05:21-0600] 5G booster started at 2024-11-06 11:05:21.139 CST
[2024-11-06T11:05:27-0600] Current time exceeds end time, skipping wait
[2024-11-06T11:05:27-0600] Saved TCP DL results to /data/data/com.termux/files/home/storage/shared/bos_la_2024_trip/starlink/20241106/110025120/tcp_downlink_110521166.out
[2024-11-06T11:05:27-0600] DL AVG TPUT: 
[2024-11-06T11:05:27-0600] 5G booster finished at 2024-11-06 11:05:27.237 CST, duration: 6.098 s
[2024-11-06T11:05:27-0600] -------------------------------
[2024-11-06T11:05:27-0600] Waiting for 2 s...
[2024-11-06T11:05:29-0600] -------------------------------
[2024-11-06T11:05:29-0600] TCP Ping test started at 2024-11-06 11:05:29.325 CST
[2024-11-06T11:06:00-0600] Current time exceeds end time, skipping wait
[2024-11-06T11:06:00-0600] Saved TCP Ping test to /data/data/com.termux/files/home/storage/shared/bos_la_2024_trip/starlink/20241106/110025120/tcp_ping_110529348.out
[2024-11-06T11:06:00-0600] TCP Ping summary (min/avg/max/mdev) 
[2024-11-06T11:06:00-0600] TCP Ping test finished at 2024-11-06 11:06:00.450 CST, duration: 31.125 s
[2024-11-06T11:06:00-0600] -------------------------------
[2024-11-06T11:06:00-0600] Waiting for 2 s...
[2024-11-06T11:06:02-0600] -------------------------------
[2024-11-06T11:06:02-0600] Traceroute test started at 2024-11-06 11:06:02.544 CST
[2024-11-06T11:06:03-0600] Waiting for 28.674 s to reach end time
[2024-11-06T11:06:32-0600] Saved traceroute test to /data/data/com.termux/files/home/storage/shared/bos_la_2024_trip/starlink/20241106/110025120/traceroute_110602579.out
[2024-11-06T11:06:32-0600] Traceroute summary (min/avg/max/mdev) 
[2024-11-06T11:06:32-0600] Traceroute test finished at 2024-11-06 11:06:32.641 CST, duration: 30.097 s
[2024-11-06T11:06:32-0600] -------------------------------
[2024-11-06T11:06:32-0600] All tests completed, cleaning up...
[2024-11-06T11:06:32-0600] -------------------------------
[2024-11-06T11:06:52-0600] [measurement] Load environment variables from prod.env file
[2024-11-06T11:06:52-0600] Starting a network measurement, please choose a server
[2024-11-06T11:06:52-0600] 0) West Cloud: 54.176.53.206
[2024-11-06T11:06:52-0600] 1) East Cloud: 54.197.223.49
[2024-11-06T11:07:10-0600] Enter your choice (0-1): Testing starlink, server 1 (ip: 54.197.223.49, nuttcp_port: 5103, iperf_port: 5003)
[2024-11-06T11:07:10-0600] -------------------------------
[2024-11-06T11:07:10-0600] tcp downlink test started at 2024-11-06 11:07:10.652 CST
[2024-11-06T11:07:10-0600] Testing tcp downlink with 54.197.223.49:5103, interval 0.5 s, duration 120 s, timeout 121 s...
[2024-11-06T11:09:11-0600] Current time exceeds end time, skipping wait
[2024-11-06T11:09:11-0600] Saved tcp downlink test to /data/data/com.termux/files/home/storage/shared/bos_la_2024_trip/starlink/20241106/110710635/tcp_downlink_110710676.out
[2024-11-06T11:09:11-0600] DL AVG TPUT: 
[2024-11-06T11:09:11-0600] tcp downlink test finished at 2024-11-06 11:09:11.768 CST, duration: 121.116 s
[2024-11-06T11:09:11-0600] -------------------------------
[2024-11-06T11:09:11-0600] Waiting for 2 s...
[2024-11-06T11:09:13-0600] -------------------------------
[2024-11-06T11:09:13-0600] Starting 5G booster for 5 s...
[2024-11-06T11:09:13-0600] 5G booster started at 2024-11-06 11:09:13.845 CST
[2024-11-06T11:09:19-0600] Current time exceeds end time, skipping wait
[2024-11-06T11:09:19-0600] Saved TCP DL results to /data/data/com.termux/files/home/storage/shared/bos_la_2024_trip/starlink/20241106/110710635/tcp_downlink_110913873.out
[2024-11-06T11:09:19-0600] DL AVG TPUT: 
[2024-11-06T11:09:19-0600] 5G booster finished at 2024-11-06 11:09:19.927 CST, duration: 6.082 s
[2024-11-06T11:09:19-0600] -------------------------------
[2024-11-06T11:09:19-0600] Waiting for 2 s...
[2024-11-06T11:09:22-0600] -------------------------------
[2024-11-06T11:09:22-0600] tcp uplink test started at 2024-11-06 11:09:22.027 CST
[2024-11-06T11:09:22-0600] testing tcp uplink with 54.197.223.49:5103, interval 0.5, duration 120, timeout 121 ...
[2024-11-06T11:11:23-0600] Current time exceeds end time, skipping wait
[2024-11-06T11:11:23-0600] Saved uplink test to /data/data/com.termux/files/home/storage/shared/bos_la_2024_trip/starlink/20241106/110710635/tcp_uplink_110922091.out
[2024-11-06T11:11:23-0600] UL AVG TPUT: 
[2024-11-06T11:11:23-0600] tcp uplink test finished at 2024-11-06 11:11:23.173 CST, duration: 121.146 s
[2024-11-06T11:11:23-0600] -------------------------------
[2024-11-06T11:11:23-0600] Waiting for 2 s...
[2024-11-06T11:11:25-0600] -------------------------------
[2024-11-06T11:11:25-0600] Starting 5G booster for 5 s...
[2024-11-06T11:11:25-0600] 5G booster started at 2024-11-06 11:11:25.267 CST
[2024-11-06T11:11:31-0600] Current time exceeds end time, skipping wait
[2024-11-06T11:11:31-0600] Saved TCP DL results to /data/data/com.termux/files/home/storage/shared/bos_la_2024_trip/starlink/20241106/110710635/tcp_downlink_111125297.out
[2024-11-06T11:11:31-0600] DL AVG TPUT: 
[2024-11-06T11:11:31-0600] 5G booster finished at 2024-11-06 11:11:31.411 CST, duration: 6.144 s
[2024-11-06T11:11:31-0600] -------------------------------
[2024-11-06T11:11:31-0600] Waiting for 2 s...
[2024-11-06T11:11:33-0600] -------------------------------
[2024-11-06T11:11:33-0600] ICMP Ping test started at 2024-11-06 11:11:33.513 CST
[2024-11-06T11:12:03-0600] Waiting for .883 s to reach end time
[2024-11-06T11:12:04-0600] Saved ping test to /data/data/com.termux/files/home/storage/shared/bos_la_2024_trip/starlink/20241106/110710635/icmp_ping_111133539.out
[2024-11-06T11:12:04-0600] Ping summary (min/avg/max/mdev) = 43.385/68.900/148.107/22.166 ms
[2024-11-06T11:12:04-0600] Ping test finished at 2024-11-06 11:12:04.664 CST, duration: 31.151 s
[2024-11-06T11:12:04-0600] -------------------------------
[2024-11-06T11:12:04-0600] Waiting for 2 s...
[2024-11-06T11:12:06-0600] -------------------------------
[2024-11-06T11:12:06-0600] Starting 5G booster for 5 s...
[2024-11-06T11:12:06-0600] 5G booster started at 2024-11-06 11:12:06.756 CST
[2024-11-06T11:12:12-0600] Current time exceeds end time, skipping wait
[2024-11-06T11:12:12-0600] Saved TCP DL results to /data/data/com.termux/files/home/storage/shared/bos_la_2024_trip/starlink/20241106/110710635/tcp_downlink_111206781.out
[2024-11-06T11:12:12-0600] DL AVG TPUT: 
[2024-11-06T11:12:12-0600] 5G booster finished at 2024-11-06 11:12:12.866 CST, duration: 6.110 s
[2024-11-06T11:12:12-0600] -------------------------------
[2024-11-06T11:12:12-0600] Waiting for 2 s...
[2024-11-06T11:12:14-0600] -------------------------------
[2024-11-06T11:12:14-0600] TCP Ping test started at 2024-11-06 11:12:14.966 CST
[2024-11-06T11:12:46-0600] Current time exceeds end time, skipping wait
[2024-11-06T11:12:46-0600] Saved TCP Ping test to /data/data/com.termux/files/home/storage/shared/bos_la_2024_trip/starlink/20241106/110710635/tcp_ping_111214990.out
[2024-11-06T11:12:46-0600] TCP Ping summary (min/avg/max/mdev) 
[2024-11-06T11:12:46-0600] TCP Ping test finished at 2024-11-06 11:12:46.081 CST, duration: 31.115 s
[2024-11-06T11:12:46-0600] -------------------------------
[2024-11-06T11:12:46-0600] Waiting for 2 s...
[2024-11-06T11:12:48-0600] -------------------------------
[2024-11-06T11:12:48-0600] Traceroute test started at 2024-11-06 11:12:48.166 CST
[2024-11-06T11:12:50-0600] Waiting for 28.149 s to reach end time
[2024-11-06T11:13:18-0600] Saved traceroute test to /data/data/com.termux/files/home/storage/shared/bos_la_2024_trip/starlink/20241106/110710635/traceroute_111248203.out
[2024-11-06T11:13:18-0600] Traceroute summary (min/avg/max/mdev) 
[2024-11-06T11:13:18-0600] Traceroute test finished at 2024-11-06 11:13:18.264 CST, duration: 30.098 s
[2024-11-06T11:13:18-0600] -------------------------------
[2024-11-06T11:13:18-0600] All tests completed, cleaning up...
[2024-11-06T11:13:18-0600] -------------------------------
[2024-11-06T11:13:30-0600] [measurement] Load environment variables from prod.env file
[2024-11-06T11:13:30-0600] Starting a network measurement, please choose a server
[2024-11-06T11:13:30-0600] 0) West Cloud: 54.176.53.206
[2024-11-06T11:13:30-0600] 1) East Cloud: 54.197.223.49
[2024-11-06T11:14:18-0600] Enter your choice (0-1): Testing starlink, server 1 (ip: 54.197.223.49, nuttcp_port: 5103, iperf_port: 5003)
[2024-11-06T11:14:18-0600] -------------------------------
[2024-11-06T11:14:18-0600] tcp downlink test started at 2024-11-06 11:14:18.116 CST
[2024-11-06T11:14:18-0600] Testing tcp downlink with 54.197.223.49:5103, interval 0.5 s, duration 120 s, timeout 121 s...
[2024-11-06T11:14:48-0600] Waiting for 90.643 s to reach end time
[2024-11-06T11:16:19-0600] Saved tcp downlink test to /data/data/com.termux/files/home/storage/shared/bos_la_2024_trip/starlink/20241106/111418091/tcp_downlink_111418144.out
[2024-11-06T11:16:19-0600] DL AVG TPUT: 
[2024-11-06T11:16:19-0600] tcp downlink test finished at 2024-11-06 11:16:19.236 CST, duration: 121.120 s
[2024-11-06T11:16:19-0600] -------------------------------
[2024-11-06T11:16:19-0600] Waiting for 2 s...
[2024-11-06T11:16:21-0600] -------------------------------
[2024-11-06T11:16:21-0600] Starting 5G booster for 5 s...
[2024-11-06T11:16:21-0600] 5G booster started at 2024-11-06 11:16:21.350 CST
[2024-11-06T11:16:27-0600] Current time exceeds end time, skipping wait
[2024-11-06T11:16:27-0600] Saved TCP DL results to /data/data/com.termux/files/home/storage/shared/bos_la_2024_trip/starlink/20241106/111418091/tcp_downlink_111621386.out
[2024-11-06T11:16:27-0600] DL AVG TPUT: 
[2024-11-06T11:16:27-0600] 5G booster finished at 2024-11-06 11:16:27.464 CST, duration: 6.114 s
[2024-11-06T11:16:27-0600] -------------------------------
[2024-11-06T11:16:27-0600] Waiting for 2 s...
[2024-11-06T11:16:29-0600] -------------------------------
[2024-11-06T11:16:29-0600] tcp uplink test started at 2024-11-06 11:16:29.551 CST
[2024-11-06T11:16:29-0600] testing tcp uplink with 54.197.223.49:5103, interval 0.5, duration 120, timeout 121 ...
[2024-11-06T11:18:30-0600] Current time exceeds end time, skipping wait
[2024-11-06T11:18:30-0600] Saved uplink test to /data/data/com.termux/files/home/storage/shared/bos_la_2024_trip/starlink/20241106/111418091/tcp_uplink_111629574.out
[2024-11-06T11:18:30-0600] UL AVG TPUT: 
[2024-11-06T11:18:30-0600] tcp uplink test finished at 2024-11-06 11:18:30.644 CST, duration: 121.093 s
[2024-11-06T11:18:30-0600] -------------------------------
[2024-11-06T11:18:30-0600] Waiting for 2 s...
[2024-11-06T11:18:32-0600] -------------------------------
[2024-11-06T11:18:32-0600] Starting 5G booster for 5 s...
[2024-11-06T11:18:32-0600] 5G booster started at 2024-11-06 11:18:32.732 CST
[2024-11-06T11:18:38-0600] Current time exceeds end time, skipping wait
[2024-11-06T11:18:38-0600] Saved TCP DL results to /data/data/com.termux/files/home/storage/shared/bos_la_2024_trip/starlink/20241106/111418091/tcp_downlink_111832761.out
[2024-11-06T11:18:38-0600] DL AVG TPUT: 
[2024-11-06T11:18:38-0600] 5G booster finished at 2024-11-06 11:18:38.837 CST, duration: 6.105 s
[2024-11-06T11:18:38-0600] -------------------------------
[2024-11-06T11:18:38-0600] Waiting for 2 s...
[2024-11-06T11:18:40-0600] -------------------------------
[2024-11-06T11:18:40-0600] ICMP Ping test started at 2024-11-06 11:18:40.935 CST
[2024-11-06T11:19:11-0600] Waiting for .922 s to reach end time
[2024-11-06T11:19:12-0600] Saved ping test to /data/data/com.termux/files/home/storage/shared/bos_la_2024_trip/starlink/20241106/111418091/icmp_ping_111840958.out
[2024-11-06T11:19:12-0600] Ping summary (min/avg/max/mdev) = 39.668/62.284/152.850/21.384 ms
[2024-11-06T11:19:12-0600] Ping test finished at 2024-11-06 11:19:12.004 CST, duration: 31.069 s
[2024-11-06T11:19:12-0600] -------------------------------
[2024-11-06T11:19:12-0600] Waiting for 2 s...
[2024-11-06T11:19:14-0600] -------------------------------
[2024-11-06T11:19:14-0600] Starting 5G booster for 5 s...
[2024-11-06T11:19:14-0600] 5G booster started at 2024-11-06 11:19:14.119 CST
[2024-11-06T11:19:20-0600] Current time exceeds end time, skipping wait
[2024-11-06T11:19:20-0600] Saved TCP DL results to /data/data/com.termux/files/home/storage/shared/bos_la_2024_trip/starlink/20241106/111418091/tcp_downlink_111914169.out
[2024-11-06T11:19:20-0600] DL AVG TPUT: 
[2024-11-06T11:19:20-0600] 5G booster finished at 2024-11-06 11:19:20.269 CST, duration: 6.150 s
[2024-11-06T11:19:20-0600] -------------------------------
[2024-11-06T11:19:20-0600] Waiting for 2 s...
[2024-11-06T11:19:22-0600] -------------------------------
[2024-11-06T11:19:22-0600] TCP Ping test started at 2024-11-06 11:19:22.373 CST
[2024-11-06T11:19:53-0600] Current time exceeds end time, skipping wait
[2024-11-06T11:19:53-0600] Saved TCP Ping test to /data/data/com.termux/files/home/storage/shared/bos_la_2024_trip/starlink/20241106/111418091/tcp_ping_111922425.out
[2024-11-06T11:19:53-0600] TCP Ping summary (min/avg/max/mdev) 
[2024-11-06T11:19:53-0600] TCP Ping test finished at 2024-11-06 11:19:53.485 CST, duration: 31.112 s
[2024-11-06T11:19:53-0600] -------------------------------
[2024-11-06T11:19:53-0600] Waiting for 2 s...
[2024-11-06T11:19:55-0600] -------------------------------
[2024-11-06T11:19:55-0600] Traceroute test started at 2024-11-06 11:19:55.600 CST
[2024-11-06T11:19:56-0600] Waiting for 28.978 s to reach end time
[2024-11-06T11:20:25-0600] Saved traceroute test to /data/data/com.termux/files/home/storage/shared/bos_la_2024_trip/starlink/20241106/111418091/traceroute_111955628.out
[2024-11-06T11:20:25-0600] Traceroute summary (min/avg/max/mdev) 
[2024-11-06T11:20:25-0600] Traceroute test finished at 2024-11-06 11:20:25.669 CST, duration: 30.069 s
[2024-11-06T11:20:25-0600] -------------------------------
[2024-11-06T11:20:25-0600] All tests completed, cleaning up...
[2024-11-06T11:20:25-0600] -------------------------------
[2024-11-06T11:20:38-0600] [measurement] Load environment variables from prod.env file
[2024-11-06T11:20:38-0600] Starting a network measurement, please choose a server
[2024-11-06T11:20:38-0600] 0) West Cloud: 54.176.53.206
[2024-11-06T11:20:38-0600] 1) East Cloud: 54.197.223.49
[2024-11-06T11:21:02-0600] Enter your choice (0-1): Testing starlink, server 1 (ip: 54.197.223.49, nuttcp_port: 5103, iperf_port: 5003)
[2024-11-06T11:21:02-0600] -------------------------------
[2024-11-06T11:21:02-0600] tcp downlink test started at 2024-11-06 11:21:02.486 CST
[2024-11-06T11:21:02-0600] Testing tcp downlink with 54.197.223.49:5103, interval 0.5 s, duration 120 s, timeout 121 s...
[2024-11-06T11:23:03-0600] Current time exceeds end time, skipping wait
[2024-11-06T11:23:03-0600] Saved tcp downlink test to /data/data/com.termux/files/home/storage/shared/bos_la_2024_trip/starlink/20241106/112102468/tcp_downlink_112102512.out
[2024-11-06T11:23:03-0600] DL AVG TPUT: 
[2024-11-06T11:23:03-0600] tcp downlink test finished at 2024-11-06 11:23:03.576 CST, duration: 121.090 s
[2024-11-06T11:23:03-0600] -------------------------------
[2024-11-06T11:23:03-0600] Waiting for 2 s...
[2024-11-06T11:23:05-0600] -------------------------------
[2024-11-06T11:23:05-0600] Starting 5G booster for 5 s...
[2024-11-06T11:23:05-0600] 5G booster started at 2024-11-06 11:23:05.646 CST
[2024-11-06T11:23:11-0600] Current time exceeds end time, skipping wait
[2024-11-06T11:23:11-0600] Saved TCP DL results to /data/data/com.termux/files/home/storage/shared/bos_la_2024_trip/starlink/20241106/112102468/tcp_downlink_112305671.out
[2024-11-06T11:23:11-0600] DL AVG TPUT: 
[2024-11-06T11:23:11-0600] 5G booster finished at 2024-11-06 11:23:11.731 CST, duration: 6.085 s
[2024-11-06T11:23:11-0600] -------------------------------
[2024-11-06T11:23:11-0600] Waiting for 2 s...
[2024-11-06T11:23:13-0600] -------------------------------
[2024-11-06T11:23:13-0600] tcp uplink test started at 2024-11-06 11:23:13.816 CST
[2024-11-06T11:23:13-0600] testing tcp uplink with 54.197.223.49:5103, interval 0.5, duration 120, timeout 121 ...
[2024-11-06T11:25:14-0600] Current time exceeds end time, skipping wait
[2024-11-06T11:25:14-0600] Saved uplink test to /data/data/com.termux/files/home/storage/shared/bos_la_2024_trip/starlink/20241106/112102468/tcp_uplink_112313845.out
[2024-11-06T11:25:14-0600] UL AVG TPUT: 
[2024-11-06T11:25:14-0600] tcp uplink test finished at 2024-11-06 11:25:14.924 CST, duration: 121.108 s
[2024-11-06T11:25:14-0600] -------------------------------
[2024-11-06T11:25:14-0600] Waiting for 2 s...
[2024-11-06T11:25:17-0600] -------------------------------
[2024-11-06T11:25:17-0600] Starting 5G booster for 5 s...
[2024-11-06T11:25:17-0600] 5G booster started at 2024-11-06 11:25:17.032 CST
[2024-11-06T11:25:23-0600] Current time exceeds end time, skipping wait
[2024-11-06T11:25:23-0600] Saved TCP DL results to /data/data/com.termux/files/home/storage/shared/bos_la_2024_trip/starlink/20241106/112102468/tcp_downlink_112517058.out
[2024-11-06T11:25:23-0600] DL AVG TPUT: 
[2024-11-06T11:25:23-0600] 5G booster finished at 2024-11-06 11:25:23.140 CST, duration: 6.108 s
[2024-11-06T11:25:23-0600] -------------------------------
[2024-11-06T11:25:23-0600] Waiting for 2 s...
[2024-11-06T11:25:25-0600] -------------------------------
[2024-11-06T11:25:25-0600] ICMP Ping test started at 2024-11-06 11:25:25.229 CST
[2024-11-06T11:25:55-0600] Waiting for .924 s to reach end time
[2024-11-06T11:25:56-0600] Saved ping test to /data/data/com.termux/files/home/storage/shared/bos_la_2024_trip/starlink/20241106/112102468/icmp_ping_112525256.out
[2024-11-06T11:25:56-0600] Ping summary (min/avg/max/mdev) = 38.337/56.457/208.784/21.686 ms
[2024-11-06T11:25:56-0600] Ping test finished at 2024-11-06 11:25:56.327 CST, duration: 31.098 s
[2024-11-06T11:25:56-0600] -------------------------------
[2024-11-06T11:25:56-0600] Waiting for 2 s...
[2024-11-06T11:25:58-0600] -------------------------------
[2024-11-06T11:25:58-0600] Starting 5G booster for 5 s...
[2024-11-06T11:25:58-0600] 5G booster started at 2024-11-06 11:25:58.419 CST
[2024-11-06T11:26:04-0600] Current time exceeds end time, skipping wait
[2024-11-06T11:26:04-0600] Saved TCP DL results to /data/data/com.termux/files/home/storage/shared/bos_la_2024_trip/starlink/20241106/112102468/tcp_downlink_112558449.out
[2024-11-06T11:26:04-0600] DL AVG TPUT: 
[2024-11-06T11:26:04-0600] 5G booster finished at 2024-11-06 11:26:04.570 CST, duration: 6.151 s
[2024-11-06T11:26:04-0600] -------------------------------
[2024-11-06T11:26:04-0600] Waiting for 2 s...
[2024-11-06T11:26:06-0600] -------------------------------
[2024-11-06T11:26:06-0600] TCP Ping test started at 2024-11-06 11:26:06.703 CST
[2024-11-06T11:26:37-0600] Current time exceeds end time, skipping wait
[2024-11-06T11:26:37-0600] Saved TCP Ping test to /data/data/com.termux/files/home/storage/shared/bos_la_2024_trip/starlink/20241106/112102468/tcp_ping_112606725.out
[2024-11-06T11:26:37-0600] TCP Ping summary (min/avg/max/mdev) 
[2024-11-06T11:26:37-0600] TCP Ping test finished at 2024-11-06 11:26:37.805 CST, duration: 31.102 s
[2024-11-06T11:26:37-0600] -------------------------------
[2024-11-06T11:26:37-0600] Waiting for 2 s...
[2024-11-06T11:26:39-0600] -------------------------------
[2024-11-06T11:26:39-0600] Traceroute test started at 2024-11-06 11:26:39.890 CST
[2024-11-06T11:26:42-0600] Waiting for 27.926 s to reach end time
[2024-11-06T11:27:09-0600] Saved traceroute test to /data/data/com.termux/files/home/storage/shared/bos_la_2024_trip/starlink/20241106/112102468/traceroute_112639927.out
[2024-11-06T11:27:09-0600] Traceroute summary (min/avg/max/mdev) 
[2024-11-06T11:27:10-0600] Traceroute test finished at 2024-11-06 11:27:09.973 CST, duration: 30.083 s
[2024-11-06T11:27:10-0600] -------------------------------
[2024-11-06T11:27:10-0600] All tests completed, cleaning up...
[2024-11-06T11:27:10-0600] -------------------------------
[2024-11-06T11:27:43-0600] [measurement] Load environment variables from prod.env file
[2024-11-06T11:27:43-0600] Starting a network measurement, please choose a server
[2024-11-06T11:27:43-0600] 0) West Cloud: 54.176.53.206
[2024-11-06T11:27:43-0600] 1) East Cloud: 54.197.223.49
[2024-11-06T11:28:23-0600] Enter your choice (0-1): Testing starlink, server 1 (ip: 54.197.223.49, nuttcp_port: 5103, iperf_port: 5003)
[2024-11-06T11:28:23-0600] -------------------------------
[2024-11-06T11:28:23-0600] tcp downlink test started at 2024-11-06 11:28:23.783 CST
[2024-11-06T11:28:23-0600] Testing tcp downlink with 54.197.223.49:5103, interval 0.5 s, duration 120 s, timeout 121 s...
[2024-11-06T11:30:24-0600] Current time exceeds end time, skipping wait
[2024-11-06T11:30:24-0600] Saved tcp downlink test to /data/data/com.termux/files/home/storage/shared/bos_la_2024_trip/starlink/20241106/112823766/tcp_downlink_112823808.out
[2024-11-06T11:30:24-0600] DL AVG TPUT: 
[2024-11-06T11:30:24-0600] tcp downlink test finished at 2024-11-06 11:30:24.885 CST, duration: 121.102 s
[2024-11-06T11:30:24-0600] -------------------------------
[2024-11-06T11:30:24-0600] Waiting for 2 s...
[2024-11-06T11:30:26-0600] -------------------------------
[2024-11-06T11:30:26-0600] Starting 5G booster for 5 s...
[2024-11-06T11:30:27-0600] 5G booster started at 2024-11-06 11:30:26.999 CST
[2024-11-06T11:30:33-0600] Current time exceeds end time, skipping wait
[2024-11-06T11:30:33-0600] Saved TCP DL results to /data/data/com.termux/files/home/storage/shared/bos_la_2024_trip/starlink/20241106/112823766/tcp_downlink_113027047.out
[2024-11-06T11:30:33-0600] DL AVG TPUT: 
[2024-11-06T11:30:33-0600] 5G booster finished at 2024-11-06 11:30:33.112 CST, duration: 6.113 s
[2024-11-06T11:30:33-0600] -------------------------------
[2024-11-06T11:30:33-0600] Waiting for 2 s...
[2024-11-06T11:30:35-0600] -------------------------------
[2024-11-06T11:30:35-0600] tcp uplink test started at 2024-11-06 11:30:35.210 CST
[2024-11-06T11:30:35-0600] testing tcp uplink with 54.197.223.49:5103, interval 0.5, duration 120, timeout 121 ...
[2024-11-06T11:32:36-0600] Current time exceeds end time, skipping wait
[2024-11-06T11:32:36-0600] Saved uplink test to /data/data/com.termux/files/home/storage/shared/bos_la_2024_trip/starlink/20241106/112823766/tcp_uplink_113035258.out
[2024-11-06T11:32:36-0600] UL AVG TPUT: 
[2024-11-06T11:32:36-0600] tcp uplink test finished at 2024-11-06 11:32:36.368 CST, duration: 121.158 s
[2024-11-06T11:32:36-0600] -------------------------------
[2024-11-06T11:32:36-0600] Waiting for 2 s...
[2024-11-06T11:32:38-0600] -------------------------------
[2024-11-06T11:32:38-0600] Starting 5G booster for 5 s...
[2024-11-06T11:32:38-0600] 5G booster started at 2024-11-06 11:32:38.465 CST
[2024-11-06T11:32:44-0600] Current time exceeds end time, skipping wait
[2024-11-06T11:32:44-0600] Saved TCP DL results to /data/data/com.termux/files/home/storage/shared/bos_la_2024_trip/starlink/20241106/112823766/tcp_downlink_113238496.out
[2024-11-06T11:32:44-0600] DL AVG TPUT: 
[2024-11-06T11:32:44-0600] 5G booster finished at 2024-11-06 11:32:44.590 CST, duration: 6.125 s
[2024-11-06T11:32:44-0600] -------------------------------
[2024-11-06T11:32:44-0600] Waiting for 2 s...
[2024-11-06T11:32:46-0600] -------------------------------
[2024-11-06T11:32:46-0600] ICMP Ping test started at 2024-11-06 11:32:46.681 CST
[2024-11-06T11:33:16-0600] Waiting for .908 s to reach end time
[2024-11-06T11:33:17-0600] Saved ping test to /data/data/com.termux/files/home/storage/shared/bos_la_2024_trip/starlink/20241106/112823766/icmp_ping_113246718.out
[2024-11-06T11:33:17-0600] Ping summary (min/avg/max/mdev) = 40.225/66.371/141.741/21.667 ms
[2024-11-06T11:33:17-0600] Ping test finished at 2024-11-06 11:33:17.789 CST, duration: 31.108 s
[2024-11-06T11:33:17-0600] -------------------------------
[2024-11-06T11:33:17-0600] Waiting for 2 s...
[2024-11-06T11:33:19-0600] -------------------------------
[2024-11-06T11:33:19-0600] Starting 5G booster for 5 s...
[2024-11-06T11:33:19-0600] 5G booster started at 2024-11-06 11:33:19.900 CST
[2024-11-06T11:33:26-0600] Current time exceeds end time, skipping wait
[2024-11-06T11:33:26-0600] Saved TCP DL results to /data/data/com.termux/files/home/storage/shared/bos_la_2024_trip/starlink/20241106/112823766/tcp_downlink_113319928.out
[2024-11-06T11:33:26-0600] DL AVG TPUT: 
[2024-11-06T11:33:26-0600] 5G booster finished at 2024-11-06 11:33:26.033 CST, duration: 6.133 s
[2024-11-06T11:33:26-0600] -------------------------------
[2024-11-06T11:33:26-0600] Waiting for 2 s...
[2024-11-06T11:33:28-0600] -------------------------------
[2024-11-06T11:33:28-0600] TCP Ping test started at 2024-11-06 11:33:28.142 CST
[2024-11-06T11:33:59-0600] Current time exceeds end time, skipping wait
[2024-11-06T11:33:59-0600] Saved TCP Ping test to /data/data/com.termux/files/home/storage/shared/bos_la_2024_trip/starlink/20241106/112823766/tcp_ping_113328171.out
[2024-11-06T11:33:59-0600] TCP Ping summary (min/avg/max/mdev) 
[2024-11-06T11:33:59-0600] TCP Ping test finished at 2024-11-06 11:33:59.254 CST, duration: 31.112 s
[2024-11-06T11:33:59-0600] -------------------------------
[2024-11-06T11:33:59-0600] Waiting for 2 s...
[2024-11-06T11:34:01-0600] -------------------------------
[2024-11-06T11:34:01-0600] Traceroute test started at 2024-11-06 11:34:01.380 CST
[2024-11-06T11:34:06-0600] Waiting for 24.605 s to reach end time
[2024-11-06T11:34:31-0600] Saved traceroute test to /data/data/com.termux/files/home/storage/shared/bos_la_2024_trip/starlink/20241106/112823766/traceroute_113401434.out
[2024-11-06T11:34:31-0600] Traceroute summary (min/avg/max/mdev) 
[2024-11-06T11:34:31-0600] Traceroute test finished at 2024-11-06 11:34:31.469 CST, duration: 30.089 s
[2024-11-06T11:34:31-0600] -------------------------------
[2024-11-06T11:34:31-0600] All tests completed, cleaning up...
[2024-11-06T11:34:31-0600] -------------------------------
[2024-11-06T11:49:54-0600] [measurement] Load environment variables from prod.env file
[2024-11-06T11:49:54-0600] Starting a network measurement, please choose a server
[2024-11-06T11:49:54-0600] 0) West Cloud: 54.176.53.206
[2024-11-06T11:49:54-0600] 1) East Cloud: 54.197.223.49
[2024-11-06T11:51:45-0600] Enter your choice (0-1): Testing starlink, server 1 (ip: 54.197.223.49, nuttcp_port: 5103, iperf_port: 5003)
[2024-11-06T11:51:45-0600] -------------------------------
[2024-11-06T11:51:45-0600] tcp downlink test started at 2024-11-06 11:51:45.248 CST
[2024-11-06T11:51:45-0600] Testing tcp downlink with 54.197.223.49:5103, interval 0.5 s, duration 120 s, timeout 121 s...
[2024-11-06T11:53:46-0600] Current time exceeds end time, skipping wait
[2024-11-06T11:53:46-0600] Saved tcp downlink test to /data/data/com.termux/files/home/storage/shared/bos_la_2024_trip/starlink/20241106/115145220/tcp_downlink_115145273.out
[2024-11-06T11:53:46-0600] DL AVG TPUT: 
[2024-11-06T11:53:46-0600] tcp downlink test finished at 2024-11-06 11:53:46.372 CST, duration: 121.124 s
[2024-11-06T11:53:46-0600] -------------------------------
[2024-11-06T11:53:46-0600] Waiting for 2 s...
[2024-11-06T11:53:48-0600] -------------------------------
[2024-11-06T11:53:48-0600] Starting 5G booster for 5 s...
[2024-11-06T11:53:48-0600] 5G booster started at 2024-11-06 11:53:48.472 CST
[2024-11-06T11:53:54-0600] Current time exceeds end time, skipping wait
[2024-11-06T11:53:54-0600] Saved TCP DL results to /data/data/com.termux/files/home/storage/shared/bos_la_2024_trip/starlink/20241106/115145220/tcp_downlink_115348496.out
[2024-11-06T11:53:54-0600] DL AVG TPUT: 
[2024-11-06T11:53:54-0600] 5G booster finished at 2024-11-06 11:53:54.562 CST, duration: 6.090 s
[2024-11-06T11:53:54-0600] -------------------------------
[2024-11-06T11:53:54-0600] Waiting for 2 s...
[2024-11-06T11:53:56-0600] -------------------------------
[2024-11-06T11:53:56-0600] tcp uplink test started at 2024-11-06 11:53:56.692 CST
[2024-11-06T11:53:56-0600] testing tcp uplink with 54.197.223.49:5103, interval 0.5, duration 120, timeout 121 ...
[2024-11-06T11:55:57-0600] Current time exceeds end time, skipping wait
[2024-11-06T11:55:57-0600] Saved uplink test to /data/data/com.termux/files/home/storage/shared/bos_la_2024_trip/starlink/20241106/115145220/tcp_uplink_115356716.out
[2024-11-06T11:55:57-0600] UL AVG TPUT: 
[2024-11-06T11:55:57-0600] tcp uplink test finished at 2024-11-06 11:55:57.762 CST, duration: 121.070 s
[2024-11-06T11:55:57-0600] -------------------------------
[2024-11-06T11:55:57-0600] Waiting for 2 s...
[2024-11-06T11:55:59-0600] -------------------------------
[2024-11-06T11:55:59-0600] Starting 5G booster for 5 s...
[2024-11-06T11:55:59-0600] 5G booster started at 2024-11-06 11:55:59.849 CST
[2024-11-06T11:56:05-0600] Current time exceeds end time, skipping wait
[2024-11-06T11:56:05-0600] Saved TCP DL results to /data/data/com.termux/files/home/storage/shared/bos_la_2024_trip/starlink/20241106/115145220/tcp_downlink_115559873.out
[2024-11-06T11:56:05-0600] DL AVG TPUT: 
[2024-11-06T11:56:06-0600] 5G booster finished at 2024-11-06 11:56:05.938 CST, duration: 6.089 s
[2024-11-06T11:56:06-0600] -------------------------------
[2024-11-06T11:56:06-0600] Waiting for 2 s...
[2024-11-06T11:56:08-0600] -------------------------------
[2024-11-06T11:56:08-0600] ICMP Ping test started at 2024-11-06 11:56:08.044 CST
[2024-11-06T11:56:38-0600] Waiting for .882 s to reach end time
[2024-11-06T11:56:39-0600] Saved ping test to /data/data/com.termux/files/home/storage/shared/bos_la_2024_trip/starlink/20241106/115145220/icmp_ping_115608095.out
[2024-11-06T11:56:39-0600] Ping summary (min/avg/max/mdev) = 38.949/56.569/120.334/15.031 ms
[2024-11-06T11:56:39-0600] Ping test finished at 2024-11-06 11:56:39.123 CST, duration: 31.079 s
[2024-11-06T11:56:39-0600] -------------------------------
[2024-11-06T11:56:39-0600] Waiting for 2 s...
[2024-11-06T11:56:41-0600] -------------------------------
[2024-11-06T11:56:41-0600] Starting 5G booster for 5 s...
[2024-11-06T11:56:41-0600] 5G booster started at 2024-11-06 11:56:41.236 CST
[2024-11-06T11:56:47-0600] Current time exceeds end time, skipping wait
[2024-11-06T11:56:47-0600] Saved TCP DL results to /data/data/com.termux/files/home/storage/shared/bos_la_2024_trip/starlink/20241106/115145220/tcp_downlink_115641261.out
[2024-11-06T11:56:47-0600] DL AVG TPUT: 
[2024-11-06T11:56:47-0600] 5G booster finished at 2024-11-06 11:56:47.343 CST, duration: 6.107 s
[2024-11-06T11:56:47-0600] -------------------------------
[2024-11-06T11:56:47-0600] Waiting for 2 s...
[2024-11-06T11:56:49-0600] -------------------------------
[2024-11-06T11:56:49-0600] TCP Ping test started at 2024-11-06 11:56:49.443 CST
[2024-11-06T11:57:20-0600] Current time exceeds end time, skipping wait
[2024-11-06T11:57:20-0600] Saved TCP Ping test to /data/data/com.termux/files/home/storage/shared/bos_la_2024_trip/starlink/20241106/115145220/tcp_ping_115649470.out
[2024-11-06T11:57:20-0600] TCP Ping summary (min/avg/max/mdev) 
[2024-11-06T11:57:20-0600] TCP Ping test finished at 2024-11-06 11:57:20.586 CST, duration: 31.143 s
[2024-11-06T11:57:20-0600] -------------------------------
[2024-11-06T11:57:20-0600] Waiting for 2 s...
[2024-11-06T11:57:22-0600] -------------------------------
[2024-11-06T11:57:22-0600] Traceroute test started at 2024-11-06 11:57:22.661 CST
[2024-11-06T11:57:25-0600] Waiting for 27.357 s to reach end time
[2024-11-06T11:57:52-0600] Saved traceroute test to /data/data/com.termux/files/home/storage/shared/bos_la_2024_trip/starlink/20241106/115145220/traceroute_115722685.out
[2024-11-06T11:57:52-0600] Traceroute summary (min/avg/max/mdev) 
[2024-11-06T11:57:52-0600] Traceroute test finished at 2024-11-06 11:57:52.747 CST, duration: 30.086 s
[2024-11-06T11:57:52-0600] -------------------------------
[2024-11-06T11:57:52-0600] All tests completed, cleaning up...
[2024-11-06T11:57:52-0600] -------------------------------
[2024-11-06T11:58:09-0600] [measurement] Load environment variables from prod.env file
[2024-11-06T11:58:09-0600] Starting a network measurement, please choose a server
[2024-11-06T11:58:09-0600] 0) West Cloud: 54.176.53.206
[2024-11-06T11:58:09-0600] 1) East Cloud: 54.197.223.49
[2024-11-06T11:59:03-0600] Enter your choice (0-1): Testing starlink, server 1 (ip: 54.197.223.49, nuttcp_port: 5103, iperf_port: 5003)
[2024-11-06T11:59:03-0600] -------------------------------
[2024-11-06T11:59:03-0600] tcp downlink test started at 2024-11-06 11:59:03.179 CST
[2024-11-06T11:59:03-0600] Testing tcp downlink with 54.197.223.49:5103, interval 0.5 s, duration 120 s, timeout 121 s...
[2024-11-06T12:01:04-0600] Current time exceeds end time, skipping wait
[2024-11-06T12:01:04-0600] Saved tcp downlink test to /data/data/com.termux/files/home/storage/shared/bos_la_2024_trip/starlink/20241106/115903158/tcp_downlink_115903203.out
[2024-11-06T12:01:04-0600] DL AVG TPUT: 
[2024-11-06T12:01:04-0600] tcp downlink test finished at 2024-11-06 12:01:04.288 CST, duration: 121.109 s
[2024-11-06T12:01:04-0600] -------------------------------
[2024-11-06T12:01:04-0600] Waiting for 2 s...
[2024-11-06T12:01:06-0600] -------------------------------
[2024-11-06T12:01:06-0600] Starting 5G booster for 5 s...
[2024-11-06T12:01:06-0600] 5G booster started at 2024-11-06 12:01:06.375 CST
[2024-11-06T12:01:12-0600] Current time exceeds end time, skipping wait
[2024-11-06T12:01:12-0600] Saved TCP DL results to /data/data/com.termux/files/home/storage/shared/bos_la_2024_trip/starlink/20241106/115903158/tcp_downlink_120106399.out
[2024-11-06T12:01:12-0600] DL AVG TPUT: 
[2024-11-06T12:01:12-0600] 5G booster finished at 2024-11-06 12:01:12.497 CST, duration: 6.122 s
[2024-11-06T12:01:12-0600] -------------------------------
[2024-11-06T12:01:12-0600] Waiting for 2 s...
[2024-11-06T12:01:14-0600] -------------------------------
[2024-11-06T12:01:14-0600] tcp uplink test started at 2024-11-06 12:01:14.599 CST
[2024-11-06T12:01:14-0600] testing tcp uplink with 54.197.223.49:5103, interval 0.5, duration 120, timeout 121 ...
[2024-11-06T12:03:15-0600] Current time exceeds end time, skipping wait
[2024-11-06T12:03:15-0600] Saved uplink test to /data/data/com.termux/files/home/storage/shared/bos_la_2024_trip/starlink/20241106/115903158/tcp_uplink_120114662.out
[2024-11-06T12:03:15-0600] UL AVG TPUT: 
[2024-11-06T12:03:15-0600] tcp uplink test finished at 2024-11-06 12:03:15.759 CST, duration: 121.160 s
[2024-11-06T12:03:15-0600] -------------------------------
[2024-11-06T12:03:15-0600] Waiting for 2 s...
[2024-11-06T12:03:17-0600] -------------------------------
[2024-11-06T12:03:17-0600] Starting 5G booster for 5 s...
[2024-11-06T12:03:17-0600] 5G booster started at 2024-11-06 12:03:17.866 CST
[2024-11-06T12:03:24-0600] Current time exceeds end time, skipping wait
[2024-11-06T12:03:24-0600] Saved TCP DL results to /data/data/com.termux/files/home/storage/shared/bos_la_2024_trip/starlink/20241106/115903158/tcp_downlink_120317917.out
[2024-11-06T12:03:24-0600] DL AVG TPUT: 
[2024-11-06T12:03:24-0600] 5G booster finished at 2024-11-06 12:03:24.011 CST, duration: 6.145 s
[2024-11-06T12:03:24-0600] -------------------------------
[2024-11-06T12:03:24-0600] Waiting for 2 s...
[2024-11-06T12:03:26-0600] -------------------------------
[2024-11-06T12:03:26-0600] ICMP Ping test started at 2024-11-06 12:03:26.116 CST
[2024-11-06T12:03:56-0600] Waiting for .897 s to reach end time
[2024-11-06T12:03:57-0600] Saved ping test to /data/data/com.termux/files/home/storage/shared/bos_la_2024_trip/starlink/20241106/115903158/icmp_ping_120326144.out
[2024-11-06T12:03:57-0600] Ping summary (min/avg/max/mdev) = 38.555/52.903/111.405/12.289 ms
[2024-11-06T12:03:57-0600] Ping test finished at 2024-11-06 12:03:57.260 CST, duration: 31.144 s
[2024-11-06T12:03:57-0600] -------------------------------
[2024-11-06T12:03:57-0600] Waiting for 2 s...
[2024-11-06T12:03:59-0600] -------------------------------
[2024-11-06T12:03:59-0600] Starting 5G booster for 5 s...
[2024-11-06T12:03:59-0600] 5G booster started at 2024-11-06 12:03:59.366 CST
[2024-11-06T12:04:05-0600] Current time exceeds end time, skipping wait
[2024-11-06T12:04:05-0600] Saved TCP DL results to /data/data/com.termux/files/home/storage/shared/bos_la_2024_trip/starlink/20241106/115903158/tcp_downlink_120359430.out
[2024-11-06T12:04:05-0600] DL AVG TPUT: 
[2024-11-06T12:04:05-0600] 5G booster finished at 2024-11-06 12:04:05.515 CST, duration: 6.149 s
[2024-11-06T12:04:05-0600] -------------------------------
[2024-11-06T12:04:05-0600] Waiting for 2 s...
[2024-11-06T12:04:07-0600] -------------------------------
[2024-11-06T12:04:07-0600] TCP Ping test started at 2024-11-06 12:04:07.618 CST
[2024-11-06T12:04:38-0600] Current time exceeds end time, skipping wait
[2024-11-06T12:04:38-0600] Saved TCP Ping test to /data/data/com.termux/files/home/storage/shared/bos_la_2024_trip/starlink/20241106/115903158/tcp_ping_120407642.out
[2024-11-06T12:04:38-0600] TCP Ping summary (min/avg/max/mdev) 
[2024-11-06T12:04:38-0600] TCP Ping test finished at 2024-11-06 12:04:38.714 CST, duration: 31.096 s
[2024-11-06T12:04:38-0600] -------------------------------
[2024-11-06T12:04:38-0600] Waiting for 2 s...
[2024-11-06T12:04:40-0600] -------------------------------
[2024-11-06T12:04:40-0600] Traceroute test started at 2024-11-06 12:04:40.803 CST
[2024-11-06T12:04:42-0600] Waiting for 28.753 s to reach end time
[2024-11-06T12:05:10-0600] Saved traceroute test to /data/data/com.termux/files/home/storage/shared/bos_la_2024_trip/starlink/20241106/115903158/traceroute_120440832.out
[2024-11-06T12:05:10-0600] Traceroute summary (min/avg/max/mdev) 
[2024-11-06T12:05:10-0600] Traceroute test finished at 2024-11-06 12:05:10.883 CST, duration: 30.080 s
[2024-11-06T12:05:10-0600] -------------------------------
[2024-11-06T12:05:10-0600] All tests completed, cleaning up...
[2024-11-06T12:05:10-0600] -------------------------------
[2024-11-06T12:06:23-0600] [measurement] Load environment variables from prod.env file
[2024-11-06T12:06:23-0600] Starting a network measurement, please choose a server
[2024-11-06T12:06:23-0600] 0) West Cloud: 54.176.53.206
[2024-11-06T12:06:23-0600] 1) East Cloud: 54.197.223.49
[2024-11-06T12:07:14-0600] Enter your choice (0-1): Testing starlink, server 1 (ip: 54.197.223.49, nuttcp_port: 5103, iperf_port: 5003)
[2024-11-06T12:07:14-0600] -------------------------------
[2024-11-06T12:07:14-0600] tcp downlink test started at 2024-11-06 12:07:14.899 CST
[2024-11-06T12:07:14-0600] Testing tcp downlink with 54.197.223.49:5103, interval 0.5 s, duration 120 s, timeout 121 s...
[2024-11-06T12:09:15-0600] Current time exceeds end time, skipping wait
[2024-11-06T12:09:15-0600] Saved tcp downlink test to /data/data/com.termux/files/home/storage/shared/bos_la_2024_trip/starlink/20241106/120714882/tcp_downlink_120714922.out
[2024-11-06T12:09:16-0600] DL AVG TPUT: 
[2024-11-06T12:09:16-0600] tcp downlink test finished at 2024-11-06 12:09:15.979 CST, duration: 121.080 s
[2024-11-06T12:09:16-0600] -------------------------------
[2024-11-06T12:09:16-0600] Waiting for 2 s...
[2024-11-06T12:09:18-0600] -------------------------------
[2024-11-06T12:09:18-0600] Starting 5G booster for 5 s...
[2024-11-06T12:09:18-0600] 5G booster started at 2024-11-06 12:09:18.100 CST
[2024-11-06T12:09:24-0600] Current time exceeds end time, skipping wait
[2024-11-06T12:09:24-0600] Saved TCP DL results to /data/data/com.termux/files/home/storage/shared/bos_la_2024_trip/starlink/20241106/120714882/tcp_downlink_120918128.out
[2024-11-06T12:09:24-0600] DL AVG TPUT: 
[2024-11-06T12:09:24-0600] 5G booster finished at 2024-11-06 12:09:24.201 CST, duration: 6.101 s
[2024-11-06T12:09:24-0600] -------------------------------
[2024-11-06T12:09:24-0600] Waiting for 2 s...
[2024-11-06T12:09:26-0600] -------------------------------
[2024-11-06T12:09:26-0600] tcp uplink test started at 2024-11-06 12:09:26.281 CST
[2024-11-06T12:09:26-0600] testing tcp uplink with 54.197.223.49:5103, interval 0.5, duration 120, timeout 121 ...
[2024-11-06T12:11:27-0600] Current time exceeds end time, skipping wait
[2024-11-06T12:11:27-0600] Saved uplink test to /data/data/com.termux/files/home/storage/shared/bos_la_2024_trip/starlink/20241106/120714882/tcp_uplink_120926311.out
[2024-11-06T12:11:27-0600] UL AVG TPUT: 
[2024-11-06T12:11:27-0600] tcp uplink test finished at 2024-11-06 12:11:27.381 CST, duration: 121.100 s
[2024-11-06T12:11:27-0600] -------------------------------
[2024-11-06T12:11:27-0600] Waiting for 2 s...
[2024-11-06T12:11:29-0600] -------------------------------
[2024-11-06T12:11:29-0600] Starting 5G booster for 5 s...
[2024-11-06T12:11:29-0600] 5G booster started at 2024-11-06 12:11:29.463 CST
[2024-11-06T12:11:35-0600] Current time exceeds end time, skipping wait
[2024-11-06T12:11:35-0600] Saved TCP DL results to /data/data/com.termux/files/home/storage/shared/bos_la_2024_trip/starlink/20241106/120714882/tcp_downlink_121129485.out
[2024-11-06T12:11:35-0600] DL AVG TPUT: 
[2024-11-06T12:11:35-0600] 5G booster finished at 2024-11-06 12:11:35.547 CST, duration: 6.084 s
[2024-11-06T12:11:35-0600] -------------------------------
[2024-11-06T12:11:35-0600] Waiting for 2 s...
[2024-11-06T12:11:37-0600] -------------------------------
[2024-11-06T12:11:37-0600] ICMP Ping test started at 2024-11-06 12:11:37.636 CST
[2024-11-06T12:12:07-0600] Waiting for .917 s to reach end time
[2024-11-06T12:12:08-0600] Saved ping test to /data/data/com.termux/files/home/storage/shared/bos_la_2024_trip/starlink/20241106/120714882/icmp_ping_121137662.out
[2024-11-06T12:12:08-0600] Ping summary (min/avg/max/mdev) = 38.813/68.991/156.913/25.185 ms
[2024-11-06T12:12:08-0600] Ping test finished at 2024-11-06 12:12:08.727 CST, duration: 31.091 s
[2024-11-06T12:12:08-0600] -------------------------------
[2024-11-06T12:12:08-0600] Waiting for 2 s...
[2024-11-06T12:12:10-0600] -------------------------------
[2024-11-06T12:12:10-0600] Starting 5G booster for 5 s...
[2024-11-06T12:12:10-0600] 5G booster started at 2024-11-06 12:12:10.857 CST
[2024-11-06T12:12:16-0600] Current time exceeds end time, skipping wait
[2024-11-06T12:12:16-0600] Saved TCP DL results to /data/data/com.termux/files/home/storage/shared/bos_la_2024_trip/starlink/20241106/120714882/tcp_downlink_121210909.out
[2024-11-06T12:12:17-0600] DL AVG TPUT: 
[2024-11-06T12:12:17-0600] 5G booster finished at 2024-11-06 12:12:16.990 CST, duration: 6.133 s
[2024-11-06T12:12:17-0600] -------------------------------
[2024-11-06T12:12:17-0600] Waiting for 2 s...
[2024-11-06T12:12:19-0600] -------------------------------
[2024-11-06T12:12:19-0600] TCP Ping test started at 2024-11-06 12:12:19.111 CST
[2024-11-06T12:12:50-0600] Current time exceeds end time, skipping wait
[2024-11-06T12:12:50-0600] Saved TCP Ping test to /data/data/com.termux/files/home/storage/shared/bos_la_2024_trip/starlink/20241106/120714882/tcp_ping_121219171.out
[2024-11-06T12:12:50-0600] TCP Ping summary (min/avg/max/mdev) 
[2024-11-06T12:12:50-0600] TCP Ping test finished at 2024-11-06 12:12:50.262 CST, duration: 31.151 s
[2024-11-06T12:12:50-0600] -------------------------------
[2024-11-06T12:12:50-0600] Waiting for 2 s...
[2024-11-06T12:12:52-0600] -------------------------------
[2024-11-06T12:12:52-0600] Traceroute test started at 2024-11-06 12:12:52.356 CST
[2024-11-06T12:12:54-0600] Waiting for 28.372 s to reach end time
[2024-11-06T12:13:22-0600] Saved traceroute test to /data/data/com.termux/files/home/storage/shared/bos_la_2024_trip/starlink/20241106/120714882/traceroute_121252382.out
[2024-11-06T12:13:22-0600] Traceroute summary (min/avg/max/mdev) 
[2024-11-06T12:13:22-0600] Traceroute test finished at 2024-11-06 12:13:22.422 CST, duration: 30.066 s
[2024-11-06T12:13:22-0600] -------------------------------
[2024-11-06T12:13:22-0600] All tests completed, cleaning up...
[2024-11-06T12:13:22-0600] -------------------------------
[2024-11-06T12:13:39-0600] [measurement] Load environment variables from prod.env file
[2024-11-06T12:13:39-0600] Starting a network measurement, please choose a server
[2024-11-06T12:13:39-0600] 0) West Cloud: 54.176.53.206
[2024-11-06T12:13:39-0600] 1) East Cloud: 54.197.223.49
[2024-11-06T12:13:57-0600] Enter your choice (0-1): Testing starlink, server 1 (ip: 54.197.223.49, nuttcp_port: 5103, iperf_port: 5003)
[2024-11-06T12:13:57-0600] -------------------------------
[2024-11-06T12:13:57-0600] tcp downlink test started at 2024-11-06 12:13:57.842 CST
[2024-11-06T12:13:57-0600] Testing tcp downlink with 54.197.223.49:5103, interval 0.5 s, duration 120 s, timeout 121 s...
[2024-11-06T12:15:58-0600] Current time exceeds end time, skipping wait
[2024-11-06T12:15:58-0600] Saved tcp downlink test to /data/data/com.termux/files/home/storage/shared/bos_la_2024_trip/starlink/20241106/121357821/tcp_downlink_121357868.out
[2024-11-06T12:15:58-0600] DL AVG TPUT: 
[2024-11-06T12:15:58-0600] tcp downlink test finished at 2024-11-06 12:15:58.930 CST, duration: 121.088 s
[2024-11-06T12:15:58-0600] -------------------------------
[2024-11-06T12:15:58-0600] Waiting for 2 s...
[2024-11-06T12:16:01-0600] -------------------------------
[2024-11-06T12:16:01-0600] Starting 5G booster for 5 s...
[2024-11-06T12:16:01-0600] 5G booster started at 2024-11-06 12:16:01.021 CST
[2024-11-06T12:16:07-0600] Current time exceeds end time, skipping wait
[2024-11-06T12:16:07-0600] Saved TCP DL results to /data/data/com.termux/files/home/storage/shared/bos_la_2024_trip/starlink/20241106/121357821/tcp_downlink_121601053.out
[2024-11-06T12:16:07-0600] DL AVG TPUT: 
[2024-11-06T12:16:07-0600] 5G booster finished at 2024-11-06 12:16:07.124 CST, duration: 6.103 s
[2024-11-06T12:16:07-0600] -------------------------------
[2024-11-06T12:16:07-0600] Waiting for 2 s...
[2024-11-06T12:16:09-0600] -------------------------------
[2024-11-06T12:16:09-0600] tcp uplink test started at 2024-11-06 12:16:09.230 CST
[2024-11-06T12:16:09-0600] testing tcp uplink with 54.197.223.49:5103, interval 0.5, duration 120, timeout 121 ...
[2024-11-06T12:18:10-0600] Current time exceeds end time, skipping wait
[2024-11-06T12:18:10-0600] Saved uplink test to /data/data/com.termux/files/home/storage/shared/bos_la_2024_trip/starlink/20241106/121357821/tcp_uplink_121609282.out
[2024-11-06T12:18:10-0600] UL AVG TPUT: 
[2024-11-06T12:18:10-0600] tcp uplink test finished at 2024-11-06 12:18:10.350 CST, duration: 121.120 s
[2024-11-06T12:18:10-0600] -------------------------------
[2024-11-06T12:18:10-0600] Waiting for 2 s...
[2024-11-06T12:18:12-0600] -------------------------------
[2024-11-06T12:18:12-0600] Starting 5G booster for 5 s...
[2024-11-06T12:18:12-0600] 5G booster started at 2024-11-06 12:18:12.460 CST
[2024-11-06T12:18:18-0600] Current time exceeds end time, skipping wait
[2024-11-06T12:18:18-0600] Saved TCP DL results to /data/data/com.termux/files/home/storage/shared/bos_la_2024_trip/starlink/20241106/121357821/tcp_downlink_121812490.out
[2024-11-06T12:18:18-0600] DL AVG TPUT: 
[2024-11-06T12:18:18-0600] 5G booster finished at 2024-11-06 12:18:18.584 CST, duration: 6.124 s
[2024-11-06T12:18:18-0600] -------------------------------
[2024-11-06T12:18:18-0600] Waiting for 2 s...
[2024-11-06T12:18:20-0600] -------------------------------
[2024-11-06T12:18:20-0600] ICMP Ping test started at 2024-11-06 12:18:20.659 CST
[2024-11-06T12:18:50-0600] Waiting for .927 s to reach end time
[2024-11-06T12:18:51-0600] Saved ping test to /data/data/com.termux/files/home/storage/shared/bos_la_2024_trip/starlink/20241106/121357821/icmp_ping_121820682.out
[2024-11-06T12:18:51-0600] Ping summary (min/avg/max/mdev) = 42.027/66.211/122.359/19.985 ms
[2024-11-06T12:18:51-0600] Ping test finished at 2024-11-06 12:18:51.722 CST, duration: 31.063 s
[2024-11-06T12:18:51-0600] -------------------------------
[2024-11-06T12:18:51-0600] Waiting for 2 s...
[2024-11-06T12:18:53-0600] -------------------------------
[2024-11-06T12:18:53-0600] Starting 5G booster for 5 s...
[2024-11-06T12:18:53-0600] 5G booster started at 2024-11-06 12:18:53.868 CST
[2024-11-06T12:18:59-0600] Current time exceeds end time, skipping wait
[2024-11-06T12:18:59-0600] Saved TCP DL results to /data/data/com.termux/files/home/storage/shared/bos_la_2024_trip/starlink/20241106/121357821/tcp_downlink_121853899.out
[2024-11-06T12:18:59-0600] DL AVG TPUT: 
[2024-11-06T12:19:00-0600] 5G booster finished at 2024-11-06 12:18:59.962 CST, duration: 6.094 s
[2024-11-06T12:19:00-0600] -------------------------------
[2024-11-06T12:19:00-0600] Waiting for 2 s...
[2024-11-06T12:19:02-0600] -------------------------------
[2024-11-06T12:19:02-0600] TCP Ping test started at 2024-11-06 12:19:02.049 CST
[2024-11-06T12:19:33-0600] Current time exceeds end time, skipping wait
[2024-11-06T12:19:33-0600] Saved TCP Ping test to /data/data/com.termux/files/home/storage/shared/bos_la_2024_trip/starlink/20241106/121357821/tcp_ping_121902075.out
[2024-11-06T12:19:33-0600] TCP Ping summary (min/avg/max/mdev) 
[2024-11-06T12:19:33-0600] TCP Ping test finished at 2024-11-06 12:19:33.182 CST, duration: 31.133 s
[2024-11-06T12:19:33-0600] -------------------------------
[2024-11-06T12:19:33-0600] Waiting for 2 s...
[2024-11-06T12:19:35-0600] -------------------------------
[2024-11-06T12:19:35-0600] Traceroute test started at 2024-11-06 12:19:35.256 CST
[2024-11-06T12:19:37-0600] Waiting for 28.140 s to reach end time
[2024-11-06T12:20:05-0600] Saved traceroute test to /data/data/com.termux/files/home/storage/shared/bos_la_2024_trip/starlink/20241106/121357821/traceroute_121935279.out
[2024-11-06T12:20:05-0600] Traceroute summary (min/avg/max/mdev) 
[2024-11-06T12:20:05-0600] Traceroute test finished at 2024-11-06 12:20:05.347 CST, duration: 30.091 s
[2024-11-06T12:20:05-0600] -------------------------------
[2024-11-06T12:20:05-0600] All tests completed, cleaning up...
[2024-11-06T12:20:05-0600] -------------------------------
[2024-11-06T12:20:26-0600] [measurement] Load environment variables from prod.env file
[2024-11-06T12:20:26-0600] Starting a network measurement, please choose a server
[2024-11-06T12:20:26-0600] 0) West Cloud: 54.176.53.206
[2024-11-06T12:20:26-0600] 1) East Cloud: 54.197.223.49
[2024-11-06T12:20:49-0600] Enter your choice (0-1): Testing starlink, server 1 (ip: 54.197.223.49, nuttcp_port: 5103, iperf_port: 5003)
[2024-11-06T12:20:49-0600] -------------------------------
[2024-11-06T12:20:49-0600] tcp downlink test started at 2024-11-06 12:20:49.280 CST
[2024-11-06T12:20:49-0600] Testing tcp downlink with 54.197.223.49:5103, interval 0.5 s, duration 120 s, timeout 121 s...
[2024-11-06T12:22:50-0600] Current time exceeds end time, skipping wait
[2024-11-06T12:22:50-0600] Saved tcp downlink test to /data/data/com.termux/files/home/storage/shared/bos_la_2024_trip/starlink/20241106/122049260/tcp_downlink_122049301.out
[2024-11-06T12:22:50-0600] DL AVG TPUT: 
[2024-11-06T12:22:50-0600] tcp downlink test finished at 2024-11-06 12:22:50.359 CST, duration: 121.079 s
[2024-11-06T12:22:50-0600] -------------------------------
[2024-11-06T12:22:50-0600] Waiting for 2 s...
[2024-11-06T12:22:52-0600] -------------------------------
[2024-11-06T12:22:52-0600] Starting 5G booster for 5 s...
[2024-11-06T12:22:52-0600] 5G booster started at 2024-11-06 12:22:52.438 CST
[2024-11-06T12:22:58-0600] Current time exceeds end time, skipping wait
[2024-11-06T12:22:58-0600] Saved TCP DL results to /data/data/com.termux/files/home/storage/shared/bos_la_2024_trip/starlink/20241106/122049260/tcp_downlink_122252460.out
[2024-11-06T12:22:58-0600] DL AVG TPUT: 
[2024-11-06T12:22:58-0600] 5G booster finished at 2024-11-06 12:22:58.506 CST, duration: 6.068 s
[2024-11-06T12:22:58-0600] -------------------------------
[2024-11-06T12:22:58-0600] Waiting for 2 s...
[2024-11-06T12:23:00-0600] -------------------------------
[2024-11-06T12:23:00-0600] tcp uplink test started at 2024-11-06 12:23:00.594 CST
[2024-11-06T12:23:00-0600] testing tcp uplink with 54.197.223.49:5103, interval 0.5, duration 120, timeout 121 ...
[2024-11-06T12:25:01-0600] Current time exceeds end time, skipping wait
[2024-11-06T12:25:01-0600] Saved uplink test to /data/data/com.termux/files/home/storage/shared/bos_la_2024_trip/starlink/20241106/122049260/tcp_uplink_122300623.out
[2024-11-06T12:25:01-0600] UL AVG TPUT: 
[2024-11-06T12:25:01-0600] tcp uplink test finished at 2024-11-06 12:25:01.707 CST, duration: 121.113 s
[2024-11-06T12:25:01-0600] -------------------------------
[2024-11-06T12:25:01-0600] Waiting for 2 s...
[2024-11-06T12:25:03-0600] -------------------------------
[2024-11-06T12:25:03-0600] Starting 5G booster for 5 s...
[2024-11-06T12:25:03-0600] 5G booster started at 2024-11-06 12:25:03.804 CST
[2024-11-06T12:25:09-0600] Current time exceeds end time, skipping wait
[2024-11-06T12:25:09-0600] Saved TCP DL results to /data/data/com.termux/files/home/storage/shared/bos_la_2024_trip/starlink/20241106/122049260/tcp_downlink_122503836.out
[2024-11-06T12:25:09-0600] DL AVG TPUT: 
[2024-11-06T12:25:10-0600] 5G booster finished at 2024-11-06 12:25:09.926 CST, duration: 6.122 s
[2024-11-06T12:25:10-0600] -------------------------------
[2024-11-06T12:25:10-0600] Waiting for 2 s...
[2024-11-06T12:25:12-0600] -------------------------------
[2024-11-06T12:25:12-0600] ICMP Ping test started at 2024-11-06 12:25:12.053 CST
[2024-11-06T12:25:42-0600] Waiting for .885 s to reach end time
[2024-11-06T12:25:43-0600] Saved ping test to /data/data/com.termux/files/home/storage/shared/bos_la_2024_trip/starlink/20241106/122049260/icmp_ping_122512105.out
[2024-11-06T12:25:43-0600] Ping summary (min/avg/max/mdev) = 46.207/773.850/5693.105/1268.262 ms
[2024-11-06T12:25:43-0600] Ping test finished at 2024-11-06 12:25:43.133 CST, duration: 31.080 s
[2024-11-06T12:25:43-0600] -------------------------------
[2024-11-06T12:25:43-0600] Waiting for 2 s...
[2024-11-06T12:25:45-0600] -------------------------------
[2024-11-06T12:25:45-0600] Starting 5G booster for 5 s...
[2024-11-06T12:25:45-0600] 5G booster started at 2024-11-06 12:25:45.222 CST
[2024-11-06T12:25:51-0600] Current time exceeds end time, skipping wait
[2024-11-06T12:25:51-0600] Saved TCP DL results to /data/data/com.termux/files/home/storage/shared/bos_la_2024_trip/starlink/20241106/122049260/tcp_downlink_122545245.out
[2024-11-06T12:25:51-0600] DL AVG TPUT: 
[2024-11-06T12:25:51-0600] 5G booster finished at 2024-11-06 12:25:51.313 CST, duration: 6.091 s
[2024-11-06T12:25:51-0600] -------------------------------
[2024-11-06T12:25:51-0600] Waiting for 2 s...
[2024-11-06T12:25:53-0600] -------------------------------
[2024-11-06T12:25:53-0600] TCP Ping test started at 2024-11-06 12:25:53.384 CST
[2024-11-06T12:26:24-0600] Current time exceeds end time, skipping wait
[2024-11-06T12:26:24-0600] Saved TCP Ping test to /data/data/com.termux/files/home/storage/shared/bos_la_2024_trip/starlink/20241106/122049260/tcp_ping_122553406.out
[2024-11-06T12:26:24-0600] TCP Ping summary (min/avg/max/mdev) 
[2024-11-06T12:26:24-0600] TCP Ping test finished at 2024-11-06 12:26:24.480 CST, duration: 31.096 s
[2024-11-06T12:26:24-0600] -------------------------------
[2024-11-06T12:26:24-0600] Waiting for 2 s...
[2024-11-06T12:26:26-0600] -------------------------------
[2024-11-06T12:26:26-0600] Traceroute test started at 2024-11-06 12:26:26.565 CST
[2024-11-06T12:26:28-0600] Waiting for 28.388 s to reach end time
[2024-11-06T12:26:56-0600] Saved traceroute test to /data/data/com.termux/files/home/storage/shared/bos_la_2024_trip/starlink/20241106/122049260/traceroute_122626592.out
[2024-11-06T12:26:56-0600] Traceroute summary (min/avg/max/mdev) 
[2024-11-06T12:26:56-0600] Traceroute test finished at 2024-11-06 12:26:56.696 CST, duration: 30.131 s
[2024-11-06T12:26:56-0600] -------------------------------
[2024-11-06T12:26:56-0600] All tests completed, cleaning up...
[2024-11-06T12:26:56-0600] -------------------------------
[2024-11-06T12:27:19-0600] [measurement] Load environment variables from prod.env file
[2024-11-06T12:27:19-0600] Starting a network measurement, please choose a server
[2024-11-06T12:27:19-0600] 0) West Cloud: 54.176.53.206
[2024-11-06T12:27:19-0600] 1) East Cloud: 54.197.223.49
[2024-11-06T12:27:44-0600] Enter your choice (0-1): Testing starlink, server 1 (ip: 54.197.223.49, nuttcp_port: 5103, iperf_port: 5003)
[2024-11-06T12:27:44-0600] -------------------------------
[2024-11-06T12:27:45-0600] tcp downlink test started at 2024-11-06 12:27:44.999 CST
[2024-11-06T12:27:45-0600] Testing tcp downlink with 54.197.223.49:5103, interval 0.5 s, duration 120 s, timeout 121 s...
[2024-11-06T12:29:46-0600] Current time exceeds end time, skipping wait
[2024-11-06T12:29:46-0600] Saved tcp downlink test to /data/data/com.termux/files/home/storage/shared/bos_la_2024_trip/starlink/20241106/122744979/tcp_downlink_122745030.out
[2024-11-06T12:29:46-0600] DL AVG TPUT: 
[2024-11-06T12:29:46-0600] tcp downlink test finished at 2024-11-06 12:29:46.108 CST, duration: 121.109 s
[2024-11-06T12:29:46-0600] -------------------------------
[2024-11-06T12:29:46-0600] Waiting for 2 s...
[2024-11-06T12:29:48-0600] -------------------------------
[2024-11-06T12:29:48-0600] Starting 5G booster for 5 s...
[2024-11-06T12:29:48-0600] 5G booster started at 2024-11-06 12:29:48.259 CST
[2024-11-06T12:29:54-0600] Current time exceeds end time, skipping wait
[2024-11-06T12:29:54-0600] Saved TCP DL results to /data/data/com.termux/files/home/storage/shared/bos_la_2024_trip/starlink/20241106/122744979/tcp_downlink_122948306.out
[2024-11-06T12:29:54-0600] DL AVG TPUT: 
[2024-11-06T12:29:54-0600] 5G booster finished at 2024-11-06 12:29:54.412 CST, duration: 6.153 s
[2024-11-06T12:29:54-0600] -------------------------------
[2024-11-06T12:29:54-0600] Waiting for 2 s...
[2024-11-06T12:29:56-0600] -------------------------------
[2024-11-06T12:29:56-0600] tcp uplink test started at 2024-11-06 12:29:56.508 CST
[2024-11-06T12:29:56-0600] testing tcp uplink with 54.197.223.49:5103, interval 0.5, duration 120, timeout 121 ...
[2024-11-06T12:31:57-0600] Current time exceeds end time, skipping wait
[2024-11-06T12:31:57-0600] Saved uplink test to /data/data/com.termux/files/home/storage/shared/bos_la_2024_trip/starlink/20241106/122744979/tcp_uplink_122956537.out
[2024-11-06T12:31:57-0600] UL AVG TPUT: 
[2024-11-06T12:31:57-0600] tcp uplink test finished at 2024-11-06 12:31:57.637 CST, duration: 121.129 s
[2024-11-06T12:31:57-0600] -------------------------------
[2024-11-06T12:31:57-0600] Waiting for 2 s...
[2024-11-06T12:31:59-0600] -------------------------------
[2024-11-06T12:31:59-0600] Starting 5G booster for 5 s...
[2024-11-06T12:31:59-0600] 5G booster started at 2024-11-06 12:31:59.731 CST
[2024-11-06T12:32:05-0600] Current time exceeds end time, skipping wait
[2024-11-06T12:32:05-0600] Saved TCP DL results to /data/data/com.termux/files/home/storage/shared/bos_la_2024_trip/starlink/20241106/122744979/tcp_downlink_123159761.out
[2024-11-06T12:32:05-0600] DL AVG TPUT: 
[2024-11-06T12:32:05-0600] 5G booster finished at 2024-11-06 12:32:05.821 CST, duration: 6.090 s
[2024-11-06T12:32:05-0600] -------------------------------
[2024-11-06T12:32:05-0600] Waiting for 2 s...
[2024-11-06T12:32:07-0600] -------------------------------
[2024-11-06T12:32:07-0600] ICMP Ping test started at 2024-11-06 12:32:07.914 CST
[2024-11-06T12:32:38-0600] Waiting for .898 s to reach end time
[2024-11-06T12:32:39-0600] Saved ping test to /data/data/com.termux/files/home/storage/shared/bos_la_2024_trip/starlink/20241106/122744979/icmp_ping_123207941.out
[2024-11-06T12:32:39-0600] Ping summary (min/avg/max/mdev) = 44.445/71.035/121.283/20.381 ms
[2024-11-06T12:32:39-0600] Ping test finished at 2024-11-06 12:32:39.004 CST, duration: 31.090 s
[2024-11-06T12:32:39-0600] -------------------------------
[2024-11-06T12:32:39-0600] Waiting for 2 s...
[2024-11-06T12:32:41-0600] -------------------------------
[2024-11-06T12:32:41-0600] Starting 5G booster for 5 s...
[2024-11-06T12:32:41-0600] 5G booster started at 2024-11-06 12:32:41.118 CST
[2024-11-06T12:32:47-0600] Current time exceeds end time, skipping wait
[2024-11-06T12:32:47-0600] Saved TCP DL results to /data/data/com.termux/files/home/storage/shared/bos_la_2024_trip/starlink/20241106/122744979/tcp_downlink_123241146.out
[2024-11-06T12:32:47-0600] DL AVG TPUT: 
[2024-11-06T12:32:47-0600] 5G booster finished at 2024-11-06 12:32:47.206 CST, duration: 6.088 s
[2024-11-06T12:32:47-0600] -------------------------------
[2024-11-06T12:32:47-0600] Waiting for 2 s...
[2024-11-06T12:32:49-0600] -------------------------------
[2024-11-06T12:32:49-0600] TCP Ping test started at 2024-11-06 12:32:49.285 CST
[2024-11-06T13:33:20-0500] Current time exceeds end time, skipping wait
[2024-11-06T13:33:20-0500] Saved TCP Ping test to /data/data/com.termux/files/home/storage/shared/bos_la_2024_trip/starlink/20241106/122744979/tcp_ping_123249308.out
[2024-11-06T13:33:20-0500] TCP Ping summary (min/avg/max/mdev) 
[2024-11-06T13:33:20-0500] TCP Ping test finished at 2024-11-06 13:33:20.388 EST, duration: 31.103 s
[2024-11-06T13:33:20-0500] -------------------------------
[2024-11-06T13:33:20-0500] Waiting for 2 s...
[2024-11-06T13:33:22-0500] -------------------------------
[2024-11-06T13:33:22-0500] Traceroute test started at 2024-11-06 13:33:22.492 EST
[2024-11-06T13:33:27-0500] Waiting for 24.663 s to reach end time
[2024-11-06T13:33:52-0500] Saved traceroute test to /data/data/com.termux/files/home/storage/shared/bos_la_2024_trip/starlink/20241106/122744979/traceroute_133322517.out
[2024-11-06T13:33:52-0500] Traceroute summary (min/avg/max/mdev) 
[2024-11-06T13:33:52-0500] Traceroute test finished at 2024-11-06 13:33:52.594 EST, duration: 30.102 s
[2024-11-06T13:33:52-0500] -------------------------------
[2024-11-06T13:33:52-0500] All tests completed, cleaning up...
[2024-11-06T13:33:52-0500] -------------------------------
[2024-11-06T13:36:55-0500] [measurement] Load environment variables from prod.env file
[2024-11-06T13:36:55-0500] Starting a network measurement, please choose a server
[2024-11-06T13:36:55-0500] 0) West Cloud: 54.176.53.206
[2024-11-06T13:36:55-0500] 1) East Cloud: 54.197.223.49
[2024-11-06T13:37:08-0500] Enter your choice (0-1): Testing starlink, server 1 (ip: 54.197.223.49, nuttcp_port: 5103, iperf_port: 5003)
[2024-11-06T13:37:08-0500] -------------------------------
[2024-11-06T13:37:08-0500] tcp downlink test started at 2024-11-06 13:37:08.961 EST
[2024-11-06T13:37:09-0500] Testing tcp downlink with 54.197.223.49:5103, interval 0.5 s, duration 120 s, timeout 121 s...
[2024-11-06T13:39:10-0500] Current time exceeds end time, skipping wait
[2024-11-06T13:39:10-0500] Saved tcp downlink test to /data/data/com.termux/files/home/storage/shared/bos_la_2024_trip/starlink/20241106/133708945/tcp_downlink_133708986.out
[2024-11-06T13:39:10-0500] DL AVG TPUT: 
[2024-11-06T13:39:10-0500] tcp downlink test finished at 2024-11-06 13:39:10.088 EST, duration: 121.127 s
[2024-11-06T13:39:10-0500] -------------------------------
[2024-11-06T13:39:10-0500] Waiting for 2 s...
[2024-11-06T13:39:12-0500] -------------------------------
[2024-11-06T13:39:12-0500] Starting 5G booster for 5 s...
[2024-11-06T13:39:12-0500] 5G booster started at 2024-11-06 13:39:12.197 EST
[2024-11-06T13:39:18-0500] Current time exceeds end time, skipping wait
[2024-11-06T13:39:18-0500] Saved TCP DL results to /data/data/com.termux/files/home/storage/shared/bos_la_2024_trip/starlink/20241106/133708945/tcp_downlink_133912225.out
[2024-11-06T13:39:18-0500] DL AVG TPUT: 
[2024-11-06T13:39:18-0500] 5G booster finished at 2024-11-06 13:39:18.292 EST, duration: 6.095 s
[2024-11-06T13:39:18-0500] -------------------------------
[2024-11-06T13:39:18-0500] Waiting for 2 s...
[2024-11-06T13:39:20-0500] -------------------------------
[2024-11-06T13:39:20-0500] tcp uplink test started at 2024-11-06 13:39:20.383 EST
[2024-11-06T13:39:20-0500] testing tcp uplink with 54.197.223.49:5103, interval 0.5, duration 120, timeout 121 ...
[2024-11-06T13:41:21-0500] Current time exceeds end time, skipping wait
[2024-11-06T13:41:21-0500] Saved uplink test to /data/data/com.termux/files/home/storage/shared/bos_la_2024_trip/starlink/20241106/133708945/tcp_uplink_133920419.out
[2024-11-06T13:41:21-0500] UL AVG TPUT: 
[2024-11-06T13:41:21-0500] tcp uplink test finished at 2024-11-06 13:41:21.505 EST, duration: 121.122 s
[2024-11-06T13:41:21-0500] -------------------------------
[2024-11-06T13:41:21-0500] Waiting for 2 s...
[2024-11-06T13:41:23-0500] -------------------------------
[2024-11-06T13:41:23-0500] Starting 5G booster for 5 s...
[2024-11-06T13:41:23-0500] 5G booster started at 2024-11-06 13:41:23.591 EST
[2024-11-06T13:41:29-0500] Current time exceeds end time, skipping wait
[2024-11-06T13:41:29-0500] Saved TCP DL results to /data/data/com.termux/files/home/storage/shared/bos_la_2024_trip/starlink/20241106/133708945/tcp_downlink_134123625.out
[2024-11-06T13:41:29-0500] DL AVG TPUT: 
[2024-11-06T13:41:29-0500] 5G booster finished at 2024-11-06 13:41:29.707 EST, duration: 6.116 s
[2024-11-06T13:41:29-0500] -------------------------------
[2024-11-06T13:41:29-0500] Waiting for 2 s...
[2024-11-06T13:41:31-0500] -------------------------------
[2024-11-06T13:41:31-0500] ICMP Ping test started at 2024-11-06 13:41:31.823 EST
[2024-11-06T13:42:02-0500] Waiting for .846 s to reach end time
[2024-11-06T13:42:02-0500] Saved ping test to /data/data/com.termux/files/home/storage/shared/bos_la_2024_trip/starlink/20241106/133708945/icmp_ping_134131884.out
[2024-11-06T13:42:02-0500] Ping summary (min/avg/max/mdev) = 42.470/60.657/159.988/13.524 ms
[2024-11-06T13:42:02-0500] Ping test finished at 2024-11-06 13:42:02.898 EST, duration: 31.075 s
[2024-11-06T13:42:02-0500] -------------------------------
[2024-11-06T13:42:02-0500] Waiting for 2 s...
[2024-11-06T13:42:04-0500] -------------------------------
[2024-11-06T13:42:04-0500] Starting 5G booster for 5 s...
[2024-11-06T13:42:05-0500] 5G booster started at 2024-11-06 13:42:05.010 EST
[2024-11-06T13:42:11-0500] Current time exceeds end time, skipping wait
[2024-11-06T13:42:11-0500] Saved TCP DL results to /data/data/com.termux/files/home/storage/shared/bos_la_2024_trip/starlink/20241106/133708945/tcp_downlink_134205048.out
[2024-11-06T13:42:11-0500] DL AVG TPUT: 
[2024-11-06T13:42:11-0500] 5G booster finished at 2024-11-06 13:42:11.129 EST, duration: 6.119 s
[2024-11-06T13:42:11-0500] -------------------------------
[2024-11-06T13:42:11-0500] Waiting for 2 s...
[2024-11-06T13:42:13-0500] -------------------------------
[2024-11-06T13:42:13-0500] TCP Ping test started at 2024-11-06 13:42:13.259 EST
[2024-11-06T13:42:44-0500] Current time exceeds end time, skipping wait
[2024-11-06T13:42:44-0500] Saved TCP Ping test to /data/data/com.termux/files/home/storage/shared/bos_la_2024_trip/starlink/20241106/133708945/tcp_ping_134213289.out
[2024-11-06T13:42:44-0500] TCP Ping summary (min/avg/max/mdev) 
[2024-11-06T13:42:44-0500] TCP Ping test finished at 2024-11-06 13:42:44.384 EST, duration: 31.125 s
[2024-11-06T13:42:44-0500] -------------------------------
[2024-11-06T13:42:44-0500] Waiting for 2 s...
[2024-11-06T13:42:46-0500] -------------------------------
[2024-11-06T13:42:46-0500] Traceroute test started at 2024-11-06 13:42:46.474 EST
[2024-11-06T13:42:51-0500] Waiting for 24.603 s to reach end time
[2024-11-06T13:43:16-0500] Saved traceroute test to /data/data/com.termux/files/home/storage/shared/bos_la_2024_trip/starlink/20241106/133708945/traceroute_134246516.out
[2024-11-06T13:43:16-0500] Traceroute summary (min/avg/max/mdev) 
[2024-11-06T13:43:16-0500] Traceroute test finished at 2024-11-06 13:43:16.582 EST, duration: 30.108 s
[2024-11-06T13:43:16-0500] -------------------------------
[2024-11-06T13:43:16-0500] All tests completed, cleaning up...
[2024-11-06T13:43:16-0500] -------------------------------
[2024-11-06T13:43:36-0500] [measurement] Load environment variables from prod.env file
[2024-11-06T13:43:36-0500] Starting a network measurement, please choose a server
[2024-11-06T13:43:36-0500] 0) West Cloud: 54.176.53.206
[2024-11-06T13:43:36-0500] 1) East Cloud: 54.197.223.49
[2024-11-06T13:43:54-0500] Enter your choice (0-1): Testing starlink, server 1 (ip: 54.197.223.49, nuttcp_port: 5103, iperf_port: 5003)
[2024-11-06T13:43:54-0500] -------------------------------
[2024-11-06T13:43:54-0500] tcp downlink test started at 2024-11-06 13:43:54.057 EST
[2024-11-06T13:43:54-0500] Testing tcp downlink with 54.197.223.49:5103, interval 0.5 s, duration 120 s, timeout 121 s...
[2024-11-06T13:45:55-0500] Current time exceeds end time, skipping wait
[2024-11-06T13:45:55-0500] Saved tcp downlink test to /data/data/com.termux/files/home/storage/shared/bos_la_2024_trip/starlink/20241106/134354040/tcp_downlink_134354081.out
[2024-11-06T13:45:55-0500] DL AVG TPUT: 
[2024-11-06T13:45:55-0500] tcp downlink test finished at 2024-11-06 13:45:55.168 EST, duration: 121.111 s
[2024-11-06T13:45:55-0500] -------------------------------
[2024-11-06T13:45:55-0500] Waiting for 2 s...
[2024-11-06T13:45:57-0500] -------------------------------
[2024-11-06T13:45:57-0500] Starting 5G booster for 5 s...
[2024-11-06T13:45:57-0500] 5G booster started at 2024-11-06 13:45:57.286 EST
[2024-11-06T13:46:03-0500] Current time exceeds end time, skipping wait
[2024-11-06T13:46:03-0500] Saved TCP DL results to /data/data/com.termux/files/home/storage/shared/bos_la_2024_trip/starlink/20241106/134354040/tcp_downlink_134557320.out
[2024-11-06T13:46:03-0500] DL AVG TPUT: 
[2024-11-06T13:46:03-0500] 5G booster finished at 2024-11-06 13:46:03.414 EST, duration: 6.128 s
[2024-11-06T13:46:03-0500] -------------------------------
[2024-11-06T13:46:03-0500] Waiting for 2 s...
[2024-11-06T13:46:05-0500] -------------------------------
[2024-11-06T13:46:05-0500] tcp uplink test started at 2024-11-06 13:46:05.512 EST
[2024-11-06T13:46:05-0500] testing tcp uplink with 54.197.223.49:5103, interval 0.5, duration 120, timeout 121 ...
[2024-11-06T13:48:06-0500] Current time exceeds end time, skipping wait
[2024-11-06T13:48:06-0500] Saved uplink test to /data/data/com.termux/files/home/storage/shared/bos_la_2024_trip/starlink/20241106/134354040/tcp_uplink_134605565.out
[2024-11-06T13:48:06-0500] UL AVG TPUT: 
[2024-11-06T13:48:06-0500] tcp uplink test finished at 2024-11-06 13:48:06.638 EST, duration: 121.126 s
[2024-11-06T13:48:06-0500] -------------------------------
[2024-11-06T13:48:06-0500] Waiting for 2 s...
[2024-11-06T13:48:08-0500] -------------------------------
[2024-11-06T13:48:08-0500] Starting 5G booster for 5 s...
[2024-11-06T13:48:08-0500] 5G booster started at 2024-11-06 13:48:08.739 EST
[2024-11-06T13:48:14-0500] Current time exceeds end time, skipping wait
[2024-11-06T13:48:14-0500] Saved TCP DL results to /data/data/com.termux/files/home/storage/shared/bos_la_2024_trip/starlink/20241106/134354040/tcp_downlink_134808771.out
[2024-11-06T13:48:14-0500] DL AVG TPUT: 
[2024-11-06T13:48:14-0500] 5G booster finished at 2024-11-06 13:48:14.844 EST, duration: 6.105 s
[2024-11-06T13:48:14-0500] -------------------------------
[2024-11-06T13:48:14-0500] Waiting for 2 s...
[2024-11-06T13:48:16-0500] -------------------------------
[2024-11-06T13:48:16-0500] ICMP Ping test started at 2024-11-06 13:48:16.928 EST
[2024-11-06T13:48:47-0500] Waiting for .935 s to reach end time
[2024-11-06T13:48:48-0500] Saved ping test to /data/data/com.termux/files/home/storage/shared/bos_la_2024_trip/starlink/20241106/134354040/icmp_ping_134816950.out
[2024-11-06T13:48:48-0500] Ping summary (min/avg/max/mdev) = 43.851/62.729/189.193/19.719 ms
[2024-11-06T13:48:48-0500] Ping test finished at 2024-11-06 13:48:48.032 EST, duration: 31.104 s
[2024-11-06T13:48:48-0500] -------------------------------
[2024-11-06T13:48:48-0500] Waiting for 2 s...
[2024-11-06T13:48:50-0500] -------------------------------
[2024-11-06T13:48:50-0500] Starting 5G booster for 5 s...
[2024-11-06T13:48:50-0500] 5G booster started at 2024-11-06 13:48:50.121 EST
[2024-11-06T13:48:56-0500] Current time exceeds end time, skipping wait
[2024-11-06T13:48:56-0500] Saved TCP DL results to /data/data/com.termux/files/home/storage/shared/bos_la_2024_trip/starlink/20241106/134354040/tcp_downlink_134850143.out
[2024-11-06T13:48:56-0500] DL AVG TPUT: 
[2024-11-06T13:48:56-0500] 5G booster finished at 2024-11-06 13:48:56.217 EST, duration: 6.096 s
[2024-11-06T13:48:56-0500] -------------------------------
[2024-11-06T13:48:56-0500] Waiting for 2 s...
[2024-11-06T13:48:58-0500] -------------------------------
[2024-11-06T13:48:58-0500] TCP Ping test started at 2024-11-06 13:48:58.319 EST
[2024-11-06T13:49:29-0500] Current time exceeds end time, skipping wait
[2024-11-06T13:49:29-0500] Saved TCP Ping test to /data/data/com.termux/files/home/storage/shared/bos_la_2024_trip/starlink/20241106/134354040/tcp_ping_134858346.out
[2024-11-06T13:49:29-0500] TCP Ping summary (min/avg/max/mdev) 
[2024-11-06T13:49:29-0500] TCP Ping test finished at 2024-11-06 13:49:29.413 EST, duration: 31.094 s
[2024-11-06T13:49:29-0500] -------------------------------
[2024-11-06T13:49:29-0500] Waiting for 2 s...
[2024-11-06T13:49:31-0500] -------------------------------
[2024-11-06T13:49:31-0500] Traceroute test started at 2024-11-06 13:49:31.520 EST
[2024-11-06T13:49:33-0500] Waiting for 28.204 s to reach end time
[2024-11-06T13:50:01-0500] Saved traceroute test to /data/data/com.termux/files/home/storage/shared/bos_la_2024_trip/starlink/20241106/134354040/traceroute_134931546.out
[2024-11-06T13:50:01-0500] Traceroute summary (min/avg/max/mdev) 
[2024-11-06T13:50:01-0500] Traceroute test finished at 2024-11-06 13:50:01.598 EST, duration: 30.078 s
[2024-11-06T13:50:01-0500] -------------------------------
[2024-11-06T13:50:01-0500] All tests completed, cleaning up...
[2024-11-06T13:50:01-0500] -------------------------------
[2024-11-06T13:50:32-0500] [measurement] Load environment variables from prod.env file
[2024-11-06T13:50:32-0500] Starting a network measurement, please choose a server
[2024-11-06T13:50:32-0500] 0) West Cloud: 54.176.53.206
[2024-11-06T13:50:32-0500] 1) East Cloud: 54.197.223.49
[2024-11-06T13:50:49-0500] Enter your choice (0-1): Testing starlink, server 1 (ip: 54.197.223.49, nuttcp_port: 5103, iperf_port: 5003)
[2024-11-06T13:50:49-0500] -------------------------------
[2024-11-06T13:50:49-0500] tcp downlink test started at 2024-11-06 13:50:49.692 EST
[2024-11-06T13:50:49-0500] Testing tcp downlink with 54.197.223.49:5103, interval 0.5 s, duration 120 s, timeout 121 s...
[2024-11-06T13:52:50-0500] Current time exceeds end time, skipping wait
[2024-11-06T13:52:50-0500] Saved tcp downlink test to /data/data/com.termux/files/home/storage/shared/bos_la_2024_trip/starlink/20241106/135049675/tcp_downlink_135049726.out
[2024-11-06T13:52:50-0500] DL AVG TPUT: 
[2024-11-06T13:52:50-0500] tcp downlink test finished at 2024-11-06 13:52:50.809 EST, duration: 121.117 s
[2024-11-06T13:52:50-0500] -------------------------------
[2024-11-06T13:52:50-0500] Waiting for 2 s...
[2024-11-06T13:52:52-0500] -------------------------------
[2024-11-06T13:52:52-0500] Starting 5G booster for 5 s...
[2024-11-06T13:52:52-0500] 5G booster started at 2024-11-06 13:52:52.897 EST
[2024-11-06T13:52:58-0500] Current time exceeds end time, skipping wait
[2024-11-06T13:52:59-0500] Saved TCP DL results to /data/data/com.termux/files/home/storage/shared/bos_la_2024_trip/starlink/20241106/135049675/tcp_downlink_135252931.out
[2024-11-06T13:52:59-0500] DL AVG TPUT: 
[2024-11-06T13:52:59-0500] 5G booster finished at 2024-11-06 13:52:59.006 EST, duration: 6.109 s
[2024-11-06T13:52:59-0500] -------------------------------
[2024-11-06T13:52:59-0500] Waiting for 2 s...
[2024-11-06T13:53:01-0500] -------------------------------
[2024-11-06T13:53:01-0500] tcp uplink test started at 2024-11-06 13:53:01.117 EST
[2024-11-06T13:53:01-0500] testing tcp uplink with 54.197.223.49:5103, interval 0.5, duration 120, timeout 121 ...
[2024-11-06T13:55:02-0500] Current time exceeds end time, skipping wait
[2024-11-06T13:55:02-0500] Saved uplink test to /data/data/com.termux/files/home/storage/shared/bos_la_2024_trip/starlink/20241106/135049675/tcp_uplink_135301181.out
[2024-11-06T13:55:02-0500] UL AVG TPUT: 
[2024-11-06T13:55:02-0500] tcp uplink test finished at 2024-11-06 13:55:02.271 EST, duration: 121.154 s
[2024-11-06T13:55:02-0500] -------------------------------
[2024-11-06T13:55:02-0500] Waiting for 2 s...
[2024-11-06T13:55:04-0500] -------------------------------
[2024-11-06T13:55:04-0500] Starting 5G booster for 5 s...
[2024-11-06T13:55:04-0500] 5G booster started at 2024-11-06 13:55:04.375 EST
[2024-11-06T13:55:10-0500] Current time exceeds end time, skipping wait
[2024-11-06T13:55:10-0500] Saved TCP DL results to /data/data/com.termux/files/home/storage/shared/bos_la_2024_trip/starlink/20241106/135049675/tcp_downlink_135504406.out
[2024-11-06T13:55:10-0500] DL AVG TPUT: 
[2024-11-06T13:55:10-0500] 5G booster finished at 2024-11-06 13:55:10.519 EST, duration: 6.144 s
[2024-11-06T13:55:10-0500] -------------------------------
[2024-11-06T13:55:10-0500] Waiting for 2 s...
[2024-11-06T13:55:12-0500] -------------------------------
[2024-11-06T13:55:12-0500] ICMP Ping test started at 2024-11-06 13:55:12.609 EST
[2024-11-06T13:55:42-0500] Waiting for .898 s to reach end time
[2024-11-06T13:55:43-0500] Saved ping test to /data/data/com.termux/files/home/storage/shared/bos_la_2024_trip/starlink/20241106/135049675/icmp_ping_135512632.out
[2024-11-06T13:55:43-0500] Ping summary (min/avg/max/mdev) = 44.874/54.604/105.930/9.416 ms
[2024-11-06T13:55:43-0500] Ping test finished at 2024-11-06 13:55:43.711 EST, duration: 31.102 s
[2024-11-06T13:55:43-0500] -------------------------------
[2024-11-06T13:55:43-0500] Waiting for 2 s...
[2024-11-06T13:55:45-0500] -------------------------------
[2024-11-06T13:55:45-0500] Starting 5G booster for 5 s...
[2024-11-06T13:55:45-0500] 5G booster started at 2024-11-06 13:55:45.819 EST
[2024-11-06T13:55:51-0500] Current time exceeds end time, skipping wait
[2024-11-06T13:55:51-0500] Saved TCP DL results to /data/data/com.termux/files/home/storage/shared/bos_la_2024_trip/starlink/20241106/135049675/tcp_downlink_135545848.out
[2024-11-06T13:55:51-0500] DL AVG TPUT: 
[2024-11-06T13:55:52-0500] 5G booster finished at 2024-11-06 13:55:51.918 EST, duration: 6.099 s
[2024-11-06T13:55:52-0500] -------------------------------
[2024-11-06T13:55:52-0500] Waiting for 2 s...
[2024-11-06T13:55:54-0500] -------------------------------
[2024-11-06T13:55:54-0500] TCP Ping test started at 2024-11-06 13:55:54.029 EST
[2024-11-06T13:56:25-0500] Current time exceeds end time, skipping wait
[2024-11-06T13:56:25-0500] Saved TCP Ping test to /data/data/com.termux/files/home/storage/shared/bos_la_2024_trip/starlink/20241106/135049675/tcp_ping_135554053.out
[2024-11-06T13:56:25-0500] TCP Ping summary (min/avg/max/mdev) 
[2024-11-06T13:56:25-0500] TCP Ping test finished at 2024-11-06 13:56:25.172 EST, duration: 31.143 s
[2024-11-06T13:56:25-0500] -------------------------------
[2024-11-06T13:56:25-0500] Waiting for 2 s...
[2024-11-06T13:56:27-0500] -------------------------------
[2024-11-06T13:56:27-0500] Traceroute test started at 2024-11-06 13:56:27.277 EST
[2024-11-06T13:56:28-0500] Waiting for 28.973 s to reach end time
[2024-11-06T13:56:57-0500] Saved traceroute test to /data/data/com.termux/files/home/storage/shared/bos_la_2024_trip/starlink/20241106/135049675/traceroute_135627306.out
[2024-11-06T13:56:57-0500] Traceroute summary (min/avg/max/mdev) 
[2024-11-06T13:56:57-0500] Traceroute test finished at 2024-11-06 13:56:57.383 EST, duration: 30.106 s
[2024-11-06T13:56:57-0500] -------------------------------
[2024-11-06T13:56:57-0500] All tests completed, cleaning up...
[2024-11-06T13:56:57-0500] -------------------------------
[2024-11-06T14:00:06-0500] [measurement] Load environment variables from prod.env file
[2024-11-06T14:00:06-0500] Starting a network measurement, please choose a server
[2024-11-06T14:00:06-0500] 0) West Cloud: 54.176.53.206
[2024-11-06T14:00:06-0500] 1) East Cloud: 54.197.223.49
[2024-11-06T14:00:28-0500] Enter your choice (0-1): Testing starlink, server 1 (ip: 54.197.223.49, nuttcp_port: 5103, iperf_port: 5003)
[2024-11-06T14:00:28-0500] -------------------------------
[2024-11-06T14:00:28-0500] tcp downlink test started at 2024-11-06 14:00:28.833 EST
[2024-11-06T14:00:28-0500] Testing tcp downlink with 54.197.223.49:5103, interval 0.5 s, duration 120 s, timeout 121 s...
[2024-11-06T14:02:29-0500] Current time exceeds end time, skipping wait
[2024-11-06T14:02:29-0500] Saved tcp downlink test to /data/data/com.termux/files/home/storage/shared/bos_la_2024_trip/starlink/20241106/140028816/tcp_downlink_140028857.out
[2024-11-06T14:02:29-0500] DL AVG TPUT: 
[2024-11-06T14:02:30-0500] tcp downlink test finished at 2024-11-06 14:02:29.932 EST, duration: 121.099 s
[2024-11-06T14:02:30-0500] -------------------------------
[2024-11-06T14:02:30-0500] Waiting for 2 s...
[2024-11-06T14:02:32-0500] -------------------------------
[2024-11-06T14:02:32-0500] Starting 5G booster for 5 s...
[2024-11-06T14:02:32-0500] 5G booster started at 2024-11-06 14:02:32.047 EST
[2024-11-06T14:02:38-0500] Current time exceeds end time, skipping wait
[2024-11-06T14:02:38-0500] Saved TCP DL results to /data/data/com.termux/files/home/storage/shared/bos_la_2024_trip/starlink/20241106/140028816/tcp_downlink_140232077.out
[2024-11-06T14:02:38-0500] DL AVG TPUT: 
[2024-11-06T14:02:38-0500] 5G booster finished at 2024-11-06 14:02:38.188 EST, duration: 6.141 s
[2024-11-06T14:02:38-0500] -------------------------------
[2024-11-06T14:02:38-0500] Waiting for 2 s...
[2024-11-06T14:02:40-0500] -------------------------------
[2024-11-06T14:02:40-0500] tcp uplink test started at 2024-11-06 14:02:40.297 EST
[2024-11-06T14:02:40-0500] testing tcp uplink with 54.197.223.49:5103, interval 0.5, duration 120, timeout 121 ...
[2024-11-06T14:04:41-0500] Current time exceeds end time, skipping wait
[2024-11-06T14:04:41-0500] Saved uplink test to /data/data/com.termux/files/home/storage/shared/bos_la_2024_trip/starlink/20241106/140028816/tcp_uplink_140240351.out
[2024-11-06T14:04:41-0500] UL AVG TPUT: 
[2024-11-06T14:04:41-0500] tcp uplink test finished at 2024-11-06 14:04:41.462 EST, duration: 121.165 s
[2024-11-06T14:04:41-0500] -------------------------------
[2024-11-06T14:04:41-0500] Waiting for 2 s...
[2024-11-06T14:04:43-0500] -------------------------------
[2024-11-06T14:04:43-0500] Starting 5G booster for 5 s...
[2024-11-06T14:04:43-0500] 5G booster started at 2024-11-06 14:04:43.558 EST
[2024-11-06T14:04:49-0500] Current time exceeds end time, skipping wait
[2024-11-06T14:04:49-0500] Saved TCP DL results to /data/data/com.termux/files/home/storage/shared/bos_la_2024_trip/starlink/20241106/140028816/tcp_downlink_140443612.out
[2024-11-06T14:04:49-0500] DL AVG TPUT: 
[2024-11-06T14:04:49-0500] 5G booster finished at 2024-11-06 14:04:49.684 EST, duration: 6.126 s
[2024-11-06T14:04:49-0500] -------------------------------
[2024-11-06T14:04:49-0500] Waiting for 2 s...
[2024-11-06T14:04:51-0500] -------------------------------
[2024-11-06T14:04:51-0500] ICMP Ping test started at 2024-11-06 14:04:51.796 EST
[2024-11-06T14:05:21-0500] Waiting for .916 s to reach end time
[2024-11-06T14:05:22-0500] Saved ping test to /data/data/com.termux/files/home/storage/shared/bos_la_2024_trip/starlink/20241106/140028816/icmp_ping_140451820.out
[2024-11-06T14:05:22-0500] Ping summary (min/avg/max/mdev) = 41.661/54.385/122.658/12.396 ms
[2024-11-06T14:05:22-0500] Ping test finished at 2024-11-06 14:05:22.891 EST, duration: 31.095 s
[2024-11-06T14:05:22-0500] -------------------------------
[2024-11-06T14:05:22-0500] Waiting for 2 s...
[2024-11-06T14:05:24-0500] -------------------------------
[2024-11-06T14:05:24-0500] Starting 5G booster for 5 s...
[2024-11-06T14:05:25-0500] 5G booster started at 2024-11-06 14:05:25.010 EST
[2024-11-06T14:05:31-0500] Current time exceeds end time, skipping wait
[2024-11-06T14:05:31-0500] Saved TCP DL results to /data/data/com.termux/files/home/storage/shared/bos_la_2024_trip/starlink/20241106/140028816/tcp_downlink_140525034.out
[2024-11-06T14:05:31-0500] DL AVG TPUT: 
[2024-11-06T14:05:31-0500] 5G booster finished at 2024-11-06 14:05:31.114 EST, duration: 6.104 s
[2024-11-06T14:05:31-0500] -------------------------------
[2024-11-06T14:05:31-0500] Waiting for 2 s...
[2024-11-06T14:05:33-0500] -------------------------------
[2024-11-06T14:05:33-0500] TCP Ping test started at 2024-11-06 14:05:33.225 EST
[2024-11-06T14:06:04-0500] Current time exceeds end time, skipping wait
[2024-11-06T14:06:04-0500] Saved TCP Ping test to /data/data/com.termux/files/home/storage/shared/bos_la_2024_trip/starlink/20241106/140028816/tcp_ping_140533280.out
[2024-11-06T14:06:04-0500] TCP Ping summary (min/avg/max/mdev) 
[2024-11-06T14:06:04-0500] TCP Ping test finished at 2024-11-06 14:06:04.399 EST, duration: 31.174 s
[2024-11-06T14:06:04-0500] -------------------------------
[2024-11-06T14:06:04-0500] Waiting for 2 s...
[2024-11-06T14:06:06-0500] -------------------------------
[2024-11-06T14:06:06-0500] Traceroute test started at 2024-11-06 14:06:06.477 EST
[2024-11-06T14:06:07-0500] Waiting for 28.839 s to reach end time
[2024-11-06T14:06:36-0500] Saved traceroute test to /data/data/com.termux/files/home/storage/shared/bos_la_2024_trip/starlink/20241106/140028816/traceroute_140606502.out
[2024-11-06T14:06:36-0500] Traceroute summary (min/avg/max/mdev) 
[2024-11-06T14:06:36-0500] Traceroute test finished at 2024-11-06 14:06:36.559 EST, duration: 30.082 s
[2024-11-06T14:06:36-0500] -------------------------------
[2024-11-06T14:06:36-0500] All tests completed, cleaning up...
[2024-11-06T14:06:36-0500] -------------------------------
[2024-11-06T14:06:40-0500] [measurement] Load environment variables from prod.env file
[2024-11-06T14:06:40-0500] Starting a network measurement, please choose a server
[2024-11-06T14:06:40-0500] 0) West Cloud: 54.176.53.206
[2024-11-06T14:06:40-0500] 1) East Cloud: 54.197.223.49
[2024-11-06T14:07:26-0500] Enter your choice (0-1): Testing starlink, server 1 (ip: 54.197.223.49, nuttcp_port: 5103, iperf_port: 5003)
[2024-11-06T14:07:26-0500] -------------------------------
[2024-11-06T14:07:26-0500] tcp downlink test started at 2024-11-06 14:07:26.708 EST
[2024-11-06T14:07:26-0500] Testing tcp downlink with 54.197.223.49:5103, interval 0.5 s, duration 120 s, timeout 121 s...
[2024-11-06T14:09:27-0500] Current time exceeds end time, skipping wait
[2024-11-06T14:09:27-0500] Saved tcp downlink test to /data/data/com.termux/files/home/storage/shared/bos_la_2024_trip/starlink/20241106/140726691/tcp_downlink_140726729.out
[2024-11-06T14:09:27-0500] DL AVG TPUT: 
[2024-11-06T14:09:27-0500] tcp downlink test finished at 2024-11-06 14:09:27.820 EST, duration: 121.112 s
[2024-11-06T14:09:27-0500] -------------------------------
[2024-11-06T14:09:27-0500] Waiting for 2 s...
[2024-11-06T14:09:29-0500] -------------------------------
[2024-11-06T14:09:29-0500] Starting 5G booster for 5 s...
[2024-11-06T14:09:29-0500] 5G booster started at 2024-11-06 14:09:29.915 EST
[2024-11-06T14:09:36-0500] Current time exceeds end time, skipping wait
[2024-11-06T14:09:36-0500] Saved TCP DL results to /data/data/com.termux/files/home/storage/shared/bos_la_2024_trip/starlink/20241106/140726691/tcp_downlink_140929941.out
[2024-11-06T14:09:36-0500] DL AVG TPUT: 
[2024-11-06T14:09:36-0500] 5G booster finished at 2024-11-06 14:09:36.026 EST, duration: 6.111 s
[2024-11-06T14:09:36-0500] -------------------------------
[2024-11-06T14:09:36-0500] Waiting for 2 s...
[2024-11-06T14:09:38-0500] -------------------------------
[2024-11-06T14:09:38-0500] tcp uplink test started at 2024-11-06 14:09:38.116 EST
[2024-11-06T14:09:38-0500] testing tcp uplink with 54.197.223.49:5103, interval 0.5, duration 120, timeout 121 ...
[2024-11-06T14:11:39-0500] Current time exceeds end time, skipping wait
[2024-11-06T14:11:39-0500] Saved uplink test to /data/data/com.termux/files/home/storage/shared/bos_la_2024_trip/starlink/20241106/140726691/tcp_uplink_140938146.out
[2024-11-06T14:11:39-0500] UL AVG TPUT: 
[2024-11-06T14:11:39-0500] tcp uplink test finished at 2024-11-06 14:11:39.244 EST, duration: 121.128 s
[2024-11-06T14:11:39-0500] -------------------------------
[2024-11-06T14:11:39-0500] Waiting for 2 s...
[2024-11-06T14:11:41-0500] -------------------------------
[2024-11-06T14:11:41-0500] Starting 5G booster for 5 s...
[2024-11-06T14:11:41-0500] 5G booster started at 2024-11-06 14:11:41.376 EST
[2024-11-06T14:11:47-0500] Current time exceeds end time, skipping wait
[2024-11-06T14:11:47-0500] Saved TCP DL results to /data/data/com.termux/files/home/storage/shared/bos_la_2024_trip/starlink/20241106/140726691/tcp_downlink_141141403.out
[2024-11-06T14:11:47-0500] DL AVG TPUT: 
[2024-11-06T14:11:47-0500] 5G booster finished at 2024-11-06 14:11:47.480 EST, duration: 6.104 s
[2024-11-06T14:11:47-0500] -------------------------------
[2024-11-06T14:11:47-0500] Waiting for 2 s...
[2024-11-06T14:11:49-0500] -------------------------------
[2024-11-06T14:11:49-0500] ICMP Ping test started at 2024-11-06 14:11:49.586 EST
[2024-11-06T14:12:19-0500] Waiting for .895 s to reach end time
[2024-11-06T14:12:20-0500] Saved ping test to /data/data/com.termux/files/home/storage/shared/bos_la_2024_trip/starlink/20241106/140726691/icmp_ping_141149617.out
[2024-11-06T14:12:20-0500] Ping summary (min/avg/max/mdev) = 47.303/66.943/113.574/11.671 ms
[2024-11-06T14:12:20-0500] Ping test finished at 2024-11-06 14:12:20.666 EST, duration: 31.080 s
[2024-11-06T14:12:20-0500] -------------------------------
[2024-11-06T14:12:20-0500] Waiting for 2 s...
[2024-11-06T14:12:22-0500] -------------------------------
[2024-11-06T14:12:22-0500] Starting 5G booster for 5 s...
[2024-11-06T14:12:22-0500] 5G booster started at 2024-11-06 14:12:22.792 EST
[2024-11-06T14:12:28-0500] Current time exceeds end time, skipping wait
[2024-11-06T14:12:28-0500] Saved TCP DL results to /data/data/com.termux/files/home/storage/shared/bos_la_2024_trip/starlink/20241106/140726691/tcp_downlink_141222847.out
[2024-11-06T14:12:28-0500] DL AVG TPUT: 
[2024-11-06T14:12:29-0500] 5G booster finished at 2024-11-06 14:12:28.946 EST, duration: 6.154 s
[2024-11-06T14:12:29-0500] -------------------------------
[2024-11-06T14:12:29-0500] Waiting for 2 s...
[2024-11-06T14:12:31-0500] -------------------------------
[2024-11-06T14:12:31-0500] TCP Ping test started at 2024-11-06 14:12:31.065 EST
[2024-11-06T14:13:02-0500] Current time exceeds end time, skipping wait
[2024-11-06T14:13:02-0500] Saved TCP Ping test to /data/data/com.termux/files/home/storage/shared/bos_la_2024_trip/starlink/20241106/140726691/tcp_ping_141231119.out
[2024-11-06T14:13:02-0500] TCP Ping summary (min/avg/max/mdev) 
[2024-11-06T14:13:02-0500] TCP Ping test finished at 2024-11-06 14:13:02.254 EST, duration: 31.189 s
[2024-11-06T14:13:02-0500] -------------------------------
[2024-11-06T14:13:02-0500] Waiting for 2 s...
[2024-11-06T14:13:04-0500] -------------------------------
[2024-11-06T14:13:04-0500] Traceroute test started at 2024-11-06 14:13:04.355 EST
[2024-11-06T14:13:06-0500] Waiting for 28.382 s to reach end time
[2024-11-06T14:13:34-0500] Saved traceroute test to /data/data/com.termux/files/home/storage/shared/bos_la_2024_trip/starlink/20241106/140726691/traceroute_141304385.out
[2024-11-06T14:13:34-0500] Traceroute summary (min/avg/max/mdev) 
[2024-11-06T14:13:34-0500] Traceroute test finished at 2024-11-06 14:13:34.437 EST, duration: 30.082 s
[2024-11-06T14:13:34-0500] -------------------------------
[2024-11-06T14:13:34-0500] All tests completed, cleaning up...
[2024-11-06T14:13:34-0500] -------------------------------
[2024-11-06T14:23:06-0500] [measurement] Load environment variables from prod.env file
[2024-11-06T14:23:06-0500] Starting a network measurement, please choose a server
[2024-11-06T14:23:06-0500] 0) West Cloud: 54.176.53.206
[2024-11-06T14:23:06-0500] 1) East Cloud: 54.197.223.49
[2024-11-06T14:25:29-0500] Enter your choice (0-1): Testing starlink, server 1 (ip: 54.197.223.49, nuttcp_port: 5103, iperf_port: 5003)
[2024-11-06T14:25:29-0500] -------------------------------
[2024-11-06T14:25:29-0500] tcp downlink test started at 2024-11-06 14:25:29.465 EST
[2024-11-06T14:25:29-0500] Testing tcp downlink with 54.197.223.49:5103, interval 0.5 s, duration 120 s, timeout 121 s...
[2024-11-06T14:27:30-0500] Current time exceeds end time, skipping wait
[2024-11-06T14:27:30-0500] Saved tcp downlink test to /data/data/com.termux/files/home/storage/shared/bos_la_2024_trip/starlink/20241106/142529443/tcp_downlink_142529490.out
[2024-11-06T14:27:30-0500] DL AVG TPUT: 
[2024-11-06T14:27:30-0500] tcp downlink test finished at 2024-11-06 14:27:30.578 EST, duration: 121.113 s
[2024-11-06T14:27:30-0500] -------------------------------
[2024-11-06T14:27:30-0500] Waiting for 2 s...
[2024-11-06T14:27:32-0500] -------------------------------
[2024-11-06T14:27:32-0500] Starting 5G booster for 5 s...
[2024-11-06T14:27:32-0500] 5G booster started at 2024-11-06 14:27:32.679 EST
[2024-11-06T14:27:38-0500] Current time exceeds end time, skipping wait
[2024-11-06T14:27:38-0500] Saved TCP DL results to /data/data/com.termux/files/home/storage/shared/bos_la_2024_trip/starlink/20241106/142529443/tcp_downlink_142732706.out
[2024-11-06T14:27:38-0500] DL AVG TPUT: 
[2024-11-06T14:27:38-0500] 5G booster finished at 2024-11-06 14:27:38.786 EST, duration: 6.107 s
[2024-11-06T14:27:38-0500] -------------------------------
[2024-11-06T14:27:38-0500] Waiting for 2 s...
[2024-11-06T14:27:40-0500] -------------------------------
[2024-11-06T14:27:40-0500] tcp uplink test started at 2024-11-06 14:27:40.889 EST
[2024-11-06T14:27:40-0500] testing tcp uplink with 54.197.223.49:5103, interval 0.5, duration 120, timeout 121 ...
[2024-11-06T14:29:41-0500] Current time exceeds end time, skipping wait
[2024-11-06T14:29:42-0500] Saved uplink test to /data/data/com.termux/files/home/storage/shared/bos_la_2024_trip/starlink/20241106/142529443/tcp_uplink_142740919.out
[2024-11-06T14:29:42-0500] UL AVG TPUT: 
[2024-11-06T14:29:42-0500] tcp uplink test finished at 2024-11-06 14:29:42.001 EST, duration: 121.112 s
[2024-11-06T14:29:42-0500] -------------------------------
[2024-11-06T14:29:42-0500] Waiting for 2 s...
[2024-11-06T14:29:44-0500] -------------------------------
[2024-11-06T14:29:44-0500] Starting 5G booster for 5 s...
[2024-11-06T14:29:44-0500] 5G booster started at 2024-11-06 14:29:44.130 EST
[2024-11-06T14:29:50-0500] Current time exceeds end time, skipping wait
[2024-11-06T14:29:50-0500] Saved TCP DL results to /data/data/com.termux/files/home/storage/shared/bos_la_2024_trip/starlink/20241106/142529443/tcp_downlink_142944182.out
[2024-11-06T14:29:50-0500] DL AVG TPUT: 
[2024-11-06T14:29:50-0500] 5G booster finished at 2024-11-06 14:29:50.263 EST, duration: 6.133 s
[2024-11-06T14:29:50-0500] -------------------------------
[2024-11-06T14:29:50-0500] Waiting for 2 s...
[2024-11-06T14:29:52-0500] -------------------------------
[2024-11-06T14:29:52-0500] ICMP Ping test started at 2024-11-06 14:29:52.363 EST
[2024-11-06T14:30:22-0500] Waiting for .895 s to reach end time
[2024-11-06T14:30:23-0500] Saved ping test to /data/data/com.termux/files/home/storage/shared/bos_la_2024_trip/starlink/20241106/142529443/icmp_ping_142952394.out
[2024-11-06T14:30:23-0500] Ping summary (min/avg/max/mdev) = 43.772/56.261/95.046/10.195 ms
[2024-11-06T14:30:23-0500] Ping test finished at 2024-11-06 14:30:23.464 EST, duration: 31.101 s
[2024-11-06T14:30:23-0500] -------------------------------
[2024-11-06T14:30:23-0500] Waiting for 2 s...
[2024-11-06T14:30:25-0500] -------------------------------
[2024-11-06T14:30:25-0500] Starting 5G booster for 5 s...
[2024-11-06T14:30:25-0500] 5G booster started at 2024-11-06 14:30:25.579 EST
[2024-11-06T14:30:31-0500] Current time exceeds end time, skipping wait
[2024-11-06T14:30:31-0500] Saved TCP DL results to /data/data/com.termux/files/home/storage/shared/bos_la_2024_trip/starlink/20241106/142529443/tcp_downlink_143025612.out
[2024-11-06T14:30:31-0500] DL AVG TPUT: 
[2024-11-06T14:30:31-0500] 5G booster finished at 2024-11-06 14:30:31.724 EST, duration: 6.145 s
[2024-11-06T14:30:31-0500] -------------------------------
[2024-11-06T14:30:31-0500] Waiting for 2 s...
[2024-11-06T14:30:33-0500] -------------------------------
[2024-11-06T14:30:33-0500] TCP Ping test started at 2024-11-06 14:30:33.829 EST
[2024-11-06T14:31:04-0500] Current time exceeds end time, skipping wait
[2024-11-06T14:31:04-0500] Saved TCP Ping test to /data/data/com.termux/files/home/storage/shared/bos_la_2024_trip/starlink/20241106/142529443/tcp_ping_143033862.out
[2024-11-06T14:31:04-0500] TCP Ping summary (min/avg/max/mdev) 
[2024-11-06T14:31:05-0500] TCP Ping test finished at 2024-11-06 14:31:04.930 EST, duration: 31.101 s
[2024-11-06T14:31:05-0500] -------------------------------
[2024-11-06T14:31:05-0500] Waiting for 2 s...
[2024-11-06T14:31:07-0500] -------------------------------
[2024-11-06T14:31:07-0500] Traceroute test started at 2024-11-06 14:31:07.045 EST
[2024-11-06T14:31:08-0500] Waiting for 28.514 s to reach end time
[2024-11-06T14:31:37-0500] Saved traceroute test to /data/data/com.termux/files/home/storage/shared/bos_la_2024_trip/starlink/20241106/142529443/traceroute_143107070.out
[2024-11-06T14:31:37-0500] Traceroute summary (min/avg/max/mdev) 
[2024-11-06T14:31:37-0500] Traceroute test finished at 2024-11-06 14:31:37.148 EST, duration: 30.103 s
[2024-11-06T14:31:37-0500] -------------------------------
[2024-11-06T14:31:37-0500] All tests completed, cleaning up...
[2024-11-06T14:31:37-0500] -------------------------------
[2024-11-06T14:33:11-0500] [measurement] Load environment variables from prod.env file
[2024-11-06T14:33:11-0500] Starting a network measurement, please choose a server
[2024-11-06T14:33:11-0500] 0) West Cloud: 54.176.53.206
[2024-11-06T14:33:11-0500] 1) East Cloud: 54.197.223.49
[2024-11-06T14:33:56-0500] Enter your choice (0-1): Testing starlink, server 1 (ip: 54.197.223.49, nuttcp_port: 5103, iperf_port: 5003)
[2024-11-06T14:33:56-0500] -------------------------------
[2024-11-06T14:33:56-0500] tcp downlink test started at 2024-11-06 14:33:56.178 EST
[2024-11-06T14:33:56-0500] Testing tcp downlink with 54.197.223.49:5103, interval 0.5 s, duration 120 s, timeout 121 s...
[2024-11-06T14:35:57-0500] Current time exceeds end time, skipping wait
[2024-11-06T14:35:57-0500] Saved tcp downlink test to /data/data/com.termux/files/home/storage/shared/bos_la_2024_trip/starlink/20241106/143356151/tcp_downlink_143356212.out
[2024-11-06T14:35:57-0500] DL AVG TPUT: 
[2024-11-06T14:35:57-0500] tcp downlink test finished at 2024-11-06 14:35:57.286 EST, duration: 121.108 s
[2024-11-06T14:35:57-0500] -------------------------------
[2024-11-06T14:35:57-0500] Waiting for 2 s...
[2024-11-06T14:35:59-0500] -------------------------------
[2024-11-06T14:35:59-0500] Starting 5G booster for 5 s...
[2024-11-06T14:35:59-0500] 5G booster started at 2024-11-06 14:35:59.383 EST
[2024-11-06T14:36:05-0500] Current time exceeds end time, skipping wait
[2024-11-06T14:36:05-0500] Saved TCP DL results to /data/data/com.termux/files/home/storage/shared/bos_la_2024_trip/starlink/20241106/143356151/tcp_downlink_143559405.out
[2024-11-06T14:36:05-0500] DL AVG TPUT: 
[2024-11-06T14:36:05-0500] 5G booster finished at 2024-11-06 14:36:05.476 EST, duration: 6.093 s
[2024-11-06T14:36:05-0500] -------------------------------
[2024-11-06T14:36:05-0500] Waiting for 2 s...
[2024-11-06T14:36:07-0500] -------------------------------
[2024-11-06T14:36:07-0500] tcp uplink test started at 2024-11-06 14:36:07.566 EST
[2024-11-06T14:36:07-0500] testing tcp uplink with 54.197.223.49:5103, interval 0.5, duration 120, timeout 121 ...
[2024-11-06T14:38:08-0500] Current time exceeds end time, skipping wait
[2024-11-06T14:38:08-0500] Saved uplink test to /data/data/com.termux/files/home/storage/shared/bos_la_2024_trip/starlink/20241106/143356151/tcp_uplink_143607592.out
[2024-11-06T14:38:08-0500] UL AVG TPUT: 
[2024-11-06T14:38:08-0500] tcp uplink test finished at 2024-11-06 14:38:08.672 EST, duration: 121.106 s
[2024-11-06T14:38:08-0500] -------------------------------
[2024-11-06T14:38:08-0500] Waiting for 2 s...
[2024-11-06T14:38:10-0500] -------------------------------
[2024-11-06T14:38:10-0500] Starting 5G booster for 5 s...
[2024-11-06T14:38:10-0500] 5G booster started at 2024-11-06 14:38:10.768 EST
[2024-11-06T14:38:16-0500] Current time exceeds end time, skipping wait
[2024-11-06T14:38:16-0500] Saved TCP DL results to /data/data/com.termux/files/home/storage/shared/bos_la_2024_trip/starlink/20241106/143356151/tcp_downlink_143810798.out
[2024-11-06T14:38:16-0500] DL AVG TPUT: 
[2024-11-06T14:38:16-0500] 5G booster finished at 2024-11-06 14:38:16.904 EST, duration: 6.136 s
[2024-11-06T14:38:16-0500] -------------------------------
[2024-11-06T14:38:16-0500] Waiting for 2 s...
[2024-11-06T14:38:18-0500] -------------------------------
[2024-11-06T14:38:19-0500] ICMP Ping test started at 2024-11-06 14:38:18.992 EST
[2024-11-06T14:38:49-0500] Waiting for .874 s to reach end time
[2024-11-06T14:38:50-0500] Saved ping test to /data/data/com.termux/files/home/storage/shared/bos_la_2024_trip/starlink/20241106/143356151/icmp_ping_143819045.out
[2024-11-06T14:38:50-0500] Ping summary (min/avg/max/mdev) = 43.399/72.654/221.039/27.129 ms
[2024-11-06T14:38:50-0500] Ping test finished at 2024-11-06 14:38:50.100 EST, duration: 31.108 s
[2024-11-06T14:38:50-0500] -------------------------------
[2024-11-06T14:38:50-0500] Waiting for 2 s...
[2024-11-06T14:38:52-0500] -------------------------------
[2024-11-06T14:38:52-0500] Starting 5G booster for 5 s...
[2024-11-06T14:38:52-0500] 5G booster started at 2024-11-06 14:38:52.230 EST
[2024-11-06T14:38:58-0500] Current time exceeds end time, skipping wait
[2024-11-06T14:38:58-0500] Saved TCP DL results to /data/data/com.termux/files/home/storage/shared/bos_la_2024_trip/starlink/20241106/143356151/tcp_downlink_143852263.out
[2024-11-06T14:38:58-0500] DL AVG TPUT: 
[2024-11-06T14:38:58-0500] 5G booster finished at 2024-11-06 14:38:58.346 EST, duration: 6.116 s
[2024-11-06T14:38:58-0500] -------------------------------
[2024-11-06T14:38:58-0500] Waiting for 2 s...
[2024-11-06T14:39:00-0500] -------------------------------
[2024-11-06T14:39:00-0500] TCP Ping test started at 2024-11-06 14:39:00.460 EST
[2024-11-06T14:39:31-0500] Current time exceeds end time, skipping wait
[2024-11-06T14:39:31-0500] Saved TCP Ping test to /data/data/com.termux/files/home/storage/shared/bos_la_2024_trip/starlink/20241106/143356151/tcp_ping_143900489.out
[2024-11-06T14:39:31-0500] TCP Ping summary (min/avg/max/mdev) 
[2024-11-06T14:39:31-0500] TCP Ping test finished at 2024-11-06 14:39:31.588 EST, duration: 31.128 s
[2024-11-06T14:39:31-0500] -------------------------------
[2024-11-06T14:39:31-0500] Waiting for 2 s...
[2024-11-06T14:39:33-0500] -------------------------------
[2024-11-06T14:39:33-0500] Traceroute test started at 2024-11-06 14:39:33.684 EST
[2024-11-06T14:39:34-0500] Waiting for 28.769 s to reach end time
[2024-11-06T14:40:03-0500] Saved traceroute test to /data/data/com.termux/files/home/storage/shared/bos_la_2024_trip/starlink/20241106/143356151/traceroute_143933717.out
[2024-11-06T14:40:03-0500] Traceroute summary (min/avg/max/mdev) 
[2024-11-06T14:40:03-0500] Traceroute test finished at 2024-11-06 14:40:03.783 EST, duration: 30.099 s
[2024-11-06T14:40:03-0500] -------------------------------
[2024-11-06T14:40:03-0500] All tests completed, cleaning up...
[2024-11-06T14:40:03-0500] -------------------------------
[2024-11-06T14:40:19-0500] [measurement] Load environment variables from prod.env file
[2024-11-06T14:40:19-0500] Starting a network measurement, please choose a server
[2024-11-06T14:40:19-0500] 0) West Cloud: 54.176.53.206
[2024-11-06T14:40:19-0500] 1) East Cloud: 54.197.223.49
[2024-11-06T14:40:38-0500] Enter your choice (0-1): Testing starlink, server 1 (ip: 54.197.223.49, nuttcp_port: 5103, iperf_port: 5003)
[2024-11-06T14:40:38-0500] -------------------------------
[2024-11-06T14:40:38-0500] tcp downlink test started at 2024-11-06 14:40:38.887 EST
[2024-11-06T14:40:38-0500] Testing tcp downlink with 54.197.223.49:5103, interval 0.5 s, duration 120 s, timeout 121 s...
[2024-11-06T14:42:39-0500] Current time exceeds end time, skipping wait
[2024-11-06T14:42:39-0500] Saved tcp downlink test to /data/data/com.termux/files/home/storage/shared/bos_la_2024_trip/starlink/20241106/144038870/tcp_downlink_144038908.out
[2024-11-06T14:42:40-0500] DL AVG TPUT: 
[2024-11-06T14:42:40-0500] tcp downlink test finished at 2024-11-06 14:42:39.976 EST, duration: 121.089 s
[2024-11-06T14:42:40-0500] -------------------------------
[2024-11-06T14:42:40-0500] Waiting for 2 s...
[2024-11-06T14:42:42-0500] -------------------------------
[2024-11-06T14:42:42-0500] Starting 5G booster for 5 s...
[2024-11-06T14:42:42-0500] 5G booster started at 2024-11-06 14:42:42.082 EST
[2024-11-06T14:42:48-0500] Current time exceeds end time, skipping wait
[2024-11-06T14:42:48-0500] Saved TCP DL results to /data/data/com.termux/files/home/storage/shared/bos_la_2024_trip/starlink/20241106/144038870/tcp_downlink_144242108.out
[2024-11-06T14:42:48-0500] DL AVG TPUT: 
[2024-11-06T14:42:48-0500] 5G booster finished at 2024-11-06 14:42:48.188 EST, duration: 6.106 s
[2024-11-06T14:42:48-0500] -------------------------------
[2024-11-06T14:42:48-0500] Waiting for 2 s...
[2024-11-06T14:42:50-0500] -------------------------------
[2024-11-06T14:42:50-0500] tcp uplink test started at 2024-11-06 14:42:50.295 EST
[2024-11-06T14:42:50-0500] testing tcp uplink with 54.197.223.49:5103, interval 0.5, duration 120, timeout 121 ...
[2024-11-06T14:44:51-0500] Current time exceeds end time, skipping wait
[2024-11-06T14:44:51-0500] Saved uplink test to /data/data/com.termux/files/home/storage/shared/bos_la_2024_trip/starlink/20241106/144038870/tcp_uplink_144250321.out
[2024-11-06T14:44:51-0500] UL AVG TPUT: 
[2024-11-06T14:44:51-0500] tcp uplink test finished at 2024-11-06 14:44:51.383 EST, duration: 121.088 s
[2024-11-06T14:44:51-0500] -------------------------------
[2024-11-06T14:44:51-0500] Waiting for 2 s...
[2024-11-06T14:44:53-0500] -------------------------------
[2024-11-06T14:44:53-0500] Starting 5G booster for 5 s...
[2024-11-06T14:44:53-0500] 5G booster started at 2024-11-06 14:44:53.483 EST
[2024-11-06T14:44:59-0500] Current time exceeds end time, skipping wait
[2024-11-06T14:44:59-0500] Saved TCP DL results to /data/data/com.termux/files/home/storage/shared/bos_la_2024_trip/starlink/20241106/144038870/tcp_downlink_144453536.out
[2024-11-06T14:44:59-0500] DL AVG TPUT: 
[2024-11-06T14:44:59-0500] 5G booster finished at 2024-11-06 14:44:59.600 EST, duration: 6.117 s
[2024-11-06T14:44:59-0500] -------------------------------
[2024-11-06T14:44:59-0500] Waiting for 2 s...
[2024-11-06T14:45:01-0500] -------------------------------
[2024-11-06T14:45:01-0500] ICMP Ping test started at 2024-11-06 14:45:01.704 EST
[2024-11-06T14:45:31-0500] Waiting for .895 s to reach end time
[2024-11-06T14:45:32-0500] Saved ping test to /data/data/com.termux/files/home/storage/shared/bos_la_2024_trip/starlink/20241106/144038870/icmp_ping_144501740.out
[2024-11-06T14:45:32-0500] Ping summary (min/avg/max/mdev) = 40.964/56.057/137.104/13.932 ms
[2024-11-06T14:45:32-0500] Ping test finished at 2024-11-06 14:45:32.784 EST, duration: 31.080 s
[2024-11-06T14:45:32-0500] -------------------------------
[2024-11-06T14:45:32-0500] Waiting for 2 s...
[2024-11-06T14:45:34-0500] -------------------------------
[2024-11-06T14:45:34-0500] Starting 5G booster for 5 s...
[2024-11-06T14:45:34-0500] 5G booster started at 2024-11-06 14:45:34.873 EST
[2024-11-06T14:45:40-0500] Current time exceeds end time, skipping wait
[2024-11-06T14:45:40-0500] Saved TCP DL results to /data/data/com.termux/files/home/storage/shared/bos_la_2024_trip/starlink/20241106/144038870/tcp_downlink_144534916.out
[2024-11-06T14:45:41-0500] DL AVG TPUT: 
[2024-11-06T14:45:41-0500] 5G booster finished at 2024-11-06 14:45:40.983 EST, duration: 6.110 s
[2024-11-06T14:45:41-0500] -------------------------------
[2024-11-06T14:45:41-0500] Waiting for 2 s...
[2024-11-06T14:45:43-0500] -------------------------------
[2024-11-06T14:45:43-0500] TCP Ping test started at 2024-11-06 14:45:43.091 EST
[2024-11-06T14:46:14-0500] Current time exceeds end time, skipping wait
[2024-11-06T14:46:14-0500] Saved TCP Ping test to /data/data/com.termux/files/home/storage/shared/bos_la_2024_trip/starlink/20241106/144038870/tcp_ping_144543116.out
[2024-11-06T14:46:14-0500] TCP Ping summary (min/avg/max/mdev) 
[2024-11-06T14:46:14-0500] TCP Ping test finished at 2024-11-06 14:46:14.218 EST, duration: 31.127 s
[2024-11-06T14:46:14-0500] -------------------------------
[2024-11-06T14:46:14-0500] Waiting for 2 s...
[2024-11-06T14:46:16-0500] -------------------------------
[2024-11-06T14:46:16-0500] Traceroute test started at 2024-11-06 14:46:16.312 EST
[2024-11-06T14:46:17-0500] Waiting for 28.673 s to reach end time
[2024-11-06T14:46:46-0500] Saved traceroute test to /data/data/com.termux/files/home/storage/shared/bos_la_2024_trip/starlink/20241106/144038870/traceroute_144616378.out
[2024-11-06T14:46:46-0500] Traceroute summary (min/avg/max/mdev) 
[2024-11-06T14:46:46-0500] Traceroute test finished at 2024-11-06 14:46:46.364 EST, duration: 30.052 s
[2024-11-06T14:46:46-0500] -------------------------------
[2024-11-06T14:46:46-0500] All tests completed, cleaning up...
[2024-11-06T14:46:46-0500] -------------------------------
[2024-11-06T14:47:03-0500] [measurement] Load environment variables from prod.env file
[2024-11-06T14:47:03-0500] Starting a network measurement, please choose a server
[2024-11-06T14:47:03-0500] 0) West Cloud: 54.176.53.206
[2024-11-06T14:47:03-0500] 1) East Cloud: 54.197.223.49
[2024-11-06T14:47:41-0500] Enter your choice (0-1): Testing starlink, server 1 (ip: 54.197.223.49, nuttcp_port: 5103, iperf_port: 5003)
[2024-11-06T14:47:41-0500] -------------------------------
[2024-11-06T14:47:42-0500] tcp downlink test started at 2024-11-06 14:47:41.992 EST
[2024-11-06T14:47:42-0500] Testing tcp downlink with 54.197.223.49:5103, interval 0.5 s, duration 120 s, timeout 121 s...
[2024-11-06T14:49:43-0500] Current time exceeds end time, skipping wait
[2024-11-06T14:49:43-0500] Saved tcp downlink test to /data/data/com.termux/files/home/storage/shared/bos_la_2024_trip/starlink/20241106/144741971/tcp_downlink_144742022.out
[2024-11-06T14:49:43-0500] DL AVG TPUT: 
[2024-11-06T14:49:43-0500] tcp downlink test finished at 2024-11-06 14:49:43.120 EST, duration: 121.128 s
[2024-11-06T14:49:43-0500] -------------------------------
[2024-11-06T14:49:43-0500] Waiting for 2 s...
[2024-11-06T14:49:45-0500] -------------------------------
[2024-11-06T14:49:45-0500] Starting 5G booster for 5 s...
[2024-11-06T14:49:45-0500] 5G booster started at 2024-11-06 14:49:45.266 EST
[2024-11-06T14:49:51-0500] Current time exceeds end time, skipping wait
[2024-11-06T14:49:51-0500] Saved TCP DL results to /data/data/com.termux/files/home/storage/shared/bos_la_2024_trip/starlink/20241106/144741971/tcp_downlink_144945293.out
[2024-11-06T14:49:51-0500] DL AVG TPUT: 
[2024-11-06T14:49:51-0500] 5G booster finished at 2024-11-06 14:49:51.367 EST, duration: 6.101 s
[2024-11-06T14:49:51-0500] -------------------------------
[2024-11-06T14:49:51-0500] Waiting for 2 s...
[2024-11-06T14:49:53-0500] -------------------------------
[2024-11-06T14:49:53-0500] tcp uplink test started at 2024-11-06 14:49:53.462 EST
[2024-11-06T14:49:53-0500] testing tcp uplink with 54.197.223.49:5103, interval 0.5, duration 120, timeout 121 ...
[2024-11-06T14:51:54-0500] Current time exceeds end time, skipping wait
[2024-11-06T14:51:54-0500] Saved uplink test to /data/data/com.termux/files/home/storage/shared/bos_la_2024_trip/starlink/20241106/144741971/tcp_uplink_144953501.out
[2024-11-06T14:51:54-0500] UL AVG TPUT: 
[2024-11-06T14:51:54-0500] tcp uplink test finished at 2024-11-06 14:51:54.624 EST, duration: 121.162 s
[2024-11-06T14:51:54-0500] -------------------------------
[2024-11-06T14:51:54-0500] Waiting for 2 s...
[2024-11-06T14:51:56-0500] -------------------------------
[2024-11-06T14:51:56-0500] Starting 5G booster for 5 s...
[2024-11-06T14:51:56-0500] 5G booster started at 2024-11-06 14:51:56.731 EST
[2024-11-06T14:52:02-0500] Current time exceeds end time, skipping wait
[2024-11-06T14:52:02-0500] Saved TCP DL results to /data/data/com.termux/files/home/storage/shared/bos_la_2024_trip/starlink/20241106/144741971/tcp_downlink_145156789.out
[2024-11-06T14:52:02-0500] [CAUTION] EMPTY LOG!
[2024-11-06T14:52:02-0500] 5G booster finished at 2024-11-06 14:52:02.874 EST, duration: 6.143 s
[2024-11-06T14:52:02-0500] -------------------------------
[2024-11-06T14:52:02-0500] Waiting for 2 s...
[2024-11-06T14:52:04-0500] -------------------------------
[2024-11-06T14:52:04-0500] ICMP Ping test started at 2024-11-06 14:52:04.942 EST
[2024-11-06T14:52:19-0500] Waiting for 16.246 s to reach end time
[2024-11-06T14:52:36-0500] Saved ping test to /data/data/com.termux/files/home/storage/shared/bos_la_2024_trip/starlink/20241106/144741971/icmp_ping_145204965.out
[2024-11-06T14:52:36-0500] Ping summary (min/avg/max/mdev) 
[2024-11-06T14:52:36-0500] Ping test finished at 2024-11-06 14:52:36.026 EST, duration: 31.084 s
[2024-11-06T14:52:36-0500] -------------------------------
[2024-11-06T14:52:36-0500] Waiting for 2 s...
[2024-11-06T14:52:38-0500] -------------------------------
[2024-11-06T14:52:38-0500] Starting 5G booster for 5 s...
[2024-11-06T14:52:38-0500] 5G booster started at 2024-11-06 14:52:38.163 EST
[2024-11-06T14:52:44-0500] Current time exceeds end time, skipping wait
[2024-11-06T14:52:44-0500] Saved TCP DL results to /data/data/com.termux/files/home/storage/shared/bos_la_2024_trip/starlink/20241106/144741971/tcp_downlink_145238197.out
[2024-11-06T14:52:44-0500] DL AVG TPUT: 
[2024-11-06T14:52:44-0500] 5G booster finished at 2024-11-06 14:52:44.305 EST, duration: 6.142 s
[2024-11-06T14:52:44-0500] -------------------------------
[2024-11-06T14:52:44-0500] Waiting for 2 s...
[2024-11-06T14:52:46-0500] -------------------------------
[2024-11-06T14:52:46-0500] TCP Ping test started at 2024-11-06 14:52:46.402 EST
[2024-11-06T14:53:17-0500] Current time exceeds end time, skipping wait
[2024-11-06T14:53:17-0500] Saved TCP Ping test to /data/data/com.termux/files/home/storage/shared/bos_la_2024_trip/starlink/20241106/144741971/tcp_ping_145246435.out
[2024-11-06T14:53:17-0500] TCP Ping summary (min/avg/max/mdev) 
[2024-11-06T14:53:17-0500] TCP Ping test finished at 2024-11-06 14:53:17.524 EST, duration: 31.122 s
[2024-11-06T14:53:17-0500] -------------------------------
[2024-11-06T14:53:17-0500] Waiting for 2 s...
[2024-11-06T14:53:19-0500] -------------------------------
[2024-11-06T14:53:19-0500] Traceroute test started at 2024-11-06 14:53:19.627 EST
[2024-11-06T14:53:30-0500] Waiting for 19.338 s to reach end time
[2024-11-06T14:53:49-0500] Saved traceroute test to /data/data/com.termux/files/home/storage/shared/bos_la_2024_trip/starlink/20241106/144741971/traceroute_145319674.out
[2024-11-06T14:53:49-0500] Traceroute summary (min/avg/max/mdev) 
[2024-11-06T14:53:49-0500] Traceroute test finished at 2024-11-06 14:53:49.707 EST, duration: 30.080 s
[2024-11-06T14:53:49-0500] -------------------------------
[2024-11-06T14:53:49-0500] All tests completed, cleaning up...
[2024-11-06T14:53:49-0500] -------------------------------
[2024-11-06T15:53:14-0500] [measurement] Load environment variables from prod.env file
[2024-11-06T15:53:14-0500] Starting a network measurement, please choose a server
[2024-11-06T15:53:14-0500] 0) West Cloud: 54.176.53.206
[2024-11-06T15:53:14-0500] 1) East Cloud: 54.197.223.49
[2024-11-06T15:53:36-0500] Enter your choice (0-1): Testing starlink, server 1 (ip: 54.197.223.49, nuttcp_port: 5103, iperf_port: 5003)
[2024-11-06T15:53:36-0500] -------------------------------
[2024-11-06T15:53:36-0500] tcp downlink test started at 2024-11-06 15:53:36.708 EST
[2024-11-06T15:53:36-0500] Testing tcp downlink with 54.197.223.49:5103, interval 0.5 s, duration 120 s, timeout 121 s...
[2024-11-06T15:53:46-0500] nuttcp-r: v8.1.4: Error: connect: No route to host
[2024-11-06T15:53:46-0500] errno=113
[2024-11-06T15:53:46-0500] Waiting for 111.663 s to reach end time
[2024-11-06T15:55:37-0500] Saved tcp downlink test to /data/data/com.termux/files/home/storage/shared/bos_la_2024_trip/starlink/20241106/155336691/tcp_downlink_155336729.out
[2024-11-06T15:55:37-0500] [CAUTION] EMPTY LOG!
[2024-11-06T15:55:37-0500] tcp downlink test finished at 2024-11-06 15:55:37.788 EST, duration: 121.080 s
[2024-11-06T15:55:37-0500] -------------------------------
[2024-11-06T15:55:37-0500] Waiting for 2 s...
[2024-11-06T15:55:39-0500] -------------------------------
[2024-11-06T15:55:39-0500] Starting 5G booster for 5 s...
[2024-11-06T15:55:39-0500] 5G booster started at 2024-11-06 15:55:39.879 EST
[2024-11-06T15:55:45-0500] Current time exceeds end time, skipping wait
[2024-11-06T15:55:45-0500] Saved TCP DL results to /data/data/com.termux/files/home/storage/shared/bos_la_2024_trip/starlink/20241106/155336691/tcp_downlink_155539903.out
[2024-11-06T15:55:46-0500] DL AVG TPUT: 
[2024-11-06T15:55:46-0500] 5G booster finished at 2024-11-06 15:55:45.968 EST, duration: 6.089 s
[2024-11-06T15:55:46-0500] -------------------------------
[2024-11-06T15:55:46-0500] Waiting for 2 s...
[2024-11-06T15:55:48-0500] -------------------------------
[2024-11-06T15:55:48-0500] tcp uplink test started at 2024-11-06 15:55:48.118 EST
[2024-11-06T15:55:48-0500] testing tcp uplink with 54.197.223.49:5103, interval 0.5, duration 120, timeout 121 ...
[2024-11-06T15:57:02-0500] Waiting for 46.793 s to reach end time
[2024-11-06T15:57:49-0500] Saved uplink test to /data/data/com.termux/files/home/storage/shared/bos_la_2024_trip/starlink/20241106/155336691/tcp_uplink_155548179.out
[2024-11-06T15:57:49-0500] UL AVG TPUT: 
[2024-11-06T15:57:49-0500] tcp uplink test finished at 2024-11-06 15:57:49.199 EST, duration: 121.081 s
[2024-11-06T15:57:49-0500] -------------------------------
[2024-11-06T15:57:49-0500] Waiting for 2 s...
[2024-11-06T15:57:51-0500] -------------------------------
[2024-11-06T15:57:51-0500] Starting 5G booster for 5 s...
[2024-11-06T15:57:51-0500] 5G booster started at 2024-11-06 15:57:51.292 EST
[2024-11-06T15:57:57-0500] Current time exceeds end time, skipping wait
[2024-11-06T15:57:57-0500] Saved TCP DL results to /data/data/com.termux/files/home/storage/shared/bos_la_2024_trip/starlink/20241106/155336691/tcp_downlink_155751316.out
[2024-11-06T15:57:57-0500] DL AVG TPUT: 
[2024-11-06T15:57:57-0500] 5G booster finished at 2024-11-06 15:57:57.395 EST, duration: 6.103 s
[2024-11-06T15:57:57-0500] -------------------------------
[2024-11-06T15:57:57-0500] Waiting for 2 s...
[2024-11-06T15:57:59-0500] -------------------------------
[2024-11-06T15:57:59-0500] ICMP Ping test started at 2024-11-06 15:57:59.497 EST
[2024-11-06T15:58:29-0500] Waiting for .846 s to reach end time
[2024-11-06T15:58:30-0500] Saved ping test to /data/data/com.termux/files/home/storage/shared/bos_la_2024_trip/starlink/20241106/155336691/icmp_ping_155759542.out
[2024-11-06T15:58:30-0500] Ping summary (min/avg/max/mdev) = 42.874/85.586/252.552/37.224 ms
[2024-11-06T15:58:30-0500] Ping test finished at 2024-11-06 15:58:30.587 EST, duration: 31.090 s
[2024-11-06T15:58:30-0500] -------------------------------
[2024-11-06T15:58:30-0500] Waiting for 2 s...
[2024-11-06T15:58:32-0500] -------------------------------
[2024-11-06T15:58:32-0500] Starting 5G booster for 5 s...
[2024-11-06T15:58:32-0500] 5G booster started at 2024-11-06 15:58:32.755 EST
[2024-11-06T15:58:38-0500] Current time exceeds end time, skipping wait
[2024-11-06T15:58:38-0500] Saved TCP DL results to /data/data/com.termux/files/home/storage/shared/bos_la_2024_trip/starlink/20241106/155336691/tcp_downlink_155832785.out
[2024-11-06T15:58:38-0500] DL AVG TPUT: 
[2024-11-06T15:58:38-0500] 5G booster finished at 2024-11-06 15:58:38.874 EST, duration: 6.119 s
[2024-11-06T15:58:38-0500] -------------------------------
[2024-11-06T15:58:38-0500] Waiting for 2 s...
[2024-11-06T15:58:40-0500] -------------------------------
[2024-11-06T15:58:41-0500] TCP Ping test started at 2024-11-06 15:58:40.968 EST
[2024-11-06T15:59:12-0500] Current time exceeds end time, skipping wait
[2024-11-06T15:59:12-0500] Saved TCP Ping test to /data/data/com.termux/files/home/storage/shared/bos_la_2024_trip/starlink/20241106/155336691/tcp_ping_155841021.out
[2024-11-06T15:59:12-0500] TCP Ping summary (min/avg/max/mdev) 
[2024-11-06T15:59:12-0500] TCP Ping test finished at 2024-11-06 15:59:12.151 EST, duration: 31.183 s
[2024-11-06T15:59:12-0500] -------------------------------
[2024-11-06T15:59:12-0500] Waiting for 2 s...
[2024-11-06T15:59:14-0500] -------------------------------
[2024-11-06T15:59:14-0500] Traceroute test started at 2024-11-06 15:59:14.253 EST
[2024-11-06T15:59:17-0500] Waiting for 27.291 s to reach end time
[2024-11-06T15:59:44-0500] Saved traceroute test to /data/data/com.termux/files/home/storage/shared/bos_la_2024_trip/starlink/20241106/155336691/traceroute_155914279.out
[2024-11-06T15:59:44-0500] Traceroute summary (min/avg/max/mdev) 
[2024-11-06T15:59:44-0500] Traceroute test finished at 2024-11-06 15:59:44.331 EST, duration: 30.078 s
[2024-11-06T15:59:44-0500] -------------------------------
[2024-11-06T15:59:44-0500] All tests completed, cleaning up...
[2024-11-06T15:59:44-0500] -------------------------------
[2024-11-06T15:59:46-0500] [measurement] Load environment variables from prod.env file
[2024-11-06T15:59:46-0500] Starting a network measurement, please choose a server
[2024-11-06T15:59:46-0500] 0) West Cloud: 54.176.53.206
[2024-11-06T15:59:46-0500] 1) East Cloud: 54.197.223.49
[2024-11-06T15:59:46-0500] Enter your choice (0-1): Invalid choice, please enter a number in range
[2024-11-06T15:59:46-0500] Starting a network measurement, please choose a server
[2024-11-06T15:59:46-0500] 0) West Cloud: 54.176.53.206
[2024-11-06T15:59:46-0500] 1) East Cloud: 54.197.223.49
[2024-11-06T16:00:24-0500] [measurement] Load environment variables from prod.env file
[2024-11-06T16:00:24-0500] Starting a network measurement, please choose a server
[2024-11-06T16:00:24-0500] 0) West Cloud: 54.176.53.206
[2024-11-06T16:00:24-0500] 1) East Cloud: 54.197.223.49
[2024-11-06T16:00:45-0500] Enter your choice (0-1): Testing starlink, server 1 (ip: 54.197.223.49, nuttcp_port: 5103, iperf_port: 5003)
[2024-11-06T16:00:45-0500] -------------------------------
[2024-11-06T16:00:45-0500] tcp downlink test started at 2024-11-06 16:00:45.630 EST
[2024-11-06T16:00:45-0500] Testing tcp downlink with 54.197.223.49:5103, interval 0.5 s, duration 120 s, timeout 121 s...
[2024-11-06T16:02:46-0500] Current time exceeds end time, skipping wait
[2024-11-06T16:02:46-0500] Saved tcp downlink test to /data/data/com.termux/files/home/storage/shared/bos_la_2024_trip/starlink/20241106/160045612/tcp_downlink_160045656.out
[2024-11-06T16:02:46-0500] DL AVG TPUT: 
[2024-11-06T16:02:46-0500] tcp downlink test finished at 2024-11-06 16:02:46.729 EST, duration: 121.099 s
[2024-11-06T16:02:46-0500] -------------------------------
[2024-11-06T16:02:46-0500] Waiting for 2 s...
[2024-11-06T16:02:48-0500] -------------------------------
[2024-11-06T16:02:48-0500] Starting 5G booster for 5 s...
[2024-11-06T16:02:48-0500] 5G booster started at 2024-11-06 16:02:48.845 EST
[2024-11-06T16:02:54-0500] Current time exceeds end time, skipping wait
[2024-11-06T16:02:54-0500] Saved TCP DL results to /data/data/com.termux/files/home/storage/shared/bos_la_2024_trip/starlink/20241106/160045612/tcp_downlink_160248869.out
[2024-11-06T16:02:54-0500] DL AVG TPUT: 
[2024-11-06T16:02:55-0500] 5G booster finished at 2024-11-06 16:02:54.965 EST, duration: 6.120 s
[2024-11-06T16:02:55-0500] -------------------------------
[2024-11-06T16:02:55-0500] Waiting for 2 s...
[2024-11-06T16:02:57-0500] -------------------------------
[2024-11-06T16:02:57-0500] tcp uplink test started at 2024-11-06 16:02:57.055 EST
[2024-11-06T16:02:57-0500] testing tcp uplink with 54.197.223.49:5103, interval 0.5, duration 120, timeout 121 ...
[2024-11-06T16:04:58-0500] Current time exceeds end time, skipping wait
[2024-11-06T16:04:58-0500] Saved uplink test to /data/data/com.termux/files/home/storage/shared/bos_la_2024_trip/starlink/20241106/160045612/tcp_uplink_160257079.out
[2024-11-06T16:04:58-0500] UL AVG TPUT: 
[2024-11-06T16:04:58-0500] tcp uplink test finished at 2024-11-06 16:04:58.164 EST, duration: 121.109 s
[2024-11-06T16:04:58-0500] -------------------------------
[2024-11-06T16:04:58-0500] Waiting for 2 s...
[2024-11-06T16:05:00-0500] -------------------------------
[2024-11-06T16:05:00-0500] Starting 5G booster for 5 s...
[2024-11-06T16:05:00-0500] 5G booster started at 2024-11-06 16:05:00.268 EST
[2024-11-06T16:05:06-0500] Current time exceeds end time, skipping wait
[2024-11-06T16:05:06-0500] Saved TCP DL results to /data/data/com.termux/files/home/storage/shared/bos_la_2024_trip/starlink/20241106/160045612/tcp_downlink_160500294.out
[2024-11-06T16:05:06-0500] DL AVG TPUT: 
[2024-11-06T16:05:06-0500] 5G booster finished at 2024-11-06 16:05:06.400 EST, duration: 6.132 s
[2024-11-06T16:05:06-0500] -------------------------------
[2024-11-06T16:05:06-0500] Waiting for 2 s...
[2024-11-06T16:05:08-0500] -------------------------------
[2024-11-06T16:05:08-0500] ICMP Ping test started at 2024-11-06 16:05:08.498 EST
[2024-11-06T16:05:38-0500] Waiting for .873 s to reach end time
[2024-11-06T16:05:39-0500] Saved ping test to /data/data/com.termux/files/home/storage/shared/bos_la_2024_trip/starlink/20241106/160045612/icmp_ping_160508550.out
[2024-11-06T16:05:39-0500] Ping summary (min/avg/max/mdev) = 44.230/79.202/159.169/24.007 ms
[2024-11-06T16:05:39-0500] Ping test finished at 2024-11-06 16:05:39.597 EST, duration: 31.099 s
[2024-11-06T16:05:39-0500] -------------------------------
[2024-11-06T16:05:39-0500] Waiting for 2 s...
[2024-11-06T16:05:41-0500] -------------------------------
[2024-11-06T16:05:41-0500] Starting 5G booster for 5 s...
[2024-11-06T16:05:41-0500] 5G booster started at 2024-11-06 16:05:41.725 EST
[2024-11-06T16:05:47-0500] Current time exceeds end time, skipping wait
[2024-11-06T16:05:47-0500] Saved TCP DL results to /data/data/com.termux/files/home/storage/shared/bos_la_2024_trip/starlink/20241106/160045612/tcp_downlink_160541750.out
[2024-11-06T16:05:47-0500] DL AVG TPUT: 
[2024-11-06T16:05:47-0500] 5G booster finished at 2024-11-06 16:05:47.821 EST, duration: 6.096 s
[2024-11-06T16:05:47-0500] -------------------------------
[2024-11-06T16:05:47-0500] Waiting for 2 s...
[2024-11-06T16:05:49-0500] -------------------------------
[2024-11-06T16:05:49-0500] TCP Ping test started at 2024-11-06 16:05:49.913 EST
[2024-11-06T16:06:21-0500] Current time exceeds end time, skipping wait
[2024-11-06T16:06:21-0500] Saved TCP Ping test to /data/data/com.termux/files/home/storage/shared/bos_la_2024_trip/starlink/20241106/160045612/tcp_ping_160549940.out
[2024-11-06T16:06:21-0500] TCP Ping summary (min/avg/max/mdev) 
[2024-11-06T16:06:21-0500] TCP Ping test finished at 2024-11-06 16:06:21.039 EST, duration: 31.126 s
[2024-11-06T16:06:21-0500] -------------------------------
[2024-11-06T16:06:21-0500] Waiting for 2 s...
[2024-11-06T16:06:23-0500] -------------------------------
[2024-11-06T16:06:23-0500] Traceroute test started at 2024-11-06 16:06:23.137 EST
[2024-11-06T16:06:26-0500] Waiting for 27.133 s to reach end time
[2024-11-06T16:06:53-0500] Saved traceroute test to /data/data/com.termux/files/home/storage/shared/bos_la_2024_trip/starlink/20241106/160045612/traceroute_160623190.out
[2024-11-06T16:06:53-0500] Traceroute summary (min/avg/max/mdev) 
[2024-11-06T16:06:53-0500] Traceroute test finished at 2024-11-06 16:06:53.218 EST, duration: 30.081 s
[2024-11-06T16:06:53-0500] -------------------------------
[2024-11-06T16:06:53-0500] All tests completed, cleaning up...
[2024-11-06T16:06:53-0500] -------------------------------
[2024-11-06T16:07:02-0500] [measurement] Load environment variables from prod.env file
[2024-11-06T16:07:02-0500] Starting a network measurement, please choose a server
[2024-11-06T16:07:02-0500] 0) West Cloud: 54.176.53.206
[2024-11-06T16:07:02-0500] 1) East Cloud: 54.197.223.49
[2024-11-06T16:07:48-0500] Enter your choice (0-1): Testing starlink, server 1 (ip: 54.197.223.49, nuttcp_port: 5103, iperf_port: 5003)
[2024-11-06T16:07:48-0500] -------------------------------
[2024-11-06T16:07:48-0500] tcp downlink test started at 2024-11-06 16:07:48.549 EST
[2024-11-06T16:07:48-0500] Testing tcp downlink with 54.197.223.49:5103, interval 0.5 s, duration 120 s, timeout 121 s...
[2024-11-06T16:09:49-0500] Current time exceeds end time, skipping wait
[2024-11-06T16:09:49-0500] Saved tcp downlink test to /data/data/com.termux/files/home/storage/shared/bos_la_2024_trip/starlink/20241106/160748528/tcp_downlink_160748580.out
[2024-11-06T16:09:49-0500] DL AVG TPUT: 
[2024-11-06T16:09:49-0500] tcp downlink test finished at 2024-11-06 16:09:49.642 EST, duration: 121.093 s
[2024-11-06T16:09:49-0500] -------------------------------
[2024-11-06T16:09:49-0500] Waiting for 2 s...
[2024-11-06T16:09:51-0500] -------------------------------
[2024-11-06T16:09:51-0500] Starting 5G booster for 5 s...
[2024-11-06T16:09:51-0500] 5G booster started at 2024-11-06 16:09:51.766 EST
[2024-11-06T16:09:57-0500] Current time exceeds end time, skipping wait
[2024-11-06T16:09:57-0500] Saved TCP DL results to /data/data/com.termux/files/home/storage/shared/bos_la_2024_trip/starlink/20241106/160748528/tcp_downlink_160951792.out
[2024-11-06T16:09:57-0500] DL AVG TPUT: 
[2024-11-06T16:09:57-0500] 5G booster finished at 2024-11-06 16:09:57.888 EST, duration: 6.122 s
[2024-11-06T16:09:57-0500] -------------------------------
[2024-11-06T16:09:57-0500] Waiting for 2 s...
[2024-11-06T16:09:59-0500] -------------------------------
[2024-11-06T16:10:00-0500] tcp uplink test started at 2024-11-06 16:10:00.007 EST
[2024-11-06T16:10:00-0500] testing tcp uplink with 54.197.223.49:5103, interval 0.5, duration 120, timeout 121 ...
[2024-11-06T16:12:01-0500] Current time exceeds end time, skipping wait
[2024-11-06T16:12:01-0500] Saved uplink test to /data/data/com.termux/files/home/storage/shared/bos_la_2024_trip/starlink/20241106/160748528/tcp_uplink_161000041.out
[2024-11-06T16:12:01-0500] UL AVG TPUT: 
[2024-11-06T16:12:01-0500] tcp uplink test finished at 2024-11-06 16:12:01.137 EST, duration: 121.130 s
[2024-11-06T16:12:01-0500] -------------------------------
[2024-11-06T16:12:01-0500] Waiting for 2 s...
[2024-11-06T16:12:03-0500] -------------------------------
[2024-11-06T16:12:03-0500] Starting 5G booster for 5 s...
[2024-11-06T16:12:03-0500] 5G booster started at 2024-11-06 16:12:03.227 EST
[2024-11-06T16:12:09-0500] Current time exceeds end time, skipping wait
[2024-11-06T16:12:09-0500] Saved TCP DL results to /data/data/com.termux/files/home/storage/shared/bos_la_2024_trip/starlink/20241106/160748528/tcp_downlink_161203250.out
[2024-11-06T16:12:09-0500] DL AVG TPUT: 
[2024-11-06T16:12:09-0500] 5G booster finished at 2024-11-06 16:12:09.354 EST, duration: 6.127 s
[2024-11-06T16:12:09-0500] -------------------------------
[2024-11-06T16:12:09-0500] Waiting for 2 s...
[2024-11-06T16:12:11-0500] -------------------------------
[2024-11-06T16:12:11-0500] ICMP Ping test started at 2024-11-06 16:12:11.460 EST
[2024-11-06T16:12:41-0500] Waiting for .898 s to reach end time
[2024-11-06T16:12:42-0500] Saved ping test to /data/data/com.termux/files/home/storage/shared/bos_la_2024_trip/starlink/20241106/160748528/icmp_ping_161211484.out
[2024-11-06T16:12:42-0500] Ping summary (min/avg/max/mdev) = 43.929/66.812/245.426/24.079 ms
[2024-11-06T16:12:42-0500] Ping test finished at 2024-11-06 16:12:42.544 EST, duration: 31.084 s
[2024-11-06T16:12:42-0500] -------------------------------
[2024-11-06T16:12:42-0500] Waiting for 2 s...
[2024-11-06T16:12:44-0500] -------------------------------
[2024-11-06T16:12:44-0500] Starting 5G booster for 5 s...
[2024-11-06T16:12:44-0500] 5G booster started at 2024-11-06 16:12:44.647 EST
[2024-11-06T16:12:50-0500] Current time exceeds end time, skipping wait
[2024-11-06T16:12:50-0500] Saved TCP DL results to /data/data/com.termux/files/home/storage/shared/bos_la_2024_trip/starlink/20241106/160748528/tcp_downlink_161244671.out
[2024-11-06T16:12:50-0500] DL AVG TPUT: 
[2024-11-06T16:12:50-0500] 5G booster finished at 2024-11-06 16:12:50.736 EST, duration: 6.089 s
[2024-11-06T16:12:50-0500] -------------------------------
[2024-11-06T16:12:50-0500] Waiting for 2 s...
[2024-11-06T16:12:52-0500] -------------------------------
[2024-11-06T16:12:52-0500] TCP Ping test started at 2024-11-06 16:12:52.835 EST
[2024-11-06T16:13:23-0500] Current time exceeds end time, skipping wait
[2024-11-06T16:13:23-0500] Saved TCP Ping test to /data/data/com.termux/files/home/storage/shared/bos_la_2024_trip/starlink/20241106/160748528/tcp_ping_161252860.out
[2024-11-06T16:13:23-0500] TCP Ping summary (min/avg/max/mdev) 
[2024-11-06T16:13:24-0500] TCP Ping test finished at 2024-11-06 16:13:23.945 EST, duration: 31.110 s
[2024-11-06T16:13:24-0500] -------------------------------
[2024-11-06T16:13:24-0500] Waiting for 2 s...
[2024-11-06T16:13:26-0500] -------------------------------
[2024-11-06T16:13:26-0500] Traceroute test started at 2024-11-06 16:13:26.052 EST
[2024-11-06T16:13:27-0500] Waiting for 28.476 s to reach end time
[2024-11-06T16:13:56-0500] Saved traceroute test to /data/data/com.termux/files/home/storage/shared/bos_la_2024_trip/starlink/20241106/160748528/traceroute_161326082.out
[2024-11-06T16:13:56-0500] Traceroute summary (min/avg/max/mdev) 
[2024-11-06T16:13:56-0500] Traceroute test finished at 2024-11-06 16:13:56.135 EST, duration: 30.083 s
[2024-11-06T16:13:56-0500] -------------------------------
[2024-11-06T16:13:56-0500] All tests completed, cleaning up...
[2024-11-06T16:13:56-0500] -------------------------------
[2024-11-06T16:14:15-0500] [measurement] Load environment variables from prod.env file
[2024-11-06T16:14:15-0500] Starting a network measurement, please choose a server
[2024-11-06T16:14:15-0500] 0) West Cloud: 54.176.53.206
[2024-11-06T16:14:15-0500] 1) East Cloud: 54.197.223.49
[2024-11-06T16:14:48-0500] Enter your choice (0-1): Testing starlink, server 1 (ip: 54.197.223.49, nuttcp_port: 5103, iperf_port: 5003)
[2024-11-06T16:14:48-0500] -------------------------------
[2024-11-06T16:14:48-0500] tcp downlink test started at 2024-11-06 16:14:48.594 EST
[2024-11-06T16:14:48-0500] Testing tcp downlink with 54.197.223.49:5103, interval 0.5 s, duration 120 s, timeout 121 s...
[2024-11-06T16:16:49-0500] Current time exceeds end time, skipping wait
[2024-11-06T16:16:49-0500] Saved tcp downlink test to /data/data/com.termux/files/home/storage/shared/bos_la_2024_trip/starlink/20241106/161448576/tcp_downlink_161448621.out
[2024-11-06T16:16:49-0500] DL AVG TPUT: 
[2024-11-06T16:16:49-0500] tcp downlink test finished at 2024-11-06 16:16:49.703 EST, duration: 121.109 s
[2024-11-06T16:16:49-0500] -------------------------------
[2024-11-06T16:16:49-0500] Waiting for 2 s...
[2024-11-06T16:16:51-0500] -------------------------------
[2024-11-06T16:16:51-0500] Starting 5G booster for 5 s...
[2024-11-06T16:16:51-0500] 5G booster started at 2024-11-06 16:16:51.781 EST
[2024-11-06T16:16:57-0500] Current time exceeds end time, skipping wait
[2024-11-06T16:16:57-0500] Saved TCP DL results to /data/data/com.termux/files/home/storage/shared/bos_la_2024_trip/starlink/20241106/161448576/tcp_downlink_161651816.out
[2024-11-06T16:16:57-0500] DL AVG TPUT: 
[2024-11-06T16:16:57-0500] 5G booster finished at 2024-11-06 16:16:57.886 EST, duration: 6.105 s
[2024-11-06T16:16:57-0500] -------------------------------
[2024-11-06T16:16:57-0500] Waiting for 2 s...
[2024-11-06T16:16:59-0500] -------------------------------
[2024-11-06T16:17:00-0500] tcp uplink test started at 2024-11-06 16:16:59.983 EST
[2024-11-06T16:17:00-0500] testing tcp uplink with 54.197.223.49:5103, interval 0.5, duration 120, timeout 121 ...
[2024-11-06T16:19:01-0500] Current time exceeds end time, skipping wait
[2024-11-06T16:19:01-0500] Saved uplink test to /data/data/com.termux/files/home/storage/shared/bos_la_2024_trip/starlink/20241106/161448576/tcp_uplink_161700014.out
[2024-11-06T16:19:01-0500] UL AVG TPUT: 
[2024-11-06T16:19:01-0500] tcp uplink test finished at 2024-11-06 16:19:01.098 EST, duration: 121.115 s
[2024-11-06T16:19:01-0500] -------------------------------
[2024-11-06T16:19:01-0500] Waiting for 2 s...
[2024-11-06T16:19:03-0500] -------------------------------
[2024-11-06T16:19:03-0500] Starting 5G booster for 5 s...
[2024-11-06T16:19:03-0500] 5G booster started at 2024-11-06 16:19:03.230 EST
[2024-11-06T16:19:09-0500] Current time exceeds end time, skipping wait
[2024-11-06T16:19:09-0500] Saved TCP DL results to /data/data/com.termux/files/home/storage/shared/bos_la_2024_trip/starlink/20241106/161448576/tcp_downlink_161903260.out
[2024-11-06T16:19:09-0500] DL AVG TPUT: 
[2024-11-06T16:19:09-0500] 5G booster finished at 2024-11-06 16:19:09.321 EST, duration: 6.091 s
[2024-11-06T16:19:09-0500] -------------------------------
[2024-11-06T16:19:09-0500] Waiting for 2 s...
[2024-11-06T16:19:11-0500] -------------------------------
[2024-11-06T16:19:11-0500] ICMP Ping test started at 2024-11-06 16:19:11.427 EST
[2024-11-06T16:19:41-0500] Waiting for .881 s to reach end time
[2024-11-06T16:19:42-0500] Saved ping test to /data/data/com.termux/files/home/storage/shared/bos_la_2024_trip/starlink/20241106/161448576/icmp_ping_161911459.out
[2024-11-06T16:19:42-0500] Ping summary (min/avg/max/mdev) = 44.084/73.679/187.987/27.224 ms
[2024-11-06T16:19:42-0500] Ping test finished at 2024-11-06 16:19:42.507 EST, duration: 31.080 s
[2024-11-06T16:19:42-0500] -------------------------------
[2024-11-06T16:19:42-0500] Waiting for 2 s...
[2024-11-06T16:19:44-0500] -------------------------------
[2024-11-06T16:19:44-0500] Starting 5G booster for 5 s...
[2024-11-06T16:19:44-0500] 5G booster started at 2024-11-06 16:19:44.656 EST
[2024-11-06T16:19:50-0500] Current time exceeds end time, skipping wait
[2024-11-06T16:19:50-0500] Saved TCP DL results to /data/data/com.termux/files/home/storage/shared/bos_la_2024_trip/starlink/20241106/161448576/tcp_downlink_161944685.out
[2024-11-06T16:19:50-0500] DL AVG TPUT: 
[2024-11-06T16:19:50-0500] 5G booster finished at 2024-11-06 16:19:50.799 EST, duration: 6.143 s
[2024-11-06T16:19:50-0500] -------------------------------
[2024-11-06T16:19:50-0500] Waiting for 2 s...
[2024-11-06T16:19:52-0500] -------------------------------
[2024-11-06T16:19:52-0500] TCP Ping test started at 2024-11-06 16:19:52.904 EST
[2024-11-06T16:20:24-0500] Current time exceeds end time, skipping wait
[2024-11-06T16:20:24-0500] Saved TCP Ping test to /data/data/com.termux/files/home/storage/shared/bos_la_2024_trip/starlink/20241106/161448576/tcp_ping_161952956.out
[2024-11-06T16:20:24-0500] TCP Ping summary (min/avg/max/mdev) 
[2024-11-06T16:20:24-0500] TCP Ping test finished at 2024-11-06 16:20:24.042 EST, duration: 31.138 s
[2024-11-06T16:20:24-0500] -------------------------------
[2024-11-06T16:20:24-0500] Waiting for 2 s...
[2024-11-06T16:20:26-0500] -------------------------------
[2024-11-06T16:20:26-0500] Traceroute test started at 2024-11-06 16:20:26.165 EST
[2024-11-06T16:20:28-0500] Waiting for 27.632 s to reach end time
[2024-11-06T16:20:56-0500] Saved traceroute test to /data/data/com.termux/files/home/storage/shared/bos_la_2024_trip/starlink/20241106/161448576/traceroute_162026202.out
[2024-11-06T16:20:56-0500] Traceroute summary (min/avg/max/mdev) 
[2024-11-06T16:20:56-0500] Traceroute test finished at 2024-11-06 16:20:56.252 EST, duration: 30.087 s
[2024-11-06T16:20:56-0500] -------------------------------
[2024-11-06T16:20:56-0500] All tests completed, cleaning up...
[2024-11-06T16:20:56-0500] -------------------------------
[2024-11-06T16:21:10-0500] [measurement] Load environment variables from prod.env file
[2024-11-06T16:21:10-0500] Starting a network measurement, please choose a server
[2024-11-06T16:21:10-0500] 0) West Cloud: 54.176.53.206
[2024-11-06T16:21:10-0500] 1) East Cloud: 54.197.223.49
[2024-11-06T16:21:42-0500] Enter your choice (0-1): Invalid choice, please enter a number in range
[2024-11-06T16:21:42-0500] Starting a network measurement, please choose a server
[2024-11-06T16:21:42-0500] 0) West Cloud: 54.176.53.206
[2024-11-06T16:21:42-0500] 1) East Cloud: 54.197.223.49
[2024-11-06T16:21:44-0500] Enter your choice (0-1): Testing starlink, server 1 (ip: 54.197.223.49, nuttcp_port: 5103, iperf_port: 5003)
[2024-11-06T16:21:44-0500] -------------------------------
[2024-11-06T16:21:44-0500] tcp downlink test started at 2024-11-06 16:21:44.488 EST
[2024-11-06T16:21:44-0500] Testing tcp downlink with 54.197.223.49:5103, interval 0.5 s, duration 120 s, timeout 121 s...
[2024-11-06T16:23:45-0500] Current time exceeds end time, skipping wait
[2024-11-06T16:23:45-0500] Saved tcp downlink test to /data/data/com.termux/files/home/storage/shared/bos_la_2024_trip/starlink/20241106/162144472/tcp_downlink_162144514.out
[2024-11-06T16:23:45-0500] DL AVG TPUT: 
[2024-11-06T16:23:45-0500] tcp downlink test finished at 2024-11-06 16:23:45.596 EST, duration: 121.108 s
[2024-11-06T16:23:45-0500] -------------------------------
[2024-11-06T16:23:45-0500] Waiting for 2 s...
[2024-11-06T16:23:47-0500] -------------------------------
[2024-11-06T16:23:47-0500] Starting 5G booster for 5 s...
[2024-11-06T16:23:47-0500] 5G booster started at 2024-11-06 16:23:47.713 EST
[2024-11-06T16:23:53-0500] Current time exceeds end time, skipping wait
[2024-11-06T16:23:53-0500] Saved TCP DL results to /data/data/com.termux/files/home/storage/shared/bos_la_2024_trip/starlink/20241106/162144472/tcp_downlink_162347766.out
[2024-11-06T16:23:53-0500] DL AVG TPUT: 
[2024-11-06T16:23:53-0500] 5G booster finished at 2024-11-06 16:23:53.840 EST, duration: 6.127 s
[2024-11-06T16:23:53-0500] -------------------------------
[2024-11-06T16:23:53-0500] Waiting for 2 s...
[2024-11-06T16:23:55-0500] -------------------------------
[2024-11-06T16:23:56-0500] tcp uplink test started at 2024-11-06 16:23:55.969 EST
[2024-11-06T16:23:56-0500] testing tcp uplink with 54.197.223.49:5103, interval 0.5, duration 120, timeout 121 ...
[2024-11-06T16:25:57-0500] Current time exceeds end time, skipping wait
[2024-11-06T16:25:57-0500] Saved uplink test to /data/data/com.termux/files/home/storage/shared/bos_la_2024_trip/starlink/20241106/162144472/tcp_uplink_162356022.out
[2024-11-06T16:25:57-0500] UL AVG TPUT: 
[2024-11-06T16:25:57-0500] tcp uplink test finished at 2024-11-06 16:25:57.124 EST, duration: 121.155 s
[2024-11-06T16:25:57-0500] -------------------------------
[2024-11-06T16:25:57-0500] Waiting for 2 s...
[2024-11-06T16:25:59-0500] -------------------------------
[2024-11-06T16:25:59-0500] Starting 5G booster for 5 s...
[2024-11-06T16:25:59-0500] 5G booster started at 2024-11-06 16:25:59.215 EST
[2024-11-06T16:26:05-0500] Current time exceeds end time, skipping wait
[2024-11-06T16:26:05-0500] Saved TCP DL results to /data/data/com.termux/files/home/storage/shared/bos_la_2024_trip/starlink/20241106/162144472/tcp_downlink_162559270.out
[2024-11-06T16:26:05-0500] DL AVG TPUT: 
[2024-11-06T16:26:05-0500] 5G booster finished at 2024-11-06 16:26:05.346 EST, duration: 6.131 s
[2024-11-06T16:26:05-0500] -------------------------------
[2024-11-06T16:26:05-0500] Waiting for 2 s...
[2024-11-06T16:26:07-0500] -------------------------------
[2024-11-06T16:26:07-0500] ICMP Ping test started at 2024-11-06 16:26:07.452 EST
[2024-11-06T16:26:37-0500] Waiting for .899 s to reach end time
[2024-11-06T16:26:38-0500] Saved ping test to /data/data/com.termux/files/home/storage/shared/bos_la_2024_trip/starlink/20241106/162144472/icmp_ping_162607477.out
[2024-11-06T16:26:38-0500] Ping summary (min/avg/max/mdev) = 43.958/74.862/126.277/24.134 ms
[2024-11-06T16:26:38-0500] Ping test finished at 2024-11-06 16:26:38.576 EST, duration: 31.124 s
[2024-11-06T16:26:38-0500] -------------------------------
[2024-11-06T16:26:38-0500] Waiting for 2 s...
[2024-11-06T16:26:40-0500] -------------------------------
[2024-11-06T16:26:40-0500] Starting 5G booster for 5 s...
[2024-11-06T16:26:40-0500] 5G booster started at 2024-11-06 16:26:40.754 EST
[2024-11-06T16:26:46-0500] Current time exceeds end time, skipping wait
[2024-11-06T16:26:46-0500] Saved TCP DL results to /data/data/com.termux/files/home/storage/shared/bos_la_2024_trip/starlink/20241106/162144472/tcp_downlink_162640806.out
[2024-11-06T16:26:46-0500] DL AVG TPUT: 
[2024-11-06T16:26:46-0500] 5G booster finished at 2024-11-06 16:26:46.904 EST, duration: 6.150 s
[2024-11-06T16:26:46-0500] -------------------------------
[2024-11-06T16:26:46-0500] Waiting for 2 s...
[2024-11-06T16:26:48-0500] -------------------------------
[2024-11-06T16:26:49-0500] TCP Ping test started at 2024-11-06 16:26:48.995 EST
[2024-11-06T16:27:20-0500] Current time exceeds end time, skipping wait
[2024-11-06T16:27:20-0500] Saved TCP Ping test to /data/data/com.termux/files/home/storage/shared/bos_la_2024_trip/starlink/20241106/162144472/tcp_ping_162649037.out
[2024-11-06T16:27:20-0500] TCP Ping summary (min/avg/max/mdev) 
[2024-11-06T16:27:20-0500] TCP Ping test finished at 2024-11-06 16:27:20.112 EST, duration: 31.117 s
[2024-11-06T16:27:20-0500] -------------------------------
[2024-11-06T16:27:20-0500] Waiting for 2 s...
[2024-11-06T16:27:22-0500] -------------------------------
[2024-11-06T16:27:22-0500] Traceroute test started at 2024-11-06 16:27:22.218 EST
[2024-11-06T16:27:25-0500] Waiting for 26.566 s to reach end time
[2024-11-06T16:27:52-0500] Saved traceroute test to /data/data/com.termux/files/home/storage/shared/bos_la_2024_trip/starlink/20241106/162144472/traceroute_162722246.out
[2024-11-06T16:27:52-0500] Traceroute summary (min/avg/max/mdev) 
[2024-11-06T16:27:52-0500] Traceroute test finished at 2024-11-06 16:27:52.324 EST, duration: 30.106 s
[2024-11-06T16:27:52-0500] -------------------------------
[2024-11-06T16:27:52-0500] All tests completed, cleaning up...
[2024-11-06T16:27:52-0500] -------------------------------
[2024-11-06T16:27:57-0500] [measurement] Load environment variables from prod.env file
[2024-11-06T16:27:57-0500] Starting a network measurement, please choose a server
[2024-11-06T16:27:57-0500] 0) West Cloud: 54.176.53.206
[2024-11-06T16:27:57-0500] 1) East Cloud: 54.197.223.49
[2024-11-06T16:28:31-0500] Enter your choice (0-1): Testing starlink, server 1 (ip: 54.197.223.49, nuttcp_port: 5103, iperf_port: 5003)
[2024-11-06T16:28:31-0500] -------------------------------
[2024-11-06T16:28:31-0500] tcp downlink test started at 2024-11-06 16:28:31.730 EST
[2024-11-06T16:28:31-0500] Testing tcp downlink with 54.197.223.49:5103, interval 0.5 s, duration 120 s, timeout 121 s...
[2024-11-06T16:30:32-0500] Current time exceeds end time, skipping wait
[2024-11-06T16:30:32-0500] Saved tcp downlink test to /data/data/com.termux/files/home/storage/shared/bos_la_2024_trip/starlink/20241106/162831713/tcp_downlink_162831754.out
[2024-11-06T16:30:32-0500] DL AVG TPUT: 
[2024-11-06T16:30:32-0500] tcp downlink test finished at 2024-11-06 16:30:32.835 EST, duration: 121.105 s
[2024-11-06T16:30:32-0500] -------------------------------
[2024-11-06T16:30:32-0500] Waiting for 2 s...
[2024-11-06T16:30:34-0500] -------------------------------
[2024-11-06T16:30:34-0500] Starting 5G booster for 5 s...
[2024-11-06T16:30:34-0500] 5G booster started at 2024-11-06 16:30:34.930 EST
[2024-11-06T16:30:41-0500] Current time exceeds end time, skipping wait
[2024-11-06T16:30:41-0500] Saved TCP DL results to /data/data/com.termux/files/home/storage/shared/bos_la_2024_trip/starlink/20241106/162831713/tcp_downlink_163034962.out
[2024-11-06T16:30:41-0500] DL AVG TPUT: 
[2024-11-06T16:30:41-0500] 5G booster finished at 2024-11-06 16:30:41.037 EST, duration: 6.107 s
[2024-11-06T16:30:41-0500] -------------------------------
[2024-11-06T16:30:41-0500] Waiting for 2 s...
[2024-11-06T16:30:43-0500] -------------------------------
[2024-11-06T16:30:43-0500] tcp uplink test started at 2024-11-06 16:30:43.149 EST
[2024-11-06T16:30:43-0500] testing tcp uplink with 54.197.223.49:5103, interval 0.5, duration 120, timeout 121 ...
[2024-11-06T16:32:44-0500] Current time exceeds end time, skipping wait
[2024-11-06T16:32:44-0500] Saved uplink test to /data/data/com.termux/files/home/storage/shared/bos_la_2024_trip/starlink/20241106/162831713/tcp_uplink_163043180.out
[2024-11-06T16:32:44-0500] UL AVG TPUT: 
[2024-11-06T16:32:44-0500] tcp uplink test finished at 2024-11-06 16:32:44.272 EST, duration: 121.123 s
[2024-11-06T16:32:44-0500] -------------------------------
[2024-11-06T16:32:44-0500] Waiting for 2 s...
[2024-11-06T16:32:46-0500] -------------------------------
[2024-11-06T16:32:46-0500] Starting 5G booster for 5 s...
[2024-11-06T16:32:46-0500] 5G booster started at 2024-11-06 16:32:46.394 EST
[2024-11-06T16:32:52-0500] Current time exceeds end time, skipping wait
[2024-11-06T16:32:52-0500] Saved TCP DL results to /data/data/com.termux/files/home/storage/shared/bos_la_2024_trip/starlink/20241106/162831713/tcp_downlink_163246446.out
[2024-11-06T16:32:52-0500] DL AVG TPUT: 
[2024-11-06T16:32:52-0500] 5G booster finished at 2024-11-06 16:32:52.498 EST, duration: 6.104 s
[2024-11-06T16:32:52-0500] -------------------------------
[2024-11-06T16:32:52-0500] Waiting for 2 s...
[2024-11-06T16:32:54-0500] -------------------------------
[2024-11-06T16:32:54-0500] ICMP Ping test started at 2024-11-06 16:32:54.614 EST
[2024-11-06T16:33:24-0500] Waiting for .906 s to reach end time
[2024-11-06T16:33:25-0500] Saved ping test to /data/data/com.termux/files/home/storage/shared/bos_la_2024_trip/starlink/20241106/162831713/icmp_ping_163254638.out
[2024-11-06T16:33:25-0500] Ping summary (min/avg/max/mdev) = 45.111/72.984/152.954/22.401 ms
[2024-11-06T16:33:25-0500] Ping test finished at 2024-11-06 16:33:25.691 EST, duration: 31.077 s
[2024-11-06T16:33:25-0500] -------------------------------
[2024-11-06T16:33:25-0500] Waiting for 2 s...
[2024-11-06T16:33:27-0500] -------------------------------
[2024-11-06T16:33:27-0500] Starting 5G booster for 5 s...
[2024-11-06T16:33:27-0500] 5G booster started at 2024-11-06 16:33:27.827 EST
[2024-11-06T16:33:33-0500] Current time exceeds end time, skipping wait
[2024-11-06T16:33:33-0500] Saved TCP DL results to /data/data/com.termux/files/home/storage/shared/bos_la_2024_trip/starlink/20241106/162831713/tcp_downlink_163327858.out
[2024-11-06T16:33:33-0500] DL AVG TPUT: 
[2024-11-06T16:33:34-0500] 5G booster finished at 2024-11-06 16:33:33.944 EST, duration: 6.117 s
[2024-11-06T16:33:34-0500] -------------------------------
[2024-11-06T16:33:34-0500] Waiting for 2 s...
[2024-11-06T16:33:36-0500] -------------------------------
[2024-11-06T16:33:36-0500] TCP Ping test started at 2024-11-06 16:33:36.050 EST
[2024-11-06T16:34:07-0500] Current time exceeds end time, skipping wait
[2024-11-06T16:34:07-0500] Saved TCP Ping test to /data/data/com.termux/files/home/storage/shared/bos_la_2024_trip/starlink/20241106/162831713/tcp_ping_163336078.out
[2024-11-06T16:34:07-0500] TCP Ping summary (min/avg/max/mdev) 
[2024-11-06T16:34:07-0500] TCP Ping test finished at 2024-11-06 16:34:07.178 EST, duration: 31.128 s
[2024-11-06T16:34:07-0500] -------------------------------
[2024-11-06T16:34:07-0500] Waiting for 2 s...
[2024-11-06T16:34:09-0500] -------------------------------
[2024-11-06T16:34:09-0500] Traceroute test started at 2024-11-06 16:34:09.278 EST
[2024-11-06T16:34:11-0500] Waiting for 27.370 s to reach end time
[2024-11-06T16:34:39-0500] Saved traceroute test to /data/data/com.termux/files/home/storage/shared/bos_la_2024_trip/starlink/20241106/162831713/traceroute_163409330.out
[2024-11-06T16:34:39-0500] Traceroute summary (min/avg/max/mdev) 
[2024-11-06T16:34:39-0500] Traceroute test finished at 2024-11-06 16:34:39.347 EST, duration: 30.069 s
[2024-11-06T16:34:39-0500] -------------------------------
[2024-11-06T16:34:39-0500] All tests completed, cleaning up...
[2024-11-06T16:34:39-0500] -------------------------------
[2024-11-06T16:34:59-0500] [measurement] Load environment variables from prod.env file
[2024-11-06T16:34:59-0500] Starting a network measurement, please choose a server
[2024-11-06T16:34:59-0500] 0) West Cloud: 54.176.53.206
[2024-11-06T16:34:59-0500] 1) East Cloud: 54.197.223.49
[2024-11-06T16:35:21-0500] Enter your choice (0-1): Testing starlink, server 1 (ip: 54.197.223.49, nuttcp_port: 5103, iperf_port: 5003)
[2024-11-06T16:35:21-0500] -------------------------------
[2024-11-06T16:35:21-0500] tcp downlink test started at 2024-11-06 16:35:21.740 EST
[2024-11-06T16:35:21-0500] Testing tcp downlink with 54.197.223.49:5103, interval 0.5 s, duration 120 s, timeout 121 s...
[2024-11-06T16:37:22-0500] Current time exceeds end time, skipping wait
[2024-11-06T16:37:22-0500] Saved tcp downlink test to /data/data/com.termux/files/home/storage/shared/bos_la_2024_trip/starlink/20241106/163521722/tcp_downlink_163521767.out
[2024-11-06T16:37:22-0500] DL AVG TPUT: 
[2024-11-06T16:37:22-0500] tcp downlink test finished at 2024-11-06 16:37:22.836 EST, duration: 121.096 s
[2024-11-06T16:37:22-0500] -------------------------------
[2024-11-06T16:37:22-0500] Waiting for 2 s...
[2024-11-06T16:37:24-0500] -------------------------------
[2024-11-06T16:37:24-0500] Starting 5G booster for 5 s...
[2024-11-06T16:37:24-0500] 5G booster started at 2024-11-06 16:37:24.968 EST
[2024-11-06T16:37:31-0500] Current time exceeds end time, skipping wait
[2024-11-06T16:37:31-0500] Saved TCP DL results to /data/data/com.termux/files/home/storage/shared/bos_la_2024_trip/starlink/20241106/163521722/tcp_downlink_163724995.out
[2024-11-06T16:37:31-0500] DL AVG TPUT: 
[2024-11-06T16:37:31-0500] 5G booster finished at 2024-11-06 16:37:31.077 EST, duration: 6.109 s
[2024-11-06T16:37:31-0500] -------------------------------
[2024-11-06T16:37:31-0500] Waiting for 2 s...
[2024-11-06T16:37:33-0500] -------------------------------
[2024-11-06T16:37:33-0500] tcp uplink test started at 2024-11-06 16:37:33.180 EST
[2024-11-06T16:37:33-0500] testing tcp uplink with 54.197.223.49:5103, interval 0.5, duration 120, timeout 121 ...
[2024-11-06T16:39:34-0500] Current time exceeds end time, skipping wait
[2024-11-06T16:39:34-0500] Saved uplink test to /data/data/com.termux/files/home/storage/shared/bos_la_2024_trip/starlink/20241106/163521722/tcp_uplink_163733210.out
[2024-11-06T16:39:34-0500] UL AVG TPUT: 
[2024-11-06T16:39:34-0500] tcp uplink test finished at 2024-11-06 16:39:34.274 EST, duration: 121.094 s
[2024-11-06T16:39:34-0500] -------------------------------
[2024-11-06T16:39:34-0500] Waiting for 2 s...
[2024-11-06T16:39:36-0500] -------------------------------
[2024-11-06T16:39:36-0500] Starting 5G booster for 5 s...
[2024-11-06T16:39:36-0500] 5G booster started at 2024-11-06 16:39:36.374 EST
[2024-11-06T16:39:42-0500] Current time exceeds end time, skipping wait
[2024-11-06T16:39:42-0500] Saved TCP DL results to /data/data/com.termux/files/home/storage/shared/bos_la_2024_trip/starlink/20241106/163521722/tcp_downlink_163936406.out
[2024-11-06T16:39:42-0500] DL AVG TPUT: 
[2024-11-06T16:39:42-0500] 5G booster finished at 2024-11-06 16:39:42.483 EST, duration: 6.109 s
[2024-11-06T16:39:42-0500] -------------------------------
[2024-11-06T16:39:42-0500] Waiting for 2 s...
[2024-11-06T16:39:44-0500] -------------------------------
[2024-11-06T16:39:44-0500] ICMP Ping test started at 2024-11-06 16:39:44.590 EST
[2024-11-06T16:40:14-0500] Waiting for .870 s to reach end time
[2024-11-06T16:40:15-0500] Saved ping test to /data/data/com.termux/files/home/storage/shared/bos_la_2024_trip/starlink/20241106/163521722/icmp_ping_163944643.out
[2024-11-06T16:40:15-0500] Ping summary (min/avg/max/mdev) = 47.939/80.527/218.556/28.628 ms
[2024-11-06T16:40:15-0500] Ping test finished at 2024-11-06 16:40:15.686 EST, duration: 31.096 s
[2024-11-06T16:40:15-0500] -------------------------------
[2024-11-06T16:40:15-0500] Waiting for 2 s...
[2024-11-06T16:40:17-0500] -------------------------------
[2024-11-06T16:40:17-0500] Starting 5G booster for 5 s...
[2024-11-06T16:40:17-0500] 5G booster started at 2024-11-06 16:40:17.787 EST
[2024-11-06T16:40:23-0500] Current time exceeds end time, skipping wait
[2024-11-06T16:40:23-0500] Saved TCP DL results to /data/data/com.termux/files/home/storage/shared/bos_la_2024_trip/starlink/20241106/163521722/tcp_downlink_164017812.out
[2024-11-06T16:40:23-0500] DL AVG TPUT: 
[2024-11-06T16:40:23-0500] 5G booster finished at 2024-11-06 16:40:23.887 EST, duration: 6.100 s
[2024-11-06T16:40:23-0500] -------------------------------
[2024-11-06T16:40:23-0500] Waiting for 2 s...
[2024-11-06T16:40:25-0500] -------------------------------
[2024-11-06T16:40:26-0500] TCP Ping test started at 2024-11-06 16:40:25.984 EST
[2024-11-06T16:40:57-0500] Current time exceeds end time, skipping wait
[2024-11-06T16:40:57-0500] Saved TCP Ping test to /data/data/com.termux/files/home/storage/shared/bos_la_2024_trip/starlink/20241106/163521722/tcp_ping_164026008.out
[2024-11-06T16:40:57-0500] TCP Ping summary (min/avg/max/mdev) 
[2024-11-06T16:40:57-0500] TCP Ping test finished at 2024-11-06 16:40:57.152 EST, duration: 31.168 s
[2024-11-06T16:40:57-0500] -------------------------------
[2024-11-06T16:40:57-0500] Waiting for 2 s...
[2024-11-06T16:40:59-0500] -------------------------------
[2024-11-06T16:40:59-0500] Traceroute test started at 2024-11-06 16:40:59.275 EST
[2024-11-06T16:41:01-0500] Waiting for 27.414 s to reach end time
[2024-11-06T16:41:29-0500] Saved traceroute test to /data/data/com.termux/files/home/storage/shared/bos_la_2024_trip/starlink/20241106/163521722/traceroute_164059304.out
[2024-11-06T16:41:29-0500] Traceroute summary (min/avg/max/mdev) 
[2024-11-06T16:41:29-0500] Traceroute test finished at 2024-11-06 16:41:29.385 EST, duration: 30.110 s
[2024-11-06T16:41:29-0500] -------------------------------
[2024-11-06T16:41:29-0500] All tests completed, cleaning up...
[2024-11-06T16:41:29-0500] -------------------------------
[2024-11-06T16:41:46-0500] [measurement] Load environment variables from prod.env file
[2024-11-06T16:41:46-0500] Starting a network measurement, please choose a server
[2024-11-06T16:41:46-0500] 0) West Cloud: 54.176.53.206
[2024-11-06T16:41:46-0500] 1) East Cloud: 54.197.223.49
[2024-11-06T16:42:28-0500] Enter your choice (0-1): Testing starlink, server 1 (ip: 54.197.223.49, nuttcp_port: 5103, iperf_port: 5003)
[2024-11-06T16:42:28-0500] -------------------------------
[2024-11-06T16:42:28-0500] tcp downlink test started at 2024-11-06 16:42:28.634 EST
[2024-11-06T16:42:28-0500] Testing tcp downlink with 54.197.223.49:5103, interval 0.5 s, duration 120 s, timeout 121 s...
[2024-11-06T16:44:29-0500] Current time exceeds end time, skipping wait
[2024-11-06T16:44:29-0500] Saved tcp downlink test to /data/data/com.termux/files/home/storage/shared/bos_la_2024_trip/starlink/20241106/164228617/tcp_downlink_164228667.out
[2024-11-06T16:44:29-0500] DL AVG TPUT: 
[2024-11-06T16:44:29-0500] tcp downlink test finished at 2024-11-06 16:44:29.735 EST, duration: 121.101 s
[2024-11-06T16:44:29-0500] -------------------------------
[2024-11-06T16:44:29-0500] Waiting for 2 s...
[2024-11-06T16:44:31-0500] -------------------------------
[2024-11-06T16:44:31-0500] Starting 5G booster for 5 s...
[2024-11-06T16:44:31-0500] 5G booster started at 2024-11-06 16:44:31.827 EST
[2024-11-06T16:44:37-0500] Current time exceeds end time, skipping wait
[2024-11-06T16:44:37-0500] Saved TCP DL results to /data/data/com.termux/files/home/storage/shared/bos_la_2024_trip/starlink/20241106/164228617/tcp_downlink_164431862.out
[2024-11-06T16:44:37-0500] DL AVG TPUT: 
[2024-11-06T16:44:38-0500] 5G booster finished at 2024-11-06 16:44:37.949 EST, duration: 6.122 s
[2024-11-06T16:44:38-0500] -------------------------------
[2024-11-06T16:44:38-0500] Waiting for 2 s...
[2024-11-06T16:44:40-0500] -------------------------------
[2024-11-06T16:44:40-0500] tcp uplink test started at 2024-11-06 16:44:40.051 EST
[2024-11-06T16:44:40-0500] testing tcp uplink with 54.197.223.49:5103, interval 0.5, duration 120, timeout 121 ...
[2024-11-06T16:46:41-0500] Current time exceeds end time, skipping wait
[2024-11-06T16:46:41-0500] Saved uplink test to /data/data/com.termux/files/home/storage/shared/bos_la_2024_trip/starlink/20241106/164228617/tcp_uplink_164440104.out
[2024-11-06T16:46:41-0500] UL AVG TPUT: 
[2024-11-06T16:46:41-0500] tcp uplink test finished at 2024-11-06 16:46:41.157 EST, duration: 121.106 s
[2024-11-06T16:46:41-0500] -------------------------------
[2024-11-06T16:46:41-0500] Waiting for 2 s...
[2024-11-06T16:46:43-0500] -------------------------------
[2024-11-06T16:46:43-0500] Starting 5G booster for 5 s...
[2024-11-06T16:46:43-0500] 5G booster started at 2024-11-06 16:46:43.266 EST
[2024-11-06T16:46:49-0500] Current time exceeds end time, skipping wait
[2024-11-06T16:46:49-0500] Saved TCP DL results to /data/data/com.termux/files/home/storage/shared/bos_la_2024_trip/starlink/20241106/164228617/tcp_downlink_164643289.out
[2024-11-06T16:46:49-0500] DL AVG TPUT: 
[2024-11-06T16:46:49-0500] 5G booster finished at 2024-11-06 16:46:49.363 EST, duration: 6.097 s
[2024-11-06T16:46:49-0500] -------------------------------
[2024-11-06T16:46:49-0500] Waiting for 2 s...
[2024-11-06T16:46:51-0500] -------------------------------
[2024-11-06T16:46:51-0500] ICMP Ping test started at 2024-11-06 16:46:51.462 EST
[2024-11-06T16:47:21-0500] Waiting for .912 s to reach end time
[2024-11-06T16:47:22-0500] Saved ping test to /data/data/com.termux/files/home/storage/shared/bos_la_2024_trip/starlink/20241106/164228617/icmp_ping_164651493.out
[2024-11-06T16:47:22-0500] Ping summary (min/avg/max/mdev) = 45.066/63.491/129.597/18.193 ms
[2024-11-06T16:47:22-0500] Ping test finished at 2024-11-06 16:47:22.562 EST, duration: 31.100 s
[2024-11-06T16:47:22-0500] -------------------------------
[2024-11-06T16:47:22-0500] Waiting for 2 s...
[2024-11-06T16:47:24-0500] -------------------------------
[2024-11-06T16:47:24-0500] Starting 5G booster for 5 s...
[2024-11-06T16:47:24-0500] 5G booster started at 2024-11-06 16:47:24.722 EST
[2024-11-06T16:47:30-0500] Current time exceeds end time, skipping wait
[2024-11-06T16:47:30-0500] Saved TCP DL results to /data/data/com.termux/files/home/storage/shared/bos_la_2024_trip/starlink/20241106/164228617/tcp_downlink_164724757.out
[2024-11-06T16:47:30-0500] DL AVG TPUT: 
[2024-11-06T16:47:30-0500] 5G booster finished at 2024-11-06 16:47:30.808 EST, duration: 6.086 s
[2024-11-06T16:47:30-0500] -------------------------------
[2024-11-06T16:47:30-0500] Waiting for 2 s...
[2024-11-06T16:47:32-0500] -------------------------------
[2024-11-06T16:47:32-0500] TCP Ping test started at 2024-11-06 16:47:32.922 EST
[2024-11-06T16:48:04-0500] Current time exceeds end time, skipping wait
[2024-11-06T16:48:04-0500] Saved TCP Ping test to /data/data/com.termux/files/home/storage/shared/bos_la_2024_trip/starlink/20241106/164228617/tcp_ping_164732949.out
[2024-11-06T16:48:04-0500] TCP Ping summary (min/avg/max/mdev) 
[2024-11-06T16:48:04-0500] TCP Ping test finished at 2024-11-06 16:48:04.037 EST, duration: 31.115 s
[2024-11-06T16:48:04-0500] -------------------------------
[2024-11-06T16:48:04-0500] Waiting for 2 s...
[2024-11-06T16:48:06-0500] -------------------------------
[2024-11-06T16:48:06-0500] Traceroute test started at 2024-11-06 16:48:06.170 EST
[2024-11-06T16:48:11-0500] Waiting for 24.459 s to reach end time
[2024-11-06T16:48:36-0500] Saved traceroute test to /data/data/com.termux/files/home/storage/shared/bos_la_2024_trip/starlink/20241106/164228617/traceroute_164806196.out
[2024-11-06T16:48:36-0500] Traceroute summary (min/avg/max/mdev) 
[2024-11-06T16:48:36-0500] Traceroute test finished at 2024-11-06 16:48:36.279 EST, duration: 30.109 s
[2024-11-06T16:48:36-0500] -------------------------------
[2024-11-06T16:48:36-0500] All tests completed, cleaning up...
[2024-11-06T16:48:36-0500] -------------------------------
[2024-11-06T16:48:46-0500] [measurement] Load environment variables from prod.env file
[2024-11-06T16:48:46-0500] Starting a network measurement, please choose a server
[2024-11-06T16:48:46-0500] 0) West Cloud: 54.176.53.206
[2024-11-06T16:48:46-0500] 1) East Cloud: 54.197.223.49
[2024-11-06T16:49:18-0500] Enter your choice (0-1): Testing starlink, server 1 (ip: 54.197.223.49, nuttcp_port: 5103, iperf_port: 5003)
[2024-11-06T16:49:18-0500] -------------------------------
[2024-11-06T16:49:18-0500] tcp downlink test started at 2024-11-06 16:49:18.915 EST
[2024-11-06T16:49:18-0500] Testing tcp downlink with 54.197.223.49:5103, interval 0.5 s, duration 120 s, timeout 121 s...
[2024-11-06T16:51:20-0500] Current time exceeds end time, skipping wait
[2024-11-06T16:51:20-0500] Saved tcp downlink test to /data/data/com.termux/files/home/storage/shared/bos_la_2024_trip/starlink/20241106/164918899/tcp_downlink_164918936.out
[2024-11-06T16:51:20-0500] DL AVG TPUT: 
[2024-11-06T16:51:20-0500] tcp downlink test finished at 2024-11-06 16:51:20.033 EST, duration: 121.118 s
[2024-11-06T16:51:20-0500] -------------------------------
[2024-11-06T16:51:20-0500] Waiting for 2 s...
[2024-11-06T16:51:22-0500] -------------------------------
[2024-11-06T16:51:22-0500] Starting 5G booster for 5 s...
[2024-11-06T16:51:22-0500] 5G booster started at 2024-11-06 16:51:22.143 EST
[2024-11-06T16:51:28-0500] Current time exceeds end time, skipping wait
[2024-11-06T16:51:28-0500] Saved TCP DL results to /data/data/com.termux/files/home/storage/shared/bos_la_2024_trip/starlink/20241106/164918899/tcp_downlink_165122198.out
[2024-11-06T16:51:28-0500] DL AVG TPUT: 
[2024-11-06T16:51:28-0500] 5G booster finished at 2024-11-06 16:51:28.255 EST, duration: 6.112 s
[2024-11-06T16:51:28-0500] -------------------------------
[2024-11-06T16:51:28-0500] Waiting for 2 s...
[2024-11-06T16:51:30-0500] -------------------------------
[2024-11-06T16:51:30-0500] tcp uplink test started at 2024-11-06 16:51:30.361 EST
[2024-11-06T16:51:30-0500] testing tcp uplink with 54.197.223.49:5103, interval 0.5, duration 120, timeout 121 ...
[2024-11-06T16:53:31-0500] Current time exceeds end time, skipping wait
[2024-11-06T16:53:31-0500] Saved uplink test to /data/data/com.termux/files/home/storage/shared/bos_la_2024_trip/starlink/20241106/164918899/tcp_uplink_165130390.out
[2024-11-06T16:53:31-0500] UL AVG TPUT: 
[2024-11-06T16:53:31-0500] tcp uplink test finished at 2024-11-06 16:53:31.509 EST, duration: 121.148 s
[2024-11-06T16:53:31-0500] -------------------------------
[2024-11-06T16:53:31-0500] Waiting for 2 s...
[2024-11-06T16:53:33-0500] -------------------------------
[2024-11-06T16:53:33-0500] Starting 5G booster for 5 s...
[2024-11-06T16:53:33-0500] 5G booster started at 2024-11-06 16:53:33.636 EST
[2024-11-06T16:53:39-0500] Current time exceeds end time, skipping wait
[2024-11-06T16:53:39-0500] Saved TCP DL results to /data/data/com.termux/files/home/storage/shared/bos_la_2024_trip/starlink/20241106/164918899/tcp_downlink_165333663.out
[2024-11-06T16:53:39-0500] DL AVG TPUT: 
[2024-11-06T16:53:39-0500] 5G booster finished at 2024-11-06 16:53:39.727 EST, duration: 6.091 s
[2024-11-06T16:53:39-0500] -------------------------------
[2024-11-06T16:53:39-0500] Waiting for 2 s...
[2024-11-06T16:53:41-0500] -------------------------------
[2024-11-06T16:53:41-0500] ICMP Ping test started at 2024-11-06 16:53:41.809 EST
[2024-11-06T16:54:11-0500] Waiting for .913 s to reach end time
[2024-11-06T16:54:12-0500] Saved ping test to /data/data/com.termux/files/home/storage/shared/bos_la_2024_trip/starlink/20241106/164918899/icmp_ping_165341832.out
[2024-11-06T16:54:12-0500] Ping summary (min/avg/max/mdev) = 39.075/60.291/140.462/18.378 ms
[2024-11-06T16:54:12-0500] Ping test finished at 2024-11-06 16:54:12.880 EST, duration: 31.071 s
[2024-11-06T16:54:12-0500] -------------------------------
[2024-11-06T16:54:12-0500] Waiting for 2 s...
[2024-11-06T16:54:14-0500] -------------------------------
[2024-11-06T16:54:14-0500] Starting 5G booster for 5 s...
[2024-11-06T16:54:15-0500] 5G booster started at 2024-11-06 16:54:14.988 EST
[2024-11-06T16:54:21-0500] Current time exceeds end time, skipping wait
[2024-11-06T16:54:21-0500] Saved TCP DL results to /data/data/com.termux/files/home/storage/shared/bos_la_2024_trip/starlink/20241106/164918899/tcp_downlink_165415023.out
[2024-11-06T16:54:21-0500] DL AVG TPUT: 
[2024-11-06T16:54:21-0500] 5G booster finished at 2024-11-06 16:54:21.126 EST, duration: 6.138 s
[2024-11-06T16:54:21-0500] -------------------------------
[2024-11-06T16:54:21-0500] Waiting for 2 s...
[2024-11-06T16:54:23-0500] -------------------------------
[2024-11-06T16:54:23-0500] TCP Ping test started at 2024-11-06 16:54:23.228 EST
[2024-11-06T16:54:54-0500] Current time exceeds end time, skipping wait
[2024-11-06T16:54:54-0500] Saved TCP Ping test to /data/data/com.termux/files/home/storage/shared/bos_la_2024_trip/starlink/20241106/164918899/tcp_ping_165423272.out
[2024-11-06T16:54:54-0500] TCP Ping summary (min/avg/max/mdev) 
[2024-11-06T16:54:54-0500] TCP Ping test finished at 2024-11-06 16:54:54.377 EST, duration: 31.149 s
[2024-11-06T16:54:54-0500] -------------------------------
[2024-11-06T16:54:54-0500] Waiting for 2 s...
[2024-11-06T16:54:56-0500] -------------------------------
[2024-11-06T16:54:56-0500] Traceroute test started at 2024-11-06 16:54:56.482 EST
[2024-11-06T16:54:57-0500] Waiting for 28.586 s to reach end time
[2024-11-06T16:55:26-0500] Saved traceroute test to /data/data/com.termux/files/home/storage/shared/bos_la_2024_trip/starlink/20241106/164918899/traceroute_165456505.out
[2024-11-06T16:55:26-0500] Traceroute summary (min/avg/max/mdev) 
[2024-11-06T16:55:26-0500] Traceroute test finished at 2024-11-06 16:55:26.554 EST, duration: 30.072 s
[2024-11-06T16:55:26-0500] -------------------------------
[2024-11-06T16:55:26-0500] All tests completed, cleaning up...
[2024-11-06T16:55:26-0500] -------------------------------
[2024-11-06T16:58:32-0500] [measurement] Load environment variables from prod.env file
[2024-11-06T16:58:32-0500] Starting a network measurement, please choose a server
[2024-11-06T16:58:32-0500] 0) West Cloud: 54.176.53.206
[2024-11-06T16:58:32-0500] 1) East Cloud: 54.197.223.49
[2024-11-06T16:58:48-0500] Enter your choice (0-1): Testing starlink, server 1 (ip: 54.197.223.49, nuttcp_port: 5103, iperf_port: 5003)
[2024-11-06T16:58:48-0500] -------------------------------
[2024-11-06T16:58:48-0500] tcp downlink test started at 2024-11-06 16:58:48.771 EST
[2024-11-06T16:58:48-0500] Testing tcp downlink with 54.197.223.49:5103, interval 0.5 s, duration 120 s, timeout 121 s...
[2024-11-06T17:00:49-0500] Current time exceeds end time, skipping wait
[2024-11-06T17:00:49-0500] Saved tcp downlink test to /data/data/com.termux/files/home/storage/shared/bos_la_2024_trip/starlink/20241106/165848754/tcp_downlink_165848791.out
[2024-11-06T17:00:49-0500] DL AVG TPUT: 
[2024-11-06T17:00:49-0500] tcp downlink test finished at 2024-11-06 17:00:49.886 EST, duration: 121.115 s
[2024-11-06T17:00:49-0500] -------------------------------
[2024-11-06T17:00:49-0500] Waiting for 2 s...
[2024-11-06T17:00:51-0500] -------------------------------
[2024-11-06T17:00:51-0500] Starting 5G booster for 5 s...
[2024-11-06T17:00:51-0500] 5G booster started at 2024-11-06 17:00:51.961 EST
[2024-11-06T17:00:58-0500] Current time exceeds end time, skipping wait
[2024-11-06T17:00:58-0500] Saved TCP DL results to /data/data/com.termux/files/home/storage/shared/bos_la_2024_trip/starlink/20241106/165848754/tcp_downlink_170051998.out
[2024-11-06T17:00:58-0500] DL AVG TPUT: 
[2024-11-06T17:00:58-0500] 5G booster finished at 2024-11-06 17:00:58.090 EST, duration: 6.129 s
[2024-11-06T17:00:58-0500] -------------------------------
[2024-11-06T17:00:58-0500] Waiting for 2 s...
[2024-11-06T17:01:00-0500] -------------------------------
[2024-11-06T17:01:00-0500] tcp uplink test started at 2024-11-06 17:01:00.183 EST
[2024-11-06T17:01:00-0500] testing tcp uplink with 54.197.223.49:5103, interval 0.5, duration 120, timeout 121 ...
[2024-11-06T17:03:01-0500] Current time exceeds end time, skipping wait
[2024-11-06T17:03:01-0500] Saved uplink test to /data/data/com.termux/files/home/storage/shared/bos_la_2024_trip/starlink/20241106/165848754/tcp_uplink_170100210.out
[2024-11-06T17:03:01-0500] UL AVG TPUT: 
[2024-11-06T17:03:01-0500] tcp uplink test finished at 2024-11-06 17:03:01.263 EST, duration: 121.080 s
[2024-11-06T17:03:01-0500] -------------------------------
[2024-11-06T17:03:01-0500] Waiting for 2 s...
[2024-11-06T17:03:03-0500] -------------------------------
[2024-11-06T17:03:03-0500] Starting 5G booster for 5 s...
[2024-11-06T17:03:03-0500] 5G booster started at 2024-11-06 17:03:03.393 EST
[2024-11-06T17:03:09-0500] Current time exceeds end time, skipping wait
[2024-11-06T17:03:09-0500] Saved TCP DL results to /data/data/com.termux/files/home/storage/shared/bos_la_2024_trip/starlink/20241106/165848754/tcp_downlink_170303418.out
[2024-11-06T17:03:09-0500] DL AVG TPUT: 
[2024-11-06T17:03:09-0500] 5G booster finished at 2024-11-06 17:03:09.499 EST, duration: 6.106 s
[2024-11-06T17:03:09-0500] -------------------------------
[2024-11-06T17:03:09-0500] Waiting for 2 s...
[2024-11-06T17:03:11-0500] -------------------------------
[2024-11-06T17:03:11-0500] ICMP Ping test started at 2024-11-06 17:03:11.596 EST
[2024-11-06T17:03:41-0500] Waiting for .914 s to reach end time
[2024-11-06T17:03:42-0500] Saved ping test to /data/data/com.termux/files/home/storage/shared/bos_la_2024_trip/starlink/20241106/165848754/icmp_ping_170311621.out
[2024-11-06T17:03:42-0500] Ping summary (min/avg/max/mdev) = 44.079/76.629/145.452/21.079 ms
[2024-11-06T17:03:42-0500] Ping test finished at 2024-11-06 17:03:42.681 EST, duration: 31.085 s
[2024-11-06T17:03:42-0500] -------------------------------
[2024-11-06T17:03:42-0500] Waiting for 2 s...
[2024-11-06T17:03:44-0500] -------------------------------
[2024-11-06T17:03:44-0500] Starting 5G booster for 5 s...
[2024-11-06T17:03:44-0500] 5G booster started at 2024-11-06 17:03:44.789 EST
[2024-11-06T17:03:50-0500] Current time exceeds end time, skipping wait
[2024-11-06T17:03:50-0500] Saved TCP DL results to /data/data/com.termux/files/home/storage/shared/bos_la_2024_trip/starlink/20241106/165848754/tcp_downlink_170344812.out
[2024-11-06T17:03:50-0500] DL AVG TPUT: 
[2024-11-06T17:03:51-0500] 5G booster finished at 2024-11-06 17:03:50.921 EST, duration: 6.132 s
[2024-11-06T17:03:51-0500] -------------------------------
[2024-11-06T17:03:51-0500] Waiting for 2 s...
[2024-11-06T17:03:53-0500] -------------------------------
[2024-11-06T17:03:53-0500] TCP Ping test started at 2024-11-06 17:03:53.050 EST
[2024-11-06T17:04:24-0500] Current time exceeds end time, skipping wait
[2024-11-06T17:04:24-0500] Saved TCP Ping test to /data/data/com.termux/files/home/storage/shared/bos_la_2024_trip/starlink/20241106/165848754/tcp_ping_170353103.out
[2024-11-06T17:04:24-0500] TCP Ping summary (min/avg/max/mdev) 
[2024-11-06T17:04:24-0500] TCP Ping test finished at 2024-11-06 17:04:24.207 EST, duration: 31.157 s
[2024-11-06T17:04:24-0500] -------------------------------
[2024-11-06T17:04:24-0500] Waiting for 2 s...
[2024-11-06T17:04:26-0500] -------------------------------
[2024-11-06T17:04:26-0500] Traceroute test started at 2024-11-06 17:04:26.307 EST
[2024-11-06T17:04:28-0500] Waiting for 27.950 s to reach end time
[2024-11-06T17:04:56-0500] Saved traceroute test to /data/data/com.termux/files/home/storage/shared/bos_la_2024_trip/starlink/20241106/165848754/traceroute_170426333.out
[2024-11-06T17:04:56-0500] Traceroute summary (min/avg/max/mdev) 
[2024-11-06T17:04:56-0500] Traceroute test finished at 2024-11-06 17:04:56.394 EST, duration: 30.087 s
[2024-11-06T17:04:56-0500] -------------------------------
[2024-11-06T17:04:56-0500] All tests completed, cleaning up...
[2024-11-06T17:04:56-0500] -------------------------------
[2024-11-06T17:05:27-0500] [measurement] Load environment variables from prod.env file
[2024-11-06T17:05:27-0500] Starting a network measurement, please choose a server
[2024-11-06T17:05:27-0500] 0) West Cloud: 54.176.53.206
[2024-11-06T17:05:27-0500] 1) East Cloud: 54.197.223.49
[2024-11-06T17:19:33-0500] Enter your choice (0-1): Testing starlink, server 1 (ip: 54.197.223.49, nuttcp_port: 5103, iperf_port: 5003)
[2024-11-06T17:19:34-0500] -------------------------------
[2024-11-06T17:19:34-0500] tcp downlink test started at 2024-11-06 17:19:34.014 EST
[2024-11-06T17:19:34-0500] Testing tcp downlink with 54.197.223.49:5103, interval 0.5 s, duration 120 s, timeout 121 s...
[2024-11-06T17:20:35-0500] Waiting for 59.063 s to reach end time
[2024-11-06T17:21:35-0500] Saved tcp downlink test to /data/data/com.termux/files/home/storage/shared/bos_la_2024_trip/starlink/20241106/171933997/tcp_downlink_171934035.out
[2024-11-06T17:21:35-0500] DL AVG TPUT: 
[2024-11-06T17:21:35-0500] tcp downlink test finished at 2024-11-06 17:21:35.103 EST, duration: 121.089 s
[2024-11-06T17:21:35-0500] -------------------------------
[2024-11-06T17:21:35-0500] Waiting for 2 s...
[2024-11-06T17:21:37-0500] -------------------------------
[2024-11-06T17:21:37-0500] Starting 5G booster for 5 s...
[2024-11-06T17:21:37-0500] 5G booster started at 2024-11-06 17:21:37.218 EST
[2024-11-06T17:21:43-0500] Current time exceeds end time, skipping wait
[2024-11-06T17:21:43-0500] Saved TCP DL results to /data/data/com.termux/files/home/storage/shared/bos_la_2024_trip/starlink/20241106/171933997/tcp_downlink_172137244.out
[2024-11-06T17:21:43-0500] DL AVG TPUT: 
[2024-11-06T17:21:43-0500] 5G booster finished at 2024-11-06 17:21:43.345 EST, duration: 6.127 s
[2024-11-06T17:21:43-0500] -------------------------------
[2024-11-06T17:21:43-0500] Waiting for 2 s...
[2024-11-06T17:21:45-0500] -------------------------------
[2024-11-06T17:21:45-0500] tcp uplink test started at 2024-11-06 17:21:45.450 EST
[2024-11-06T17:21:45-0500] testing tcp uplink with 54.197.223.49:5103, interval 0.5, duration 120, timeout 121 ...
[2024-11-06T17:23:46-0500] Current time exceeds end time, skipping wait
[2024-11-06T17:23:46-0500] Saved uplink test to /data/data/com.termux/files/home/storage/shared/bos_la_2024_trip/starlink/20241106/171933997/tcp_uplink_172145473.out
[2024-11-06T17:23:46-0500] UL AVG TPUT: 
[2024-11-06T17:23:46-0500] tcp uplink test finished at 2024-11-06 17:23:46.562 EST, duration: 121.112 s
[2024-11-06T17:23:46-0500] -------------------------------
[2024-11-06T17:23:46-0500] Waiting for 2 s...
[2024-11-06T17:23:48-0500] -------------------------------
[2024-11-06T17:23:48-0500] Starting 5G booster for 5 s...
[2024-11-06T17:23:48-0500] 5G booster started at 2024-11-06 17:23:48.665 EST
[2024-11-06T17:23:54-0500] Current time exceeds end time, skipping wait
[2024-11-06T17:23:54-0500] Saved TCP DL results to /data/data/com.termux/files/home/storage/shared/bos_la_2024_trip/starlink/20241106/171933997/tcp_downlink_172348701.out
[2024-11-06T17:23:54-0500] DL AVG TPUT: 
[2024-11-06T17:23:54-0500] 5G booster finished at 2024-11-06 17:23:54.789 EST, duration: 6.124 s
[2024-11-06T17:23:54-0500] -------------------------------
[2024-11-06T17:23:54-0500] Waiting for 2 s...
[2024-11-06T17:23:56-0500] -------------------------------
[2024-11-06T17:23:56-0500] ICMP Ping test started at 2024-11-06 17:23:56.892 EST
[2024-11-06T17:24:27-0500] Waiting for .909 s to reach end time
[2024-11-06T17:24:27-0500] Saved ping test to /data/data/com.termux/files/home/storage/shared/bos_la_2024_trip/starlink/20241106/171933997/icmp_ping_172356914.out
[2024-11-06T17:24:28-0500] Ping summary (min/avg/max/mdev) = 41.292/78.939/332.704/30.213 ms
[2024-11-06T17:24:28-0500] Ping test finished at 2024-11-06 17:24:27.976 EST, duration: 31.084 s
[2024-11-06T17:24:28-0500] -------------------------------
[2024-11-06T17:24:28-0500] Waiting for 2 s...
[2024-11-06T17:24:30-0500] -------------------------------
[2024-11-06T17:24:30-0500] Starting 5G booster for 5 s...
[2024-11-06T17:24:30-0500] 5G booster started at 2024-11-06 17:24:30.098 EST
[2024-11-06T17:24:36-0500] Current time exceeds end time, skipping wait
[2024-11-06T17:24:36-0500] Saved TCP DL results to /data/data/com.termux/files/home/storage/shared/bos_la_2024_trip/starlink/20241106/171933997/tcp_downlink_172430132.out
[2024-11-06T17:24:36-0500] DL AVG TPUT: 
[2024-11-06T17:24:36-0500] 5G booster finished at 2024-11-06 17:24:36.236 EST, duration: 6.138 s
[2024-11-06T17:24:36-0500] -------------------------------
[2024-11-06T17:24:36-0500] Waiting for 2 s...
[2024-11-06T17:24:38-0500] -------------------------------
[2024-11-06T17:24:38-0500] TCP Ping test started at 2024-11-06 17:24:38.355 EST
[2024-11-06T17:25:09-0500] Current time exceeds end time, skipping wait
[2024-11-06T17:25:09-0500] Saved TCP Ping test to /data/data/com.termux/files/home/storage/shared/bos_la_2024_trip/starlink/20241106/171933997/tcp_ping_172438384.out
[2024-11-06T17:25:09-0500] TCP Ping summary (min/avg/max/mdev) 
[2024-11-06T17:25:09-0500] TCP Ping test finished at 2024-11-06 17:25:09.487 EST, duration: 31.132 s
[2024-11-06T17:25:09-0500] -------------------------------
[2024-11-06T17:25:09-0500] Waiting for 2 s...
[2024-11-06T17:25:11-0500] -------------------------------
[2024-11-06T17:25:11-0500] Traceroute test started at 2024-11-06 17:25:11.595 EST
[2024-11-06T17:25:14-0500] Waiting for 26.751 s to reach end time
[2024-11-06T17:25:41-0500] Saved traceroute test to /data/data/com.termux/files/home/storage/shared/bos_la_2024_trip/starlink/20241106/171933997/traceroute_172511615.out
[2024-11-06T17:25:41-0500] Traceroute summary (min/avg/max/mdev) 
[2024-11-06T17:25:41-0500] Traceroute test finished at 2024-11-06 17:25:41.711 EST, duration: 30.116 s
[2024-11-06T17:25:41-0500] -------------------------------
[2024-11-06T17:25:41-0500] All tests completed, cleaning up...
[2024-11-06T17:25:41-0500] -------------------------------
[2024-11-06T17:26:08-0500] [measurement] Load environment variables from prod.env file
[2024-11-06T17:26:08-0500] Starting a network measurement, please choose a server
[2024-11-06T17:26:08-0500] 0) West Cloud: 54.176.53.206
[2024-11-06T17:26:08-0500] 1) East Cloud: 54.197.223.49
[2024-11-06T17:26:55-0500] Enter your choice (0-1): Testing starlink, server 1 (ip: 54.197.223.49, nuttcp_port: 5103, iperf_port: 5003)
[2024-11-06T17:26:55-0500] -------------------------------
[2024-11-06T17:26:55-0500] tcp downlink test started at 2024-11-06 17:26:55.240 EST
[2024-11-06T17:26:55-0500] Testing tcp downlink with 54.197.223.49:5103, interval 0.5 s, duration 120 s, timeout 121 s...
[2024-11-06T17:28:56-0500] Current time exceeds end time, skipping wait
[2024-11-06T17:28:56-0500] Saved tcp downlink test to /data/data/com.termux/files/home/storage/shared/bos_la_2024_trip/starlink/20241106/172655224/tcp_downlink_172655268.out
[2024-11-06T17:28:56-0500] DL AVG TPUT: 
[2024-11-06T17:28:56-0500] tcp downlink test finished at 2024-11-06 17:28:56.333 EST, duration: 121.093 s
[2024-11-06T17:28:56-0500] -------------------------------
[2024-11-06T17:28:56-0500] Waiting for 2 s...
[2024-11-06T17:28:58-0500] -------------------------------
[2024-11-06T17:28:58-0500] Starting 5G booster for 5 s...
[2024-11-06T17:28:58-0500] 5G booster started at 2024-11-06 17:28:58.426 EST
[2024-11-06T17:29:04-0500] Current time exceeds end time, skipping wait
[2024-11-06T17:29:04-0500] Saved TCP DL results to /data/data/com.termux/files/home/storage/shared/bos_la_2024_trip/starlink/20241106/172655224/tcp_downlink_172858455.out
[2024-11-06T17:29:04-0500] DL AVG TPUT: 
[2024-11-06T17:29:04-0500] 5G booster finished at 2024-11-06 17:29:04.516 EST, duration: 6.090 s
[2024-11-06T17:29:04-0500] -------------------------------
[2024-11-06T17:29:04-0500] Waiting for 2 s...
[2024-11-06T17:29:06-0500] -------------------------------
[2024-11-06T17:29:06-0500] tcp uplink test started at 2024-11-06 17:29:06.644 EST
[2024-11-06T17:29:06-0500] testing tcp uplink with 54.197.223.49:5103, interval 0.5, duration 120, timeout 121 ...
[2024-11-06T17:31:07-0500] Current time exceeds end time, skipping wait
[2024-11-06T17:31:07-0500] Saved uplink test to /data/data/com.termux/files/home/storage/shared/bos_la_2024_trip/starlink/20241106/172655224/tcp_uplink_172906674.out
[2024-11-06T17:31:07-0500] UL AVG TPUT: 
[2024-11-06T17:31:07-0500] tcp uplink test finished at 2024-11-06 17:31:07.735 EST, duration: 121.091 s
[2024-11-06T17:31:07-0500] -------------------------------
[2024-11-06T17:31:07-0500] Waiting for 2 s...
[2024-11-06T17:31:09-0500] -------------------------------
[2024-11-06T17:31:09-0500] Starting 5G booster for 5 s...
[2024-11-06T17:31:09-0500] 5G booster started at 2024-11-06 17:31:09.838 EST
[2024-11-06T17:31:15-0500] Current time exceeds end time, skipping wait
[2024-11-06T17:31:15-0500] Saved TCP DL results to /data/data/com.termux/files/home/storage/shared/bos_la_2024_trip/starlink/20241106/172655224/tcp_downlink_173109878.out
[2024-11-06T17:31:16-0500] DL AVG TPUT: 
[2024-11-06T17:31:16-0500] 5G booster finished at 2024-11-06 17:31:15.990 EST, duration: 6.152 s
[2024-11-06T17:31:16-0500] -------------------------------
[2024-11-06T17:31:16-0500] Waiting for 2 s...
[2024-11-06T17:31:18-0500] -------------------------------
[2024-11-06T17:31:18-0500] ICMP Ping test started at 2024-11-06 17:31:18.087 EST
[2024-11-06T17:31:48-0500] Waiting for .911 s to reach end time
[2024-11-06T17:31:49-0500] Saved ping test to /data/data/com.termux/files/home/storage/shared/bos_la_2024_trip/starlink/20241106/172655224/icmp_ping_173118115.out
[2024-11-06T17:31:49-0500] Ping summary (min/avg/max/mdev) = 44.155/68.470/121.126/20.260 ms
[2024-11-06T17:31:49-0500] Ping test finished at 2024-11-06 17:31:49.181 EST, duration: 31.094 s
[2024-11-06T17:31:49-0500] -------------------------------
[2024-11-06T17:31:49-0500] Waiting for 2 s...
[2024-11-06T17:31:51-0500] -------------------------------
[2024-11-06T17:31:51-0500] Starting 5G booster for 5 s...
[2024-11-06T17:31:51-0500] 5G booster started at 2024-11-06 17:31:51.305 EST
[2024-11-06T17:31:57-0500] Current time exceeds end time, skipping wait
[2024-11-06T17:31:57-0500] Saved TCP DL results to /data/data/com.termux/files/home/storage/shared/bos_la_2024_trip/starlink/20241106/172655224/tcp_downlink_173151331.out
[2024-11-06T17:31:57-0500] DL AVG TPUT: 
[2024-11-06T17:31:57-0500] 5G booster finished at 2024-11-06 17:31:57.412 EST, duration: 6.107 s
[2024-11-06T17:31:57-0500] -------------------------------
[2024-11-06T17:31:57-0500] Waiting for 2 s...
[2024-11-06T17:31:59-0500] -------------------------------
[2024-11-06T17:31:59-0500] TCP Ping test started at 2024-11-06 17:31:59.502 EST
[2024-11-06T17:32:30-0500] Current time exceeds end time, skipping wait
[2024-11-06T17:32:30-0500] Saved TCP Ping test to /data/data/com.termux/files/home/storage/shared/bos_la_2024_trip/starlink/20241106/172655224/tcp_ping_173159528.out
[2024-11-06T17:32:30-0500] TCP Ping summary (min/avg/max/mdev) 
[2024-11-06T17:32:30-0500] TCP Ping test finished at 2024-11-06 17:32:30.618 EST, duration: 31.116 s
[2024-11-06T17:32:30-0500] -------------------------------
[2024-11-06T17:32:30-0500] Waiting for 2 s...
[2024-11-06T17:32:32-0500] -------------------------------
[2024-11-06T17:32:32-0500] Traceroute test started at 2024-11-06 17:32:32.736 EST
[2024-11-06T17:32:34-0500] Waiting for 27.963 s to reach end time
[2024-11-06T17:33:02-0500] Saved traceroute test to /data/data/com.termux/files/home/storage/shared/bos_la_2024_trip/starlink/20241106/172655224/traceroute_173232792.out
[2024-11-06T17:33:02-0500] Traceroute summary (min/avg/max/mdev) 
[2024-11-06T17:33:02-0500] Traceroute test finished at 2024-11-06 17:33:02.801 EST, duration: 30.065 s
[2024-11-06T17:33:02-0500] -------------------------------
[2024-11-06T17:33:02-0500] All tests completed, cleaning up...
[2024-11-06T17:33:02-0500] -------------------------------
[2024-11-06T17:33:11-0500] [measurement] Load environment variables from prod.env file
[2024-11-06T17:33:11-0500] Starting a network measurement, please choose a server
[2024-11-06T17:33:11-0500] 0) West Cloud: 54.176.53.206
[2024-11-06T17:33:11-0500] 1) East Cloud: 54.197.223.49
[2024-11-06T17:33:50-0500] Enter your choice (0-1): Testing starlink, server 1 (ip: 54.197.223.49, nuttcp_port: 5103, iperf_port: 5003)
[2024-11-06T17:33:50-0500] -------------------------------
[2024-11-06T17:33:50-0500] tcp downlink test started at 2024-11-06 17:33:50.739 EST
[2024-11-06T17:33:50-0500] Testing tcp downlink with 54.197.223.49:5103, interval 0.5 s, duration 120 s, timeout 121 s...
[2024-11-06T17:35:51-0500] Current time exceeds end time, skipping wait
[2024-11-06T17:35:51-0500] Saved tcp downlink test to /data/data/com.termux/files/home/storage/shared/bos_la_2024_trip/starlink/20241106/173350717/tcp_downlink_173350767.out
[2024-11-06T17:35:51-0500] DL AVG TPUT: 
[2024-11-06T17:35:51-0500] tcp downlink test finished at 2024-11-06 17:35:51.850 EST, duration: 121.111 s
[2024-11-06T17:35:51-0500] -------------------------------
[2024-11-06T17:35:51-0500] Waiting for 2 s...
[2024-11-06T17:35:53-0500] -------------------------------
[2024-11-06T17:35:53-0500] Starting 5G booster for 5 s...
[2024-11-06T17:35:53-0500] 5G booster started at 2024-11-06 17:35:53.962 EST
[2024-11-06T17:36:00-0500] Current time exceeds end time, skipping wait
[2024-11-06T17:36:00-0500] Saved TCP DL results to /data/data/com.termux/files/home/storage/shared/bos_la_2024_trip/starlink/20241106/173350717/tcp_downlink_173553990.out
[2024-11-06T17:36:00-0500] DL AVG TPUT: 
[2024-11-06T17:36:00-0500] 5G booster finished at 2024-11-06 17:36:00.102 EST, duration: 6.140 s
[2024-11-06T17:36:00-0500] -------------------------------
[2024-11-06T17:36:00-0500] Waiting for 2 s...
[2024-11-06T17:36:02-0500] -------------------------------
[2024-11-06T17:36:02-0500] tcp uplink test started at 2024-11-06 17:36:02.210 EST
[2024-11-06T17:36:02-0500] testing tcp uplink with 54.197.223.49:5103, interval 0.5, duration 120, timeout 121 ...
[2024-11-06T17:38:03-0500] Current time exceeds end time, skipping wait
[2024-11-06T17:38:03-0500] Saved uplink test to /data/data/com.termux/files/home/storage/shared/bos_la_2024_trip/starlink/20241106/173350717/tcp_uplink_173602234.out
[2024-11-06T17:38:03-0500] UL AVG TPUT: 
[2024-11-06T17:38:03-0500] tcp uplink test finished at 2024-11-06 17:38:03.319 EST, duration: 121.109 s
[2024-11-06T17:38:03-0500] -------------------------------
[2024-11-06T17:38:03-0500] Waiting for 2 s...
[2024-11-06T17:38:05-0500] -------------------------------
[2024-11-06T17:38:05-0500] Starting 5G booster for 5 s...
[2024-11-06T17:38:05-0500] 5G booster started at 2024-11-06 17:38:05.428 EST
[2024-11-06T17:38:11-0500] Current time exceeds end time, skipping wait
[2024-11-06T17:38:11-0500] Saved TCP DL results to /data/data/com.termux/files/home/storage/shared/bos_la_2024_trip/starlink/20241106/173350717/tcp_downlink_173805478.out
[2024-11-06T17:38:11-0500] DL AVG TPUT: 
[2024-11-06T17:38:11-0500] 5G booster finished at 2024-11-06 17:38:11.560 EST, duration: 6.132 s
[2024-11-06T17:38:11-0500] -------------------------------
[2024-11-06T17:38:11-0500] Waiting for 2 s...
[2024-11-06T17:38:13-0500] -------------------------------
[2024-11-06T17:38:13-0500] ICMP Ping test started at 2024-11-06 17:38:13.661 EST
[2024-11-06T17:38:43-0500] Waiting for .905 s to reach end time
[2024-11-06T17:38:44-0500] Saved ping test to /data/data/com.termux/files/home/storage/shared/bos_la_2024_trip/starlink/20241106/173350717/icmp_ping_173813687.out
[2024-11-06T17:38:44-0500] Ping summary (min/avg/max/mdev) = 40.763/58.654/130.396/16.912 ms
[2024-11-06T17:38:44-0500] Ping test finished at 2024-11-06 17:38:44.737 EST, duration: 31.076 s
[2024-11-06T17:38:44-0500] -------------------------------
[2024-11-06T17:38:44-0500] Waiting for 2 s...
[2024-11-06T17:38:46-0500] -------------------------------
[2024-11-06T17:38:46-0500] Starting 5G booster for 5 s...
[2024-11-06T17:38:46-0500] 5G booster started at 2024-11-06 17:38:46.850 EST
[2024-11-06T17:38:52-0500] Current time exceeds end time, skipping wait
[2024-11-06T17:38:52-0500] Saved TCP DL results to /data/data/com.termux/files/home/storage/shared/bos_la_2024_trip/starlink/20241106/173350717/tcp_downlink_173846904.out
[2024-11-06T17:38:53-0500] DL AVG TPUT: 
[2024-11-06T17:38:53-0500] 5G booster finished at 2024-11-06 17:38:52.991 EST, duration: 6.141 s
[2024-11-06T17:38:53-0500] -------------------------------
[2024-11-06T17:38:53-0500] Waiting for 2 s...
[2024-11-06T17:38:55-0500] -------------------------------
[2024-11-06T17:38:55-0500] TCP Ping test started at 2024-11-06 17:38:55.092 EST
[2024-11-06T17:39:26-0500] Current time exceeds end time, skipping wait
[2024-11-06T17:39:26-0500] Saved TCP Ping test to /data/data/com.termux/files/home/storage/shared/bos_la_2024_trip/starlink/20241106/173350717/tcp_ping_173855142.out
[2024-11-06T17:39:26-0500] TCP Ping summary (min/avg/max/mdev) 
[2024-11-06T17:39:26-0500] TCP Ping test finished at 2024-11-06 17:39:26.242 EST, duration: 31.150 s
[2024-11-06T17:39:26-0500] -------------------------------
[2024-11-06T17:39:26-0500] Waiting for 2 s...
[2024-11-06T17:39:28-0500] -------------------------------
[2024-11-06T17:39:28-0500] Traceroute test started at 2024-11-06 17:39:28.331 EST
[2024-11-06T17:39:30-0500] Waiting for 27.430 s to reach end time
[2024-11-06T17:39:58-0500] Saved traceroute test to /data/data/com.termux/files/home/storage/shared/bos_la_2024_trip/starlink/20241106/173350717/traceroute_173928356.out
[2024-11-06T17:39:58-0500] Traceroute summary (min/avg/max/mdev) 
[2024-11-06T17:39:58-0500] Traceroute test finished at 2024-11-06 17:39:58.422 EST, duration: 30.091 s
[2024-11-06T17:39:58-0500] -------------------------------
[2024-11-06T17:39:58-0500] All tests completed, cleaning up...
[2024-11-06T17:39:58-0500] -------------------------------
[2024-11-06T17:40:10-0500] [measurement] Load environment variables from prod.env file
[2024-11-06T17:40:10-0500] Starting a network measurement, please choose a server
[2024-11-06T17:40:10-0500] 0) West Cloud: 54.176.53.206
[2024-11-06T17:40:10-0500] 1) East Cloud: 54.197.223.49
[2024-11-06T17:47:44-0500] Enter your choice (0-1): Testing starlink, server 1 (ip: 54.197.223.49, nuttcp_port: 5103, iperf_port: 5003)
[2024-11-06T17:47:44-0500] -------------------------------
[2024-11-06T17:47:44-0500] tcp downlink test started at 2024-11-06 17:47:44.548 EST
[2024-11-06T17:47:44-0500] Testing tcp downlink with 54.197.223.49:5103, interval 0.5 s, duration 120 s, timeout 121 s...
[2024-11-06T17:49:45-0500] Current time exceeds end time, skipping wait
[2024-11-06T17:49:45-0500] Saved tcp downlink test to /data/data/com.termux/files/home/storage/shared/bos_la_2024_trip/starlink/20241106/174744530/tcp_downlink_174744579.out
[2024-11-06T17:49:45-0500] DL AVG TPUT: 
[2024-11-06T17:49:45-0500] tcp downlink test finished at 2024-11-06 17:49:45.666 EST, duration: 121.118 s
[2024-11-06T17:49:45-0500] -------------------------------
[2024-11-06T17:49:45-0500] Waiting for 2 s...
[2024-11-06T17:49:47-0500] -------------------------------
[2024-11-06T17:49:47-0500] Starting 5G booster for 5 s...
[2024-11-06T17:49:47-0500] 5G booster started at 2024-11-06 17:49:47.749 EST
[2024-11-06T17:49:53-0500] Current time exceeds end time, skipping wait
[2024-11-06T17:49:53-0500] Saved TCP DL results to /data/data/com.termux/files/home/storage/shared/bos_la_2024_trip/starlink/20241106/174744530/tcp_downlink_174947772.out
[2024-11-06T17:49:53-0500] DL AVG TPUT: 
[2024-11-06T17:49:53-0500] 5G booster finished at 2024-11-06 17:49:53.844 EST, duration: 6.095 s
[2024-11-06T17:49:53-0500] -------------------------------
[2024-11-06T17:49:53-0500] Waiting for 2 s...
[2024-11-06T17:49:55-0500] -------------------------------
[2024-11-06T17:49:55-0500] tcp uplink test started at 2024-11-06 17:49:55.929 EST
[2024-11-06T17:49:56-0500] testing tcp uplink with 54.197.223.49:5103, interval 0.5, duration 120, timeout 121 ...
[2024-11-06T17:51:57-0500] Current time exceeds end time, skipping wait
[2024-11-06T17:51:57-0500] Saved uplink test to /data/data/com.termux/files/home/storage/shared/bos_la_2024_trip/starlink/20241106/174744530/tcp_uplink_174955979.out
[2024-11-06T17:51:57-0500] UL AVG TPUT: 
[2024-11-06T17:51:57-0500] tcp uplink test finished at 2024-11-06 17:51:57.090 EST, duration: 121.161 s
[2024-11-06T17:51:57-0500] -------------------------------
[2024-11-06T17:51:57-0500] Waiting for 2 s...
[2024-11-06T17:51:59-0500] -------------------------------
[2024-11-06T17:51:59-0500] Starting 5G booster for 5 s...
[2024-11-06T17:51:59-0500] 5G booster started at 2024-11-06 17:51:59.234 EST
[2024-11-06T17:52:05-0500] Current time exceeds end time, skipping wait
[2024-11-06T17:52:05-0500] Saved TCP DL results to /data/data/com.termux/files/home/storage/shared/bos_la_2024_trip/starlink/20241106/174744530/tcp_downlink_175159260.out
[2024-11-06T17:52:05-0500] DL AVG TPUT: 
[2024-11-06T17:52:05-0500] 5G booster finished at 2024-11-06 17:52:05.359 EST, duration: 6.125 s
[2024-11-06T17:52:05-0500] -------------------------------
[2024-11-06T17:52:05-0500] Waiting for 2 s...
[2024-11-06T17:52:07-0500] -------------------------------
[2024-11-06T17:52:07-0500] ICMP Ping test started at 2024-11-06 17:52:07.470 EST
[2024-11-06T17:52:37-0500] Waiting for .909 s to reach end time
[2024-11-06T17:52:38-0500] Saved ping test to /data/data/com.termux/files/home/storage/shared/bos_la_2024_trip/starlink/20241106/174744530/icmp_ping_175207504.out
[2024-11-06T17:52:38-0500] Ping summary (min/avg/max/mdev) = 43.800/70.448/125.721/22.700 ms
[2024-11-06T17:52:38-0500] Ping test finished at 2024-11-06 17:52:38.557 EST, duration: 31.087 s
[2024-11-06T17:52:38-0500] -------------------------------
[2024-11-06T17:52:38-0500] Waiting for 2 s...
[2024-11-06T17:52:40-0500] -------------------------------
[2024-11-06T17:52:40-0500] Starting 5G booster for 5 s...
[2024-11-06T17:52:40-0500] 5G booster started at 2024-11-06 17:52:40.698 EST
[2024-11-06T17:52:46-0500] Current time exceeds end time, skipping wait
[2024-11-06T17:52:46-0500] Saved TCP DL results to /data/data/com.termux/files/home/storage/shared/bos_la_2024_trip/starlink/20241106/174744530/tcp_downlink_175240751.out
[2024-11-06T17:52:46-0500] DL AVG TPUT: 
[2024-11-06T17:52:46-0500] 5G booster finished at 2024-11-06 17:52:46.859 EST, duration: 6.161 s
[2024-11-06T17:52:46-0500] -------------------------------
[2024-11-06T17:52:46-0500] Waiting for 2 s...
[2024-11-06T17:52:48-0500] -------------------------------
[2024-11-06T17:52:48-0500] TCP Ping test started at 2024-11-06 17:52:48.944 EST
[2024-11-06T17:53:20-0500] Current time exceeds end time, skipping wait
[2024-11-06T17:53:20-0500] Saved TCP Ping test to /data/data/com.termux/files/home/storage/shared/bos_la_2024_trip/starlink/20241106/174744530/tcp_ping_175248983.out
[2024-11-06T17:53:20-0500] TCP Ping summary (min/avg/max/mdev) 
[2024-11-06T17:53:20-0500] TCP Ping test finished at 2024-11-06 17:53:20.113 EST, duration: 31.169 s
[2024-11-06T17:53:20-0500] -------------------------------
[2024-11-06T17:53:20-0500] Waiting for 2 s...
[2024-11-06T17:53:22-0500] -------------------------------
[2024-11-06T17:53:22-0500] Traceroute test started at 2024-11-06 17:53:22.212 EST
[2024-11-06T17:53:24-0500] Waiting for 27.391 s to reach end time
[2024-11-06T17:53:52-0500] Saved traceroute test to /data/data/com.termux/files/home/storage/shared/bos_la_2024_trip/starlink/20241106/174744530/traceroute_175322244.out
[2024-11-06T17:53:52-0500] Traceroute summary (min/avg/max/mdev) 
[2024-11-06T17:53:52-0500] Traceroute test finished at 2024-11-06 17:53:52.288 EST, duration: 30.076 s
[2024-11-06T17:53:52-0500] -------------------------------
[2024-11-06T17:53:52-0500] All tests completed, cleaning up...
[2024-11-06T17:53:52-0500] -------------------------------
[2024-11-06T17:54:06-0500] [measurement] Load environment variables from prod.env file
[2024-11-06T17:54:06-0500] Starting a network measurement, please choose a server
[2024-11-06T17:54:06-0500] 0) West Cloud: 54.176.53.206
[2024-11-06T17:54:06-0500] 1) East Cloud: 54.197.223.49
[2024-11-06T17:54:40-0500] Enter your choice (0-1): Testing starlink, server 1 (ip: 54.197.223.49, nuttcp_port: 5103, iperf_port: 5003)
[2024-11-06T17:54:40-0500] -------------------------------
[2024-11-06T17:54:40-0500] tcp downlink test started at 2024-11-06 17:54:40.601 EST
[2024-11-06T17:54:40-0500] Testing tcp downlink with 54.197.223.49:5103, interval 0.5 s, duration 120 s, timeout 121 s...
[2024-11-06T17:56:41-0500] Current time exceeds end time, skipping wait
[2024-11-06T17:56:41-0500] Saved tcp downlink test to /data/data/com.termux/files/home/storage/shared/bos_la_2024_trip/starlink/20241106/175440583/tcp_downlink_175440624.out
[2024-11-06T17:56:41-0500] DL AVG TPUT: 
[2024-11-06T17:56:41-0500] tcp downlink test finished at 2024-11-06 17:56:41.722 EST, duration: 121.121 s
[2024-11-06T17:56:41-0500] -------------------------------
[2024-11-06T17:56:41-0500] Waiting for 2 s...
[2024-11-06T17:56:43-0500] -------------------------------
[2024-11-06T17:56:43-0500] Starting 5G booster for 5 s...
[2024-11-06T17:56:43-0500] 5G booster started at 2024-11-06 17:56:43.821 EST
[2024-11-06T17:56:49-0500] Current time exceeds end time, skipping wait
[2024-11-06T17:56:49-0500] Saved TCP DL results to /data/data/com.termux/files/home/storage/shared/bos_la_2024_trip/starlink/20241106/175440583/tcp_downlink_175643848.out
[2024-11-06T17:56:49-0500] DL AVG TPUT: 
[2024-11-06T17:56:50-0500] 5G booster finished at 2024-11-06 17:56:49.948 EST, duration: 6.127 s
[2024-11-06T17:56:50-0500] -------------------------------
[2024-11-06T17:56:50-0500] Waiting for 2 s...
[2024-11-06T17:56:52-0500] -------------------------------
[2024-11-06T17:56:52-0500] tcp uplink test started at 2024-11-06 17:56:52.046 EST
[2024-11-06T17:56:52-0500] testing tcp uplink with 54.197.223.49:5103, interval 0.5, duration 120, timeout 121 ...
[2024-11-06T17:58:53-0500] Current time exceeds end time, skipping wait
[2024-11-06T17:58:53-0500] Saved uplink test to /data/data/com.termux/files/home/storage/shared/bos_la_2024_trip/starlink/20241106/175440583/tcp_uplink_175652082.out
[2024-11-06T17:58:53-0500] UL AVG TPUT: 
[2024-11-06T17:58:53-0500] tcp uplink test finished at 2024-11-06 17:58:53.201 EST, duration: 121.155 s
[2024-11-06T17:58:53-0500] -------------------------------
[2024-11-06T17:58:53-0500] Waiting for 2 s...
[2024-11-06T17:58:55-0500] -------------------------------
[2024-11-06T17:58:55-0500] Starting 5G booster for 5 s...
[2024-11-06T17:58:55-0500] 5G booster started at 2024-11-06 17:58:55.342 EST
[2024-11-06T17:59:01-0500] Current time exceeds end time, skipping wait
[2024-11-06T17:59:01-0500] Saved TCP DL results to /data/data/com.termux/files/home/storage/shared/bos_la_2024_trip/starlink/20241106/175440583/tcp_downlink_175855395.out
[2024-11-06T17:59:01-0500] DL AVG TPUT: 
[2024-11-06T17:59:01-0500] 5G booster finished at 2024-11-06 17:59:01.476 EST, duration: 6.134 s
[2024-11-06T17:59:01-0500] -------------------------------
[2024-11-06T17:59:01-0500] Waiting for 2 s...
[2024-11-06T17:59:03-0500] -------------------------------
[2024-11-06T17:59:03-0500] ICMP Ping test started at 2024-11-06 17:59:03.598 EST
[2024-11-06T17:59:33-0500] Waiting for .900 s to reach end time
[2024-11-06T17:59:34-0500] Saved ping test to /data/data/com.termux/files/home/storage/shared/bos_la_2024_trip/starlink/20241106/175440583/icmp_ping_175903629.out
[2024-11-06T17:59:34-0500] Ping summary (min/avg/max/mdev) = 42.903/65.865/122.337/21.330 ms
[2024-11-06T17:59:34-0500] Ping test finished at 2024-11-06 17:59:34.724 EST, duration: 31.126 s
[2024-11-06T17:59:34-0500] -------------------------------
[2024-11-06T17:59:34-0500] Waiting for 2 s...
[2024-11-06T17:59:36-0500] -------------------------------
[2024-11-06T17:59:36-0500] Starting 5G booster for 5 s...
[2024-11-06T17:59:36-0500] 5G booster started at 2024-11-06 17:59:36.822 EST
[2024-11-06T17:59:42-0500] Current time exceeds end time, skipping wait
[2024-11-06T17:59:42-0500] Saved TCP DL results to /data/data/com.termux/files/home/storage/shared/bos_la_2024_trip/starlink/20241106/175440583/tcp_downlink_175936847.out
[2024-11-06T17:59:42-0500] DL AVG TPUT: 
[2024-11-06T17:59:42-0500] 5G booster finished at 2024-11-06 17:59:42.928 EST, duration: 6.106 s
[2024-11-06T17:59:42-0500] -------------------------------
[2024-11-06T17:59:42-0500] Waiting for 2 s...
[2024-11-06T17:59:44-0500] -------------------------------
[2024-11-06T17:59:45-0500] TCP Ping test started at 2024-11-06 17:59:45.004 EST
[2024-11-06T18:00:16-0500] Current time exceeds end time, skipping wait
[2024-11-06T18:00:16-0500] Saved TCP Ping test to /data/data/com.termux/files/home/storage/shared/bos_la_2024_trip/starlink/20241106/175440583/tcp_ping_175945030.out
[2024-11-06T18:00:16-0500] TCP Ping summary (min/avg/max/mdev) 
[2024-11-06T18:00:16-0500] TCP Ping test finished at 2024-11-06 18:00:16.145 EST, duration: 31.141 s
[2024-11-06T18:00:16-0500] -------------------------------
[2024-11-06T18:00:16-0500] Waiting for 2 s...
[2024-11-06T18:00:18-0500] -------------------------------
[2024-11-06T18:00:18-0500] Traceroute test started at 2024-11-06 18:00:18.257 EST
[2024-11-06T18:00:19-0500] Waiting for 28.635 s to reach end time
[2024-11-06T18:00:48-0500] Saved traceroute test to /data/data/com.termux/files/home/storage/shared/bos_la_2024_trip/starlink/20241106/175440583/traceroute_180018284.out
[2024-11-06T18:00:48-0500] Traceroute summary (min/avg/max/mdev) 
[2024-11-06T18:00:48-0500] Traceroute test finished at 2024-11-06 18:00:48.331 EST, duration: 30.074 s
[2024-11-06T18:00:48-0500] -------------------------------
[2024-11-06T18:00:48-0500] All tests completed, cleaning up...
[2024-11-06T18:00:48-0500] -------------------------------
[2024-11-06T18:00:56-0500] [measurement] Load environment variables from prod.env file
[2024-11-06T18:00:56-0500] Starting a network measurement, please choose a server
[2024-11-06T18:00:56-0500] 0) West Cloud: 54.176.53.206
[2024-11-06T18:00:56-0500] 1) East Cloud: 54.197.223.49
[2024-11-06T18:01:27-0500] Enter your choice (0-1): Testing starlink, server 1 (ip: 54.197.223.49, nuttcp_port: 5103, iperf_port: 5003)
[2024-11-06T18:01:27-0500] -------------------------------
[2024-11-06T18:01:27-0500] tcp downlink test started at 2024-11-06 18:01:27.562 EST
[2024-11-06T18:01:27-0500] Testing tcp downlink with 54.197.223.49:5103, interval 0.5 s, duration 120 s, timeout 121 s...
[2024-11-06T18:03:28-0500] Current time exceeds end time, skipping wait
[2024-11-06T18:03:28-0500] Saved tcp downlink test to /data/data/com.termux/files/home/storage/shared/bos_la_2024_trip/starlink/20241106/180127543/tcp_downlink_180127589.out
[2024-11-06T18:03:28-0500] DL AVG TPUT: 
[2024-11-06T18:03:28-0500] tcp downlink test finished at 2024-11-06 18:03:28.668 EST, duration: 121.106 s
[2024-11-06T18:03:28-0500] -------------------------------
[2024-11-06T18:03:28-0500] Waiting for 2 s...
[2024-11-06T18:03:30-0500] -------------------------------
[2024-11-06T18:03:30-0500] Starting 5G booster for 5 s...
[2024-11-06T18:03:30-0500] 5G booster started at 2024-11-06 18:03:30.781 EST
[2024-11-06T18:03:36-0500] Current time exceeds end time, skipping wait
[2024-11-06T18:03:36-0500] Saved TCP DL results to /data/data/com.termux/files/home/storage/shared/bos_la_2024_trip/starlink/20241106/180127543/tcp_downlink_180330813.out
[2024-11-06T18:03:36-0500] DL AVG TPUT: 
[2024-11-06T18:03:36-0500] 5G booster finished at 2024-11-06 18:03:36.866 EST, duration: 6.085 s
[2024-11-06T18:03:36-0500] -------------------------------
[2024-11-06T18:03:36-0500] Waiting for 2 s...
[2024-11-06T18:03:38-0500] -------------------------------
[2024-11-06T18:03:38-0500] tcp uplink test started at 2024-11-06 18:03:38.970 EST
[2024-11-06T18:03:39-0500] testing tcp uplink with 54.197.223.49:5103, interval 0.5, duration 120, timeout 121 ...
[2024-11-06T18:05:40-0500] Current time exceeds end time, skipping wait
[2024-11-06T18:05:40-0500] Saved uplink test to /data/data/com.termux/files/home/storage/shared/bos_la_2024_trip/starlink/20241106/180127543/tcp_uplink_180338995.out
[2024-11-06T18:05:40-0500] UL AVG TPUT: 
[2024-11-06T18:05:40-0500] tcp uplink test finished at 2024-11-06 18:05:40.124 EST, duration: 121.154 s
[2024-11-06T18:05:40-0500] -------------------------------
[2024-11-06T18:05:40-0500] Waiting for 2 s...
[2024-11-06T18:05:42-0500] -------------------------------
[2024-11-06T18:05:42-0500] Starting 5G booster for 5 s...
[2024-11-06T18:05:42-0500] 5G booster started at 2024-11-06 18:05:42.236 EST
[2024-11-06T18:05:48-0500] Current time exceeds end time, skipping wait
[2024-11-06T18:05:48-0500] Saved TCP DL results to /data/data/com.termux/files/home/storage/shared/bos_la_2024_trip/starlink/20241106/180127543/tcp_downlink_180542292.out
[2024-11-06T18:05:48-0500] DL AVG TPUT: 
[2024-11-06T18:05:48-0500] 5G booster finished at 2024-11-06 18:05:48.381 EST, duration: 6.145 s
[2024-11-06T18:05:48-0500] -------------------------------
[2024-11-06T18:05:48-0500] Waiting for 2 s...
[2024-11-06T18:05:50-0500] -------------------------------
[2024-11-06T18:05:50-0500] ICMP Ping test started at 2024-11-06 18:05:50.491 EST
[2024-11-06T18:06:20-0500] Waiting for .896 s to reach end time
[2024-11-06T18:06:21-0500] Saved ping test to /data/data/com.termux/files/home/storage/shared/bos_la_2024_trip/starlink/20241106/180127543/icmp_ping_180550519.out
[2024-11-06T18:06:21-0500] Ping summary (min/avg/max/mdev) = 43.658/64.556/256.467/25.812 ms
[2024-11-06T18:06:21-0500] Ping test finished at 2024-11-06 18:06:21.595 EST, duration: 31.104 s
[2024-11-06T18:06:21-0500] -------------------------------
[2024-11-06T18:06:21-0500] Waiting for 2 s...
[2024-11-06T18:06:23-0500] -------------------------------
[2024-11-06T18:06:23-0500] Starting 5G booster for 5 s...
[2024-11-06T18:06:23-0500] 5G booster started at 2024-11-06 18:06:23.709 EST
[2024-11-06T18:06:29-0500] Current time exceeds end time, skipping wait
[2024-11-06T18:06:29-0500] Saved TCP DL results to /data/data/com.termux/files/home/storage/shared/bos_la_2024_trip/starlink/20241106/180127543/tcp_downlink_180623744.out
[2024-11-06T18:06:29-0500] DL AVG TPUT: 
[2024-11-06T18:06:29-0500] 5G booster finished at 2024-11-06 18:06:29.822 EST, duration: 6.113 s
[2024-11-06T18:06:29-0500] -------------------------------
[2024-11-06T18:06:29-0500] Waiting for 2 s...
[2024-11-06T18:06:31-0500] -------------------------------
[2024-11-06T18:06:31-0500] TCP Ping test started at 2024-11-06 18:06:31.911 EST
[2024-11-06T18:07:03-0500] Current time exceeds end time, skipping wait
[2024-11-06T18:07:03-0500] Saved TCP Ping test to /data/data/com.termux/files/home/storage/shared/bos_la_2024_trip/starlink/20241106/180127543/tcp_ping_180631948.out
[2024-11-06T18:07:03-0500] TCP Ping summary (min/avg/max/mdev) 
[2024-11-06T18:07:03-0500] TCP Ping test finished at 2024-11-06 18:07:03.068 EST, duration: 31.157 s
[2024-11-06T18:07:03-0500] -------------------------------
[2024-11-06T18:07:03-0500] Waiting for 2 s...
[2024-11-06T18:07:05-0500] -------------------------------
[2024-11-06T18:07:05-0500] Traceroute test started at 2024-11-06 18:07:05.217 EST
[2024-11-06T18:07:06-0500] Waiting for 28.901 s to reach end time
[2024-11-06T18:07:35-0500] Saved traceroute test to /data/data/com.termux/files/home/storage/shared/bos_la_2024_trip/starlink/20241106/180127543/traceroute_180705250.out
[2024-11-06T18:07:35-0500] Traceroute summary (min/avg/max/mdev) 
[2024-11-06T18:07:35-0500] Traceroute test finished at 2024-11-06 18:07:35.294 EST, duration: 30.077 s
[2024-11-06T18:07:35-0500] -------------------------------
[2024-11-06T18:07:35-0500] All tests completed, cleaning up...
[2024-11-06T18:07:35-0500] -------------------------------
[2024-11-06T18:07:54-0500] [measurement] Load environment variables from prod.env file
[2024-11-06T18:07:54-0500] Starting a network measurement, please choose a server
[2024-11-06T18:07:54-0500] 0) West Cloud: 54.176.53.206
[2024-11-06T18:07:54-0500] 1) East Cloud: 54.197.223.49
[2024-11-06T18:08:40-0500] Enter your choice (0-1): Testing starlink, server 1 (ip: 54.197.223.49, nuttcp_port: 5103, iperf_port: 5003)
[2024-11-06T18:08:40-0500] -------------------------------
[2024-11-06T18:08:40-0500] tcp downlink test started at 2024-11-06 18:08:40.750 EST
[2024-11-06T18:08:40-0500] Testing tcp downlink with 54.197.223.49:5103, interval 0.5 s, duration 120 s, timeout 121 s...
[2024-11-06T18:10:41-0500] Current time exceeds end time, skipping wait
[2024-11-06T18:10:41-0500] Saved tcp downlink test to /data/data/com.termux/files/home/storage/shared/bos_la_2024_trip/starlink/20241106/180840731/tcp_downlink_180840779.out
[2024-11-06T18:10:41-0500] DL AVG TPUT: 
[2024-11-06T18:10:41-0500] tcp downlink test finished at 2024-11-06 18:10:41.850 EST, duration: 121.100 s
[2024-11-06T18:10:41-0500] -------------------------------
[2024-11-06T18:10:41-0500] Waiting for 2 s...
[2024-11-06T18:10:43-0500] -------------------------------
[2024-11-06T18:10:43-0500] Starting 5G booster for 5 s...
[2024-11-06T18:10:43-0500] 5G booster started at 2024-11-06 18:10:43.976 EST
[2024-11-06T18:10:50-0500] Current time exceeds end time, skipping wait
[2024-11-06T18:10:50-0500] Saved TCP DL results to /data/data/com.termux/files/home/storage/shared/bos_la_2024_trip/starlink/20241106/180840731/tcp_downlink_181044001.out
[2024-11-06T18:10:50-0500] DL AVG TPUT: 
[2024-11-06T18:10:50-0500] 5G booster finished at 2024-11-06 18:10:50.083 EST, duration: 6.107 s
[2024-11-06T18:10:50-0500] -------------------------------
[2024-11-06T18:10:50-0500] Waiting for 2 s...
[2024-11-06T18:10:52-0500] -------------------------------
[2024-11-06T18:10:52-0500] tcp uplink test started at 2024-11-06 18:10:52.191 EST
[2024-11-06T18:10:52-0500] testing tcp uplink with 54.197.223.49:5103, interval 0.5, duration 120, timeout 121 ...
[2024-11-06T18:12:53-0500] Current time exceeds end time, skipping wait
[2024-11-06T18:12:53-0500] Saved uplink test to /data/data/com.termux/files/home/storage/shared/bos_la_2024_trip/starlink/20241106/180840731/tcp_uplink_181052222.out
[2024-11-06T18:12:53-0500] UL AVG TPUT: 
[2024-11-06T18:12:53-0500] tcp uplink test finished at 2024-11-06 18:12:53.333 EST, duration: 121.142 s
[2024-11-06T18:12:53-0500] -------------------------------
[2024-11-06T18:12:53-0500] Waiting for 2 s...
[2024-11-06T18:12:55-0500] -------------------------------
[2024-11-06T18:12:55-0500] Starting 5G booster for 5 s...
[2024-11-06T18:12:55-0500] 5G booster started at 2024-11-06 18:12:55.433 EST
[2024-11-06T18:13:01-0500] Current time exceeds end time, skipping wait
[2024-11-06T18:13:01-0500] Saved TCP DL results to /data/data/com.termux/files/home/storage/shared/bos_la_2024_trip/starlink/20241106/180840731/tcp_downlink_181255458.out
[2024-11-06T18:13:01-0500] DL AVG TPUT: 
[2024-11-06T18:13:01-0500] 5G booster finished at 2024-11-06 18:13:01.550 EST, duration: 6.117 s
[2024-11-06T18:13:01-0500] -------------------------------
[2024-11-06T18:13:01-0500] Waiting for 2 s...
[2024-11-06T18:13:03-0500] -------------------------------
[2024-11-06T18:13:03-0500] ICMP Ping test started at 2024-11-06 18:13:03.664 EST
[2024-11-06T18:13:33-0500] Waiting for .859 s to reach end time
[2024-11-06T18:13:34-0500] Saved ping test to /data/data/com.termux/files/home/storage/shared/bos_la_2024_trip/starlink/20241106/180840731/icmp_ping_181303725.out
[2024-11-06T18:13:34-0500] Ping summary (min/avg/max/mdev) = 61.769/86.854/150.003/17.337 ms
[2024-11-06T18:13:34-0500] Ping test finished at 2024-11-06 18:13:34.720 EST, duration: 31.056 s
[2024-11-06T18:13:34-0500] -------------------------------
[2024-11-06T18:13:34-0500] Waiting for 2 s...
[2024-11-06T18:13:36-0500] -------------------------------
[2024-11-06T18:13:36-0500] Starting 5G booster for 5 s...
[2024-11-06T18:13:36-0500] 5G booster started at 2024-11-06 18:13:36.827 EST
[2024-11-06T18:13:42-0500] Current time exceeds end time, skipping wait
[2024-11-06T18:13:42-0500] Saved TCP DL results to /data/data/com.termux/files/home/storage/shared/bos_la_2024_trip/starlink/20241106/180840731/tcp_downlink_181336860.out
[2024-11-06T18:13:43-0500] DL AVG TPUT: 
[2024-11-06T18:13:43-0500] 5G booster finished at 2024-11-06 18:13:42.972 EST, duration: 6.145 s
[2024-11-06T18:13:43-0500] -------------------------------
[2024-11-06T18:13:43-0500] Waiting for 2 s...
[2024-11-06T18:13:45-0500] -------------------------------
[2024-11-06T18:13:45-0500] TCP Ping test started at 2024-11-06 18:13:45.099 EST
[2024-11-06T18:14:16-0500] Current time exceeds end time, skipping wait
[2024-11-06T18:14:16-0500] Saved TCP Ping test to /data/data/com.termux/files/home/storage/shared/bos_la_2024_trip/starlink/20241106/180840731/tcp_ping_181345123.out
[2024-11-06T18:14:16-0500] TCP Ping summary (min/avg/max/mdev) 
[2024-11-06T18:14:16-0500] TCP Ping test finished at 2024-11-06 18:14:16.215 EST, duration: 31.116 s
[2024-11-06T18:14:16-0500] -------------------------------
[2024-11-06T18:14:16-0500] Waiting for 2 s...
[2024-11-06T18:14:18-0500] -------------------------------
[2024-11-06T18:14:18-0500] Traceroute test started at 2024-11-06 18:14:18.327 EST
[2024-11-06T18:14:19-0500] Waiting for 28.768 s to reach end time
[2024-11-06T18:14:48-0500] Saved traceroute test to /data/data/com.termux/files/home/storage/shared/bos_la_2024_trip/starlink/20241106/180840731/traceroute_181418351.out
[2024-11-06T18:14:48-0500] Traceroute summary (min/avg/max/mdev) 
[2024-11-06T18:14:48-0500] Traceroute test finished at 2024-11-06 18:14:48.405 EST, duration: 30.078 s
[2024-11-06T18:14:48-0500] -------------------------------
[2024-11-06T18:14:48-0500] All tests completed, cleaning up...
[2024-11-06T18:14:48-0500] -------------------------------
[2024-11-06T18:15:01-0500] [measurement] Load environment variables from prod.env file
[2024-11-06T18:15:01-0500] Starting a network measurement, please choose a server
[2024-11-06T18:15:01-0500] 0) West Cloud: 54.176.53.206
[2024-11-06T18:15:01-0500] 1) East Cloud: 54.197.223.49
[2024-11-06T18:15:59-0500] Enter your choice (0-1): Testing starlink, server 1 (ip: 54.197.223.49, nuttcp_port: 5103, iperf_port: 5003)
[2024-11-06T18:15:59-0500] -------------------------------
[2024-11-06T18:15:59-0500] tcp downlink test started at 2024-11-06 18:15:59.104 EST
[2024-11-06T18:15:59-0500] Testing tcp downlink with 54.197.223.49:5103, interval 0.5 s, duration 120 s, timeout 121 s...
[2024-11-06T18:18:00-0500] Current time exceeds end time, skipping wait
[2024-11-06T18:18:00-0500] Saved tcp downlink test to /data/data/com.termux/files/home/storage/shared/bos_la_2024_trip/starlink/20241106/181559088/tcp_downlink_181559126.out
[2024-11-06T18:18:00-0500] DL AVG TPUT: 
[2024-11-06T18:18:00-0500] tcp downlink test finished at 2024-11-06 18:18:00.206 EST, duration: 121.102 s
[2024-11-06T18:18:00-0500] -------------------------------
[2024-11-06T18:18:00-0500] Waiting for 2 s...
[2024-11-06T18:18:02-0500] -------------------------------
[2024-11-06T18:18:02-0500] Starting 5G booster for 5 s...
[2024-11-06T18:18:02-0500] 5G booster started at 2024-11-06 18:18:02.313 EST
[2024-11-06T18:18:08-0500] Current time exceeds end time, skipping wait
[2024-11-06T18:18:08-0500] Saved TCP DL results to /data/data/com.termux/files/home/storage/shared/bos_la_2024_trip/starlink/20241106/181559088/tcp_downlink_181802344.out
[2024-11-06T18:18:08-0500] DL AVG TPUT: 
[2024-11-06T18:18:08-0500] 5G booster finished at 2024-11-06 18:18:08.426 EST, duration: 6.113 s
[2024-11-06T18:18:08-0500] -------------------------------
[2024-11-06T18:18:08-0500] Waiting for 2 s...
[2024-11-06T18:18:10-0500] -------------------------------
[2024-11-06T18:18:10-0500] tcp uplink test started at 2024-11-06 18:18:10.531 EST
[2024-11-06T18:18:10-0500] testing tcp uplink with 54.197.223.49:5103, interval 0.5, duration 120, timeout 121 ...
[2024-11-06T18:20:11-0500] Current time exceeds end time, skipping wait
[2024-11-06T18:20:11-0500] Saved uplink test to /data/data/com.termux/files/home/storage/shared/bos_la_2024_trip/starlink/20241106/181559088/tcp_uplink_181810556.out
[2024-11-06T18:20:11-0500] UL AVG TPUT: 
[2024-11-06T18:20:11-0500] tcp uplink test finished at 2024-11-06 18:20:11.633 EST, duration: 121.102 s
[2024-11-06T18:20:11-0500] -------------------------------
[2024-11-06T18:20:11-0500] Waiting for 2 s...
[2024-11-06T18:20:13-0500] -------------------------------
[2024-11-06T18:20:13-0500] Starting 5G booster for 5 s...
[2024-11-06T18:20:13-0500] 5G booster started at 2024-11-06 18:20:13.739 EST
[2024-11-06T18:20:19-0500] Current time exceeds end time, skipping wait
[2024-11-06T18:20:19-0500] Saved TCP DL results to /data/data/com.termux/files/home/storage/shared/bos_la_2024_trip/starlink/20241106/181559088/tcp_downlink_182013790.out
[2024-11-06T18:20:19-0500] DL AVG TPUT: 
[2024-11-06T18:20:19-0500] 5G booster finished at 2024-11-06 18:20:19.885 EST, duration: 6.146 s
[2024-11-06T18:20:19-0500] -------------------------------
[2024-11-06T18:20:19-0500] Waiting for 2 s...
[2024-11-06T18:20:21-0500] -------------------------------
[2024-11-06T18:20:21-0500] ICMP Ping test started at 2024-11-06 18:20:21.978 EST
[2024-11-06T18:20:52-0500] Waiting for .910 s to reach end time
[2024-11-06T18:20:53-0500] Saved ping test to /data/data/com.termux/files/home/storage/shared/bos_la_2024_trip/starlink/20241106/181559088/icmp_ping_182022006.out
[2024-11-06T18:20:53-0500] Ping summary (min/avg/max/mdev) = 44.160/69.429/128.466/20.618 ms
[2024-11-06T18:20:53-0500] Ping test finished at 2024-11-06 18:20:53.059 EST, duration: 31.081 s
[2024-11-06T18:20:53-0500] -------------------------------
[2024-11-06T18:20:53-0500] Waiting for 2 s...
[2024-11-06T18:20:55-0500] -------------------------------
[2024-11-06T18:20:55-0500] Starting 5G booster for 5 s...
[2024-11-06T18:20:55-0500] 5G booster started at 2024-11-06 18:20:55.172 EST
[2024-11-06T18:21:01-0500] Current time exceeds end time, skipping wait
[2024-11-06T18:21:01-0500] Saved TCP DL results to /data/data/com.termux/files/home/storage/shared/bos_la_2024_trip/starlink/20241106/181559088/tcp_downlink_182055202.out
[2024-11-06T18:21:01-0500] DL AVG TPUT: 
[2024-11-06T18:21:01-0500] 5G booster finished at 2024-11-06 18:21:01.293 EST, duration: 6.121 s
[2024-11-06T18:21:01-0500] -------------------------------
[2024-11-06T18:21:01-0500] Waiting for 2 s...
[2024-11-06T18:21:03-0500] -------------------------------
[2024-11-06T18:21:03-0500] TCP Ping test started at 2024-11-06 18:21:03.385 EST
[2024-11-06T18:21:34-0500] Current time exceeds end time, skipping wait
[2024-11-06T18:21:34-0500] Saved TCP Ping test to /data/data/com.termux/files/home/storage/shared/bos_la_2024_trip/starlink/20241106/181559088/tcp_ping_182103409.out
[2024-11-06T18:21:34-0500] TCP Ping summary (min/avg/max/mdev) 
[2024-11-06T18:21:34-0500] TCP Ping test finished at 2024-11-06 18:21:34.508 EST, duration: 31.123 s
[2024-11-06T18:21:34-0500] -------------------------------
[2024-11-06T18:21:34-0500] Waiting for 2 s...
[2024-11-06T18:21:36-0500] -------------------------------
[2024-11-06T18:21:36-0500] Traceroute test started at 2024-11-06 18:21:36.606 EST
[2024-11-06T18:21:42-0500] Waiting for 24.148 s to reach end time
[2024-11-06T18:22:06-0500] Saved traceroute test to /data/data/com.termux/files/home/storage/shared/bos_la_2024_trip/starlink/20241106/181559088/traceroute_182136636.out
[2024-11-06T18:22:06-0500] Traceroute summary (min/avg/max/mdev) 
[2024-11-06T18:22:06-0500] Traceroute test finished at 2024-11-06 18:22:06.690 EST, duration: 30.084 s
[2024-11-06T18:22:06-0500] -------------------------------
[2024-11-06T18:22:06-0500] All tests completed, cleaning up...
[2024-11-06T18:22:06-0500] -------------------------------
[2024-11-06T18:22:38-0500] [measurement] Load environment variables from prod.env file
[2024-11-06T18:22:38-0500] Starting a network measurement, please choose a server
[2024-11-06T18:22:38-0500] 0) West Cloud: 54.176.53.206
[2024-11-06T18:22:38-0500] 1) East Cloud: 54.197.223.49
[2024-11-06T18:23:10-0500] Enter your choice (0-1): Testing starlink, server 1 (ip: 54.197.223.49, nuttcp_port: 5103, iperf_port: 5003)
[2024-11-06T18:23:10-0500] -------------------------------
[2024-11-06T18:23:10-0500] tcp downlink test started at 2024-11-06 18:23:10.653 EST
[2024-11-06T18:23:10-0500] Testing tcp downlink with 54.197.223.49:5103, interval 0.5 s, duration 120 s, timeout 121 s...
[2024-11-06T18:25:11-0500] Current time exceeds end time, skipping wait
[2024-11-06T18:25:11-0500] Saved tcp downlink test to /data/data/com.termux/files/home/storage/shared/bos_la_2024_trip/starlink/20241106/182310634/tcp_downlink_182310685.out
[2024-11-06T18:25:11-0500] DL AVG TPUT: 
[2024-11-06T18:25:11-0500] tcp downlink test finished at 2024-11-06 18:25:11.781 EST, duration: 121.128 s
[2024-11-06T18:25:11-0500] -------------------------------
[2024-11-06T18:25:11-0500] Waiting for 2 s...
[2024-11-06T18:25:13-0500] -------------------------------
[2024-11-06T18:25:13-0500] Starting 5G booster for 5 s...
[2024-11-06T18:25:13-0500] 5G booster started at 2024-11-06 18:25:13.884 EST
[2024-11-06T18:25:20-0500] Current time exceeds end time, skipping wait
[2024-11-06T18:25:20-0500] Saved TCP DL results to /data/data/com.termux/files/home/storage/shared/bos_la_2024_trip/starlink/20241106/182310634/tcp_downlink_182513946.out
[2024-11-06T18:25:20-0500] DL AVG TPUT: 
[2024-11-06T18:25:20-0500] 5G booster finished at 2024-11-06 18:25:20.055 EST, duration: 6.171 s
[2024-11-06T18:25:20-0500] -------------------------------
[2024-11-06T18:25:20-0500] Waiting for 2 s...
[2024-11-06T18:25:22-0500] -------------------------------
[2024-11-06T18:25:22-0500] tcp uplink test started at 2024-11-06 18:25:22.146 EST
[2024-11-06T18:25:22-0500] testing tcp uplink with 54.197.223.49:5103, interval 0.5, duration 120, timeout 121 ...
[2024-11-06T18:27:23-0500] Current time exceeds end time, skipping wait
[2024-11-06T18:27:23-0500] Saved uplink test to /data/data/com.termux/files/home/storage/shared/bos_la_2024_trip/starlink/20241106/182310634/tcp_uplink_182522169.out
[2024-11-06T18:27:23-0500] UL AVG TPUT: 
[2024-11-06T18:27:23-0500] tcp uplink test finished at 2024-11-06 18:27:23.255 EST, duration: 121.109 s
[2024-11-06T18:27:23-0500] -------------------------------
[2024-11-06T18:27:23-0500] Waiting for 2 s...
[2024-11-06T18:27:25-0500] -------------------------------
[2024-11-06T18:27:25-0500] Starting 5G booster for 5 s...
[2024-11-06T18:27:25-0500] 5G booster started at 2024-11-06 18:27:25.356 EST
[2024-11-06T18:27:31-0500] Current time exceeds end time, skipping wait
[2024-11-06T18:27:31-0500] Saved TCP DL results to /data/data/com.termux/files/home/storage/shared/bos_la_2024_trip/starlink/20241106/182310634/tcp_downlink_182725389.out
[2024-11-06T18:27:31-0500] DL AVG TPUT: 
[2024-11-06T18:27:31-0500] 5G booster finished at 2024-11-06 18:27:31.448 EST, duration: 6.092 s
[2024-11-06T18:27:31-0500] -------------------------------
[2024-11-06T18:27:31-0500] Waiting for 2 s...
[2024-11-06T18:27:33-0500] -------------------------------
[2024-11-06T18:27:33-0500] ICMP Ping test started at 2024-11-06 18:27:33.539 EST
[2024-11-06T18:28:03-0500] Waiting for .886 s to reach end time
[2024-11-06T18:28:04-0500] Saved ping test to /data/data/com.termux/files/home/storage/shared/bos_la_2024_trip/starlink/20241106/182310634/icmp_ping_182733579.out
[2024-11-06T18:28:04-0500] Ping summary (min/avg/max/mdev) = 40.764/58.745/118.735/15.224 ms
[2024-11-06T18:28:04-0500] Ping test finished at 2024-11-06 18:28:04.608 EST, duration: 31.069 s
[2024-11-06T18:28:04-0500] -------------------------------
[2024-11-06T18:28:04-0500] Waiting for 2 s...
[2024-11-06T18:28:06-0500] -------------------------------
[2024-11-06T18:28:06-0500] Starting 5G booster for 5 s...
[2024-11-06T18:28:06-0500] 5G booster started at 2024-11-06 18:28:06.728 EST
[2024-11-06T18:28:12-0500] Current time exceeds end time, skipping wait
[2024-11-06T18:28:12-0500] Saved TCP DL results to /data/data/com.termux/files/home/storage/shared/bos_la_2024_trip/starlink/20241106/182310634/tcp_downlink_182806759.out
[2024-11-06T18:28:12-0500] DL AVG TPUT: 
[2024-11-06T18:28:12-0500] 5G booster finished at 2024-11-06 18:28:12.869 EST, duration: 6.141 s
[2024-11-06T18:28:12-0500] -------------------------------
[2024-11-06T18:28:12-0500] Waiting for 2 s...
[2024-11-06T18:28:14-0500] -------------------------------
[2024-11-06T18:28:15-0500] TCP Ping test started at 2024-11-06 18:28:14.996 EST
[2024-11-06T18:28:46-0500] Current time exceeds end time, skipping wait
[2024-11-06T18:28:46-0500] Saved TCP Ping test to /data/data/com.termux/files/home/storage/shared/bos_la_2024_trip/starlink/20241106/182310634/tcp_ping_182815028.out
[2024-11-06T18:28:46-0500] TCP Ping summary (min/avg/max/mdev) 
[2024-11-06T18:28:46-0500] TCP Ping test finished at 2024-11-06 18:28:46.122 EST, duration: 31.126 s
[2024-11-06T18:28:46-0500] -------------------------------
[2024-11-06T18:28:46-0500] Waiting for 2 s...
[2024-11-06T18:28:48-0500] -------------------------------
[2024-11-06T18:28:48-0500] Traceroute test started at 2024-11-06 18:28:48.215 EST
[2024-11-06T18:28:50-0500] Waiting for 28.084 s to reach end time
[2024-11-06T18:29:18-0500] Saved traceroute test to /data/data/com.termux/files/home/storage/shared/bos_la_2024_trip/starlink/20241106/182310634/traceroute_182848239.out
[2024-11-06T18:29:18-0500] Traceroute summary (min/avg/max/mdev) 
[2024-11-06T18:29:18-0500] Traceroute test finished at 2024-11-06 18:29:18.302 EST, duration: 30.087 s
[2024-11-06T18:29:18-0500] -------------------------------
[2024-11-06T18:29:18-0500] All tests completed, cleaning up...
[2024-11-06T18:29:18-0500] -------------------------------
[2024-11-06T18:31:14-0500] [measurement] Load environment variables from prod.env file
[2024-11-06T18:31:14-0500] Starting a network measurement, please choose a server
[2024-11-06T18:31:14-0500] 0) West Cloud: 54.176.53.206
[2024-11-06T18:31:14-0500] 1) East Cloud: 54.197.223.49
[2024-11-06T18:31:52-0500] Enter your choice (0-1): Testing starlink, server 1 (ip: 54.197.223.49, nuttcp_port: 5103, iperf_port: 5003)
[2024-11-06T18:31:52-0500] -------------------------------
[2024-11-06T18:31:52-0500] tcp downlink test started at 2024-11-06 18:31:52.681 EST
[2024-11-06T18:31:52-0500] Testing tcp downlink with 54.197.223.49:5103, interval 0.5 s, duration 120 s, timeout 121 s...
[2024-11-06T18:33:53-0500] Current time exceeds end time, skipping wait
[2024-11-06T18:33:53-0500] Saved tcp downlink test to /data/data/com.termux/files/home/storage/shared/bos_la_2024_trip/starlink/20241106/183152664/tcp_downlink_183152706.out
[2024-11-06T18:33:53-0500] DL AVG TPUT: 
[2024-11-06T18:33:53-0500] tcp downlink test finished at 2024-11-06 18:33:53.815 EST, duration: 121.134 s
[2024-11-06T18:33:53-0500] -------------------------------
[2024-11-06T18:33:53-0500] Waiting for 2 s...
[2024-11-06T18:33:55-0500] -------------------------------
[2024-11-06T18:33:55-0500] Starting 5G booster for 5 s...
[2024-11-06T18:33:55-0500] 5G booster started at 2024-11-06 18:33:55.931 EST
[2024-11-06T18:34:02-0500] Current time exceeds end time, skipping wait
[2024-11-06T18:34:02-0500] Saved TCP DL results to /data/data/com.termux/files/home/storage/shared/bos_la_2024_trip/starlink/20241106/183152664/tcp_downlink_183355959.out
[2024-11-06T18:34:02-0500] DL AVG TPUT: 
[2024-11-06T18:34:02-0500] 5G booster finished at 2024-11-06 18:34:02.074 EST, duration: 6.143 s
[2024-11-06T18:34:02-0500] -------------------------------
[2024-11-06T18:34:02-0500] Waiting for 2 s...
[2024-11-06T18:34:04-0500] -------------------------------
[2024-11-06T18:34:04-0500] tcp uplink test started at 2024-11-06 18:34:04.176 EST
[2024-11-06T18:34:04-0500] testing tcp uplink with 54.197.223.49:5103, interval 0.5, duration 120, timeout 121 ...
[2024-11-06T18:36:05-0500] Current time exceeds end time, skipping wait
[2024-11-06T18:36:05-0500] Saved uplink test to /data/data/com.termux/files/home/storage/shared/bos_la_2024_trip/starlink/20241106/183152664/tcp_uplink_183404201.out
[2024-11-06T18:36:05-0500] UL AVG TPUT: 
[2024-11-06T18:36:05-0500] tcp uplink test finished at 2024-11-06 18:36:05.290 EST, duration: 121.114 s
[2024-11-06T18:36:05-0500] -------------------------------
[2024-11-06T18:36:05-0500] Waiting for 2 s...
[2024-11-06T18:36:07-0500] -------------------------------
[2024-11-06T18:36:07-0500] Starting 5G booster for 5 s...
[2024-11-06T18:36:07-0500] 5G booster started at 2024-11-06 18:36:07.378 EST
[2024-11-06T18:36:13-0500] Current time exceeds end time, skipping wait
[2024-11-06T18:36:13-0500] Saved TCP DL results to /data/data/com.termux/files/home/storage/shared/bos_la_2024_trip/starlink/20241106/183152664/tcp_downlink_183607406.out
[2024-11-06T18:36:13-0500] DL AVG TPUT: 
[2024-11-06T18:36:13-0500] 5G booster finished at 2024-11-06 18:36:13.493 EST, duration: 6.115 s
[2024-11-06T18:36:13-0500] -------------------------------
[2024-11-06T18:36:13-0500] Waiting for 2 s...
[2024-11-06T18:36:15-0500] -------------------------------
[2024-11-06T18:36:15-0500] ICMP Ping test started at 2024-11-06 18:36:15.595 EST
[2024-11-06T18:36:45-0500] Waiting for .876 s to reach end time
[2024-11-06T18:36:46-0500] Saved ping test to /data/data/com.termux/files/home/storage/shared/bos_la_2024_trip/starlink/20241106/183152664/icmp_ping_183615629.out
[2024-11-06T18:36:46-0500] Ping summary (min/avg/max/mdev) = 43.068/63.929/140.781/19.701 ms
[2024-11-06T18:36:46-0500] Ping test finished at 2024-11-06 18:36:46.672 EST, duration: 31.077 s
[2024-11-06T18:36:46-0500] -------------------------------
[2024-11-06T18:36:46-0500] Waiting for 2 s...
[2024-11-06T18:36:48-0500] -------------------------------
[2024-11-06T18:36:48-0500] Starting 5G booster for 5 s...
[2024-11-06T18:36:48-0500] 5G booster started at 2024-11-06 18:36:48.823 EST
[2024-11-06T18:36:54-0500] Current time exceeds end time, skipping wait
[2024-11-06T18:36:54-0500] Saved TCP DL results to /data/data/com.termux/files/home/storage/shared/bos_la_2024_trip/starlink/20241106/183152664/tcp_downlink_183648852.out
[2024-11-06T18:36:54-0500] DL AVG TPUT: 
[2024-11-06T18:36:55-0500] 5G booster finished at 2024-11-06 18:36:54.923 EST, duration: 6.100 s
[2024-11-06T18:36:55-0500] -------------------------------
[2024-11-06T18:36:55-0500] Waiting for 2 s...
[2024-11-06T18:36:57-0500] -------------------------------
[2024-11-06T18:36:57-0500] TCP Ping test started at 2024-11-06 18:36:57.043 EST
[2024-11-06T18:37:28-0500] Current time exceeds end time, skipping wait
[2024-11-06T18:37:28-0500] Saved TCP Ping test to /data/data/com.termux/files/home/storage/shared/bos_la_2024_trip/starlink/20241106/183152664/tcp_ping_183657094.out
[2024-11-06T18:37:28-0500] TCP Ping summary (min/avg/max/mdev) 
[2024-11-06T18:37:28-0500] TCP Ping test finished at 2024-11-06 18:37:28.194 EST, duration: 31.151 s
[2024-11-06T18:37:28-0500] -------------------------------
[2024-11-06T18:37:28-0500] Waiting for 2 s...
[2024-11-06T18:37:30-0500] -------------------------------
[2024-11-06T18:37:30-0500] Traceroute test started at 2024-11-06 18:37:30.302 EST
[2024-11-06T18:37:33-0500] Waiting for 27.321 s to reach end time
[2024-11-06T18:38:00-0500] Saved traceroute test to /data/data/com.termux/files/home/storage/shared/bos_la_2024_trip/starlink/20241106/183152664/traceroute_183730356.out
[2024-11-06T18:38:00-0500] Traceroute summary (min/avg/max/mdev) 
[2024-11-06T18:38:00-0500] Traceroute test finished at 2024-11-06 18:38:00.434 EST, duration: 30.132 s
[2024-11-06T18:38:00-0500] -------------------------------
[2024-11-06T18:38:00-0500] All tests completed, cleaning up...
[2024-11-06T18:38:00-0500] -------------------------------
