[2024-11-08T10:32:25-0500] [measurement] Load environment variables from prod.env file
[2024-11-08T10:32:25-0500] Starting a network measurement, please choose a server
[2024-11-08T10:32:25-0500] 0) West Cloud: 54.176.53.206
[2024-11-08T10:32:25-0500] 1) East Cloud: 54.197.223.49
[2024-11-08T10:32:42-0500] [measurement] Load environment variables from prod.env file
[2024-11-08T10:32:42-0500] Starting a network measurement, please choose a server
[2024-11-08T10:32:42-0500] 0) West Cloud: 54.176.53.206
[2024-11-08T10:32:42-0500] 1) East Cloud: 54.197.223.49
[2024-11-08T10:45:14-0500] Enter your choice (0-1): Testing starlink, server 1 (ip: 54.197.223.49, nuttcp_port: 5103, iperf_port: 5003)
[2024-11-08T10:45:14-0500] -------------------------------
[2024-11-08T10:45:14-0500] tcp downlink test started at 2024-11-08 10:45:14.970 EST
[2024-11-08T10:45:15-0500] Testing tcp downlink with 54.197.223.49:5103, interval 0.5 s, duration 120 s, timeout 121 s...
[2024-11-08T10:47:16-0500] Current time exceeds end time, skipping wait
[2024-11-08T10:47:16-0500] Saved tcp downlink test to /data/data/com.termux/files/home/storage/shared/bos_la_2024_trip/starlink/20241108/104514944/tcp_downlink_104514991.out
[2024-11-08T10:47:16-0500] DL AVG TPUT: 
[2024-11-08T10:47:16-0500] tcp downlink test finished at 2024-11-08 10:47:16.118 EST, duration: 121.148 s
[2024-11-08T10:47:16-0500] -------------------------------
[2024-11-08T10:47:16-0500] Waiting for 2 s...
[2024-11-08T10:47:18-0500] -------------------------------
[2024-11-08T10:47:18-0500] Starting 5G booster for 5 s...
[2024-11-08T10:47:18-0500] 5G booster started at 2024-11-08 10:47:18.223 EST
[2024-11-08T10:47:24-0500] Current time exceeds end time, skipping wait
[2024-11-08T10:47:24-0500] Saved TCP DL results to /data/data/com.termux/files/home/storage/shared/bos_la_2024_trip/starlink/20241108/104514944/tcp_downlink_104718247.out
[2024-11-08T10:47:24-0500] DL AVG TPUT: 
[2024-11-08T10:47:24-0500] 5G booster finished at 2024-11-08 10:47:24.318 EST, duration: 6.095 s
[2024-11-08T10:47:24-0500] -------------------------------
[2024-11-08T10:47:24-0500] Waiting for 2 s...
[2024-11-08T10:47:26-0500] -------------------------------
[2024-11-08T10:47:26-0500] tcp uplink test started at 2024-11-08 10:47:26.415 EST
[2024-11-08T10:47:26-0500] testing tcp uplink with 54.197.223.49:5103, interval 0.5, duration 120, timeout 121 ...
[2024-11-08T10:49:27-0500] Current time exceeds end time, skipping wait
[2024-11-08T10:49:27-0500] Saved uplink test to /data/data/com.termux/files/home/storage/shared/bos_la_2024_trip/starlink/20241108/104514944/tcp_uplink_104726469.out
[2024-11-08T10:49:27-0500] UL AVG TPUT: 
[2024-11-08T10:49:27-0500] tcp uplink test finished at 2024-11-08 10:49:27.559 EST, duration: 121.144 s
[2024-11-08T10:49:27-0500] -------------------------------
[2024-11-08T10:49:27-0500] Waiting for 2 s...
[2024-11-08T10:49:29-0500] -------------------------------
[2024-11-08T10:49:29-0500] Starting 5G booster for 5 s...
[2024-11-08T10:49:29-0500] 5G booster started at 2024-11-08 10:49:29.682 EST
[2024-11-08T10:49:35-0500] Current time exceeds end time, skipping wait
[2024-11-08T10:49:35-0500] Saved TCP DL results to /data/data/com.termux/files/home/storage/shared/bos_la_2024_trip/starlink/20241108/104514944/tcp_downlink_104929755.out
[2024-11-08T10:49:35-0500] DL AVG TPUT: 
[2024-11-08T10:49:35-0500] 5G booster finished at 2024-11-08 10:49:35.840 EST, duration: 6.158 s
[2024-11-08T10:49:35-0500] -------------------------------
[2024-11-08T10:49:35-0500] Waiting for 2 s...
[2024-11-08T10:49:37-0500] -------------------------------
[2024-11-08T10:49:37-0500] ICMP Ping test started at 2024-11-08 10:49:37.937 EST
[2024-11-08T10:50:08-0500] Waiting for .867 s to reach end time
[2024-11-08T10:50:09-0500] Saved ping test to /data/data/com.termux/files/home/storage/shared/bos_la_2024_trip/starlink/20241108/104514944/icmp_ping_104937989.out
[2024-11-08T10:50:09-0500] Ping summary (min/avg/max/mdev) = 26.681/43.944/87.689/15.093 ms
[2024-11-08T10:50:09-0500] Ping test finished at 2024-11-08 10:50:09.026 EST, duration: 31.089 s
[2024-11-08T10:50:09-0500] -------------------------------
[2024-11-08T10:50:09-0500] Waiting for 2 s...
[2024-11-08T10:50:11-0500] -------------------------------
[2024-11-08T10:50:11-0500] Starting 5G booster for 5 s...
[2024-11-08T10:50:11-0500] 5G booster started at 2024-11-08 10:50:11.161 EST
[2024-11-08T10:50:17-0500] Current time exceeds end time, skipping wait
[2024-11-08T10:50:17-0500] Saved TCP DL results to /data/data/com.termux/files/home/storage/shared/bos_la_2024_trip/starlink/20241108/104514944/tcp_downlink_105011190.out
[2024-11-08T10:50:17-0500] DL AVG TPUT: 
[2024-11-08T10:50:17-0500] 5G booster finished at 2024-11-08 10:50:17.266 EST, duration: 6.105 s
[2024-11-08T10:50:17-0500] -------------------------------
[2024-11-08T10:50:17-0500] Waiting for 2 s...
[2024-11-08T10:50:19-0500] -------------------------------
[2024-11-08T10:50:19-0500] TCP Ping test started at 2024-11-08 10:50:19.370 EST
[2024-11-08T10:50:50-0500] Current time exceeds end time, skipping wait
[2024-11-08T10:50:50-0500] Saved TCP Ping test to /data/data/com.termux/files/home/storage/shared/bos_la_2024_trip/starlink/20241108/104514944/tcp_ping_105019393.out
[2024-11-08T10:50:50-0500] TCP Ping summary (min/avg/max/mdev) 
[2024-11-08T10:50:50-0500] TCP Ping test finished at 2024-11-08 10:50:50.472 EST, duration: 31.102 s
[2024-11-08T10:50:50-0500] -------------------------------
[2024-11-08T10:50:50-0500] Waiting for 2 s...
[2024-11-08T10:50:52-0500] -------------------------------
[2024-11-08T10:50:52-0500] Traceroute test started at 2024-11-08 10:50:52.613 EST
[2024-11-08T10:50:53-0500] Waiting for 28.753 s to reach end time
[2024-11-08T10:51:22-0500] Saved traceroute test to /data/data/com.termux/files/home/storage/shared/bos_la_2024_trip/starlink/20241108/104514944/traceroute_105052679.out
[2024-11-08T10:51:22-0500] Traceroute summary (min/avg/max/mdev) 
[2024-11-08T10:51:22-0500] Traceroute test finished at 2024-11-08 10:51:22.691 EST, duration: 30.078 s
[2024-11-08T10:51:22-0500] -------------------------------
[2024-11-08T10:51:22-0500] All tests completed, cleaning up...
[2024-11-08T10:51:22-0500] -------------------------------
[2024-11-08T10:51:44-0500] [measurement] Load environment variables from prod.env file
[2024-11-08T10:51:44-0500] Starting a network measurement, please choose a server
[2024-11-08T10:51:44-0500] 0) West Cloud: 54.176.53.206
[2024-11-08T10:51:44-0500] 1) East Cloud: 54.197.223.49
[2024-11-08T10:52:08-0500] Enter your choice (0-1): Testing starlink, server 1 (ip: 54.197.223.49, nuttcp_port: 5103, iperf_port: 5003)
[2024-11-08T10:52:08-0500] -------------------------------
[2024-11-08T10:52:09-0500] tcp downlink test started at 2024-11-08 10:52:09.004 EST
[2024-11-08T10:52:09-0500] Testing tcp downlink with 54.197.223.49:5103, interval 0.5 s, duration 120 s, timeout 121 s...
[2024-11-08T10:54:10-0500] Current time exceeds end time, skipping wait
[2024-11-08T10:54:10-0500] Saved tcp downlink test to /data/data/com.termux/files/home/storage/shared/bos_la_2024_trip/starlink/20241108/105208983/tcp_downlink_105209037.out
[2024-11-08T10:54:10-0500] DL AVG TPUT: 
[2024-11-08T10:54:10-0500] tcp downlink test finished at 2024-11-08 10:54:10.110 EST, duration: 121.106 s
[2024-11-08T10:54:10-0500] -------------------------------
[2024-11-08T10:54:10-0500] Waiting for 2 s...
[2024-11-08T10:54:12-0500] -------------------------------
[2024-11-08T10:54:12-0500] Starting 5G booster for 5 s...
[2024-11-08T10:54:12-0500] 5G booster started at 2024-11-08 10:54:12.243 EST
[2024-11-08T10:54:18-0500] Current time exceeds end time, skipping wait
[2024-11-08T10:54:18-0500] Saved TCP DL results to /data/data/com.termux/files/home/storage/shared/bos_la_2024_trip/starlink/20241108/105208983/tcp_downlink_105412316.out
[2024-11-08T10:54:18-0500] DL AVG TPUT: 
[2024-11-08T10:54:18-0500] 5G booster finished at 2024-11-08 10:54:18.386 EST, duration: 6.143 s
[2024-11-08T10:54:18-0500] -------------------------------
[2024-11-08T10:54:18-0500] Waiting for 2 s...
[2024-11-08T10:54:20-0500] -------------------------------
[2024-11-08T10:54:20-0500] tcp uplink test started at 2024-11-08 10:54:20.483 EST
[2024-11-08T10:54:20-0500] testing tcp uplink with 54.197.223.49:5103, interval 0.5, duration 120, timeout 121 ...
[2024-11-08T10:56:21-0500] Current time exceeds end time, skipping wait
[2024-11-08T10:56:21-0500] Saved uplink test to /data/data/com.termux/files/home/storage/shared/bos_la_2024_trip/starlink/20241108/105208983/tcp_uplink_105420507.out
[2024-11-08T10:56:21-0500] UL AVG TPUT: 
[2024-11-08T10:56:21-0500] tcp uplink test finished at 2024-11-08 10:56:21.575 EST, duration: 121.092 s
[2024-11-08T10:56:21-0500] -------------------------------
[2024-11-08T10:56:21-0500] Waiting for 2 s...
[2024-11-08T10:56:23-0500] -------------------------------
[2024-11-08T10:56:23-0500] Starting 5G booster for 5 s...
[2024-11-08T10:56:23-0500] 5G booster started at 2024-11-08 10:56:23.668 EST
[2024-11-08T10:56:29-0500] Current time exceeds end time, skipping wait
[2024-11-08T10:56:29-0500] Saved TCP DL results to /data/data/com.termux/files/home/storage/shared/bos_la_2024_trip/starlink/20241108/105208983/tcp_downlink_105623717.out
[2024-11-08T10:56:29-0500] DL AVG TPUT: 
[2024-11-08T10:56:29-0500] 5G booster finished at 2024-11-08 10:56:29.814 EST, duration: 6.146 s
[2024-11-08T10:56:29-0500] -------------------------------
[2024-11-08T10:56:29-0500] Waiting for 2 s...
[2024-11-08T10:56:31-0500] -------------------------------
[2024-11-08T10:56:31-0500] ICMP Ping test started at 2024-11-08 10:56:31.915 EST
[2024-11-08T10:57:02-0500] Waiting for .897 s to reach end time
[2024-11-08T10:57:03-0500] Saved ping test to /data/data/com.termux/files/home/storage/shared/bos_la_2024_trip/starlink/20241108/105208983/icmp_ping_105631946.out
[2024-11-08T10:57:03-0500] Ping summary (min/avg/max/mdev) = 24.987/50.380/263.639/25.745 ms
[2024-11-08T10:57:03-0500] Ping test finished at 2024-11-08 10:57:03.011 EST, duration: 31.096 s
[2024-11-08T10:57:03-0500] -------------------------------
[2024-11-08T10:57:03-0500] Waiting for 2 s...
[2024-11-08T10:57:05-0500] -------------------------------
[2024-11-08T10:57:05-0500] Starting 5G booster for 5 s...
[2024-11-08T10:57:05-0500] 5G booster started at 2024-11-08 10:57:05.148 EST
[2024-11-08T10:57:11-0500] Current time exceeds end time, skipping wait
[2024-11-08T10:57:11-0500] Saved TCP DL results to /data/data/com.termux/files/home/storage/shared/bos_la_2024_trip/starlink/20241108/105208983/tcp_downlink_105705177.out
[2024-11-08T10:57:11-0500] DL AVG TPUT: 
[2024-11-08T10:57:11-0500] 5G booster finished at 2024-11-08 10:57:11.265 EST, duration: 6.117 s
[2024-11-08T10:57:11-0500] -------------------------------
[2024-11-08T10:57:11-0500] Waiting for 2 s...
[2024-11-08T10:57:13-0500] -------------------------------
[2024-11-08T10:57:13-0500] TCP Ping test started at 2024-11-08 10:57:13.381 EST
[2024-11-08T10:57:44-0500] Current time exceeds end time, skipping wait
[2024-11-08T10:57:44-0500] Saved TCP Ping test to /data/data/com.termux/files/home/storage/shared/bos_la_2024_trip/starlink/20241108/105208983/tcp_ping_105713411.out
[2024-11-08T10:57:44-0500] TCP Ping summary (min/avg/max/mdev) 
[2024-11-08T10:57:44-0500] TCP Ping test finished at 2024-11-08 10:57:44.525 EST, duration: 31.144 s
[2024-11-08T10:57:44-0500] -------------------------------
[2024-11-08T10:57:44-0500] Waiting for 2 s...
[2024-11-08T10:57:46-0500] -------------------------------
[2024-11-08T10:57:46-0500] Traceroute test started at 2024-11-08 10:57:46.638 EST
[2024-11-08T10:57:48-0500] Waiting for 28.239 s to reach end time
[2024-11-08T10:58:16-0500] Saved traceroute test to /data/data/com.termux/files/home/storage/shared/bos_la_2024_trip/starlink/20241108/105208983/traceroute_105746704.out
[2024-11-08T10:58:16-0500] Traceroute summary (min/avg/max/mdev) 
[2024-11-08T10:58:16-0500] Traceroute test finished at 2024-11-08 10:58:16.728 EST, duration: 30.090 s
[2024-11-08T10:58:16-0500] -------------------------------
[2024-11-08T10:58:16-0500] All tests completed, cleaning up...
[2024-11-08T10:58:16-0500] -------------------------------
[2024-11-08T10:58:33-0500] [measurement] Load environment variables from prod.env file
[2024-11-08T10:58:33-0500] Starting a network measurement, please choose a server
[2024-11-08T10:58:33-0500] 0) West Cloud: 54.176.53.206
[2024-11-08T10:58:33-0500] 1) East Cloud: 54.197.223.49
[2024-11-08T10:58:51-0500] Enter your choice (0-1): Testing starlink, server 1 (ip: 54.197.223.49, nuttcp_port: 5103, iperf_port: 5003)
[2024-11-08T10:58:51-0500] -------------------------------
[2024-11-08T10:58:51-0500] tcp downlink test started at 2024-11-08 10:58:51.329 EST
[2024-11-08T10:58:51-0500] Testing tcp downlink with 54.197.223.49:5103, interval 0.5 s, duration 120 s, timeout 121 s...
[2024-11-08T11:00:52-0500] Current time exceeds end time, skipping wait
[2024-11-08T11:00:52-0500] Saved tcp downlink test to /data/data/com.termux/files/home/storage/shared/bos_la_2024_trip/starlink/20241108/105851309/tcp_downlink_105851352.out
[2024-11-08T11:00:52-0500] DL AVG TPUT: 
[2024-11-08T11:00:52-0500] tcp downlink test finished at 2024-11-08 11:00:52.407 EST, duration: 121.078 s
[2024-11-08T11:00:52-0500] -------------------------------
[2024-11-08T11:00:52-0500] Waiting for 2 s...
[2024-11-08T11:00:54-0500] -------------------------------
[2024-11-08T11:00:54-0500] Starting 5G booster for 5 s...
[2024-11-08T11:00:54-0500] 5G booster started at 2024-11-08 11:00:54.507 EST
[2024-11-08T11:01:00-0500] Current time exceeds end time, skipping wait
[2024-11-08T11:01:00-0500] Saved TCP DL results to /data/data/com.termux/files/home/storage/shared/bos_la_2024_trip/starlink/20241108/105851309/tcp_downlink_110054540.out
[2024-11-08T11:01:00-0500] DL AVG TPUT: 
[2024-11-08T11:01:00-0500] 5G booster finished at 2024-11-08 11:01:00.628 EST, duration: 6.121 s
[2024-11-08T11:01:00-0500] -------------------------------
[2024-11-08T11:01:00-0500] Waiting for 2 s...
[2024-11-08T11:01:02-0500] -------------------------------
[2024-11-08T11:01:02-0500] tcp uplink test started at 2024-11-08 11:01:02.730 EST
[2024-11-08T11:01:02-0500] testing tcp uplink with 54.197.223.49:5103, interval 0.5, duration 120, timeout 121 ...
[2024-11-08T11:03:03-0500] Current time exceeds end time, skipping wait
[2024-11-08T11:03:03-0500] Saved uplink test to /data/data/com.termux/files/home/storage/shared/bos_la_2024_trip/starlink/20241108/105851309/tcp_uplink_110102755.out
[2024-11-08T11:03:03-0500] UL AVG TPUT: 
[2024-11-08T11:03:03-0500] tcp uplink test finished at 2024-11-08 11:03:03.831 EST, duration: 121.101 s
[2024-11-08T11:03:03-0500] -------------------------------
[2024-11-08T11:03:03-0500] Waiting for 2 s...
[2024-11-08T11:03:05-0500] -------------------------------
[2024-11-08T11:03:05-0500] Starting 5G booster for 5 s...
[2024-11-08T11:03:05-0500] 5G booster started at 2024-11-08 11:03:05.930 EST
[2024-11-08T11:03:12-0500] Current time exceeds end time, skipping wait
[2024-11-08T11:03:12-0500] Saved TCP DL results to /data/data/com.termux/files/home/storage/shared/bos_la_2024_trip/starlink/20241108/105851309/tcp_downlink_110305957.out
[2024-11-08T11:03:12-0500] DL AVG TPUT: 
[2024-11-08T11:03:12-0500] 5G booster finished at 2024-11-08 11:03:12.081 EST, duration: 6.151 s
[2024-11-08T11:03:12-0500] -------------------------------
[2024-11-08T11:03:12-0500] Waiting for 2 s...
[2024-11-08T11:03:14-0500] -------------------------------
[2024-11-08T11:03:14-0500] ICMP Ping test started at 2024-11-08 11:03:14.218 EST
[2024-11-08T11:03:44-0500] Waiting for .928 s to reach end time
[2024-11-08T11:03:45-0500] Saved ping test to /data/data/com.termux/files/home/storage/shared/bos_la_2024_trip/starlink/20241108/105851309/icmp_ping_110314243.out
[2024-11-08T11:03:45-0500] Ping summary (min/avg/max/mdev) = 27.675/42.560/122.430/16.117 ms
[2024-11-08T11:03:45-0500] Ping test finished at 2024-11-08 11:03:45.308 EST, duration: 31.090 s
[2024-11-08T11:03:45-0500] -------------------------------
[2024-11-08T11:03:45-0500] Waiting for 2 s...
[2024-11-08T11:03:47-0500] -------------------------------
[2024-11-08T11:03:47-0500] Starting 5G booster for 5 s...
[2024-11-08T11:03:47-0500] 5G booster started at 2024-11-08 11:03:47.405 EST
[2024-11-08T11:03:53-0500] Current time exceeds end time, skipping wait
[2024-11-08T11:03:53-0500] Saved TCP DL results to /data/data/com.termux/files/home/storage/shared/bos_la_2024_trip/starlink/20241108/105851309/tcp_downlink_110347468.out
[2024-11-08T11:03:53-0500] DL AVG TPUT: 
[2024-11-08T11:03:53-0500] 5G booster finished at 2024-11-08 11:03:53.522 EST, duration: 6.117 s
[2024-11-08T11:03:53-0500] -------------------------------
[2024-11-08T11:03:53-0500] Waiting for 2 s...
[2024-11-08T11:03:55-0500] -------------------------------
[2024-11-08T11:03:55-0500] TCP Ping test started at 2024-11-08 11:03:55.636 EST
[2024-11-08T11:04:26-0500] Current time exceeds end time, skipping wait
[2024-11-08T11:04:26-0500] Saved TCP Ping test to /data/data/com.termux/files/home/storage/shared/bos_la_2024_trip/starlink/20241108/105851309/tcp_ping_110355687.out
[2024-11-08T11:04:26-0500] TCP Ping summary (min/avg/max/mdev) 
[2024-11-08T11:04:26-0500] TCP Ping test finished at 2024-11-08 11:04:26.765 EST, duration: 31.129 s
[2024-11-08T11:04:26-0500] -------------------------------
[2024-11-08T11:04:26-0500] Waiting for 2 s...
[2024-11-08T11:04:28-0500] -------------------------------
[2024-11-08T11:04:28-0500] Traceroute test started at 2024-11-08 11:04:28.877 EST
[2024-11-08T11:04:30-0500] Waiting for 27.960 s to reach end time
[2024-11-08T11:04:58-0500] Saved traceroute test to /data/data/com.termux/files/home/storage/shared/bos_la_2024_trip/starlink/20241108/105851309/traceroute_110428932.out
[2024-11-08T11:04:58-0500] Traceroute summary (min/avg/max/mdev) 
[2024-11-08T11:04:59-0500] Traceroute test finished at 2024-11-08 11:04:58.959 EST, duration: 30.082 s
[2024-11-08T11:04:59-0500] -------------------------------
[2024-11-08T11:04:59-0500] All tests completed, cleaning up...
[2024-11-08T11:04:59-0500] -------------------------------
[2024-11-08T11:05:25-0500] [measurement] Load environment variables from prod.env file
[2024-11-08T11:05:25-0500] Starting a network measurement, please choose a server
[2024-11-08T11:05:25-0500] 0) West Cloud: 54.176.53.206
[2024-11-08T11:05:25-0500] 1) East Cloud: 54.197.223.49
[2024-11-08T11:05:54-0500] Enter your choice (0-1): Testing starlink, server 1 (ip: 54.197.223.49, nuttcp_port: 5103, iperf_port: 5003)
[2024-11-08T11:05:54-0500] -------------------------------
[2024-11-08T11:05:54-0500] tcp downlink test started at 2024-11-08 11:05:54.627 EST
[2024-11-08T11:05:54-0500] Testing tcp downlink with 54.197.223.49:5103, interval 0.5 s, duration 120 s, timeout 121 s...
[2024-11-08T11:07:55-0500] Current time exceeds end time, skipping wait
[2024-11-08T11:07:55-0500] Saved tcp downlink test to /data/data/com.termux/files/home/storage/shared/bos_la_2024_trip/starlink/20241108/110554605/tcp_downlink_110554661.out
[2024-11-08T11:07:55-0500] DL AVG TPUT: 
[2024-11-08T11:07:55-0500] tcp downlink test finished at 2024-11-08 11:07:55.733 EST, duration: 121.106 s
[2024-11-08T11:07:55-0500] -------------------------------
[2024-11-08T11:07:55-0500] Waiting for 2 s...
[2024-11-08T11:07:57-0500] -------------------------------
[2024-11-08T11:07:57-0500] Starting 5G booster for 5 s...
[2024-11-08T11:07:57-0500] 5G booster started at 2024-11-08 11:07:57.826 EST
[2024-11-08T11:08:03-0500] Current time exceeds end time, skipping wait
[2024-11-08T11:08:03-0500] Saved TCP DL results to /data/data/com.termux/files/home/storage/shared/bos_la_2024_trip/starlink/20241108/110554605/tcp_downlink_110757858.out
[2024-11-08T11:08:03-0500] DL AVG TPUT: 
[2024-11-08T11:08:04-0500] 5G booster finished at 2024-11-08 11:08:03.928 EST, duration: 6.102 s
[2024-11-08T11:08:04-0500] -------------------------------
[2024-11-08T11:08:04-0500] Waiting for 2 s...
[2024-11-08T11:08:06-0500] -------------------------------
[2024-11-08T11:08:06-0500] tcp uplink test started at 2024-11-08 11:08:06.043 EST
[2024-11-08T11:08:06-0500] testing tcp uplink with 54.197.223.49:5103, interval 0.5, duration 120, timeout 121 ...
[2024-11-08T11:10:07-0500] Current time exceeds end time, skipping wait
[2024-11-08T11:10:07-0500] Saved uplink test to /data/data/com.termux/files/home/storage/shared/bos_la_2024_trip/starlink/20241108/110554605/tcp_uplink_110806095.out
[2024-11-08T11:10:07-0500] UL AVG TPUT: 
[2024-11-08T11:10:07-0500] tcp uplink test finished at 2024-11-08 11:10:07.207 EST, duration: 121.164 s
[2024-11-08T11:10:07-0500] -------------------------------
[2024-11-08T11:10:07-0500] Waiting for 2 s...
[2024-11-08T11:10:09-0500] -------------------------------
[2024-11-08T11:10:09-0500] Starting 5G booster for 5 s...
[2024-11-08T11:10:09-0500] 5G booster started at 2024-11-08 11:10:09.317 EST
[2024-11-08T11:10:15-0500] Current time exceeds end time, skipping wait
[2024-11-08T11:10:15-0500] Saved TCP DL results to /data/data/com.termux/files/home/storage/shared/bos_la_2024_trip/starlink/20241108/110554605/tcp_downlink_111009342.out
[2024-11-08T11:10:15-0500] DL AVG TPUT: 
[2024-11-08T11:10:15-0500] 5G booster finished at 2024-11-08 11:10:15.435 EST, duration: 6.118 s
[2024-11-08T11:10:15-0500] -------------------------------
[2024-11-08T11:10:15-0500] Waiting for 2 s...
[2024-11-08T11:10:17-0500] -------------------------------
[2024-11-08T11:10:17-0500] ICMP Ping test started at 2024-11-08 11:10:17.562 EST
[2024-11-08T11:10:47-0500] Waiting for .911 s to reach end time
[2024-11-08T11:10:48-0500] Saved ping test to /data/data/com.termux/files/home/storage/shared/bos_la_2024_trip/starlink/20241108/110554605/icmp_ping_111017589.out
[2024-11-08T11:10:48-0500] Ping summary (min/avg/max/mdev) = 27.358/45.733/148.244/19.186 ms
[2024-11-08T11:10:48-0500] Ping test finished at 2024-11-08 11:10:48.621 EST, duration: 31.059 s
[2024-11-08T11:10:48-0500] -------------------------------
[2024-11-08T11:10:48-0500] Waiting for 2 s...
[2024-11-08T11:10:50-0500] -------------------------------
[2024-11-08T11:10:50-0500] Starting 5G booster for 5 s...
[2024-11-08T11:10:50-0500] 5G booster started at 2024-11-08 11:10:50.763 EST
[2024-11-08T11:10:56-0500] Current time exceeds end time, skipping wait
[2024-11-08T11:10:56-0500] Saved TCP DL results to /data/data/com.termux/files/home/storage/shared/bos_la_2024_trip/starlink/20241108/110554605/tcp_downlink_111050820.out
[2024-11-08T11:10:56-0500] DL AVG TPUT: 
[2024-11-08T11:10:56-0500] 5G booster finished at 2024-11-08 11:10:56.878 EST, duration: 6.115 s
[2024-11-08T11:10:56-0500] -------------------------------
[2024-11-08T11:10:56-0500] Waiting for 2 s...
[2024-11-08T11:10:58-0500] -------------------------------
[2024-11-08T11:10:58-0500] TCP Ping test started at 2024-11-08 11:10:58.962 EST
[2024-11-08T11:11:30-0500] Current time exceeds end time, skipping wait
[2024-11-08T11:11:30-0500] Saved TCP Ping test to /data/data/com.termux/files/home/storage/shared/bos_la_2024_trip/starlink/20241108/110554605/tcp_ping_111059006.out
[2024-11-08T11:11:30-0500] TCP Ping summary (min/avg/max/mdev) 
[2024-11-08T11:11:30-0500] TCP Ping test finished at 2024-11-08 11:11:30.104 EST, duration: 31.142 s
[2024-11-08T11:11:30-0500] -------------------------------
[2024-11-08T11:11:30-0500] Waiting for 2 s...
[2024-11-08T11:11:32-0500] -------------------------------
[2024-11-08T11:11:32-0500] Traceroute test started at 2024-11-08 11:11:32.206 EST
[2024-11-08T11:11:33-0500] Waiting for 28.734 s to reach end time
[2024-11-08T11:12:02-0500] Saved traceroute test to /data/data/com.termux/files/home/storage/shared/bos_la_2024_trip/starlink/20241108/110554605/traceroute_111132236.out
[2024-11-08T11:12:02-0500] Traceroute summary (min/avg/max/mdev) 
[2024-11-08T11:12:02-0500] Traceroute test finished at 2024-11-08 11:12:02.279 EST, duration: 30.073 s
[2024-11-08T11:12:02-0500] -------------------------------
[2024-11-08T11:12:02-0500] All tests completed, cleaning up...
[2024-11-08T11:12:02-0500] -------------------------------
[2024-11-08T11:12:17-0500] [measurement] Load environment variables from prod.env file
[2024-11-08T11:12:17-0500] Starting a network measurement, please choose a server
[2024-11-08T11:12:17-0500] 0) West Cloud: 54.176.53.206
[2024-11-08T11:12:17-0500] 1) East Cloud: 54.197.223.49
[2024-11-08T11:12:36-0500] Enter your choice (0-1): Testing starlink, server 1 (ip: 54.197.223.49, nuttcp_port: 5103, iperf_port: 5003)
[2024-11-08T11:12:36-0500] -------------------------------
[2024-11-08T11:12:37-0500] tcp downlink test started at 2024-11-08 11:12:36.993 EST
[2024-11-08T11:12:37-0500] Testing tcp downlink with 54.197.223.49:5103, interval 0.5 s, duration 120 s, timeout 121 s...
[2024-11-08T11:14:38-0500] Current time exceeds end time, skipping wait
[2024-11-08T11:14:38-0500] Saved tcp downlink test to /data/data/com.termux/files/home/storage/shared/bos_la_2024_trip/starlink/20241108/111236976/tcp_downlink_111237018.out
[2024-11-08T11:14:38-0500] DL AVG TPUT: 
[2024-11-08T11:14:38-0500] tcp downlink test finished at 2024-11-08 11:14:38.089 EST, duration: 121.096 s
[2024-11-08T11:14:38-0500] -------------------------------
[2024-11-08T11:14:38-0500] Waiting for 2 s...
[2024-11-08T11:14:40-0500] -------------------------------
[2024-11-08T11:14:40-0500] Starting 5G booster for 5 s...
[2024-11-08T11:14:40-0500] 5G booster started at 2024-11-08 11:14:40.179 EST
[2024-11-08T11:14:46-0500] Current time exceeds end time, skipping wait
[2024-11-08T11:14:46-0500] Saved TCP DL results to /data/data/com.termux/files/home/storage/shared/bos_la_2024_trip/starlink/20241108/111236976/tcp_downlink_111440206.out
[2024-11-08T11:14:46-0500] DL AVG TPUT: 
[2024-11-08T11:14:46-0500] 5G booster finished at 2024-11-08 11:14:46.276 EST, duration: 6.097 s
[2024-11-08T11:14:46-0500] -------------------------------
[2024-11-08T11:14:46-0500] Waiting for 2 s...
[2024-11-08T11:14:48-0500] -------------------------------
[2024-11-08T11:14:48-0500] tcp uplink test started at 2024-11-08 11:14:48.378 EST
[2024-11-08T11:14:48-0500] testing tcp uplink with 54.197.223.49:5103, interval 0.5, duration 120, timeout 121 ...
[2024-11-08T11:16:49-0500] Current time exceeds end time, skipping wait
[2024-11-08T11:16:49-0500] Saved uplink test to /data/data/com.termux/files/home/storage/shared/bos_la_2024_trip/starlink/20241108/111236976/tcp_uplink_111448407.out
[2024-11-08T11:16:49-0500] UL AVG TPUT: 
[2024-11-08T11:16:49-0500] tcp uplink test finished at 2024-11-08 11:16:49.487 EST, duration: 121.109 s
[2024-11-08T11:16:49-0500] -------------------------------
[2024-11-08T11:16:49-0500] Waiting for 2 s...
[2024-11-08T11:16:51-0500] -------------------------------
[2024-11-08T11:16:51-0500] Starting 5G booster for 5 s...
[2024-11-08T11:16:51-0500] 5G booster started at 2024-11-08 11:16:51.594 EST
[2024-11-08T11:16:57-0500] Current time exceeds end time, skipping wait
[2024-11-08T11:16:57-0500] Saved TCP DL results to /data/data/com.termux/files/home/storage/shared/bos_la_2024_trip/starlink/20241108/111236976/tcp_downlink_111651619.out
[2024-11-08T11:16:57-0500] DL AVG TPUT: 
[2024-11-08T11:16:57-0500] 5G booster finished at 2024-11-08 11:16:57.738 EST, duration: 6.144 s
[2024-11-08T11:16:57-0500] -------------------------------
[2024-11-08T11:16:57-0500] Waiting for 2 s...
[2024-11-08T11:16:59-0500] -------------------------------
[2024-11-08T11:16:59-0500] ICMP Ping test started at 2024-11-08 11:16:59.845 EST
[2024-11-08T11:17:30-0500] Waiting for .896 s to reach end time
[2024-11-08T11:17:30-0500] Saved ping test to /data/data/com.termux/files/home/storage/shared/bos_la_2024_trip/starlink/20241108/111236976/icmp_ping_111659894.out
[2024-11-08T11:17:30-0500] Ping summary (min/avg/max/mdev) = 27.371/55.970/282.656/32.978 ms
[2024-11-08T11:17:31-0500] Ping test finished at 2024-11-08 11:17:30.940 EST, duration: 31.095 s
[2024-11-08T11:17:31-0500] -------------------------------
[2024-11-08T11:17:31-0500] Waiting for 2 s...
[2024-11-08T11:17:33-0500] -------------------------------
[2024-11-08T11:17:33-0500] Starting 5G booster for 5 s...
[2024-11-08T11:17:33-0500] 5G booster started at 2024-11-08 11:17:33.054 EST
[2024-11-08T11:17:39-0500] Current time exceeds end time, skipping wait
[2024-11-08T11:17:39-0500] Saved TCP DL results to /data/data/com.termux/files/home/storage/shared/bos_la_2024_trip/starlink/20241108/111236976/tcp_downlink_111733117.out
[2024-11-08T11:17:39-0500] DL AVG TPUT: 
[2024-11-08T11:17:39-0500] 5G booster finished at 2024-11-08 11:17:39.235 EST, duration: 6.181 s
[2024-11-08T11:17:39-0500] -------------------------------
[2024-11-08T11:17:39-0500] Waiting for 2 s...
[2024-11-08T11:17:41-0500] -------------------------------
[2024-11-08T11:17:41-0500] TCP Ping test started at 2024-11-08 11:17:41.339 EST
[2024-11-08T11:18:12-0500] Current time exceeds end time, skipping wait
[2024-11-08T11:18:12-0500] Saved TCP Ping test to /data/data/com.termux/files/home/storage/shared/bos_la_2024_trip/starlink/20241108/111236976/tcp_ping_111741363.out
[2024-11-08T11:18:12-0500] TCP Ping summary (min/avg/max/mdev) 
[2024-11-08T11:18:12-0500] TCP Ping test finished at 2024-11-08 11:18:12.425 EST, duration: 31.086 s
[2024-11-08T11:18:12-0500] -------------------------------
[2024-11-08T11:18:12-0500] Waiting for 2 s...
[2024-11-08T11:18:14-0500] -------------------------------
[2024-11-08T11:18:14-0500] Traceroute test started at 2024-11-08 11:18:14.534 EST
[2024-11-08T11:18:16-0500] Waiting for 28.394 s to reach end time
[2024-11-08T11:18:44-0500] Saved traceroute test to /data/data/com.termux/files/home/storage/shared/bos_la_2024_trip/starlink/20241108/111236976/traceroute_111814559.out
[2024-11-08T11:18:44-0500] Traceroute summary (min/avg/max/mdev) 
[2024-11-08T11:18:44-0500] Traceroute test finished at 2024-11-08 11:18:44.590 EST, duration: 30.056 s
[2024-11-08T11:18:44-0500] -------------------------------
[2024-11-08T11:18:44-0500] All tests completed, cleaning up...
[2024-11-08T11:18:44-0500] -------------------------------
[2024-11-08T11:19:03-0500] [measurement] Load environment variables from prod.env file
[2024-11-08T11:19:03-0500] Starting a network measurement, please choose a server
[2024-11-08T11:19:03-0500] 0) West Cloud: 54.176.53.206
[2024-11-08T11:19:03-0500] 1) East Cloud: 54.197.223.49
[2024-11-08T11:19:20-0500] Enter your choice (0-1): Testing starlink, server 1 (ip: 54.197.223.49, nuttcp_port: 5103, iperf_port: 5003)
[2024-11-08T11:19:20-0500] -------------------------------
[2024-11-08T11:19:20-0500] tcp downlink test started at 2024-11-08 11:19:20.886 EST
[2024-11-08T11:19:20-0500] Testing tcp downlink with 54.197.223.49:5103, interval 0.5 s, duration 120 s, timeout 121 s...
[2024-11-08T11:21:21-0500] Current time exceeds end time, skipping wait
[2024-11-08T11:21:21-0500] Saved tcp downlink test to /data/data/com.termux/files/home/storage/shared/bos_la_2024_trip/starlink/20241108/111920868/tcp_downlink_111920907.out
[2024-11-08T11:21:22-0500] DL AVG TPUT: 
[2024-11-08T11:21:22-0500] tcp downlink test finished at 2024-11-08 11:21:21.980 EST, duration: 121.094 s
[2024-11-08T11:21:22-0500] -------------------------------
[2024-11-08T11:21:22-0500] Waiting for 2 s...
[2024-11-08T11:21:24-0500] -------------------------------
[2024-11-08T11:21:24-0500] Starting 5G booster for 5 s...
[2024-11-08T11:21:24-0500] 5G booster started at 2024-11-08 11:21:24.127 EST
[2024-11-08T11:21:30-0500] Current time exceeds end time, skipping wait
[2024-11-08T11:21:30-0500] Saved TCP DL results to /data/data/com.termux/files/home/storage/shared/bos_la_2024_trip/starlink/20241108/111920868/tcp_downlink_112124182.out
[2024-11-08T11:21:30-0500] DL AVG TPUT: 
[2024-11-08T11:21:30-0500] 5G booster finished at 2024-11-08 11:21:30.257 EST, duration: 6.130 s
[2024-11-08T11:21:30-0500] -------------------------------
[2024-11-08T11:21:30-0500] Waiting for 2 s...
[2024-11-08T11:21:32-0500] -------------------------------
[2024-11-08T11:21:32-0500] tcp uplink test started at 2024-11-08 11:21:32.378 EST
[2024-11-08T11:21:32-0500] testing tcp uplink with 54.197.223.49:5103, interval 0.5, duration 120, timeout 121 ...
[2024-11-08T11:23:33-0500] Current time exceeds end time, skipping wait
[2024-11-08T11:23:33-0500] Saved uplink test to /data/data/com.termux/files/home/storage/shared/bos_la_2024_trip/starlink/20241108/111920868/tcp_uplink_112132403.out
[2024-11-08T11:23:33-0500] UL AVG TPUT: 
[2024-11-08T11:23:33-0500] tcp uplink test finished at 2024-11-08 11:23:33.474 EST, duration: 121.096 s
[2024-11-08T11:23:33-0500] -------------------------------
[2024-11-08T11:23:33-0500] Waiting for 2 s...
[2024-11-08T11:23:35-0500] -------------------------------
[2024-11-08T11:23:35-0500] Starting 5G booster for 5 s...
[2024-11-08T11:23:35-0500] 5G booster started at 2024-11-08 11:23:35.582 EST
[2024-11-08T11:23:41-0500] Current time exceeds end time, skipping wait
[2024-11-08T11:23:41-0500] Saved TCP DL results to /data/data/com.termux/files/home/storage/shared/bos_la_2024_trip/starlink/20241108/111920868/tcp_downlink_112335648.out
[2024-11-08T11:23:41-0500] DL AVG TPUT: 
[2024-11-08T11:23:41-0500] 5G booster finished at 2024-11-08 11:23:41.748 EST, duration: 6.166 s
[2024-11-08T11:23:41-0500] -------------------------------
[2024-11-08T11:23:41-0500] Waiting for 2 s...
[2024-11-08T11:23:43-0500] -------------------------------
[2024-11-08T11:23:43-0500] ICMP Ping test started at 2024-11-08 11:23:43.851 EST
[2024-11-08T11:24:14-0500] Waiting for .885 s to reach end time
[2024-11-08T11:24:14-0500] Saved ping test to /data/data/com.termux/files/home/storage/shared/bos_la_2024_trip/starlink/20241108/111920868/icmp_ping_112343882.out
[2024-11-08T11:24:14-0500] Ping summary (min/avg/max/mdev) = 28.734/44.636/102.361/14.605 ms
[2024-11-08T11:24:15-0500] Ping test finished at 2024-11-08 11:24:14.940 EST, duration: 31.089 s
[2024-11-08T11:24:15-0500] -------------------------------
[2024-11-08T11:24:15-0500] Waiting for 2 s...
[2024-11-08T11:24:17-0500] -------------------------------
[2024-11-08T11:24:17-0500] Starting 5G booster for 5 s...
[2024-11-08T11:24:17-0500] 5G booster started at 2024-11-08 11:24:17.038 EST
[2024-11-08T11:24:23-0500] Current time exceeds end time, skipping wait
[2024-11-08T11:24:23-0500] Saved TCP DL results to /data/data/com.termux/files/home/storage/shared/bos_la_2024_trip/starlink/20241108/111920868/tcp_downlink_112417091.out
[2024-11-08T11:24:23-0500] DL AVG TPUT: 
[2024-11-08T11:24:23-0500] 5G booster finished at 2024-11-08 11:24:23.205 EST, duration: 6.167 s
[2024-11-08T11:24:23-0500] -------------------------------
[2024-11-08T11:24:23-0500] Waiting for 2 s...
[2024-11-08T11:24:25-0500] -------------------------------
[2024-11-08T11:24:25-0500] TCP Ping test started at 2024-11-08 11:24:25.330 EST
[2024-11-08T11:24:56-0500] Current time exceeds end time, skipping wait
[2024-11-08T11:24:56-0500] Saved TCP Ping test to /data/data/com.termux/files/home/storage/shared/bos_la_2024_trip/starlink/20241108/111920868/tcp_ping_112425370.out
[2024-11-08T11:24:56-0500] TCP Ping summary (min/avg/max/mdev) 
[2024-11-08T11:24:56-0500] TCP Ping test finished at 2024-11-08 11:24:56.485 EST, duration: 31.155 s
[2024-11-08T11:24:56-0500] -------------------------------
[2024-11-08T11:24:56-0500] Waiting for 2 s...
[2024-11-08T11:24:58-0500] -------------------------------
[2024-11-08T11:24:58-0500] Traceroute test started at 2024-11-08 11:24:58.565 EST
[2024-11-08T11:25:00-0500] Waiting for 28.544 s to reach end time
[2024-11-08T11:25:28-0500] Saved traceroute test to /data/data/com.termux/files/home/storage/shared/bos_la_2024_trip/starlink/20241108/111920868/traceroute_112458589.out
[2024-11-08T11:25:28-0500] Traceroute summary (min/avg/max/mdev) 
[2024-11-08T11:25:28-0500] Traceroute test finished at 2024-11-08 11:25:28.675 EST, duration: 30.110 s
[2024-11-08T11:25:28-0500] -------------------------------
[2024-11-08T11:25:28-0500] All tests completed, cleaning up...
[2024-11-08T11:25:28-0500] -------------------------------
[2024-11-08T11:25:36-0500] [measurement] Load environment variables from prod.env file
[2024-11-08T11:25:36-0500] Starting a network measurement, please choose a server
[2024-11-08T11:25:36-0500] 0) West Cloud: 54.176.53.206
[2024-11-08T11:25:36-0500] 1) East Cloud: 54.197.223.49
[2024-11-08T11:25:53-0500] Enter your choice (0-1): Testing starlink, server 1 (ip: 54.197.223.49, nuttcp_port: 5103, iperf_port: 5003)
[2024-11-08T11:25:53-0500] -------------------------------
[2024-11-08T11:25:53-0500] tcp downlink test started at 2024-11-08 11:25:53.876 EST
[2024-11-08T11:25:53-0500] Testing tcp downlink with 54.197.223.49:5103, interval 0.5 s, duration 120 s, timeout 121 s...
[2024-11-08T11:27:54-0500] Current time exceeds end time, skipping wait
[2024-11-08T11:27:54-0500] Saved tcp downlink test to /data/data/com.termux/files/home/storage/shared/bos_la_2024_trip/starlink/20241108/112553857/tcp_downlink_112553907.out
[2024-11-08T11:27:55-0500] DL AVG TPUT: 
[2024-11-08T11:27:55-0500] tcp downlink test finished at 2024-11-08 11:27:54.990 EST, duration: 121.114 s
[2024-11-08T11:27:55-0500] -------------------------------
[2024-11-08T11:27:55-0500] Waiting for 2 s...
[2024-11-08T11:27:57-0500] -------------------------------
[2024-11-08T11:27:57-0500] Starting 5G booster for 5 s...
[2024-11-08T11:27:57-0500] 5G booster started at 2024-11-08 11:27:57.119 EST
[2024-11-08T11:28:03-0500] Current time exceeds end time, skipping wait
[2024-11-08T11:28:03-0500] Saved TCP DL results to /data/data/com.termux/files/home/storage/shared/bos_la_2024_trip/starlink/20241108/112553857/tcp_downlink_112757151.out
[2024-11-08T11:28:03-0500] DL AVG TPUT: 
[2024-11-08T11:28:03-0500] 5G booster finished at 2024-11-08 11:28:03.233 EST, duration: 6.114 s
[2024-11-08T11:28:03-0500] -------------------------------
[2024-11-08T11:28:03-0500] Waiting for 2 s...
[2024-11-08T11:28:05-0500] -------------------------------
[2024-11-08T11:28:05-0500] tcp uplink test started at 2024-11-08 11:28:05.332 EST
[2024-11-08T11:28:05-0500] testing tcp uplink with 54.197.223.49:5103, interval 0.5, duration 120, timeout 121 ...
[2024-11-08T11:30:06-0500] Current time exceeds end time, skipping wait
[2024-11-08T11:30:06-0500] Saved uplink test to /data/data/com.termux/files/home/storage/shared/bos_la_2024_trip/starlink/20241108/112553857/tcp_uplink_112805368.out
[2024-11-08T11:30:06-0500] UL AVG TPUT: 
[2024-11-08T11:30:06-0500] tcp uplink test finished at 2024-11-08 11:30:06.435 EST, duration: 121.103 s
[2024-11-08T11:30:06-0500] -------------------------------
[2024-11-08T11:30:06-0500] Waiting for 2 s...
[2024-11-08T11:30:08-0500] -------------------------------
[2024-11-08T11:30:08-0500] Starting 5G booster for 5 s...
[2024-11-08T11:30:08-0500] 5G booster started at 2024-11-08 11:30:08.537 EST
[2024-11-08T11:30:14-0500] Current time exceeds end time, skipping wait
[2024-11-08T11:30:14-0500] Saved TCP DL results to /data/data/com.termux/files/home/storage/shared/bos_la_2024_trip/starlink/20241108/112553857/tcp_downlink_113008564.out
[2024-11-08T11:30:14-0500] DL AVG TPUT: 
[2024-11-08T11:30:14-0500] 5G booster finished at 2024-11-08 11:30:14.642 EST, duration: 6.105 s
[2024-11-08T11:30:14-0500] -------------------------------
[2024-11-08T11:30:14-0500] Waiting for 2 s...
[2024-11-08T11:30:16-0500] -------------------------------
[2024-11-08T11:30:16-0500] ICMP Ping test started at 2024-11-08 11:30:16.732 EST
[2024-11-08T11:30:46-0500] Waiting for .838 s to reach end time
[2024-11-08T11:30:47-0500] Saved ping test to /data/data/com.termux/files/home/storage/shared/bos_la_2024_trip/starlink/20241108/112553857/icmp_ping_113016800.out
[2024-11-08T11:30:47-0500] Ping summary (min/avg/max/mdev) = 29.634/48.012/137.354/19.444 ms
[2024-11-08T11:30:47-0500] Ping test finished at 2024-11-08 11:30:47.819 EST, duration: 31.087 s
[2024-11-08T11:30:47-0500] -------------------------------
[2024-11-08T11:30:47-0500] Waiting for 2 s...
[2024-11-08T11:30:49-0500] -------------------------------
[2024-11-08T11:30:49-0500] Starting 5G booster for 5 s...
[2024-11-08T11:30:49-0500] 5G booster started at 2024-11-08 11:30:49.922 EST
[2024-11-08T11:30:56-0500] Current time exceeds end time, skipping wait
[2024-11-08T11:30:56-0500] Saved TCP DL results to /data/data/com.termux/files/home/storage/shared/bos_la_2024_trip/starlink/20241108/112553857/tcp_downlink_113049951.out
[2024-11-08T11:30:56-0500] DL AVG TPUT: 
[2024-11-08T11:30:56-0500] 5G booster finished at 2024-11-08 11:30:56.065 EST, duration: 6.143 s
[2024-11-08T11:30:56-0500] -------------------------------
[2024-11-08T11:30:56-0500] Waiting for 2 s...
[2024-11-08T11:30:58-0500] -------------------------------
[2024-11-08T11:30:58-0500] TCP Ping test started at 2024-11-08 11:30:58.203 EST
[2024-11-08T11:31:29-0500] Current time exceeds end time, skipping wait
[2024-11-08T11:31:29-0500] Saved TCP Ping test to /data/data/com.termux/files/home/storage/shared/bos_la_2024_trip/starlink/20241108/112553857/tcp_ping_113058230.out
[2024-11-08T11:31:29-0500] TCP Ping summary (min/avg/max/mdev) 
[2024-11-08T11:31:29-0500] TCP Ping test finished at 2024-11-08 11:31:29.313 EST, duration: 31.110 s
[2024-11-08T11:31:29-0500] -------------------------------
[2024-11-08T11:31:29-0500] Waiting for 2 s...
[2024-11-08T11:31:31-0500] -------------------------------
[2024-11-08T11:31:31-0500] Traceroute test started at 2024-11-08 11:31:31.425 EST
[2024-11-08T11:31:33-0500] Waiting for 28.408 s to reach end time
[2024-11-08T11:32:01-0500] Saved traceroute test to /data/data/com.termux/files/home/storage/shared/bos_la_2024_trip/starlink/20241108/112553857/traceroute_113131478.out
[2024-11-08T11:32:01-0500] Traceroute summary (min/avg/max/mdev) 
[2024-11-08T11:32:01-0500] Traceroute test finished at 2024-11-08 11:32:01.504 EST, duration: 30.079 s
[2024-11-08T11:32:01-0500] -------------------------------
[2024-11-08T11:32:01-0500] All tests completed, cleaning up...
[2024-11-08T11:32:01-0500] -------------------------------
[2024-11-08T11:32:22-0500] [measurement] Load environment variables from prod.env file
[2024-11-08T11:32:22-0500] Starting a network measurement, please choose a server
[2024-11-08T11:32:22-0500] 0) West Cloud: 54.176.53.206
[2024-11-08T11:32:22-0500] 1) East Cloud: 54.197.223.49
[2024-11-08T11:32:36-0500] Enter your choice (0-1): Testing starlink, server 1 (ip: 54.197.223.49, nuttcp_port: 5103, iperf_port: 5003)
[2024-11-08T11:32:37-0500] -------------------------------
[2024-11-08T11:32:37-0500] tcp downlink test started at 2024-11-08 11:32:37.027 EST
[2024-11-08T11:32:37-0500] Testing tcp downlink with 54.197.223.49:5103, interval 0.5 s, duration 120 s, timeout 121 s...
[2024-11-08T11:34:38-0500] Current time exceeds end time, skipping wait
[2024-11-08T11:34:38-0500] Saved tcp downlink test to /data/data/com.termux/files/home/storage/shared/bos_la_2024_trip/starlink/20241108/113237005/tcp_downlink_113237061.out
[2024-11-08T11:34:38-0500] DL AVG TPUT: 
[2024-11-08T11:34:38-0500] tcp downlink test finished at 2024-11-08 11:34:38.139 EST, duration: 121.112 s
[2024-11-08T11:34:38-0500] -------------------------------
[2024-11-08T11:34:38-0500] Waiting for 2 s...
[2024-11-08T11:34:40-0500] -------------------------------
[2024-11-08T11:34:40-0500] Starting 5G booster for 5 s...
[2024-11-08T11:34:40-0500] 5G booster started at 2024-11-08 11:34:40.260 EST
[2024-11-08T11:34:46-0500] Current time exceeds end time, skipping wait
[2024-11-08T11:34:46-0500] Saved TCP DL results to /data/data/com.termux/files/home/storage/shared/bos_la_2024_trip/starlink/20241108/113237005/tcp_downlink_113440291.out
[2024-11-08T11:34:46-0500] DL AVG TPUT: 
[2024-11-08T11:34:46-0500] 5G booster finished at 2024-11-08 11:34:46.378 EST, duration: 6.118 s
[2024-11-08T11:34:46-0500] -------------------------------
[2024-11-08T11:34:46-0500] Waiting for 2 s...
[2024-11-08T11:34:48-0500] -------------------------------
[2024-11-08T11:34:48-0500] tcp uplink test started at 2024-11-08 11:34:48.485 EST
[2024-11-08T11:34:48-0500] testing tcp uplink with 54.197.223.49:5103, interval 0.5, duration 120, timeout 121 ...
[2024-11-08T11:36:49-0500] Current time exceeds end time, skipping wait
[2024-11-08T11:36:49-0500] Saved uplink test to /data/data/com.termux/files/home/storage/shared/bos_la_2024_trip/starlink/20241108/113237005/tcp_uplink_113448540.out
[2024-11-08T11:36:49-0500] UL AVG TPUT: 
[2024-11-08T11:36:49-0500] tcp uplink test finished at 2024-11-08 11:36:49.605 EST, duration: 121.120 s
[2024-11-08T11:36:49-0500] -------------------------------
[2024-11-08T11:36:49-0500] Waiting for 2 s...
[2024-11-08T11:36:51-0500] -------------------------------
[2024-11-08T11:36:51-0500] Starting 5G booster for 5 s...
[2024-11-08T11:36:51-0500] 5G booster started at 2024-11-08 11:36:51.693 EST
[2024-11-08T11:36:57-0500] Current time exceeds end time, skipping wait
[2024-11-08T11:36:57-0500] Saved TCP DL results to /data/data/com.termux/files/home/storage/shared/bos_la_2024_trip/starlink/20241108/113237005/tcp_downlink_113651726.out
[2024-11-08T11:36:57-0500] DL AVG TPUT: 
[2024-11-08T11:36:57-0500] 5G booster finished at 2024-11-08 11:36:57.804 EST, duration: 6.111 s
[2024-11-08T11:36:57-0500] -------------------------------
[2024-11-08T11:36:57-0500] Waiting for 2 s...
[2024-11-08T11:36:59-0500] -------------------------------
[2024-11-08T11:36:59-0500] ICMP Ping test started at 2024-11-08 11:36:59.908 EST
[2024-11-08T11:37:30-0500] Waiting for .927 s to reach end time
[2024-11-08T11:37:31-0500] Saved ping test to /data/data/com.termux/files/home/storage/shared/bos_la_2024_trip/starlink/20241108/113237005/icmp_ping_113659932.out
[2024-11-08T11:37:31-0500] Ping summary (min/avg/max/mdev) = 27.440/42.884/78.481/11.925 ms
[2024-11-08T11:37:31-0500] Ping test finished at 2024-11-08 11:37:31.017 EST, duration: 31.109 s
[2024-11-08T11:37:31-0500] -------------------------------
[2024-11-08T11:37:31-0500] Waiting for 2 s...
[2024-11-08T11:37:33-0500] -------------------------------
[2024-11-08T11:37:33-0500] Starting 5G booster for 5 s...
[2024-11-08T11:37:33-0500] 5G booster started at 2024-11-08 11:37:33.171 EST
[2024-11-08T11:37:39-0500] Current time exceeds end time, skipping wait
[2024-11-08T11:37:39-0500] Saved TCP DL results to /data/data/com.termux/files/home/storage/shared/bos_la_2024_trip/starlink/20241108/113237005/tcp_downlink_113733202.out
[2024-11-08T11:37:39-0500] DL AVG TPUT: 
[2024-11-08T11:37:39-0500] 5G booster finished at 2024-11-08 11:37:39.331 EST, duration: 6.160 s
[2024-11-08T11:37:39-0500] -------------------------------
[2024-11-08T11:37:39-0500] Waiting for 2 s...
[2024-11-08T11:37:41-0500] -------------------------------
[2024-11-08T11:37:41-0500] TCP Ping test started at 2024-11-08 11:37:41.416 EST
[2024-11-08T11:38:12-0500] Current time exceeds end time, skipping wait
[2024-11-08T11:38:12-0500] Saved TCP Ping test to /data/data/com.termux/files/home/storage/shared/bos_la_2024_trip/starlink/20241108/113237005/tcp_ping_113741440.out
[2024-11-08T11:38:12-0500] TCP Ping summary (min/avg/max/mdev) 
[2024-11-08T11:38:12-0500] TCP Ping test finished at 2024-11-08 11:38:12.538 EST, duration: 31.122 s
[2024-11-08T11:38:12-0500] -------------------------------
[2024-11-08T11:38:12-0500] Waiting for 2 s...
[2024-11-08T11:38:14-0500] -------------------------------
[2024-11-08T11:38:14-0500] Traceroute test started at 2024-11-08 11:38:14.645 EST
[2024-11-08T11:38:16-0500] Waiting for 28.152 s to reach end time
[2024-11-08T11:38:44-0500] Saved traceroute test to /data/data/com.termux/files/home/storage/shared/bos_la_2024_trip/starlink/20241108/113237005/traceroute_113814711.out
[2024-11-08T11:38:44-0500] Traceroute summary (min/avg/max/mdev) 
[2024-11-08T11:38:44-0500] Traceroute test finished at 2024-11-08 11:38:44.721 EST, duration: 30.076 s
[2024-11-08T11:38:44-0500] -------------------------------
[2024-11-08T11:38:44-0500] All tests completed, cleaning up...
[2024-11-08T11:38:44-0500] -------------------------------
[2024-11-08T11:39:32-0500] [measurement] Load environment variables from prod.env file
[2024-11-08T11:39:32-0500] Starting a network measurement, please choose a server
[2024-11-08T11:39:32-0500] 0) West Cloud: 54.176.53.206
[2024-11-08T11:39:32-0500] 1) East Cloud: 54.197.223.49
[2024-11-08T11:39:58-0500] Enter your choice (0-1): Testing starlink, server 1 (ip: 54.197.223.49, nuttcp_port: 5103, iperf_port: 5003)
[2024-11-08T11:39:58-0500] -------------------------------
[2024-11-08T11:39:58-0500] tcp downlink test started at 2024-11-08 11:39:58.643 EST
[2024-11-08T11:39:58-0500] Testing tcp downlink with 54.197.223.49:5103, interval 0.5 s, duration 120 s, timeout 121 s...
[2024-11-08T11:41:59-0500] Current time exceeds end time, skipping wait
[2024-11-08T11:41:59-0500] Saved tcp downlink test to /data/data/com.termux/files/home/storage/shared/bos_la_2024_trip/starlink/20241108/113958625/tcp_downlink_113958666.out
[2024-11-08T11:41:59-0500] DL AVG TPUT: 
[2024-11-08T11:41:59-0500] tcp downlink test finished at 2024-11-08 11:41:59.738 EST, duration: 121.095 s
[2024-11-08T11:41:59-0500] -------------------------------
[2024-11-08T11:41:59-0500] Waiting for 2 s...
[2024-11-08T11:42:01-0500] -------------------------------
[2024-11-08T11:42:01-0500] Starting 5G booster for 5 s...
[2024-11-08T11:42:01-0500] 5G booster started at 2024-11-08 11:42:01.827 EST
[2024-11-08T11:42:07-0500] Current time exceeds end time, skipping wait
[2024-11-08T11:42:07-0500] Saved TCP DL results to /data/data/com.termux/files/home/storage/shared/bos_la_2024_trip/starlink/20241108/113958625/tcp_downlink_114201851.out
[2024-11-08T11:42:07-0500] DL AVG TPUT: 
[2024-11-08T11:42:07-0500] 5G booster finished at 2024-11-08 11:42:07.922 EST, duration: 6.095 s
[2024-11-08T11:42:07-0500] -------------------------------
[2024-11-08T11:42:07-0500] Waiting for 2 s...
[2024-11-08T11:42:10-0500] -------------------------------
[2024-11-08T11:42:10-0500] tcp uplink test started at 2024-11-08 11:42:10.027 EST
[2024-11-08T11:42:10-0500] testing tcp uplink with 54.197.223.49:5103, interval 0.5, duration 120, timeout 121 ...
[2024-11-08T11:44:11-0500] Current time exceeds end time, skipping wait
[2024-11-08T11:44:11-0500] Saved uplink test to /data/data/com.termux/files/home/storage/shared/bos_la_2024_trip/starlink/20241108/113958625/tcp_uplink_114210059.out
[2024-11-08T11:44:11-0500] UL AVG TPUT: 
[2024-11-08T11:44:11-0500] tcp uplink test finished at 2024-11-08 11:44:11.162 EST, duration: 121.135 s
[2024-11-08T11:44:11-0500] -------------------------------
[2024-11-08T11:44:11-0500] Waiting for 2 s...
[2024-11-08T11:44:13-0500] -------------------------------
[2024-11-08T11:44:13-0500] Starting 5G booster for 5 s...
[2024-11-08T11:44:13-0500] 5G booster started at 2024-11-08 11:44:13.252 EST
[2024-11-08T11:44:19-0500] Current time exceeds end time, skipping wait
[2024-11-08T11:44:19-0500] Saved TCP DL results to /data/data/com.termux/files/home/storage/shared/bos_la_2024_trip/starlink/20241108/113958625/tcp_downlink_114413292.out
[2024-11-08T11:44:19-0500] DL AVG TPUT: 
[2024-11-08T11:44:19-0500] 5G booster finished at 2024-11-08 11:44:19.419 EST, duration: 6.167 s
[2024-11-08T11:44:19-0500] -------------------------------
[2024-11-08T11:44:19-0500] Waiting for 2 s...
[2024-11-08T11:44:21-0500] -------------------------------
[2024-11-08T11:44:21-0500] ICMP Ping test started at 2024-11-08 11:44:21.532 EST
[2024-11-08T11:44:51-0500] Waiting for .916 s to reach end time
[2024-11-08T11:44:52-0500] Saved ping test to /data/data/com.termux/files/home/storage/shared/bos_la_2024_trip/starlink/20241108/113958625/icmp_ping_114421558.out
[2024-11-08T11:44:52-0500] Ping summary (min/avg/max/mdev) = 23.490/40.977/159.026/16.546 ms
[2024-11-08T11:44:52-0500] Ping test finished at 2024-11-08 11:44:52.687 EST, duration: 31.155 s
[2024-11-08T11:44:52-0500] -------------------------------
[2024-11-08T11:44:52-0500] Waiting for 2 s...
[2024-11-08T11:44:54-0500] -------------------------------
[2024-11-08T11:44:54-0500] Starting 5G booster for 5 s...
[2024-11-08T11:44:54-0500] 5G booster started at 2024-11-08 11:44:54.810 EST
[2024-11-08T11:45:00-0500] Current time exceeds end time, skipping wait
[2024-11-08T11:45:00-0500] Saved TCP DL results to /data/data/com.termux/files/home/storage/shared/bos_la_2024_trip/starlink/20241108/113958625/tcp_downlink_114454837.out
[2024-11-08T11:45:00-0500] DL AVG TPUT: 
[2024-11-08T11:45:00-0500] 5G booster finished at 2024-11-08 11:45:00.903 EST, duration: 6.093 s
[2024-11-08T11:45:00-0500] -------------------------------
[2024-11-08T11:45:00-0500] Waiting for 2 s...
[2024-11-08T11:45:02-0500] -------------------------------
[2024-11-08T11:45:03-0500] TCP Ping test started at 2024-11-08 11:45:03.003 EST
[2024-11-08T11:45:34-0500] Current time exceeds end time, skipping wait
[2024-11-08T11:45:34-0500] Saved TCP Ping test to /data/data/com.termux/files/home/storage/shared/bos_la_2024_trip/starlink/20241108/113958625/tcp_ping_114503037.out
[2024-11-08T11:45:34-0500] TCP Ping summary (min/avg/max/mdev) 
[2024-11-08T11:45:34-0500] TCP Ping test finished at 2024-11-08 11:45:34.176 EST, duration: 31.173 s
[2024-11-08T11:45:34-0500] -------------------------------
[2024-11-08T11:45:34-0500] Waiting for 2 s...
[2024-11-08T11:45:36-0500] -------------------------------
[2024-11-08T11:45:36-0500] Traceroute test started at 2024-11-08 11:45:36.284 EST
[2024-11-08T11:45:37-0500] Waiting for 28.830 s to reach end time
[2024-11-08T11:46:06-0500] Saved traceroute test to /data/data/com.termux/files/home/storage/shared/bos_la_2024_trip/starlink/20241108/113958625/traceroute_114536312.out
[2024-11-08T11:46:06-0500] Traceroute summary (min/avg/max/mdev) 
[2024-11-08T11:46:06-0500] Traceroute test finished at 2024-11-08 11:46:06.363 EST, duration: 30.079 s
[2024-11-08T11:46:06-0500] -------------------------------
[2024-11-08T11:46:06-0500] All tests completed, cleaning up...
[2024-11-08T11:46:06-0500] -------------------------------
[2024-11-08T11:47:36-0500] [measurement] Load environment variables from prod.env file
[2024-11-08T11:47:36-0500] Starting a network measurement, please choose a server
[2024-11-08T11:47:36-0500] 0) West Cloud: 54.176.53.206
[2024-11-08T11:47:36-0500] 1) East Cloud: 54.197.223.49
[2024-11-08T11:48:04-0500] Enter your choice (0-1): Testing starlink, server 1 (ip: 54.197.223.49, nuttcp_port: 5103, iperf_port: 5003)
[2024-11-08T11:48:04-0500] -------------------------------
[2024-11-08T11:48:04-0500] tcp downlink test started at 2024-11-08 11:48:04.709 EST
[2024-11-08T11:48:04-0500] Testing tcp downlink with 54.197.223.49:5103, interval 0.5 s, duration 120 s, timeout 121 s...
[2024-11-08T11:50:05-0500] Current time exceeds end time, skipping wait
[2024-11-08T11:50:05-0500] Saved tcp downlink test to /data/data/com.termux/files/home/storage/shared/bos_la_2024_trip/starlink/20241108/114804690/tcp_downlink_114804743.out
[2024-11-08T11:50:05-0500] DL AVG TPUT: 
[2024-11-08T11:50:05-0500] tcp downlink test finished at 2024-11-08 11:50:05.805 EST, duration: 121.096 s
[2024-11-08T11:50:05-0500] -------------------------------
[2024-11-08T11:50:05-0500] Waiting for 2 s...
[2024-11-08T11:50:07-0500] -------------------------------
[2024-11-08T11:50:07-0500] Starting 5G booster for 5 s...
[2024-11-08T11:50:07-0500] 5G booster started at 2024-11-08 11:50:07.919 EST
[2024-11-08T11:50:14-0500] Current time exceeds end time, skipping wait
[2024-11-08T11:50:14-0500] Saved TCP DL results to /data/data/com.termux/files/home/storage/shared/bos_la_2024_trip/starlink/20241108/114804690/tcp_downlink_115007947.out
[2024-11-08T11:50:14-0500] DL AVG TPUT: 
[2024-11-08T11:50:14-0500] 5G booster finished at 2024-11-08 11:50:14.059 EST, duration: 6.140 s
[2024-11-08T11:50:14-0500] -------------------------------
[2024-11-08T11:50:14-0500] Waiting for 2 s...
[2024-11-08T11:50:16-0500] -------------------------------
[2024-11-08T11:50:16-0500] tcp uplink test started at 2024-11-08 11:50:16.147 EST
[2024-11-08T11:50:16-0500] testing tcp uplink with 54.197.223.49:5103, interval 0.5, duration 120, timeout 121 ...
[2024-11-08T11:52:17-0500] Waiting for .121 s to reach end time
[2024-11-08T11:52:17-0500] Saved uplink test to /data/data/com.termux/files/home/storage/shared/bos_la_2024_trip/starlink/20241108/114804690/tcp_uplink_115016187.out
[2024-11-08T11:52:17-0500] UL AVG TPUT: 12.5989 Mbps
[2024-11-08T11:52:17-0500] tcp uplink test finished at 2024-11-08 11:52:17.210 EST, duration: 121.063 s
[2024-11-08T11:52:17-0500] -------------------------------
[2024-11-08T11:52:17-0500] Waiting for 2 s...
[2024-11-08T11:52:19-0500] -------------------------------
[2024-11-08T11:52:19-0500] Starting 5G booster for 5 s...
[2024-11-08T11:52:19-0500] 5G booster started at 2024-11-08 11:52:19.322 EST
[2024-11-08T11:52:25-0500] Current time exceeds end time, skipping wait
[2024-11-08T11:52:25-0500] Saved TCP DL results to /data/data/com.termux/files/home/storage/shared/bos_la_2024_trip/starlink/20241108/114804690/tcp_downlink_115219354.out
[2024-11-08T11:52:25-0500] DL AVG TPUT: 
[2024-11-08T11:52:25-0500] 5G booster finished at 2024-11-08 11:52:25.417 EST, duration: 6.095 s
[2024-11-08T11:52:25-0500] -------------------------------
[2024-11-08T11:52:25-0500] Waiting for 2 s...
[2024-11-08T11:52:27-0500] -------------------------------
[2024-11-08T11:52:27-0500] ICMP Ping test started at 2024-11-08 11:52:27.542 EST
[2024-11-08T11:52:57-0500] Waiting for .871 s to reach end time
[2024-11-08T11:52:58-0500] Saved ping test to /data/data/com.termux/files/home/storage/shared/bos_la_2024_trip/starlink/20241108/114804690/icmp_ping_115227572.out
[2024-11-08T11:52:58-0500] Ping summary (min/avg/max/mdev) = 26.046/38.786/131.099/16.011 ms
[2024-11-08T11:52:58-0500] Ping test finished at 2024-11-08 11:52:58.635 EST, duration: 31.093 s
[2024-11-08T11:52:58-0500] -------------------------------
[2024-11-08T11:52:58-0500] Waiting for 2 s...
[2024-11-08T11:53:00-0500] -------------------------------
[2024-11-08T11:53:00-0500] Starting 5G booster for 5 s...
[2024-11-08T11:53:00-0500] 5G booster started at 2024-11-08 11:53:00.758 EST
[2024-11-08T11:53:06-0500] Current time exceeds end time, skipping wait
[2024-11-08T11:53:06-0500] Saved TCP DL results to /data/data/com.termux/files/home/storage/shared/bos_la_2024_trip/starlink/20241108/114804690/tcp_downlink_115300811.out
[2024-11-08T11:53:06-0500] DL AVG TPUT: 
[2024-11-08T11:53:06-0500] 5G booster finished at 2024-11-08 11:53:06.868 EST, duration: 6.110 s
[2024-11-08T11:53:06-0500] -------------------------------
[2024-11-08T11:53:06-0500] Waiting for 2 s...
[2024-11-08T11:53:08-0500] -------------------------------
[2024-11-08T11:53:09-0500] TCP Ping test started at 2024-11-08 11:53:08.995 EST
[2024-11-08T11:53:40-0500] Current time exceeds end time, skipping wait
[2024-11-08T11:53:40-0500] Saved TCP Ping test to /data/data/com.termux/files/home/storage/shared/bos_la_2024_trip/starlink/20241108/114804690/tcp_ping_115309026.out
[2024-11-08T11:53:40-0500] TCP Ping summary (min/avg/max/mdev) 
[2024-11-08T11:53:40-0500] TCP Ping test finished at 2024-11-08 11:53:40.136 EST, duration: 31.141 s
[2024-11-08T11:53:40-0500] -------------------------------
[2024-11-08T11:53:40-0500] Waiting for 2 s...
[2024-11-08T11:53:42-0500] -------------------------------
[2024-11-08T11:53:42-0500] Traceroute test started at 2024-11-08 11:53:42.232 EST
[2024-11-08T11:53:43-0500] Waiting for 28.761 s to reach end time
[2024-11-08T11:54:12-0500] Saved traceroute test to /data/data/com.termux/files/home/storage/shared/bos_la_2024_trip/starlink/20241108/114804690/traceroute_115342256.out
[2024-11-08T11:54:12-0500] Traceroute summary (min/avg/max/mdev) 
[2024-11-08T11:54:12-0500] Traceroute test finished at 2024-11-08 11:54:12.330 EST, duration: 30.098 s
[2024-11-08T11:54:12-0500] -------------------------------
[2024-11-08T11:54:12-0500] All tests completed, cleaning up...
[2024-11-08T11:54:12-0500] -------------------------------
[2024-11-08T11:55:02-0500] [measurement] Load environment variables from prod.env file
[2024-11-08T11:55:02-0500] Starting a network measurement, please choose a server
[2024-11-08T11:55:02-0500] 0) West Cloud: 54.176.53.206
[2024-11-08T11:55:02-0500] 1) East Cloud: 54.197.223.49
[2024-11-08T11:55:29-0500] Enter your choice (0-1): Testing starlink, server 1 (ip: 54.197.223.49, nuttcp_port: 5103, iperf_port: 5003)
[2024-11-08T11:55:29-0500] -------------------------------
[2024-11-08T11:55:30-0500] tcp downlink test started at 2024-11-08 11:55:30.001 EST
[2024-11-08T11:55:30-0500] Testing tcp downlink with 54.197.223.49:5103, interval 0.5 s, duration 120 s, timeout 121 s...
[2024-11-08T11:57:31-0500] Current time exceeds end time, skipping wait
[2024-11-08T11:57:31-0500] Saved tcp downlink test to /data/data/com.termux/files/home/storage/shared/bos_la_2024_trip/starlink/20241108/115529983/tcp_downlink_115530026.out
[2024-11-08T11:57:31-0500] DL AVG TPUT: 
[2024-11-08T11:57:31-0500] tcp downlink test finished at 2024-11-08 11:57:31.115 EST, duration: 121.114 s
[2024-11-08T11:57:31-0500] -------------------------------
[2024-11-08T11:57:31-0500] Waiting for 2 s...
[2024-11-08T11:57:33-0500] -------------------------------
[2024-11-08T11:57:33-0500] Starting 5G booster for 5 s...
[2024-11-08T11:57:33-0500] 5G booster started at 2024-11-08 11:57:33.218 EST
[2024-11-08T11:57:39-0500] Current time exceeds end time, skipping wait
[2024-11-08T11:57:39-0500] Saved TCP DL results to /data/data/com.termux/files/home/storage/shared/bos_la_2024_trip/starlink/20241108/115529983/tcp_downlink_115733247.out
[2024-11-08T11:57:39-0500] DL AVG TPUT: 
[2024-11-08T11:57:39-0500] 5G booster finished at 2024-11-08 11:57:39.323 EST, duration: 6.105 s
[2024-11-08T11:57:39-0500] -------------------------------
[2024-11-08T11:57:39-0500] Waiting for 2 s...
[2024-11-08T11:57:41-0500] -------------------------------
[2024-11-08T11:57:41-0500] tcp uplink test started at 2024-11-08 11:57:41.415 EST
[2024-11-08T11:57:41-0500] testing tcp uplink with 54.197.223.49:5103, interval 0.5, duration 120, timeout 121 ...
[2024-11-08T11:59:42-0500] Current time exceeds end time, skipping wait
[2024-11-08T11:59:42-0500] Saved uplink test to /data/data/com.termux/files/home/storage/shared/bos_la_2024_trip/starlink/20241108/115529983/tcp_uplink_115741438.out
[2024-11-08T11:59:42-0500] UL AVG TPUT: 
[2024-11-08T11:59:42-0500] tcp uplink test finished at 2024-11-08 11:59:42.508 EST, duration: 121.093 s
[2024-11-08T11:59:42-0500] -------------------------------
[2024-11-08T11:59:42-0500] Waiting for 2 s...
[2024-11-08T11:59:44-0500] -------------------------------
[2024-11-08T11:59:44-0500] Starting 5G booster for 5 s...
[2024-11-08T11:59:44-0500] 5G booster started at 2024-11-08 11:59:44.606 EST
[2024-11-08T11:59:50-0500] Current time exceeds end time, skipping wait
[2024-11-08T11:59:50-0500] Saved TCP DL results to /data/data/com.termux/files/home/storage/shared/bos_la_2024_trip/starlink/20241108/115529983/tcp_downlink_115944632.out
[2024-11-08T11:59:50-0500] DL AVG TPUT: 
[2024-11-08T11:59:50-0500] 5G booster finished at 2024-11-08 11:59:50.718 EST, duration: 6.112 s
[2024-11-08T11:59:50-0500] -------------------------------
[2024-11-08T11:59:50-0500] Waiting for 2 s...
[2024-11-08T11:59:52-0500] -------------------------------
[2024-11-08T11:59:52-0500] ICMP Ping test started at 2024-11-08 11:59:52.818 EST
[2024-11-08T12:00:22-0500] Waiting for .887 s to reach end time
[2024-11-08T12:00:23-0500] Saved ping test to /data/data/com.termux/files/home/storage/shared/bos_la_2024_trip/starlink/20241108/115529983/icmp_ping_115952846.out
[2024-11-08T12:00:23-0500] Ping summary (min/avg/max/mdev) = 26.617/48.675/115.398/17.248 ms
[2024-11-08T12:00:23-0500] Ping test finished at 2024-11-08 12:00:23.906 EST, duration: 31.088 s
[2024-11-08T12:00:23-0500] -------------------------------
[2024-11-08T12:00:23-0500] Waiting for 2 s...
[2024-11-08T12:00:25-0500] -------------------------------
[2024-11-08T12:00:25-0500] Starting 5G booster for 5 s...
[2024-11-08T12:00:26-0500] 5G booster started at 2024-11-08 12:00:25.994 EST
[2024-11-08T12:00:32-0500] Current time exceeds end time, skipping wait
[2024-11-08T12:00:32-0500] Saved TCP DL results to /data/data/com.termux/files/home/storage/shared/bos_la_2024_trip/starlink/20241108/115529983/tcp_downlink_120026016.out
[2024-11-08T12:00:32-0500] DL AVG TPUT: 
[2024-11-08T12:00:32-0500] 5G booster finished at 2024-11-08 12:00:32.136 EST, duration: 6.142 s
[2024-11-08T12:00:32-0500] -------------------------------
[2024-11-08T12:00:32-0500] Waiting for 2 s...
[2024-11-08T12:00:34-0500] -------------------------------
[2024-11-08T12:00:34-0500] TCP Ping test started at 2024-11-08 12:00:34.275 EST
[2024-11-08T12:01:05-0500] Current time exceeds end time, skipping wait
[2024-11-08T12:01:05-0500] Saved TCP Ping test to /data/data/com.termux/files/home/storage/shared/bos_la_2024_trip/starlink/20241108/115529983/tcp_ping_120034306.out
[2024-11-08T12:01:05-0500] TCP Ping summary (min/avg/max/mdev) 
[2024-11-08T12:01:05-0500] TCP Ping test finished at 2024-11-08 12:01:05.389 EST, duration: 31.114 s
[2024-11-08T12:01:05-0500] -------------------------------
[2024-11-08T12:01:05-0500] Waiting for 2 s...
[2024-11-08T12:01:07-0500] -------------------------------
[2024-11-08T12:01:07-0500] Traceroute test started at 2024-11-08 12:01:07.479 EST
[2024-11-08T12:01:09-0500] Waiting for 27.692 s to reach end time
[2024-11-08T12:01:37-0500] Saved traceroute test to /data/data/com.termux/files/home/storage/shared/bos_la_2024_trip/starlink/20241108/115529983/traceroute_120107518.out
[2024-11-08T12:01:37-0500] Traceroute summary (min/avg/max/mdev) 
[2024-11-08T12:01:37-0500] Traceroute test finished at 2024-11-08 12:01:37.556 EST, duration: 30.077 s
[2024-11-08T12:01:37-0500] -------------------------------
[2024-11-08T12:01:37-0500] All tests completed, cleaning up...
[2024-11-08T12:01:37-0500] -------------------------------
[2024-11-08T12:02:13-0500] [measurement] Load environment variables from prod.env file
[2024-11-08T12:02:13-0500] Starting a network measurement, please choose a server
[2024-11-08T12:02:13-0500] 0) West Cloud: 54.176.53.206
[2024-11-08T12:02:13-0500] 1) East Cloud: 54.197.223.49
[2024-11-08T12:02:56-0500] Enter your choice (0-1): Testing starlink, server 1 (ip: 54.197.223.49, nuttcp_port: 5103, iperf_port: 5003)
[2024-11-08T12:02:56-0500] -------------------------------
[2024-11-08T12:02:56-0500] tcp downlink test started at 2024-11-08 12:02:56.803 EST
[2024-11-08T12:02:56-0500] Testing tcp downlink with 54.197.223.49:5103, interval 0.5 s, duration 120 s, timeout 121 s...
[2024-11-08T12:04:57-0500] Current time exceeds end time, skipping wait
[2024-11-08T12:04:57-0500] Saved tcp downlink test to /data/data/com.termux/files/home/storage/shared/bos_la_2024_trip/starlink/20241108/120256780/tcp_downlink_120256831.out
[2024-11-08T12:04:57-0500] DL AVG TPUT: 
[2024-11-08T12:04:58-0500] tcp downlink test finished at 2024-11-08 12:04:57.922 EST, duration: 121.119 s
[2024-11-08T12:04:58-0500] -------------------------------
[2024-11-08T12:04:58-0500] Waiting for 2 s...
[2024-11-08T12:05:00-0500] -------------------------------
[2024-11-08T12:05:00-0500] Starting 5G booster for 5 s...
[2024-11-08T12:05:00-0500] 5G booster started at 2024-11-08 12:05:00.041 EST
[2024-11-08T12:05:06-0500] Current time exceeds end time, skipping wait
[2024-11-08T12:05:06-0500] Saved TCP DL results to /data/data/com.termux/files/home/storage/shared/bos_la_2024_trip/starlink/20241108/120256780/tcp_downlink_120500094.out
[2024-11-08T12:05:06-0500] DL AVG TPUT: 
[2024-11-08T12:05:06-0500] 5G booster finished at 2024-11-08 12:05:06.195 EST, duration: 6.154 s
[2024-11-08T12:05:06-0500] -------------------------------
[2024-11-08T12:05:06-0500] Waiting for 2 s...
[2024-11-08T12:05:08-0500] -------------------------------
[2024-11-08T12:05:08-0500] tcp uplink test started at 2024-11-08 12:05:08.306 EST
[2024-11-08T12:05:08-0500] testing tcp uplink with 54.197.223.49:5103, interval 0.5, duration 120, timeout 121 ...
[2024-11-08T12:07:09-0500] Current time exceeds end time, skipping wait
[2024-11-08T12:07:09-0500] Saved uplink test to /data/data/com.termux/files/home/storage/shared/bos_la_2024_trip/starlink/20241108/120256780/tcp_uplink_120508335.out
[2024-11-08T12:07:09-0500] UL AVG TPUT: 
[2024-11-08T12:07:09-0500] tcp uplink test finished at 2024-11-08 12:07:09.405 EST, duration: 121.099 s
[2024-11-08T12:07:09-0500] -------------------------------
[2024-11-08T12:07:09-0500] Waiting for 2 s...
[2024-11-08T12:07:11-0500] -------------------------------
[2024-11-08T12:07:11-0500] Starting 5G booster for 5 s...
[2024-11-08T12:07:11-0500] 5G booster started at 2024-11-08 12:07:11.525 EST
[2024-11-08T12:07:17-0500] Current time exceeds end time, skipping wait
[2024-11-08T12:07:17-0500] Saved TCP DL results to /data/data/com.termux/files/home/storage/shared/bos_la_2024_trip/starlink/20241108/120256780/tcp_downlink_120711553.out
[2024-11-08T12:07:17-0500] DL AVG TPUT: 
[2024-11-08T12:07:17-0500] 5G booster finished at 2024-11-08 12:07:17.625 EST, duration: 6.100 s
[2024-11-08T12:07:17-0500] -------------------------------
[2024-11-08T12:07:17-0500] Waiting for 2 s...
[2024-11-08T12:07:19-0500] -------------------------------
[2024-11-08T12:07:19-0500] ICMP Ping test started at 2024-11-08 12:07:19.725 EST
[2024-11-08T12:07:49-0500] Waiting for .896 s to reach end time
[2024-11-08T12:07:50-0500] Saved ping test to /data/data/com.termux/files/home/storage/shared/bos_la_2024_trip/starlink/20241108/120256780/icmp_ping_120719775.out
[2024-11-08T12:07:50-0500] Ping summary (min/avg/max/mdev) = 22.263/44.973/141.793/20.143 ms
[2024-11-08T12:07:50-0500] Ping test finished at 2024-11-08 12:07:50.803 EST, duration: 31.078 s
[2024-11-08T12:07:50-0500] -------------------------------
[2024-11-08T12:07:50-0500] Waiting for 2 s...
[2024-11-08T12:07:52-0500] -------------------------------
[2024-11-08T12:07:52-0500] Starting 5G booster for 5 s...
[2024-11-08T12:07:52-0500] 5G booster started at 2024-11-08 12:07:52.929 EST
[2024-11-08T12:07:59-0500] Current time exceeds end time, skipping wait
[2024-11-08T12:07:59-0500] Saved TCP DL results to /data/data/com.termux/files/home/storage/shared/bos_la_2024_trip/starlink/20241108/120256780/tcp_downlink_120752959.out
[2024-11-08T12:07:59-0500] DL AVG TPUT: 
[2024-11-08T12:07:59-0500] 5G booster finished at 2024-11-08 12:07:59.033 EST, duration: 6.104 s
[2024-11-08T12:07:59-0500] -------------------------------
[2024-11-08T12:07:59-0500] Waiting for 2 s...
[2024-11-08T12:08:01-0500] -------------------------------
[2024-11-08T12:08:01-0500] TCP Ping test started at 2024-11-08 12:08:01.166 EST
[2024-11-08T12:08:32-0500] Current time exceeds end time, skipping wait
[2024-11-08T12:08:32-0500] Saved TCP Ping test to /data/data/com.termux/files/home/storage/shared/bos_la_2024_trip/starlink/20241108/120256780/tcp_ping_120801197.out
[2024-11-08T12:08:32-0500] TCP Ping summary (min/avg/max/mdev) 
[2024-11-08T12:08:32-0500] TCP Ping test finished at 2024-11-08 12:08:32.288 EST, duration: 31.122 s
[2024-11-08T12:08:32-0500] -------------------------------
[2024-11-08T12:08:32-0500] Waiting for 2 s...
[2024-11-08T12:08:34-0500] -------------------------------
[2024-11-08T12:08:34-0500] Traceroute test started at 2024-11-08 12:08:34.387 EST
[2024-11-08T12:08:36-0500] Waiting for 28.181 s to reach end time
[2024-11-08T12:09:04-0500] Saved traceroute test to /data/data/com.termux/files/home/storage/shared/bos_la_2024_trip/starlink/20241108/120256780/traceroute_120834415.out
[2024-11-08T12:09:04-0500] Traceroute summary (min/avg/max/mdev) 
[2024-11-08T12:09:04-0500] Traceroute test finished at 2024-11-08 12:09:04.481 EST, duration: 30.094 s
[2024-11-08T12:09:04-0500] -------------------------------
[2024-11-08T12:09:04-0500] All tests completed, cleaning up...
[2024-11-08T12:09:04-0500] -------------------------------
[2024-11-08T12:09:42-0500] [measurement] Load environment variables from prod.env file
[2024-11-08T12:09:42-0500] Starting a network measurement, please choose a server
[2024-11-08T12:09:42-0500] 0) West Cloud: 54.176.53.206
[2024-11-08T12:09:42-0500] 1) East Cloud: 54.197.223.49
[2024-11-08T12:09:49-0500] Enter your choice (0-1): Testing starlink, server 1 (ip: 54.197.223.49, nuttcp_port: 5103, iperf_port: 5003)
[2024-11-08T12:09:49-0500] -------------------------------
[2024-11-08T12:09:49-0500] tcp downlink test started at 2024-11-08 12:09:49.634 EST
[2024-11-08T12:09:49-0500] Testing tcp downlink with 54.197.223.49:5103, interval 0.5 s, duration 120 s, timeout 121 s...
[2024-11-08T12:11:50-0500] Current time exceeds end time, skipping wait
[2024-11-08T12:11:50-0500] Saved tcp downlink test to /data/data/com.termux/files/home/storage/shared/bos_la_2024_trip/starlink/20241108/120949612/tcp_downlink_120949660.out
[2024-11-08T12:11:50-0500] DL AVG TPUT: 
[2024-11-08T12:11:50-0500] tcp downlink test finished at 2024-11-08 12:11:50.754 EST, duration: 121.120 s
[2024-11-08T12:11:50-0500] -------------------------------
[2024-11-08T12:11:50-0500] Waiting for 2 s...
[2024-11-08T12:11:52-0500] -------------------------------
[2024-11-08T12:11:52-0500] Starting 5G booster for 5 s...
[2024-11-08T12:11:52-0500] 5G booster started at 2024-11-08 12:11:52.857 EST
[2024-11-08T12:11:58-0500] Current time exceeds end time, skipping wait
[2024-11-08T12:11:58-0500] Saved TCP DL results to /data/data/com.termux/files/home/storage/shared/bos_la_2024_trip/starlink/20241108/120949612/tcp_downlink_121152907.out
[2024-11-08T12:11:59-0500] DL AVG TPUT: 
[2024-11-08T12:11:59-0500] 5G booster finished at 2024-11-08 12:11:58.987 EST, duration: 6.130 s
[2024-11-08T12:11:59-0500] -------------------------------
[2024-11-08T12:11:59-0500] Waiting for 2 s...
[2024-11-08T12:12:01-0500] -------------------------------
[2024-11-08T12:12:01-0500] tcp uplink test started at 2024-11-08 12:12:01.090 EST
[2024-11-08T12:12:01-0500] testing tcp uplink with 54.197.223.49:5103, interval 0.5, duration 120, timeout 121 ...
[2024-11-08T12:14:02-0500] Current time exceeds end time, skipping wait
[2024-11-08T12:14:02-0500] Saved uplink test to /data/data/com.termux/files/home/storage/shared/bos_la_2024_trip/starlink/20241108/120949612/tcp_uplink_121201119.out
[2024-11-08T12:14:02-0500] UL AVG TPUT: 10.2981 Mbps
[2024-11-08T12:14:02-0500] tcp uplink test finished at 2024-11-08 12:14:02.170 EST, duration: 121.080 s
[2024-11-08T12:14:02-0500] -------------------------------
[2024-11-08T12:14:02-0500] Waiting for 2 s...
[2024-11-08T12:14:04-0500] -------------------------------
[2024-11-08T12:14:04-0500] Starting 5G booster for 5 s...
[2024-11-08T12:14:04-0500] 5G booster started at 2024-11-08 12:14:04.279 EST
[2024-11-08T12:14:10-0500] Current time exceeds end time, skipping wait
[2024-11-08T12:14:10-0500] Saved TCP DL results to /data/data/com.termux/files/home/storage/shared/bos_la_2024_trip/starlink/20241108/120949612/tcp_downlink_121404330.out
[2024-11-08T12:14:10-0500] DL AVG TPUT: 
[2024-11-08T12:14:10-0500] 5G booster finished at 2024-11-08 12:14:10.413 EST, duration: 6.134 s
[2024-11-08T12:14:10-0500] -------------------------------
[2024-11-08T12:14:10-0500] Waiting for 2 s...
[2024-11-08T12:14:12-0500] -------------------------------
[2024-11-08T12:14:12-0500] ICMP Ping test started at 2024-11-08 12:14:12.504 EST
[2024-11-08T12:14:42-0500] Waiting for .899 s to reach end time
[2024-11-08T12:14:43-0500] Saved ping test to /data/data/com.termux/files/home/storage/shared/bos_la_2024_trip/starlink/20241108/120949612/icmp_ping_121412536.out
[2024-11-08T12:14:43-0500] Ping summary (min/avg/max/mdev) = 26.485/50.461/162.601/17.039 ms
[2024-11-08T12:14:43-0500] Ping test finished at 2024-11-08 12:14:43.647 EST, duration: 31.143 s
[2024-11-08T12:14:43-0500] -------------------------------
[2024-11-08T12:14:43-0500] Waiting for 2 s...
[2024-11-08T12:14:45-0500] -------------------------------
[2024-11-08T12:14:45-0500] Starting 5G booster for 5 s...
[2024-11-08T12:14:45-0500] 5G booster started at 2024-11-08 12:14:45.768 EST
[2024-11-08T12:14:51-0500] Current time exceeds end time, skipping wait
[2024-11-08T12:14:51-0500] Saved TCP DL results to /data/data/com.termux/files/home/storage/shared/bos_la_2024_trip/starlink/20241108/120949612/tcp_downlink_121445824.out
[2024-11-08T12:14:51-0500] DL AVG TPUT: 
[2024-11-08T12:14:51-0500] 5G booster finished at 2024-11-08 12:14:51.926 EST, duration: 6.158 s
[2024-11-08T12:14:51-0500] -------------------------------
[2024-11-08T12:14:51-0500] Waiting for 2 s...
[2024-11-08T12:14:54-0500] -------------------------------
[2024-11-08T12:14:54-0500] TCP Ping test started at 2024-11-08 12:14:54.028 EST
[2024-11-08T12:15:25-0500] Current time exceeds end time, skipping wait
[2024-11-08T12:15:25-0500] Saved TCP Ping test to /data/data/com.termux/files/home/storage/shared/bos_la_2024_trip/starlink/20241108/120949612/tcp_ping_121454079.out
[2024-11-08T12:15:25-0500] TCP Ping summary (min/avg/max/mdev) 
[2024-11-08T12:15:25-0500] TCP Ping test finished at 2024-11-08 12:15:25.179 EST, duration: 31.151 s
[2024-11-08T12:15:25-0500] -------------------------------
[2024-11-08T12:15:25-0500] Waiting for 2 s...
[2024-11-08T12:15:27-0500] -------------------------------
[2024-11-08T12:15:27-0500] Traceroute test started at 2024-11-08 12:15:27.272 EST
[2024-11-08T12:15:28-0500] Waiting for 28.648 s to reach end time
[2024-11-08T12:15:57-0500] Saved traceroute test to /data/data/com.termux/files/home/storage/shared/bos_la_2024_trip/starlink/20241108/120949612/traceroute_121527297.out
[2024-11-08T12:15:57-0500] Traceroute summary (min/avg/max/mdev) 
[2024-11-08T12:15:57-0500] Traceroute test finished at 2024-11-08 12:15:57.342 EST, duration: 30.070 s
[2024-11-08T12:15:57-0500] -------------------------------
[2024-11-08T12:15:57-0500] All tests completed, cleaning up...
[2024-11-08T12:15:57-0500] -------------------------------
[2024-11-08T12:16:19-0500] [measurement] Load environment variables from prod.env file
[2024-11-08T12:16:19-0500] Starting a network measurement, please choose a server
[2024-11-08T12:16:19-0500] 0) West Cloud: 54.176.53.206
[2024-11-08T12:16:19-0500] 1) East Cloud: 54.197.223.49
[2024-11-08T12:16:25-0500] Enter your choice (0-1): Testing starlink, server 1 (ip: 54.197.223.49, nuttcp_port: 5103, iperf_port: 5003)
[2024-11-08T12:16:25-0500] -------------------------------
[2024-11-08T12:16:25-0500] tcp downlink test started at 2024-11-08 12:16:25.386 EST
[2024-11-08T12:16:25-0500] Testing tcp downlink with 54.197.223.49:5103, interval 0.5 s, duration 120 s, timeout 121 s...
[2024-11-08T12:18:26-0500] Current time exceeds end time, skipping wait
[2024-11-08T12:18:26-0500] Saved tcp downlink test to /data/data/com.termux/files/home/storage/shared/bos_la_2024_trip/starlink/20241108/121625370/tcp_downlink_121625410.out
[2024-11-08T12:18:26-0500] DL AVG TPUT: 
[2024-11-08T12:18:26-0500] tcp downlink test finished at 2024-11-08 12:18:26.502 EST, duration: 121.116 s
[2024-11-08T12:18:26-0500] -------------------------------
[2024-11-08T12:18:26-0500] Waiting for 2 s...
[2024-11-08T12:18:28-0500] -------------------------------
[2024-11-08T12:18:28-0500] Starting 5G booster for 5 s...
[2024-11-08T12:18:28-0500] 5G booster started at 2024-11-08 12:18:28.607 EST
[2024-11-08T12:18:34-0500] Current time exceeds end time, skipping wait
[2024-11-08T12:18:34-0500] Saved TCP DL results to /data/data/com.termux/files/home/storage/shared/bos_la_2024_trip/starlink/20241108/121625370/tcp_downlink_121828651.out
[2024-11-08T12:18:34-0500] DL AVG TPUT: 
[2024-11-08T12:18:34-0500] 5G booster finished at 2024-11-08 12:18:34.723 EST, duration: 6.116 s
[2024-11-08T12:18:34-0500] -------------------------------
[2024-11-08T12:18:34-0500] Waiting for 2 s...
[2024-11-08T12:18:36-0500] -------------------------------
[2024-11-08T12:18:36-0500] tcp uplink test started at 2024-11-08 12:18:36.812 EST
[2024-11-08T12:18:36-0500] testing tcp uplink with 54.197.223.49:5103, interval 0.5, duration 120, timeout 121 ...
[2024-11-08T12:20:37-0500] Current time exceeds end time, skipping wait
[2024-11-08T12:20:37-0500] Saved uplink test to /data/data/com.termux/files/home/storage/shared/bos_la_2024_trip/starlink/20241108/121625370/tcp_uplink_121836835.out
[2024-11-08T12:20:37-0500] UL AVG TPUT: 13.1980 Mbps
[2024-11-08T12:20:37-0500] tcp uplink test finished at 2024-11-08 12:20:37.873 EST, duration: 121.061 s
[2024-11-08T12:20:37-0500] -------------------------------
[2024-11-08T12:20:37-0500] Waiting for 2 s...
[2024-11-08T12:20:39-0500] -------------------------------
[2024-11-08T12:20:39-0500] Starting 5G booster for 5 s...
[2024-11-08T12:20:40-0500] 5G booster started at 2024-11-08 12:20:39.969 EST
[2024-11-08T12:20:46-0500] Current time exceeds end time, skipping wait
[2024-11-08T12:20:46-0500] Saved TCP DL results to /data/data/com.termux/files/home/storage/shared/bos_la_2024_trip/starlink/20241108/121625370/tcp_downlink_122040022.out
[2024-11-08T12:20:46-0500] DL AVG TPUT: 
[2024-11-08T12:20:46-0500] 5G booster finished at 2024-11-08 12:20:46.094 EST, duration: 6.125 s
[2024-11-08T12:20:46-0500] -------------------------------
[2024-11-08T12:20:46-0500] Waiting for 2 s...
[2024-11-08T12:20:48-0500] -------------------------------
[2024-11-08T12:20:48-0500] ICMP Ping test started at 2024-11-08 12:20:48.181 EST
[2024-11-08T12:21:18-0500] Waiting for .900 s to reach end time
[2024-11-08T12:21:19-0500] Saved ping test to /data/data/com.termux/files/home/storage/shared/bos_la_2024_trip/starlink/20241108/121625370/icmp_ping_122048203.out
[2024-11-08T12:21:19-0500] Ping summary (min/avg/max/mdev) = 28.679/71.680/200.915/41.252 ms
[2024-11-08T12:21:19-0500] Ping test finished at 2024-11-08 12:21:19.247 EST, duration: 31.066 s
[2024-11-08T12:21:19-0500] -------------------------------
[2024-11-08T12:21:19-0500] Waiting for 2 s...
[2024-11-08T12:21:21-0500] -------------------------------
[2024-11-08T12:21:21-0500] Starting 5G booster for 5 s...
[2024-11-08T12:21:21-0500] 5G booster started at 2024-11-08 12:21:21.393 EST
[2024-11-08T12:21:27-0500] Current time exceeds end time, skipping wait
[2024-11-08T12:21:27-0500] Saved TCP DL results to /data/data/com.termux/files/home/storage/shared/bos_la_2024_trip/starlink/20241108/121625370/tcp_downlink_122121435.out
[2024-11-08T12:21:27-0500] DL AVG TPUT: 
[2024-11-08T12:21:27-0500] 5G booster finished at 2024-11-08 12:21:27.519 EST, duration: 6.126 s
[2024-11-08T12:21:27-0500] -------------------------------
[2024-11-08T12:21:27-0500] Waiting for 2 s...
[2024-11-08T12:21:29-0500] -------------------------------
[2024-11-08T12:21:29-0500] TCP Ping test started at 2024-11-08 12:21:29.661 EST
[2024-11-08T12:22:00-0500] Current time exceeds end time, skipping wait
[2024-11-08T12:22:00-0500] Saved TCP Ping test to /data/data/com.termux/files/home/storage/shared/bos_la_2024_trip/starlink/20241108/121625370/tcp_ping_122129692.out
[2024-11-08T12:22:00-0500] TCP Ping summary (min/avg/max/mdev) 
[2024-11-08T12:22:00-0500] TCP Ping test finished at 2024-11-08 12:22:00.806 EST, duration: 31.145 s
[2024-11-08T12:22:00-0500] -------------------------------
[2024-11-08T12:22:00-0500] Waiting for 2 s...
[2024-11-08T12:22:02-0500] -------------------------------
[2024-11-08T12:22:02-0500] Traceroute test started at 2024-11-08 12:22:02.890 EST
[2024-11-08T12:22:03-0500] Waiting for 28.974 s to reach end time
[2024-11-08T12:22:32-0500] Saved traceroute test to /data/data/com.termux/files/home/storage/shared/bos_la_2024_trip/starlink/20241108/121625370/traceroute_122202915.out
[2024-11-08T12:22:32-0500] Traceroute summary (min/avg/max/mdev) 
[2024-11-08T12:22:33-0500] Traceroute test finished at 2024-11-08 12:22:32.966 EST, duration: 30.076 s
[2024-11-08T12:22:33-0500] -------------------------------
[2024-11-08T12:22:33-0500] All tests completed, cleaning up...
[2024-11-08T12:22:33-0500] -------------------------------
[2024-11-08T12:31:15-0500] [measurement] Load environment variables from prod.env file
[2024-11-08T12:31:15-0500] Starting a network measurement, please choose a server
[2024-11-08T12:31:15-0500] 0) West Cloud: 54.176.53.206
[2024-11-08T12:31:15-0500] 1) East Cloud: 54.197.223.49
[2024-11-08T12:31:21-0500] Enter your choice (0-1): Testing starlink, server 1 (ip: 54.197.223.49, nuttcp_port: 5103, iperf_port: 5003)
[2024-11-08T12:31:21-0500] -------------------------------
[2024-11-08T12:31:21-0500] tcp downlink test started at 2024-11-08 12:31:21.659 EST
[2024-11-08T12:31:21-0500] Testing tcp downlink with 54.197.223.49:5103, interval 0.5 s, duration 120 s, timeout 121 s...
[2024-11-08T12:33:22-0500] Current time exceeds end time, skipping wait
[2024-11-08T12:33:22-0500] Saved tcp downlink test to /data/data/com.termux/files/home/storage/shared/bos_la_2024_trip/starlink/20241108/123121639/tcp_downlink_123121682.out
[2024-11-08T12:33:22-0500] DL AVG TPUT: 
[2024-11-08T12:33:22-0500] tcp downlink test finished at 2024-11-08 12:33:22.768 EST, duration: 121.109 s
[2024-11-08T12:33:22-0500] -------------------------------
[2024-11-08T12:33:22-0500] Waiting for 2 s...
[2024-11-08T12:33:24-0500] -------------------------------
[2024-11-08T12:33:24-0500] Starting 5G booster for 5 s...
[2024-11-08T12:33:24-0500] 5G booster started at 2024-11-08 12:33:24.882 EST
[2024-11-08T12:33:30-0500] Current time exceeds end time, skipping wait
[2024-11-08T12:33:30-0500] Saved TCP DL results to /data/data/com.termux/files/home/storage/shared/bos_la_2024_trip/starlink/20241108/123121639/tcp_downlink_123324919.out
[2024-11-08T12:33:31-0500] DL AVG TPUT: 
[2024-11-08T12:33:31-0500] 5G booster finished at 2024-11-08 12:33:30.986 EST, duration: 6.104 s
[2024-11-08T12:33:31-0500] -------------------------------
[2024-11-08T12:33:31-0500] Waiting for 2 s...
[2024-11-08T12:33:33-0500] -------------------------------
[2024-11-08T12:33:33-0500] tcp uplink test started at 2024-11-08 12:33:33.138 EST
[2024-11-08T12:33:33-0500] testing tcp uplink with 54.197.223.49:5103, interval 0.5, duration 120, timeout 121 ...
[2024-11-08T12:35:34-0500] Current time exceeds end time, skipping wait
[2024-11-08T12:35:34-0500] Saved uplink test to /data/data/com.termux/files/home/storage/shared/bos_la_2024_trip/starlink/20241108/123121639/tcp_uplink_123333168.out
[2024-11-08T12:35:34-0500] UL AVG TPUT: 
[2024-11-08T12:35:34-0500] tcp uplink test finished at 2024-11-08 12:35:34.252 EST, duration: 121.114 s
[2024-11-08T12:35:34-0500] -------------------------------
[2024-11-08T12:35:34-0500] Waiting for 2 s...
[2024-11-08T12:35:36-0500] -------------------------------
[2024-11-08T12:35:36-0500] Starting 5G booster for 5 s...
[2024-11-08T12:35:36-0500] 5G booster started at 2024-11-08 12:35:36.347 EST
[2024-11-08T12:35:42-0500] Current time exceeds end time, skipping wait
[2024-11-08T12:35:42-0500] Saved TCP DL results to /data/data/com.termux/files/home/storage/shared/bos_la_2024_trip/starlink/20241108/123121639/tcp_downlink_123536383.out
[2024-11-08T12:35:42-0500] DL AVG TPUT: 
[2024-11-08T12:35:42-0500] 5G booster finished at 2024-11-08 12:35:42.437 EST, duration: 6.090 s
[2024-11-08T12:35:42-0500] -------------------------------
[2024-11-08T12:35:42-0500] Waiting for 2 s...
[2024-11-08T12:35:44-0500] -------------------------------
[2024-11-08T12:35:44-0500] ICMP Ping test started at 2024-11-08 12:35:44.521 EST
[2024-11-08T12:36:14-0500] Waiting for .914 s to reach end time
[2024-11-08T12:36:15-0500] Saved ping test to /data/data/com.termux/files/home/storage/shared/bos_la_2024_trip/starlink/20241108/123121639/icmp_ping_123544546.out
[2024-11-08T12:36:15-0500] Ping summary (min/avg/max/mdev) = 29.037/46.014/112.591/15.658 ms
[2024-11-08T12:36:15-0500] Ping test finished at 2024-11-08 12:36:15.599 EST, duration: 31.078 s
[2024-11-08T12:36:15-0500] -------------------------------
[2024-11-08T12:36:15-0500] Waiting for 2 s...
[2024-11-08T12:36:17-0500] -------------------------------
[2024-11-08T12:36:17-0500] Starting 5G booster for 5 s...
[2024-11-08T12:36:17-0500] 5G booster started at 2024-11-08 12:36:17.744 EST
[2024-11-08T12:36:23-0500] Current time exceeds end time, skipping wait
[2024-11-08T12:36:23-0500] Saved TCP DL results to /data/data/com.termux/files/home/storage/shared/bos_la_2024_trip/starlink/20241108/123121639/tcp_downlink_123617793.out
[2024-11-08T12:36:23-0500] DL AVG TPUT: 
[2024-11-08T12:36:23-0500] 5G booster finished at 2024-11-08 12:36:23.872 EST, duration: 6.128 s
[2024-11-08T12:36:23-0500] -------------------------------
[2024-11-08T12:36:23-0500] Waiting for 2 s...
[2024-11-08T12:36:25-0500] -------------------------------
[2024-11-08T12:36:26-0500] TCP Ping test started at 2024-11-08 12:36:25.980 EST
[2024-11-08T12:36:57-0500] Current time exceeds end time, skipping wait
[2024-11-08T12:36:57-0500] Saved TCP Ping test to /data/data/com.termux/files/home/storage/shared/bos_la_2024_trip/starlink/20241108/123121639/tcp_ping_123626041.out
[2024-11-08T12:36:57-0500] TCP Ping summary (min/avg/max/mdev) 
[2024-11-08T12:36:57-0500] TCP Ping test finished at 2024-11-08 12:36:57.198 EST, duration: 31.218 s
[2024-11-08T12:36:57-0500] -------------------------------
[2024-11-08T12:36:57-0500] Waiting for 2 s...
[2024-11-08T12:36:59-0500] -------------------------------
[2024-11-08T12:36:59-0500] Traceroute test started at 2024-11-08 12:36:59.341 EST
[2024-11-08T12:37:04-0500] Waiting for 24.758 s to reach end time
[2024-11-08T12:37:29-0500] Saved traceroute test to /data/data/com.termux/files/home/storage/shared/bos_la_2024_trip/starlink/20241108/123121639/traceroute_123659392.out
[2024-11-08T12:37:29-0500] Traceroute summary (min/avg/max/mdev) 
[2024-11-08T12:37:29-0500] Traceroute test finished at 2024-11-08 12:37:29.417 EST, duration: 30.076 s
[2024-11-08T12:37:29-0500] -------------------------------
[2024-11-08T12:37:29-0500] All tests completed, cleaning up...
[2024-11-08T12:37:29-0500] -------------------------------
[2024-11-08T12:39:06-0500] [measurement] Load environment variables from prod.env file
[2024-11-08T12:39:06-0500] Starting a network measurement, please choose a server
[2024-11-08T12:39:06-0500] 0) West Cloud: 54.176.53.206
[2024-11-08T12:39:06-0500] 1) East Cloud: 54.197.223.49
[2024-11-08T12:39:26-0500] Enter your choice (0-1): Testing starlink, server 1 (ip: 54.197.223.49, nuttcp_port: 5103, iperf_port: 5003)
[2024-11-08T12:39:26-0500] -------------------------------
[2024-11-08T12:39:26-0500] tcp downlink test started at 2024-11-08 12:39:26.544 EST
[2024-11-08T12:39:26-0500] Testing tcp downlink with 54.197.223.49:5103, interval 0.5 s, duration 120 s, timeout 121 s...
[2024-11-08T12:41:27-0500] Current time exceeds end time, skipping wait
[2024-11-08T12:41:27-0500] Saved tcp downlink test to /data/data/com.termux/files/home/storage/shared/bos_la_2024_trip/starlink/20241108/123926519/tcp_downlink_123926571.out
[2024-11-08T12:41:27-0500] DL AVG TPUT: 
[2024-11-08T12:41:27-0500] tcp downlink test finished at 2024-11-08 12:41:27.645 EST, duration: 121.101 s
[2024-11-08T12:41:27-0500] -------------------------------
[2024-11-08T12:41:27-0500] Waiting for 2 s...
[2024-11-08T12:41:29-0500] -------------------------------
[2024-11-08T12:41:29-0500] Starting 5G booster for 5 s...
[2024-11-08T12:41:29-0500] 5G booster started at 2024-11-08 12:41:29.744 EST
[2024-11-08T12:41:35-0500] Current time exceeds end time, skipping wait
[2024-11-08T12:41:35-0500] Saved TCP DL results to /data/data/com.termux/files/home/storage/shared/bos_la_2024_trip/starlink/20241108/123926519/tcp_downlink_124129771.out
[2024-11-08T12:41:35-0500] DL AVG TPUT: 
[2024-11-08T12:41:35-0500] 5G booster finished at 2024-11-08 12:41:35.872 EST, duration: 6.128 s
[2024-11-08T12:41:35-0500] -------------------------------
[2024-11-08T12:41:35-0500] Waiting for 2 s...
[2024-11-08T12:41:37-0500] -------------------------------
[2024-11-08T12:41:37-0500] tcp uplink test started at 2024-11-08 12:41:37.968 EST
[2024-11-08T12:41:38-0500] testing tcp uplink with 54.197.223.49:5103, interval 0.5, duration 120, timeout 121 ...
[2024-11-08T12:43:39-0500] Current time exceeds end time, skipping wait
[2024-11-08T12:43:39-0500] Saved uplink test to /data/data/com.termux/files/home/storage/shared/bos_la_2024_trip/starlink/20241108/123926519/tcp_uplink_124137996.out
[2024-11-08T12:43:39-0500] UL AVG TPUT: 
[2024-11-08T12:43:39-0500] tcp uplink test finished at 2024-11-08 12:43:39.142 EST, duration: 121.174 s
[2024-11-08T12:43:39-0500] -------------------------------
[2024-11-08T12:43:39-0500] Waiting for 2 s...
[2024-11-08T12:43:41-0500] -------------------------------
[2024-11-08T12:43:41-0500] Starting 5G booster for 5 s...
[2024-11-08T12:43:41-0500] 5G booster started at 2024-11-08 12:43:41.248 EST
[2024-11-08T12:43:47-0500] Current time exceeds end time, skipping wait
[2024-11-08T12:43:47-0500] Saved TCP DL results to /data/data/com.termux/files/home/storage/shared/bos_la_2024_trip/starlink/20241108/123926519/tcp_downlink_124341279.out
[2024-11-08T12:43:47-0500] DL AVG TPUT: 
[2024-11-08T12:43:47-0500] 5G booster finished at 2024-11-08 12:43:47.360 EST, duration: 6.112 s
[2024-11-08T12:43:47-0500] -------------------------------
[2024-11-08T12:43:47-0500] Waiting for 2 s...
[2024-11-08T12:43:49-0500] -------------------------------
[2024-11-08T12:43:49-0500] ICMP Ping test started at 2024-11-08 12:43:49.473 EST
[2024-11-08T12:44:19-0500] Waiting for .886 s to reach end time
[2024-11-08T12:44:20-0500] Saved ping test to /data/data/com.termux/files/home/storage/shared/bos_la_2024_trip/starlink/20241108/123926519/icmp_ping_124349515.out
[2024-11-08T12:44:20-0500] Ping summary (min/avg/max/mdev) = 26.478/51.161/164.192/20.527 ms
[2024-11-08T12:44:20-0500] Ping test finished at 2024-11-08 12:44:20.577 EST, duration: 31.104 s
[2024-11-08T12:44:20-0500] -------------------------------
[2024-11-08T12:44:20-0500] Waiting for 2 s...
[2024-11-08T12:44:22-0500] -------------------------------
[2024-11-08T12:44:22-0500] Starting 5G booster for 5 s...
[2024-11-08T12:44:22-0500] 5G booster started at 2024-11-08 12:44:22.680 EST
[2024-11-08T12:44:28-0500] Current time exceeds end time, skipping wait
[2024-11-08T12:44:28-0500] Saved TCP DL results to /data/data/com.termux/files/home/storage/shared/bos_la_2024_trip/starlink/20241108/123926519/tcp_downlink_124422709.out
[2024-11-08T12:44:28-0500] DL AVG TPUT: 
[2024-11-08T12:44:28-0500] 5G booster finished at 2024-11-08 12:44:28.805 EST, duration: 6.125 s
[2024-11-08T12:44:28-0500] -------------------------------
[2024-11-08T12:44:28-0500] Waiting for 2 s...
[2024-11-08T12:44:30-0500] -------------------------------
[2024-11-08T12:44:30-0500] TCP Ping test started at 2024-11-08 12:44:30.929 EST
[2024-11-08T12:45:02-0500] Current time exceeds end time, skipping wait
[2024-11-08T12:45:02-0500] Saved TCP Ping test to /data/data/com.termux/files/home/storage/shared/bos_la_2024_trip/starlink/20241108/123926519/tcp_ping_124430953.out
[2024-11-08T12:45:02-0500] TCP Ping summary (min/avg/max/mdev) 
[2024-11-08T12:45:02-0500] TCP Ping test finished at 2024-11-08 12:45:02.061 EST, duration: 31.132 s
[2024-11-08T12:45:02-0500] -------------------------------
[2024-11-08T12:45:02-0500] Waiting for 2 s...
[2024-11-08T12:45:04-0500] -------------------------------
[2024-11-08T12:45:04-0500] Traceroute test started at 2024-11-08 12:45:04.165 EST
[2024-11-08T12:45:05-0500] Waiting for 28.309 s to reach end time
[2024-11-08T12:45:34-0500] Saved traceroute test to /data/data/com.termux/files/home/storage/shared/bos_la_2024_trip/starlink/20241108/123926519/traceroute_124504195.out
[2024-11-08T12:45:34-0500] Traceroute summary (min/avg/max/mdev) 
[2024-11-08T12:45:34-0500] Traceroute test finished at 2024-11-08 12:45:34.270 EST, duration: 30.105 s
[2024-11-08T12:45:34-0500] -------------------------------
[2024-11-08T12:45:34-0500] All tests completed, cleaning up...
[2024-11-08T12:45:34-0500] -------------------------------
[2024-11-08T12:47:05-0500] [measurement] Load environment variables from prod.env file
[2024-11-08T12:47:05-0500] Starting a network measurement, please choose a server
[2024-11-08T12:47:05-0500] 0) West Cloud: 54.176.53.206
[2024-11-08T12:47:05-0500] 1) East Cloud: 54.197.223.49
[2024-11-08T12:47:21-0500] Enter your choice (0-1): Testing starlink, server 1 (ip: 54.197.223.49, nuttcp_port: 5103, iperf_port: 5003)
[2024-11-08T12:47:21-0500] -------------------------------
[2024-11-08T12:47:21-0500] tcp downlink test started at 2024-11-08 12:47:21.856 EST
[2024-11-08T12:47:21-0500] Testing tcp downlink with 54.197.223.49:5103, interval 0.5 s, duration 120 s, timeout 121 s...
[2024-11-08T12:49:22-0500] Current time exceeds end time, skipping wait
[2024-11-08T12:49:22-0500] Saved tcp downlink test to /data/data/com.termux/files/home/storage/shared/bos_la_2024_trip/starlink/20241108/124721838/tcp_downlink_124721881.out
[2024-11-08T12:49:22-0500] DL AVG TPUT: 
[2024-11-08T12:49:23-0500] tcp downlink test finished at 2024-11-08 12:49:22.972 EST, duration: 121.116 s
[2024-11-08T12:49:23-0500] -------------------------------
[2024-11-08T12:49:23-0500] Waiting for 2 s...
[2024-11-08T12:49:25-0500] -------------------------------
[2024-11-08T12:49:25-0500] Starting 5G booster for 5 s...
[2024-11-08T12:49:25-0500] 5G booster started at 2024-11-08 12:49:25.072 EST
[2024-11-08T12:49:31-0500] Current time exceeds end time, skipping wait
[2024-11-08T12:49:31-0500] Saved TCP DL results to /data/data/com.termux/files/home/storage/shared/bos_la_2024_trip/starlink/20241108/124721838/tcp_downlink_124925101.out
[2024-11-08T12:49:31-0500] DL AVG TPUT: 
[2024-11-08T12:49:31-0500] 5G booster finished at 2024-11-08 12:49:31.220 EST, duration: 6.148 s
[2024-11-08T12:49:31-0500] -------------------------------
[2024-11-08T12:49:31-0500] Waiting for 2 s...
[2024-11-08T12:49:33-0500] -------------------------------
[2024-11-08T12:49:33-0500] tcp uplink test started at 2024-11-08 12:49:33.317 EST
[2024-11-08T12:49:33-0500] testing tcp uplink with 54.197.223.49:5103, interval 0.5, duration 120, timeout 121 ...
[2024-11-08T12:51:34-0500] Current time exceeds end time, skipping wait
[2024-11-08T12:51:34-0500] Saved uplink test to /data/data/com.termux/files/home/storage/shared/bos_la_2024_trip/starlink/20241108/124721838/tcp_uplink_124933342.out
[2024-11-08T12:51:34-0500] UL AVG TPUT: 
[2024-11-08T12:51:34-0500] tcp uplink test finished at 2024-11-08 12:51:34.407 EST, duration: 121.090 s
[2024-11-08T12:51:34-0500] -------------------------------
[2024-11-08T12:51:34-0500] Waiting for 2 s...
[2024-11-08T12:51:36-0500] -------------------------------
[2024-11-08T12:51:36-0500] Starting 5G booster for 5 s...
[2024-11-08T12:51:36-0500] 5G booster started at 2024-11-08 12:51:36.518 EST
[2024-11-08T12:51:42-0500] Current time exceeds end time, skipping wait
[2024-11-08T12:51:42-0500] Saved TCP DL results to /data/data/com.termux/files/home/storage/shared/bos_la_2024_trip/starlink/20241108/124721838/tcp_downlink_125136569.out
[2024-11-08T12:51:42-0500] DL AVG TPUT: 
[2024-11-08T12:51:42-0500] 5G booster finished at 2024-11-08 12:51:42.643 EST, duration: 6.125 s
[2024-11-08T12:51:42-0500] -------------------------------
[2024-11-08T12:51:42-0500] Waiting for 2 s...
[2024-11-08T12:51:44-0500] -------------------------------
[2024-11-08T12:51:44-0500] ICMP Ping test started at 2024-11-08 12:51:44.743 EST
[2024-11-08T12:52:14-0500] Waiting for .885 s to reach end time
[2024-11-08T12:52:15-0500] Saved ping test to /data/data/com.termux/files/home/storage/shared/bos_la_2024_trip/starlink/20241108/124721838/icmp_ping_125144790.out
[2024-11-08T12:52:15-0500] Ping summary (min/avg/max/mdev) = 29.630/57.040/130.959/22.273 ms
[2024-11-08T12:52:15-0500] Ping test finished at 2024-11-08 12:52:15.861 EST, duration: 31.118 s
[2024-11-08T12:52:15-0500] -------------------------------
[2024-11-08T12:52:15-0500] Waiting for 2 s...
[2024-11-08T12:52:17-0500] -------------------------------
[2024-11-08T12:52:17-0500] Starting 5G booster for 5 s...
[2024-11-08T12:52:17-0500] 5G booster started at 2024-11-08 12:52:17.975 EST
[2024-11-08T12:52:24-0500] Current time exceeds end time, skipping wait
[2024-11-08T12:52:24-0500] Saved TCP DL results to /data/data/com.termux/files/home/storage/shared/bos_la_2024_trip/starlink/20241108/124721838/tcp_downlink_125217998.out
[2024-11-08T12:52:24-0500] DL AVG TPUT: 
[2024-11-08T12:52:24-0500] 5G booster finished at 2024-11-08 12:52:24.132 EST, duration: 6.157 s
[2024-11-08T12:52:24-0500] -------------------------------
[2024-11-08T12:52:24-0500] Waiting for 2 s...
[2024-11-08T12:52:26-0500] -------------------------------
[2024-11-08T12:52:26-0500] TCP Ping test started at 2024-11-08 12:52:26.254 EST
[2024-11-08T12:52:57-0500] Current time exceeds end time, skipping wait
[2024-11-08T12:52:57-0500] Saved TCP Ping test to /data/data/com.termux/files/home/storage/shared/bos_la_2024_trip/starlink/20241108/124721838/tcp_ping_125226282.out
[2024-11-08T12:52:57-0500] TCP Ping summary (min/avg/max/mdev) 
[2024-11-08T12:52:57-0500] TCP Ping test finished at 2024-11-08 12:52:57.370 EST, duration: 31.116 s
[2024-11-08T12:52:57-0500] -------------------------------
[2024-11-08T12:52:57-0500] Waiting for 2 s...
[2024-11-08T12:52:59-0500] -------------------------------
[2024-11-08T12:52:59-0500] Traceroute test started at 2024-11-08 12:52:59.488 EST
[2024-11-08T12:53:00-0500] Waiting for 28.973 s to reach end time
[2024-11-08T12:53:29-0500] Saved traceroute test to /data/data/com.termux/files/home/storage/shared/bos_la_2024_trip/starlink/20241108/124721838/traceroute_125259516.out
[2024-11-08T12:53:29-0500] Traceroute summary (min/avg/max/mdev) 
[2024-11-08T12:53:29-0500] Traceroute test finished at 2024-11-08 12:53:29.583 EST, duration: 30.095 s
[2024-11-08T12:53:29-0500] -------------------------------
[2024-11-08T12:53:29-0500] All tests completed, cleaning up...
[2024-11-08T12:53:29-0500] -------------------------------
[2024-11-08T12:53:50-0500] [measurement] Load environment variables from prod.env file
[2024-11-08T12:53:50-0500] Starting a network measurement, please choose a server
[2024-11-08T12:53:50-0500] 0) West Cloud: 54.176.53.206
[2024-11-08T12:53:50-0500] 1) East Cloud: 54.197.223.49
[2024-11-08T12:54:04-0500] Enter your choice (0-1): Testing starlink, server 1 (ip: 54.197.223.49, nuttcp_port: 5103, iperf_port: 5003)
[2024-11-08T12:54:04-0500] -------------------------------
[2024-11-08T12:54:04-0500] tcp downlink test started at 2024-11-08 12:54:04.496 EST
[2024-11-08T12:54:04-0500] Testing tcp downlink with 54.197.223.49:5103, interval 0.5 s, duration 120 s, timeout 121 s...
[2024-11-08T12:56:05-0500] Current time exceeds end time, skipping wait
[2024-11-08T12:56:05-0500] Saved tcp downlink test to /data/data/com.termux/files/home/storage/shared/bos_la_2024_trip/starlink/20241108/125404478/tcp_downlink_125404531.out
[2024-11-08T12:56:05-0500] DL AVG TPUT: 
[2024-11-08T12:56:05-0500] tcp downlink test finished at 2024-11-08 12:56:05.642 EST, duration: 121.146 s
[2024-11-08T12:56:05-0500] -------------------------------
[2024-11-08T12:56:05-0500] Waiting for 2 s...
[2024-11-08T12:56:07-0500] -------------------------------
[2024-11-08T12:56:07-0500] Starting 5G booster for 5 s...
[2024-11-08T12:56:07-0500] 5G booster started at 2024-11-08 12:56:07.753 EST
[2024-11-08T12:56:13-0500] Current time exceeds end time, skipping wait
[2024-11-08T12:56:13-0500] Saved TCP DL results to /data/data/com.termux/files/home/storage/shared/bos_la_2024_trip/starlink/20241108/125404478/tcp_downlink_125607782.out
[2024-11-08T12:56:13-0500] DL AVG TPUT: 
[2024-11-08T12:56:13-0500] 5G booster finished at 2024-11-08 12:56:13.856 EST, duration: 6.103 s
[2024-11-08T12:56:13-0500] -------------------------------
[2024-11-08T12:56:13-0500] Waiting for 2 s...
[2024-11-08T12:56:15-0500] -------------------------------
[2024-11-08T12:56:15-0500] tcp uplink test started at 2024-11-08 12:56:15.957 EST
[2024-11-08T12:56:15-0500] testing tcp uplink with 54.197.223.49:5103, interval 0.5, duration 120, timeout 121 ...
[2024-11-08T12:58:17-0500] Current time exceeds end time, skipping wait
[2024-11-08T12:58:17-0500] Saved uplink test to /data/data/com.termux/files/home/storage/shared/bos_la_2024_trip/starlink/20241108/125404478/tcp_uplink_125615980.out
[2024-11-08T12:58:17-0500] UL AVG TPUT: 
[2024-11-08T12:58:17-0500] tcp uplink test finished at 2024-11-08 12:58:17.054 EST, duration: 121.097 s
[2024-11-08T12:58:17-0500] -------------------------------
[2024-11-08T12:58:17-0500] Waiting for 2 s...
[2024-11-08T12:58:19-0500] -------------------------------
[2024-11-08T12:58:19-0500] Starting 5G booster for 5 s...
[2024-11-08T12:58:19-0500] 5G booster started at 2024-11-08 12:58:19.195 EST
[2024-11-08T12:58:25-0500] Current time exceeds end time, skipping wait
[2024-11-08T12:58:25-0500] Saved TCP DL results to /data/data/com.termux/files/home/storage/shared/bos_la_2024_trip/starlink/20241108/125404478/tcp_downlink_125819249.out
[2024-11-08T12:58:25-0500] DL AVG TPUT: 
[2024-11-08T12:58:25-0500] 5G booster finished at 2024-11-08 12:58:25.327 EST, duration: 6.132 s
[2024-11-08T12:58:25-0500] -------------------------------
[2024-11-08T12:58:25-0500] Waiting for 2 s...
[2024-11-08T12:58:27-0500] -------------------------------
[2024-11-08T12:58:27-0500] ICMP Ping test started at 2024-11-08 12:58:27.433 EST
[2024-11-08T12:58:57-0500] Waiting for .888 s to reach end time
[2024-11-08T12:58:58-0500] Saved ping test to /data/data/com.termux/files/home/storage/shared/bos_la_2024_trip/starlink/20241108/125404478/icmp_ping_125827457.out
[2024-11-08T12:58:58-0500] Ping summary (min/avg/max/mdev) = 29.655/56.571/143.361/21.809 ms
[2024-11-08T12:58:58-0500] Ping test finished at 2024-11-08 12:58:58.506 EST, duration: 31.073 s
[2024-11-08T12:58:58-0500] -------------------------------
[2024-11-08T12:58:58-0500] Waiting for 2 s...
[2024-11-08T12:59:00-0500] -------------------------------
[2024-11-08T12:59:00-0500] Starting 5G booster for 5 s...
[2024-11-08T12:59:00-0500] 5G booster started at 2024-11-08 12:59:00.619 EST
[2024-11-08T12:59:06-0500] Current time exceeds end time, skipping wait
[2024-11-08T12:59:06-0500] Saved TCP DL results to /data/data/com.termux/files/home/storage/shared/bos_la_2024_trip/starlink/20241108/125404478/tcp_downlink_125900673.out
[2024-11-08T12:59:06-0500] DL AVG TPUT: 
[2024-11-08T12:59:06-0500] 5G booster finished at 2024-11-08 12:59:06.775 EST, duration: 6.156 s
[2024-11-08T12:59:06-0500] -------------------------------
[2024-11-08T12:59:06-0500] Waiting for 2 s...
[2024-11-08T12:59:08-0500] -------------------------------
[2024-11-08T12:59:08-0500] TCP Ping test started at 2024-11-08 12:59:08.896 EST
[2024-11-08T12:59:40-0500] Current time exceeds end time, skipping wait
[2024-11-08T12:59:40-0500] Saved TCP Ping test to /data/data/com.termux/files/home/storage/shared/bos_la_2024_trip/starlink/20241108/125404478/tcp_ping_125908946.out
[2024-11-08T12:59:40-0500] TCP Ping summary (min/avg/max/mdev) 
[2024-11-08T12:59:40-0500] TCP Ping test finished at 2024-11-08 12:59:40.030 EST, duration: 31.134 s
[2024-11-08T12:59:40-0500] -------------------------------
[2024-11-08T12:59:40-0500] Waiting for 2 s...
[2024-11-08T12:59:42-0500] -------------------------------
[2024-11-08T12:59:42-0500] Traceroute test started at 2024-11-08 12:59:42.140 EST
[2024-11-08T12:59:44-0500] Waiting for 27.907 s to reach end time
[2024-11-08T13:00:12-0500] Saved traceroute test to /data/data/com.termux/files/home/storage/shared/bos_la_2024_trip/starlink/20241108/125404478/traceroute_125942164.out
[2024-11-08T13:00:12-0500] Traceroute summary (min/avg/max/mdev) 
[2024-11-08T13:00:12-0500] Traceroute test finished at 2024-11-08 13:00:12.233 EST, duration: 30.093 s
[2024-11-08T13:00:12-0500] -------------------------------
[2024-11-08T13:00:12-0500] All tests completed, cleaning up...
[2024-11-08T13:00:12-0500] -------------------------------
[2024-11-08T13:53:07-0500] [measurement] Load environment variables from prod.env file
[2024-11-08T13:53:07-0500] Starting a network measurement, please choose a server
[2024-11-08T13:53:07-0500] 0) West Cloud: 54.176.53.206
[2024-11-08T13:53:07-0500] 1) East Cloud: 54.197.223.49
[2024-11-08T13:53:28-0500] Enter your choice (0-1): Testing starlink, server 1 (ip: 54.197.223.49, nuttcp_port: 5103, iperf_port: 5003)
[2024-11-08T13:53:28-0500] -------------------------------
[2024-11-08T13:53:28-0500] tcp downlink test started at 2024-11-08 13:53:28.823 EST
[2024-11-08T13:53:28-0500] Testing tcp downlink with 54.197.223.49:5103, interval 0.5 s, duration 120 s, timeout 121 s...
[2024-11-08T13:55:29-0500] Current time exceeds end time, skipping wait
[2024-11-08T13:55:29-0500] Saved tcp downlink test to /data/data/com.termux/files/home/storage/shared/bos_la_2024_trip/starlink/20241108/135328800/tcp_downlink_135328848.out
[2024-11-08T13:55:29-0500] DL AVG TPUT: 
[2024-11-08T13:55:30-0500] tcp downlink test finished at 2024-11-08 13:55:29.934 EST, duration: 121.111 s
[2024-11-08T13:55:30-0500] -------------------------------
[2024-11-08T13:55:30-0500] Waiting for 2 s...
[2024-11-08T13:55:32-0500] -------------------------------
[2024-11-08T13:55:32-0500] Starting 5G booster for 5 s...
[2024-11-08T13:55:32-0500] 5G booster started at 2024-11-08 13:55:32.070 EST
[2024-11-08T13:55:38-0500] Current time exceeds end time, skipping wait
[2024-11-08T13:55:38-0500] Saved TCP DL results to /data/data/com.termux/files/home/storage/shared/bos_la_2024_trip/starlink/20241108/135328800/tcp_downlink_135532123.out
[2024-11-08T13:55:38-0500] DL AVG TPUT: 
[2024-11-08T13:55:38-0500] 5G booster finished at 2024-11-08 13:55:38.186 EST, duration: 6.116 s
[2024-11-08T13:55:38-0500] -------------------------------
[2024-11-08T13:55:38-0500] Waiting for 2 s...
[2024-11-08T13:55:40-0500] -------------------------------
[2024-11-08T13:55:40-0500] tcp uplink test started at 2024-11-08 13:55:40.306 EST
[2024-11-08T13:55:40-0500] testing tcp uplink with 54.197.223.49:5103, interval 0.5, duration 120, timeout 121 ...
[2024-11-08T13:57:41-0500] Current time exceeds end time, skipping wait
[2024-11-08T13:57:41-0500] Saved uplink test to /data/data/com.termux/files/home/storage/shared/bos_la_2024_trip/starlink/20241108/135328800/tcp_uplink_135540334.out
[2024-11-08T13:57:41-0500] UL AVG TPUT: 
[2024-11-08T13:57:41-0500] tcp uplink test finished at 2024-11-08 13:57:41.418 EST, duration: 121.112 s
[2024-11-08T13:57:41-0500] -------------------------------
[2024-11-08T13:57:41-0500] Waiting for 2 s...
[2024-11-08T13:57:43-0500] -------------------------------
[2024-11-08T13:57:43-0500] Starting 5G booster for 5 s...
[2024-11-08T13:57:43-0500] 5G booster started at 2024-11-08 13:57:43.555 EST
[2024-11-08T13:57:49-0500] Current time exceeds end time, skipping wait
[2024-11-08T13:57:49-0500] Saved TCP DL results to /data/data/com.termux/files/home/storage/shared/bos_la_2024_trip/starlink/20241108/135328800/tcp_downlink_135743589.out
[2024-11-08T13:57:49-0500] DL AVG TPUT: 
[2024-11-08T13:57:49-0500] 5G booster finished at 2024-11-08 13:57:49.664 EST, duration: 6.109 s
[2024-11-08T13:57:49-0500] -------------------------------
[2024-11-08T13:57:49-0500] Waiting for 2 s...
[2024-11-08T13:57:51-0500] -------------------------------
[2024-11-08T13:57:51-0500] ICMP Ping test started at 2024-11-08 13:57:51.806 EST
[2024-11-08T13:58:21-0500] Waiting for .878 s to reach end time
[2024-11-08T13:58:22-0500] Saved ping test to /data/data/com.termux/files/home/storage/shared/bos_la_2024_trip/starlink/20241108/135328800/icmp_ping_135751836.out
[2024-11-08T13:58:22-0500] Ping summary (min/avg/max/mdev) = 27.238/60.095/314.522/36.612 ms
[2024-11-08T13:58:22-0500] Ping test finished at 2024-11-08 13:58:22.913 EST, duration: 31.107 s
[2024-11-08T13:58:22-0500] -------------------------------
[2024-11-08T13:58:22-0500] Waiting for 2 s...
[2024-11-08T13:58:24-0500] -------------------------------
[2024-11-08T13:58:24-0500] Starting 5G booster for 5 s...
[2024-11-08T13:58:25-0500] 5G booster started at 2024-11-08 13:58:24.995 EST
[2024-11-08T13:58:31-0500] Current time exceeds end time, skipping wait
[2024-11-08T13:58:31-0500] Saved TCP DL results to /data/data/com.termux/files/home/storage/shared/bos_la_2024_trip/starlink/20241108/135328800/tcp_downlink_135825021.out
[2024-11-08T13:58:31-0500] DL AVG TPUT: 
[2024-11-08T13:58:31-0500] 5G booster finished at 2024-11-08 13:58:31.130 EST, duration: 6.135 s
[2024-11-08T13:58:31-0500] -------------------------------
[2024-11-08T13:58:31-0500] Waiting for 2 s...
[2024-11-08T13:58:33-0500] -------------------------------
[2024-11-08T13:58:33-0500] TCP Ping test started at 2024-11-08 13:58:33.212 EST
[2024-11-08T13:59:04-0500] Current time exceeds end time, skipping wait
[2024-11-08T13:59:04-0500] Saved TCP Ping test to /data/data/com.termux/files/home/storage/shared/bos_la_2024_trip/starlink/20241108/135328800/tcp_ping_135833246.out
[2024-11-08T13:59:04-0500] TCP Ping summary (min/avg/max/mdev) 
[2024-11-08T13:59:04-0500] TCP Ping test finished at 2024-11-08 13:59:04.343 EST, duration: 31.131 s
[2024-11-08T13:59:04-0500] -------------------------------
[2024-11-08T13:59:04-0500] Waiting for 2 s...
[2024-11-08T13:59:06-0500] -------------------------------
[2024-11-08T13:59:06-0500] Traceroute test started at 2024-11-08 13:59:06.452 EST
[2024-11-08T13:59:07-0500] Waiting for 28.560 s to reach end time
[2024-11-08T13:59:36-0500] Saved traceroute test to /data/data/com.termux/files/home/storage/shared/bos_la_2024_trip/starlink/20241108/135328800/traceroute_135906492.out
[2024-11-08T13:59:36-0500] Traceroute summary (min/avg/max/mdev) 
[2024-11-08T13:59:36-0500] Traceroute test finished at 2024-11-08 13:59:36.532 EST, duration: 30.080 s
[2024-11-08T13:59:36-0500] -------------------------------
[2024-11-08T13:59:36-0500] All tests completed, cleaning up...
[2024-11-08T13:59:36-0500] -------------------------------
[2024-11-08T13:59:58-0500] [measurement] Load environment variables from prod.env file
[2024-11-08T13:59:58-0500] Starting a network measurement, please choose a server
[2024-11-08T13:59:58-0500] 0) West Cloud: 54.176.53.206
[2024-11-08T13:59:58-0500] 1) East Cloud: 54.197.223.49
[2024-11-08T14:00:16-0500] Enter your choice (0-1): Testing starlink, server 1 (ip: 54.197.223.49, nuttcp_port: 5103, iperf_port: 5003)
[2024-11-08T14:00:16-0500] -------------------------------
[2024-11-08T14:00:16-0500] tcp downlink test started at 2024-11-08 14:00:16.867 EST
[2024-11-08T14:00:16-0500] Testing tcp downlink with 54.197.223.49:5103, interval 0.5 s, duration 120 s, timeout 121 s...
[2024-11-08T14:02:17-0500] Current time exceeds end time, skipping wait
[2024-11-08T14:02:17-0500] Saved tcp downlink test to /data/data/com.termux/files/home/storage/shared/bos_la_2024_trip/starlink/20241108/140016840/tcp_downlink_140016896.out
[2024-11-08T14:02:18-0500] DL AVG TPUT: 
[2024-11-08T14:02:18-0500] tcp downlink test finished at 2024-11-08 14:02:17.981 EST, duration: 121.114 s
[2024-11-08T14:02:18-0500] -------------------------------
[2024-11-08T14:02:18-0500] Waiting for 2 s...
[2024-11-08T14:02:20-0500] -------------------------------
[2024-11-08T14:02:20-0500] Starting 5G booster for 5 s...
[2024-11-08T14:02:20-0500] 5G booster started at 2024-11-08 14:02:20.095 EST
[2024-11-08T14:02:26-0500] Current time exceeds end time, skipping wait
[2024-11-08T14:02:26-0500] Saved TCP DL results to /data/data/com.termux/files/home/storage/shared/bos_la_2024_trip/starlink/20241108/140016840/tcp_downlink_140220129.out
[2024-11-08T14:02:26-0500] DL AVG TPUT: 
[2024-11-08T14:02:26-0500] 5G booster finished at 2024-11-08 14:02:26.207 EST, duration: 6.112 s
[2024-11-08T14:02:26-0500] -------------------------------
[2024-11-08T14:02:26-0500] Waiting for 2 s...
[2024-11-08T14:02:28-0500] -------------------------------
[2024-11-08T14:02:28-0500] tcp uplink test started at 2024-11-08 14:02:28.304 EST
[2024-11-08T14:02:28-0500] testing tcp uplink with 54.197.223.49:5103, interval 0.5, duration 120, timeout 121 ...
[2024-11-08T14:04:29-0500] Current time exceeds end time, skipping wait
[2024-11-08T14:04:29-0500] Saved uplink test to /data/data/com.termux/files/home/storage/shared/bos_la_2024_trip/starlink/20241108/140016840/tcp_uplink_140228351.out
[2024-11-08T14:04:29-0500] UL AVG TPUT: 
[2024-11-08T14:04:29-0500] tcp uplink test finished at 2024-11-08 14:04:29.412 EST, duration: 121.108 s
[2024-11-08T14:04:29-0500] -------------------------------
[2024-11-08T14:04:29-0500] Waiting for 2 s...
[2024-11-08T14:04:31-0500] -------------------------------
[2024-11-08T14:04:31-0500] Starting 5G booster for 5 s...
[2024-11-08T14:04:31-0500] 5G booster started at 2024-11-08 14:04:31.525 EST
[2024-11-08T14:04:37-0500] Current time exceeds end time, skipping wait
[2024-11-08T14:04:37-0500] Saved TCP DL results to /data/data/com.termux/files/home/storage/shared/bos_la_2024_trip/starlink/20241108/140016840/tcp_downlink_140431551.out
[2024-11-08T14:04:37-0500] DL AVG TPUT: 
[2024-11-08T14:04:37-0500] 5G booster finished at 2024-11-08 14:04:37.668 EST, duration: 6.143 s
[2024-11-08T14:04:37-0500] -------------------------------
[2024-11-08T14:04:37-0500] Waiting for 2 s...
[2024-11-08T14:04:39-0500] -------------------------------
[2024-11-08T14:04:39-0500] ICMP Ping test started at 2024-11-08 14:04:39.767 EST
[2024-11-08T14:05:09-0500] Waiting for .907 s to reach end time
[2024-11-08T14:05:10-0500] Saved ping test to /data/data/com.termux/files/home/storage/shared/bos_la_2024_trip/starlink/20241108/140016840/icmp_ping_140439792.out
[2024-11-08T14:05:10-0500] Ping summary (min/avg/max/mdev) = 26.575/47.261/96.806/14.984 ms
[2024-11-08T14:05:10-0500] Ping test finished at 2024-11-08 14:05:10.845 EST, duration: 31.078 s
[2024-11-08T14:05:10-0500] -------------------------------
[2024-11-08T14:05:10-0500] Waiting for 2 s...
[2024-11-08T14:05:12-0500] -------------------------------
[2024-11-08T14:05:12-0500] Starting 5G booster for 5 s...
[2024-11-08T14:05:12-0500] 5G booster started at 2024-11-08 14:05:12.965 EST
[2024-11-08T14:05:19-0500] Current time exceeds end time, skipping wait
[2024-11-08T14:05:19-0500] Saved TCP DL results to /data/data/com.termux/files/home/storage/shared/bos_la_2024_trip/starlink/20241108/140016840/tcp_downlink_140512998.out
[2024-11-08T14:05:19-0500] DL AVG TPUT: 
[2024-11-08T14:05:19-0500] 5G booster finished at 2024-11-08 14:05:19.076 EST, duration: 6.111 s
[2024-11-08T14:05:19-0500] -------------------------------
[2024-11-08T14:05:19-0500] Waiting for 2 s...
[2024-11-08T14:05:21-0500] -------------------------------
[2024-11-08T14:05:21-0500] TCP Ping test started at 2024-11-08 14:05:21.205 EST
[2024-11-08T14:05:52-0500] Current time exceeds end time, skipping wait
[2024-11-08T14:05:52-0500] Saved TCP Ping test to /data/data/com.termux/files/home/storage/shared/bos_la_2024_trip/starlink/20241108/140016840/tcp_ping_140521233.out
[2024-11-08T14:05:52-0500] TCP Ping summary (min/avg/max/mdev) 
[2024-11-08T14:05:52-0500] TCP Ping test finished at 2024-11-08 14:05:52.316 EST, duration: 31.111 s
[2024-11-08T14:05:52-0500] -------------------------------
[2024-11-08T14:05:52-0500] Waiting for 2 s...
[2024-11-08T14:05:54-0500] -------------------------------
[2024-11-08T14:05:54-0500] Traceroute test started at 2024-11-08 14:05:54.422 EST
[2024-11-08T14:05:56-0500] Waiting for 28.259 s to reach end time
[2024-11-08T14:06:24-0500] Saved traceroute test to /data/data/com.termux/files/home/storage/shared/bos_la_2024_trip/starlink/20241108/140016840/traceroute_140554450.out
[2024-11-08T14:06:24-0500] Traceroute summary (min/avg/max/mdev) 
[2024-11-08T14:06:24-0500] Traceroute test finished at 2024-11-08 14:06:24.543 EST, duration: 30.121 s
[2024-11-08T14:06:24-0500] -------------------------------
[2024-11-08T14:06:24-0500] All tests completed, cleaning up...
[2024-11-08T14:06:24-0500] -------------------------------
[2024-11-08T14:06:38-0500] [measurement] Load environment variables from prod.env file
[2024-11-08T14:06:38-0500] Starting a network measurement, please choose a server
[2024-11-08T14:06:38-0500] 0) West Cloud: 54.176.53.206
[2024-11-08T14:06:38-0500] 1) East Cloud: 54.197.223.49
[2024-11-08T14:06:59-0500] Enter your choice (0-1): Testing starlink, server 1 (ip: 54.197.223.49, nuttcp_port: 5103, iperf_port: 5003)
[2024-11-08T14:06:59-0500] -------------------------------
[2024-11-08T14:06:59-0500] tcp downlink test started at 2024-11-08 14:06:59.757 EST
[2024-11-08T14:06:59-0500] Testing tcp downlink with 54.197.223.49:5103, interval 0.5 s, duration 120 s, timeout 121 s...
[2024-11-08T14:09:00-0500] Current time exceeds end time, skipping wait
[2024-11-08T14:09:00-0500] Saved tcp downlink test to /data/data/com.termux/files/home/storage/shared/bos_la_2024_trip/starlink/20241108/140659739/tcp_downlink_140659782.out
[2024-11-08T14:09:00-0500] DL AVG TPUT: 
[2024-11-08T14:09:00-0500] tcp downlink test finished at 2024-11-08 14:09:00.848 EST, duration: 121.091 s
[2024-11-08T14:09:00-0500] -------------------------------
[2024-11-08T14:09:00-0500] Waiting for 2 s...
[2024-11-08T14:09:02-0500] -------------------------------
[2024-11-08T14:09:02-0500] Starting 5G booster for 5 s...
[2024-11-08T14:09:02-0500] 5G booster started at 2024-11-08 14:09:02.935 EST
[2024-11-08T14:09:09-0500] Current time exceeds end time, skipping wait
[2024-11-08T14:09:09-0500] Saved TCP DL results to /data/data/com.termux/files/home/storage/shared/bos_la_2024_trip/starlink/20241108/140659739/tcp_downlink_140902960.out
[2024-11-08T14:09:09-0500] DL AVG TPUT: 
[2024-11-08T14:09:09-0500] 5G booster finished at 2024-11-08 14:09:09.040 EST, duration: 6.105 s
[2024-11-08T14:09:09-0500] -------------------------------
[2024-11-08T14:09:09-0500] Waiting for 2 s...
[2024-11-08T14:09:11-0500] -------------------------------
[2024-11-08T14:09:11-0500] tcp uplink test started at 2024-11-08 14:09:11.132 EST
[2024-11-08T14:09:11-0500] testing tcp uplink with 54.197.223.49:5103, interval 0.5, duration 120, timeout 121 ...
[2024-11-08T14:11:12-0500] Current time exceeds end time, skipping wait
[2024-11-08T14:11:12-0500] Saved uplink test to /data/data/com.termux/files/home/storage/shared/bos_la_2024_trip/starlink/20241108/140659739/tcp_uplink_140911156.out
[2024-11-08T14:11:12-0500] UL AVG TPUT: 
[2024-11-08T14:11:12-0500] tcp uplink test finished at 2024-11-08 14:11:12.235 EST, duration: 121.103 s
[2024-11-08T14:11:12-0500] -------------------------------
[2024-11-08T14:11:12-0500] Waiting for 2 s...
[2024-11-08T14:11:14-0500] -------------------------------
[2024-11-08T14:11:14-0500] Starting 5G booster for 5 s...
[2024-11-08T14:11:14-0500] 5G booster started at 2024-11-08 14:11:14.334 EST
[2024-11-08T14:11:20-0500] Current time exceeds end time, skipping wait
[2024-11-08T14:11:20-0500] Saved TCP DL results to /data/data/com.termux/files/home/storage/shared/bos_la_2024_trip/starlink/20241108/140659739/tcp_downlink_141114360.out
[2024-11-08T14:11:20-0500] DL AVG TPUT: 
[2024-11-08T14:11:20-0500] 5G booster finished at 2024-11-08 14:11:20.418 EST, duration: 6.084 s
[2024-11-08T14:11:20-0500] -------------------------------
[2024-11-08T14:11:20-0500] Waiting for 2 s...
[2024-11-08T14:11:22-0500] -------------------------------
[2024-11-08T14:11:22-0500] ICMP Ping test started at 2024-11-08 14:11:22.510 EST
[2024-11-08T14:11:52-0500] Waiting for .900 s to reach end time
[2024-11-08T14:11:53-0500] Saved ping test to /data/data/com.termux/files/home/storage/shared/bos_la_2024_trip/starlink/20241108/140659739/icmp_ping_141122541.out
[2024-11-08T14:11:53-0500] Ping summary (min/avg/max/mdev) = 26.789/40.942/84.225/12.301 ms
[2024-11-08T14:11:53-0500] Ping test finished at 2024-11-08 14:11:53.592 EST, duration: 31.082 s
[2024-11-08T14:11:53-0500] -------------------------------
[2024-11-08T14:11:53-0500] Waiting for 2 s...
[2024-11-08T14:11:55-0500] -------------------------------
[2024-11-08T14:11:55-0500] Starting 5G booster for 5 s...
[2024-11-08T14:11:55-0500] 5G booster started at 2024-11-08 14:11:55.713 EST
[2024-11-08T14:12:01-0500] Current time exceeds end time, skipping wait
[2024-11-08T14:12:01-0500] Saved TCP DL results to /data/data/com.termux/files/home/storage/shared/bos_la_2024_trip/starlink/20241108/140659739/tcp_downlink_141155743.out
[2024-11-08T14:12:01-0500] DL AVG TPUT: 
[2024-11-08T14:12:01-0500] 5G booster finished at 2024-11-08 14:12:01.804 EST, duration: 6.091 s
[2024-11-08T14:12:01-0500] -------------------------------
[2024-11-08T14:12:01-0500] Waiting for 2 s...
[2024-11-08T14:12:03-0500] -------------------------------
[2024-11-08T14:12:03-0500] TCP Ping test started at 2024-11-08 14:12:03.912 EST
[2024-11-08T14:12:35-0500] Current time exceeds end time, skipping wait
[2024-11-08T14:12:35-0500] Saved TCP Ping test to /data/data/com.termux/files/home/storage/shared/bos_la_2024_trip/starlink/20241108/140659739/tcp_ping_141203956.out
[2024-11-08T14:12:35-0500] TCP Ping summary (min/avg/max/mdev) 
[2024-11-08T14:12:35-0500] TCP Ping test finished at 2024-11-08 14:12:35.072 EST, duration: 31.160 s
[2024-11-08T14:12:35-0500] -------------------------------
[2024-11-08T14:12:35-0500] Waiting for 2 s...
[2024-11-08T14:12:37-0500] -------------------------------
[2024-11-08T14:12:37-0500] Traceroute test started at 2024-11-08 14:12:37.183 EST
[2024-11-08T14:12:38-0500] Waiting for 28.879 s to reach end time
[2024-11-08T14:13:07-0500] Saved traceroute test to /data/data/com.termux/files/home/storage/shared/bos_la_2024_trip/starlink/20241108/140659739/traceroute_141237208.out
[2024-11-08T14:13:07-0500] Traceroute summary (min/avg/max/mdev) 
[2024-11-08T14:13:07-0500] Traceroute test finished at 2024-11-08 14:13:07.263 EST, duration: 30.080 s
[2024-11-08T14:13:07-0500] -------------------------------
[2024-11-08T14:13:07-0500] All tests completed, cleaning up...
[2024-11-08T14:13:07-0500] -------------------------------
[2024-11-08T14:13:55-0500] [measurement] Load environment variables from prod.env file
[2024-11-08T14:13:55-0500] Starting a network measurement, please choose a server
[2024-11-08T14:13:55-0500] 0) West Cloud: 54.176.53.206
[2024-11-08T14:13:55-0500] 1) East Cloud: 54.197.223.49
[2024-11-08T14:14:17-0500] Enter your choice (0-1): Testing starlink, server 1 (ip: 54.197.223.49, nuttcp_port: 5103, iperf_port: 5003)
[2024-11-08T14:14:17-0500] -------------------------------
[2024-11-08T14:14:17-0500] tcp downlink test started at 2024-11-08 14:14:17.103 EST
[2024-11-08T14:14:17-0500] Testing tcp downlink with 54.197.223.49:5103, interval 0.5 s, duration 120 s, timeout 121 s...
[2024-11-08T14:16:18-0500] Current time exceeds end time, skipping wait
[2024-11-08T14:16:18-0500] Saved tcp downlink test to /data/data/com.termux/files/home/storage/shared/bos_la_2024_trip/starlink/20241108/141417086/tcp_downlink_141417137.out
[2024-11-08T14:16:18-0500] DL AVG TPUT: 
[2024-11-08T14:16:18-0500] tcp downlink test finished at 2024-11-08 14:16:18.226 EST, duration: 121.123 s
[2024-11-08T14:16:18-0500] -------------------------------
[2024-11-08T14:16:18-0500] Waiting for 2 s...
[2024-11-08T14:16:20-0500] -------------------------------
[2024-11-08T14:16:20-0500] Starting 5G booster for 5 s...
[2024-11-08T14:16:20-0500] 5G booster started at 2024-11-08 14:16:20.325 EST
[2024-11-08T14:16:26-0500] Current time exceeds end time, skipping wait
[2024-11-08T14:16:26-0500] Saved TCP DL results to /data/data/com.termux/files/home/storage/shared/bos_la_2024_trip/starlink/20241108/141417086/tcp_downlink_141620352.out
[2024-11-08T14:16:26-0500] DL AVG TPUT: 
[2024-11-08T14:16:26-0500] 5G booster finished at 2024-11-08 14:16:26.447 EST, duration: 6.122 s
[2024-11-08T14:16:26-0500] -------------------------------
[2024-11-08T14:16:26-0500] Waiting for 2 s...
[2024-11-08T14:16:28-0500] -------------------------------
[2024-11-08T14:16:28-0500] tcp uplink test started at 2024-11-08 14:16:28.560 EST
[2024-11-08T14:16:28-0500] testing tcp uplink with 54.197.223.49:5103, interval 0.5, duration 120, timeout 121 ...
[2024-11-08T14:18:29-0500] Waiting for .036 s to reach end time
[2024-11-08T14:18:29-0500] Saved uplink test to /data/data/com.termux/files/home/storage/shared/bos_la_2024_trip/starlink/20241108/141417086/tcp_uplink_141628586.out
[2024-11-08T14:18:29-0500] UL AVG TPUT: 12.0752 Mbps
[2024-11-08T14:18:29-0500] tcp uplink test finished at 2024-11-08 14:18:29.639 EST, duration: 121.079 s
[2024-11-08T14:18:29-0500] -------------------------------
[2024-11-08T14:18:29-0500] Waiting for 2 s...
[2024-11-08T14:18:31-0500] -------------------------------
[2024-11-08T14:18:31-0500] Starting 5G booster for 5 s...
[2024-11-08T14:18:31-0500] 5G booster started at 2024-11-08 14:18:31.761 EST
[2024-11-08T14:18:37-0500] Current time exceeds end time, skipping wait
[2024-11-08T14:18:37-0500] Saved TCP DL results to /data/data/com.termux/files/home/storage/shared/bos_la_2024_trip/starlink/20241108/141417086/tcp_downlink_141831785.out
[2024-11-08T14:18:37-0500] DL AVG TPUT: 
[2024-11-08T14:18:37-0500] 5G booster finished at 2024-11-08 14:18:37.855 EST, duration: 6.094 s
[2024-11-08T14:18:37-0500] -------------------------------
[2024-11-08T14:18:37-0500] Waiting for 2 s...
[2024-11-08T14:18:39-0500] -------------------------------
[2024-11-08T14:18:40-0500] ICMP Ping test started at 2024-11-08 14:18:39.977 EST
[2024-11-08T14:19:10-0500] Waiting for .844 s to reach end time
[2024-11-08T14:19:11-0500] Saved ping test to /data/data/com.termux/files/home/storage/shared/bos_la_2024_trip/starlink/20241108/141417086/icmp_ping_141840033.out
[2024-11-08T14:19:11-0500] Ping summary (min/avg/max/mdev) = 27.220/48.830/152.769/18.828 ms
[2024-11-08T14:19:11-0500] Ping test finished at 2024-11-08 14:19:11.086 EST, duration: 31.109 s
[2024-11-08T14:19:11-0500] -------------------------------
[2024-11-08T14:19:11-0500] Waiting for 2 s...
[2024-11-08T14:19:13-0500] -------------------------------
[2024-11-08T14:19:13-0500] Starting 5G booster for 5 s...
[2024-11-08T14:19:13-0500] 5G booster started at 2024-11-08 14:19:13.194 EST
[2024-11-08T14:19:19-0500] Current time exceeds end time, skipping wait
[2024-11-08T14:19:19-0500] Saved TCP DL results to /data/data/com.termux/files/home/storage/shared/bos_la_2024_trip/starlink/20241108/141417086/tcp_downlink_141913245.out
[2024-11-08T14:19:19-0500] DL AVG TPUT: 
[2024-11-08T14:19:19-0500] 5G booster finished at 2024-11-08 14:19:19.314 EST, duration: 6.120 s
[2024-11-08T14:19:19-0500] -------------------------------
[2024-11-08T14:19:19-0500] Waiting for 2 s...
[2024-11-08T14:19:21-0500] -------------------------------
[2024-11-08T14:19:21-0500] TCP Ping test started at 2024-11-08 14:19:21.420 EST
[2024-11-08T14:19:52-0500] Current time exceeds end time, skipping wait
[2024-11-08T14:19:52-0500] Saved TCP Ping test to /data/data/com.termux/files/home/storage/shared/bos_la_2024_trip/starlink/20241108/141417086/tcp_ping_141921448.out
[2024-11-08T14:19:52-0500] TCP Ping summary (min/avg/max/mdev) 
[2024-11-08T14:19:52-0500] TCP Ping test finished at 2024-11-08 14:19:52.560 EST, duration: 31.140 s
[2024-11-08T14:19:52-0500] -------------------------------
[2024-11-08T14:19:52-0500] Waiting for 2 s...
[2024-11-08T14:19:54-0500] -------------------------------
[2024-11-08T14:19:54-0500] Traceroute test started at 2024-11-08 14:19:54.639 EST
[2024-11-08T14:19:56-0500] Waiting for 28.426 s to reach end time
[2024-11-08T14:20:24-0500] Saved traceroute test to /data/data/com.termux/files/home/storage/shared/bos_la_2024_trip/starlink/20241108/141417086/traceroute_141954664.out
[2024-11-08T14:20:24-0500] Traceroute summary (min/avg/max/mdev) 
[2024-11-08T14:20:24-0500] Traceroute test finished at 2024-11-08 14:20:24.740 EST, duration: 30.101 s
[2024-11-08T14:20:24-0500] -------------------------------
[2024-11-08T14:20:24-0500] All tests completed, cleaning up...
[2024-11-08T14:20:24-0500] -------------------------------
[2024-11-08T14:20:37-0500] [measurement] Load environment variables from prod.env file
[2024-11-08T14:20:37-0500] Starting a network measurement, please choose a server
[2024-11-08T14:20:37-0500] 0) West Cloud: 54.176.53.206
[2024-11-08T14:20:37-0500] 1) East Cloud: 54.197.223.49
[2024-11-08T14:21:35-0500] Enter your choice (0-1): Testing starlink, server 1 (ip: 54.197.223.49, nuttcp_port: 5103, iperf_port: 5003)
[2024-11-08T14:21:35-0500] -------------------------------
[2024-11-08T14:21:35-0500] tcp downlink test started at 2024-11-08 14:21:35.214 EST
[2024-11-08T14:21:35-0500] Testing tcp downlink with 54.197.223.49:5103, interval 0.5 s, duration 120 s, timeout 121 s...
[2024-11-08T14:23:36-0500] Current time exceeds end time, skipping wait
[2024-11-08T14:23:36-0500] Saved tcp downlink test to /data/data/com.termux/files/home/storage/shared/bos_la_2024_trip/starlink/20241108/142135198/tcp_downlink_142135239.out
[2024-11-08T14:23:36-0500] DL AVG TPUT: 
[2024-11-08T14:23:36-0500] tcp downlink test finished at 2024-11-08 14:23:36.317 EST, duration: 121.103 s
[2024-11-08T14:23:36-0500] -------------------------------
[2024-11-08T14:23:36-0500] Waiting for 2 s...
[2024-11-08T14:23:38-0500] -------------------------------
[2024-11-08T14:23:38-0500] Starting 5G booster for 5 s...
[2024-11-08T14:23:38-0500] 5G booster started at 2024-11-08 14:23:38.395 EST
[2024-11-08T14:23:44-0500] Current time exceeds end time, skipping wait
[2024-11-08T14:23:44-0500] Saved TCP DL results to /data/data/com.termux/files/home/storage/shared/bos_la_2024_trip/starlink/20241108/142135198/tcp_downlink_142338423.out
[2024-11-08T14:23:44-0500] DL AVG TPUT: 
[2024-11-08T14:23:44-0500] 5G booster finished at 2024-11-08 14:23:44.470 EST, duration: 6.075 s
[2024-11-08T14:23:44-0500] -------------------------------
[2024-11-08T14:23:44-0500] Waiting for 2 s...
[2024-11-08T14:23:46-0500] -------------------------------
[2024-11-08T14:23:46-0500] tcp uplink test started at 2024-11-08 14:23:46.576 EST
[2024-11-08T14:23:46-0500] testing tcp uplink with 54.197.223.49:5103, interval 0.5, duration 120, timeout 121 ...
[2024-11-08T14:25:47-0500] Current time exceeds end time, skipping wait
[2024-11-08T14:25:47-0500] Saved uplink test to /data/data/com.termux/files/home/storage/shared/bos_la_2024_trip/starlink/20241108/142135198/tcp_uplink_142346604.out
[2024-11-08T14:25:47-0500] UL AVG TPUT: 
[2024-11-08T14:25:47-0500] tcp uplink test finished at 2024-11-08 14:25:47.680 EST, duration: 121.104 s
[2024-11-08T14:25:47-0500] -------------------------------
[2024-11-08T14:25:47-0500] Waiting for 2 s...
[2024-11-08T14:25:49-0500] -------------------------------
[2024-11-08T14:25:49-0500] Starting 5G booster for 5 s...
[2024-11-08T14:25:49-0500] 5G booster started at 2024-11-08 14:25:49.783 EST
[2024-11-08T14:25:55-0500] Current time exceeds end time, skipping wait
[2024-11-08T14:25:55-0500] Saved TCP DL results to /data/data/com.termux/files/home/storage/shared/bos_la_2024_trip/starlink/20241108/142135198/tcp_downlink_142549808.out
[2024-11-08T14:25:55-0500] DL AVG TPUT: 
[2024-11-08T14:25:55-0500] 5G booster finished at 2024-11-08 14:25:55.895 EST, duration: 6.112 s
[2024-11-08T14:25:55-0500] -------------------------------
[2024-11-08T14:25:55-0500] Waiting for 2 s...
[2024-11-08T14:25:57-0500] -------------------------------
[2024-11-08T14:25:58-0500] ICMP Ping test started at 2024-11-08 14:25:57.998 EST
[2024-11-08T14:26:28-0500] Waiting for .870 s to reach end time
[2024-11-08T14:26:29-0500] Saved ping test to /data/data/com.termux/files/home/storage/shared/bos_la_2024_trip/starlink/20241108/142135198/icmp_ping_142558050.out
[2024-11-08T14:26:29-0500] Ping summary (min/avg/max/mdev) = 27.008/44.729/127.075/18.885 ms
[2024-11-08T14:26:29-0500] Ping test finished at 2024-11-08 14:26:29.133 EST, duration: 31.135 s
[2024-11-08T14:26:29-0500] -------------------------------
[2024-11-08T14:26:29-0500] Waiting for 2 s...
[2024-11-08T14:26:31-0500] -------------------------------
[2024-11-08T14:26:31-0500] Starting 5G booster for 5 s...
[2024-11-08T14:26:31-0500] 5G booster started at 2024-11-08 14:26:31.246 EST
[2024-11-08T14:26:37-0500] Current time exceeds end time, skipping wait
[2024-11-08T14:26:37-0500] Saved TCP DL results to /data/data/com.termux/files/home/storage/shared/bos_la_2024_trip/starlink/20241108/142135198/tcp_downlink_142631298.out
[2024-11-08T14:26:37-0500] DL AVG TPUT: 
[2024-11-08T14:26:37-0500] 5G booster finished at 2024-11-08 14:26:37.347 EST, duration: 6.101 s
[2024-11-08T14:26:37-0500] -------------------------------
[2024-11-08T14:26:37-0500] Waiting for 2 s...
[2024-11-08T14:26:39-0500] -------------------------------
[2024-11-08T14:26:39-0500] TCP Ping test started at 2024-11-08 14:26:39.456 EST
[2024-11-08T14:27:10-0500] Current time exceeds end time, skipping wait
[2024-11-08T14:27:10-0500] Saved TCP Ping test to /data/data/com.termux/files/home/storage/shared/bos_la_2024_trip/starlink/20241108/142135198/tcp_ping_142639508.out
[2024-11-08T14:27:10-0500] TCP Ping summary (min/avg/max/mdev) 
[2024-11-08T14:27:10-0500] TCP Ping test finished at 2024-11-08 14:27:10.587 EST, duration: 31.131 s
[2024-11-08T14:27:10-0500] -------------------------------
[2024-11-08T14:27:10-0500] Waiting for 2 s...
[2024-11-08T14:27:12-0500] -------------------------------
[2024-11-08T14:27:12-0500] Traceroute test started at 2024-11-08 14:27:12.680 EST
[2024-11-08T14:27:14-0500] Waiting for 28.423 s to reach end time
[2024-11-08T14:27:42-0500] Saved traceroute test to /data/data/com.termux/files/home/storage/shared/bos_la_2024_trip/starlink/20241108/142135198/traceroute_142712707.out
[2024-11-08T14:27:42-0500] Traceroute summary (min/avg/max/mdev) 
[2024-11-08T14:27:42-0500] Traceroute test finished at 2024-11-08 14:27:42.776 EST, duration: 30.096 s
[2024-11-08T14:27:42-0500] -------------------------------
[2024-11-08T14:27:42-0500] All tests completed, cleaning up...
[2024-11-08T14:27:42-0500] -------------------------------
[2024-11-08T14:27:50-0500] [measurement] Load environment variables from prod.env file
[2024-11-08T14:27:50-0500] Starting a network measurement, please choose a server
[2024-11-08T14:27:50-0500] 0) West Cloud: 54.176.53.206
[2024-11-08T14:27:50-0500] 1) East Cloud: 54.197.223.49
[2024-11-08T14:28:12-0500] Enter your choice (0-1): Testing starlink, server 1 (ip: 54.197.223.49, nuttcp_port: 5103, iperf_port: 5003)
[2024-11-08T14:28:12-0500] -------------------------------
[2024-11-08T14:28:12-0500] tcp downlink test started at 2024-11-08 14:28:12.442 EST
[2024-11-08T14:28:12-0500] Testing tcp downlink with 54.197.223.49:5103, interval 0.5 s, duration 120 s, timeout 121 s...
[2024-11-08T14:30:13-0500] Current time exceeds end time, skipping wait
[2024-11-08T14:30:13-0500] Saved tcp downlink test to /data/data/com.termux/files/home/storage/shared/bos_la_2024_trip/starlink/20241108/142812420/tcp_downlink_142812470.out
[2024-11-08T14:30:13-0500] DL AVG TPUT: 
[2024-11-08T14:30:13-0500] tcp downlink test finished at 2024-11-08 14:30:13.591 EST, duration: 121.149 s
[2024-11-08T14:30:13-0500] -------------------------------
[2024-11-08T14:30:13-0500] Waiting for 2 s...
[2024-11-08T14:30:15-0500] -------------------------------
[2024-11-08T14:30:15-0500] Starting 5G booster for 5 s...
[2024-11-08T14:30:15-0500] 5G booster started at 2024-11-08 14:30:15.730 EST
[2024-11-08T14:30:21-0500] Current time exceeds end time, skipping wait
[2024-11-08T14:30:21-0500] Saved TCP DL results to /data/data/com.termux/files/home/storage/shared/bos_la_2024_trip/starlink/20241108/142812420/tcp_downlink_143015756.out
[2024-11-08T14:30:21-0500] DL AVG TPUT: 
[2024-11-08T14:30:21-0500] 5G booster finished at 2024-11-08 14:30:21.835 EST, duration: 6.105 s
[2024-11-08T14:30:21-0500] -------------------------------
[2024-11-08T14:30:21-0500] Waiting for 2 s...
[2024-11-08T14:30:23-0500] -------------------------------
[2024-11-08T14:30:23-0500] tcp uplink test started at 2024-11-08 14:30:23.950 EST
[2024-11-08T14:30:23-0500] testing tcp uplink with 54.197.223.49:5103, interval 0.5, duration 120, timeout 121 ...
[2024-11-08T14:32:25-0500] Current time exceeds end time, skipping wait
[2024-11-08T14:32:25-0500] Saved uplink test to /data/data/com.termux/files/home/storage/shared/bos_la_2024_trip/starlink/20241108/142812420/tcp_uplink_143023974.out
[2024-11-08T14:32:25-0500] UL AVG TPUT: 
[2024-11-08T14:32:25-0500] tcp uplink test finished at 2024-11-08 14:32:25.107 EST, duration: 121.157 s
[2024-11-08T14:32:25-0500] -------------------------------
[2024-11-08T14:32:25-0500] Waiting for 2 s...
[2024-11-08T14:32:27-0500] -------------------------------
[2024-11-08T14:32:27-0500] Starting 5G booster for 5 s...
[2024-11-08T14:32:27-0500] 5G booster started at 2024-11-08 14:32:27.223 EST
[2024-11-08T14:32:33-0500] Current time exceeds end time, skipping wait
[2024-11-08T14:32:33-0500] Saved TCP DL results to /data/data/com.termux/files/home/storage/shared/bos_la_2024_trip/starlink/20241108/142812420/tcp_downlink_143227249.out
[2024-11-08T14:32:33-0500] DL AVG TPUT: 
[2024-11-08T14:32:33-0500] 5G booster finished at 2024-11-08 14:32:33.325 EST, duration: 6.102 s
[2024-11-08T14:32:33-0500] -------------------------------
[2024-11-08T14:32:33-0500] Waiting for 2 s...
[2024-11-08T14:32:35-0500] -------------------------------
[2024-11-08T14:32:35-0500] ICMP Ping test started at 2024-11-08 14:32:35.424 EST
[2024-11-08T14:33:05-0500] Waiting for .894 s to reach end time
[2024-11-08T14:33:06-0500] Saved ping test to /data/data/com.termux/files/home/storage/shared/bos_la_2024_trip/starlink/20241108/142812420/icmp_ping_143235451.out
[2024-11-08T14:33:06-0500] Ping summary (min/avg/max/mdev) = 24.054/39.470/89.089/15.113 ms
[2024-11-08T14:33:06-0500] Ping test finished at 2024-11-08 14:33:06.503 EST, duration: 31.079 s
[2024-11-08T14:33:06-0500] -------------------------------
[2024-11-08T14:33:06-0500] Waiting for 2 s...
[2024-11-08T14:33:08-0500] -------------------------------
[2024-11-08T14:33:08-0500] Starting 5G booster for 5 s...
[2024-11-08T14:33:08-0500] 5G booster started at 2024-11-08 14:33:08.629 EST
[2024-11-08T14:33:14-0500] Current time exceeds end time, skipping wait
[2024-11-08T14:33:14-0500] Saved TCP DL results to /data/data/com.termux/files/home/storage/shared/bos_la_2024_trip/starlink/20241108/142812420/tcp_downlink_143308681.out
[2024-11-08T14:33:14-0500] DL AVG TPUT: 
[2024-11-08T14:33:14-0500] 5G booster finished at 2024-11-08 14:33:14.747 EST, duration: 6.118 s
[2024-11-08T14:33:14-0500] -------------------------------
[2024-11-08T14:33:14-0500] Waiting for 2 s...
[2024-11-08T14:33:16-0500] -------------------------------
[2024-11-08T14:33:16-0500] TCP Ping test started at 2024-11-08 14:33:16.830 EST
[2024-11-08T14:33:47-0500] Current time exceeds end time, skipping wait
[2024-11-08T14:33:47-0500] Saved TCP Ping test to /data/data/com.termux/files/home/storage/shared/bos_la_2024_trip/starlink/20241108/142812420/tcp_ping_143316865.out
[2024-11-08T14:33:48-0500] TCP Ping summary (min/avg/max/mdev) 
[2024-11-08T14:33:48-0500] TCP Ping test finished at 2024-11-08 14:33:47.995 EST, duration: 31.165 s
[2024-11-08T14:33:48-0500] -------------------------------
[2024-11-08T14:33:48-0500] Waiting for 2 s...
[2024-11-08T14:33:50-0500] -------------------------------
[2024-11-08T14:33:50-0500] Traceroute test started at 2024-11-08 14:33:50.117 EST
[2024-11-08T14:33:51-0500] Waiting for 28.439 s to reach end time
[2024-11-08T14:34:20-0500] Saved traceroute test to /data/data/com.termux/files/home/storage/shared/bos_la_2024_trip/starlink/20241108/142812420/traceroute_143350172.out
[2024-11-08T14:34:20-0500] Traceroute summary (min/avg/max/mdev) 
[2024-11-08T14:34:20-0500] Traceroute test finished at 2024-11-08 14:34:20.207 EST, duration: 30.090 s
[2024-11-08T14:34:20-0500] -------------------------------
[2024-11-08T14:34:20-0500] All tests completed, cleaning up...
[2024-11-08T14:34:20-0500] -------------------------------
[2024-11-08T14:35:04-0500] [measurement] Load environment variables from prod.env file
[2024-11-08T14:35:04-0500] Starting a network measurement, please choose a server
[2024-11-08T14:35:04-0500] 0) West Cloud: 54.176.53.206
[2024-11-08T14:35:04-0500] 1) East Cloud: 54.197.223.49
[2024-11-08T14:35:31-0500] Enter your choice (0-1): Testing starlink, server 1 (ip: 54.197.223.49, nuttcp_port: 5103, iperf_port: 5003)
[2024-11-08T14:35:31-0500] -------------------------------
[2024-11-08T14:35:31-0500] tcp downlink test started at 2024-11-08 14:35:31.446 EST
[2024-11-08T14:35:31-0500] Testing tcp downlink with 54.197.223.49:5103, interval 0.5 s, duration 120 s, timeout 121 s...
[2024-11-08T14:37:32-0500] Current time exceeds end time, skipping wait
[2024-11-08T14:37:32-0500] Saved tcp downlink test to /data/data/com.termux/files/home/storage/shared/bos_la_2024_trip/starlink/20241108/143531425/tcp_downlink_143531471.out
[2024-11-08T14:37:32-0500] DL AVG TPUT: 
[2024-11-08T14:37:32-0500] tcp downlink test finished at 2024-11-08 14:37:32.536 EST, duration: 121.090 s
[2024-11-08T14:37:32-0500] -------------------------------
[2024-11-08T14:37:32-0500] Waiting for 2 s...
[2024-11-08T14:37:34-0500] -------------------------------
[2024-11-08T14:37:34-0500] Starting 5G booster for 5 s...
[2024-11-08T14:37:34-0500] 5G booster started at 2024-11-08 14:37:34.657 EST
[2024-11-08T14:37:40-0500] Current time exceeds end time, skipping wait
[2024-11-08T14:37:40-0500] Saved TCP DL results to /data/data/com.termux/files/home/storage/shared/bos_la_2024_trip/starlink/20241108/143531425/tcp_downlink_143734709.out
[2024-11-08T14:37:40-0500] DL AVG TPUT: 
[2024-11-08T14:37:40-0500] 5G booster finished at 2024-11-08 14:37:40.780 EST, duration: 6.123 s
[2024-11-08T14:37:40-0500] -------------------------------
[2024-11-08T14:37:40-0500] Waiting for 2 s...
[2024-11-08T14:37:42-0500] -------------------------------
[2024-11-08T14:37:42-0500] tcp uplink test started at 2024-11-08 14:37:42.894 EST
[2024-11-08T14:37:42-0500] testing tcp uplink with 54.197.223.49:5103, interval 0.5, duration 120, timeout 121 ...
[2024-11-08T14:39:43-0500] Waiting for .244 s to reach end time
[2024-11-08T14:39:44-0500] Saved uplink test to /data/data/com.termux/files/home/storage/shared/bos_la_2024_trip/starlink/20241108/143531425/tcp_uplink_143742929.out
[2024-11-08T14:39:44-0500] UL AVG TPUT: 9.4308 Mbps
[2024-11-08T14:39:44-0500] tcp uplink test finished at 2024-11-08 14:39:44.011 EST, duration: 121.117 s
[2024-11-08T14:39:44-0500] -------------------------------
[2024-11-08T14:39:44-0500] Waiting for 2 s...
[2024-11-08T14:39:46-0500] -------------------------------
[2024-11-08T14:39:46-0500] Starting 5G booster for 5 s...
[2024-11-08T14:39:46-0500] 5G booster started at 2024-11-08 14:39:46.144 EST
[2024-11-08T14:39:52-0500] Current time exceeds end time, skipping wait
[2024-11-08T14:39:52-0500] Saved TCP DL results to /data/data/com.termux/files/home/storage/shared/bos_la_2024_trip/starlink/20241108/143531425/tcp_downlink_143946178.out
[2024-11-08T14:39:52-0500] DL AVG TPUT: 
[2024-11-08T14:39:52-0500] 5G booster finished at 2024-11-08 14:39:52.260 EST, duration: 6.116 s
[2024-11-08T14:39:52-0500] -------------------------------
[2024-11-08T14:39:52-0500] Waiting for 2 s...
[2024-11-08T14:39:54-0500] -------------------------------
[2024-11-08T14:39:54-0500] ICMP Ping test started at 2024-11-08 14:39:54.362 EST
[2024-11-08T14:40:24-0500] Waiting for .895 s to reach end time
[2024-11-08T14:40:25-0500] Saved ping test to /data/data/com.termux/files/home/storage/shared/bos_la_2024_trip/starlink/20241108/143531425/icmp_ping_143954391.out
[2024-11-08T14:40:25-0500] Ping summary (min/avg/max/mdev) = 23.016/46.940/117.601/18.765 ms
[2024-11-08T14:40:25-0500] Ping test finished at 2024-11-08 14:40:25.481 EST, duration: 31.119 s
[2024-11-08T14:40:25-0500] -------------------------------
[2024-11-08T14:40:25-0500] Waiting for 2 s...
[2024-11-08T14:40:27-0500] -------------------------------
[2024-11-08T14:40:27-0500] Starting 5G booster for 5 s...
[2024-11-08T14:40:27-0500] 5G booster started at 2024-11-08 14:40:27.590 EST
[2024-11-08T14:40:33-0500] Current time exceeds end time, skipping wait
[2024-11-08T14:40:33-0500] Saved TCP DL results to /data/data/com.termux/files/home/storage/shared/bos_la_2024_trip/starlink/20241108/143531425/tcp_downlink_144027619.out
[2024-11-08T14:40:33-0500] DL AVG TPUT: 
[2024-11-08T14:40:33-0500] 5G booster finished at 2024-11-08 14:40:33.708 EST, duration: 6.118 s
[2024-11-08T14:40:33-0500] -------------------------------
[2024-11-08T14:40:33-0500] Waiting for 2 s...
[2024-11-08T14:40:35-0500] -------------------------------
[2024-11-08T14:40:35-0500] TCP Ping test started at 2024-11-08 14:40:35.828 EST
[2024-11-08T14:41:06-0500] Current time exceeds end time, skipping wait
[2024-11-08T14:41:06-0500] Saved TCP Ping test to /data/data/com.termux/files/home/storage/shared/bos_la_2024_trip/starlink/20241108/143531425/tcp_ping_144035859.out
[2024-11-08T14:41:06-0500] TCP Ping summary (min/avg/max/mdev) 
[2024-11-08T14:41:07-0500] TCP Ping test finished at 2024-11-08 14:41:06.965 EST, duration: 31.137 s
[2024-11-08T14:41:07-0500] -------------------------------
[2024-11-08T14:41:07-0500] Waiting for 2 s...
[2024-11-08T14:41:09-0500] -------------------------------
[2024-11-08T14:41:09-0500] Traceroute test started at 2024-11-08 14:41:09.089 EST
[2024-11-08T14:41:10-0500] Waiting for 28.822 s to reach end time
[2024-11-08T14:41:39-0500] Saved traceroute test to /data/data/com.termux/files/home/storage/shared/bos_la_2024_trip/starlink/20241108/143531425/traceroute_144109139.out
[2024-11-08T14:41:39-0500] Traceroute summary (min/avg/max/mdev) 
[2024-11-08T14:41:39-0500] Traceroute test finished at 2024-11-08 14:41:39.173 EST, duration: 30.084 s
[2024-11-08T14:41:39-0500] -------------------------------
[2024-11-08T14:41:39-0500] All tests completed, cleaning up...
[2024-11-08T14:41:39-0500] -------------------------------
[2024-11-08T14:41:51-0500] [measurement] Load environment variables from prod.env file
[2024-11-08T14:41:51-0500] Starting a network measurement, please choose a server
[2024-11-08T14:41:51-0500] 0) West Cloud: 54.176.53.206
[2024-11-08T14:41:51-0500] 1) East Cloud: 54.197.223.49
[2024-11-08T14:42:17-0500] Enter your choice (0-1): Testing starlink, server 1 (ip: 54.197.223.49, nuttcp_port: 5103, iperf_port: 5003)
[2024-11-08T14:42:18-0500] -------------------------------
[2024-11-08T14:42:18-0500] tcp downlink test started at 2024-11-08 14:42:18.014 EST
[2024-11-08T14:42:18-0500] Testing tcp downlink with 54.197.223.49:5103, interval 0.5 s, duration 120 s, timeout 121 s...
[2024-11-08T14:44:19-0500] Current time exceeds end time, skipping wait
[2024-11-08T14:44:19-0500] Saved tcp downlink test to /data/data/com.termux/files/home/storage/shared/bos_la_2024_trip/starlink/20241108/144217996/tcp_downlink_144218040.out
[2024-11-08T14:44:19-0500] DL AVG TPUT: 
[2024-11-08T14:44:19-0500] tcp downlink test finished at 2024-11-08 14:44:19.129 EST, duration: 121.115 s
[2024-11-08T14:44:19-0500] -------------------------------
[2024-11-08T14:44:19-0500] Waiting for 2 s...
[2024-11-08T14:44:21-0500] -------------------------------
[2024-11-08T14:44:21-0500] Starting 5G booster for 5 s...
[2024-11-08T14:44:21-0500] 5G booster started at 2024-11-08 14:44:21.227 EST
[2024-11-08T14:44:27-0500] Current time exceeds end time, skipping wait
[2024-11-08T14:44:27-0500] Saved TCP DL results to /data/data/com.termux/files/home/storage/shared/bos_la_2024_trip/starlink/20241108/144217996/tcp_downlink_144421276.out
[2024-11-08T14:44:27-0500] DL AVG TPUT: 
[2024-11-08T14:44:27-0500] 5G booster finished at 2024-11-08 14:44:27.362 EST, duration: 6.135 s
[2024-11-08T14:44:27-0500] -------------------------------
[2024-11-08T14:44:27-0500] Waiting for 2 s...
[2024-11-08T14:44:29-0500] -------------------------------
[2024-11-08T14:44:29-0500] tcp uplink test started at 2024-11-08 14:44:29.456 EST
[2024-11-08T14:44:29-0500] testing tcp uplink with 54.197.223.49:5103, interval 0.5, duration 120, timeout 121 ...
[2024-11-08T14:46:30-0500] Current time exceeds end time, skipping wait
[2024-11-08T14:46:30-0500] Saved uplink test to /data/data/com.termux/files/home/storage/shared/bos_la_2024_trip/starlink/20241108/144217996/tcp_uplink_144429498.out
[2024-11-08T14:46:30-0500] UL AVG TPUT: 
[2024-11-08T14:46:30-0500] tcp uplink test finished at 2024-11-08 14:46:30.571 EST, duration: 121.115 s
[2024-11-08T14:46:30-0500] -------------------------------
[2024-11-08T14:46:30-0500] Waiting for 2 s...
[2024-11-08T14:46:32-0500] -------------------------------
[2024-11-08T14:46:32-0500] Starting 5G booster for 5 s...
[2024-11-08T14:46:32-0500] 5G booster started at 2024-11-08 14:46:32.683 EST
[2024-11-08T14:46:38-0500] Current time exceeds end time, skipping wait
[2024-11-08T14:46:38-0500] Saved TCP DL results to /data/data/com.termux/files/home/storage/shared/bos_la_2024_trip/starlink/20241108/144217996/tcp_downlink_144632711.out
[2024-11-08T14:46:38-0500] DL AVG TPUT: 
[2024-11-08T14:46:38-0500] 5G booster finished at 2024-11-08 14:46:38.838 EST, duration: 6.155 s
[2024-11-08T14:46:38-0500] -------------------------------
[2024-11-08T14:46:38-0500] Waiting for 2 s...
[2024-11-08T14:46:40-0500] -------------------------------
[2024-11-08T14:46:40-0500] ICMP Ping test started at 2024-11-08 14:46:40.960 EST
[2024-11-08T14:47:11-0500] Waiting for .898 s to reach end time
[2024-11-08T14:47:12-0500] Saved ping test to /data/data/com.termux/files/home/storage/shared/bos_la_2024_trip/starlink/20241108/144217996/icmp_ping_144640987.out
[2024-11-08T14:47:12-0500] Ping summary (min/avg/max/mdev) = 24.714/50.093/134.599/20.166 ms
[2024-11-08T14:47:12-0500] Ping test finished at 2024-11-08 14:47:12.040 EST, duration: 31.080 s
[2024-11-08T14:47:12-0500] -------------------------------
[2024-11-08T14:47:12-0500] Waiting for 2 s...
[2024-11-08T14:47:14-0500] -------------------------------
[2024-11-08T14:47:14-0500] Starting 5G booster for 5 s...
[2024-11-08T14:47:14-0500] 5G booster started at 2024-11-08 14:47:14.172 EST
[2024-11-08T14:47:20-0500] Current time exceeds end time, skipping wait
[2024-11-08T14:47:20-0500] Saved TCP DL results to /data/data/com.termux/files/home/storage/shared/bos_la_2024_trip/starlink/20241108/144217996/tcp_downlink_144714205.out
[2024-11-08T14:47:20-0500] DL AVG TPUT: 
[2024-11-08T14:47:20-0500] 5G booster finished at 2024-11-08 14:47:20.292 EST, duration: 6.120 s
[2024-11-08T14:47:20-0500] -------------------------------
[2024-11-08T14:47:20-0500] Waiting for 2 s...
[2024-11-08T14:47:22-0500] -------------------------------
[2024-11-08T14:47:22-0500] TCP Ping test started at 2024-11-08 14:47:22.397 EST
[2024-11-08T14:47:53-0500] Current time exceeds end time, skipping wait
[2024-11-08T14:47:53-0500] Saved TCP Ping test to /data/data/com.termux/files/home/storage/shared/bos_la_2024_trip/starlink/20241108/144217996/tcp_ping_144722428.out
[2024-11-08T14:47:53-0500] TCP Ping summary (min/avg/max/mdev) 
[2024-11-08T14:47:53-0500] TCP Ping test finished at 2024-11-08 14:47:53.515 EST, duration: 31.118 s
[2024-11-08T14:47:53-0500] -------------------------------
[2024-11-08T14:47:53-0500] Waiting for 2 s...
[2024-11-08T14:47:55-0500] -------------------------------
[2024-11-08T14:47:55-0500] Traceroute test started at 2024-11-08 14:47:55.631 EST
[2024-11-08T14:48:00-0500] Waiting for 24.792 s to reach end time
[2024-11-08T14:48:25-0500] Saved traceroute test to /data/data/com.termux/files/home/storage/shared/bos_la_2024_trip/starlink/20241108/144217996/traceroute_144755660.out
[2024-11-08T14:48:25-0500] Traceroute summary (min/avg/max/mdev) 
[2024-11-08T14:48:25-0500] Traceroute test finished at 2024-11-08 14:48:25.727 EST, duration: 30.096 s
[2024-11-08T14:48:25-0500] -------------------------------
[2024-11-08T14:48:25-0500] All tests completed, cleaning up...
[2024-11-08T14:48:25-0500] -------------------------------
[2024-11-08T14:48:43-0500] [measurement] Load environment variables from prod.env file
[2024-11-08T14:48:43-0500] Starting a network measurement, please choose a server
[2024-11-08T14:48:43-0500] 0) West Cloud: 54.176.53.206
[2024-11-08T14:48:43-0500] 1) East Cloud: 54.197.223.49
[2024-11-08T14:49:02-0500] Enter your choice (0-1): Testing starlink, server 1 (ip: 54.197.223.49, nuttcp_port: 5103, iperf_port: 5003)
[2024-11-08T14:49:02-0500] -------------------------------
[2024-11-08T14:49:02-0500] tcp downlink test started at 2024-11-08 14:49:02.937 EST
[2024-11-08T14:49:02-0500] Testing tcp downlink with 54.197.223.49:5103, interval 0.5 s, duration 120 s, timeout 121 s...
[2024-11-08T14:51:04-0500] Current time exceeds end time, skipping wait
[2024-11-08T14:51:04-0500] Saved tcp downlink test to /data/data/com.termux/files/home/storage/shared/bos_la_2024_trip/starlink/20241108/144902920/tcp_downlink_144902959.out
[2024-11-08T14:51:04-0500] DL AVG TPUT: 
[2024-11-08T14:51:04-0500] tcp downlink test finished at 2024-11-08 14:51:04.047 EST, duration: 121.110 s
[2024-11-08T14:51:04-0500] -------------------------------
[2024-11-08T14:51:04-0500] Waiting for 2 s...
[2024-11-08T14:51:06-0500] -------------------------------
[2024-11-08T14:51:06-0500] Starting 5G booster for 5 s...
[2024-11-08T14:51:06-0500] 5G booster started at 2024-11-08 14:51:06.144 EST
[2024-11-08T14:51:12-0500] Current time exceeds end time, skipping wait
[2024-11-08T14:51:12-0500] Saved TCP DL results to /data/data/com.termux/files/home/storage/shared/bos_la_2024_trip/starlink/20241108/144902920/tcp_downlink_145106168.out
[2024-11-08T14:51:12-0500] DL AVG TPUT: 
[2024-11-08T14:51:12-0500] 5G booster finished at 2024-11-08 14:51:12.246 EST, duration: 6.102 s
[2024-11-08T14:51:12-0500] -------------------------------
[2024-11-08T14:51:12-0500] Waiting for 2 s...
[2024-11-08T14:51:14-0500] -------------------------------
[2024-11-08T14:51:14-0500] tcp uplink test started at 2024-11-08 14:51:14.340 EST
[2024-11-08T14:51:14-0500] testing tcp uplink with 54.197.223.49:5103, interval 0.5, duration 120, timeout 121 ...
[2024-11-08T14:53:15-0500] Current time exceeds end time, skipping wait
[2024-11-08T14:53:15-0500] Saved uplink test to /data/data/com.termux/files/home/storage/shared/bos_la_2024_trip/starlink/20241108/144902920/tcp_uplink_145114363.out
[2024-11-08T14:53:15-0500] UL AVG TPUT: 
[2024-11-08T14:53:15-0500] tcp uplink test finished at 2024-11-08 14:53:15.427 EST, duration: 121.087 s
[2024-11-08T14:53:15-0500] -------------------------------
[2024-11-08T14:53:15-0500] Waiting for 2 s...
[2024-11-08T14:53:17-0500] -------------------------------
[2024-11-08T14:53:17-0500] Starting 5G booster for 5 s...
[2024-11-08T14:53:17-0500] 5G booster started at 2024-11-08 14:53:17.527 EST
[2024-11-08T14:53:23-0500] Current time exceeds end time, skipping wait
[2024-11-08T14:53:23-0500] Saved TCP DL results to /data/data/com.termux/files/home/storage/shared/bos_la_2024_trip/starlink/20241108/144902920/tcp_downlink_145317551.out
[2024-11-08T14:53:23-0500] DL AVG TPUT: 
[2024-11-08T14:53:23-0500] 5G booster finished at 2024-11-08 14:53:23.610 EST, duration: 6.083 s
[2024-11-08T14:53:23-0500] -------------------------------
[2024-11-08T14:53:23-0500] Waiting for 2 s...
[2024-11-08T14:53:25-0500] -------------------------------
[2024-11-08T14:53:25-0500] ICMP Ping test started at 2024-11-08 14:53:25.724 EST
[2024-11-08T14:53:55-0500] Waiting for .857 s to reach end time
[2024-11-08T14:53:56-0500] Saved ping test to /data/data/com.termux/files/home/storage/shared/bos_la_2024_trip/starlink/20241108/144902920/icmp_ping_145325753.out
[2024-11-08T14:53:56-0500] Ping summary (min/avg/max/mdev) = 21.589/41.248/170.011/19.787 ms
[2024-11-08T14:53:56-0500] Ping test finished at 2024-11-08 14:53:56.840 EST, duration: 31.116 s
[2024-11-08T14:53:56-0500] -------------------------------
[2024-11-08T14:53:56-0500] Waiting for 2 s...
[2024-11-08T14:53:58-0500] -------------------------------
[2024-11-08T14:53:58-0500] Starting 5G booster for 5 s...
[2024-11-08T14:53:59-0500] 5G booster started at 2024-11-08 14:53:58.963 EST
[2024-11-08T14:54:05-0500] Current time exceeds end time, skipping wait
[2024-11-08T14:54:05-0500] Saved TCP DL results to /data/data/com.termux/files/home/storage/shared/bos_la_2024_trip/starlink/20241108/144902920/tcp_downlink_145359030.out
[2024-11-08T14:54:05-0500] DL AVG TPUT: 
[2024-11-08T14:54:05-0500] 5G booster finished at 2024-11-08 14:54:05.156 EST, duration: 6.193 s
[2024-11-08T14:54:05-0500] -------------------------------
[2024-11-08T14:54:05-0500] Waiting for 2 s...
[2024-11-08T14:54:07-0500] -------------------------------
[2024-11-08T14:54:07-0500] TCP Ping test started at 2024-11-08 14:54:07.267 EST
[2024-11-08T14:54:38-0500] Current time exceeds end time, skipping wait
[2024-11-08T14:54:38-0500] Saved TCP Ping test to /data/data/com.termux/files/home/storage/shared/bos_la_2024_trip/starlink/20241108/144902920/tcp_ping_145407301.out
[2024-11-08T14:54:38-0500] TCP Ping summary (min/avg/max/mdev) 
[2024-11-08T14:54:38-0500] TCP Ping test finished at 2024-11-08 14:54:38.394 EST, duration: 31.127 s
[2024-11-08T14:54:38-0500] -------------------------------
[2024-11-08T14:54:38-0500] Waiting for 2 s...
[2024-11-08T14:54:40-0500] -------------------------------
[2024-11-08T14:54:40-0500] Traceroute test started at 2024-11-08 14:54:40.475 EST
[2024-11-08T14:54:42-0500] Waiting for 28.199 s to reach end time
[2024-11-08T14:55:10-0500] Saved traceroute test to /data/data/com.termux/files/home/storage/shared/bos_la_2024_trip/starlink/20241108/144902920/traceroute_145440498.out
[2024-11-08T14:55:10-0500] Traceroute summary (min/avg/max/mdev) 
[2024-11-08T14:55:10-0500] Traceroute test finished at 2024-11-08 14:55:10.609 EST, duration: 30.134 s
[2024-11-08T14:55:10-0500] -------------------------------
[2024-11-08T14:55:10-0500] All tests completed, cleaning up...
[2024-11-08T14:55:10-0500] -------------------------------
[2024-11-08T14:55:23-0500] [measurement] Load environment variables from prod.env file
[2024-11-08T14:55:23-0500] Starting a network measurement, please choose a server
[2024-11-08T14:55:23-0500] 0) West Cloud: 54.176.53.206
[2024-11-08T14:55:23-0500] 1) East Cloud: 54.197.223.49
[2024-11-08T14:55:50-0500] Enter your choice (0-1): Testing starlink, server 1 (ip: 54.197.223.49, nuttcp_port: 5103, iperf_port: 5003)
[2024-11-08T14:55:50-0500] -------------------------------
[2024-11-08T14:55:50-0500] tcp downlink test started at 2024-11-08 14:55:50.668 EST
[2024-11-08T14:55:50-0500] Testing tcp downlink with 54.197.223.49:5103, interval 0.5 s, duration 120 s, timeout 121 s...
[2024-11-08T14:57:51-0500] Current time exceeds end time, skipping wait
[2024-11-08T14:57:51-0500] Saved tcp downlink test to /data/data/com.termux/files/home/storage/shared/bos_la_2024_trip/starlink/20241108/145550648/tcp_downlink_145550696.out
[2024-11-08T14:57:51-0500] DL AVG TPUT: 
[2024-11-08T14:57:51-0500] tcp downlink test finished at 2024-11-08 14:57:51.781 EST, duration: 121.113 s
[2024-11-08T14:57:51-0500] -------------------------------
[2024-11-08T14:57:51-0500] Waiting for 2 s...
[2024-11-08T14:57:53-0500] -------------------------------
[2024-11-08T14:57:53-0500] Starting 5G booster for 5 s...
[2024-11-08T14:57:53-0500] 5G booster started at 2024-11-08 14:57:53.885 EST
[2024-11-08T14:57:59-0500] Current time exceeds end time, skipping wait
[2024-11-08T14:58:00-0500] Saved TCP DL results to /data/data/com.termux/files/home/storage/shared/bos_la_2024_trip/starlink/20241108/145550648/tcp_downlink_145753915.out
[2024-11-08T14:58:00-0500] DL AVG TPUT: 
[2024-11-08T14:58:00-0500] 5G booster finished at 2024-11-08 14:57:59.996 EST, duration: 6.111 s
[2024-11-08T14:58:00-0500] -------------------------------
[2024-11-08T14:58:00-0500] Waiting for 2 s...
[2024-11-08T14:58:02-0500] -------------------------------
[2024-11-08T14:58:02-0500] tcp uplink test started at 2024-11-08 14:58:02.122 EST
[2024-11-08T14:58:02-0500] testing tcp uplink with 54.197.223.49:5103, interval 0.5, duration 120, timeout 121 ...
[2024-11-08T15:00:03-0500] Current time exceeds end time, skipping wait
[2024-11-08T15:00:03-0500] Saved uplink test to /data/data/com.termux/files/home/storage/shared/bos_la_2024_trip/starlink/20241108/145550648/tcp_uplink_145802171.out
[2024-11-08T15:00:03-0500] UL AVG TPUT: 
[2024-11-08T15:00:03-0500] tcp uplink test finished at 2024-11-08 15:00:03.254 EST, duration: 121.132 s
[2024-11-08T15:00:03-0500] -------------------------------
[2024-11-08T15:00:03-0500] Waiting for 2 s...
[2024-11-08T15:00:05-0500] -------------------------------
[2024-11-08T15:00:05-0500] Starting 5G booster for 5 s...
[2024-11-08T15:00:05-0500] 5G booster started at 2024-11-08 15:00:05.362 EST
[2024-11-08T15:00:11-0500] Current time exceeds end time, skipping wait
[2024-11-08T15:00:11-0500] Saved TCP DL results to /data/data/com.termux/files/home/storage/shared/bos_la_2024_trip/starlink/20241108/145550648/tcp_downlink_150005388.out
[2024-11-08T15:00:11-0500] DL AVG TPUT: 
[2024-11-08T15:00:11-0500] 5G booster finished at 2024-11-08 15:00:11.465 EST, duration: 6.103 s
[2024-11-08T15:00:11-0500] -------------------------------
[2024-11-08T15:00:11-0500] Waiting for 2 s...
[2024-11-08T15:00:13-0500] -------------------------------
[2024-11-08T15:00:13-0500] ICMP Ping test started at 2024-11-08 15:00:13.591 EST
[2024-11-08T15:00:43-0500] Waiting for .899 s to reach end time
[2024-11-08T15:00:44-0500] Saved ping test to /data/data/com.termux/files/home/storage/shared/bos_la_2024_trip/starlink/20241108/145550648/icmp_ping_150013622.out
[2024-11-08T15:00:44-0500] Ping summary (min/avg/max/mdev) = 29.386/44.306/114.707/15.651 ms
[2024-11-08T15:00:44-0500] Ping test finished at 2024-11-08 15:00:44.668 EST, duration: 31.077 s
[2024-11-08T15:00:44-0500] -------------------------------
[2024-11-08T15:00:44-0500] Waiting for 2 s...
[2024-11-08T15:00:46-0500] -------------------------------
[2024-11-08T15:00:46-0500] Starting 5G booster for 5 s...
[2024-11-08T15:00:46-0500] 5G booster started at 2024-11-08 15:00:46.784 EST
[2024-11-08T15:00:52-0500] Current time exceeds end time, skipping wait
[2024-11-08T15:00:52-0500] Saved TCP DL results to /data/data/com.termux/files/home/storage/shared/bos_la_2024_trip/starlink/20241108/145550648/tcp_downlink_150046809.out
[2024-11-08T15:00:52-0500] DL AVG TPUT: 
[2024-11-08T15:00:52-0500] 5G booster finished at 2024-11-08 15:00:52.879 EST, duration: 6.095 s
[2024-11-08T15:00:52-0500] -------------------------------
[2024-11-08T15:00:52-0500] Waiting for 2 s...
[2024-11-08T15:00:54-0500] -------------------------------
[2024-11-08T15:00:55-0500] TCP Ping test started at 2024-11-08 15:00:55.007 EST
[2024-11-08T15:01:26-0500] Current time exceeds end time, skipping wait
[2024-11-08T15:01:26-0500] Saved TCP Ping test to /data/data/com.termux/files/home/storage/shared/bos_la_2024_trip/starlink/20241108/145550648/tcp_ping_150055037.out
[2024-11-08T15:01:26-0500] TCP Ping summary (min/avg/max/mdev) 
[2024-11-08T15:01:26-0500] TCP Ping test finished at 2024-11-08 15:01:26.164 EST, duration: 31.157 s
[2024-11-08T15:01:26-0500] -------------------------------
[2024-11-08T15:01:26-0500] Waiting for 2 s...
[2024-11-08T15:01:28-0500] -------------------------------
[2024-11-08T15:01:28-0500] Traceroute test started at 2024-11-08 15:01:28.282 EST
[2024-11-08T15:01:29-0500] Waiting for 28.746 s to reach end time
[2024-11-08T15:01:58-0500] Saved traceroute test to /data/data/com.termux/files/home/storage/shared/bos_la_2024_trip/starlink/20241108/145550648/traceroute_150128306.out
[2024-11-08T15:01:58-0500] Traceroute summary (min/avg/max/mdev) 
[2024-11-08T15:01:58-0500] Traceroute test finished at 2024-11-08 15:01:58.342 EST, duration: 30.060 s
[2024-11-08T15:01:58-0500] -------------------------------
[2024-11-08T15:01:58-0500] All tests completed, cleaning up...
[2024-11-08T15:01:58-0500] -------------------------------
[2024-11-08T15:02:10-0500] [measurement] Load environment variables from prod.env file
[2024-11-08T15:02:10-0500] Starting a network measurement, please choose a server
[2024-11-08T15:02:10-0500] 0) West Cloud: 54.176.53.206
[2024-11-08T15:02:10-0500] 1) East Cloud: 54.197.223.49
[2024-11-08T15:02:29-0500] Enter your choice (0-1): Testing starlink, server 1 (ip: 54.197.223.49, nuttcp_port: 5103, iperf_port: 5003)
[2024-11-08T15:02:29-0500] -------------------------------
[2024-11-08T15:02:30-0500] tcp downlink test started at 2024-11-08 15:02:29.996 EST
[2024-11-08T15:02:30-0500] Testing tcp downlink with 54.197.223.49:5103, interval 0.5 s, duration 120 s, timeout 121 s...
[2024-11-08T15:04:31-0500] Current time exceeds end time, skipping wait
[2024-11-08T15:04:31-0500] Saved tcp downlink test to /data/data/com.termux/files/home/storage/shared/bos_la_2024_trip/starlink/20241108/150229979/tcp_downlink_150230023.out
[2024-11-08T15:04:31-0500] DL AVG TPUT: 
[2024-11-08T15:04:31-0500] tcp downlink test finished at 2024-11-08 15:04:31.093 EST, duration: 121.097 s
[2024-11-08T15:04:31-0500] -------------------------------
[2024-11-08T15:04:31-0500] Waiting for 2 s...
[2024-11-08T15:04:33-0500] -------------------------------
[2024-11-08T15:04:33-0500] Starting 5G booster for 5 s...
[2024-11-08T15:04:33-0500] 5G booster started at 2024-11-08 15:04:33.178 EST
[2024-11-08T15:04:39-0500] Current time exceeds end time, skipping wait
[2024-11-08T15:04:39-0500] Saved TCP DL results to /data/data/com.termux/files/home/storage/shared/bos_la_2024_trip/starlink/20241108/150229979/tcp_downlink_150433212.out
[2024-11-08T15:04:39-0500] DL AVG TPUT: 
[2024-11-08T15:04:39-0500] 5G booster finished at 2024-11-08 15:04:39.283 EST, duration: 6.105 s
[2024-11-08T15:04:39-0500] -------------------------------
[2024-11-08T15:04:39-0500] Waiting for 2 s...
[2024-11-08T15:04:41-0500] -------------------------------
[2024-11-08T15:04:41-0500] tcp uplink test started at 2024-11-08 15:04:41.382 EST
[2024-11-08T15:04:41-0500] testing tcp uplink with 54.197.223.49:5103, interval 0.5, duration 120, timeout 121 ...
[2024-11-08T15:06:42-0500] Current time exceeds end time, skipping wait
[2024-11-08T15:06:42-0500] Saved uplink test to /data/data/com.termux/files/home/storage/shared/bos_la_2024_trip/starlink/20241108/150229979/tcp_uplink_150441407.out
[2024-11-08T15:06:42-0500] UL AVG TPUT: 
[2024-11-08T15:06:42-0500] tcp uplink test finished at 2024-11-08 15:06:42.482 EST, duration: 121.100 s
[2024-11-08T15:06:42-0500] -------------------------------
[2024-11-08T15:06:42-0500] Waiting for 2 s...
[2024-11-08T15:06:44-0500] -------------------------------
[2024-11-08T15:06:44-0500] Starting 5G booster for 5 s...
[2024-11-08T15:06:44-0500] 5G booster started at 2024-11-08 15:06:44.610 EST
[2024-11-08T15:06:50-0500] Current time exceeds end time, skipping wait
[2024-11-08T15:06:50-0500] Saved TCP DL results to /data/data/com.termux/files/home/storage/shared/bos_la_2024_trip/starlink/20241108/150229979/tcp_downlink_150644656.out
[2024-11-08T15:06:50-0500] DL AVG TPUT: 
[2024-11-08T15:06:50-0500] 5G booster finished at 2024-11-08 15:06:50.758 EST, duration: 6.148 s
[2024-11-08T15:06:50-0500] -------------------------------
[2024-11-08T15:06:50-0500] Waiting for 2 s...
[2024-11-08T15:06:52-0500] -------------------------------
[2024-11-08T15:06:52-0500] ICMP Ping test started at 2024-11-08 15:06:52.862 EST
[2024-11-08T15:07:23-0500] Waiting for .919 s to reach end time
[2024-11-08T15:07:23-0500] Saved ping test to /data/data/com.termux/files/home/storage/shared/bos_la_2024_trip/starlink/20241108/150229979/icmp_ping_150652892.out
[2024-11-08T15:07:23-0500] Ping summary (min/avg/max/mdev) = 27.325/44.858/79.122/14.492 ms
[2024-11-08T15:07:24-0500] Ping test finished at 2024-11-08 15:07:23.947 EST, duration: 31.085 s
[2024-11-08T15:07:24-0500] -------------------------------
[2024-11-08T15:07:24-0500] Waiting for 2 s...
[2024-11-08T15:07:26-0500] -------------------------------
[2024-11-08T15:07:26-0500] Starting 5G booster for 5 s...
[2024-11-08T15:07:26-0500] 5G booster started at 2024-11-08 15:07:26.043 EST
[2024-11-08T15:07:32-0500] Current time exceeds end time, skipping wait
[2024-11-08T15:07:32-0500] Saved TCP DL results to /data/data/com.termux/files/home/storage/shared/bos_la_2024_trip/starlink/20241108/150229979/tcp_downlink_150726067.out
[2024-11-08T15:07:32-0500] DL AVG TPUT: 
[2024-11-08T15:07:32-0500] 5G booster finished at 2024-11-08 15:07:32.142 EST, duration: 6.099 s
[2024-11-08T15:07:32-0500] -------------------------------
[2024-11-08T15:07:32-0500] Waiting for 2 s...
[2024-11-08T15:07:34-0500] -------------------------------
[2024-11-08T15:07:34-0500] TCP Ping test started at 2024-11-08 15:07:34.258 EST
[2024-11-08T15:08:05-0500] Current time exceeds end time, skipping wait
[2024-11-08T15:08:05-0500] Saved TCP Ping test to /data/data/com.termux/files/home/storage/shared/bos_la_2024_trip/starlink/20241108/150229979/tcp_ping_150734307.out
[2024-11-08T15:08:05-0500] TCP Ping summary (min/avg/max/mdev) 
[2024-11-08T15:08:05-0500] TCP Ping test finished at 2024-11-08 15:08:05.371 EST, duration: 31.113 s
[2024-11-08T15:08:05-0500] -------------------------------
[2024-11-08T15:08:05-0500] Waiting for 2 s...
[2024-11-08T15:08:07-0500] -------------------------------
[2024-11-08T15:08:07-0500] Traceroute test started at 2024-11-08 15:08:07.480 EST
[2024-11-08T15:08:12-0500] Waiting for 24.747 s to reach end time
[2024-11-08T15:08:37-0500] Saved traceroute test to /data/data/com.termux/files/home/storage/shared/bos_la_2024_trip/starlink/20241108/150229979/traceroute_150807506.out
[2024-11-08T15:08:37-0500] Traceroute summary (min/avg/max/mdev) 
[2024-11-08T15:08:37-0500] Traceroute test finished at 2024-11-08 15:08:37.566 EST, duration: 30.086 s
[2024-11-08T15:08:37-0500] -------------------------------
[2024-11-08T15:08:37-0500] All tests completed, cleaning up...
[2024-11-08T15:08:37-0500] -------------------------------
[2024-11-08T15:09:29-0500] [measurement] Load environment variables from prod.env file
[2024-11-08T15:09:29-0500] Starting a network measurement, please choose a server
[2024-11-08T15:09:29-0500] 0) West Cloud: 54.176.53.206
[2024-11-08T15:09:29-0500] 1) East Cloud: 54.197.223.49
[2024-11-08T15:10:32-0500] Enter your choice (0-1): Testing starlink, server 1 (ip: 54.197.223.49, nuttcp_port: 5103, iperf_port: 5003)
[2024-11-08T15:10:32-0500] -------------------------------
[2024-11-08T15:10:32-0500] tcp downlink test started at 2024-11-08 15:10:32.083 EST
[2024-11-08T15:10:32-0500] Testing tcp downlink with 54.197.223.49:5103, interval 0.5 s, duration 120 s, timeout 121 s...
[2024-11-08T15:12:33-0500] Current time exceeds end time, skipping wait
[2024-11-08T15:12:33-0500] Saved tcp downlink test to /data/data/com.termux/files/home/storage/shared/bos_la_2024_trip/starlink/20241108/151032066/tcp_downlink_151032108.out
[2024-11-08T15:12:33-0500] DL AVG TPUT: 
[2024-11-08T15:12:33-0500] tcp downlink test finished at 2024-11-08 15:12:33.186 EST, duration: 121.103 s
[2024-11-08T15:12:33-0500] -------------------------------
[2024-11-08T15:12:33-0500] Waiting for 2 s...
[2024-11-08T15:12:35-0500] -------------------------------
[2024-11-08T15:12:35-0500] Starting 5G booster for 5 s...
[2024-11-08T15:12:35-0500] 5G booster started at 2024-11-08 15:12:35.328 EST
[2024-11-08T15:12:41-0500] Current time exceeds end time, skipping wait
[2024-11-08T15:12:41-0500] Saved TCP DL results to /data/data/com.termux/files/home/storage/shared/bos_la_2024_trip/starlink/20241108/151032066/tcp_downlink_151235353.out
[2024-11-08T15:12:41-0500] DL AVG TPUT: 
[2024-11-08T15:12:41-0500] 5G booster finished at 2024-11-08 15:12:41.477 EST, duration: 6.149 s
[2024-11-08T15:12:41-0500] -------------------------------
[2024-11-08T15:12:41-0500] Waiting for 2 s...
[2024-11-08T15:12:43-0500] -------------------------------
[2024-11-08T15:12:43-0500] tcp uplink test started at 2024-11-08 15:12:43.595 EST
[2024-11-08T15:12:43-0500] testing tcp uplink with 54.197.223.49:5103, interval 0.5, duration 120, timeout 121 ...
[2024-11-08T15:14:44-0500] Current time exceeds end time, skipping wait
[2024-11-08T15:14:44-0500] Saved uplink test to /data/data/com.termux/files/home/storage/shared/bos_la_2024_trip/starlink/20241108/151032066/tcp_uplink_151243621.out
[2024-11-08T15:14:44-0500] UL AVG TPUT: 
[2024-11-08T15:14:44-0500] tcp uplink test finished at 2024-11-08 15:14:44.697 EST, duration: 121.102 s
[2024-11-08T15:14:44-0500] -------------------------------
[2024-11-08T15:14:44-0500] Waiting for 2 s...
[2024-11-08T15:14:46-0500] -------------------------------
[2024-11-08T15:14:46-0500] Starting 5G booster for 5 s...
[2024-11-08T15:14:46-0500] 5G booster started at 2024-11-08 15:14:46.821 EST
[2024-11-08T15:14:52-0500] Current time exceeds end time, skipping wait
[2024-11-08T15:14:52-0500] Saved TCP DL results to /data/data/com.termux/files/home/storage/shared/bos_la_2024_trip/starlink/20241108/151032066/tcp_downlink_151446844.out
[2024-11-08T15:14:52-0500] DL AVG TPUT: 
[2024-11-08T15:14:53-0500] 5G booster finished at 2024-11-08 15:14:52.952 EST, duration: 6.131 s
[2024-11-08T15:14:53-0500] -------------------------------
[2024-11-08T15:14:53-0500] Waiting for 2 s...
[2024-11-08T15:14:55-0500] -------------------------------
[2024-11-08T15:14:55-0500] ICMP Ping test started at 2024-11-08 15:14:55.052 EST
[2024-11-08T15:15:25-0500] Waiting for .886 s to reach end time
[2024-11-08T15:15:26-0500] Saved ping test to /data/data/com.termux/files/home/storage/shared/bos_la_2024_trip/starlink/20241108/151032066/icmp_ping_151455084.out
[2024-11-08T15:15:26-0500] Ping summary (min/avg/max/mdev) = 24.939/44.145/81.912/14.772 ms
[2024-11-08T15:15:26-0500] Ping test finished at 2024-11-08 15:15:26.137 EST, duration: 31.085 s
[2024-11-08T15:15:26-0500] -------------------------------
[2024-11-08T15:15:26-0500] Waiting for 2 s...
[2024-11-08T15:15:28-0500] -------------------------------
[2024-11-08T15:15:28-0500] Starting 5G booster for 5 s...
[2024-11-08T15:15:28-0500] 5G booster started at 2024-11-08 15:15:28.252 EST
[2024-11-08T15:15:34-0500] Current time exceeds end time, skipping wait
[2024-11-08T15:15:34-0500] Saved TCP DL results to /data/data/com.termux/files/home/storage/shared/bos_la_2024_trip/starlink/20241108/151032066/tcp_downlink_151528274.out
[2024-11-08T15:15:34-0500] DL AVG TPUT: 
[2024-11-08T15:15:34-0500] 5G booster finished at 2024-11-08 15:15:34.346 EST, duration: 6.094 s
[2024-11-08T15:15:34-0500] -------------------------------
[2024-11-08T15:15:34-0500] Waiting for 2 s...
[2024-11-08T15:15:36-0500] -------------------------------
[2024-11-08T15:15:36-0500] TCP Ping test started at 2024-11-08 15:15:36.457 EST
[2024-11-08T15:16:07-0500] Current time exceeds end time, skipping wait
[2024-11-08T15:16:07-0500] Saved TCP Ping test to /data/data/com.termux/files/home/storage/shared/bos_la_2024_trip/starlink/20241108/151032066/tcp_ping_151536509.out
[2024-11-08T15:16:07-0500] TCP Ping summary (min/avg/max/mdev) 
[2024-11-08T15:16:07-0500] TCP Ping test finished at 2024-11-08 15:16:07.589 EST, duration: 31.132 s
[2024-11-08T15:16:07-0500] -------------------------------
[2024-11-08T15:16:07-0500] Waiting for 2 s...
[2024-11-08T15:16:09-0500] -------------------------------
[2024-11-08T15:16:09-0500] Traceroute test started at 2024-11-08 15:16:09.691 EST
[2024-11-08T15:16:11-0500] Waiting for 28.000 s to reach end time
[2024-11-08T15:16:39-0500] Saved traceroute test to /data/data/com.termux/files/home/storage/shared/bos_la_2024_trip/starlink/20241108/151032066/traceroute_151609760.out
[2024-11-08T15:16:39-0500] Traceroute summary (min/avg/max/mdev) 
[2024-11-08T15:16:39-0500] Traceroute test finished at 2024-11-08 15:16:39.818 EST, duration: 30.127 s
[2024-11-08T15:16:39-0500] -------------------------------
[2024-11-08T15:16:39-0500] All tests completed, cleaning up...
[2024-11-08T15:16:39-0500] -------------------------------
[2024-11-08T15:17:06-0500] [measurement] Load environment variables from prod.env file
[2024-11-08T15:17:06-0500] Starting a network measurement, please choose a server
[2024-11-08T15:17:06-0500] 0) West Cloud: 54.176.53.206
[2024-11-08T15:17:06-0500] 1) East Cloud: 54.197.223.49
[2024-11-08T15:17:42-0500] Enter your choice (0-1): Testing starlink, server 1 (ip: 54.197.223.49, nuttcp_port: 5103, iperf_port: 5003)
[2024-11-08T15:17:42-0500] -------------------------------
[2024-11-08T15:17:42-0500] tcp downlink test started at 2024-11-08 15:17:42.431 EST
[2024-11-08T15:17:42-0500] Testing tcp downlink with 54.197.223.49:5103, interval 0.5 s, duration 120 s, timeout 121 s...
[2024-11-08T15:19:43-0500] Current time exceeds end time, skipping wait
[2024-11-08T15:19:43-0500] Saved tcp downlink test to /data/data/com.termux/files/home/storage/shared/bos_la_2024_trip/starlink/20241108/151742411/tcp_downlink_151742456.out
[2024-11-08T15:19:43-0500] DL AVG TPUT: 
[2024-11-08T15:19:43-0500] tcp downlink test finished at 2024-11-08 15:19:43.576 EST, duration: 121.145 s
[2024-11-08T15:19:43-0500] -------------------------------
[2024-11-08T15:19:43-0500] Waiting for 2 s...
[2024-11-08T15:19:45-0500] -------------------------------
[2024-11-08T15:19:45-0500] Starting 5G booster for 5 s...
[2024-11-08T15:19:45-0500] 5G booster started at 2024-11-08 15:19:45.680 EST
[2024-11-08T15:19:51-0500] Current time exceeds end time, skipping wait
[2024-11-08T15:19:51-0500] Saved TCP DL results to /data/data/com.termux/files/home/storage/shared/bos_la_2024_trip/starlink/20241108/151742411/tcp_downlink_151945711.out
[2024-11-08T15:19:51-0500] DL AVG TPUT: 
[2024-11-08T15:19:51-0500] 5G booster finished at 2024-11-08 15:19:51.773 EST, duration: 6.093 s
[2024-11-08T15:19:51-0500] -------------------------------
[2024-11-08T15:19:51-0500] Waiting for 2 s...
[2024-11-08T15:19:53-0500] -------------------------------
[2024-11-08T15:19:53-0500] tcp uplink test started at 2024-11-08 15:19:53.878 EST
[2024-11-08T15:19:53-0500] testing tcp uplink with 54.197.223.49:5103, interval 0.5, duration 120, timeout 121 ...
[2024-11-08T15:21:54-0500] Current time exceeds end time, skipping wait
[2024-11-08T15:21:54-0500] Saved uplink test to /data/data/com.termux/files/home/storage/shared/bos_la_2024_trip/starlink/20241108/151742411/tcp_uplink_151953912.out
[2024-11-08T15:21:55-0500] UL AVG TPUT: 
[2024-11-08T15:21:55-0500] tcp uplink test finished at 2024-11-08 15:21:54.982 EST, duration: 121.104 s
[2024-11-08T15:21:55-0500] -------------------------------
[2024-11-08T15:21:55-0500] Waiting for 2 s...
[2024-11-08T15:21:57-0500] -------------------------------
[2024-11-08T15:21:57-0500] Starting 5G booster for 5 s...
[2024-11-08T15:21:57-0500] 5G booster started at 2024-11-08 15:21:57.071 EST
[2024-11-08T15:22:03-0500] Current time exceeds end time, skipping wait
[2024-11-08T15:22:03-0500] Saved TCP DL results to /data/data/com.termux/files/home/storage/shared/bos_la_2024_trip/starlink/20241108/151742411/tcp_downlink_152157098.out
[2024-11-08T15:22:03-0500] DL AVG TPUT: 
[2024-11-08T15:22:03-0500] 5G booster finished at 2024-11-08 15:22:03.227 EST, duration: 6.156 s
[2024-11-08T15:22:03-0500] -------------------------------
[2024-11-08T15:22:03-0500] Waiting for 2 s...
[2024-11-08T15:22:05-0500] -------------------------------
[2024-11-08T15:22:05-0500] ICMP Ping test started at 2024-11-08 15:22:05.314 EST
[2024-11-08T15:22:35-0500] Waiting for .905 s to reach end time
[2024-11-08T15:22:36-0500] Saved ping test to /data/data/com.termux/files/home/storage/shared/bos_la_2024_trip/starlink/20241108/151742411/icmp_ping_152205336.out
[2024-11-08T15:22:36-0500] Ping summary (min/avg/max/mdev) = 25.005/46.476/158.638/18.613 ms
[2024-11-08T15:22:36-0500] Ping test finished at 2024-11-08 15:22:36.396 EST, duration: 31.082 s
[2024-11-08T15:22:36-0500] -------------------------------
[2024-11-08T15:22:36-0500] Waiting for 2 s...
[2024-11-08T15:22:38-0500] -------------------------------
[2024-11-08T15:22:38-0500] Starting 5G booster for 5 s...
[2024-11-08T15:22:38-0500] 5G booster started at 2024-11-08 15:22:38.494 EST
[2024-11-08T15:22:44-0500] Current time exceeds end time, skipping wait
[2024-11-08T15:22:44-0500] Saved TCP DL results to /data/data/com.termux/files/home/storage/shared/bos_la_2024_trip/starlink/20241108/151742411/tcp_downlink_152238525.out
[2024-11-08T15:22:44-0500] DL AVG TPUT: 
[2024-11-08T15:22:44-0500] 5G booster finished at 2024-11-08 15:22:44.601 EST, duration: 6.107 s
[2024-11-08T15:22:44-0500] -------------------------------
[2024-11-08T15:22:44-0500] Waiting for 2 s...
[2024-11-08T15:22:46-0500] -------------------------------
[2024-11-08T15:22:46-0500] TCP Ping test started at 2024-11-08 15:22:46.709 EST
[2024-11-08T15:23:17-0500] Current time exceeds end time, skipping wait
[2024-11-08T15:23:17-0500] Saved TCP Ping test to /data/data/com.termux/files/home/storage/shared/bos_la_2024_trip/starlink/20241108/151742411/tcp_ping_152246758.out
[2024-11-08T15:23:17-0500] TCP Ping summary (min/avg/max/mdev) 
[2024-11-08T15:23:17-0500] TCP Ping test finished at 2024-11-08 15:23:17.843 EST, duration: 31.134 s
[2024-11-08T15:23:17-0500] -------------------------------
[2024-11-08T15:23:17-0500] Waiting for 2 s...
[2024-11-08T15:23:19-0500] -------------------------------
[2024-11-08T15:23:19-0500] Traceroute test started at 2024-11-08 15:23:19.945 EST
[2024-11-08T15:23:22-0500] Waiting for 27.954 s to reach end time
[2024-11-08T15:23:50-0500] Saved traceroute test to /data/data/com.termux/files/home/storage/shared/bos_la_2024_trip/starlink/20241108/151742411/traceroute_152319996.out
[2024-11-08T15:23:50-0500] Traceroute summary (min/avg/max/mdev) 
[2024-11-08T15:23:50-0500] Traceroute test finished at 2024-11-08 15:23:50.039 EST, duration: 30.094 s
[2024-11-08T15:23:50-0500] -------------------------------
[2024-11-08T15:23:50-0500] All tests completed, cleaning up...
[2024-11-08T15:23:50-0500] -------------------------------
[2024-11-08T15:24:15-0500] [measurement] Load environment variables from prod.env file
[2024-11-08T15:24:15-0500] Starting a network measurement, please choose a server
[2024-11-08T15:24:15-0500] 0) West Cloud: 54.176.53.206
[2024-11-08T15:24:15-0500] 1) East Cloud: 54.197.223.49
[2024-11-08T15:24:41-0500] Enter your choice (0-1): Testing starlink, server 1 (ip: 54.197.223.49, nuttcp_port: 5103, iperf_port: 5003)
[2024-11-08T15:24:41-0500] -------------------------------
[2024-11-08T15:24:41-0500] tcp downlink test started at 2024-11-08 15:24:41.259 EST
[2024-11-08T15:24:41-0500] Testing tcp downlink with 54.197.223.49:5103, interval 0.5 s, duration 120 s, timeout 121 s...
[2024-11-08T15:26:42-0500] Current time exceeds end time, skipping wait
[2024-11-08T15:26:42-0500] Saved tcp downlink test to /data/data/com.termux/files/home/storage/shared/bos_la_2024_trip/starlink/20241108/152441239/tcp_downlink_152441290.out
[2024-11-08T15:26:42-0500] DL AVG TPUT: 
[2024-11-08T15:26:42-0500] tcp downlink test finished at 2024-11-08 15:26:42.379 EST, duration: 121.120 s
[2024-11-08T15:26:42-0500] -------------------------------
[2024-11-08T15:26:42-0500] Waiting for 2 s...
[2024-11-08T15:26:44-0500] -------------------------------
[2024-11-08T15:26:44-0500] Starting 5G booster for 5 s...
[2024-11-08T15:26:44-0500] 5G booster started at 2024-11-08 15:26:44.468 EST
[2024-11-08T15:26:50-0500] Current time exceeds end time, skipping wait
[2024-11-08T15:26:50-0500] Saved TCP DL results to /data/data/com.termux/files/home/storage/shared/bos_la_2024_trip/starlink/20241108/152441239/tcp_downlink_152644500.out
[2024-11-08T15:26:50-0500] DL AVG TPUT: 
[2024-11-08T15:26:50-0500] 5G booster finished at 2024-11-08 15:26:50.587 EST, duration: 6.119 s
[2024-11-08T15:26:50-0500] -------------------------------
[2024-11-08T15:26:50-0500] Waiting for 2 s...
[2024-11-08T15:26:52-0500] -------------------------------
[2024-11-08T15:26:52-0500] tcp uplink test started at 2024-11-08 15:26:52.685 EST
[2024-11-08T15:26:52-0500] testing tcp uplink with 54.197.223.49:5103, interval 0.5, duration 120, timeout 121 ...
[2024-11-08T15:28:53-0500] Current time exceeds end time, skipping wait
[2024-11-08T15:28:53-0500] Saved uplink test to /data/data/com.termux/files/home/storage/shared/bos_la_2024_trip/starlink/20241108/152441239/tcp_uplink_152652711.out
[2024-11-08T15:28:53-0500] UL AVG TPUT: 
[2024-11-08T15:28:53-0500] tcp uplink test finished at 2024-11-08 15:28:53.809 EST, duration: 121.124 s
[2024-11-08T15:28:53-0500] -------------------------------
[2024-11-08T15:28:53-0500] Waiting for 2 s...
[2024-11-08T15:28:55-0500] -------------------------------
[2024-11-08T15:28:55-0500] Starting 5G booster for 5 s...
[2024-11-08T15:28:55-0500] 5G booster started at 2024-11-08 15:28:55.919 EST
[2024-11-08T15:29:01-0500] Current time exceeds end time, skipping wait
[2024-11-08T15:29:02-0500] Saved TCP DL results to /data/data/com.termux/files/home/storage/shared/bos_la_2024_trip/starlink/20241108/152441239/tcp_downlink_152855944.out
[2024-11-08T15:29:02-0500] DL AVG TPUT: 
[2024-11-08T15:29:02-0500] 5G booster finished at 2024-11-08 15:29:02.002 EST, duration: 6.083 s
[2024-11-08T15:29:02-0500] -------------------------------
[2024-11-08T15:29:02-0500] Waiting for 2 s...
[2024-11-08T15:29:04-0500] -------------------------------
[2024-11-08T15:29:04-0500] ICMP Ping test started at 2024-11-08 15:29:04.132 EST
[2024-11-08T15:29:34-0500] Waiting for .868 s to reach end time
[2024-11-08T15:29:35-0500] Saved ping test to /data/data/com.termux/files/home/storage/shared/bos_la_2024_trip/starlink/20241108/152441239/icmp_ping_152904188.out
[2024-11-08T15:29:35-0500] Ping summary (min/avg/max/mdev) = 27.409/45.118/163.074/21.411 ms
[2024-11-08T15:29:35-0500] Ping test finished at 2024-11-08 15:29:35.220 EST, duration: 31.088 s
[2024-11-08T15:29:35-0500] -------------------------------
[2024-11-08T15:29:35-0500] Waiting for 2 s...
[2024-11-08T15:29:37-0500] -------------------------------
[2024-11-08T15:29:37-0500] Starting 5G booster for 5 s...
[2024-11-08T15:29:37-0500] 5G booster started at 2024-11-08 15:29:37.342 EST
[2024-11-08T15:29:43-0500] Current time exceeds end time, skipping wait
[2024-11-08T15:29:43-0500] Saved TCP DL results to /data/data/com.termux/files/home/storage/shared/bos_la_2024_trip/starlink/20241108/152441239/tcp_downlink_152937368.out
[2024-11-08T15:29:43-0500] DL AVG TPUT: 
[2024-11-08T15:29:43-0500] 5G booster finished at 2024-11-08 15:29:43.441 EST, duration: 6.099 s
[2024-11-08T15:29:43-0500] -------------------------------
[2024-11-08T15:29:43-0500] Waiting for 2 s...
[2024-11-08T15:29:45-0500] -------------------------------
[2024-11-08T15:29:45-0500] TCP Ping test started at 2024-11-08 15:29:45.542 EST
[2024-11-08T15:30:16-0500] Current time exceeds end time, skipping wait
[2024-11-08T15:30:16-0500] Saved TCP Ping test to /data/data/com.termux/files/home/storage/shared/bos_la_2024_trip/starlink/20241108/152441239/tcp_ping_152945566.out
[2024-11-08T15:30:16-0500] TCP Ping summary (min/avg/max/mdev) 
[2024-11-08T15:30:16-0500] TCP Ping test finished at 2024-11-08 15:30:16.647 EST, duration: 31.105 s
[2024-11-08T15:30:16-0500] -------------------------------
[2024-11-08T15:30:16-0500] Waiting for 2 s...
[2024-11-08T15:30:18-0500] -------------------------------
[2024-11-08T15:30:18-0500] Traceroute test started at 2024-11-08 15:30:18.749 EST
[2024-11-08T15:30:20-0500] Waiting for 28.069 s to reach end time
[2024-11-08T15:30:48-0500] Saved traceroute test to /data/data/com.termux/files/home/storage/shared/bos_la_2024_trip/starlink/20241108/152441239/traceroute_153018779.out
[2024-11-08T15:30:48-0500] Traceroute summary (min/avg/max/mdev) 
[2024-11-08T15:30:48-0500] Traceroute test finished at 2024-11-08 15:30:48.832 EST, duration: 30.083 s
[2024-11-08T15:30:48-0500] -------------------------------
[2024-11-08T15:30:48-0500] All tests completed, cleaning up...
[2024-11-08T15:30:48-0500] -------------------------------
[2024-11-08T15:30:55-0500] [measurement] Load environment variables from prod.env file
[2024-11-08T15:30:55-0500] Starting a network measurement, please choose a server
[2024-11-08T15:30:55-0500] 0) West Cloud: 54.176.53.206
[2024-11-08T15:30:55-0500] 1) East Cloud: 54.197.223.49
[2024-11-08T15:31:38-0500] Enter your choice (0-1): Testing starlink, server 1 (ip: 54.197.223.49, nuttcp_port: 5103, iperf_port: 5003)
[2024-11-08T15:31:38-0500] -------------------------------
[2024-11-08T15:31:38-0500] tcp downlink test started at 2024-11-08 15:31:38.183 EST
[2024-11-08T15:31:38-0500] Testing tcp downlink with 54.197.223.49:5103, interval 0.5 s, duration 120 s, timeout 121 s...
[2024-11-08T15:33:39-0500] Current time exceeds end time, skipping wait
[2024-11-08T15:33:39-0500] Saved tcp downlink test to /data/data/com.termux/files/home/storage/shared/bos_la_2024_trip/starlink/20241108/153138164/tcp_downlink_153138206.out
[2024-11-08T15:33:39-0500] DL AVG TPUT: 
[2024-11-08T15:33:39-0500] tcp downlink test finished at 2024-11-08 15:33:39.288 EST, duration: 121.105 s
[2024-11-08T15:33:39-0500] -------------------------------
[2024-11-08T15:33:39-0500] Waiting for 2 s...
[2024-11-08T15:33:41-0500] -------------------------------
[2024-11-08T15:33:41-0500] Starting 5G booster for 5 s...
[2024-11-08T15:33:41-0500] 5G booster started at 2024-11-08 15:33:41.376 EST
[2024-11-08T15:33:47-0500] Current time exceeds end time, skipping wait
[2024-11-08T15:33:47-0500] Saved TCP DL results to /data/data/com.termux/files/home/storage/shared/bos_la_2024_trip/starlink/20241108/153138164/tcp_downlink_153341422.out
[2024-11-08T15:33:47-0500] DL AVG TPUT: 
[2024-11-08T15:33:47-0500] 5G booster finished at 2024-11-08 15:33:47.500 EST, duration: 6.124 s
[2024-11-08T15:33:47-0500] -------------------------------
[2024-11-08T15:33:47-0500] Waiting for 2 s...
[2024-11-08T15:33:49-0500] -------------------------------
[2024-11-08T15:33:49-0500] tcp uplink test started at 2024-11-08 15:33:49.610 EST
[2024-11-08T15:33:49-0500] testing tcp uplink with 54.197.223.49:5103, interval 0.5, duration 120, timeout 121 ...
[2024-11-08T15:35:50-0500] Waiting for .144 s to reach end time
[2024-11-08T15:35:50-0500] Saved uplink test to /data/data/com.termux/files/home/storage/shared/bos_la_2024_trip/starlink/20241108/153138164/tcp_uplink_153349635.out
[2024-11-08T15:35:50-0500] UL AVG TPUT: 7.4748 Mbps
[2024-11-08T15:35:50-0500] tcp uplink test finished at 2024-11-08 15:35:50.736 EST, duration: 121.126 s
[2024-11-08T15:35:50-0500] -------------------------------
[2024-11-08T15:35:50-0500] Waiting for 2 s...
[2024-11-08T15:35:52-0500] -------------------------------
[2024-11-08T15:35:52-0500] Starting 5G booster for 5 s...
[2024-11-08T15:35:52-0500] 5G booster started at 2024-11-08 15:35:52.848 EST
[2024-11-08T15:35:58-0500] Current time exceeds end time, skipping wait
[2024-11-08T15:35:58-0500] Saved TCP DL results to /data/data/com.termux/files/home/storage/shared/bos_la_2024_trip/starlink/20241108/153138164/tcp_downlink_153552878.out
[2024-11-08T15:35:58-0500] DL AVG TPUT: 
[2024-11-08T15:35:59-0500] 5G booster finished at 2024-11-08 15:35:58.955 EST, duration: 6.107 s
[2024-11-08T15:35:59-0500] -------------------------------
[2024-11-08T15:35:59-0500] Waiting for 2 s...
[2024-11-08T15:36:01-0500] -------------------------------
[2024-11-08T15:36:01-0500] ICMP Ping test started at 2024-11-08 15:36:01.056 EST
[2024-11-08T15:36:31-0500] Waiting for .920 s to reach end time
[2024-11-08T15:36:32-0500] Saved ping test to /data/data/com.termux/files/home/storage/shared/bos_la_2024_trip/starlink/20241108/153138164/icmp_ping_153601087.out
[2024-11-08T15:36:32-0500] Ping summary (min/avg/max/mdev) = 24.957/35.726/80.649/9.920 ms
[2024-11-08T15:36:32-0500] Ping test finished at 2024-11-08 15:36:32.159 EST, duration: 31.103 s
[2024-11-08T15:36:32-0500] -------------------------------
[2024-11-08T15:36:32-0500] Waiting for 2 s...
[2024-11-08T15:36:34-0500] -------------------------------
[2024-11-08T15:36:34-0500] Starting 5G booster for 5 s...
[2024-11-08T15:36:34-0500] 5G booster started at 2024-11-08 15:36:34.263 EST
[2024-11-08T15:36:40-0500] Current time exceeds end time, skipping wait
[2024-11-08T15:36:40-0500] Saved TCP DL results to /data/data/com.termux/files/home/storage/shared/bos_la_2024_trip/starlink/20241108/153138164/tcp_downlink_153634287.out
[2024-11-08T15:36:40-0500] DL AVG TPUT: 
[2024-11-08T15:36:40-0500] 5G booster finished at 2024-11-08 15:36:40.367 EST, duration: 6.104 s
[2024-11-08T15:36:40-0500] -------------------------------
[2024-11-08T15:36:40-0500] Waiting for 2 s...
[2024-11-08T15:36:42-0500] -------------------------------
[2024-11-08T15:36:42-0500] TCP Ping test started at 2024-11-08 15:36:42.471 EST
[2024-11-08T15:37:13-0500] Current time exceeds end time, skipping wait
[2024-11-08T15:37:13-0500] Saved TCP Ping test to /data/data/com.termux/files/home/storage/shared/bos_la_2024_trip/starlink/20241108/153138164/tcp_ping_153642505.out
[2024-11-08T15:37:13-0500] TCP Ping summary (min/avg/max/mdev) 
[2024-11-08T15:37:13-0500] TCP Ping test finished at 2024-11-08 15:37:13.571 EST, duration: 31.100 s
[2024-11-08T15:37:13-0500] -------------------------------
[2024-11-08T15:37:13-0500] Waiting for 2 s...
[2024-11-08T15:37:15-0500] -------------------------------
[2024-11-08T15:37:15-0500] Traceroute test started at 2024-11-08 15:37:15.698 EST
[2024-11-08T15:37:18-0500] Waiting for 27.330 s to reach end time
[2024-11-08T15:37:45-0500] Saved traceroute test to /data/data/com.termux/files/home/storage/shared/bos_la_2024_trip/starlink/20241108/153138164/traceroute_153715724.out
[2024-11-08T15:37:45-0500] Traceroute summary (min/avg/max/mdev) 
[2024-11-08T15:37:45-0500] Traceroute test finished at 2024-11-08 15:37:45.776 EST, duration: 30.078 s
[2024-11-08T15:37:45-0500] -------------------------------
[2024-11-08T15:37:45-0500] All tests completed, cleaning up...
[2024-11-08T15:37:45-0500] -------------------------------
[2024-11-08T15:38:55-0500] [measurement] Load environment variables from prod.env file
[2024-11-08T15:38:55-0500] Starting a network measurement, please choose a server
[2024-11-08T15:38:55-0500] 0) West Cloud: 54.176.53.206
[2024-11-08T15:38:55-0500] 1) East Cloud: 54.197.223.49
[2024-11-08T15:39:23-0500] Enter your choice (0-1): Testing starlink, server 1 (ip: 54.197.223.49, nuttcp_port: 5103, iperf_port: 5003)
[2024-11-08T15:39:23-0500] -------------------------------
[2024-11-08T15:39:23-0500] tcp downlink test started at 2024-11-08 15:39:23.960 EST
[2024-11-08T15:39:24-0500] Testing tcp downlink with 54.197.223.49:5103, interval 0.5 s, duration 120 s, timeout 121 s...
[2024-11-08T15:41:25-0500] Current time exceeds end time, skipping wait
[2024-11-08T15:41:25-0500] Saved tcp downlink test to /data/data/com.termux/files/home/storage/shared/bos_la_2024_trip/starlink/20241108/153923941/tcp_downlink_153923994.out
[2024-11-08T15:41:25-0500] DL AVG TPUT: 
[2024-11-08T15:41:25-0500] tcp downlink test finished at 2024-11-08 15:41:25.070 EST, duration: 121.110 s
[2024-11-08T15:41:25-0500] -------------------------------
[2024-11-08T15:41:25-0500] Waiting for 2 s...
[2024-11-08T15:41:27-0500] -------------------------------
[2024-11-08T15:41:27-0500] Starting 5G booster for 5 s...
[2024-11-08T15:41:27-0500] 5G booster started at 2024-11-08 15:41:27.178 EST
[2024-11-08T15:41:33-0500] Current time exceeds end time, skipping wait
[2024-11-08T15:41:33-0500] Saved TCP DL results to /data/data/com.termux/files/home/storage/shared/bos_la_2024_trip/starlink/20241108/153923941/tcp_downlink_154127201.out
[2024-11-08T15:41:33-0500] DL AVG TPUT: 
[2024-11-08T15:41:33-0500] 5G booster finished at 2024-11-08 15:41:33.268 EST, duration: 6.090 s
[2024-11-08T15:41:33-0500] -------------------------------
[2024-11-08T15:41:33-0500] Waiting for 2 s...
[2024-11-08T15:41:35-0500] -------------------------------
[2024-11-08T15:41:35-0500] tcp uplink test started at 2024-11-08 15:41:35.368 EST
[2024-11-08T15:41:35-0500] testing tcp uplink with 54.197.223.49:5103, interval 0.5, duration 120, timeout 121 ...
[2024-11-08T15:43:36-0500] Current time exceeds end time, skipping wait
[2024-11-08T15:43:36-0500] Saved uplink test to /data/data/com.termux/files/home/storage/shared/bos_la_2024_trip/starlink/20241108/153923941/tcp_uplink_154135402.out
[2024-11-08T15:43:36-0500] UL AVG TPUT: 
[2024-11-08T15:43:36-0500] tcp uplink test finished at 2024-11-08 15:43:36.507 EST, duration: 121.139 s
[2024-11-08T15:43:36-0500] -------------------------------
[2024-11-08T15:43:36-0500] Waiting for 2 s...
[2024-11-08T15:43:38-0500] -------------------------------
[2024-11-08T15:43:38-0500] Starting 5G booster for 5 s...
[2024-11-08T15:43:38-0500] 5G booster started at 2024-11-08 15:43:38.608 EST
[2024-11-08T15:43:44-0500] Current time exceeds end time, skipping wait
[2024-11-08T15:43:44-0500] Saved TCP DL results to /data/data/com.termux/files/home/storage/shared/bos_la_2024_trip/starlink/20241108/153923941/tcp_downlink_154338637.out
[2024-11-08T15:43:44-0500] DL AVG TPUT: 
[2024-11-08T15:43:44-0500] 5G booster finished at 2024-11-08 15:43:44.743 EST, duration: 6.135 s
[2024-11-08T15:43:44-0500] -------------------------------
[2024-11-08T15:43:44-0500] Waiting for 2 s...
[2024-11-08T15:43:46-0500] -------------------------------
[2024-11-08T15:43:46-0500] ICMP Ping test started at 2024-11-08 15:43:46.845 EST
[2024-11-08T15:44:16-0500] Waiting for .905 s to reach end time
[2024-11-08T15:44:17-0500] Saved ping test to /data/data/com.termux/files/home/storage/shared/bos_la_2024_trip/starlink/20241108/153923941/icmp_ping_154346874.out
[2024-11-08T15:44:17-0500] Ping summary (min/avg/max/mdev) = 23.828/40.023/232.148/20.940 ms
[2024-11-08T15:44:17-0500] Ping test finished at 2024-11-08 15:44:17.906 EST, duration: 31.061 s
[2024-11-08T15:44:17-0500] -------------------------------
[2024-11-08T15:44:17-0500] Waiting for 2 s...
[2024-11-08T15:44:19-0500] -------------------------------
[2024-11-08T15:44:19-0500] Starting 5G booster for 5 s...
[2024-11-08T15:44:20-0500] 5G booster started at 2024-11-08 15:44:20.018 EST
[2024-11-08T15:44:26-0500] Current time exceeds end time, skipping wait
[2024-11-08T15:44:26-0500] Saved TCP DL results to /data/data/com.termux/files/home/storage/shared/bos_la_2024_trip/starlink/20241108/153923941/tcp_downlink_154420047.out
[2024-11-08T15:44:26-0500] DL AVG TPUT: 
[2024-11-08T15:44:26-0500] 5G booster finished at 2024-11-08 15:44:26.137 EST, duration: 6.119 s
[2024-11-08T15:44:26-0500] -------------------------------
[2024-11-08T15:44:26-0500] Waiting for 2 s...
[2024-11-08T15:44:28-0500] -------------------------------
[2024-11-08T15:44:28-0500] TCP Ping test started at 2024-11-08 15:44:28.241 EST
[2024-11-08T15:44:59-0500] Current time exceeds end time, skipping wait
[2024-11-08T15:44:59-0500] Saved TCP Ping test to /data/data/com.termux/files/home/storage/shared/bos_la_2024_trip/starlink/20241108/153923941/tcp_ping_154428277.out
[2024-11-08T15:44:59-0500] TCP Ping summary (min/avg/max/mdev) 
[2024-11-08T15:44:59-0500] TCP Ping test finished at 2024-11-08 15:44:59.364 EST, duration: 31.123 s
[2024-11-08T15:44:59-0500] -------------------------------
[2024-11-08T15:44:59-0500] Waiting for 2 s...
[2024-11-08T15:45:01-0500] -------------------------------
[2024-11-08T15:45:01-0500] Traceroute test started at 2024-11-08 15:45:01.465 EST
[2024-11-08T15:45:02-0500] Waiting for 29.011 s to reach end time
[2024-11-08T15:45:31-0500] Saved traceroute test to /data/data/com.termux/files/home/storage/shared/bos_la_2024_trip/starlink/20241108/153923941/traceroute_154501526.out
[2024-11-08T15:45:31-0500] Traceroute summary (min/avg/max/mdev) 
[2024-11-08T15:45:31-0500] Traceroute test finished at 2024-11-08 15:45:31.575 EST, duration: 30.110 s
[2024-11-08T15:45:31-0500] -------------------------------
[2024-11-08T15:45:31-0500] All tests completed, cleaning up...
[2024-11-08T15:45:31-0500] -------------------------------
[2024-11-08T15:45:56-0500] [measurement] Load environment variables from prod.env file
[2024-11-08T15:45:56-0500] Starting a network measurement, please choose a server
[2024-11-08T15:45:56-0500] 0) West Cloud: 54.176.53.206
[2024-11-08T15:45:56-0500] 1) East Cloud: 54.197.223.49
[2024-11-08T15:46:20-0500] Enter your choice (0-1): Testing starlink, server 1 (ip: 54.197.223.49, nuttcp_port: 5103, iperf_port: 5003)
[2024-11-08T15:46:20-0500] -------------------------------
[2024-11-08T15:46:20-0500] tcp downlink test started at 2024-11-08 15:46:20.278 EST
[2024-11-08T15:46:20-0500] Testing tcp downlink with 54.197.223.49:5103, interval 0.5 s, duration 120 s, timeout 121 s...
[2024-11-08T15:48:21-0500] Current time exceeds end time, skipping wait
[2024-11-08T15:48:21-0500] Saved tcp downlink test to /data/data/com.termux/files/home/storage/shared/bos_la_2024_trip/starlink/20241108/154620259/tcp_downlink_154620302.out
[2024-11-08T15:48:21-0500] DL AVG TPUT: 
[2024-11-08T15:48:21-0500] tcp downlink test finished at 2024-11-08 15:48:21.380 EST, duration: 121.102 s
[2024-11-08T15:48:21-0500] -------------------------------
[2024-11-08T15:48:21-0500] Waiting for 2 s...
[2024-11-08T15:48:23-0500] -------------------------------
[2024-11-08T15:48:23-0500] Starting 5G booster for 5 s...
[2024-11-08T15:48:23-0500] 5G booster started at 2024-11-08 15:48:23.476 EST
[2024-11-08T15:48:29-0500] Current time exceeds end time, skipping wait
[2024-11-08T15:48:29-0500] Saved TCP DL results to /data/data/com.termux/files/home/storage/shared/bos_la_2024_trip/starlink/20241108/154620259/tcp_downlink_154823519.out
[2024-11-08T15:48:29-0500] DL AVG TPUT: 
[2024-11-08T15:48:29-0500] 5G booster finished at 2024-11-08 15:48:29.588 EST, duration: 6.112 s
[2024-11-08T15:48:29-0500] -------------------------------
[2024-11-08T15:48:29-0500] Waiting for 2 s...
[2024-11-08T15:48:31-0500] -------------------------------
[2024-11-08T15:48:31-0500] tcp uplink test started at 2024-11-08 15:48:31.726 EST
[2024-11-08T15:48:31-0500] testing tcp uplink with 54.197.223.49:5103, interval 0.5, duration 120, timeout 121 ...
[2024-11-08T15:50:32-0500] Current time exceeds end time, skipping wait
[2024-11-08T15:50:32-0500] Saved uplink test to /data/data/com.termux/files/home/storage/shared/bos_la_2024_trip/starlink/20241108/154620259/tcp_uplink_154831765.out
[2024-11-08T15:50:32-0500] UL AVG TPUT: 
[2024-11-08T15:50:32-0500] tcp uplink test finished at 2024-11-08 15:50:32.833 EST, duration: 121.107 s
[2024-11-08T15:50:32-0500] -------------------------------
[2024-11-08T15:50:32-0500] Waiting for 2 s...
[2024-11-08T15:50:34-0500] -------------------------------
[2024-11-08T15:50:34-0500] Starting 5G booster for 5 s...
[2024-11-08T15:50:34-0500] 5G booster started at 2024-11-08 15:50:34.947 EST
[2024-11-08T15:50:41-0500] Current time exceeds end time, skipping wait
[2024-11-08T15:50:41-0500] Saved TCP DL results to /data/data/com.termux/files/home/storage/shared/bos_la_2024_trip/starlink/20241108/154620259/tcp_downlink_155035002.out
[2024-11-08T15:50:41-0500] DL AVG TPUT: 
[2024-11-08T15:50:41-0500] 5G booster finished at 2024-11-08 15:50:41.102 EST, duration: 6.155 s
[2024-11-08T15:50:41-0500] -------------------------------
[2024-11-08T15:50:41-0500] Waiting for 2 s...
[2024-11-08T15:50:43-0500] -------------------------------
[2024-11-08T15:50:43-0500] ICMP Ping test started at 2024-11-08 15:50:43.206 EST
[2024-11-08T15:51:13-0500] Waiting for .906 s to reach end time
[2024-11-08T15:51:14-0500] Saved ping test to /data/data/com.termux/files/home/storage/shared/bos_la_2024_trip/starlink/20241108/154620259/icmp_ping_155043230.out
[2024-11-08T15:51:14-0500] Ping summary (min/avg/max/mdev) = 25.802/47.198/111.614/17.706 ms
[2024-11-08T15:51:14-0500] Ping test finished at 2024-11-08 15:51:14.306 EST, duration: 31.100 s
[2024-11-08T15:51:14-0500] -------------------------------
[2024-11-08T15:51:14-0500] Waiting for 2 s...
[2024-11-08T15:51:16-0500] -------------------------------
[2024-11-08T15:51:16-0500] Starting 5G booster for 5 s...
[2024-11-08T15:51:16-0500] 5G booster started at 2024-11-08 15:51:16.393 EST
[2024-11-08T15:51:22-0500] Current time exceeds end time, skipping wait
[2024-11-08T15:51:22-0500] Saved TCP DL results to /data/data/com.termux/files/home/storage/shared/bos_la_2024_trip/starlink/20241108/154620259/tcp_downlink_155116415.out
[2024-11-08T15:51:22-0500] DL AVG TPUT: 
[2024-11-08T15:51:22-0500] 5G booster finished at 2024-11-08 15:51:22.497 EST, duration: 6.104 s
[2024-11-08T15:51:22-0500] -------------------------------
[2024-11-08T15:51:22-0500] Waiting for 2 s...
[2024-11-08T15:51:24-0500] -------------------------------
[2024-11-08T15:51:24-0500] TCP Ping test started at 2024-11-08 15:51:24.599 EST
[2024-11-08T15:51:55-0500] Current time exceeds end time, skipping wait
[2024-11-08T15:51:55-0500] Saved TCP Ping test to /data/data/com.termux/files/home/storage/shared/bos_la_2024_trip/starlink/20241108/154620259/tcp_ping_155124630.out
[2024-11-08T15:51:55-0500] TCP Ping summary (min/avg/max/mdev) 
[2024-11-08T15:51:55-0500] TCP Ping test finished at 2024-11-08 15:51:55.721 EST, duration: 31.122 s
[2024-11-08T15:51:55-0500] -------------------------------
[2024-11-08T15:51:55-0500] Waiting for 2 s...
[2024-11-08T15:51:57-0500] -------------------------------
[2024-11-08T15:51:57-0500] Traceroute test started at 2024-11-08 15:51:57.824 EST
[2024-11-08T15:51:59-0500] Waiting for 28.086 s to reach end time
[2024-11-08T15:52:27-0500] Saved traceroute test to /data/data/com.termux/files/home/storage/shared/bos_la_2024_trip/starlink/20241108/154620259/traceroute_155157854.out
[2024-11-08T15:52:27-0500] Traceroute summary (min/avg/max/mdev) 
[2024-11-08T15:52:28-0500] Traceroute test finished at 2024-11-08 15:52:27.965 EST, duration: 30.141 s
[2024-11-08T15:52:28-0500] -------------------------------
[2024-11-08T15:52:28-0500] All tests completed, cleaning up...
[2024-11-08T15:52:28-0500] -------------------------------
[2024-11-08T15:52:42-0500] [measurement] Load environment variables from prod.env file
[2024-11-08T15:52:42-0500] Starting a network measurement, please choose a server
[2024-11-08T15:52:42-0500] 0) West Cloud: 54.176.53.206
[2024-11-08T15:52:42-0500] 1) East Cloud: 54.197.223.49
[2024-11-08T15:53:12-0500] Enter your choice (0-1): Testing starlink, server 1 (ip: 54.197.223.49, nuttcp_port: 5103, iperf_port: 5003)
[2024-11-08T15:53:12-0500] -------------------------------
[2024-11-08T15:53:12-0500] tcp downlink test started at 2024-11-08 15:53:12.482 EST
[2024-11-08T15:53:12-0500] Testing tcp downlink with 54.197.223.49:5103, interval 0.5 s, duration 120 s, timeout 121 s...
[2024-11-08T15:55:13-0500] Current time exceeds end time, skipping wait
[2024-11-08T15:55:13-0500] Saved tcp downlink test to /data/data/com.termux/files/home/storage/shared/bos_la_2024_trip/starlink/20241108/155312463/tcp_downlink_155312506.out
[2024-11-08T15:55:13-0500] DL AVG TPUT: 
[2024-11-08T15:55:13-0500] tcp downlink test finished at 2024-11-08 15:55:13.615 EST, duration: 121.133 s
[2024-11-08T15:55:13-0500] -------------------------------
[2024-11-08T15:55:13-0500] Waiting for 2 s...
[2024-11-08T15:55:15-0500] -------------------------------
[2024-11-08T15:55:15-0500] Starting 5G booster for 5 s...
[2024-11-08T15:55:15-0500] 5G booster started at 2024-11-08 15:55:15.714 EST
[2024-11-08T15:55:21-0500] Current time exceeds end time, skipping wait
[2024-11-08T15:55:21-0500] Saved TCP DL results to /data/data/com.termux/files/home/storage/shared/bos_la_2024_trip/starlink/20241108/155312463/tcp_downlink_155515738.out
[2024-11-08T15:55:21-0500] DL AVG TPUT: 
[2024-11-08T15:55:21-0500] 5G booster finished at 2024-11-08 15:55:21.789 EST, duration: 6.075 s
[2024-11-08T15:55:21-0500] -------------------------------
[2024-11-08T15:55:21-0500] Waiting for 2 s...
[2024-11-08T15:55:23-0500] -------------------------------
[2024-11-08T15:55:23-0500] tcp uplink test started at 2024-11-08 15:55:23.943 EST
[2024-11-08T15:55:23-0500] testing tcp uplink with 54.197.223.49:5103, interval 0.5, duration 120, timeout 121 ...
[2024-11-08T15:57:25-0500] Current time exceeds end time, skipping wait
[2024-11-08T15:57:25-0500] Saved uplink test to /data/data/com.termux/files/home/storage/shared/bos_la_2024_trip/starlink/20241108/155312463/tcp_uplink_155523973.out
[2024-11-08T15:57:25-0500] UL AVG TPUT: 
[2024-11-08T15:57:25-0500] tcp uplink test finished at 2024-11-08 15:57:25.090 EST, duration: 121.147 s
[2024-11-08T15:57:25-0500] -------------------------------
[2024-11-08T15:57:25-0500] Waiting for 2 s...
[2024-11-08T15:57:27-0500] -------------------------------
[2024-11-08T15:57:27-0500] Starting 5G booster for 5 s...
[2024-11-08T15:57:27-0500] 5G booster started at 2024-11-08 15:57:27.208 EST
[2024-11-08T15:57:33-0500] Current time exceeds end time, skipping wait
[2024-11-08T15:57:33-0500] Saved TCP DL results to /data/data/com.termux/files/home/storage/shared/bos_la_2024_trip/starlink/20241108/155312463/tcp_downlink_155727235.out
[2024-11-08T15:57:33-0500] DL AVG TPUT: 
[2024-11-08T15:57:33-0500] 5G booster finished at 2024-11-08 15:57:33.334 EST, duration: 6.126 s
[2024-11-08T15:57:33-0500] -------------------------------
[2024-11-08T15:57:33-0500] Waiting for 2 s...
[2024-11-08T15:57:35-0500] -------------------------------
[2024-11-08T15:57:35-0500] ICMP Ping test started at 2024-11-08 15:57:35.449 EST
[2024-11-08T15:58:05-0500] Waiting for .893 s to reach end time
[2024-11-08T15:58:06-0500] Saved ping test to /data/data/com.termux/files/home/storage/shared/bos_la_2024_trip/starlink/20241108/155312463/icmp_ping_155735481.out
[2024-11-08T15:58:06-0500] Ping summary (min/avg/max/mdev) = 24.002/43.731/98.425/15.397 ms
[2024-11-08T15:58:06-0500] Ping test finished at 2024-11-08 15:58:06.523 EST, duration: 31.074 s
[2024-11-08T15:58:06-0500] -------------------------------
[2024-11-08T15:58:06-0500] Waiting for 2 s...
[2024-11-08T15:58:08-0500] -------------------------------
[2024-11-08T15:58:08-0500] Starting 5G booster for 5 s...
[2024-11-08T15:58:08-0500] 5G booster started at 2024-11-08 15:58:08.619 EST
[2024-11-08T15:58:14-0500] Current time exceeds end time, skipping wait
[2024-11-08T15:58:14-0500] Saved TCP DL results to /data/data/com.termux/files/home/storage/shared/bos_la_2024_trip/starlink/20241108/155312463/tcp_downlink_155808646.out
[2024-11-08T15:58:14-0500] DL AVG TPUT: 
[2024-11-08T15:58:14-0500] 5G booster finished at 2024-11-08 15:58:14.725 EST, duration: 6.106 s
[2024-11-08T15:58:14-0500] -------------------------------
[2024-11-08T15:58:14-0500] Waiting for 2 s...
[2024-11-08T15:58:16-0500] -------------------------------
[2024-11-08T15:58:16-0500] TCP Ping test started at 2024-11-08 15:58:16.821 EST
[2024-11-08T15:58:47-0500] Current time exceeds end time, skipping wait
[2024-11-08T15:58:47-0500] Saved TCP Ping test to /data/data/com.termux/files/home/storage/shared/bos_la_2024_trip/starlink/20241108/155312463/tcp_ping_155816845.out
[2024-11-08T15:58:47-0500] TCP Ping summary (min/avg/max/mdev) 
[2024-11-08T15:58:48-0500] TCP Ping test finished at 2024-11-08 15:58:47.916 EST, duration: 31.095 s
[2024-11-08T15:58:48-0500] -------------------------------
[2024-11-08T15:58:48-0500] Waiting for 2 s...
[2024-11-08T15:58:50-0500] -------------------------------
[2024-11-08T15:58:50-0500] Traceroute test started at 2024-11-08 15:58:50.042 EST
[2024-11-08T15:58:51-0500] Waiting for 28.374 s to reach end time
[2024-11-08T15:59:20-0500] Saved traceroute test to /data/data/com.termux/files/home/storage/shared/bos_la_2024_trip/starlink/20241108/155312463/traceroute_155850093.out
[2024-11-08T15:59:20-0500] Traceroute summary (min/avg/max/mdev) 
[2024-11-08T15:59:20-0500] Traceroute test finished at 2024-11-08 15:59:20.123 EST, duration: 30.081 s
[2024-11-08T15:59:20-0500] -------------------------------
[2024-11-08T15:59:20-0500] All tests completed, cleaning up...
[2024-11-08T15:59:20-0500] -------------------------------
[2024-11-08T15:59:40-0500] [measurement] Load environment variables from prod.env file
[2024-11-08T15:59:40-0500] Starting a network measurement, please choose a server
[2024-11-08T15:59:40-0500] 0) West Cloud: 54.176.53.206
[2024-11-08T15:59:40-0500] 1) East Cloud: 54.197.223.49
[2024-11-08T16:00:03-0500] Enter your choice (0-1): Testing starlink, server 1 (ip: 54.197.223.49, nuttcp_port: 5103, iperf_port: 5003)
[2024-11-08T16:00:03-0500] -------------------------------
[2024-11-08T16:00:03-0500] tcp downlink test started at 2024-11-08 16:00:03.504 EST
[2024-11-08T16:00:03-0500] Testing tcp downlink with 54.197.223.49:5103, interval 0.5 s, duration 120 s, timeout 121 s...
[2024-11-08T16:02:04-0500] Current time exceeds end time, skipping wait
[2024-11-08T16:02:04-0500] Saved tcp downlink test to /data/data/com.termux/files/home/storage/shared/bos_la_2024_trip/starlink/20241108/160003486/tcp_downlink_160003534.out
[2024-11-08T16:02:04-0500] DL AVG TPUT: 
[2024-11-08T16:02:04-0500] tcp downlink test finished at 2024-11-08 16:02:04.593 EST, duration: 121.089 s
[2024-11-08T16:02:04-0500] -------------------------------
[2024-11-08T16:02:04-0500] Waiting for 2 s...
[2024-11-08T16:02:06-0500] -------------------------------
[2024-11-08T16:02:06-0500] Starting 5G booster for 5 s...
[2024-11-08T16:02:06-0500] 5G booster started at 2024-11-08 16:02:06.704 EST
[2024-11-08T16:02:12-0500] Current time exceeds end time, skipping wait
[2024-11-08T16:02:12-0500] Saved TCP DL results to /data/data/com.termux/files/home/storage/shared/bos_la_2024_trip/starlink/20241108/160003486/tcp_downlink_160206743.out
[2024-11-08T16:02:12-0500] DL AVG TPUT: 
[2024-11-08T16:02:12-0500] 5G booster finished at 2024-11-08 16:02:12.858 EST, duration: 6.154 s
[2024-11-08T16:02:12-0500] -------------------------------
[2024-11-08T16:02:12-0500] Waiting for 2 s...
[2024-11-08T16:02:14-0500] -------------------------------
[2024-11-08T16:02:15-0500] tcp uplink test started at 2024-11-08 16:02:14.960 EST
[2024-11-08T16:02:15-0500] testing tcp uplink with 54.197.223.49:5103, interval 0.5, duration 120, timeout 121 ...
[2024-11-08T16:04:16-0500] Current time exceeds end time, skipping wait
[2024-11-08T16:04:16-0500] Saved uplink test to /data/data/com.termux/files/home/storage/shared/bos_la_2024_trip/starlink/20241108/160003486/tcp_uplink_160215011.out
[2024-11-08T16:04:16-0500] UL AVG TPUT: 14.5515 Mbps
[2024-11-08T16:04:16-0500] tcp uplink test finished at 2024-11-08 16:04:16.034 EST, duration: 121.074 s
[2024-11-08T16:04:16-0500] -------------------------------
[2024-11-08T16:04:16-0500] Waiting for 2 s...
[2024-11-08T16:04:18-0500] -------------------------------
[2024-11-08T16:04:18-0500] Starting 5G booster for 5 s...
[2024-11-08T16:04:18-0500] 5G booster started at 2024-11-08 16:04:18.180 EST
[2024-11-08T16:04:24-0500] Current time exceeds end time, skipping wait
[2024-11-08T16:04:24-0500] Saved TCP DL results to /data/data/com.termux/files/home/storage/shared/bos_la_2024_trip/starlink/20241108/160003486/tcp_downlink_160418209.out
[2024-11-08T16:04:24-0500] DL AVG TPUT: 
[2024-11-08T16:04:24-0500] 5G booster finished at 2024-11-08 16:04:24.283 EST, duration: 6.103 s
[2024-11-08T16:04:24-0500] -------------------------------
[2024-11-08T16:04:24-0500] Waiting for 2 s...
[2024-11-08T16:04:26-0500] -------------------------------
[2024-11-08T16:04:26-0500] ICMP Ping test started at 2024-11-08 16:04:26.382 EST
[2024-11-08T16:04:56-0500] Waiting for .908 s to reach end time
[2024-11-08T16:04:57-0500] Saved ping test to /data/data/com.termux/files/home/storage/shared/bos_la_2024_trip/starlink/20241108/160003486/icmp_ping_160426412.out
[2024-11-08T16:04:57-0500] Ping summary (min/avg/max/mdev) = 22.544/39.618/78.302/14.709 ms
[2024-11-08T16:04:57-0500] Ping test finished at 2024-11-08 16:04:57.457 EST, duration: 31.075 s
[2024-11-08T16:04:57-0500] -------------------------------
[2024-11-08T16:04:57-0500] Waiting for 2 s...
[2024-11-08T16:04:59-0500] -------------------------------
[2024-11-08T16:04:59-0500] Starting 5G booster for 5 s...
[2024-11-08T16:04:59-0500] 5G booster started at 2024-11-08 16:04:59.546 EST
[2024-11-08T16:05:05-0500] Current time exceeds end time, skipping wait
[2024-11-08T16:05:05-0500] Saved TCP DL results to /data/data/com.termux/files/home/storage/shared/bos_la_2024_trip/starlink/20241108/160003486/tcp_downlink_160459569.out
[2024-11-08T16:05:05-0500] DL AVG TPUT: 
[2024-11-08T16:05:05-0500] 5G booster finished at 2024-11-08 16:05:05.655 EST, duration: 6.109 s
[2024-11-08T16:05:05-0500] -------------------------------
[2024-11-08T16:05:05-0500] Waiting for 2 s...
[2024-11-08T16:05:07-0500] -------------------------------
[2024-11-08T16:05:07-0500] TCP Ping test started at 2024-11-08 16:05:07.750 EST
[2024-11-08T16:05:38-0500] Current time exceeds end time, skipping wait
[2024-11-08T16:05:38-0500] Saved TCP Ping test to /data/data/com.termux/files/home/storage/shared/bos_la_2024_trip/starlink/20241108/160003486/tcp_ping_160507776.out
[2024-11-08T16:05:38-0500] TCP Ping summary (min/avg/max/mdev) 
[2024-11-08T16:05:38-0500] TCP Ping test finished at 2024-11-08 16:05:38.832 EST, duration: 31.082 s
[2024-11-08T16:05:38-0500] -------------------------------
[2024-11-08T16:05:38-0500] Waiting for 2 s...
[2024-11-08T16:05:40-0500] -------------------------------
[2024-11-08T16:05:41-0500] Traceroute test started at 2024-11-08 16:05:40.963 EST
[2024-11-08T16:05:43-0500] Waiting for 27.943 s to reach end time
[2024-11-08T16:06:11-0500] Saved traceroute test to /data/data/com.termux/files/home/storage/shared/bos_la_2024_trip/starlink/20241108/160003486/traceroute_160541011.out
[2024-11-08T16:06:11-0500] Traceroute summary (min/avg/max/mdev) 
[2024-11-08T16:06:11-0500] Traceroute test finished at 2024-11-08 16:06:11.071 EST, duration: 30.108 s
[2024-11-08T16:06:11-0500] -------------------------------
[2024-11-08T16:06:11-0500] All tests completed, cleaning up...
[2024-11-08T16:06:11-0500] -------------------------------
[2024-11-08T16:06:54-0500] [measurement] Load environment variables from prod.env file
[2024-11-08T16:06:54-0500] Starting a network measurement, please choose a server
[2024-11-08T16:06:54-0500] 0) West Cloud: 54.176.53.206
[2024-11-08T16:06:54-0500] 1) East Cloud: 54.197.223.49
[2024-11-08T16:07:08-0500] Enter your choice (0-1): Testing starlink, server 1 (ip: 54.197.223.49, nuttcp_port: 5103, iperf_port: 5003)
[2024-11-08T16:07:08-0500] -------------------------------
[2024-11-08T16:07:08-0500] tcp downlink test started at 2024-11-08 16:07:08.247 EST
[2024-11-08T16:07:08-0500] Testing tcp downlink with 54.197.223.49:5103, interval 0.5 s, duration 120 s, timeout 121 s...
[2024-11-08T16:09:09-0500] Current time exceeds end time, skipping wait
[2024-11-08T16:09:09-0500] Saved tcp downlink test to /data/data/com.termux/files/home/storage/shared/bos_la_2024_trip/starlink/20241108/160708226/tcp_downlink_160708271.out
[2024-11-08T16:09:09-0500] DL AVG TPUT: 
[2024-11-08T16:09:09-0500] tcp downlink test finished at 2024-11-08 16:09:09.325 EST, duration: 121.078 s
[2024-11-08T16:09:09-0500] -------------------------------
[2024-11-08T16:09:09-0500] Waiting for 2 s...
[2024-11-08T16:09:11-0500] -------------------------------
[2024-11-08T16:09:11-0500] Starting 5G booster for 5 s...
[2024-11-08T16:09:11-0500] 5G booster started at 2024-11-08 16:09:11.443 EST
[2024-11-08T16:09:17-0500] Current time exceeds end time, skipping wait
[2024-11-08T16:09:17-0500] Saved TCP DL results to /data/data/com.termux/files/home/storage/shared/bos_la_2024_trip/starlink/20241108/160708226/tcp_downlink_160911467.out
[2024-11-08T16:09:17-0500] DL AVG TPUT: 
[2024-11-08T16:09:17-0500] 5G booster finished at 2024-11-08 16:09:17.542 EST, duration: 6.099 s
[2024-11-08T16:09:17-0500] -------------------------------
[2024-11-08T16:09:17-0500] Waiting for 2 s...
[2024-11-08T16:09:19-0500] -------------------------------
[2024-11-08T16:09:19-0500] tcp uplink test started at 2024-11-08 16:09:19.639 EST
[2024-11-08T16:09:19-0500] testing tcp uplink with 54.197.223.49:5103, interval 0.5, duration 120, timeout 121 ...
[2024-11-08T16:11:20-0500] Current time exceeds end time, skipping wait
[2024-11-08T16:11:20-0500] Saved uplink test to /data/data/com.termux/files/home/storage/shared/bos_la_2024_trip/starlink/20241108/160708226/tcp_uplink_160919690.out
[2024-11-08T16:11:20-0500] UL AVG TPUT: 
[2024-11-08T16:11:20-0500] tcp uplink test finished at 2024-11-08 16:11:20.792 EST, duration: 121.153 s
[2024-11-08T16:11:20-0500] -------------------------------
[2024-11-08T16:11:20-0500] Waiting for 2 s...
[2024-11-08T16:11:22-0500] -------------------------------
[2024-11-08T16:11:22-0500] Starting 5G booster for 5 s...
[2024-11-08T16:11:22-0500] 5G booster started at 2024-11-08 16:11:22.902 EST
[2024-11-08T16:11:29-0500] Current time exceeds end time, skipping wait
[2024-11-08T16:11:29-0500] Saved TCP DL results to /data/data/com.termux/files/home/storage/shared/bos_la_2024_trip/starlink/20241108/160708226/tcp_downlink_161122954.out
[2024-11-08T16:11:29-0500] DL AVG TPUT: 
[2024-11-08T16:11:29-0500] 5G booster finished at 2024-11-08 16:11:29.053 EST, duration: 6.151 s
[2024-11-08T16:11:29-0500] -------------------------------
[2024-11-08T16:11:29-0500] Waiting for 2 s...
[2024-11-08T16:11:31-0500] -------------------------------
[2024-11-08T16:11:31-0500] ICMP Ping test started at 2024-11-08 16:11:31.134 EST
[2024-11-08T16:12:01-0500] Waiting for .893 s to reach end time
[2024-11-08T16:12:02-0500] Saved ping test to /data/data/com.termux/files/home/storage/shared/bos_la_2024_trip/starlink/20241108/160708226/icmp_ping_161131159.out
[2024-11-08T16:12:02-0500] Ping summary (min/avg/max/mdev) = 25.447/43.311/79.951/15.351 ms
[2024-11-08T16:12:02-0500] Ping test finished at 2024-11-08 16:12:02.204 EST, duration: 31.070 s
[2024-11-08T16:12:02-0500] -------------------------------
[2024-11-08T16:12:02-0500] Waiting for 2 s...
[2024-11-08T16:12:04-0500] -------------------------------
[2024-11-08T16:12:04-0500] Starting 5G booster for 5 s...
[2024-11-08T16:12:04-0500] 5G booster started at 2024-11-08 16:12:04.305 EST
[2024-11-08T16:12:10-0500] Current time exceeds end time, skipping wait
[2024-11-08T16:12:10-0500] Saved TCP DL results to /data/data/com.termux/files/home/storage/shared/bos_la_2024_trip/starlink/20241108/160708226/tcp_downlink_161204334.out
[2024-11-08T16:12:10-0500] DL AVG TPUT: 
[2024-11-08T16:12:10-0500] 5G booster finished at 2024-11-08 16:12:10.441 EST, duration: 6.136 s
[2024-11-08T16:12:10-0500] -------------------------------
[2024-11-08T16:12:10-0500] Waiting for 2 s...
[2024-11-08T16:12:12-0500] -------------------------------
[2024-11-08T16:12:12-0500] TCP Ping test started at 2024-11-08 16:12:12.547 EST
[2024-11-08T16:12:43-0500] Current time exceeds end time, skipping wait
[2024-11-08T16:12:43-0500] Saved TCP Ping test to /data/data/com.termux/files/home/storage/shared/bos_la_2024_trip/starlink/20241108/160708226/tcp_ping_161212578.out
[2024-11-08T16:12:43-0500] TCP Ping summary (min/avg/max/mdev) 
[2024-11-08T16:12:43-0500] TCP Ping test finished at 2024-11-08 16:12:43.686 EST, duration: 31.139 s
[2024-11-08T16:12:43-0500] -------------------------------
[2024-11-08T16:12:43-0500] Waiting for 2 s...
[2024-11-08T16:12:45-0500] -------------------------------
[2024-11-08T16:12:45-0500] Traceroute test started at 2024-11-08 16:12:45.792 EST
[2024-11-08T16:12:46-0500] Waiting for 28.952 s to reach end time
[2024-11-08T16:13:15-0500] Saved traceroute test to /data/data/com.termux/files/home/storage/shared/bos_la_2024_trip/starlink/20241108/160708226/traceroute_161245817.out
[2024-11-08T16:13:15-0500] Traceroute summary (min/avg/max/mdev) 
[2024-11-08T16:13:15-0500] Traceroute test finished at 2024-11-08 16:13:15.856 EST, duration: 30.064 s
[2024-11-08T16:13:15-0500] -------------------------------
[2024-11-08T16:13:15-0500] All tests completed, cleaning up...
[2024-11-08T16:13:15-0500] -------------------------------
[2024-11-08T16:30:04-0500] [measurement] Load environment variables from prod.env file
[2024-11-08T16:30:04-0500] Starting a network measurement, please choose a server
[2024-11-08T16:30:04-0500] 0) West Cloud: 54.176.53.206
[2024-11-08T16:30:04-0500] 1) East Cloud: 54.197.223.49
[2024-11-08T16:31:39-0500] Enter your choice (0-1): Testing starlink, server 1 (ip: 54.197.223.49, nuttcp_port: 5103, iperf_port: 5003)
[2024-11-08T16:31:39-0500] -------------------------------
[2024-11-08T16:31:39-0500] tcp downlink test started at 2024-11-08 16:31:39.881 EST
[2024-11-08T16:31:39-0500] Testing tcp downlink with 54.197.223.49:5103, interval 0.5 s, duration 120 s, timeout 121 s...
[2024-11-08T16:33:40-0500] Current time exceeds end time, skipping wait
[2024-11-08T16:33:40-0500] Saved tcp downlink test to /data/data/com.termux/files/home/storage/shared/bos_la_2024_trip/starlink/20241108/163139863/tcp_downlink_163139905.out
[2024-11-08T16:33:41-0500] DL AVG TPUT: 
[2024-11-08T16:33:41-0500] tcp downlink test finished at 2024-11-08 16:33:40.972 EST, duration: 121.091 s
[2024-11-08T16:33:41-0500] -------------------------------
[2024-11-08T16:33:41-0500] Waiting for 2 s...
[2024-11-08T16:33:43-0500] -------------------------------
[2024-11-08T16:33:43-0500] Starting 5G booster for 5 s...
[2024-11-08T16:33:43-0500] 5G booster started at 2024-11-08 16:33:43.099 EST
[2024-11-08T16:33:49-0500] Current time exceeds end time, skipping wait
[2024-11-08T16:33:49-0500] Saved TCP DL results to /data/data/com.termux/files/home/storage/shared/bos_la_2024_trip/starlink/20241108/163139863/tcp_downlink_163343154.out
[2024-11-08T16:33:49-0500] DL AVG TPUT: 
[2024-11-08T16:33:49-0500] 5G booster finished at 2024-11-08 16:33:49.223 EST, duration: 6.124 s
[2024-11-08T16:33:49-0500] -------------------------------
[2024-11-08T16:33:49-0500] Waiting for 2 s...
[2024-11-08T16:33:51-0500] -------------------------------
[2024-11-08T16:33:51-0500] tcp uplink test started at 2024-11-08 16:33:51.329 EST
[2024-11-08T16:33:51-0500] testing tcp uplink with 54.197.223.49:5103, interval 0.5, duration 120, timeout 121 ...
[2024-11-08T16:35:52-0500] Current time exceeds end time, skipping wait
[2024-11-08T16:35:52-0500] Saved uplink test to /data/data/com.termux/files/home/storage/shared/bos_la_2024_trip/starlink/20241108/163139863/tcp_uplink_163351362.out
[2024-11-08T16:35:52-0500] UL AVG TPUT: 
[2024-11-08T16:35:52-0500] tcp uplink test finished at 2024-11-08 16:35:52.450 EST, duration: 121.121 s
[2024-11-08T16:35:52-0500] -------------------------------
[2024-11-08T16:35:52-0500] Waiting for 2 s...
[2024-11-08T16:35:54-0500] -------------------------------
[2024-11-08T16:35:54-0500] Starting 5G booster for 5 s...
[2024-11-08T16:35:54-0500] 5G booster started at 2024-11-08 16:35:54.547 EST
[2024-11-08T16:36:00-0500] Current time exceeds end time, skipping wait
[2024-11-08T16:36:00-0500] Saved TCP DL results to /data/data/com.termux/files/home/storage/shared/bos_la_2024_trip/starlink/20241108/163139863/tcp_downlink_163554581.out
[2024-11-08T16:36:00-0500] DL AVG TPUT: 
[2024-11-08T16:36:00-0500] 5G booster finished at 2024-11-08 16:36:00.744 EST, duration: 6.197 s
[2024-11-08T16:36:00-0500] -------------------------------
[2024-11-08T16:36:00-0500] Waiting for 2 s...
[2024-11-08T16:36:02-0500] -------------------------------
[2024-11-08T16:36:02-0500] ICMP Ping test started at 2024-11-08 16:36:02.839 EST
[2024-11-08T16:36:33-0500] Waiting for .887 s to reach end time
[2024-11-08T16:36:33-0500] Saved ping test to /data/data/com.termux/files/home/storage/shared/bos_la_2024_trip/starlink/20241108/163139863/icmp_ping_163602866.out
[2024-11-08T16:36:33-0500] Ping summary (min/avg/max/mdev) = 28.050/45.659/149.557/16.840 ms
[2024-11-08T16:36:34-0500] Ping test finished at 2024-11-08 16:36:33.910 EST, duration: 31.071 s
[2024-11-08T16:36:34-0500] -------------------------------
[2024-11-08T16:36:34-0500] Waiting for 2 s...
[2024-11-08T16:36:36-0500] -------------------------------
[2024-11-08T16:36:36-0500] Starting 5G booster for 5 s...
[2024-11-08T16:36:36-0500] 5G booster started at 2024-11-08 16:36:36.056 EST
[2024-11-08T16:36:42-0500] Current time exceeds end time, skipping wait
[2024-11-08T16:36:42-0500] Saved TCP DL results to /data/data/com.termux/files/home/storage/shared/bos_la_2024_trip/starlink/20241108/163139863/tcp_downlink_163636093.out
[2024-11-08T16:36:42-0500] DL AVG TPUT: 
[2024-11-08T16:36:42-0500] 5G booster finished at 2024-11-08 16:36:42.194 EST, duration: 6.138 s
[2024-11-08T16:36:42-0500] -------------------------------
[2024-11-08T16:36:42-0500] Waiting for 2 s...
[2024-11-08T16:36:44-0500] -------------------------------
[2024-11-08T16:36:44-0500] TCP Ping test started at 2024-11-08 16:36:44.286 EST
[2024-11-08T16:37:15-0500] Current time exceeds end time, skipping wait
[2024-11-08T16:37:15-0500] Saved TCP Ping test to /data/data/com.termux/files/home/storage/shared/bos_la_2024_trip/starlink/20241108/163139863/tcp_ping_163644338.out
[2024-11-08T16:37:15-0500] TCP Ping summary (min/avg/max/mdev) 
[2024-11-08T16:37:15-0500] TCP Ping test finished at 2024-11-08 16:37:15.437 EST, duration: 31.151 s
[2024-11-08T16:37:15-0500] -------------------------------
[2024-11-08T16:37:15-0500] Waiting for 2 s...
[2024-11-08T16:37:17-0500] -------------------------------
[2024-11-08T16:37:17-0500] Traceroute test started at 2024-11-08 16:37:17.534 EST
[2024-11-08T16:37:20-0500] Waiting for 27.300 s to reach end time
[2024-11-08T16:37:47-0500] Saved traceroute test to /data/data/com.termux/files/home/storage/shared/bos_la_2024_trip/starlink/20241108/163139863/traceroute_163717558.out
[2024-11-08T16:37:47-0500] Traceroute summary (min/avg/max/mdev) 
[2024-11-08T16:37:47-0500] Traceroute test finished at 2024-11-08 16:37:47.666 EST, duration: 30.132 s
[2024-11-08T16:37:47-0500] -------------------------------
[2024-11-08T16:37:47-0500] All tests completed, cleaning up...
[2024-11-08T16:37:47-0500] -------------------------------
[2024-11-08T16:38:40-0500] [measurement] Load environment variables from prod.env file
[2024-11-08T16:38:40-0500] Starting a network measurement, please choose a server
[2024-11-08T16:38:40-0500] 0) West Cloud: 54.176.53.206
[2024-11-08T16:38:40-0500] 1) East Cloud: 54.197.223.49
[2024-11-08T16:39:04-0500] Enter your choice (0-1): Testing starlink, server 1 (ip: 54.197.223.49, nuttcp_port: 5103, iperf_port: 5003)
[2024-11-08T16:39:04-0500] -------------------------------
[2024-11-08T16:39:04-0500] tcp downlink test started at 2024-11-08 16:39:04.421 EST
[2024-11-08T16:39:04-0500] Testing tcp downlink with 54.197.223.49:5103, interval 0.5 s, duration 120 s, timeout 121 s...
[2024-11-08T16:41:05-0500] Current time exceeds end time, skipping wait
[2024-11-08T16:41:05-0500] Saved tcp downlink test to /data/data/com.termux/files/home/storage/shared/bos_la_2024_trip/starlink/20241108/163904404/tcp_downlink_163904445.out
[2024-11-08T16:41:05-0500] DL AVG TPUT: 
[2024-11-08T16:41:05-0500] tcp downlink test finished at 2024-11-08 16:41:05.515 EST, duration: 121.094 s
[2024-11-08T16:41:05-0500] -------------------------------
[2024-11-08T16:41:05-0500] Waiting for 2 s...
[2024-11-08T16:41:07-0500] -------------------------------
[2024-11-08T16:41:07-0500] Starting 5G booster for 5 s...
[2024-11-08T16:41:07-0500] 5G booster started at 2024-11-08 16:41:07.603 EST
[2024-11-08T16:41:13-0500] Current time exceeds end time, skipping wait
[2024-11-08T16:41:13-0500] Saved TCP DL results to /data/data/com.termux/files/home/storage/shared/bos_la_2024_trip/starlink/20241108/163904404/tcp_downlink_164107642.out
[2024-11-08T16:41:13-0500] DL AVG TPUT: 
[2024-11-08T16:41:13-0500] 5G booster finished at 2024-11-08 16:41:13.723 EST, duration: 6.120 s
[2024-11-08T16:41:13-0500] -------------------------------
[2024-11-08T16:41:13-0500] Waiting for 2 s...
[2024-11-08T16:41:15-0500] -------------------------------
[2024-11-08T16:41:15-0500] tcp uplink test started at 2024-11-08 16:41:15.816 EST
[2024-11-08T16:41:15-0500] testing tcp uplink with 54.197.223.49:5103, interval 0.5, duration 120, timeout 121 ...
[2024-11-08T16:43:16-0500] Waiting for .082 s to reach end time
[2024-11-08T16:43:16-0500] Saved uplink test to /data/data/com.termux/files/home/storage/shared/bos_la_2024_trip/starlink/20241108/163904404/tcp_uplink_164115846.out
[2024-11-08T16:43:16-0500] UL AVG TPUT: 12.1689 Mbps
[2024-11-08T16:43:16-0500] tcp uplink test finished at 2024-11-08 16:43:16.897 EST, duration: 121.081 s
[2024-11-08T16:43:16-0500] -------------------------------
[2024-11-08T16:43:16-0500] Waiting for 2 s...
[2024-11-08T16:43:18-0500] -------------------------------
[2024-11-08T16:43:18-0500] Starting 5G booster for 5 s...
[2024-11-08T16:43:18-0500] 5G booster started at 2024-11-08 16:43:18.983 EST
[2024-11-08T16:43:25-0500] Current time exceeds end time, skipping wait
[2024-11-08T16:43:25-0500] Saved TCP DL results to /data/data/com.termux/files/home/storage/shared/bos_la_2024_trip/starlink/20241108/163904404/tcp_downlink_164319008.out
[2024-11-08T16:43:25-0500] DL AVG TPUT: 
[2024-11-08T16:43:25-0500] 5G booster finished at 2024-11-08 16:43:25.119 EST, duration: 6.136 s
[2024-11-08T16:43:25-0500] -------------------------------
[2024-11-08T16:43:25-0500] Waiting for 2 s...
[2024-11-08T16:43:27-0500] -------------------------------
[2024-11-08T16:43:27-0500] ICMP Ping test started at 2024-11-08 16:43:27.219 EST
[2024-11-08T16:43:57-0500] Waiting for .915 s to reach end time
[2024-11-08T16:43:58-0500] Saved ping test to /data/data/com.termux/files/home/storage/shared/bos_la_2024_trip/starlink/20241108/163904404/icmp_ping_164327242.out
[2024-11-08T16:43:58-0500] Ping summary (min/avg/max/mdev) = 26.489/41.774/172.602/21.268 ms
[2024-11-08T16:43:58-0500] Ping test finished at 2024-11-08 16:43:58.316 EST, duration: 31.097 s
[2024-11-08T16:43:58-0500] -------------------------------
[2024-11-08T16:43:58-0500] Waiting for 2 s...
[2024-11-08T16:44:00-0500] -------------------------------
[2024-11-08T16:44:00-0500] Starting 5G booster for 5 s...
[2024-11-08T16:44:00-0500] 5G booster started at 2024-11-08 16:44:00.409 EST
[2024-11-08T16:44:06-0500] Current time exceeds end time, skipping wait
[2024-11-08T16:44:06-0500] Saved TCP DL results to /data/data/com.termux/files/home/storage/shared/bos_la_2024_trip/starlink/20241108/163904404/tcp_downlink_164400437.out
[2024-11-08T16:44:06-0500] DL AVG TPUT: 
[2024-11-08T16:44:06-0500] 5G booster finished at 2024-11-08 16:44:06.530 EST, duration: 6.121 s
[2024-11-08T16:44:06-0500] -------------------------------
[2024-11-08T16:44:06-0500] Waiting for 2 s...
[2024-11-08T16:44:08-0500] -------------------------------
[2024-11-08T16:44:08-0500] TCP Ping test started at 2024-11-08 16:44:08.644 EST
[2024-11-08T16:44:39-0500] Current time exceeds end time, skipping wait
[2024-11-08T16:44:39-0500] Saved TCP Ping test to /data/data/com.termux/files/home/storage/shared/bos_la_2024_trip/starlink/20241108/163904404/tcp_ping_164408697.out
[2024-11-08T16:44:39-0500] TCP Ping summary (min/avg/max/mdev) 
[2024-11-08T16:44:39-0500] TCP Ping test finished at 2024-11-08 16:44:39.786 EST, duration: 31.142 s
[2024-11-08T16:44:39-0500] -------------------------------
[2024-11-08T16:44:39-0500] Waiting for 2 s...
[2024-11-08T16:44:41-0500] -------------------------------
[2024-11-08T16:44:41-0500] Traceroute test started at 2024-11-08 16:44:41.909 EST
[2024-11-08T16:44:42-0500] Waiting for 29.253 s to reach end time
[2024-11-08T16:45:12-0500] Saved traceroute test to /data/data/com.termux/files/home/storage/shared/bos_la_2024_trip/starlink/20241108/163904404/traceroute_164441955.out
[2024-11-08T16:45:12-0500] Traceroute summary (min/avg/max/mdev) 
[2024-11-08T16:45:12-0500] Traceroute test finished at 2024-11-08 16:45:11.995 EST, duration: 30.086 s
[2024-11-08T16:45:12-0500] -------------------------------
[2024-11-08T16:45:12-0500] All tests completed, cleaning up...
[2024-11-08T16:45:12-0500] -------------------------------
[2024-11-08T16:45:24-0500] [measurement] Load environment variables from prod.env file
[2024-11-08T16:45:24-0500] Starting a network measurement, please choose a server
[2024-11-08T16:45:24-0500] 0) West Cloud: 54.176.53.206
[2024-11-08T16:45:24-0500] 1) East Cloud: 54.197.223.49
[2024-11-08T16:46:01-0500] Enter your choice (0-1): Testing starlink, server 1 (ip: 54.197.223.49, nuttcp_port: 5103, iperf_port: 5003)
[2024-11-08T16:46:01-0500] -------------------------------
[2024-11-08T16:46:01-0500] tcp downlink test started at 2024-11-08 16:46:01.944 EST
[2024-11-08T16:46:01-0500] Testing tcp downlink with 54.197.223.49:5103, interval 0.5 s, duration 120 s, timeout 121 s...
[2024-11-08T16:48:03-0500] Current time exceeds end time, skipping wait
[2024-11-08T16:48:03-0500] Saved tcp downlink test to /data/data/com.termux/files/home/storage/shared/bos_la_2024_trip/starlink/20241108/164601928/tcp_downlink_164601966.out
[2024-11-08T16:48:03-0500] DL AVG TPUT: 
[2024-11-08T16:48:03-0500] tcp downlink test finished at 2024-11-08 16:48:03.039 EST, duration: 121.095 s
[2024-11-08T16:48:03-0500] -------------------------------
[2024-11-08T16:48:03-0500] Waiting for 2 s...
[2024-11-08T16:48:05-0500] -------------------------------
[2024-11-08T16:48:05-0500] Starting 5G booster for 5 s...
[2024-11-08T16:48:05-0500] 5G booster started at 2024-11-08 16:48:05.162 EST
[2024-11-08T16:48:11-0500] Current time exceeds end time, skipping wait
[2024-11-08T16:48:11-0500] Saved TCP DL results to /data/data/com.termux/files/home/storage/shared/bos_la_2024_trip/starlink/20241108/164601928/tcp_downlink_164805186.out
[2024-11-08T16:48:11-0500] DL AVG TPUT: 
[2024-11-08T16:48:11-0500] 5G booster finished at 2024-11-08 16:48:11.243 EST, duration: 6.081 s
[2024-11-08T16:48:11-0500] -------------------------------
[2024-11-08T16:48:11-0500] Waiting for 2 s...
[2024-11-08T16:48:13-0500] -------------------------------
[2024-11-08T16:48:13-0500] tcp uplink test started at 2024-11-08 16:48:13.329 EST
[2024-11-08T16:48:13-0500] testing tcp uplink with 54.197.223.49:5103, interval 0.5, duration 120, timeout 121 ...
[2024-11-08T16:50:14-0500] Current time exceeds end time, skipping wait
[2024-11-08T16:50:14-0500] Saved uplink test to /data/data/com.termux/files/home/storage/shared/bos_la_2024_trip/starlink/20241108/164601928/tcp_uplink_164813353.out
[2024-11-08T16:50:14-0500] UL AVG TPUT: 
[2024-11-08T16:50:14-0500] tcp uplink test finished at 2024-11-08 16:50:14.451 EST, duration: 121.122 s
[2024-11-08T16:50:14-0500] -------------------------------
[2024-11-08T16:50:14-0500] Waiting for 2 s...
[2024-11-08T16:50:16-0500] -------------------------------
[2024-11-08T16:50:16-0500] Starting 5G booster for 5 s...
[2024-11-08T16:50:16-0500] 5G booster started at 2024-11-08 16:50:16.558 EST
[2024-11-08T16:50:22-0500] Current time exceeds end time, skipping wait
[2024-11-08T16:50:22-0500] Saved TCP DL results to /data/data/com.termux/files/home/storage/shared/bos_la_2024_trip/starlink/20241108/164601928/tcp_downlink_165016608.out
[2024-11-08T16:50:22-0500] DL AVG TPUT: 
[2024-11-08T16:50:22-0500] 5G booster finished at 2024-11-08 16:50:22.721 EST, duration: 6.163 s
[2024-11-08T16:50:22-0500] -------------------------------
[2024-11-08T16:50:22-0500] Waiting for 2 s...
[2024-11-08T16:50:24-0500] -------------------------------
[2024-11-08T16:50:24-0500] ICMP Ping test started at 2024-11-08 16:50:24.817 EST
[2024-11-08T16:50:54-0500] Waiting for .906 s to reach end time
[2024-11-08T16:50:55-0500] Saved ping test to /data/data/com.termux/files/home/storage/shared/bos_la_2024_trip/starlink/20241108/164601928/icmp_ping_165024868.out
[2024-11-08T16:50:55-0500] Ping summary (min/avg/max/mdev) = 25.370/43.572/102.138/17.034 ms
[2024-11-08T16:50:55-0500] Ping test finished at 2024-11-08 16:50:55.908 EST, duration: 31.091 s
[2024-11-08T16:50:55-0500] -------------------------------
[2024-11-08T16:50:55-0500] Waiting for 2 s...
[2024-11-08T16:50:57-0500] -------------------------------
[2024-11-08T16:50:57-0500] Starting 5G booster for 5 s...
[2024-11-08T16:50:58-0500] 5G booster started at 2024-11-08 16:50:58.007 EST
[2024-11-08T16:51:04-0500] Current time exceeds end time, skipping wait
[2024-11-08T16:51:04-0500] Saved TCP DL results to /data/data/com.termux/files/home/storage/shared/bos_la_2024_trip/starlink/20241108/164601928/tcp_downlink_165058033.out
[2024-11-08T16:51:04-0500] DL AVG TPUT: 
[2024-11-08T16:51:04-0500] 5G booster finished at 2024-11-08 16:51:04.111 EST, duration: 6.104 s
[2024-11-08T16:51:04-0500] -------------------------------
[2024-11-08T16:51:04-0500] Waiting for 2 s...
[2024-11-08T16:51:06-0500] -------------------------------
[2024-11-08T16:51:06-0500] TCP Ping test started at 2024-11-08 16:51:06.227 EST
[2024-11-08T16:51:37-0500] Current time exceeds end time, skipping wait
[2024-11-08T16:51:37-0500] Saved TCP Ping test to /data/data/com.termux/files/home/storage/shared/bos_la_2024_trip/starlink/20241108/164601928/tcp_ping_165106254.out
[2024-11-08T16:51:37-0500] TCP Ping summary (min/avg/max/mdev) 
[2024-11-08T16:51:37-0500] TCP Ping test finished at 2024-11-08 16:51:37.328 EST, duration: 31.101 s
[2024-11-08T16:51:37-0500] -------------------------------
[2024-11-08T16:51:37-0500] Waiting for 2 s...
[2024-11-08T16:51:39-0500] -------------------------------
[2024-11-08T16:51:39-0500] Traceroute test started at 2024-11-08 16:51:39.427 EST
[2024-11-08T16:51:41-0500] Waiting for 28.311 s to reach end time
[2024-11-08T16:52:09-0500] Saved traceroute test to /data/data/com.termux/files/home/storage/shared/bos_la_2024_trip/starlink/20241108/164601928/traceroute_165139453.out
[2024-11-08T16:52:09-0500] Traceroute summary (min/avg/max/mdev) 
[2024-11-08T16:52:09-0500] Traceroute test finished at 2024-11-08 16:52:09.534 EST, duration: 30.107 s
[2024-11-08T16:52:09-0500] -------------------------------
[2024-11-08T16:52:09-0500] All tests completed, cleaning up...
[2024-11-08T16:52:09-0500] -------------------------------
[2024-11-08T16:52:19-0500] [measurement] Load environment variables from prod.env file
[2024-11-08T16:52:19-0500] Starting a network measurement, please choose a server
[2024-11-08T16:52:19-0500] 0) West Cloud: 54.176.53.206
[2024-11-08T16:52:19-0500] 1) East Cloud: 54.197.223.49
[2024-11-08T16:52:57-0500] Enter your choice (0-1): Testing starlink, server 1 (ip: 54.197.223.49, nuttcp_port: 5103, iperf_port: 5003)
[2024-11-08T16:52:57-0500] -------------------------------
[2024-11-08T16:52:57-0500] tcp downlink test started at 2024-11-08 16:52:57.254 EST
[2024-11-08T16:52:57-0500] Testing tcp downlink with 54.197.223.49:5103, interval 0.5 s, duration 120 s, timeout 121 s...
[2024-11-08T16:54:58-0500] Current time exceeds end time, skipping wait
[2024-11-08T16:54:58-0500] Saved tcp downlink test to /data/data/com.termux/files/home/storage/shared/bos_la_2024_trip/starlink/20241108/165257234/tcp_downlink_165257279.out
[2024-11-08T16:54:58-0500] DL AVG TPUT: 
[2024-11-08T16:54:58-0500] tcp downlink test finished at 2024-11-08 16:54:58.338 EST, duration: 121.084 s
[2024-11-08T16:54:58-0500] -------------------------------
[2024-11-08T16:54:58-0500] Waiting for 2 s...
[2024-11-08T16:55:00-0500] -------------------------------
[2024-11-08T16:55:00-0500] Starting 5G booster for 5 s...
[2024-11-08T16:55:00-0500] 5G booster started at 2024-11-08 16:55:00.452 EST
[2024-11-08T16:55:06-0500] Current time exceeds end time, skipping wait
[2024-11-08T16:55:06-0500] Saved TCP DL results to /data/data/com.termux/files/home/storage/shared/bos_la_2024_trip/starlink/20241108/165257234/tcp_downlink_165500477.out
[2024-11-08T16:55:06-0500] DL AVG TPUT: 
[2024-11-08T16:55:06-0500] 5G booster finished at 2024-11-08 16:55:06.553 EST, duration: 6.101 s
[2024-11-08T16:55:06-0500] -------------------------------
[2024-11-08T16:55:06-0500] Waiting for 2 s...
[2024-11-08T16:55:08-0500] -------------------------------
[2024-11-08T16:55:08-0500] tcp uplink test started at 2024-11-08 16:55:08.663 EST
[2024-11-08T16:55:08-0500] testing tcp uplink with 54.197.223.49:5103, interval 0.5, duration 120, timeout 121 ...
[2024-11-08T16:57:09-0500] Current time exceeds end time, skipping wait
[2024-11-08T16:57:09-0500] Saved uplink test to /data/data/com.termux/files/home/storage/shared/bos_la_2024_trip/starlink/20241108/165257234/tcp_uplink_165508692.out
[2024-11-08T16:57:09-0500] UL AVG TPUT: 
[2024-11-08T16:57:09-0500] tcp uplink test finished at 2024-11-08 16:57:09.773 EST, duration: 121.110 s
[2024-11-08T16:57:09-0500] -------------------------------
[2024-11-08T16:57:09-0500] Waiting for 2 s...
[2024-11-08T16:57:11-0500] -------------------------------
[2024-11-08T16:57:11-0500] Starting 5G booster for 5 s...
[2024-11-08T16:57:11-0500] 5G booster started at 2024-11-08 16:57:11.869 EST
[2024-11-08T16:57:17-0500] Current time exceeds end time, skipping wait
[2024-11-08T16:57:18-0500] Saved TCP DL results to /data/data/com.termux/files/home/storage/shared/bos_la_2024_trip/starlink/20241108/165257234/tcp_downlink_165711895.out
[2024-11-08T16:57:18-0500] DL AVG TPUT: 
[2024-11-08T16:57:18-0500] 5G booster finished at 2024-11-08 16:57:18.019 EST, duration: 6.150 s
[2024-11-08T16:57:18-0500] -------------------------------
[2024-11-08T16:57:18-0500] Waiting for 2 s...
[2024-11-08T16:57:20-0500] -------------------------------
[2024-11-08T16:57:20-0500] ICMP Ping test started at 2024-11-08 16:57:20.164 EST
[2024-11-08T16:57:50-0500] Waiting for .879 s to reach end time
[2024-11-08T16:57:51-0500] Saved ping test to /data/data/com.termux/files/home/storage/shared/bos_la_2024_trip/starlink/20241108/165257234/icmp_ping_165720219.out
[2024-11-08T16:57:51-0500] Ping summary (min/avg/max/mdev) = 27.092/45.582/138.809/15.971 ms
[2024-11-08T16:57:51-0500] Ping test finished at 2024-11-08 16:57:51.248 EST, duration: 31.084 s
[2024-11-08T16:57:51-0500] -------------------------------
[2024-11-08T16:57:51-0500] Waiting for 2 s...
[2024-11-08T16:57:53-0500] -------------------------------
[2024-11-08T16:57:53-0500] Starting 5G booster for 5 s...
[2024-11-08T16:57:53-0500] 5G booster started at 2024-11-08 16:57:53.350 EST
[2024-11-08T16:57:59-0500] Current time exceeds end time, skipping wait
[2024-11-08T16:57:59-0500] Saved TCP DL results to /data/data/com.termux/files/home/storage/shared/bos_la_2024_trip/starlink/20241108/165257234/tcp_downlink_165753388.out
[2024-11-08T16:57:59-0500] DL AVG TPUT: 
[2024-11-08T16:57:59-0500] 5G booster finished at 2024-11-08 16:57:59.470 EST, duration: 6.120 s
[2024-11-08T16:57:59-0500] -------------------------------
[2024-11-08T16:57:59-0500] Waiting for 2 s...
[2024-11-08T16:58:01-0500] -------------------------------
[2024-11-08T16:58:01-0500] TCP Ping test started at 2024-11-08 16:58:01.591 EST
[2024-11-08T16:58:32-0500] Current time exceeds end time, skipping wait
[2024-11-08T16:58:32-0500] Saved TCP Ping test to /data/data/com.termux/files/home/storage/shared/bos_la_2024_trip/starlink/20241108/165257234/tcp_ping_165801642.out
[2024-11-08T16:58:32-0500] TCP Ping summary (min/avg/max/mdev) 
[2024-11-08T16:58:32-0500] TCP Ping test finished at 2024-11-08 16:58:32.725 EST, duration: 31.134 s
[2024-11-08T16:58:32-0500] -------------------------------
[2024-11-08T16:58:32-0500] Waiting for 2 s...
[2024-11-08T16:58:34-0500] -------------------------------
[2024-11-08T16:58:34-0500] Traceroute test started at 2024-11-08 16:58:34.832 EST
[2024-11-08T16:58:36-0500] Waiting for 28.602 s to reach end time
[2024-11-08T16:59:04-0500] Saved traceroute test to /data/data/com.termux/files/home/storage/shared/bos_la_2024_trip/starlink/20241108/165257234/traceroute_165834861.out
[2024-11-08T16:59:04-0500] Traceroute summary (min/avg/max/mdev) 
[2024-11-08T16:59:05-0500] Traceroute test finished at 2024-11-08 16:59:04.917 EST, duration: 30.085 s
[2024-11-08T16:59:05-0500] -------------------------------
[2024-11-08T16:59:05-0500] All tests completed, cleaning up...
[2024-11-08T16:59:05-0500] -------------------------------
[2024-11-08T16:59:13-0500] [measurement] Load environment variables from prod.env file
[2024-11-08T16:59:13-0500] Starting a network measurement, please choose a server
[2024-11-08T16:59:13-0500] 0) West Cloud: 54.176.53.206
[2024-11-08T16:59:13-0500] 1) East Cloud: 54.197.223.49
[2024-11-08T16:59:56-0500] Enter your choice (0-1): Testing starlink, server 1 (ip: 54.197.223.49, nuttcp_port: 5103, iperf_port: 5003)
[2024-11-08T16:59:56-0500] -------------------------------
[2024-11-08T16:59:56-0500] tcp downlink test started at 2024-11-08 16:59:56.832 EST
[2024-11-08T16:59:56-0500] Testing tcp downlink with 54.197.223.49:5103, interval 0.5 s, duration 120 s, timeout 121 s...
[2024-11-08T17:01:57-0500] Current time exceeds end time, skipping wait
[2024-11-08T17:01:57-0500] Saved tcp downlink test to /data/data/com.termux/files/home/storage/shared/bos_la_2024_trip/starlink/20241108/165956809/tcp_downlink_165956855.out
[2024-11-08T17:01:57-0500] DL AVG TPUT: 
[2024-11-08T17:01:58-0500] tcp downlink test finished at 2024-11-08 17:01:57.932 EST, duration: 121.100 s
[2024-11-08T17:01:58-0500] -------------------------------
[2024-11-08T17:01:58-0500] Waiting for 2 s...
[2024-11-08T17:02:00-0500] -------------------------------
[2024-11-08T17:02:00-0500] Starting 5G booster for 5 s...
[2024-11-08T17:02:00-0500] 5G booster started at 2024-11-08 17:02:00.052 EST
[2024-11-08T17:02:06-0500] Current time exceeds end time, skipping wait
[2024-11-08T17:02:06-0500] Saved TCP DL results to /data/data/com.termux/files/home/storage/shared/bos_la_2024_trip/starlink/20241108/165956809/tcp_downlink_170200106.out
[2024-11-08T17:02:06-0500] DL AVG TPUT: 
[2024-11-08T17:02:06-0500] 5G booster finished at 2024-11-08 17:02:06.182 EST, duration: 6.130 s
[2024-11-08T17:02:06-0500] -------------------------------
[2024-11-08T17:02:06-0500] Waiting for 2 s...
[2024-11-08T17:02:08-0500] -------------------------------
[2024-11-08T17:02:08-0500] tcp uplink test started at 2024-11-08 17:02:08.297 EST
[2024-11-08T17:02:08-0500] testing tcp uplink with 54.197.223.49:5103, interval 0.5, duration 120, timeout 121 ...
[2024-11-08T17:04:09-0500] Current time exceeds end time, skipping wait
[2024-11-08T17:04:09-0500] Saved uplink test to /data/data/com.termux/files/home/storage/shared/bos_la_2024_trip/starlink/20241108/165956809/tcp_uplink_170208342.out
[2024-11-08T17:04:09-0500] UL AVG TPUT: 
[2024-11-08T17:04:09-0500] tcp uplink test finished at 2024-11-08 17:04:09.439 EST, duration: 121.142 s
[2024-11-08T17:04:09-0500] -------------------------------
[2024-11-08T17:04:09-0500] Waiting for 2 s...
[2024-11-08T17:04:11-0500] -------------------------------
[2024-11-08T17:04:11-0500] Starting 5G booster for 5 s...
[2024-11-08T17:04:11-0500] 5G booster started at 2024-11-08 17:04:11.537 EST
[2024-11-08T17:04:17-0500] Current time exceeds end time, skipping wait
[2024-11-08T17:04:17-0500] Saved TCP DL results to /data/data/com.termux/files/home/storage/shared/bos_la_2024_trip/starlink/20241108/165956809/tcp_downlink_170411568.out
[2024-11-08T17:04:17-0500] DL AVG TPUT: 
[2024-11-08T17:04:17-0500] 5G booster finished at 2024-11-08 17:04:17.649 EST, duration: 6.112 s
[2024-11-08T17:04:17-0500] -------------------------------
[2024-11-08T17:04:17-0500] Waiting for 2 s...
[2024-11-08T17:04:19-0500] -------------------------------
[2024-11-08T17:04:19-0500] ICMP Ping test started at 2024-11-08 17:04:19.745 EST
[2024-11-08T17:04:49-0500] Waiting for .901 s to reach end time
[2024-11-08T17:04:50-0500] Saved ping test to /data/data/com.termux/files/home/storage/shared/bos_la_2024_trip/starlink/20241108/165956809/icmp_ping_170419774.out
[2024-11-08T17:04:50-0500] Ping summary (min/avg/max/mdev) = 26.372/41.470/86.470/16.363 ms
[2024-11-08T17:04:50-0500] Ping test finished at 2024-11-08 17:04:50.820 EST, duration: 31.075 s
[2024-11-08T17:04:50-0500] -------------------------------
[2024-11-08T17:04:50-0500] Waiting for 2 s...
[2024-11-08T17:04:52-0500] -------------------------------
[2024-11-08T17:04:52-0500] Starting 5G booster for 5 s...
[2024-11-08T17:04:52-0500] 5G booster started at 2024-11-08 17:04:52.936 EST
[2024-11-08T17:04:59-0500] Current time exceeds end time, skipping wait
[2024-11-08T17:04:59-0500] Saved TCP DL results to /data/data/com.termux/files/home/storage/shared/bos_la_2024_trip/starlink/20241108/165956809/tcp_downlink_170452987.out
[2024-11-08T17:04:59-0500] DL AVG TPUT: 
[2024-11-08T17:04:59-0500] 5G booster finished at 2024-11-08 17:04:59.067 EST, duration: 6.131 s
[2024-11-08T17:04:59-0500] -------------------------------
[2024-11-08T17:04:59-0500] Waiting for 2 s...
[2024-11-08T17:05:01-0500] -------------------------------
[2024-11-08T17:05:01-0500] TCP Ping test started at 2024-11-08 17:05:01.192 EST
[2024-11-08T17:05:32-0500] Current time exceeds end time, skipping wait
[2024-11-08T17:05:32-0500] Saved TCP Ping test to /data/data/com.termux/files/home/storage/shared/bos_la_2024_trip/starlink/20241108/165956809/tcp_ping_170501224.out
[2024-11-08T17:05:32-0500] TCP Ping summary (min/avg/max/mdev) 
[2024-11-08T17:05:32-0500] TCP Ping test finished at 2024-11-08 17:05:32.310 EST, duration: 31.118 s
[2024-11-08T17:05:32-0500] -------------------------------
[2024-11-08T17:05:32-0500] Waiting for 2 s...
[2024-11-08T17:05:34-0500] -------------------------------
[2024-11-08T17:05:34-0500] Traceroute test started at 2024-11-08 17:05:34.420 EST
[2024-11-08T17:05:36-0500] Waiting for 28.232 s to reach end time
[2024-11-08T17:06:04-0500] Saved traceroute test to /data/data/com.termux/files/home/storage/shared/bos_la_2024_trip/starlink/20241108/165956809/traceroute_170534474.out
[2024-11-08T17:06:04-0500] Traceroute summary (min/avg/max/mdev) 
[2024-11-08T17:06:04-0500] Traceroute test finished at 2024-11-08 17:06:04.535 EST, duration: 30.115 s
[2024-11-08T17:06:04-0500] -------------------------------
[2024-11-08T17:06:04-0500] All tests completed, cleaning up...
[2024-11-08T17:06:04-0500] -------------------------------
[2024-11-08T17:06:30-0500] [measurement] Load environment variables from prod.env file
[2024-11-08T17:06:30-0500] Starting a network measurement, please choose a server
[2024-11-08T17:06:30-0500] 0) West Cloud: 54.176.53.206
[2024-11-08T17:06:30-0500] 1) East Cloud: 54.197.223.49
[2024-11-08T17:06:56-0500] Enter your choice (0-1): Testing starlink, server 1 (ip: 54.197.223.49, nuttcp_port: 5103, iperf_port: 5003)
[2024-11-08T17:06:56-0500] -------------------------------
[2024-11-08T17:06:56-0500] tcp downlink test started at 2024-11-08 17:06:56.368 EST
[2024-11-08T17:06:56-0500] Testing tcp downlink with 54.197.223.49:5103, interval 0.5 s, duration 120 s, timeout 121 s...
[2024-11-08T17:08:57-0500] Current time exceeds end time, skipping wait
[2024-11-08T17:08:57-0500] Saved tcp downlink test to /data/data/com.termux/files/home/storage/shared/bos_la_2024_trip/starlink/20241108/170656345/tcp_downlink_170656397.out
[2024-11-08T17:08:57-0500] DL AVG TPUT: 
[2024-11-08T17:08:57-0500] tcp downlink test finished at 2024-11-08 17:08:57.457 EST, duration: 121.089 s
[2024-11-08T17:08:57-0500] -------------------------------
[2024-11-08T17:08:57-0500] Waiting for 2 s...
[2024-11-08T17:08:59-0500] -------------------------------
[2024-11-08T17:08:59-0500] Starting 5G booster for 5 s...
[2024-11-08T17:08:59-0500] 5G booster started at 2024-11-08 17:08:59.561 EST
[2024-11-08T17:09:05-0500] Current time exceeds end time, skipping wait
[2024-11-08T17:09:05-0500] Saved TCP DL results to /data/data/com.termux/files/home/storage/shared/bos_la_2024_trip/starlink/20241108/170656345/tcp_downlink_170859596.out
[2024-11-08T17:09:05-0500] DL AVG TPUT: 
[2024-11-08T17:09:05-0500] 5G booster finished at 2024-11-08 17:09:05.692 EST, duration: 6.131 s
[2024-11-08T17:09:05-0500] -------------------------------
[2024-11-08T17:09:05-0500] Waiting for 2 s...
[2024-11-08T17:09:07-0500] -------------------------------
[2024-11-08T17:09:07-0500] tcp uplink test started at 2024-11-08 17:09:07.792 EST
[2024-11-08T17:09:07-0500] testing tcp uplink with 54.197.223.49:5103, interval 0.5, duration 120, timeout 121 ...
[2024-11-08T17:11:08-0500] Waiting for .185 s to reach end time
[2024-11-08T17:11:08-0500] Saved uplink test to /data/data/com.termux/files/home/storage/shared/bos_la_2024_trip/starlink/20241108/170656345/tcp_uplink_170907844.out
[2024-11-08T17:11:08-0500] UL AVG TPUT: 8.1707 Mbps
[2024-11-08T17:11:08-0500] tcp uplink test finished at 2024-11-08 17:11:08.901 EST, duration: 121.109 s
[2024-11-08T17:11:08-0500] -------------------------------
[2024-11-08T17:11:08-0500] Waiting for 2 s...
[2024-11-08T17:11:10-0500] -------------------------------
[2024-11-08T17:11:10-0500] Starting 5G booster for 5 s...
[2024-11-08T17:11:11-0500] 5G booster started at 2024-11-08 17:11:11.006 EST
[2024-11-08T17:11:17-0500] Current time exceeds end time, skipping wait
[2024-11-08T17:11:17-0500] Saved TCP DL results to /data/data/com.termux/files/home/storage/shared/bos_la_2024_trip/starlink/20241108/170656345/tcp_downlink_171111062.out
[2024-11-08T17:11:17-0500] DL AVG TPUT: 
[2024-11-08T17:11:17-0500] 5G booster finished at 2024-11-08 17:11:17.147 EST, duration: 6.141 s
[2024-11-08T17:11:17-0500] -------------------------------
[2024-11-08T17:11:17-0500] Waiting for 2 s...
[2024-11-08T17:11:19-0500] -------------------------------
[2024-11-08T17:11:19-0500] ICMP Ping test started at 2024-11-08 17:11:19.250 EST
[2024-11-08T17:11:49-0500] Waiting for .913 s to reach end time
[2024-11-08T17:11:50-0500] Saved ping test to /data/data/com.termux/files/home/storage/shared/bos_la_2024_trip/starlink/20241108/170656345/icmp_ping_171119285.out
[2024-11-08T17:11:50-0500] Ping summary (min/avg/max/mdev) = 27.295/42.239/119.186/16.986 ms
[2024-11-08T17:11:50-0500] Ping test finished at 2024-11-08 17:11:50.336 EST, duration: 31.086 s
[2024-11-08T17:11:50-0500] -------------------------------
[2024-11-08T17:11:50-0500] Waiting for 2 s...
[2024-11-08T17:11:52-0500] -------------------------------
[2024-11-08T17:11:52-0500] Starting 5G booster for 5 s...
[2024-11-08T17:11:52-0500] 5G booster started at 2024-11-08 17:11:52.463 EST
[2024-11-08T17:11:58-0500] Current time exceeds end time, skipping wait
[2024-11-08T17:11:58-0500] Saved TCP DL results to /data/data/com.termux/files/home/storage/shared/bos_la_2024_trip/starlink/20241108/170656345/tcp_downlink_171152514.out
[2024-11-08T17:11:58-0500] DL AVG TPUT: 
[2024-11-08T17:11:58-0500] 5G booster finished at 2024-11-08 17:11:58.591 EST, duration: 6.128 s
[2024-11-08T17:11:58-0500] -------------------------------
[2024-11-08T17:11:58-0500] Waiting for 2 s...
[2024-11-08T17:12:00-0500] -------------------------------
[2024-11-08T17:12:00-0500] TCP Ping test started at 2024-11-08 17:12:00.695 EST
[2024-11-08T17:12:31-0500] Current time exceeds end time, skipping wait
[2024-11-08T17:12:31-0500] Saved TCP Ping test to /data/data/com.termux/files/home/storage/shared/bos_la_2024_trip/starlink/20241108/170656345/tcp_ping_171200725.out
[2024-11-08T17:12:31-0500] TCP Ping summary (min/avg/max/mdev) 
[2024-11-08T17:12:31-0500] TCP Ping test finished at 2024-11-08 17:12:31.813 EST, duration: 31.118 s
[2024-11-08T17:12:31-0500] -------------------------------
[2024-11-08T17:12:31-0500] Waiting for 2 s...
[2024-11-08T17:12:33-0500] -------------------------------
[2024-11-08T17:12:33-0500] Traceroute test started at 2024-11-08 17:12:33.912 EST
[2024-11-08T17:12:34-0500] Waiting for 29.150 s to reach end time
[2024-11-08T17:13:03-0500] Saved traceroute test to /data/data/com.termux/files/home/storage/shared/bos_la_2024_trip/starlink/20241108/170656345/traceroute_171233937.out
[2024-11-08T17:13:04-0500] Traceroute summary (min/avg/max/mdev) 
[2024-11-08T17:13:04-0500] Traceroute test finished at 2024-11-08 17:13:03.993 EST, duration: 30.081 s
[2024-11-08T17:13:04-0500] -------------------------------
[2024-11-08T17:13:04-0500] All tests completed, cleaning up...
[2024-11-08T17:13:04-0500] -------------------------------
[2024-11-08T17:13:15-0500] [measurement] Load environment variables from prod.env file
[2024-11-08T17:13:15-0500] Starting a network measurement, please choose a server
[2024-11-08T17:13:15-0500] 0) West Cloud: 54.176.53.206
[2024-11-08T17:13:15-0500] 1) East Cloud: 54.197.223.49
[2024-11-08T17:13:39-0500] Enter your choice (0-1): Testing starlink, server 1 (ip: 54.197.223.49, nuttcp_port: 5103, iperf_port: 5003)
[2024-11-08T17:13:39-0500] -------------------------------
[2024-11-08T17:13:39-0500] tcp downlink test started at 2024-11-08 17:13:39.796 EST
[2024-11-08T17:13:39-0500] Testing tcp downlink with 54.197.223.49:5103, interval 0.5 s, duration 120 s, timeout 121 s...
[2024-11-08T17:15:40-0500] Current time exceeds end time, skipping wait
[2024-11-08T17:15:40-0500] Saved tcp downlink test to /data/data/com.termux/files/home/storage/shared/bos_la_2024_trip/starlink/20241108/171339777/tcp_downlink_171339824.out
[2024-11-08T17:15:40-0500] DL AVG TPUT: 
[2024-11-08T17:15:40-0500] tcp downlink test finished at 2024-11-08 17:15:40.919 EST, duration: 121.123 s
[2024-11-08T17:15:40-0500] -------------------------------
[2024-11-08T17:15:40-0500] Waiting for 2 s...
[2024-11-08T17:15:42-0500] -------------------------------
[2024-11-08T17:15:42-0500] Starting 5G booster for 5 s...
[2024-11-08T17:15:43-0500] 5G booster started at 2024-11-08 17:15:43.022 EST
[2024-11-08T17:15:49-0500] Current time exceeds end time, skipping wait
[2024-11-08T17:15:49-0500] Saved TCP DL results to /data/data/com.termux/files/home/storage/shared/bos_la_2024_trip/starlink/20241108/171339777/tcp_downlink_171543075.out
[2024-11-08T17:15:49-0500] DL AVG TPUT: 
[2024-11-08T17:15:49-0500] 5G booster finished at 2024-11-08 17:15:49.172 EST, duration: 6.150 s
[2024-11-08T17:15:49-0500] -------------------------------
[2024-11-08T17:15:49-0500] Waiting for 2 s...
[2024-11-08T17:15:51-0500] -------------------------------
[2024-11-08T17:15:51-0500] tcp uplink test started at 2024-11-08 17:15:51.269 EST
[2024-11-08T17:15:51-0500] testing tcp uplink with 54.197.223.49:5103, interval 0.5, duration 120, timeout 121 ...
[2024-11-08T17:17:52-0500] Current time exceeds end time, skipping wait
[2024-11-08T17:17:52-0500] Saved uplink test to /data/data/com.termux/files/home/storage/shared/bos_la_2024_trip/starlink/20241108/171339777/tcp_uplink_171551293.out
[2024-11-08T17:17:52-0500] UL AVG TPUT: 
[2024-11-08T17:17:52-0500] tcp uplink test finished at 2024-11-08 17:17:52.362 EST, duration: 121.093 s
[2024-11-08T17:17:52-0500] -------------------------------
[2024-11-08T17:17:52-0500] Waiting for 2 s...
[2024-11-08T17:17:54-0500] -------------------------------
[2024-11-08T17:17:54-0500] Starting 5G booster for 5 s...
[2024-11-08T17:17:54-0500] 5G booster started at 2024-11-08 17:17:54.472 EST
[2024-11-08T17:18:00-0500] Current time exceeds end time, skipping wait
[2024-11-08T17:18:00-0500] Saved TCP DL results to /data/data/com.termux/files/home/storage/shared/bos_la_2024_trip/starlink/20241108/171339777/tcp_downlink_171754498.out
[2024-11-08T17:18:00-0500] DL AVG TPUT: 
[2024-11-08T17:18:00-0500] 5G booster finished at 2024-11-08 17:18:00.575 EST, duration: 6.103 s
[2024-11-08T17:18:00-0500] -------------------------------
[2024-11-08T17:18:00-0500] Waiting for 2 s...
[2024-11-08T17:18:02-0500] -------------------------------
[2024-11-08T17:18:02-0500] ICMP Ping test started at 2024-11-08 17:18:02.702 EST
[2024-11-08T17:18:32-0500] Waiting for .906 s to reach end time
[2024-11-08T17:18:33-0500] Saved ping test to /data/data/com.termux/files/home/storage/shared/bos_la_2024_trip/starlink/20241108/171339777/icmp_ping_171802737.out
[2024-11-08T17:18:33-0500] Ping summary (min/avg/max/mdev) = 23.375/41.598/81.050/14.990 ms
[2024-11-08T17:18:33-0500] Ping test finished at 2024-11-08 17:18:33.773 EST, duration: 31.071 s
[2024-11-08T17:18:33-0500] -------------------------------
[2024-11-08T17:18:33-0500] Waiting for 2 s...
[2024-11-08T17:18:35-0500] -------------------------------
[2024-11-08T17:18:35-0500] Starting 5G booster for 5 s...
[2024-11-08T17:18:35-0500] 5G booster started at 2024-11-08 17:18:35.901 EST
[2024-11-08T17:18:41-0500] Current time exceeds end time, skipping wait
[2024-11-08T17:18:42-0500] Saved TCP DL results to /data/data/com.termux/files/home/storage/shared/bos_la_2024_trip/starlink/20241108/171339777/tcp_downlink_171835954.out
[2024-11-08T17:18:42-0500] DL AVG TPUT: 
[2024-11-08T17:18:42-0500] 5G booster finished at 2024-11-08 17:18:42.005 EST, duration: 6.104 s
[2024-11-08T17:18:42-0500] -------------------------------
[2024-11-08T17:18:42-0500] Waiting for 2 s...
[2024-11-08T17:18:44-0500] -------------------------------
[2024-11-08T17:18:44-0500] TCP Ping test started at 2024-11-08 17:18:44.144 EST
[2024-11-08T17:19:15-0500] Current time exceeds end time, skipping wait
[2024-11-08T17:19:15-0500] Saved TCP Ping test to /data/data/com.termux/files/home/storage/shared/bos_la_2024_trip/starlink/20241108/171339777/tcp_ping_171844197.out
[2024-11-08T17:19:15-0500] TCP Ping summary (min/avg/max/mdev) 
[2024-11-08T17:19:15-0500] TCP Ping test finished at 2024-11-08 17:19:15.273 EST, duration: 31.129 s
[2024-11-08T17:19:15-0500] -------------------------------
[2024-11-08T17:19:15-0500] Waiting for 2 s...
[2024-11-08T17:19:17-0500] -------------------------------
[2024-11-08T17:19:17-0500] Traceroute test started at 2024-11-08 17:19:17.372 EST
[2024-11-08T17:19:18-0500] Waiting for 28.560 s to reach end time
[2024-11-08T17:19:47-0500] Saved traceroute test to /data/data/com.termux/files/home/storage/shared/bos_la_2024_trip/starlink/20241108/171339777/traceroute_171917426.out
[2024-11-08T17:19:47-0500] Traceroute summary (min/avg/max/mdev) 
[2024-11-08T17:19:47-0500] Traceroute test finished at 2024-11-08 17:19:47.482 EST, duration: 30.110 s
[2024-11-08T17:19:47-0500] -------------------------------
[2024-11-08T17:19:47-0500] All tests completed, cleaning up...
[2024-11-08T17:19:47-0500] -------------------------------
[2024-11-08T17:19:54-0500] [measurement] Load environment variables from prod.env file
[2024-11-08T17:19:54-0500] Starting a network measurement, please choose a server
[2024-11-08T17:19:54-0500] 0) West Cloud: 54.176.53.206
[2024-11-08T17:19:54-0500] 1) East Cloud: 54.197.223.49
[2024-11-08T17:20:27-0500] Enter your choice (0-1): Testing starlink, server 1 (ip: 54.197.223.49, nuttcp_port: 5103, iperf_port: 5003)
[2024-11-08T17:20:27-0500] -------------------------------
[2024-11-08T17:20:27-0500] tcp downlink test started at 2024-11-08 17:20:27.073 EST
[2024-11-08T17:20:27-0500] Testing tcp downlink with 54.197.223.49:5103, interval 0.5 s, duration 120 s, timeout 121 s...
[2024-11-08T17:22:28-0500] Current time exceeds end time, skipping wait
[2024-11-08T17:22:28-0500] Saved tcp downlink test to /data/data/com.termux/files/home/storage/shared/bos_la_2024_trip/starlink/20241108/172027055/tcp_downlink_172027095.out
[2024-11-08T17:22:28-0500] DL AVG TPUT: 
[2024-11-08T17:22:28-0500] tcp downlink test finished at 2024-11-08 17:22:28.149 EST, duration: 121.076 s
[2024-11-08T17:22:28-0500] -------------------------------
[2024-11-08T17:22:28-0500] Waiting for 2 s...
[2024-11-08T17:22:30-0500] -------------------------------
[2024-11-08T17:22:30-0500] Starting 5G booster for 5 s...
[2024-11-08T17:22:30-0500] 5G booster started at 2024-11-08 17:22:30.235 EST
[2024-11-08T17:22:36-0500] Current time exceeds end time, skipping wait
[2024-11-08T17:22:36-0500] Saved TCP DL results to /data/data/com.termux/files/home/storage/shared/bos_la_2024_trip/starlink/20241108/172027055/tcp_downlink_172230256.out
[2024-11-08T17:22:36-0500] DL AVG TPUT: 
[2024-11-08T17:22:36-0500] 5G booster finished at 2024-11-08 17:22:36.313 EST, duration: 6.078 s
[2024-11-08T17:22:36-0500] -------------------------------
[2024-11-08T17:22:36-0500] Waiting for 2 s...
[2024-11-08T17:22:38-0500] -------------------------------
[2024-11-08T17:22:38-0500] tcp uplink test started at 2024-11-08 17:22:38.434 EST
[2024-11-08T17:22:38-0500] testing tcp uplink with 54.197.223.49:5103, interval 0.5, duration 120, timeout 121 ...
[2024-11-08T17:24:39-0500] Waiting for .113 s to reach end time
[2024-11-08T17:24:39-0500] Saved uplink test to /data/data/com.termux/files/home/storage/shared/bos_la_2024_trip/starlink/20241108/172027055/tcp_uplink_172238482.out
[2024-11-08T17:24:39-0500] UL AVG TPUT: 14.2201 Mbps
[2024-11-08T17:24:39-0500] tcp uplink test finished at 2024-11-08 17:24:39.498 EST, duration: 121.064 s
[2024-11-08T17:24:39-0500] -------------------------------
[2024-11-08T17:24:39-0500] Waiting for 2 s...
[2024-11-08T17:24:41-0500] -------------------------------
[2024-11-08T17:24:41-0500] Starting 5G booster for 5 s...
[2024-11-08T17:24:41-0500] 5G booster started at 2024-11-08 17:24:41.596 EST
[2024-11-08T17:24:47-0500] Current time exceeds end time, skipping wait
[2024-11-08T17:24:47-0500] Saved TCP DL results to /data/data/com.termux/files/home/storage/shared/bos_la_2024_trip/starlink/20241108/172027055/tcp_downlink_172441622.out
[2024-11-08T17:24:47-0500] DL AVG TPUT: 
[2024-11-08T17:24:47-0500] 5G booster finished at 2024-11-08 17:24:47.736 EST, duration: 6.140 s
[2024-11-08T17:24:47-0500] -------------------------------
[2024-11-08T17:24:47-0500] Waiting for 2 s...
[2024-11-08T17:24:49-0500] -------------------------------
[2024-11-08T17:24:49-0500] ICMP Ping test started at 2024-11-08 17:24:49.843 EST
[2024-11-08T17:25:20-0500] Waiting for .890 s to reach end time
[2024-11-08T17:25:20-0500] Saved ping test to /data/data/com.termux/files/home/storage/shared/bos_la_2024_trip/starlink/20241108/172027055/icmp_ping_172449874.out
[2024-11-08T17:25:20-0500] Ping summary (min/avg/max/mdev) = 24.557/41.290/83.533/15.684 ms
[2024-11-08T17:25:21-0500] Ping test finished at 2024-11-08 17:25:20.939 EST, duration: 31.096 s
[2024-11-08T17:25:21-0500] -------------------------------
[2024-11-08T17:25:21-0500] Waiting for 2 s...
[2024-11-08T17:25:23-0500] -------------------------------
[2024-11-08T17:25:23-0500] Starting 5G booster for 5 s...
[2024-11-08T17:25:23-0500] 5G booster started at 2024-11-08 17:25:23.047 EST
[2024-11-08T17:25:29-0500] Current time exceeds end time, skipping wait
[2024-11-08T17:25:29-0500] Saved TCP DL results to /data/data/com.termux/files/home/storage/shared/bos_la_2024_trip/starlink/20241108/172027055/tcp_downlink_172523078.out
[2024-11-08T17:25:29-0500] DL AVG TPUT: 
[2024-11-08T17:25:29-0500] 5G booster finished at 2024-11-08 17:25:29.184 EST, duration: 6.137 s
[2024-11-08T17:25:29-0500] -------------------------------
[2024-11-08T17:25:29-0500] Waiting for 2 s...
[2024-11-08T17:25:31-0500] -------------------------------
[2024-11-08T17:25:31-0500] TCP Ping test started at 2024-11-08 17:25:31.269 EST
[2024-11-08T17:26:02-0500] Current time exceeds end time, skipping wait
[2024-11-08T17:26:02-0500] Saved TCP Ping test to /data/data/com.termux/files/home/storage/shared/bos_la_2024_trip/starlink/20241108/172027055/tcp_ping_172531293.out
[2024-11-08T17:26:02-0500] TCP Ping summary (min/avg/max/mdev) 
[2024-11-08T17:26:02-0500] TCP Ping test finished at 2024-11-08 17:26:02.387 EST, duration: 31.118 s
[2024-11-08T17:26:02-0500] -------------------------------
[2024-11-08T17:26:02-0500] Waiting for 2 s...
[2024-11-08T17:26:04-0500] -------------------------------
[2024-11-08T17:26:04-0500] Traceroute test started at 2024-11-08 17:26:04.489 EST
[2024-11-08T17:26:05-0500] Waiting for 29.020 s to reach end time
[2024-11-08T17:26:34-0500] Saved traceroute test to /data/data/com.termux/files/home/storage/shared/bos_la_2024_trip/starlink/20241108/172027055/traceroute_172604517.out
[2024-11-08T17:26:34-0500] Traceroute summary (min/avg/max/mdev) 
[2024-11-08T17:26:34-0500] Traceroute test finished at 2024-11-08 17:26:34.565 EST, duration: 30.076 s
[2024-11-08T17:26:34-0500] -------------------------------
[2024-11-08T17:26:34-0500] All tests completed, cleaning up...
[2024-11-08T17:26:34-0500] -------------------------------
[2024-11-08T17:26:55-0500] [measurement] Load environment variables from prod.env file
[2024-11-08T17:26:55-0500] Starting a network measurement, please choose a server
[2024-11-08T17:26:55-0500] 0) West Cloud: 54.176.53.206
[2024-11-08T17:26:55-0500] 1) East Cloud: 54.197.223.49
[2024-11-08T17:27:34-0500] Enter your choice (0-1): Testing starlink, server 1 (ip: 54.197.223.49, nuttcp_port: 5103, iperf_port: 5003)
[2024-11-08T17:27:34-0500] -------------------------------
[2024-11-08T17:27:34-0500] tcp downlink test started at 2024-11-08 17:27:34.706 EST
[2024-11-08T17:27:34-0500] Testing tcp downlink with 54.197.223.49:5103, interval 0.5 s, duration 120 s, timeout 121 s...
[2024-11-08T17:29:35-0500] Current time exceeds end time, skipping wait
[2024-11-08T17:29:35-0500] Saved tcp downlink test to /data/data/com.termux/files/home/storage/shared/bos_la_2024_trip/starlink/20241108/172734684/tcp_downlink_172734730.out
[2024-11-08T17:29:35-0500] DL AVG TPUT: 
[2024-11-08T17:29:35-0500] tcp downlink test finished at 2024-11-08 17:29:35.811 EST, duration: 121.105 s
[2024-11-08T17:29:35-0500] -------------------------------
[2024-11-08T17:29:35-0500] Waiting for 2 s...
[2024-11-08T17:29:37-0500] -------------------------------
[2024-11-08T17:29:37-0500] Starting 5G booster for 5 s...
[2024-11-08T17:29:37-0500] 5G booster started at 2024-11-08 17:29:37.923 EST
[2024-11-08T17:29:44-0500] Current time exceeds end time, skipping wait
[2024-11-08T17:29:44-0500] Saved TCP DL results to /data/data/com.termux/files/home/storage/shared/bos_la_2024_trip/starlink/20241108/172734684/tcp_downlink_172937954.out
[2024-11-08T17:29:44-0500] DL AVG TPUT: 
[2024-11-08T17:29:44-0500] 5G booster finished at 2024-11-08 17:29:44.042 EST, duration: 6.119 s
[2024-11-08T17:29:44-0500] -------------------------------
[2024-11-08T17:29:44-0500] Waiting for 2 s...
[2024-11-08T17:29:46-0500] -------------------------------
[2024-11-08T17:29:46-0500] tcp uplink test started at 2024-11-08 17:29:46.140 EST
[2024-11-08T17:29:46-0500] testing tcp uplink with 54.197.223.49:5103, interval 0.5, duration 120, timeout 121 ...
[2024-11-08T17:31:47-0500] Current time exceeds end time, skipping wait
[2024-11-08T17:31:47-0500] Saved uplink test to /data/data/com.termux/files/home/storage/shared/bos_la_2024_trip/starlink/20241108/172734684/tcp_uplink_172946168.out
[2024-11-08T17:31:47-0500] UL AVG TPUT: 
[2024-11-08T17:31:47-0500] tcp uplink test finished at 2024-11-08 17:31:47.248 EST, duration: 121.108 s
[2024-11-08T17:31:47-0500] -------------------------------
[2024-11-08T17:31:47-0500] Waiting for 2 s...
[2024-11-08T17:31:49-0500] -------------------------------
[2024-11-08T17:31:49-0500] Starting 5G booster for 5 s...
[2024-11-08T17:31:49-0500] 5G booster started at 2024-11-08 17:31:49.345 EST
[2024-11-08T17:31:55-0500] Current time exceeds end time, skipping wait
[2024-11-08T17:31:55-0500] Saved TCP DL results to /data/data/com.termux/files/home/storage/shared/bos_la_2024_trip/starlink/20241108/172734684/tcp_downlink_173149396.out
[2024-11-08T17:31:55-0500] DL AVG TPUT: 
[2024-11-08T17:31:55-0500] 5G booster finished at 2024-11-08 17:31:55.472 EST, duration: 6.127 s
[2024-11-08T17:31:55-0500] -------------------------------
[2024-11-08T17:31:55-0500] Waiting for 2 s...
[2024-11-08T17:31:57-0500] -------------------------------
[2024-11-08T17:31:57-0500] ICMP Ping test started at 2024-11-08 17:31:57.568 EST
[2024-11-08T17:32:27-0500] Waiting for .910 s to reach end time
[2024-11-08T17:32:28-0500] Saved ping test to /data/data/com.termux/files/home/storage/shared/bos_la_2024_trip/starlink/20241108/172734684/icmp_ping_173157592.out
[2024-11-08T17:32:28-0500] Ping summary (min/avg/max/mdev) = 25.188/55.254/169.177/27.411 ms
[2024-11-08T17:32:28-0500] Ping test finished at 2024-11-08 17:32:28.661 EST, duration: 31.093 s
[2024-11-08T17:32:28-0500] -------------------------------
[2024-11-08T17:32:28-0500] Waiting for 2 s...
[2024-11-08T17:32:30-0500] -------------------------------
[2024-11-08T17:32:30-0500] Starting 5G booster for 5 s...
[2024-11-08T17:32:30-0500] 5G booster started at 2024-11-08 17:32:30.773 EST
[2024-11-08T17:32:36-0500] Current time exceeds end time, skipping wait
[2024-11-08T17:32:36-0500] Saved TCP DL results to /data/data/com.termux/files/home/storage/shared/bos_la_2024_trip/starlink/20241108/172734684/tcp_downlink_173230801.out
[2024-11-08T17:32:36-0500] DL AVG TPUT: 
[2024-11-08T17:32:36-0500] 5G booster finished at 2024-11-08 17:32:36.899 EST, duration: 6.126 s
[2024-11-08T17:32:36-0500] -------------------------------
[2024-11-08T17:32:36-0500] Waiting for 2 s...
[2024-11-08T17:32:38-0500] -------------------------------
[2024-11-08T17:32:39-0500] TCP Ping test started at 2024-11-08 17:32:39.000 EST
[2024-11-08T17:33:10-0500] Current time exceeds end time, skipping wait
[2024-11-08T17:33:10-0500] Saved TCP Ping test to /data/data/com.termux/files/home/storage/shared/bos_la_2024_trip/starlink/20241108/172734684/tcp_ping_173239031.out
[2024-11-08T17:33:10-0500] TCP Ping summary (min/avg/max/mdev) 
[2024-11-08T17:33:10-0500] TCP Ping test finished at 2024-11-08 17:33:10.129 EST, duration: 31.129 s
[2024-11-08T17:33:10-0500] -------------------------------
[2024-11-08T17:33:10-0500] Waiting for 2 s...
[2024-11-08T17:33:12-0500] -------------------------------
[2024-11-08T17:33:12-0500] Traceroute test started at 2024-11-08 17:33:12.253 EST
[2024-11-08T17:33:13-0500] Waiting for 28.633 s to reach end time
[2024-11-08T17:33:42-0500] Saved traceroute test to /data/data/com.termux/files/home/storage/shared/bos_la_2024_trip/starlink/20241108/172734684/traceroute_173312306.out
[2024-11-08T17:33:42-0500] Traceroute summary (min/avg/max/mdev) 
[2024-11-08T17:33:42-0500] Traceroute test finished at 2024-11-08 17:33:42.326 EST, duration: 30.073 s
[2024-11-08T17:33:42-0500] -------------------------------
[2024-11-08T17:33:42-0500] All tests completed, cleaning up...
[2024-11-08T17:33:42-0500] -------------------------------
[2024-11-08T17:33:56-0500] [measurement] Load environment variables from prod.env file
[2024-11-08T17:33:56-0500] Starting a network measurement, please choose a server
[2024-11-08T17:33:56-0500] 0) West Cloud: 54.176.53.206
[2024-11-08T17:33:56-0500] 1) East Cloud: 54.197.223.49
[2024-11-08T17:34:31-0500] Enter your choice (0-1): Testing starlink, server 1 (ip: 54.197.223.49, nuttcp_port: 5103, iperf_port: 5003)
[2024-11-08T17:34:31-0500] -------------------------------
[2024-11-08T17:34:32-0500] tcp downlink test started at 2024-11-08 17:34:32.011 EST
[2024-11-08T17:34:32-0500] Testing tcp downlink with 54.197.223.49:5103, interval 0.5 s, duration 120 s, timeout 121 s...
[2024-11-08T17:36:33-0500] Current time exceeds end time, skipping wait
[2024-11-08T17:36:33-0500] Saved tcp downlink test to /data/data/com.termux/files/home/storage/shared/bos_la_2024_trip/starlink/20241108/173431980/tcp_downlink_173432050.out
[2024-11-08T17:36:33-0500] DL AVG TPUT: 
[2024-11-08T17:36:33-0500] tcp downlink test finished at 2024-11-08 17:36:33.164 EST, duration: 121.153 s
[2024-11-08T17:36:33-0500] -------------------------------
[2024-11-08T17:36:33-0500] Waiting for 2 s...
[2024-11-08T17:36:35-0500] -------------------------------
[2024-11-08T17:36:35-0500] Starting 5G booster for 5 s...
[2024-11-08T17:36:35-0500] 5G booster started at 2024-11-08 17:36:35.273 EST
[2024-11-08T17:36:41-0500] Current time exceeds end time, skipping wait
[2024-11-08T17:36:41-0500] Saved TCP DL results to /data/data/com.termux/files/home/storage/shared/bos_la_2024_trip/starlink/20241108/173431980/tcp_downlink_173635302.out
[2024-11-08T17:36:41-0500] DL AVG TPUT: 
[2024-11-08T17:36:41-0500] 5G booster finished at 2024-11-08 17:36:41.383 EST, duration: 6.110 s
[2024-11-08T17:36:41-0500] -------------------------------
[2024-11-08T17:36:41-0500] Waiting for 2 s...
[2024-11-08T17:36:43-0500] -------------------------------
[2024-11-08T17:36:43-0500] tcp uplink test started at 2024-11-08 17:36:43.477 EST
[2024-11-08T17:36:43-0500] testing tcp uplink with 54.197.223.49:5103, interval 0.5, duration 120, timeout 121 ...
[2024-11-08T17:38:44-0500] Current time exceeds end time, skipping wait
[2024-11-08T17:38:44-0500] Saved uplink test to /data/data/com.termux/files/home/storage/shared/bos_la_2024_trip/starlink/20241108/173431980/tcp_uplink_173643505.out
[2024-11-08T17:38:44-0500] UL AVG TPUT: 
[2024-11-08T17:38:44-0500] tcp uplink test finished at 2024-11-08 17:38:44.583 EST, duration: 121.106 s
[2024-11-08T17:38:44-0500] -------------------------------
[2024-11-08T17:38:44-0500] Waiting for 2 s...
[2024-11-08T17:38:46-0500] -------------------------------
[2024-11-08T17:38:46-0500] Starting 5G booster for 5 s...
[2024-11-08T17:38:46-0500] 5G booster started at 2024-11-08 17:38:46.683 EST
[2024-11-08T17:38:52-0500] Current time exceeds end time, skipping wait
[2024-11-08T17:38:52-0500] Saved TCP DL results to /data/data/com.termux/files/home/storage/shared/bos_la_2024_trip/starlink/20241108/173431980/tcp_downlink_173846714.out
[2024-11-08T17:38:52-0500] DL AVG TPUT: 
[2024-11-08T17:38:52-0500] 5G booster finished at 2024-11-08 17:38:52.814 EST, duration: 6.131 s
[2024-11-08T17:38:52-0500] -------------------------------
[2024-11-08T17:38:52-0500] Waiting for 2 s...
[2024-11-08T17:38:54-0500] -------------------------------
[2024-11-08T17:38:54-0500] ICMP Ping test started at 2024-11-08 17:38:54.927 EST
[2024-11-08T17:39:25-0500] Waiting for .921 s to reach end time
[2024-11-08T17:39:26-0500] Saved ping test to /data/data/com.termux/files/home/storage/shared/bos_la_2024_trip/starlink/20241108/173431980/icmp_ping_173854957.out
[2024-11-08T17:39:26-0500] Ping summary (min/avg/max/mdev) = 24.758/46.120/218.040/23.491 ms
[2024-11-08T17:39:26-0500] Ping test finished at 2024-11-08 17:39:26.035 EST, duration: 31.108 s
[2024-11-08T17:39:26-0500] -------------------------------
[2024-11-08T17:39:26-0500] Waiting for 2 s...
[2024-11-08T17:39:28-0500] -------------------------------
[2024-11-08T17:39:28-0500] Starting 5G booster for 5 s...
[2024-11-08T17:39:28-0500] 5G booster started at 2024-11-08 17:39:28.176 EST
[2024-11-08T17:39:34-0500] Current time exceeds end time, skipping wait
[2024-11-08T17:39:34-0500] Saved TCP DL results to /data/data/com.termux/files/home/storage/shared/bos_la_2024_trip/starlink/20241108/173431980/tcp_downlink_173928209.out
[2024-11-08T17:39:34-0500] DL AVG TPUT: 
[2024-11-08T17:39:34-0500] 5G booster finished at 2024-11-08 17:39:34.274 EST, duration: 6.098 s
[2024-11-08T17:39:34-0500] -------------------------------
[2024-11-08T17:39:34-0500] Waiting for 2 s...
[2024-11-08T17:39:36-0500] -------------------------------
[2024-11-08T17:39:36-0500] TCP Ping test started at 2024-11-08 17:39:36.388 EST
[2024-11-08T17:40:07-0500] Current time exceeds end time, skipping wait
[2024-11-08T17:40:07-0500] Saved TCP Ping test to /data/data/com.termux/files/home/storage/shared/bos_la_2024_trip/starlink/20241108/173431980/tcp_ping_173936442.out
[2024-11-08T17:40:07-0500] TCP Ping summary (min/avg/max/mdev) 
[2024-11-08T17:40:07-0500] TCP Ping test finished at 2024-11-08 17:40:07.539 EST, duration: 31.151 s
[2024-11-08T17:40:07-0500] -------------------------------
[2024-11-08T17:40:07-0500] Waiting for 2 s...
[2024-11-08T17:40:09-0500] -------------------------------
[2024-11-08T17:40:09-0500] Traceroute test started at 2024-11-08 17:40:09.663 EST
[2024-11-08T17:40:11-0500] Waiting for 28.395 s to reach end time
[2024-11-08T17:40:39-0500] Saved traceroute test to /data/data/com.termux/files/home/storage/shared/bos_la_2024_trip/starlink/20241108/173431980/traceroute_174009689.out
[2024-11-08T17:40:39-0500] Traceroute summary (min/avg/max/mdev) 
[2024-11-08T17:40:39-0500] Traceroute test finished at 2024-11-08 17:40:39.744 EST, duration: 30.081 s
[2024-11-08T17:40:39-0500] -------------------------------
[2024-11-08T17:40:39-0500] All tests completed, cleaning up...
[2024-11-08T17:40:39-0500] -------------------------------
[2024-11-08T17:41:02-0500] [measurement] Load environment variables from prod.env file
[2024-11-08T17:41:02-0500] Starting a network measurement, please choose a server
[2024-11-08T17:41:02-0500] 0) West Cloud: 54.176.53.206
[2024-11-08T17:41:02-0500] 1) East Cloud: 54.197.223.49
[2024-11-08T17:41:36-0500] Enter your choice (0-1): Testing starlink, server 1 (ip: 54.197.223.49, nuttcp_port: 5103, iperf_port: 5003)
[2024-11-08T17:41:36-0500] -------------------------------
[2024-11-08T17:41:37-0500] tcp downlink test started at 2024-11-08 17:41:36.986 EST
[2024-11-08T17:41:37-0500] Testing tcp downlink with 54.197.223.49:5103, interval 0.5 s, duration 120 s, timeout 121 s...
[2024-11-08T17:43:38-0500] Current time exceeds end time, skipping wait
[2024-11-08T17:43:38-0500] Saved tcp downlink test to /data/data/com.termux/files/home/storage/shared/bos_la_2024_trip/starlink/20241108/174136967/tcp_downlink_174137019.out
[2024-11-08T17:43:38-0500] DL AVG TPUT: 
[2024-11-08T17:43:38-0500] tcp downlink test finished at 2024-11-08 17:43:38.156 EST, duration: 121.170 s
[2024-11-08T17:43:38-0500] -------------------------------
[2024-11-08T17:43:38-0500] Waiting for 2 s...
[2024-11-08T17:43:40-0500] -------------------------------
[2024-11-08T17:43:40-0500] Starting 5G booster for 5 s...
[2024-11-08T17:43:40-0500] 5G booster started at 2024-11-08 17:43:40.253 EST
[2024-11-08T17:43:46-0500] Current time exceeds end time, skipping wait
[2024-11-08T17:43:46-0500] Saved TCP DL results to /data/data/com.termux/files/home/storage/shared/bos_la_2024_trip/starlink/20241108/174136967/tcp_downlink_174340280.out
[2024-11-08T17:43:46-0500] DL AVG TPUT: 
[2024-11-08T17:43:46-0500] 5G booster finished at 2024-11-08 17:43:46.331 EST, duration: 6.078 s
[2024-11-08T17:43:46-0500] -------------------------------
[2024-11-08T17:43:46-0500] Waiting for 2 s...
[2024-11-08T17:43:48-0500] -------------------------------
[2024-11-08T17:43:48-0500] tcp uplink test started at 2024-11-08 17:43:48.442 EST
[2024-11-08T17:43:48-0500] testing tcp uplink with 54.197.223.49:5103, interval 0.5, duration 120, timeout 121 ...
[2024-11-08T17:45:49-0500] Waiting for .013 s to reach end time
[2024-11-08T17:45:49-0500] Saved uplink test to /data/data/com.termux/files/home/storage/shared/bos_la_2024_trip/starlink/20241108/174136967/tcp_uplink_174348489.out
[2024-11-08T17:45:49-0500] UL AVG TPUT: 14.4109 Mbps
[2024-11-08T17:45:49-0500] tcp uplink test finished at 2024-11-08 17:45:49.520 EST, duration: 121.078 s
[2024-11-08T17:45:49-0500] -------------------------------
[2024-11-08T17:45:49-0500] Waiting for 2 s...
[2024-11-08T17:45:51-0500] -------------------------------
[2024-11-08T17:45:51-0500] Starting 5G booster for 5 s...
[2024-11-08T17:45:51-0500] 5G booster started at 2024-11-08 17:45:51.648 EST
[2024-11-08T17:45:57-0500] Current time exceeds end time, skipping wait
[2024-11-08T17:45:57-0500] Saved TCP DL results to /data/data/com.termux/files/home/storage/shared/bos_la_2024_trip/starlink/20241108/174136967/tcp_downlink_174551677.out
[2024-11-08T17:45:57-0500] DL AVG TPUT: 
[2024-11-08T17:45:57-0500] 5G booster finished at 2024-11-08 17:45:57.760 EST, duration: 6.112 s
[2024-11-08T17:45:57-0500] -------------------------------
[2024-11-08T17:45:57-0500] Waiting for 2 s...
[2024-11-08T17:45:59-0500] -------------------------------
[2024-11-08T17:45:59-0500] ICMP Ping test started at 2024-11-08 17:45:59.869 EST
[2024-11-08T17:46:30-0500] Waiting for .894 s to reach end time
[2024-11-08T17:46:30-0500] Saved ping test to /data/data/com.termux/files/home/storage/shared/bos_la_2024_trip/starlink/20241108/174136967/icmp_ping_174559895.out
[2024-11-08T17:46:31-0500] Ping summary (min/avg/max/mdev) = 23.417/35.938/158.126/14.073 ms
[2024-11-08T17:46:31-0500] Ping test finished at 2024-11-08 17:46:30.980 EST, duration: 31.111 s
[2024-11-08T17:46:31-0500] -------------------------------
[2024-11-08T17:46:31-0500] Waiting for 2 s...
[2024-11-08T17:46:33-0500] -------------------------------
[2024-11-08T17:46:33-0500] Starting 5G booster for 5 s...
[2024-11-08T17:46:33-0500] 5G booster started at 2024-11-08 17:46:33.104 EST
[2024-11-08T17:46:39-0500] Current time exceeds end time, skipping wait
[2024-11-08T17:46:39-0500] Saved TCP DL results to /data/data/com.termux/files/home/storage/shared/bos_la_2024_trip/starlink/20241108/174136967/tcp_downlink_174633133.out
[2024-11-08T17:46:39-0500] DL AVG TPUT: 
[2024-11-08T17:46:39-0500] 5G booster finished at 2024-11-08 17:46:39.199 EST, duration: 6.095 s
[2024-11-08T17:46:39-0500] -------------------------------
[2024-11-08T17:46:39-0500] Waiting for 2 s...
[2024-11-08T17:46:41-0500] -------------------------------
[2024-11-08T17:46:41-0500] TCP Ping test started at 2024-11-08 17:46:41.277 EST
[2024-11-08T17:47:12-0500] Current time exceeds end time, skipping wait
[2024-11-08T17:47:12-0500] Saved TCP Ping test to /data/data/com.termux/files/home/storage/shared/bos_la_2024_trip/starlink/20241108/174136967/tcp_ping_174641308.out
[2024-11-08T17:47:12-0500] TCP Ping summary (min/avg/max/mdev) 
[2024-11-08T17:47:12-0500] TCP Ping test finished at 2024-11-08 17:47:12.454 EST, duration: 31.177 s
[2024-11-08T17:47:12-0500] -------------------------------
[2024-11-08T17:47:12-0500] Waiting for 2 s...
[2024-11-08T17:47:14-0500] -------------------------------
[2024-11-08T17:47:14-0500] Traceroute test started at 2024-11-08 17:47:14.581 EST
[2024-11-08T17:47:20-0500] Waiting for 24.533 s to reach end time
[2024-11-08T17:47:44-0500] Saved traceroute test to /data/data/com.termux/files/home/storage/shared/bos_la_2024_trip/starlink/20241108/174136967/traceroute_174714612.out
[2024-11-08T17:47:44-0500] Traceroute summary (min/avg/max/mdev) 
[2024-11-08T17:47:44-0500] Traceroute test finished at 2024-11-08 17:47:44.674 EST, duration: 30.093 s
[2024-11-08T17:47:44-0500] -------------------------------
[2024-11-08T17:47:44-0500] All tests completed, cleaning up...
[2024-11-08T17:47:44-0500] -------------------------------
[2024-11-08T17:48:00-0500] [measurement] Load environment variables from prod.env file
[2024-11-08T17:48:00-0500] Starting a network measurement, please choose a server
[2024-11-08T17:48:00-0500] 0) West Cloud: 54.176.53.206
[2024-11-08T17:48:00-0500] 1) East Cloud: 54.197.223.49
[2024-11-08T17:48:43-0500] Enter your choice (0-1): Testing starlink, server 1 (ip: 54.197.223.49, nuttcp_port: 5103, iperf_port: 5003)
[2024-11-08T17:48:43-0500] -------------------------------
[2024-11-08T17:48:43-0500] tcp downlink test started at 2024-11-08 17:48:43.678 EST
[2024-11-08T17:48:43-0500] Testing tcp downlink with 54.197.223.49:5103, interval 0.5 s, duration 120 s, timeout 121 s...
[2024-11-08T17:50:44-0500] Current time exceeds end time, skipping wait
[2024-11-08T17:50:44-0500] Saved tcp downlink test to /data/data/com.termux/files/home/storage/shared/bos_la_2024_trip/starlink/20241108/174843660/tcp_downlink_174843705.out
[2024-11-08T17:50:44-0500] DL AVG TPUT: 
[2024-11-08T17:50:44-0500] tcp downlink test finished at 2024-11-08 17:50:44.764 EST, duration: 121.086 s
[2024-11-08T17:50:44-0500] -------------------------------
[2024-11-08T17:50:44-0500] Waiting for 2 s...
[2024-11-08T17:50:46-0500] -------------------------------
[2024-11-08T17:50:46-0500] Starting 5G booster for 5 s...
[2024-11-08T17:50:46-0500] 5G booster started at 2024-11-08 17:50:46.868 EST
[2024-11-08T17:50:52-0500] Current time exceeds end time, skipping wait
[2024-11-08T17:50:52-0500] Saved TCP DL results to /data/data/com.termux/files/home/storage/shared/bos_la_2024_trip/starlink/20241108/174843660/tcp_downlink_175046898.out
[2024-11-08T17:50:52-0500] DL AVG TPUT: 
[2024-11-08T17:50:53-0500] 5G booster finished at 2024-11-08 17:50:52.949 EST, duration: 6.081 s
[2024-11-08T17:50:53-0500] -------------------------------
[2024-11-08T17:50:53-0500] Waiting for 2 s...
[2024-11-08T17:50:55-0500] -------------------------------
[2024-11-08T17:50:55-0500] tcp uplink test started at 2024-11-08 17:50:55.087 EST
[2024-11-08T17:50:55-0500] testing tcp uplink with 54.197.223.49:5103, interval 0.5, duration 120, timeout 121 ...
[2024-11-08T17:52:56-0500] Current time exceeds end time, skipping wait
[2024-11-08T17:52:56-0500] Saved uplink test to /data/data/com.termux/files/home/storage/shared/bos_la_2024_trip/starlink/20241108/174843660/tcp_uplink_175055140.out
[2024-11-08T17:52:56-0500] UL AVG TPUT: 
[2024-11-08T17:52:56-0500] tcp uplink test finished at 2024-11-08 17:52:56.238 EST, duration: 121.151 s
[2024-11-08T17:52:56-0500] -------------------------------
[2024-11-08T17:52:56-0500] Waiting for 2 s...
[2024-11-08T17:52:58-0500] -------------------------------
[2024-11-08T17:52:58-0500] Starting 5G booster for 5 s...
[2024-11-08T17:52:58-0500] 5G booster started at 2024-11-08 17:52:58.331 EST
[2024-11-08T17:53:04-0500] Current time exceeds end time, skipping wait
[2024-11-08T17:53:04-0500] Saved TCP DL results to /data/data/com.termux/files/home/storage/shared/bos_la_2024_trip/starlink/20241108/174843660/tcp_downlink_175258353.out
[2024-11-08T17:53:04-0500] DL AVG TPUT: 
[2024-11-08T17:53:04-0500] 5G booster finished at 2024-11-08 17:53:04.455 EST, duration: 6.124 s
[2024-11-08T17:53:04-0500] -------------------------------
[2024-11-08T17:53:04-0500] Waiting for 2 s...
[2024-11-08T17:53:06-0500] -------------------------------
[2024-11-08T17:53:06-0500] ICMP Ping test started at 2024-11-08 17:53:06.536 EST
[2024-11-08T17:53:36-0500] Waiting for .898 s to reach end time
[2024-11-08T17:53:37-0500] Saved ping test to /data/data/com.termux/files/home/storage/shared/bos_la_2024_trip/starlink/20241108/174843660/icmp_ping_175306562.out
[2024-11-08T17:53:37-0500] Ping summary (min/avg/max/mdev) = 28.378/45.903/110.285/15.491 ms
[2024-11-08T17:53:37-0500] Ping test finished at 2024-11-08 17:53:37.633 EST, duration: 31.097 s
[2024-11-08T17:53:37-0500] -------------------------------
[2024-11-08T17:53:37-0500] Waiting for 2 s...
[2024-11-08T17:53:39-0500] -------------------------------
[2024-11-08T17:53:39-0500] Starting 5G booster for 5 s...
[2024-11-08T17:53:39-0500] 5G booster started at 2024-11-08 17:53:39.754 EST
[2024-11-08T17:53:45-0500] Current time exceeds end time, skipping wait
[2024-11-08T17:53:45-0500] Saved TCP DL results to /data/data/com.termux/files/home/storage/shared/bos_la_2024_trip/starlink/20241108/174843660/tcp_downlink_175339778.out
[2024-11-08T17:53:45-0500] DL AVG TPUT: 
[2024-11-08T17:53:45-0500] 5G booster finished at 2024-11-08 17:53:45.866 EST, duration: 6.112 s
[2024-11-08T17:53:45-0500] -------------------------------
[2024-11-08T17:53:45-0500] Waiting for 2 s...
[2024-11-08T17:53:47-0500] -------------------------------
[2024-11-08T17:53:48-0500] TCP Ping test started at 2024-11-08 17:53:47.979 EST
[2024-11-08T17:54:19-0500] Current time exceeds end time, skipping wait
[2024-11-08T17:54:19-0500] Saved TCP Ping test to /data/data/com.termux/files/home/storage/shared/bos_la_2024_trip/starlink/20241108/174843660/tcp_ping_175348024.out
[2024-11-08T17:54:19-0500] TCP Ping summary (min/avg/max/mdev) 
[2024-11-08T17:54:19-0500] TCP Ping test finished at 2024-11-08 17:54:19.149 EST, duration: 31.170 s
[2024-11-08T17:54:19-0500] -------------------------------
[2024-11-08T17:54:19-0500] Waiting for 2 s...
[2024-11-08T17:54:21-0500] -------------------------------
[2024-11-08T17:54:21-0500] Traceroute test started at 2024-11-08 17:54:21.241 EST
[2024-11-08T17:54:21-0500] Waiting for 29.337 s to reach end time
[2024-11-08T17:54:51-0500] Saved traceroute test to /data/data/com.termux/files/home/storage/shared/bos_la_2024_trip/starlink/20241108/174843660/traceroute_175421267.out
[2024-11-08T17:54:51-0500] Traceroute summary (min/avg/max/mdev) 
[2024-11-08T17:54:51-0500] Traceroute test finished at 2024-11-08 17:54:51.302 EST, duration: 30.061 s
[2024-11-08T17:54:51-0500] -------------------------------
[2024-11-08T17:54:51-0500] All tests completed, cleaning up...
[2024-11-08T17:54:51-0500] -------------------------------
[2024-11-08T17:55:02-0500] [measurement] Load environment variables from prod.env file
[2024-11-08T17:55:02-0500] Starting a network measurement, please choose a server
[2024-11-08T17:55:02-0500] 0) West Cloud: 54.176.53.206
[2024-11-08T17:55:02-0500] 1) East Cloud: 54.197.223.49
[2024-11-08T17:55:43-0500] Enter your choice (0-1): Testing starlink, server 1 (ip: 54.197.223.49, nuttcp_port: 5103, iperf_port: 5003)
[2024-11-08T17:55:44-0500] -------------------------------
[2024-11-08T17:55:44-0500] tcp downlink test started at 2024-11-08 17:55:44.010 EST
[2024-11-08T17:55:44-0500] Testing tcp downlink with 54.197.223.49:5103, interval 0.5 s, duration 120 s, timeout 121 s...
[2024-11-08T17:57:45-0500] Current time exceeds end time, skipping wait
[2024-11-08T17:57:45-0500] Saved tcp downlink test to /data/data/com.termux/files/home/storage/shared/bos_la_2024_trip/starlink/20241108/175543992/tcp_downlink_175544042.out
[2024-11-08T17:57:45-0500] DL AVG TPUT: 
[2024-11-08T17:57:45-0500] tcp downlink test finished at 2024-11-08 17:57:45.154 EST, duration: 121.144 s
[2024-11-08T17:57:45-0500] -------------------------------
[2024-11-08T17:57:45-0500] Waiting for 2 s...
[2024-11-08T17:57:47-0500] -------------------------------
[2024-11-08T17:57:47-0500] Starting 5G booster for 5 s...
[2024-11-08T17:57:47-0500] 5G booster started at 2024-11-08 17:57:47.249 EST
[2024-11-08T17:57:53-0500] Current time exceeds end time, skipping wait
[2024-11-08T17:57:53-0500] Saved TCP DL results to /data/data/com.termux/files/home/storage/shared/bos_la_2024_trip/starlink/20241108/175543992/tcp_downlink_175747274.out
[2024-11-08T17:57:53-0500] DL AVG TPUT: 
[2024-11-08T17:57:53-0500] 5G booster finished at 2024-11-08 17:57:53.333 EST, duration: 6.084 s
[2024-11-08T17:57:53-0500] -------------------------------
[2024-11-08T17:57:53-0500] Waiting for 2 s...
[2024-11-08T17:57:55-0500] -------------------------------
[2024-11-08T17:57:55-0500] tcp uplink test started at 2024-11-08 17:57:55.451 EST
[2024-11-08T17:57:55-0500] testing tcp uplink with 54.197.223.49:5103, interval 0.5, duration 120, timeout 121 ...
[2024-11-08T17:59:56-0500] Current time exceeds end time, skipping wait
[2024-11-08T17:59:56-0500] Saved uplink test to /data/data/com.termux/files/home/storage/shared/bos_la_2024_trip/starlink/20241108/175543992/tcp_uplink_175755493.out
[2024-11-08T17:59:56-0500] UL AVG TPUT: 
[2024-11-08T17:59:56-0500] tcp uplink test finished at 2024-11-08 17:59:56.582 EST, duration: 121.131 s
[2024-11-08T17:59:56-0500] -------------------------------
[2024-11-08T17:59:56-0500] Waiting for 2 s...
[2024-11-08T17:59:58-0500] -------------------------------
[2024-11-08T17:59:58-0500] Starting 5G booster for 5 s...
[2024-11-08T17:59:58-0500] 5G booster started at 2024-11-08 17:59:58.703 EST
[2024-11-08T18:00:04-0500] Current time exceeds end time, skipping wait
[2024-11-08T18:00:04-0500] Saved TCP DL results to /data/data/com.termux/files/home/storage/shared/bos_la_2024_trip/starlink/20241108/175543992/tcp_downlink_175958743.out
[2024-11-08T18:00:04-0500] DL AVG TPUT: 
[2024-11-08T18:00:04-0500] 5G booster finished at 2024-11-08 18:00:04.825 EST, duration: 6.122 s
[2024-11-08T18:00:04-0500] -------------------------------
[2024-11-08T18:00:04-0500] Waiting for 2 s...
[2024-11-08T18:00:06-0500] -------------------------------
[2024-11-08T18:00:06-0500] ICMP Ping test started at 2024-11-08 18:00:06.929 EST
[2024-11-08T18:00:37-0500] Waiting for .859 s to reach end time
[2024-11-08T18:00:38-0500] Saved ping test to /data/data/com.termux/files/home/storage/shared/bos_la_2024_trip/starlink/20241108/175543992/icmp_ping_180007001.out
[2024-11-08T18:00:38-0500] Ping summary (min/avg/max/mdev) = 25.883/36.806/89.951/13.441 ms
[2024-11-08T18:00:38-0500] Ping test finished at 2024-11-08 18:00:38.056 EST, duration: 31.127 s
[2024-11-08T18:00:38-0500] -------------------------------
[2024-11-08T18:00:38-0500] Waiting for 2 s...
[2024-11-08T18:00:40-0500] -------------------------------
[2024-11-08T18:00:40-0500] Starting 5G booster for 5 s...
[2024-11-08T18:00:40-0500] 5G booster started at 2024-11-08 18:00:40.153 EST
[2024-11-08T18:00:46-0500] Current time exceeds end time, skipping wait
[2024-11-08T18:00:46-0500] Saved TCP DL results to /data/data/com.termux/files/home/storage/shared/bos_la_2024_trip/starlink/20241108/175543992/tcp_downlink_180040187.out
[2024-11-08T18:00:46-0500] DL AVG TPUT: 
[2024-11-08T18:00:46-0500] 5G booster finished at 2024-11-08 18:00:46.272 EST, duration: 6.119 s
[2024-11-08T18:00:46-0500] -------------------------------
[2024-11-08T18:00:46-0500] Waiting for 2 s...
[2024-11-08T18:00:48-0500] -------------------------------
[2024-11-08T18:00:48-0500] TCP Ping test started at 2024-11-08 18:00:48.379 EST
[2024-11-08T18:01:19-0500] Current time exceeds end time, skipping wait
[2024-11-08T18:01:19-0500] Saved TCP Ping test to /data/data/com.termux/files/home/storage/shared/bos_la_2024_trip/starlink/20241108/175543992/tcp_ping_180048413.out
[2024-11-08T18:01:19-0500] TCP Ping summary (min/avg/max/mdev) 
[2024-11-08T18:01:19-0500] TCP Ping test finished at 2024-11-08 18:01:19.488 EST, duration: 31.109 s
[2024-11-08T18:01:19-0500] -------------------------------
[2024-11-08T18:01:19-0500] Waiting for 2 s...
[2024-11-08T18:01:21-0500] -------------------------------
[2024-11-08T18:01:21-0500] Traceroute test started at 2024-11-08 18:01:21.579 EST
[2024-11-08T18:01:22-0500] Waiting for 28.875 s to reach end time
[2024-11-08T18:01:51-0500] Saved traceroute test to /data/data/com.termux/files/home/storage/shared/bos_la_2024_trip/starlink/20241108/175543992/traceroute_180121606.out
[2024-11-08T18:01:51-0500] Traceroute summary (min/avg/max/mdev) 
[2024-11-08T18:01:51-0500] Traceroute test finished at 2024-11-08 18:01:51.692 EST, duration: 30.113 s
[2024-11-08T18:01:51-0500] -------------------------------
[2024-11-08T18:01:51-0500] All tests completed, cleaning up...
[2024-11-08T18:01:51-0500] -------------------------------
[2024-11-08T18:02:01-0500] [measurement] Load environment variables from prod.env file
[2024-11-08T18:02:01-0500] Starting a network measurement, please choose a server
[2024-11-08T18:02:01-0500] 0) West Cloud: 54.176.53.206
[2024-11-08T18:02:01-0500] 1) East Cloud: 54.197.223.49
[2024-11-08T18:02:38-0500] Enter your choice (0-1): Testing starlink, server 1 (ip: 54.197.223.49, nuttcp_port: 5103, iperf_port: 5003)
[2024-11-08T18:02:38-0500] -------------------------------
[2024-11-08T18:02:38-0500] tcp downlink test started at 2024-11-08 18:02:38.355 EST
[2024-11-08T18:02:38-0500] Testing tcp downlink with 54.197.223.49:5103, interval 0.5 s, duration 120 s, timeout 121 s...
[2024-11-08T18:04:39-0500] Current time exceeds end time, skipping wait
[2024-11-08T18:04:39-0500] Saved tcp downlink test to /data/data/com.termux/files/home/storage/shared/bos_la_2024_trip/starlink/20241108/180238315/tcp_downlink_180238390.out
[2024-11-08T18:04:39-0500] DL AVG TPUT: 
[2024-11-08T18:04:39-0500] tcp downlink test finished at 2024-11-08 18:04:39.459 EST, duration: 121.104 s
[2024-11-08T18:04:39-0500] -------------------------------
[2024-11-08T18:04:39-0500] Waiting for 2 s...
[2024-11-08T18:04:41-0500] -------------------------------
[2024-11-08T18:04:41-0500] Starting 5G booster for 5 s...
[2024-11-08T18:04:41-0500] 5G booster started at 2024-11-08 18:04:41.545 EST
[2024-11-08T18:04:47-0500] Current time exceeds end time, skipping wait
[2024-11-08T18:04:47-0500] Saved TCP DL results to /data/data/com.termux/files/home/storage/shared/bos_la_2024_trip/starlink/20241108/180238315/tcp_downlink_180441568.out
[2024-11-08T18:04:47-0500] DL AVG TPUT: 
[2024-11-08T18:04:47-0500] 5G booster finished at 2024-11-08 18:04:47.629 EST, duration: 6.084 s
[2024-11-08T18:04:47-0500] -------------------------------
[2024-11-08T18:04:47-0500] Waiting for 2 s...
[2024-11-08T18:04:49-0500] -------------------------------
[2024-11-08T18:04:49-0500] tcp uplink test started at 2024-11-08 18:04:49.735 EST
[2024-11-08T18:04:49-0500] testing tcp uplink with 54.197.223.49:5103, interval 0.5, duration 120, timeout 121 ...
[2024-11-08T18:06:50-0500] Current time exceeds end time, skipping wait
[2024-11-08T18:06:50-0500] Saved uplink test to /data/data/com.termux/files/home/storage/shared/bos_la_2024_trip/starlink/20241108/180238315/tcp_uplink_180449763.out
[2024-11-08T18:06:50-0500] UL AVG TPUT: 
[2024-11-08T18:06:50-0500] tcp uplink test finished at 2024-11-08 18:06:50.851 EST, duration: 121.116 s
[2024-11-08T18:06:50-0500] -------------------------------
[2024-11-08T18:06:50-0500] Waiting for 2 s...
[2024-11-08T18:06:52-0500] -------------------------------
[2024-11-08T18:06:52-0500] Starting 5G booster for 5 s...
[2024-11-08T18:06:52-0500] 5G booster started at 2024-11-08 18:06:52.943 EST
[2024-11-08T18:06:59-0500] Current time exceeds end time, skipping wait
[2024-11-08T18:06:59-0500] Saved TCP DL results to /data/data/com.termux/files/home/storage/shared/bos_la_2024_trip/starlink/20241108/180238315/tcp_downlink_180652993.out
[2024-11-08T18:06:59-0500] DL AVG TPUT: 
[2024-11-08T18:06:59-0500] 5G booster finished at 2024-11-08 18:06:59.090 EST, duration: 6.147 s
[2024-11-08T18:06:59-0500] -------------------------------
[2024-11-08T18:06:59-0500] Waiting for 2 s...
[2024-11-08T18:07:01-0500] -------------------------------
[2024-11-08T18:07:01-0500] ICMP Ping test started at 2024-11-08 18:07:01.194 EST
[2024-11-08T18:07:31-0500] Waiting for .877 s to reach end time
[2024-11-08T18:07:32-0500] Saved ping test to /data/data/com.termux/files/home/storage/shared/bos_la_2024_trip/starlink/20241108/180238315/icmp_ping_180701238.out
[2024-11-08T18:07:32-0500] Ping summary (min/avg/max/mdev) = 28.975/51.016/146.199/25.420 ms
[2024-11-08T18:07:32-0500] Ping test finished at 2024-11-08 18:07:32.278 EST, duration: 31.084 s
[2024-11-08T18:07:32-0500] -------------------------------
[2024-11-08T18:07:32-0500] Waiting for 2 s...
[2024-11-08T18:07:34-0500] -------------------------------
[2024-11-08T18:07:34-0500] Starting 5G booster for 5 s...
[2024-11-08T18:07:34-0500] 5G booster started at 2024-11-08 18:07:34.393 EST
[2024-11-08T18:07:40-0500] Current time exceeds end time, skipping wait
[2024-11-08T18:07:40-0500] Saved TCP DL results to /data/data/com.termux/files/home/storage/shared/bos_la_2024_trip/starlink/20241108/180238315/tcp_downlink_180734422.out
[2024-11-08T18:07:40-0500] DL AVG TPUT: 
[2024-11-08T18:07:40-0500] 5G booster finished at 2024-11-08 18:07:40.494 EST, duration: 6.101 s
[2024-11-08T18:07:40-0500] -------------------------------
[2024-11-08T18:07:40-0500] Waiting for 2 s...
[2024-11-08T18:07:42-0500] -------------------------------
[2024-11-08T18:07:42-0500] TCP Ping test started at 2024-11-08 18:07:42.600 EST
[2024-11-08T18:08:13-0500] Current time exceeds end time, skipping wait
[2024-11-08T18:08:13-0500] Saved TCP Ping test to /data/data/com.termux/files/home/storage/shared/bos_la_2024_trip/starlink/20241108/180238315/tcp_ping_180742633.out
[2024-11-08T18:08:13-0500] TCP Ping summary (min/avg/max/mdev) 
[2024-11-08T18:08:13-0500] TCP Ping test finished at 2024-11-08 18:08:13.727 EST, duration: 31.127 s
[2024-11-08T18:08:13-0500] -------------------------------
[2024-11-08T18:08:13-0500] Waiting for 2 s...
[2024-11-08T18:08:15-0500] -------------------------------
[2024-11-08T18:08:15-0500] Traceroute test started at 2024-11-08 18:08:15.824 EST
[2024-11-08T18:08:21-0500] Waiting for 24.705 s to reach end time
[2024-11-08T18:08:45-0500] Saved traceroute test to /data/data/com.termux/files/home/storage/shared/bos_la_2024_trip/starlink/20241108/180238315/traceroute_180815874.out
[2024-11-08T18:08:45-0500] Traceroute summary (min/avg/max/mdev) 
[2024-11-08T18:08:45-0500] Traceroute test finished at 2024-11-08 18:08:45.929 EST, duration: 30.105 s
[2024-11-08T18:08:45-0500] -------------------------------
[2024-11-08T18:08:45-0500] All tests completed, cleaning up...
[2024-11-08T18:08:45-0500] -------------------------------
[2024-11-08T18:08:54-0500] [measurement] Load environment variables from prod.env file
[2024-11-08T18:08:54-0500] Starting a network measurement, please choose a server
[2024-11-08T18:08:54-0500] 0) West Cloud: 54.176.53.206
[2024-11-08T18:08:54-0500] 1) East Cloud: 54.197.223.49
[2024-11-08T18:09:25-0500] Enter your choice (0-1): Testing starlink, server 1 (ip: 54.197.223.49, nuttcp_port: 5103, iperf_port: 5003)
[2024-11-08T18:09:25-0500] -------------------------------
[2024-11-08T18:09:25-0500] tcp downlink test started at 2024-11-08 18:09:25.473 EST
[2024-11-08T18:09:25-0500] Testing tcp downlink with 54.197.223.49:5103, interval 0.5 s, duration 120 s, timeout 121 s...
[2024-11-08T18:11:26-0500] Current time exceeds end time, skipping wait
[2024-11-08T18:11:26-0500] Saved tcp downlink test to /data/data/com.termux/files/home/storage/shared/bos_la_2024_trip/starlink/20241108/180925450/tcp_downlink_180925502.out
[2024-11-08T18:11:26-0500] DL AVG TPUT: 
[2024-11-08T18:11:26-0500] tcp downlink test finished at 2024-11-08 18:11:26.582 EST, duration: 121.109 s
[2024-11-08T18:11:26-0500] -------------------------------
[2024-11-08T18:11:26-0500] Waiting for 2 s...
[2024-11-08T18:11:28-0500] -------------------------------
[2024-11-08T18:11:28-0500] Starting 5G booster for 5 s...
[2024-11-08T18:11:28-0500] 5G booster started at 2024-11-08 18:11:28.673 EST
[2024-11-08T18:11:34-0500] Current time exceeds end time, skipping wait
[2024-11-08T18:11:34-0500] Saved TCP DL results to /data/data/com.termux/files/home/storage/shared/bos_la_2024_trip/starlink/20241108/180925450/tcp_downlink_181128717.out
[2024-11-08T18:11:34-0500] DL AVG TPUT: 
[2024-11-08T18:11:34-0500] 5G booster finished at 2024-11-08 18:11:34.794 EST, duration: 6.121 s
[2024-11-08T18:11:34-0500] -------------------------------
[2024-11-08T18:11:34-0500] Waiting for 2 s...
[2024-11-08T18:11:36-0500] -------------------------------
[2024-11-08T18:11:36-0500] tcp uplink test started at 2024-11-08 18:11:36.892 EST
[2024-11-08T18:11:36-0500] testing tcp uplink with 54.197.223.49:5103, interval 0.5, duration 120, timeout 121 ...
[2024-11-08T18:13:37-0500] Current time exceeds end time, skipping wait
[2024-11-08T18:13:37-0500] Saved uplink test to /data/data/com.termux/files/home/storage/shared/bos_la_2024_trip/starlink/20241108/180925450/tcp_uplink_181136915.out
[2024-11-08T18:13:38-0500] UL AVG TPUT: 
[2024-11-08T18:13:38-0500] tcp uplink test finished at 2024-11-08 18:13:37.995 EST, duration: 121.103 s
[2024-11-08T18:13:38-0500] -------------------------------
[2024-11-08T18:13:38-0500] Waiting for 2 s...
[2024-11-08T18:13:40-0500] -------------------------------
[2024-11-08T18:13:40-0500] Starting 5G booster for 5 s...
[2024-11-08T18:13:40-0500] 5G booster started at 2024-11-08 18:13:40.127 EST
[2024-11-08T18:13:46-0500] Current time exceeds end time, skipping wait
[2024-11-08T18:13:46-0500] Saved TCP DL results to /data/data/com.termux/files/home/storage/shared/bos_la_2024_trip/starlink/20241108/180925450/tcp_downlink_181340178.out
[2024-11-08T18:13:46-0500] DL AVG TPUT: 
[2024-11-08T18:13:46-0500] 5G booster finished at 2024-11-08 18:13:46.248 EST, duration: 6.121 s
[2024-11-08T18:13:46-0500] -------------------------------
[2024-11-08T18:13:46-0500] Waiting for 2 s...
[2024-11-08T18:13:48-0500] -------------------------------
[2024-11-08T18:13:48-0500] ICMP Ping test started at 2024-11-08 18:13:48.346 EST
[2024-11-08T18:14:18-0500] Waiting for .874 s to reach end time
[2024-11-08T18:14:19-0500] Saved ping test to /data/data/com.termux/files/home/storage/shared/bos_la_2024_trip/starlink/20241108/180925450/icmp_ping_181348399.out
[2024-11-08T18:14:19-0500] Ping summary (min/avg/max/mdev) = 27.570/47.503/354.999/35.493 ms
[2024-11-08T18:14:19-0500] Ping test finished at 2024-11-08 18:14:19.430 EST, duration: 31.084 s
[2024-11-08T18:14:19-0500] -------------------------------
[2024-11-08T18:14:19-0500] Waiting for 2 s...
[2024-11-08T18:14:21-0500] -------------------------------
[2024-11-08T18:14:21-0500] Starting 5G booster for 5 s...
[2024-11-08T18:14:21-0500] 5G booster started at 2024-11-08 18:14:21.548 EST
[2024-11-08T18:14:27-0500] Current time exceeds end time, skipping wait
[2024-11-08T18:14:27-0500] Saved TCP DL results to /data/data/com.termux/files/home/storage/shared/bos_la_2024_trip/starlink/20241108/180925450/tcp_downlink_181421590.out
[2024-11-08T18:14:27-0500] DL AVG TPUT: 
[2024-11-08T18:14:27-0500] 5G booster finished at 2024-11-08 18:14:27.650 EST, duration: 6.102 s
[2024-11-08T18:14:27-0500] -------------------------------
[2024-11-08T18:14:27-0500] Waiting for 2 s...
[2024-11-08T18:14:29-0500] -------------------------------
[2024-11-08T18:14:29-0500] TCP Ping test started at 2024-11-08 18:14:29.760 EST
[2024-11-08T18:15:00-0500] Current time exceeds end time, skipping wait
[2024-11-08T18:15:00-0500] Saved TCP Ping test to /data/data/com.termux/files/home/storage/shared/bos_la_2024_trip/starlink/20241108/180925450/tcp_ping_181429799.out
[2024-11-08T18:15:00-0500] TCP Ping summary (min/avg/max/mdev) 
[2024-11-08T18:15:00-0500] TCP Ping test finished at 2024-11-08 18:15:00.879 EST, duration: 31.119 s
[2024-11-08T18:15:00-0500] -------------------------------
[2024-11-08T18:15:00-0500] Waiting for 2 s...
[2024-11-08T18:15:02-0500] -------------------------------
[2024-11-08T18:15:03-0500] Traceroute test started at 2024-11-08 18:15:02.989 EST
[2024-11-08T18:15:05-0500] Waiting for 27.161 s to reach end time
[2024-11-08T18:15:33-0500] Saved traceroute test to /data/data/com.termux/files/home/storage/shared/bos_la_2024_trip/starlink/20241108/180925450/traceroute_181503043.out
[2024-11-08T18:15:33-0500] Traceroute summary (min/avg/max/mdev) 
[2024-11-08T18:15:33-0500] Traceroute test finished at 2024-11-08 18:15:33.076 EST, duration: 30.087 s
[2024-11-08T18:15:33-0500] -------------------------------
[2024-11-08T18:15:33-0500] All tests completed, cleaning up...
[2024-11-08T18:15:33-0500] -------------------------------
[2024-11-08T18:15:40-0500] [measurement] Load environment variables from prod.env file
[2024-11-08T18:15:40-0500] Starting a network measurement, please choose a server
[2024-11-08T18:15:40-0500] 0) West Cloud: 54.176.53.206
[2024-11-08T18:15:40-0500] 1) East Cloud: 54.197.223.49
[2024-11-08T18:16:34-0500] Enter your choice (0-1): Testing starlink, server 1 (ip: 54.197.223.49, nuttcp_port: 5103, iperf_port: 5003)
[2024-11-08T18:16:34-0500] -------------------------------
[2024-11-08T18:16:34-0500] tcp downlink test started at 2024-11-08 18:16:34.537 EST
[2024-11-08T18:16:34-0500] Testing tcp downlink with 54.197.223.49:5103, interval 0.5 s, duration 120 s, timeout 121 s...
[2024-11-08T18:18:35-0500] Current time exceeds end time, skipping wait
[2024-11-08T18:18:35-0500] Saved tcp downlink test to /data/data/com.termux/files/home/storage/shared/bos_la_2024_trip/starlink/20241108/181634512/tcp_downlink_181634562.out
[2024-11-08T18:18:35-0500] DL AVG TPUT: 
[2024-11-08T18:18:35-0500] tcp downlink test finished at 2024-11-08 18:18:35.635 EST, duration: 121.098 s
[2024-11-08T18:18:35-0500] -------------------------------
[2024-11-08T18:18:35-0500] Waiting for 2 s...
[2024-11-08T18:18:37-0500] -------------------------------
[2024-11-08T18:18:37-0500] Starting 5G booster for 5 s...
[2024-11-08T18:18:37-0500] 5G booster started at 2024-11-08 18:18:37.732 EST
[2024-11-08T18:18:43-0500] Current time exceeds end time, skipping wait
[2024-11-08T18:18:43-0500] Saved TCP DL results to /data/data/com.termux/files/home/storage/shared/bos_la_2024_trip/starlink/20241108/181634512/tcp_downlink_181837765.out
[2024-11-08T18:18:43-0500] DL AVG TPUT: 
[2024-11-08T18:18:43-0500] 5G booster finished at 2024-11-08 18:18:43.844 EST, duration: 6.112 s
[2024-11-08T18:18:43-0500] -------------------------------
[2024-11-08T18:18:43-0500] Waiting for 2 s...
[2024-11-08T18:18:45-0500] -------------------------------
[2024-11-08T18:18:46-0500] tcp uplink test started at 2024-11-08 18:18:45.958 EST
[2024-11-08T18:18:46-0500] testing tcp uplink with 54.197.223.49:5103, interval 0.5, duration 120, timeout 121 ...
[2024-11-08T18:20:47-0500] Current time exceeds end time, skipping wait
[2024-11-08T18:20:47-0500] Saved uplink test to /data/data/com.termux/files/home/storage/shared/bos_la_2024_trip/starlink/20241108/181634512/tcp_uplink_181846013.out
[2024-11-08T18:20:47-0500] UL AVG TPUT: 
[2024-11-08T18:20:47-0500] tcp uplink test finished at 2024-11-08 18:20:47.117 EST, duration: 121.159 s
[2024-11-08T18:20:47-0500] -------------------------------
[2024-11-08T18:20:47-0500] Waiting for 2 s...
[2024-11-08T18:20:49-0500] -------------------------------
[2024-11-08T18:20:49-0500] Starting 5G booster for 5 s...
[2024-11-08T18:20:49-0500] 5G booster started at 2024-11-08 18:20:49.207 EST
[2024-11-08T18:20:55-0500] Current time exceeds end time, skipping wait
[2024-11-08T18:20:55-0500] Saved TCP DL results to /data/data/com.termux/files/home/storage/shared/bos_la_2024_trip/starlink/20241108/181634512/tcp_downlink_182049231.out
[2024-11-08T18:20:55-0500] DL AVG TPUT: 
[2024-11-08T18:20:55-0500] 5G booster finished at 2024-11-08 18:20:55.289 EST, duration: 6.082 s
[2024-11-08T18:20:55-0500] -------------------------------
[2024-11-08T18:20:55-0500] Waiting for 2 s...
[2024-11-08T18:20:57-0500] -------------------------------
[2024-11-08T18:20:57-0500] ICMP Ping test started at 2024-11-08 18:20:57.391 EST
[2024-11-08T18:21:27-0500] Waiting for .907 s to reach end time
[2024-11-08T18:21:28-0500] Saved ping test to /data/data/com.termux/files/home/storage/shared/bos_la_2024_trip/starlink/20241108/181634512/icmp_ping_182057426.out
[2024-11-08T18:21:28-0500] Ping summary (min/avg/max/mdev) = 26.410/47.009/111.219/17.962 ms
[2024-11-08T18:21:28-0500] Ping test finished at 2024-11-08 18:21:28.477 EST, duration: 31.086 s
[2024-11-08T18:21:28-0500] -------------------------------
[2024-11-08T18:21:28-0500] Waiting for 2 s...
[2024-11-08T18:21:30-0500] -------------------------------
[2024-11-08T18:21:30-0500] Starting 5G booster for 5 s...
[2024-11-08T18:21:30-0500] 5G booster started at 2024-11-08 18:21:30.573 EST
[2024-11-08T18:21:36-0500] Current time exceeds end time, skipping wait
[2024-11-08T18:21:36-0500] Saved TCP DL results to /data/data/com.termux/files/home/storage/shared/bos_la_2024_trip/starlink/20241108/181634512/tcp_downlink_182130598.out
[2024-11-08T18:21:36-0500] DL AVG TPUT: 
[2024-11-08T18:21:36-0500] 5G booster finished at 2024-11-08 18:21:36.662 EST, duration: 6.089 s
[2024-11-08T18:21:36-0500] -------------------------------
[2024-11-08T18:21:36-0500] Waiting for 2 s...
[2024-11-08T18:21:38-0500] -------------------------------
[2024-11-08T18:21:38-0500] TCP Ping test started at 2024-11-08 18:21:38.751 EST
[2024-11-08T18:22:09-0500] Current time exceeds end time, skipping wait
[2024-11-08T18:22:09-0500] Saved TCP Ping test to /data/data/com.termux/files/home/storage/shared/bos_la_2024_trip/starlink/20241108/181634512/tcp_ping_182138796.out
[2024-11-08T18:22:09-0500] TCP Ping summary (min/avg/max/mdev) 
[2024-11-08T18:22:09-0500] TCP Ping test finished at 2024-11-08 18:22:09.890 EST, duration: 31.139 s
[2024-11-08T18:22:09-0500] -------------------------------
[2024-11-08T18:22:09-0500] Waiting for 2 s...
[2024-11-08T18:22:11-0500] -------------------------------
[2024-11-08T18:22:12-0500] Traceroute test started at 2024-11-08 18:22:12.008 EST
[2024-11-08T18:22:13-0500] Waiting for 28.626 s to reach end time
[2024-11-08T18:22:42-0500] Saved traceroute test to /data/data/com.termux/files/home/storage/shared/bos_la_2024_trip/starlink/20241108/181634512/traceroute_182212062.out
[2024-11-08T18:22:42-0500] Traceroute summary (min/avg/max/mdev) 
[2024-11-08T18:22:42-0500] Traceroute test finished at 2024-11-08 18:22:42.101 EST, duration: 30.093 s
[2024-11-08T18:22:42-0500] -------------------------------
[2024-11-08T18:22:42-0500] All tests completed, cleaning up...
[2024-11-08T18:22:42-0500] -------------------------------
[2024-11-08T18:24:00-0500] [measurement] Load environment variables from prod.env file
[2024-11-08T18:24:00-0500] Starting a network measurement, please choose a server
[2024-11-08T18:24:00-0500] 0) West Cloud: 54.176.53.206
[2024-11-08T18:24:00-0500] 1) East Cloud: 54.197.223.49
[2024-11-08T18:24:57-0500] Enter your choice (0-1): Testing starlink, server 1 (ip: 54.197.223.49, nuttcp_port: 5103, iperf_port: 5003)
[2024-11-08T18:24:57-0500] -------------------------------
[2024-11-08T18:24:57-0500] tcp downlink test started at 2024-11-08 18:24:57.329 EST
[2024-11-08T18:24:57-0500] Testing tcp downlink with 54.197.223.49:5103, interval 0.5 s, duration 120 s, timeout 121 s...
[2024-11-08T18:26:58-0500] Current time exceeds end time, skipping wait
[2024-11-08T18:26:58-0500] Saved tcp downlink test to /data/data/com.termux/files/home/storage/shared/bos_la_2024_trip/starlink/20241108/182457311/tcp_downlink_182457354.out
[2024-11-08T18:26:58-0500] DL AVG TPUT: 
[2024-11-08T18:26:58-0500] tcp downlink test finished at 2024-11-08 18:26:58.426 EST, duration: 121.097 s
[2024-11-08T18:26:58-0500] -------------------------------
[2024-11-08T18:26:58-0500] Waiting for 2 s...
[2024-11-08T18:27:00-0500] -------------------------------
[2024-11-08T18:27:00-0500] Starting 5G booster for 5 s...
[2024-11-08T18:27:00-0500] 5G booster started at 2024-11-08 18:27:00.529 EST
[2024-11-08T18:27:06-0500] Current time exceeds end time, skipping wait
[2024-11-08T18:27:06-0500] Saved TCP DL results to /data/data/com.termux/files/home/storage/shared/bos_la_2024_trip/starlink/20241108/182457311/tcp_downlink_182700556.out
[2024-11-08T18:27:06-0500] DL AVG TPUT: 
[2024-11-08T18:27:06-0500] 5G booster finished at 2024-11-08 18:27:06.614 EST, duration: 6.085 s
[2024-11-08T18:27:06-0500] -------------------------------
[2024-11-08T18:27:06-0500] Waiting for 2 s...
[2024-11-08T18:27:08-0500] -------------------------------
[2024-11-08T18:27:08-0500] tcp uplink test started at 2024-11-08 18:27:08.699 EST
[2024-11-08T18:27:08-0500] testing tcp uplink with 54.197.223.49:5103, interval 0.5, duration 120, timeout 121 ...
[2024-11-08T18:29:09-0500] Current time exceeds end time, skipping wait
[2024-11-08T18:29:09-0500] Saved uplink test to /data/data/com.termux/files/home/storage/shared/bos_la_2024_trip/starlink/20241108/182457311/tcp_uplink_182708725.out
[2024-11-08T18:29:09-0500] UL AVG TPUT: 
[2024-11-08T18:29:09-0500] tcp uplink test finished at 2024-11-08 18:29:09.785 EST, duration: 121.086 s
[2024-11-08T18:29:09-0500] -------------------------------
[2024-11-08T18:29:09-0500] Waiting for 2 s...
[2024-11-08T18:29:11-0500] -------------------------------
[2024-11-08T18:29:11-0500] Starting 5G booster for 5 s...
[2024-11-08T18:29:11-0500] 5G booster started at 2024-11-08 18:29:11.873 EST
[2024-11-08T18:29:17-0500] Current time exceeds end time, skipping wait
[2024-11-08T18:29:17-0500] Saved TCP DL results to /data/data/com.termux/files/home/storage/shared/bos_la_2024_trip/starlink/20241108/182457311/tcp_downlink_182911897.out
[2024-11-08T18:29:17-0500] DL AVG TPUT: 
[2024-11-08T18:29:18-0500] 5G booster finished at 2024-11-08 18:29:17.951 EST, duration: 6.078 s
[2024-11-08T18:29:18-0500] -------------------------------
[2024-11-08T18:29:18-0500] Waiting for 2 s...
[2024-11-08T18:29:20-0500] -------------------------------
[2024-11-08T18:29:20-0500] ICMP Ping test started at 2024-11-08 18:29:20.064 EST
[2024-11-08T18:29:50-0500] Waiting for .896 s to reach end time
[2024-11-08T18:29:51-0500] Saved ping test to /data/data/com.termux/files/home/storage/shared/bos_la_2024_trip/starlink/20241108/182457311/icmp_ping_182920104.out
[2024-11-08T18:29:51-0500] Ping summary (min/avg/max/mdev) = 29.124/47.484/159.301/19.566 ms
[2024-11-08T18:29:51-0500] Ping test finished at 2024-11-08 18:29:51.143 EST, duration: 31.079 s
[2024-11-08T18:29:51-0500] -------------------------------
[2024-11-08T18:29:51-0500] Waiting for 2 s...
[2024-11-08T18:29:53-0500] -------------------------------
[2024-11-08T18:29:53-0500] Starting 5G booster for 5 s...
[2024-11-08T18:29:53-0500] 5G booster started at 2024-11-08 18:29:53.241 EST
[2024-11-08T18:29:59-0500] Current time exceeds end time, skipping wait
[2024-11-08T18:29:59-0500] Saved TCP DL results to /data/data/com.termux/files/home/storage/shared/bos_la_2024_trip/starlink/20241108/182457311/tcp_downlink_182953266.out
[2024-11-08T18:29:59-0500] DL AVG TPUT: 
[2024-11-08T18:29:59-0500] 5G booster finished at 2024-11-08 18:29:59.346 EST, duration: 6.105 s
[2024-11-08T18:29:59-0500] -------------------------------
[2024-11-08T18:29:59-0500] Waiting for 2 s...
[2024-11-08T18:30:01-0500] -------------------------------
[2024-11-08T18:30:01-0500] TCP Ping test started at 2024-11-08 18:30:01.445 EST
[2024-11-08T18:30:32-0500] Current time exceeds end time, skipping wait
[2024-11-08T18:30:32-0500] Saved TCP Ping test to /data/data/com.termux/files/home/storage/shared/bos_la_2024_trip/starlink/20241108/182457311/tcp_ping_183001473.out
[2024-11-08T18:30:32-0500] TCP Ping summary (min/avg/max/mdev) 
[2024-11-08T18:30:32-0500] TCP Ping test finished at 2024-11-08 18:30:32.561 EST, duration: 31.116 s
[2024-11-08T18:30:32-0500] -------------------------------
[2024-11-08T18:30:32-0500] Waiting for 2 s...
[2024-11-08T18:30:34-0500] -------------------------------
[2024-11-08T18:30:34-0500] Traceroute test started at 2024-11-08 18:30:34.661 EST
[2024-11-08T18:30:36-0500] Waiting for 28.044 s to reach end time
[2024-11-08T18:31:04-0500] Saved traceroute test to /data/data/com.termux/files/home/storage/shared/bos_la_2024_trip/starlink/20241108/182457311/traceroute_183034692.out
[2024-11-08T18:31:04-0500] Traceroute summary (min/avg/max/mdev) 
[2024-11-08T18:31:04-0500] Traceroute test finished at 2024-11-08 18:31:04.760 EST, duration: 30.099 s
[2024-11-08T18:31:04-0500] -------------------------------
[2024-11-08T18:31:04-0500] All tests completed, cleaning up...
[2024-11-08T18:31:04-0500] -------------------------------
[2024-11-08T18:32:31-0500] [measurement] Load environment variables from prod.env file
[2024-11-08T18:32:31-0500] Starting a network measurement, please choose a server
[2024-11-08T18:32:31-0500] 0) West Cloud: 54.176.53.206
[2024-11-08T18:32:31-0500] 1) East Cloud: 54.197.223.49
[2024-11-08T18:33:04-0500] Enter your choice (0-1): Testing starlink, server 1 (ip: 54.197.223.49, nuttcp_port: 5103, iperf_port: 5003)
[2024-11-08T18:33:04-0500] -------------------------------
[2024-11-08T18:33:04-0500] tcp downlink test started at 2024-11-08 18:33:04.642 EST
[2024-11-08T18:33:04-0500] Testing tcp downlink with 54.197.223.49:5103, interval 0.5 s, duration 120 s, timeout 121 s...
[2024-11-08T18:33:50-0500] Waiting for 75.199 s to reach end time
[2024-11-08T18:35:05-0500] Saved tcp downlink test to /data/data/com.termux/files/home/storage/shared/bos_la_2024_trip/starlink/20241108/183304626/tcp_downlink_183304674.out
[2024-11-08T18:35:05-0500] DL AVG TPUT: 
[2024-11-08T18:35:05-0500] tcp downlink test finished at 2024-11-08 18:35:05.704 EST, duration: 121.062 s
[2024-11-08T18:35:05-0500] -------------------------------
[2024-11-08T18:35:05-0500] Waiting for 2 s...
[2024-11-08T18:35:07-0500] -------------------------------
[2024-11-08T18:35:07-0500] Starting 5G booster for 5 s...
[2024-11-08T18:35:07-0500] 5G booster started at 2024-11-08 18:35:07.815 EST
[2024-11-08T18:35:13-0500] Current time exceeds end time, skipping wait
[2024-11-08T18:35:13-0500] Saved TCP DL results to /data/data/com.termux/files/home/storage/shared/bos_la_2024_trip/starlink/20241108/183304626/tcp_downlink_183507846.out
[2024-11-08T18:35:13-0500] [CAUTION] EMPTY LOG!
[2024-11-08T18:35:13-0500] 5G booster finished at 2024-11-08 18:35:13.942 EST, duration: 6.127 s
[2024-11-08T18:35:13-0500] -------------------------------
[2024-11-08T18:35:13-0500] Waiting for 2 s...
[2024-11-08T18:35:16-0500] -------------------------------
[2024-11-08T18:35:16-0500] tcp uplink test started at 2024-11-08 18:35:16.033 EST
[2024-11-08T18:35:16-0500] testing tcp uplink with 54.197.223.49:5103, interval 0.5, duration 120, timeout 121 ...
[2024-11-08T18:35:21-0500] connect failed: No route to host
[2024-11-08T18:35:21-0500] interval option only supported for client/server mode
[2024-11-08T18:35:21-0500] Waiting for 115.450 s to reach end time
[2024-11-08T18:37:17-0500] Saved uplink test to /data/data/com.termux/files/home/storage/shared/bos_la_2024_trip/starlink/20241108/183304626/tcp_uplink_183516086.out
[2024-11-08T18:37:17-0500] [CAUTION] EMPTY LOG!
[2024-11-08T18:37:17-0500] tcp uplink test finished at 2024-11-08 18:37:17.118 EST, duration: 121.085 s
[2024-11-08T18:37:17-0500] -------------------------------
[2024-11-08T18:37:17-0500] Waiting for 2 s...
[2024-11-08T18:37:19-0500] -------------------------------
[2024-11-08T18:37:19-0500] Starting 5G booster for 5 s...
[2024-11-08T18:37:19-0500] 5G booster started at 2024-11-08 18:37:19.218 EST
[2024-11-08T18:37:21-0500] nuttcp-r: v8.1.4: Error: connect: No route to host
[2024-11-08T18:37:21-0500] errno=113
[2024-11-08T18:37:21-0500] Waiting for 3.582 s to reach end time
[2024-11-08T18:37:25-0500] Saved TCP DL results to /data/data/com.termux/files/home/storage/shared/bos_la_2024_trip/starlink/20241108/183304626/tcp_downlink_183719252.out
[2024-11-08T18:37:25-0500] [CAUTION] EMPTY LOG!
[2024-11-08T18:37:25-0500] 5G booster finished at 2024-11-08 18:37:25.302 EST, duration: 6.084 s
[2024-11-08T18:37:25-0500] -------------------------------
[2024-11-08T18:37:25-0500] Waiting for 2 s...
[2024-11-08T18:37:27-0500] -------------------------------
[2024-11-08T18:37:27-0500] ICMP Ping test started at 2024-11-08 18:37:27.400 EST
[2024-11-08T18:37:28-0500] Waiting for 30.260 s to reach end time
[2024-11-08T18:37:58-0500] Saved ping test to /data/data/com.termux/files/home/storage/shared/bos_la_2024_trip/starlink/20241108/183304626/icmp_ping_183727430.out
[2024-11-08T18:37:58-0500] Ping summary (min/avg/max/mdev) 
[2024-11-08T18:37:58-0500] Ping test finished at 2024-11-08 18:37:58.492 EST, duration: 31.092 s
[2024-11-08T18:37:58-0500] -------------------------------
[2024-11-08T18:37:58-0500] Waiting for 2 s...
[2024-11-08T18:38:00-0500] -------------------------------
[2024-11-08T18:38:00-0500] Starting 5G booster for 5 s...
[2024-11-08T18:38:00-0500] 5G booster started at 2024-11-08 18:38:00.621 EST
[2024-11-08T18:38:03-0500] nuttcp-r: v8.1.4: Error: connect: No route to host
[2024-11-08T18:38:03-0500] errno=113
[2024-11-08T18:38:03-0500] Waiting for 3.223 s to reach end time
[2024-11-08T18:38:06-0500] Saved TCP DL results to /data/data/com.termux/files/home/storage/shared/bos_la_2024_trip/starlink/20241108/183304626/tcp_downlink_183800673.out
[2024-11-08T18:38:06-0500] [CAUTION] EMPTY LOG!
[2024-11-08T18:38:06-0500] 5G booster finished at 2024-11-08 18:38:06.691 EST, duration: 6.070 s
[2024-11-08T18:38:06-0500] -------------------------------
[2024-11-08T18:38:06-0500] Waiting for 2 s...
[2024-11-08T18:38:08-0500] -------------------------------
[2024-11-08T18:38:08-0500] TCP Ping test started at 2024-11-08 18:38:08.768 EST
[2024-11-08T18:38:09-0500] Waiting for 30.104 s to reach end time
[2024-11-08T18:38:39-0500] Saved TCP Ping test to /data/data/com.termux/files/home/storage/shared/bos_la_2024_trip/starlink/20241108/183304626/tcp_ping_183808796.out
[2024-11-08T18:38:39-0500] [CAUTION] EMPTY LOG!
[2024-11-08T18:38:39-0500] TCP Ping test finished at 2024-11-08 18:38:39.840 EST, duration: 31.072 s
[2024-11-08T18:38:39-0500] -------------------------------
[2024-11-08T18:38:39-0500] Waiting for 2 s...
[2024-11-08T18:38:41-0500] -------------------------------
[2024-11-08T18:38:42-0500] Traceroute test started at 2024-11-08 18:38:42.009 EST
[2024-11-08T18:38:58-0500] Waiting for 13.802 s to reach end time
[2024-11-08T18:39:12-0500] Saved traceroute test to /data/data/com.termux/files/home/storage/shared/bos_la_2024_trip/starlink/20241108/183304626/traceroute_183842040.out
[2024-11-08T18:39:12-0500] Traceroute summary (min/avg/max/mdev) 
[2024-11-08T18:39:12-0500] Traceroute test finished at 2024-11-08 18:39:12.105 EST, duration: 30.096 s
[2024-11-08T18:39:12-0500] -------------------------------
[2024-11-08T18:39:12-0500] All tests completed, cleaning up...
[2024-11-08T18:39:12-0500] -------------------------------
[2024-11-08T18:40:29-0500] [measurement] Load environment variables from prod.env file
[2024-11-08T18:40:29-0500] Starting a network measurement, please choose a server
[2024-11-08T18:40:29-0500] 0) West Cloud: 54.176.53.206
[2024-11-08T18:40:29-0500] 1) East Cloud: 54.197.223.49
[2024-11-08T18:41:01-0500] Enter your choice (0-1): Testing starlink, server 1 (ip: 54.197.223.49, nuttcp_port: 5103, iperf_port: 5003)
[2024-11-08T18:41:01-0500] -------------------------------
[2024-11-08T18:41:01-0500] tcp downlink test started at 2024-11-08 18:41:01.327 EST
[2024-11-08T18:41:01-0500] Testing tcp downlink with 54.197.223.49:5103, interval 0.5 s, duration 120 s, timeout 121 s...
[2024-11-08T18:42:33-0500] Waiting for 28.653 s to reach end time
[2024-11-08T18:43:02-0500] Saved tcp downlink test to /data/data/com.termux/files/home/storage/shared/bos_la_2024_trip/starlink/20241108/184101305/tcp_downlink_184101360.out
[2024-11-08T18:43:02-0500] DL AVG TPUT: 
[2024-11-08T18:43:02-0500] tcp downlink test finished at 2024-11-08 18:43:02.408 EST, duration: 121.081 s
[2024-11-08T18:43:02-0500] -------------------------------
[2024-11-08T18:43:02-0500] Waiting for 2 s...
[2024-11-08T18:43:04-0500] -------------------------------
[2024-11-08T18:43:04-0500] Starting 5G booster for 5 s...
[2024-11-08T18:43:04-0500] 5G booster started at 2024-11-08 18:43:04.519 EST
[2024-11-08T18:43:05-0500] nuttcp-r: v8.1.4: Error: connect: No route to host
[2024-11-08T18:43:05-0500] errno=113
[2024-11-08T18:43:05-0500] Waiting for 5.127 s to reach end time
[2024-11-08T18:43:10-0500] Saved TCP DL results to /data/data/com.termux/files/home/storage/shared/bos_la_2024_trip/starlink/20241108/184101305/tcp_downlink_184304549.out
[2024-11-08T18:43:10-0500] [CAUTION] EMPTY LOG!
[2024-11-08T18:43:10-0500] 5G booster finished at 2024-11-08 18:43:10.592 EST, duration: 6.073 s
[2024-11-08T18:43:10-0500] -------------------------------
[2024-11-08T18:43:10-0500] Waiting for 2 s...
[2024-11-08T18:43:12-0500] -------------------------------
[2024-11-08T18:43:12-0500] tcp uplink test started at 2024-11-08 18:43:12.689 EST
[2024-11-08T18:43:12-0500] testing tcp uplink with 54.197.223.49:5103, interval 0.5, duration 120, timeout 121 ...
[2024-11-08T18:43:14-0500] connect failed: No route to host
[2024-11-08T18:43:14-0500] interval option only supported for client/server mode
[2024-11-08T18:43:14-0500] Waiting for 119.085 s to reach end time
[2024-11-08T18:45:13-0500] Saved uplink test to /data/data/com.termux/files/home/storage/shared/bos_la_2024_trip/starlink/20241108/184101305/tcp_uplink_184312739.out
[2024-11-08T18:45:13-0500] [CAUTION] EMPTY LOG!
[2024-11-08T18:45:13-0500] tcp uplink test finished at 2024-11-08 18:45:13.811 EST, duration: 121.122 s
[2024-11-08T18:45:13-0500] -------------------------------
[2024-11-08T18:45:13-0500] Waiting for 2 s...
[2024-11-08T18:45:15-0500] -------------------------------
[2024-11-08T18:45:15-0500] Starting 5G booster for 5 s...
[2024-11-08T18:45:15-0500] 5G booster started at 2024-11-08 18:45:15.914 EST
[2024-11-08T18:45:22-0500] Current time exceeds end time, skipping wait
[2024-11-08T18:45:22-0500] Saved TCP DL results to /data/data/com.termux/files/home/storage/shared/bos_la_2024_trip/starlink/20241108/184101305/tcp_downlink_184515939.out
[2024-11-08T18:45:22-0500] DL AVG TPUT: 
[2024-11-08T18:45:22-0500] 5G booster finished at 2024-11-08 18:45:22.012 EST, duration: 6.098 s
[2024-11-08T18:45:22-0500] -------------------------------
[2024-11-08T18:45:22-0500] Waiting for 2 s...
[2024-11-08T18:45:24-0500] -------------------------------
[2024-11-08T18:45:24-0500] ICMP Ping test started at 2024-11-08 18:45:24.138 EST
[2024-11-08T18:45:54-0500] Waiting for .912 s to reach end time
[2024-11-08T18:45:55-0500] Saved ping test to /data/data/com.termux/files/home/storage/shared/bos_la_2024_trip/starlink/20241108/184101305/icmp_ping_184524169.out
[2024-11-08T18:45:55-0500] Ping summary (min/avg/max/mdev) = 27.322/71.529/523.141/51.272 ms
[2024-11-08T18:45:55-0500] Ping test finished at 2024-11-08 18:45:55.201 EST, duration: 31.063 s
[2024-11-08T18:45:55-0500] -------------------------------
[2024-11-08T18:45:55-0500] Waiting for 2 s...
[2024-11-08T18:45:57-0500] -------------------------------
[2024-11-08T18:45:57-0500] Starting 5G booster for 5 s...
[2024-11-08T18:45:57-0500] 5G booster started at 2024-11-08 18:45:57.300 EST
[2024-11-08T18:46:03-0500] Current time exceeds end time, skipping wait
[2024-11-08T18:46:03-0500] Saved TCP DL results to /data/data/com.termux/files/home/storage/shared/bos_la_2024_trip/starlink/20241108/184101305/tcp_downlink_184557321.out
[2024-11-08T18:46:03-0500] DL AVG TPUT: 
[2024-11-08T18:46:03-0500] 5G booster finished at 2024-11-08 18:46:03.376 EST, duration: 6.076 s
[2024-11-08T18:46:03-0500] -------------------------------
[2024-11-08T18:46:03-0500] Waiting for 2 s...
[2024-11-08T18:46:05-0500] -------------------------------
[2024-11-08T18:46:05-0500] TCP Ping test started at 2024-11-08 18:46:05.462 EST
[2024-11-08T18:46:36-0500] Current time exceeds end time, skipping wait
[2024-11-08T18:46:36-0500] Saved TCP Ping test to /data/data/com.termux/files/home/storage/shared/bos_la_2024_trip/starlink/20241108/184101305/tcp_ping_184605488.out
[2024-11-08T18:46:36-0500] TCP Ping summary (min/avg/max/mdev) 
[2024-11-08T18:46:36-0500] TCP Ping test finished at 2024-11-08 18:46:36.583 EST, duration: 31.121 s
[2024-11-08T18:46:36-0500] -------------------------------
[2024-11-08T18:46:36-0500] Waiting for 2 s...
[2024-11-08T18:46:38-0500] -------------------------------
[2024-11-08T18:46:38-0500] Traceroute test started at 2024-11-08 18:46:38.729 EST
[2024-11-08T18:46:39-0500] Waiting for 29.184 s to reach end time
[2024-11-08T18:47:08-0500] Saved traceroute test to /data/data/com.termux/files/home/storage/shared/bos_la_2024_trip/starlink/20241108/184101305/traceroute_184638754.out
[2024-11-08T18:47:08-0500] Traceroute summary (min/avg/max/mdev) 
[2024-11-08T18:47:08-0500] Traceroute test finished at 2024-11-08 18:47:08.811 EST, duration: 30.082 s
[2024-11-08T18:47:08-0500] -------------------------------
[2024-11-08T18:47:08-0500] All tests completed, cleaning up...
[2024-11-08T18:47:08-0500] -------------------------------
