[2024-11-07T10:22:04-0500] [measurement] Load environment variables from prod.env file
[2024-11-07T10:22:04-0500] Starting a network measurement, please choose a server
[2024-11-07T10:22:04-0500] 0) West Cloud: 54.176.53.206
[2024-11-07T10:22:04-0500] 1) East Cloud: 54.197.223.49
[2024-11-07T10:31:32-0500] Enter your choice (0-1): Testing starlink, server 1 (ip: 54.197.223.49, nuttcp_port: 5103, iperf_port: 5003)
[2024-11-07T10:31:33-0500] -------------------------------
[2024-11-07T10:31:33-0500] tcp downlink test started at 2024-11-07 10:31:33.037 EST
[2024-11-07T10:31:33-0500] Testing tcp downlink with 54.197.223.49:5103, interval 0.5 s, duration 120 s, timeout 121 s...
[2024-11-07T10:33:34-0500] Current time exceeds end time, skipping wait
[2024-11-07T10:33:34-0500] Saved tcp downlink test to /data/data/com.termux/files/home/storage/shared/bos_la_2024_trip/starlink/20241107/103133020/tcp_downlink_103133058.out
[2024-11-07T10:33:34-0500] DL AVG TPUT: 
[2024-11-07T10:33:34-0500] tcp downlink test finished at 2024-11-07 10:33:34.135 EST, duration: 121.098 s
[2024-11-07T10:33:34-0500] -------------------------------
[2024-11-07T10:33:34-0500] Waiting for 2 s...
[2024-11-07T10:33:36-0500] -------------------------------
[2024-11-07T10:33:36-0500] Starting 5G booster for 5 s...
[2024-11-07T10:33:36-0500] 5G booster started at 2024-11-07 10:33:36.240 EST
[2024-11-07T10:33:42-0500] Current time exceeds end time, skipping wait
[2024-11-07T10:33:42-0500] Saved TCP DL results to /data/data/com.termux/files/home/storage/shared/bos_la_2024_trip/starlink/20241107/103133020/tcp_downlink_103336271.out
[2024-11-07T10:33:42-0500] DL AVG TPUT: 
[2024-11-07T10:33:42-0500] 5G booster finished at 2024-11-07 10:33:42.374 EST, duration: 6.134 s
[2024-11-07T10:33:42-0500] -------------------------------
[2024-11-07T10:33:42-0500] Waiting for 2 s...
[2024-11-07T10:33:44-0500] -------------------------------
[2024-11-07T10:33:44-0500] tcp uplink test started at 2024-11-07 10:33:44.470 EST
[2024-11-07T10:33:44-0500] testing tcp uplink with 54.197.223.49:5103, interval 0.5, duration 120, timeout 121 ...
[2024-11-07T10:35:45-0500] Current time exceeds end time, skipping wait
[2024-11-07T10:35:45-0500] Saved uplink test to /data/data/com.termux/files/home/storage/shared/bos_la_2024_trip/starlink/20241107/103133020/tcp_uplink_103344505.out
[2024-11-07T10:35:45-0500] UL AVG TPUT: 
[2024-11-07T10:35:45-0500] tcp uplink test finished at 2024-11-07 10:35:45.597 EST, duration: 121.127 s
[2024-11-07T10:35:45-0500] -------------------------------
[2024-11-07T10:35:45-0500] Waiting for 2 s...
[2024-11-07T10:35:47-0500] -------------------------------
[2024-11-07T10:35:47-0500] Starting 5G booster for 5 s...
[2024-11-07T10:35:47-0500] 5G booster started at 2024-11-07 10:35:47.730 EST
[2024-11-07T10:35:53-0500] Current time exceeds end time, skipping wait
[2024-11-07T10:35:53-0500] Saved TCP DL results to /data/data/com.termux/files/home/storage/shared/bos_la_2024_trip/starlink/20241107/103133020/tcp_downlink_103547757.out
[2024-11-07T10:35:53-0500] DL AVG TPUT: 
[2024-11-07T10:35:53-0500] 5G booster finished at 2024-11-07 10:35:53.829 EST, duration: 6.099 s
[2024-11-07T10:35:53-0500] -------------------------------
[2024-11-07T10:35:53-0500] Waiting for 2 s...
[2024-11-07T10:35:55-0500] -------------------------------
[2024-11-07T10:35:55-0500] ICMP Ping test started at 2024-11-07 10:35:55.940 EST
[2024-11-07T10:36:26-0500] Waiting for .899 s to reach end time
[2024-11-07T10:36:27-0500] Saved ping test to /data/data/com.termux/files/home/storage/shared/bos_la_2024_trip/starlink/20241107/103133020/icmp_ping_103555972.out
[2024-11-07T10:36:27-0500] Ping summary (min/avg/max/mdev) = 37.837/60.619/133.246/17.208 ms
[2024-11-07T10:36:27-0500] Ping test finished at 2024-11-07 10:36:27.012 EST, duration: 31.072 s
[2024-11-07T10:36:27-0500] -------------------------------
[2024-11-07T10:36:27-0500] Waiting for 2 s...
[2024-11-07T10:36:29-0500] -------------------------------
[2024-11-07T10:36:29-0500] Starting 5G booster for 5 s...
[2024-11-07T10:36:29-0500] 5G booster started at 2024-11-07 10:36:29.107 EST
[2024-11-07T10:36:35-0500] Current time exceeds end time, skipping wait
[2024-11-07T10:36:35-0500] Saved TCP DL results to /data/data/com.termux/files/home/storage/shared/bos_la_2024_trip/starlink/20241107/103133020/tcp_downlink_103629129.out
[2024-11-07T10:36:35-0500] DL AVG TPUT: 
[2024-11-07T10:36:35-0500] 5G booster finished at 2024-11-07 10:36:35.238 EST, duration: 6.131 s
[2024-11-07T10:36:35-0500] -------------------------------
[2024-11-07T10:36:35-0500] Waiting for 2 s...
[2024-11-07T10:36:37-0500] -------------------------------
[2024-11-07T10:36:37-0500] TCP Ping test started at 2024-11-07 10:36:37.397 EST
[2024-11-07T10:37:08-0500] Current time exceeds end time, skipping wait
[2024-11-07T10:37:08-0500] Saved TCP Ping test to /data/data/com.termux/files/home/storage/shared/bos_la_2024_trip/starlink/20241107/103133020/tcp_ping_103637450.out
[2024-11-07T10:37:08-0500] TCP Ping summary (min/avg/max/mdev) 
[2024-11-07T10:37:08-0500] TCP Ping test finished at 2024-11-07 10:37:08.545 EST, duration: 31.148 s
[2024-11-07T10:37:08-0500] -------------------------------
[2024-11-07T10:37:08-0500] Waiting for 2 s...
[2024-11-07T10:37:10-0500] -------------------------------
[2024-11-07T10:37:10-0500] Traceroute test started at 2024-11-07 10:37:10.671 EST
[2024-11-07T10:37:15-0500] Waiting for 25.479 s to reach end time
[2024-11-07T10:37:40-0500] Saved traceroute test to /data/data/com.termux/files/home/storage/shared/bos_la_2024_trip/starlink/20241107/103133020/traceroute_103710700.out
[2024-11-07T10:37:40-0500] Traceroute summary (min/avg/max/mdev) 
[2024-11-07T10:37:40-0500] Traceroute test finished at 2024-11-07 10:37:40.751 EST, duration: 30.080 s
[2024-11-07T10:37:40-0500] -------------------------------
[2024-11-07T10:37:40-0500] All tests completed, cleaning up...
[2024-11-07T10:37:40-0500] -------------------------------
[2024-11-07T10:38:13-0500] [measurement] Load environment variables from prod.env file
[2024-11-07T10:38:13-0500] Starting a network measurement, please choose a server
[2024-11-07T10:38:13-0500] 0) West Cloud: 54.176.53.206
[2024-11-07T10:38:13-0500] 1) East Cloud: 54.197.223.49
[2024-11-07T10:39:06-0500] Enter your choice (0-1): Testing starlink, server 1 (ip: 54.197.223.49, nuttcp_port: 5103, iperf_port: 5003)
[2024-11-07T10:39:07-0500] -------------------------------
[2024-11-07T10:39:07-0500] tcp downlink test started at 2024-11-07 10:39:07.038 EST
[2024-11-07T10:39:07-0500] Testing tcp downlink with 54.197.223.49:5103, interval 0.5 s, duration 120 s, timeout 121 s...
[2024-11-07T10:39:38-0500] Waiting for 89.160 s to reach end time
[2024-11-07T10:41:08-0500] Saved tcp downlink test to /data/data/com.termux/files/home/storage/shared/bos_la_2024_trip/starlink/20241107/103907021/tcp_downlink_103907062.out
[2024-11-07T10:41:08-0500] DL AVG TPUT: 
[2024-11-07T10:41:08-0500] tcp downlink test finished at 2024-11-07 10:41:08.134 EST, duration: 121.096 s
[2024-11-07T10:41:08-0500] -------------------------------
[2024-11-07T10:41:08-0500] Waiting for 2 s...
[2024-11-07T10:41:10-0500] -------------------------------
[2024-11-07T10:41:10-0500] Starting 5G booster for 5 s...
[2024-11-07T10:41:10-0500] 5G booster started at 2024-11-07 10:41:10.241 EST
[2024-11-07T10:41:16-0500] Current time exceeds end time, skipping wait
[2024-11-07T10:41:16-0500] Saved TCP DL results to /data/data/com.termux/files/home/storage/shared/bos_la_2024_trip/starlink/20241107/103907021/tcp_downlink_104110269.out
[2024-11-07T10:41:16-0500] [CAUTION] EMPTY LOG!
[2024-11-07T10:41:16-0500] 5G booster finished at 2024-11-07 10:41:16.333 EST, duration: 6.092 s
[2024-11-07T10:41:16-0500] -------------------------------
[2024-11-07T10:41:16-0500] Waiting for 2 s...
[2024-11-07T10:41:18-0500] -------------------------------
[2024-11-07T10:41:18-0500] tcp uplink test started at 2024-11-07 10:41:18.422 EST
[2024-11-07T10:41:18-0500] testing tcp uplink with 54.197.223.49:5103, interval 0.5, duration 120, timeout 121 ...
[2024-11-07T10:43:19-0500] Current time exceeds end time, skipping wait
[2024-11-07T10:43:19-0500] Saved uplink test to /data/data/com.termux/files/home/storage/shared/bos_la_2024_trip/starlink/20241107/103907021/tcp_uplink_104118475.out
[2024-11-07T10:43:19-0500] UL AVG TPUT: 
[2024-11-07T10:43:19-0500] tcp uplink test finished at 2024-11-07 10:43:19.570 EST, duration: 121.148 s
[2024-11-07T10:43:19-0500] -------------------------------
[2024-11-07T10:43:19-0500] Waiting for 2 s...
[2024-11-07T10:43:21-0500] -------------------------------
[2024-11-07T10:43:21-0500] Starting 5G booster for 5 s...
[2024-11-07T10:43:21-0500] 5G booster started at 2024-11-07 10:43:21.677 EST
[2024-11-07T10:43:27-0500] Current time exceeds end time, skipping wait
[2024-11-07T10:43:27-0500] Saved TCP DL results to /data/data/com.termux/files/home/storage/shared/bos_la_2024_trip/starlink/20241107/103907021/tcp_downlink_104321704.out
[2024-11-07T10:43:27-0500] DL AVG TPUT: 
[2024-11-07T10:43:27-0500] 5G booster finished at 2024-11-07 10:43:27.770 EST, duration: 6.093 s
[2024-11-07T10:43:27-0500] -------------------------------
[2024-11-07T10:43:27-0500] Waiting for 2 s...
[2024-11-07T10:43:29-0500] -------------------------------
[2024-11-07T10:43:29-0500] ICMP Ping test started at 2024-11-07 10:43:29.866 EST
[2024-11-07T10:44:00-0500] Waiting for .888 s to reach end time
[2024-11-07T10:44:00-0500] Saved ping test to /data/data/com.termux/files/home/storage/shared/bos_la_2024_trip/starlink/20241107/103907021/icmp_ping_104329899.out
[2024-11-07T10:44:00-0500] Ping summary (min/avg/max/mdev) = 42.943/221.199/7061.694/994.931 ms
[2024-11-07T10:44:01-0500] Ping test finished at 2024-11-07 10:44:00.955 EST, duration: 31.089 s
[2024-11-07T10:44:01-0500] -------------------------------
[2024-11-07T10:44:01-0500] Waiting for 2 s...
[2024-11-07T10:44:03-0500] -------------------------------
[2024-11-07T10:44:03-0500] Starting 5G booster for 5 s...
[2024-11-07T10:44:03-0500] 5G booster started at 2024-11-07 10:44:03.078 EST
[2024-11-07T10:44:09-0500] Current time exceeds end time, skipping wait
[2024-11-07T10:44:09-0500] Saved TCP DL results to /data/data/com.termux/files/home/storage/shared/bos_la_2024_trip/starlink/20241107/103907021/tcp_downlink_104403104.out
[2024-11-07T10:44:09-0500] DL AVG TPUT: 
[2024-11-07T10:44:09-0500] 5G booster finished at 2024-11-07 10:44:09.211 EST, duration: 6.133 s
[2024-11-07T10:44:09-0500] -------------------------------
[2024-11-07T10:44:09-0500] Waiting for 2 s...
[2024-11-07T10:44:11-0500] -------------------------------
[2024-11-07T10:44:11-0500] TCP Ping test started at 2024-11-07 10:44:11.310 EST
[2024-11-07T10:44:42-0500] Current time exceeds end time, skipping wait
[2024-11-07T10:44:42-0500] Saved TCP Ping test to /data/data/com.termux/files/home/storage/shared/bos_la_2024_trip/starlink/20241107/103907021/tcp_ping_104411339.out
[2024-11-07T10:44:42-0500] TCP Ping summary (min/avg/max/mdev) 
[2024-11-07T10:44:42-0500] TCP Ping test finished at 2024-11-07 10:44:42.469 EST, duration: 31.159 s
[2024-11-07T10:44:42-0500] -------------------------------
[2024-11-07T10:44:42-0500] Waiting for 2 s...
[2024-11-07T10:44:44-0500] -------------------------------
[2024-11-07T10:44:44-0500] Traceroute test started at 2024-11-07 10:44:44.552 EST
[2024-11-07T10:44:46-0500] Waiting for 27.793 s to reach end time
[2024-11-07T10:45:14-0500] Saved traceroute test to /data/data/com.termux/files/home/storage/shared/bos_la_2024_trip/starlink/20241107/103907021/traceroute_104444582.out
[2024-11-07T10:45:14-0500] Traceroute summary (min/avg/max/mdev) 
[2024-11-07T10:45:14-0500] Traceroute test finished at 2024-11-07 10:45:14.645 EST, duration: 30.093 s
[2024-11-07T10:45:14-0500] -------------------------------
[2024-11-07T10:45:14-0500] All tests completed, cleaning up...
[2024-11-07T10:45:14-0500] -------------------------------
[2024-11-07T10:45:24-0500] [measurement] Load environment variables from prod.env file
[2024-11-07T10:45:24-0500] Starting a network measurement, please choose a server
[2024-11-07T10:45:24-0500] 0) West Cloud: 54.176.53.206
[2024-11-07T10:45:24-0500] 1) East Cloud: 54.197.223.49
[2024-11-07T10:45:45-0500] Enter your choice (0-1): Testing starlink, server 1 (ip: 54.197.223.49, nuttcp_port: 5103, iperf_port: 5003)
[2024-11-07T10:45:46-0500] -------------------------------
[2024-11-07T10:45:46-0500] tcp downlink test started at 2024-11-07 10:45:46.047 EST
[2024-11-07T10:45:46-0500] Testing tcp downlink with 54.197.223.49:5103, interval 0.5 s, duration 120 s, timeout 121 s...
[2024-11-07T10:47:47-0500] Current time exceeds end time, skipping wait
[2024-11-07T10:47:47-0500] Saved tcp downlink test to /data/data/com.termux/files/home/storage/shared/bos_la_2024_trip/starlink/20241107/104546025/tcp_downlink_104546073.out
[2024-11-07T10:47:47-0500] DL AVG TPUT: 
[2024-11-07T10:47:47-0500] tcp downlink test finished at 2024-11-07 10:47:47.172 EST, duration: 121.125 s
[2024-11-07T10:47:47-0500] -------------------------------
[2024-11-07T10:47:47-0500] Waiting for 2 s...
[2024-11-07T10:47:49-0500] -------------------------------
[2024-11-07T10:47:49-0500] Starting 5G booster for 5 s...
[2024-11-07T10:47:49-0500] 5G booster started at 2024-11-07 10:47:49.297 EST
[2024-11-07T10:47:55-0500] Current time exceeds end time, skipping wait
[2024-11-07T10:47:55-0500] Saved TCP DL results to /data/data/com.termux/files/home/storage/shared/bos_la_2024_trip/starlink/20241107/104546025/tcp_downlink_104749331.out
[2024-11-07T10:47:55-0500] DL AVG TPUT: 
[2024-11-07T10:47:55-0500] 5G booster finished at 2024-11-07 10:47:55.398 EST, duration: 6.101 s
[2024-11-07T10:47:55-0500] -------------------------------
[2024-11-07T10:47:55-0500] Waiting for 2 s...
[2024-11-07T10:47:57-0500] -------------------------------
[2024-11-07T10:47:57-0500] tcp uplink test started at 2024-11-07 10:47:57.510 EST
[2024-11-07T10:47:57-0500] testing tcp uplink with 54.197.223.49:5103, interval 0.5, duration 120, timeout 121 ...
[2024-11-07T10:49:58-0500] Current time exceeds end time, skipping wait
[2024-11-07T10:49:58-0500] Saved uplink test to /data/data/com.termux/files/home/storage/shared/bos_la_2024_trip/starlink/20241107/104546025/tcp_uplink_104757533.out
[2024-11-07T10:49:58-0500] UL AVG TPUT: 
[2024-11-07T10:49:58-0500] tcp uplink test finished at 2024-11-07 10:49:58.597 EST, duration: 121.087 s
[2024-11-07T10:49:58-0500] -------------------------------
[2024-11-07T10:49:58-0500] Waiting for 2 s...
[2024-11-07T10:50:00-0500] -------------------------------
[2024-11-07T10:50:00-0500] Starting 5G booster for 5 s...
[2024-11-07T10:50:00-0500] 5G booster started at 2024-11-07 10:50:00.742 EST
[2024-11-07T10:50:06-0500] Current time exceeds end time, skipping wait
[2024-11-07T10:50:06-0500] Saved TCP DL results to /data/data/com.termux/files/home/storage/shared/bos_la_2024_trip/starlink/20241107/104546025/tcp_downlink_105000777.out
[2024-11-07T10:50:06-0500] DL AVG TPUT: 
[2024-11-07T10:50:06-0500] 5G booster finished at 2024-11-07 10:50:06.861 EST, duration: 6.119 s
[2024-11-07T10:50:06-0500] -------------------------------
[2024-11-07T10:50:06-0500] Waiting for 2 s...
[2024-11-07T10:50:08-0500] -------------------------------
[2024-11-07T10:50:08-0500] ICMP Ping test started at 2024-11-07 10:50:08.977 EST
[2024-11-07T10:50:39-0500] Waiting for .878 s to reach end time
[2024-11-07T10:50:40-0500] Saved ping test to /data/data/com.termux/files/home/storage/shared/bos_la_2024_trip/starlink/20241107/104546025/icmp_ping_105009012.out
[2024-11-07T10:50:40-0500] Ping summary (min/avg/max/mdev) = 42.432/59.474/174.137/18.496 ms
[2024-11-07T10:50:40-0500] Ping test finished at 2024-11-07 10:50:40.065 EST, duration: 31.088 s
[2024-11-07T10:50:40-0500] -------------------------------
[2024-11-07T10:50:40-0500] Waiting for 2 s...
[2024-11-07T10:50:42-0500] -------------------------------
[2024-11-07T10:50:42-0500] Starting 5G booster for 5 s...
[2024-11-07T10:50:42-0500] 5G booster started at 2024-11-07 10:50:42.151 EST
[2024-11-07T10:50:48-0500] Current time exceeds end time, skipping wait
[2024-11-07T10:50:48-0500] Saved TCP DL results to /data/data/com.termux/files/home/storage/shared/bos_la_2024_trip/starlink/20241107/104546025/tcp_downlink_105042186.out
[2024-11-07T10:50:48-0500] DL AVG TPUT: 
[2024-11-07T10:50:48-0500] 5G booster finished at 2024-11-07 10:50:48.238 EST, duration: 6.087 s
[2024-11-07T10:50:48-0500] -------------------------------
[2024-11-07T10:50:48-0500] Waiting for 2 s...
[2024-11-07T10:50:50-0500] -------------------------------
[2024-11-07T10:50:50-0500] TCP Ping test started at 2024-11-07 10:50:50.334 EST
[2024-11-07T10:51:21-0500] Current time exceeds end time, skipping wait
[2024-11-07T10:51:21-0500] Saved TCP Ping test to /data/data/com.termux/files/home/storage/shared/bos_la_2024_trip/starlink/20241107/104546025/tcp_ping_105050360.out
[2024-11-07T10:51:21-0500] TCP Ping summary (min/avg/max/mdev) 
[2024-11-07T10:51:21-0500] TCP Ping test finished at 2024-11-07 10:51:21.468 EST, duration: 31.134 s
[2024-11-07T10:51:21-0500] -------------------------------
[2024-11-07T10:51:21-0500] Waiting for 2 s...
[2024-11-07T10:51:23-0500] -------------------------------
[2024-11-07T10:51:23-0500] Traceroute test started at 2024-11-07 10:51:23.550 EST
[2024-11-07T10:51:25-0500] Waiting for 28.420 s to reach end time
[2024-11-07T10:51:53-0500] Saved traceroute test to /data/data/com.termux/files/home/storage/shared/bos_la_2024_trip/starlink/20241107/104546025/traceroute_105123581.out
[2024-11-07T10:51:53-0500] Traceroute summary (min/avg/max/mdev) 
[2024-11-07T10:51:53-0500] Traceroute test finished at 2024-11-07 10:51:53.618 EST, duration: 30.068 s
[2024-11-07T10:51:53-0500] -------------------------------
[2024-11-07T10:51:53-0500] All tests completed, cleaning up...
[2024-11-07T10:51:53-0500] -------------------------------
[2024-11-07T10:52:03-0500] [measurement] Load environment variables from prod.env file
[2024-11-07T10:52:03-0500] Starting a network measurement, please choose a server
[2024-11-07T10:52:03-0500] 0) West Cloud: 54.176.53.206
[2024-11-07T10:52:03-0500] 1) East Cloud: 54.197.223.49
[2024-11-07T10:52:26-0500] Enter your choice (0-1): Testing starlink, server 1 (ip: 54.197.223.49, nuttcp_port: 5103, iperf_port: 5003)
[2024-11-07T10:52:26-0500] -------------------------------
[2024-11-07T10:52:26-0500] tcp downlink test started at 2024-11-07 10:52:26.834 EST
[2024-11-07T10:52:26-0500] Testing tcp downlink with 54.197.223.49:5103, interval 0.5 s, duration 120 s, timeout 121 s...
[2024-11-07T10:54:27-0500] Current time exceeds end time, skipping wait
[2024-11-07T10:54:27-0500] Saved tcp downlink test to /data/data/com.termux/files/home/storage/shared/bos_la_2024_trip/starlink/20241107/105226816/tcp_downlink_105226867.out
[2024-11-07T10:54:27-0500] DL AVG TPUT: 
[2024-11-07T10:54:28-0500] tcp downlink test finished at 2024-11-07 10:54:27.923 EST, duration: 121.089 s
[2024-11-07T10:54:28-0500] -------------------------------
[2024-11-07T10:54:28-0500] Waiting for 2 s...
[2024-11-07T10:54:30-0500] -------------------------------
[2024-11-07T10:54:30-0500] Starting 5G booster for 5 s...
[2024-11-07T10:54:30-0500] 5G booster started at 2024-11-07 10:54:30.046 EST
[2024-11-07T10:54:36-0500] Current time exceeds end time, skipping wait
[2024-11-07T10:54:36-0500] Saved TCP DL results to /data/data/com.termux/files/home/storage/shared/bos_la_2024_trip/starlink/20241107/105226816/tcp_downlink_105430069.out
[2024-11-07T10:54:36-0500] DL AVG TPUT: 
[2024-11-07T10:54:36-0500] 5G booster finished at 2024-11-07 10:54:36.159 EST, duration: 6.113 s
[2024-11-07T10:54:36-0500] -------------------------------
[2024-11-07T10:54:36-0500] Waiting for 2 s...
[2024-11-07T10:54:38-0500] -------------------------------
[2024-11-07T10:54:38-0500] tcp uplink test started at 2024-11-07 10:54:38.280 EST
[2024-11-07T10:54:38-0500] testing tcp uplink with 54.197.223.49:5103, interval 0.5, duration 120, timeout 121 ...
[2024-11-07T10:56:39-0500] Current time exceeds end time, skipping wait
[2024-11-07T10:56:39-0500] Saved uplink test to /data/data/com.termux/files/home/storage/shared/bos_la_2024_trip/starlink/20241107/105226816/tcp_uplink_105438309.out
[2024-11-07T10:56:39-0500] UL AVG TPUT: 
[2024-11-07T10:56:39-0500] tcp uplink test finished at 2024-11-07 10:56:39.390 EST, duration: 121.110 s
[2024-11-07T10:56:39-0500] -------------------------------
[2024-11-07T10:56:39-0500] Waiting for 2 s...
[2024-11-07T10:56:41-0500] -------------------------------
[2024-11-07T10:56:41-0500] Starting 5G booster for 5 s...
[2024-11-07T10:56:41-0500] 5G booster started at 2024-11-07 10:56:41.471 EST
[2024-11-07T10:56:47-0500] Current time exceeds end time, skipping wait
[2024-11-07T10:56:47-0500] Saved TCP DL results to /data/data/com.termux/files/home/storage/shared/bos_la_2024_trip/starlink/20241107/105226816/tcp_downlink_105641494.out
[2024-11-07T10:56:47-0500] DL AVG TPUT: 
[2024-11-07T10:56:47-0500] 5G booster finished at 2024-11-07 10:56:47.584 EST, duration: 6.113 s
[2024-11-07T10:56:47-0500] -------------------------------
[2024-11-07T10:56:47-0500] Waiting for 2 s...
[2024-11-07T10:56:49-0500] -------------------------------
[2024-11-07T10:56:49-0500] ICMP Ping test started at 2024-11-07 10:56:49.661 EST
[2024-11-07T10:57:19-0500] Waiting for .896 s to reach end time
[2024-11-07T10:57:20-0500] Saved ping test to /data/data/com.termux/files/home/storage/shared/bos_la_2024_trip/starlink/20241107/105226816/icmp_ping_105649689.out
[2024-11-07T10:57:20-0500] Ping summary (min/avg/max/mdev) = 44.106/63.051/128.123/18.202 ms
[2024-11-07T10:57:20-0500] Ping test finished at 2024-11-07 10:57:20.723 EST, duration: 31.062 s
[2024-11-07T10:57:20-0500] -------------------------------
[2024-11-07T10:57:20-0500] Waiting for 2 s...
[2024-11-07T10:57:22-0500] -------------------------------
[2024-11-07T10:57:22-0500] Starting 5G booster for 5 s...
[2024-11-07T10:57:22-0500] 5G booster started at 2024-11-07 10:57:22.866 EST
[2024-11-07T10:57:28-0500] Current time exceeds end time, skipping wait
[2024-11-07T10:57:28-0500] Saved TCP DL results to /data/data/com.termux/files/home/storage/shared/bos_la_2024_trip/starlink/20241107/105226816/tcp_downlink_105722896.out
[2024-11-07T10:57:28-0500] DL AVG TPUT: 
[2024-11-07T10:57:29-0500] 5G booster finished at 2024-11-07 10:57:28.969 EST, duration: 6.103 s
[2024-11-07T10:57:29-0500] -------------------------------
[2024-11-07T10:57:29-0500] Waiting for 2 s...
[2024-11-07T10:57:31-0500] -------------------------------
[2024-11-07T10:57:31-0500] TCP Ping test started at 2024-11-07 10:57:31.071 EST
[2024-11-07T10:58:02-0500] Current time exceeds end time, skipping wait
[2024-11-07T10:58:02-0500] Saved TCP Ping test to /data/data/com.termux/files/home/storage/shared/bos_la_2024_trip/starlink/20241107/105226816/tcp_ping_105731125.out
[2024-11-07T10:58:02-0500] TCP Ping summary (min/avg/max/mdev) 
[2024-11-07T10:58:02-0500] TCP Ping test finished at 2024-11-07 10:58:02.225 EST, duration: 31.154 s
[2024-11-07T10:58:02-0500] -------------------------------
[2024-11-07T10:58:02-0500] Waiting for 2 s...
[2024-11-07T10:58:04-0500] -------------------------------
[2024-11-07T10:58:04-0500] Traceroute test started at 2024-11-07 10:58:04.335 EST
[2024-11-07T10:58:06-0500] Waiting for 27.986 s to reach end time
[2024-11-07T10:58:34-0500] Saved traceroute test to /data/data/com.termux/files/home/storage/shared/bos_la_2024_trip/starlink/20241107/105226816/traceroute_105804387.out
[2024-11-07T10:58:34-0500] Traceroute summary (min/avg/max/mdev) 
[2024-11-07T10:58:34-0500] Traceroute test finished at 2024-11-07 10:58:34.416 EST, duration: 30.081 s
[2024-11-07T10:58:34-0500] -------------------------------
[2024-11-07T10:58:34-0500] All tests completed, cleaning up...
[2024-11-07T10:58:34-0500] -------------------------------
[2024-11-07T10:59:15-0500] [measurement] Load environment variables from prod.env file
[2024-11-07T10:59:15-0500] Starting a network measurement, please choose a server
[2024-11-07T10:59:15-0500] 0) West Cloud: 54.176.53.206
[2024-11-07T10:59:15-0500] 1) East Cloud: 54.197.223.49
[2024-11-07T10:59:42-0500] Enter your choice (0-1): Testing starlink, server 1 (ip: 54.197.223.49, nuttcp_port: 5103, iperf_port: 5003)
[2024-11-07T10:59:42-0500] -------------------------------
[2024-11-07T10:59:42-0500] tcp downlink test started at 2024-11-07 10:59:42.576 EST
[2024-11-07T10:59:42-0500] Testing tcp downlink with 54.197.223.49:5103, interval 0.5 s, duration 120 s, timeout 121 s...
[2024-11-07T11:01:43-0500] Current time exceeds end time, skipping wait
[2024-11-07T11:01:43-0500] Saved tcp downlink test to /data/data/com.termux/files/home/storage/shared/bos_la_2024_trip/starlink/20241107/105942553/tcp_downlink_105942603.out
[2024-11-07T11:01:43-0500] DL AVG TPUT: 
[2024-11-07T11:01:43-0500] tcp downlink test finished at 2024-11-07 11:01:43.684 EST, duration: 121.108 s
[2024-11-07T11:01:43-0500] -------------------------------
[2024-11-07T11:01:43-0500] Waiting for 2 s...
[2024-11-07T11:01:45-0500] -------------------------------
[2024-11-07T11:01:45-0500] Starting 5G booster for 5 s...
[2024-11-07T11:01:45-0500] 5G booster started at 2024-11-07 11:01:45.772 EST
[2024-11-07T11:01:51-0500] Current time exceeds end time, skipping wait
[2024-11-07T11:01:51-0500] Saved TCP DL results to /data/data/com.termux/files/home/storage/shared/bos_la_2024_trip/starlink/20241107/105942553/tcp_downlink_110145796.out
[2024-11-07T11:01:51-0500] DL AVG TPUT: 
[2024-11-07T11:01:51-0500] 5G booster finished at 2024-11-07 11:01:51.873 EST, duration: 6.101 s
[2024-11-07T11:01:51-0500] -------------------------------
[2024-11-07T11:01:51-0500] Waiting for 2 s...
[2024-11-07T11:01:53-0500] -------------------------------
[2024-11-07T11:01:53-0500] tcp uplink test started at 2024-11-07 11:01:53.976 EST
[2024-11-07T11:01:54-0500] testing tcp uplink with 54.197.223.49:5103, interval 0.5, duration 120, timeout 121 ...
[2024-11-07T11:03:55-0500] Current time exceeds end time, skipping wait
[2024-11-07T11:03:55-0500] Saved uplink test to /data/data/com.termux/files/home/storage/shared/bos_la_2024_trip/starlink/20241107/105942553/tcp_uplink_110154008.out
[2024-11-07T11:03:55-0500] UL AVG TPUT: 
[2024-11-07T11:03:55-0500] tcp uplink test finished at 2024-11-07 11:03:55.091 EST, duration: 121.115 s
[2024-11-07T11:03:55-0500] -------------------------------
[2024-11-07T11:03:55-0500] Waiting for 2 s...
[2024-11-07T11:03:57-0500] -------------------------------
[2024-11-07T11:03:57-0500] Starting 5G booster for 5 s...
[2024-11-07T11:03:57-0500] 5G booster started at 2024-11-07 11:03:57.200 EST
[2024-11-07T11:04:03-0500] Current time exceeds end time, skipping wait
[2024-11-07T11:04:03-0500] Saved TCP DL results to /data/data/com.termux/files/home/storage/shared/bos_la_2024_trip/starlink/20241107/105942553/tcp_downlink_110357235.out
[2024-11-07T11:04:03-0500] DL AVG TPUT: 
[2024-11-07T11:04:03-0500] 5G booster finished at 2024-11-07 11:04:03.333 EST, duration: 6.133 s
[2024-11-07T11:04:03-0500] -------------------------------
[2024-11-07T11:04:03-0500] Waiting for 2 s...
[2024-11-07T11:04:05-0500] -------------------------------
[2024-11-07T11:04:05-0500] ICMP Ping test started at 2024-11-07 11:04:05.422 EST
[2024-11-07T11:04:35-0500] Waiting for .881 s to reach end time
[2024-11-07T11:04:36-0500] Saved ping test to /data/data/com.termux/files/home/storage/shared/bos_la_2024_trip/starlink/20241107/105942553/icmp_ping_110405472.out
[2024-11-07T11:04:36-0500] Ping summary (min/avg/max/mdev) = 42.319/63.776/419.093/38.243 ms
[2024-11-07T11:04:36-0500] Ping test finished at 2024-11-07 11:04:36.502 EST, duration: 31.080 s
[2024-11-07T11:04:36-0500] -------------------------------
[2024-11-07T11:04:36-0500] Waiting for 2 s...
[2024-11-07T11:04:38-0500] -------------------------------
[2024-11-07T11:04:38-0500] Starting 5G booster for 5 s...
[2024-11-07T11:04:38-0500] 5G booster started at 2024-11-07 11:04:38.616 EST
[2024-11-07T11:04:44-0500] Current time exceeds end time, skipping wait
[2024-11-07T11:04:44-0500] Saved TCP DL results to /data/data/com.termux/files/home/storage/shared/bos_la_2024_trip/starlink/20241107/105942553/tcp_downlink_110438650.out
[2024-11-07T11:04:44-0500] DL AVG TPUT: 
[2024-11-07T11:04:44-0500] 5G booster finished at 2024-11-07 11:04:44.726 EST, duration: 6.110 s
[2024-11-07T11:04:44-0500] -------------------------------
[2024-11-07T11:04:44-0500] Waiting for 2 s...
[2024-11-07T11:04:46-0500] -------------------------------
[2024-11-07T11:04:46-0500] TCP Ping test started at 2024-11-07 11:04:46.841 EST
[2024-11-07T11:05:17-0500] Current time exceeds end time, skipping wait
[2024-11-07T11:05:17-0500] Saved TCP Ping test to /data/data/com.termux/files/home/storage/shared/bos_la_2024_trip/starlink/20241107/105942553/tcp_ping_110446867.out
[2024-11-07T11:05:17-0500] TCP Ping summary (min/avg/max/mdev) 
[2024-11-07T11:05:18-0500] TCP Ping test finished at 2024-11-07 11:05:17.967 EST, duration: 31.126 s
[2024-11-07T11:05:18-0500] -------------------------------
[2024-11-07T11:05:18-0500] Waiting for 2 s...
[2024-11-07T11:05:20-0500] -------------------------------
[2024-11-07T11:05:20-0500] Traceroute test started at 2024-11-07 11:05:20.073 EST
[2024-11-07T11:05:21-0500] Waiting for 28.362 s to reach end time
[2024-11-07T11:05:50-0500] Saved traceroute test to /data/data/com.termux/files/home/storage/shared/bos_la_2024_trip/starlink/20241107/105942553/traceroute_110520107.out
[2024-11-07T11:05:50-0500] Traceroute summary (min/avg/max/mdev) 
[2024-11-07T11:05:50-0500] Traceroute test finished at 2024-11-07 11:05:50.149 EST, duration: 30.076 s
[2024-11-07T11:05:50-0500] -------------------------------
[2024-11-07T11:05:50-0500] All tests completed, cleaning up...
[2024-11-07T11:05:50-0500] -------------------------------
[2024-11-07T11:05:58-0500] [measurement] Load environment variables from prod.env file
[2024-11-07T11:05:58-0500] Starting a network measurement, please choose a server
[2024-11-07T11:05:58-0500] 0) West Cloud: 54.176.53.206
[2024-11-07T11:05:58-0500] 1) East Cloud: 54.197.223.49
[2024-11-07T11:06:24-0500] Enter your choice (0-1): Testing starlink, server 1 (ip: 54.197.223.49, nuttcp_port: 5103, iperf_port: 5003)
[2024-11-07T11:06:24-0500] -------------------------------
[2024-11-07T11:06:24-0500] tcp downlink test started at 2024-11-07 11:06:24.887 EST
[2024-11-07T11:06:24-0500] Testing tcp downlink with 54.197.223.49:5103, interval 0.5 s, duration 120 s, timeout 121 s...
[2024-11-07T11:08:25-0500] Current time exceeds end time, skipping wait
[2024-11-07T11:08:25-0500] Saved tcp downlink test to /data/data/com.termux/files/home/storage/shared/bos_la_2024_trip/starlink/20241107/110624869/tcp_downlink_110624912.out
[2024-11-07T11:08:26-0500] DL AVG TPUT: 
[2024-11-07T11:08:26-0500] tcp downlink test finished at 2024-11-07 11:08:25.994 EST, duration: 121.107 s
[2024-11-07T11:08:26-0500] -------------------------------
[2024-11-07T11:08:26-0500] Waiting for 2 s...
[2024-11-07T11:08:28-0500] -------------------------------
[2024-11-07T11:08:28-0500] Starting 5G booster for 5 s...
[2024-11-07T11:08:28-0500] 5G booster started at 2024-11-07 11:08:28.084 EST
[2024-11-07T11:08:34-0500] Current time exceeds end time, skipping wait
[2024-11-07T11:08:34-0500] Saved TCP DL results to /data/data/com.termux/files/home/storage/shared/bos_la_2024_trip/starlink/20241107/110624869/tcp_downlink_110828110.out
[2024-11-07T11:08:34-0500] DL AVG TPUT: 
[2024-11-07T11:08:34-0500] 5G booster finished at 2024-11-07 11:08:34.194 EST, duration: 6.110 s
[2024-11-07T11:08:34-0500] -------------------------------
[2024-11-07T11:08:34-0500] Waiting for 2 s...
[2024-11-07T11:08:36-0500] -------------------------------
[2024-11-07T11:08:36-0500] tcp uplink test started at 2024-11-07 11:08:36.292 EST
[2024-11-07T11:08:36-0500] testing tcp uplink with 54.197.223.49:5103, interval 0.5, duration 120, timeout 121 ...
[2024-11-07T11:10:37-0500] Current time exceeds end time, skipping wait
[2024-11-07T11:10:37-0500] Saved uplink test to /data/data/com.termux/files/home/storage/shared/bos_la_2024_trip/starlink/20241107/110624869/tcp_uplink_110836322.out
[2024-11-07T11:10:37-0500] UL AVG TPUT: 
[2024-11-07T11:10:37-0500] tcp uplink test finished at 2024-11-07 11:10:37.382 EST, duration: 121.090 s
[2024-11-07T11:10:37-0500] -------------------------------
[2024-11-07T11:10:37-0500] Waiting for 2 s...
[2024-11-07T11:10:39-0500] -------------------------------
[2024-11-07T11:10:39-0500] Starting 5G booster for 5 s...
[2024-11-07T11:10:39-0500] 5G booster started at 2024-11-07 11:10:39.500 EST
[2024-11-07T11:10:45-0500] Current time exceeds end time, skipping wait
[2024-11-07T11:10:45-0500] Saved TCP DL results to /data/data/com.termux/files/home/storage/shared/bos_la_2024_trip/starlink/20241107/110624869/tcp_downlink_111039523.out
[2024-11-07T11:10:45-0500] DL AVG TPUT: 
[2024-11-07T11:10:45-0500] 5G booster finished at 2024-11-07 11:10:45.606 EST, duration: 6.106 s
[2024-11-07T11:10:45-0500] -------------------------------
[2024-11-07T11:10:45-0500] Waiting for 2 s...
[2024-11-07T11:10:47-0500] -------------------------------
[2024-11-07T11:10:47-0500] ICMP Ping test started at 2024-11-07 11:10:47.702 EST
[2024-11-07T11:11:17-0500] Waiting for .902 s to reach end time
[2024-11-07T11:11:18-0500] Saved ping test to /data/data/com.termux/files/home/storage/shared/bos_la_2024_trip/starlink/20241107/110624869/icmp_ping_111047733.out
[2024-11-07T11:11:18-0500] Ping summary (min/avg/max/mdev) = 38.580/56.182/122.505/17.718 ms
[2024-11-07T11:11:18-0500] Ping test finished at 2024-11-07 11:11:18.792 EST, duration: 31.090 s
[2024-11-07T11:11:18-0500] -------------------------------
[2024-11-07T11:11:18-0500] Waiting for 2 s...
[2024-11-07T11:11:20-0500] -------------------------------
[2024-11-07T11:11:20-0500] Starting 5G booster for 5 s...
[2024-11-07T11:11:20-0500] 5G booster started at 2024-11-07 11:11:20.882 EST
[2024-11-07T11:11:26-0500] Current time exceeds end time, skipping wait
[2024-11-07T11:11:26-0500] Saved TCP DL results to /data/data/com.termux/files/home/storage/shared/bos_la_2024_trip/starlink/20241107/110624869/tcp_downlink_111120905.out
[2024-11-07T11:11:27-0500] DL AVG TPUT: 
[2024-11-07T11:11:27-0500] 5G booster finished at 2024-11-07 11:11:26.967 EST, duration: 6.085 s
[2024-11-07T11:11:27-0500] -------------------------------
[2024-11-07T11:11:27-0500] Waiting for 2 s...
[2024-11-07T11:11:29-0500] -------------------------------
[2024-11-07T11:11:29-0500] TCP Ping test started at 2024-11-07 11:11:29.089 EST
[2024-11-07T11:12:00-0500] Current time exceeds end time, skipping wait
[2024-11-07T11:12:00-0500] Saved TCP Ping test to /data/data/com.termux/files/home/storage/shared/bos_la_2024_trip/starlink/20241107/110624869/tcp_ping_111129140.out
[2024-11-07T11:12:00-0500] TCP Ping summary (min/avg/max/mdev) 
[2024-11-07T11:12:00-0500] TCP Ping test finished at 2024-11-07 11:12:00.242 EST, duration: 31.153 s
[2024-11-07T11:12:00-0500] -------------------------------
[2024-11-07T11:12:00-0500] Waiting for 2 s...
[2024-11-07T11:12:02-0500] -------------------------------
[2024-11-07T11:12:02-0500] Traceroute test started at 2024-11-07 11:12:02.333 EST
[2024-11-07T11:12:08-0500] Waiting for 23.437 s to reach end time
[2024-11-07T11:12:32-0500] Saved traceroute test to /data/data/com.termux/files/home/storage/shared/bos_la_2024_trip/starlink/20241107/110624869/traceroute_111202375.out
[2024-11-07T11:12:32-0500] Traceroute summary (min/avg/max/mdev) 
[2024-11-07T11:12:32-0500] Traceroute test finished at 2024-11-07 11:12:32.432 EST, duration: 30.099 s
[2024-11-07T11:12:32-0500] -------------------------------
[2024-11-07T11:12:32-0500] All tests completed, cleaning up...
[2024-11-07T11:12:32-0500] -------------------------------
[2024-11-07T11:12:50-0500] [measurement] Load environment variables from prod.env file
[2024-11-07T11:12:50-0500] Starting a network measurement, please choose a server
[2024-11-07T11:12:50-0500] 0) West Cloud: 54.176.53.206
[2024-11-07T11:12:50-0500] 1) East Cloud: 54.197.223.49
[2024-11-07T11:13:15-0500] Enter your choice (0-1): Testing starlink, server 1 (ip: 54.197.223.49, nuttcp_port: 5103, iperf_port: 5003)
[2024-11-07T11:13:15-0500] -------------------------------
[2024-11-07T11:13:15-0500] tcp downlink test started at 2024-11-07 11:13:15.168 EST
[2024-11-07T11:13:15-0500] Testing tcp downlink with 54.197.223.49:5103, interval 0.5 s, duration 120 s, timeout 121 s...
[2024-11-07T11:15:16-0500] Current time exceeds end time, skipping wait
[2024-11-07T11:15:16-0500] Saved tcp downlink test to /data/data/com.termux/files/home/storage/shared/bos_la_2024_trip/starlink/20241107/111315146/tcp_downlink_111315191.out
[2024-11-07T11:15:16-0500] DL AVG TPUT: 
[2024-11-07T11:15:16-0500] tcp downlink test finished at 2024-11-07 11:15:16.294 EST, duration: 121.126 s
[2024-11-07T11:15:16-0500] -------------------------------
[2024-11-07T11:15:16-0500] Waiting for 2 s...
[2024-11-07T11:15:18-0500] -------------------------------
[2024-11-07T11:15:18-0500] Starting 5G booster for 5 s...
[2024-11-07T11:15:18-0500] 5G booster started at 2024-11-07 11:15:18.389 EST
[2024-11-07T11:15:24-0500] Current time exceeds end time, skipping wait
[2024-11-07T11:15:24-0500] Saved TCP DL results to /data/data/com.termux/files/home/storage/shared/bos_la_2024_trip/starlink/20241107/111315146/tcp_downlink_111518413.out
[2024-11-07T11:15:24-0500] DL AVG TPUT: 
[2024-11-07T11:15:24-0500] 5G booster finished at 2024-11-07 11:15:24.485 EST, duration: 6.096 s
[2024-11-07T11:15:24-0500] -------------------------------
[2024-11-07T11:15:24-0500] Waiting for 2 s...
[2024-11-07T11:15:26-0500] -------------------------------
[2024-11-07T11:15:26-0500] tcp uplink test started at 2024-11-07 11:15:26.586 EST
[2024-11-07T11:15:26-0500] testing tcp uplink with 54.197.223.49:5103, interval 0.5, duration 120, timeout 121 ...
[2024-11-07T11:17:27-0500] Current time exceeds end time, skipping wait
[2024-11-07T11:17:27-0500] Saved uplink test to /data/data/com.termux/files/home/storage/shared/bos_la_2024_trip/starlink/20241107/111315146/tcp_uplink_111526636.out
[2024-11-07T11:17:27-0500] UL AVG TPUT: 
[2024-11-07T11:17:27-0500] tcp uplink test finished at 2024-11-07 11:17:27.717 EST, duration: 121.131 s
[2024-11-07T11:17:27-0500] -------------------------------
[2024-11-07T11:17:27-0500] Waiting for 2 s...
[2024-11-07T11:17:29-0500] -------------------------------
[2024-11-07T11:17:29-0500] Starting 5G booster for 5 s...
[2024-11-07T11:17:29-0500] 5G booster started at 2024-11-07 11:17:29.799 EST
[2024-11-07T11:17:35-0500] Current time exceeds end time, skipping wait
[2024-11-07T11:17:35-0500] Saved TCP DL results to /data/data/com.termux/files/home/storage/shared/bos_la_2024_trip/starlink/20241107/111315146/tcp_downlink_111729823.out
[2024-11-07T11:17:35-0500] DL AVG TPUT: 
[2024-11-07T11:17:35-0500] 5G booster finished at 2024-11-07 11:17:35.883 EST, duration: 6.084 s
[2024-11-07T11:17:35-0500] -------------------------------
[2024-11-07T11:17:35-0500] Waiting for 2 s...
[2024-11-07T11:17:37-0500] -------------------------------
[2024-11-07T11:17:38-0500] ICMP Ping test started at 2024-11-07 11:17:37.993 EST
[2024-11-07T11:18:08-0500] Waiting for .885 s to reach end time
[2024-11-07T11:18:09-0500] Saved ping test to /data/data/com.termux/files/home/storage/shared/bos_la_2024_trip/starlink/20241107/111315146/icmp_ping_111738032.out
[2024-11-07T11:18:09-0500] Ping summary (min/avg/max/mdev) = 42.435/58.941/124.990/17.252 ms
[2024-11-07T11:18:09-0500] Ping test finished at 2024-11-07 11:18:09.067 EST, duration: 31.074 s
[2024-11-07T11:18:09-0500] -------------------------------
[2024-11-07T11:18:09-0500] Waiting for 2 s...
[2024-11-07T11:18:11-0500] -------------------------------
[2024-11-07T11:18:11-0500] Starting 5G booster for 5 s...
[2024-11-07T11:18:11-0500] 5G booster started at 2024-11-07 11:18:11.192 EST
[2024-11-07T11:18:17-0500] Current time exceeds end time, skipping wait
[2024-11-07T11:18:17-0500] Saved TCP DL results to /data/data/com.termux/files/home/storage/shared/bos_la_2024_trip/starlink/20241107/111315146/tcp_downlink_111811224.out
[2024-11-07T11:18:17-0500] DL AVG TPUT: 
[2024-11-07T11:18:17-0500] 5G booster finished at 2024-11-07 11:18:17.282 EST, duration: 6.090 s
[2024-11-07T11:18:17-0500] -------------------------------
[2024-11-07T11:18:17-0500] Waiting for 2 s...
[2024-11-07T11:18:19-0500] -------------------------------
[2024-11-07T11:18:19-0500] TCP Ping test started at 2024-11-07 11:18:19.398 EST
[2024-11-07T11:18:50-0500] Current time exceeds end time, skipping wait
[2024-11-07T11:18:50-0500] Saved TCP Ping test to /data/data/com.termux/files/home/storage/shared/bos_la_2024_trip/starlink/20241107/111315146/tcp_ping_111819450.out
[2024-11-07T11:18:50-0500] TCP Ping summary (min/avg/max/mdev) 
[2024-11-07T11:18:50-0500] TCP Ping test finished at 2024-11-07 11:18:50.541 EST, duration: 31.143 s
[2024-11-07T11:18:50-0500] -------------------------------
[2024-11-07T11:18:50-0500] Waiting for 2 s...
[2024-11-07T11:18:52-0500] -------------------------------
[2024-11-07T11:18:52-0500] Traceroute test started at 2024-11-07 11:18:52.649 EST
[2024-11-07T11:18:54-0500] Waiting for 28.669 s to reach end time
[2024-11-07T11:19:22-0500] Saved traceroute test to /data/data/com.termux/files/home/storage/shared/bos_la_2024_trip/starlink/20241107/111315146/traceroute_111852702.out
[2024-11-07T11:19:22-0500] Traceroute summary (min/avg/max/mdev) 
[2024-11-07T11:19:22-0500] Traceroute test finished at 2024-11-07 11:19:22.728 EST, duration: 30.079 s
[2024-11-07T11:19:22-0500] -------------------------------
[2024-11-07T11:19:22-0500] All tests completed, cleaning up...
[2024-11-07T11:19:22-0500] -------------------------------
[2024-11-07T11:20:06-0500] [measurement] Load environment variables from prod.env file
[2024-11-07T11:20:06-0500] Starting a network measurement, please choose a server
[2024-11-07T11:20:06-0500] 0) West Cloud: 54.176.53.206
[2024-11-07T11:20:06-0500] 1) East Cloud: 54.197.223.49
[2024-11-07T11:20:37-0500] Enter your choice (0-1): Testing starlink, server 1 (ip: 54.197.223.49, nuttcp_port: 5103, iperf_port: 5003)
[2024-11-07T11:20:38-0500] -------------------------------
[2024-11-07T11:20:38-0500] tcp downlink test started at 2024-11-07 11:20:38.014 EST
[2024-11-07T11:20:38-0500] Testing tcp downlink with 54.197.223.49:5103, interval 0.5 s, duration 120 s, timeout 121 s...
[2024-11-07T11:22:39-0500] Current time exceeds end time, skipping wait
[2024-11-07T11:22:39-0500] Saved tcp downlink test to /data/data/com.termux/files/home/storage/shared/bos_la_2024_trip/starlink/20241107/112037996/tcp_downlink_112038038.out
[2024-11-07T11:22:39-0500] DL AVG TPUT: 
[2024-11-07T11:22:39-0500] tcp downlink test finished at 2024-11-07 11:22:39.108 EST, duration: 121.094 s
[2024-11-07T11:22:39-0500] -------------------------------
[2024-11-07T11:22:39-0500] Waiting for 2 s...
[2024-11-07T11:22:41-0500] -------------------------------
[2024-11-07T11:22:41-0500] Starting 5G booster for 5 s...
[2024-11-07T11:22:41-0500] 5G booster started at 2024-11-07 11:22:41.208 EST
[2024-11-07T11:22:47-0500] Current time exceeds end time, skipping wait
[2024-11-07T11:22:47-0500] Saved TCP DL results to /data/data/com.termux/files/home/storage/shared/bos_la_2024_trip/starlink/20241107/112037996/tcp_downlink_112241236.out
[2024-11-07T11:22:47-0500] DL AVG TPUT: 
[2024-11-07T11:22:47-0500] 5G booster finished at 2024-11-07 11:22:47.350 EST, duration: 6.142 s
[2024-11-07T11:22:47-0500] -------------------------------
[2024-11-07T11:22:47-0500] Waiting for 2 s...
[2024-11-07T11:22:49-0500] -------------------------------
[2024-11-07T11:22:49-0500] tcp uplink test started at 2024-11-07 11:22:49.450 EST
[2024-11-07T11:22:49-0500] testing tcp uplink with 54.197.223.49:5103, interval 0.5, duration 120, timeout 121 ...
[2024-11-07T11:24:50-0500] Current time exceeds end time, skipping wait
[2024-11-07T11:24:50-0500] Saved uplink test to /data/data/com.termux/files/home/storage/shared/bos_la_2024_trip/starlink/20241107/112037996/tcp_uplink_112249473.out
[2024-11-07T11:24:50-0500] UL AVG TPUT: 
[2024-11-07T11:24:50-0500] tcp uplink test finished at 2024-11-07 11:24:50.530 EST, duration: 121.080 s
[2024-11-07T11:24:50-0500] -------------------------------
[2024-11-07T11:24:50-0500] Waiting for 2 s...
[2024-11-07T11:24:52-0500] -------------------------------
[2024-11-07T11:24:52-0500] Starting 5G booster for 5 s...
[2024-11-07T11:24:52-0500] 5G booster started at 2024-11-07 11:24:52.633 EST
[2024-11-07T11:24:58-0500] Current time exceeds end time, skipping wait
[2024-11-07T11:24:58-0500] Saved TCP DL results to /data/data/com.termux/files/home/storage/shared/bos_la_2024_trip/starlink/20241107/112037996/tcp_downlink_112452668.out
[2024-11-07T11:24:58-0500] DL AVG TPUT: 
[2024-11-07T11:24:58-0500] 5G booster finished at 2024-11-07 11:24:58.763 EST, duration: 6.130 s
[2024-11-07T11:24:58-0500] -------------------------------
[2024-11-07T11:24:58-0500] Waiting for 2 s...
[2024-11-07T11:25:00-0500] -------------------------------
[2024-11-07T11:25:00-0500] ICMP Ping test started at 2024-11-07 11:25:00.858 EST
[2024-11-07T11:25:31-0500] Waiting for .849 s to reach end time
[2024-11-07T11:25:31-0500] Saved ping test to /data/data/com.termux/files/home/storage/shared/bos_la_2024_trip/starlink/20241107/112037996/icmp_ping_112500923.out
[2024-11-07T11:25:32-0500] Ping summary (min/avg/max/mdev) = 45.100/70.905/196.851/21.849 ms
[2024-11-07T11:25:32-0500] Ping test finished at 2024-11-07 11:25:31.972 EST, duration: 31.114 s
[2024-11-07T11:25:32-0500] -------------------------------
[2024-11-07T11:25:32-0500] Waiting for 2 s...
[2024-11-07T11:25:34-0500] -------------------------------
[2024-11-07T11:25:34-0500] Starting 5G booster for 5 s...
[2024-11-07T11:25:34-0500] 5G booster started at 2024-11-07 11:25:34.096 EST
[2024-11-07T11:25:40-0500] Current time exceeds end time, skipping wait
[2024-11-07T11:25:40-0500] Saved TCP DL results to /data/data/com.termux/files/home/storage/shared/bos_la_2024_trip/starlink/20241107/112037996/tcp_downlink_112534146.out
[2024-11-07T11:25:40-0500] DL AVG TPUT: 
[2024-11-07T11:25:40-0500] 5G booster finished at 2024-11-07 11:25:40.212 EST, duration: 6.116 s
[2024-11-07T11:25:40-0500] -------------------------------
[2024-11-07T11:25:40-0500] Waiting for 2 s...
[2024-11-07T11:25:42-0500] -------------------------------
[2024-11-07T11:25:42-0500] TCP Ping test started at 2024-11-07 11:25:42.328 EST
[2024-11-07T11:26:13-0500] Current time exceeds end time, skipping wait
[2024-11-07T11:26:13-0500] Saved TCP Ping test to /data/data/com.termux/files/home/storage/shared/bos_la_2024_trip/starlink/20241107/112037996/tcp_ping_112542355.out
[2024-11-07T11:26:13-0500] TCP Ping summary (min/avg/max/mdev) 
[2024-11-07T11:26:13-0500] TCP Ping test finished at 2024-11-07 11:26:13.429 EST, duration: 31.101 s
[2024-11-07T11:26:13-0500] -------------------------------
[2024-11-07T11:26:13-0500] Waiting for 2 s...
[2024-11-07T11:26:15-0500] -------------------------------
[2024-11-07T11:26:15-0500] Traceroute test started at 2024-11-07 11:26:15.536 EST
[2024-11-07T11:26:17-0500] Waiting for 28.414 s to reach end time
[2024-11-07T11:26:45-0500] Saved traceroute test to /data/data/com.termux/files/home/storage/shared/bos_la_2024_trip/starlink/20241107/112037996/traceroute_112615587.out
[2024-11-07T11:26:45-0500] Traceroute summary (min/avg/max/mdev) 
[2024-11-07T11:26:45-0500] Traceroute test finished at 2024-11-07 11:26:45.605 EST, duration: 30.069 s
[2024-11-07T11:26:45-0500] -------------------------------
[2024-11-07T11:26:45-0500] All tests completed, cleaning up...
[2024-11-07T11:26:45-0500] -------------------------------
[2024-11-07T11:27:24-0500] [measurement] Load environment variables from prod.env file
[2024-11-07T11:27:24-0500] Starting a network measurement, please choose a server
[2024-11-07T11:27:24-0500] 0) West Cloud: 54.176.53.206
[2024-11-07T11:27:24-0500] 1) East Cloud: 54.197.223.49
[2024-11-07T11:27:43-0500] Enter your choice (0-1): Testing starlink, server 1 (ip: 54.197.223.49, nuttcp_port: 5103, iperf_port: 5003)
[2024-11-07T11:27:43-0500] -------------------------------
[2024-11-07T11:27:43-0500] tcp downlink test started at 2024-11-07 11:27:43.682 EST
[2024-11-07T11:27:43-0500] Testing tcp downlink with 54.197.223.49:5103, interval 0.5 s, duration 120 s, timeout 121 s...
[2024-11-07T11:29:44-0500] Current time exceeds end time, skipping wait
[2024-11-07T11:29:44-0500] Saved tcp downlink test to /data/data/com.termux/files/home/storage/shared/bos_la_2024_trip/starlink/20241107/112743659/tcp_downlink_112743712.out
[2024-11-07T11:29:44-0500] DL AVG TPUT: 
[2024-11-07T11:29:44-0500] tcp downlink test finished at 2024-11-07 11:29:44.795 EST, duration: 121.113 s
[2024-11-07T11:29:44-0500] -------------------------------
[2024-11-07T11:29:44-0500] Waiting for 2 s...
[2024-11-07T11:29:46-0500] -------------------------------
[2024-11-07T11:29:46-0500] Starting 5G booster for 5 s...
[2024-11-07T11:29:46-0500] 5G booster started at 2024-11-07 11:29:46.872 EST
[2024-11-07T11:29:52-0500] Current time exceeds end time, skipping wait
[2024-11-07T11:29:52-0500] Saved TCP DL results to /data/data/com.termux/files/home/storage/shared/bos_la_2024_trip/starlink/20241107/112743659/tcp_downlink_112946895.out
[2024-11-07T11:29:52-0500] DL AVG TPUT: 
[2024-11-07T11:29:53-0500] 5G booster finished at 2024-11-07 11:29:52.949 EST, duration: 6.077 s
[2024-11-07T11:29:53-0500] -------------------------------
[2024-11-07T11:29:53-0500] Waiting for 2 s...
[2024-11-07T11:29:55-0500] -------------------------------
[2024-11-07T11:29:55-0500] tcp uplink test started at 2024-11-07 11:29:55.056 EST
[2024-11-07T11:29:55-0500] testing tcp uplink with 54.197.223.49:5103, interval 0.5, duration 120, timeout 121 ...
[2024-11-07T11:31:56-0500] Current time exceeds end time, skipping wait
[2024-11-07T11:31:56-0500] Saved uplink test to /data/data/com.termux/files/home/storage/shared/bos_la_2024_trip/starlink/20241107/112743659/tcp_uplink_112955085.out
[2024-11-07T11:31:56-0500] UL AVG TPUT: 
[2024-11-07T11:31:56-0500] tcp uplink test finished at 2024-11-07 11:31:56.166 EST, duration: 121.110 s
[2024-11-07T11:31:56-0500] -------------------------------
[2024-11-07T11:31:56-0500] Waiting for 2 s...
[2024-11-07T11:31:58-0500] -------------------------------
[2024-11-07T11:31:58-0500] Starting 5G booster for 5 s...
[2024-11-07T11:31:58-0500] 5G booster started at 2024-11-07 11:31:58.274 EST
[2024-11-07T11:32:04-0500] Current time exceeds end time, skipping wait
[2024-11-07T11:32:04-0500] Saved TCP DL results to /data/data/com.termux/files/home/storage/shared/bos_la_2024_trip/starlink/20241107/112743659/tcp_downlink_113158306.out
[2024-11-07T11:32:04-0500] DL AVG TPUT: 
[2024-11-07T11:32:04-0500] 5G booster finished at 2024-11-07 11:32:04.390 EST, duration: 6.116 s
[2024-11-07T11:32:04-0500] -------------------------------
[2024-11-07T11:32:04-0500] Waiting for 2 s...
[2024-11-07T11:32:06-0500] -------------------------------
[2024-11-07T11:32:06-0500] ICMP Ping test started at 2024-11-07 11:32:06.495 EST
[2024-11-07T11:32:36-0500] Waiting for .902 s to reach end time
[2024-11-07T11:32:37-0500] Saved ping test to /data/data/com.termux/files/home/storage/shared/bos_la_2024_trip/starlink/20241107/112743659/icmp_ping_113206525.out
[2024-11-07T11:32:37-0500] Ping summary (min/avg/max/mdev) = 40.620/67.691/244.399/24.991 ms
[2024-11-07T11:32:37-0500] Ping test finished at 2024-11-07 11:32:37.566 EST, duration: 31.071 s
[2024-11-07T11:32:37-0500] -------------------------------
[2024-11-07T11:32:37-0500] Waiting for 2 s...
[2024-11-07T11:32:39-0500] -------------------------------
[2024-11-07T11:32:39-0500] Starting 5G booster for 5 s...
[2024-11-07T11:32:39-0500] 5G booster started at 2024-11-07 11:32:39.662 EST
[2024-11-07T11:32:45-0500] Current time exceeds end time, skipping wait
[2024-11-07T11:32:45-0500] Saved TCP DL results to /data/data/com.termux/files/home/storage/shared/bos_la_2024_trip/starlink/20241107/112743659/tcp_downlink_113239693.out
[2024-11-07T11:32:45-0500] DL AVG TPUT: 
[2024-11-07T11:32:45-0500] 5G booster finished at 2024-11-07 11:32:45.783 EST, duration: 6.121 s
[2024-11-07T11:32:45-0500] -------------------------------
[2024-11-07T11:32:45-0500] Waiting for 2 s...
[2024-11-07T11:32:47-0500] -------------------------------
[2024-11-07T11:32:47-0500] TCP Ping test started at 2024-11-07 11:32:47.888 EST
[2024-11-07T11:33:18-0500] Current time exceeds end time, skipping wait
[2024-11-07T11:33:19-0500] Saved TCP Ping test to /data/data/com.termux/files/home/storage/shared/bos_la_2024_trip/starlink/20241107/112743659/tcp_ping_113247914.out
[2024-11-07T11:33:19-0500] TCP Ping summary (min/avg/max/mdev) 
[2024-11-07T11:33:19-0500] TCP Ping test finished at 2024-11-07 11:33:18.998 EST, duration: 31.110 s
[2024-11-07T11:33:19-0500] -------------------------------
[2024-11-07T11:33:19-0500] Waiting for 2 s...
[2024-11-07T11:33:21-0500] -------------------------------
[2024-11-07T11:33:21-0500] Traceroute test started at 2024-11-07 11:33:21.096 EST
[2024-11-07T11:33:23-0500] Waiting for 27.250 s to reach end time
[2024-11-07T11:33:51-0500] Saved traceroute test to /data/data/com.termux/files/home/storage/shared/bos_la_2024_trip/starlink/20241107/112743659/traceroute_113321147.out
[2024-11-07T11:33:51-0500] Traceroute summary (min/avg/max/mdev) 
[2024-11-07T11:33:51-0500] Traceroute test finished at 2024-11-07 11:33:51.160 EST, duration: 30.064 s
[2024-11-07T11:33:51-0500] -------------------------------
[2024-11-07T11:33:51-0500] All tests completed, cleaning up...
[2024-11-07T11:33:51-0500] -------------------------------
[2024-11-07T11:34:02-0500] [measurement] Load environment variables from prod.env file
[2024-11-07T11:34:02-0500] Starting a network measurement, please choose a server
[2024-11-07T11:34:02-0500] 0) West Cloud: 54.176.53.206
[2024-11-07T11:34:02-0500] 1) East Cloud: 54.197.223.49
[2024-11-07T11:34:39-0500] Enter your choice (0-1): Testing starlink, server 1 (ip: 54.197.223.49, nuttcp_port: 5103, iperf_port: 5003)
[2024-11-07T11:34:39-0500] -------------------------------
[2024-11-07T11:34:39-0500] tcp downlink test started at 2024-11-07 11:34:39.334 EST
[2024-11-07T11:34:39-0500] Testing tcp downlink with 54.197.223.49:5103, interval 0.5 s, duration 120 s, timeout 121 s...
[2024-11-07T11:36:40-0500] Current time exceeds end time, skipping wait
[2024-11-07T11:36:40-0500] Saved tcp downlink test to /data/data/com.termux/files/home/storage/shared/bos_la_2024_trip/starlink/20241107/113439317/tcp_downlink_113439360.out
[2024-11-07T11:36:40-0500] DL AVG TPUT: 
[2024-11-07T11:36:40-0500] tcp downlink test finished at 2024-11-07 11:36:40.420 EST, duration: 121.086 s
[2024-11-07T11:36:40-0500] -------------------------------
[2024-11-07T11:36:40-0500] Waiting for 2 s...
[2024-11-07T11:36:42-0500] -------------------------------
[2024-11-07T11:36:42-0500] Starting 5G booster for 5 s...
[2024-11-07T11:36:42-0500] 5G booster started at 2024-11-07 11:36:42.559 EST
[2024-11-07T11:36:48-0500] Current time exceeds end time, skipping wait
[2024-11-07T11:36:48-0500] Saved TCP DL results to /data/data/com.termux/files/home/storage/shared/bos_la_2024_trip/starlink/20241107/113439317/tcp_downlink_113642601.out
[2024-11-07T11:36:48-0500] DL AVG TPUT: 
[2024-11-07T11:36:48-0500] 5G booster finished at 2024-11-07 11:36:48.709 EST, duration: 6.150 s
[2024-11-07T11:36:48-0500] -------------------------------
[2024-11-07T11:36:48-0500] Waiting for 2 s...
[2024-11-07T11:36:50-0500] -------------------------------
[2024-11-07T11:36:50-0500] tcp uplink test started at 2024-11-07 11:36:50.812 EST
[2024-11-07T11:36:50-0500] testing tcp uplink with 54.197.223.49:5103, interval 0.5, duration 120, timeout 121 ...
[2024-11-07T11:38:51-0500] Current time exceeds end time, skipping wait
[2024-11-07T11:38:51-0500] Saved uplink test to /data/data/com.termux/files/home/storage/shared/bos_la_2024_trip/starlink/20241107/113439317/tcp_uplink_113650865.out
[2024-11-07T11:38:51-0500] UL AVG TPUT: 
[2024-11-07T11:38:52-0500] tcp uplink test finished at 2024-11-07 11:38:51.947 EST, duration: 121.135 s
[2024-11-07T11:38:52-0500] -------------------------------
[2024-11-07T11:38:52-0500] Waiting for 2 s...
[2024-11-07T11:38:54-0500] -------------------------------
[2024-11-07T11:38:54-0500] Starting 5G booster for 5 s...
[2024-11-07T11:38:54-0500] 5G booster started at 2024-11-07 11:38:54.047 EST
[2024-11-07T11:39:00-0500] Current time exceeds end time, skipping wait
[2024-11-07T11:39:00-0500] Saved TCP DL results to /data/data/com.termux/files/home/storage/shared/bos_la_2024_trip/starlink/20241107/113439317/tcp_downlink_113854075.out
[2024-11-07T11:39:00-0500] DL AVG TPUT: 
[2024-11-07T11:39:00-0500] 5G booster finished at 2024-11-07 11:39:00.145 EST, duration: 6.098 s
[2024-11-07T11:39:00-0500] -------------------------------
[2024-11-07T11:39:00-0500] Waiting for 2 s...
[2024-11-07T11:39:02-0500] -------------------------------
[2024-11-07T11:39:02-0500] ICMP Ping test started at 2024-11-07 11:39:02.258 EST
[2024-11-07T11:39:32-0500] Waiting for .914 s to reach end time
[2024-11-07T11:39:33-0500] Saved ping test to /data/data/com.termux/files/home/storage/shared/bos_la_2024_trip/starlink/20241107/113439317/icmp_ping_113902283.out
[2024-11-07T11:39:33-0500] Ping summary (min/avg/max/mdev) = 42.681/69.920/154.555/25.121 ms
[2024-11-07T11:39:33-0500] Ping test finished at 2024-11-07 11:39:33.345 EST, duration: 31.087 s
[2024-11-07T11:39:33-0500] -------------------------------
[2024-11-07T11:39:33-0500] Waiting for 2 s...
[2024-11-07T11:39:35-0500] -------------------------------
[2024-11-07T11:39:35-0500] Starting 5G booster for 5 s...
[2024-11-07T11:39:35-0500] 5G booster started at 2024-11-07 11:39:35.465 EST
[2024-11-07T11:39:41-0500] Current time exceeds end time, skipping wait
[2024-11-07T11:39:41-0500] Saved TCP DL results to /data/data/com.termux/files/home/storage/shared/bos_la_2024_trip/starlink/20241107/113439317/tcp_downlink_113935507.out
[2024-11-07T11:39:41-0500] DL AVG TPUT: 
[2024-11-07T11:39:41-0500] 5G booster finished at 2024-11-07 11:39:41.570 EST, duration: 6.105 s
[2024-11-07T11:39:41-0500] -------------------------------
[2024-11-07T11:39:41-0500] Waiting for 2 s...
[2024-11-07T11:39:43-0500] -------------------------------
[2024-11-07T11:39:43-0500] TCP Ping test started at 2024-11-07 11:39:43.675 EST
[2024-11-07T11:40:14-0500] Current time exceeds end time, skipping wait
[2024-11-07T11:40:14-0500] Saved TCP Ping test to /data/data/com.termux/files/home/storage/shared/bos_la_2024_trip/starlink/20241107/113439317/tcp_ping_113943698.out
[2024-11-07T11:40:14-0500] TCP Ping summary (min/avg/max/mdev) 
[2024-11-07T11:40:14-0500] TCP Ping test finished at 2024-11-07 11:40:14.777 EST, duration: 31.102 s
[2024-11-07T11:40:14-0500] -------------------------------
[2024-11-07T11:40:14-0500] Waiting for 2 s...
[2024-11-07T11:40:16-0500] -------------------------------
[2024-11-07T11:40:16-0500] Traceroute test started at 2024-11-07 11:40:16.890 EST
[2024-11-07T11:40:19-0500] Waiting for 27.931 s to reach end time
[2024-11-07T11:40:46-0500] Saved traceroute test to /data/data/com.termux/files/home/storage/shared/bos_la_2024_trip/starlink/20241107/113439317/traceroute_114016922.out
[2024-11-07T11:40:47-0500] Traceroute summary (min/avg/max/mdev) 
[2024-11-07T11:40:47-0500] Traceroute test finished at 2024-11-07 11:40:46.968 EST, duration: 30.078 s
[2024-11-07T11:40:47-0500] -------------------------------
[2024-11-07T11:40:47-0500] All tests completed, cleaning up...
[2024-11-07T11:40:47-0500] -------------------------------
[2024-11-07T11:41:02-0500] [measurement] Load environment variables from prod.env file
[2024-11-07T11:41:02-0500] Starting a network measurement, please choose a server
[2024-11-07T11:41:02-0500] 0) West Cloud: 54.176.53.206
[2024-11-07T11:41:02-0500] 1) East Cloud: 54.197.223.49
[2024-11-07T11:41:21-0500] Enter your choice (0-1): Testing starlink, server 1 (ip: 54.197.223.49, nuttcp_port: 5103, iperf_port: 5003)
[2024-11-07T11:41:21-0500] -------------------------------
[2024-11-07T11:41:21-0500] tcp downlink test started at 2024-11-07 11:41:21.219 EST
[2024-11-07T11:41:21-0500] Testing tcp downlink with 54.197.223.49:5103, interval 0.5 s, duration 120 s, timeout 121 s...
[2024-11-07T11:43:22-0500] Current time exceeds end time, skipping wait
[2024-11-07T11:43:22-0500] Saved tcp downlink test to /data/data/com.termux/files/home/storage/shared/bos_la_2024_trip/starlink/20241107/114121200/tcp_downlink_114121252.out
[2024-11-07T11:43:22-0500] DL AVG TPUT: 
[2024-11-07T11:43:22-0500] tcp downlink test finished at 2024-11-07 11:43:22.320 EST, duration: 121.101 s
[2024-11-07T11:43:22-0500] -------------------------------
[2024-11-07T11:43:22-0500] Waiting for 2 s...
[2024-11-07T11:43:24-0500] -------------------------------
[2024-11-07T11:43:24-0500] Starting 5G booster for 5 s...
[2024-11-07T11:43:24-0500] 5G booster started at 2024-11-07 11:43:24.431 EST
[2024-11-07T11:43:30-0500] Current time exceeds end time, skipping wait
[2024-11-07T11:43:30-0500] Saved TCP DL results to /data/data/com.termux/files/home/storage/shared/bos_la_2024_trip/starlink/20241107/114121200/tcp_downlink_114324485.out
[2024-11-07T11:43:30-0500] DL AVG TPUT: 
[2024-11-07T11:43:30-0500] 5G booster finished at 2024-11-07 11:43:30.558 EST, duration: 6.127 s
[2024-11-07T11:43:30-0500] -------------------------------
[2024-11-07T11:43:30-0500] Waiting for 2 s...
[2024-11-07T11:43:32-0500] -------------------------------
[2024-11-07T11:43:32-0500] tcp uplink test started at 2024-11-07 11:43:32.664 EST
[2024-11-07T11:43:32-0500] testing tcp uplink with 54.197.223.49:5103, interval 0.5, duration 120, timeout 121 ...
[2024-11-07T11:45:33-0500] Current time exceeds end time, skipping wait
[2024-11-07T11:45:33-0500] Saved uplink test to /data/data/com.termux/files/home/storage/shared/bos_la_2024_trip/starlink/20241107/114121200/tcp_uplink_114332692.out
[2024-11-07T11:45:33-0500] UL AVG TPUT: 
[2024-11-07T11:45:33-0500] tcp uplink test finished at 2024-11-07 11:45:33.769 EST, duration: 121.105 s
[2024-11-07T11:45:33-0500] -------------------------------
[2024-11-07T11:45:33-0500] Waiting for 2 s...
[2024-11-07T11:45:35-0500] -------------------------------
[2024-11-07T11:45:35-0500] Starting 5G booster for 5 s...
[2024-11-07T11:45:35-0500] 5G booster started at 2024-11-07 11:45:35.849 EST
[2024-11-07T11:45:41-0500] Current time exceeds end time, skipping wait
[2024-11-07T11:45:41-0500] Saved TCP DL results to /data/data/com.termux/files/home/storage/shared/bos_la_2024_trip/starlink/20241107/114121200/tcp_downlink_114535871.out
[2024-11-07T11:45:42-0500] DL AVG TPUT: 
[2024-11-07T11:45:42-0500] 5G booster finished at 2024-11-07 11:45:41.975 EST, duration: 6.126 s
[2024-11-07T11:45:42-0500] -------------------------------
[2024-11-07T11:45:42-0500] Waiting for 2 s...
[2024-11-07T11:45:44-0500] -------------------------------
[2024-11-07T11:45:44-0500] ICMP Ping test started at 2024-11-07 11:45:44.079 EST
[2024-11-07T11:46:14-0500] Waiting for .879 s to reach end time
[2024-11-07T11:46:15-0500] Saved ping test to /data/data/com.termux/files/home/storage/shared/bos_la_2024_trip/starlink/20241107/114121200/icmp_ping_114544122.out
[2024-11-07T11:46:15-0500] Ping summary (min/avg/max/mdev) = 37.977/53.405/125.089/16.080 ms
[2024-11-07T11:46:15-0500] Ping test finished at 2024-11-07 11:46:15.157 EST, duration: 31.078 s
[2024-11-07T11:46:15-0500] -------------------------------
[2024-11-07T11:46:15-0500] Waiting for 2 s...
[2024-11-07T11:46:17-0500] -------------------------------
[2024-11-07T11:46:17-0500] Starting 5G booster for 5 s...
[2024-11-07T11:46:17-0500] 5G booster started at 2024-11-07 11:46:17.277 EST
[2024-11-07T11:46:23-0500] Current time exceeds end time, skipping wait
[2024-11-07T11:46:23-0500] Saved TCP DL results to /data/data/com.termux/files/home/storage/shared/bos_la_2024_trip/starlink/20241107/114121200/tcp_downlink_114617331.out
[2024-11-07T11:46:23-0500] DL AVG TPUT: 
[2024-11-07T11:46:23-0500] 5G booster finished at 2024-11-07 11:46:23.398 EST, duration: 6.121 s
[2024-11-07T11:46:23-0500] -------------------------------
[2024-11-07T11:46:23-0500] Waiting for 2 s...
[2024-11-07T11:46:25-0500] -------------------------------
[2024-11-07T11:46:25-0500] TCP Ping test started at 2024-11-07 11:46:25.489 EST
[2024-11-07T11:46:56-0500] Current time exceeds end time, skipping wait
[2024-11-07T11:46:56-0500] Saved TCP Ping test to /data/data/com.termux/files/home/storage/shared/bos_la_2024_trip/starlink/20241107/114121200/tcp_ping_114625511.out
[2024-11-07T11:46:56-0500] TCP Ping summary (min/avg/max/mdev) 
[2024-11-07T11:46:56-0500] TCP Ping test finished at 2024-11-07 11:46:56.564 EST, duration: 31.075 s
[2024-11-07T11:46:56-0500] -------------------------------
[2024-11-07T11:46:56-0500] Waiting for 2 s...
[2024-11-07T11:46:58-0500] -------------------------------
[2024-11-07T11:46:58-0500] Traceroute test started at 2024-11-07 11:46:58.686 EST
[2024-11-07T11:47:04-0500] Waiting for 24.621 s to reach end time
[2024-11-07T11:47:28-0500] Saved traceroute test to /data/data/com.termux/files/home/storage/shared/bos_la_2024_trip/starlink/20241107/114121200/traceroute_114658709.out
[2024-11-07T11:47:28-0500] Traceroute summary (min/avg/max/mdev) 
[2024-11-07T11:47:28-0500] Traceroute test finished at 2024-11-07 11:47:28.769 EST, duration: 30.083 s
[2024-11-07T11:47:28-0500] -------------------------------
[2024-11-07T11:47:28-0500] All tests completed, cleaning up...
[2024-11-07T11:47:28-0500] -------------------------------
[2024-11-07T11:55:45-0500] [measurement] Load environment variables from prod.env file
[2024-11-07T11:55:45-0500] Starting a network measurement, please choose a server
[2024-11-07T11:55:45-0500] 0) West Cloud: 54.176.53.206
[2024-11-07T11:55:45-0500] 1) East Cloud: 54.197.223.49
[2024-11-07T11:59:00-0500] Enter your choice (0-1): Testing starlink, server 1 (ip: 54.197.223.49, nuttcp_port: 5103, iperf_port: 5003)
[2024-11-07T11:59:00-0500] -------------------------------
[2024-11-07T11:59:00-0500] tcp downlink test started at 2024-11-07 11:59:00.445 EST
[2024-11-07T11:59:00-0500] Testing tcp downlink with 54.197.223.49:5103, interval 0.5 s, duration 120 s, timeout 121 s...
[2024-11-07T12:01:01-0500] Current time exceeds end time, skipping wait
[2024-11-07T12:01:01-0500] Saved tcp downlink test to /data/data/com.termux/files/home/storage/shared/bos_la_2024_trip/starlink/20241107/115900420/tcp_downlink_115900472.out
[2024-11-07T12:01:01-0500] DL AVG TPUT: 
[2024-11-07T12:01:01-0500] tcp downlink test finished at 2024-11-07 12:01:01.593 EST, duration: 121.148 s
[2024-11-07T12:01:01-0500] -------------------------------
[2024-11-07T12:01:01-0500] Waiting for 2 s...
[2024-11-07T12:01:03-0500] -------------------------------
[2024-11-07T12:01:03-0500] Starting 5G booster for 5 s...
[2024-11-07T12:01:03-0500] 5G booster started at 2024-11-07 12:01:03.739 EST
[2024-11-07T12:01:09-0500] Current time exceeds end time, skipping wait
[2024-11-07T12:01:09-0500] Saved TCP DL results to /data/data/com.termux/files/home/storage/shared/bos_la_2024_trip/starlink/20241107/115900420/tcp_downlink_120103771.out
[2024-11-07T12:01:09-0500] DL AVG TPUT: 
[2024-11-07T12:01:09-0500] 5G booster finished at 2024-11-07 12:01:09.841 EST, duration: 6.102 s
[2024-11-07T12:01:09-0500] -------------------------------
[2024-11-07T12:01:09-0500] Waiting for 2 s...
[2024-11-07T12:01:11-0500] -------------------------------
[2024-11-07T12:01:11-0500] tcp uplink test started at 2024-11-07 12:01:11.932 EST
[2024-11-07T12:01:11-0500] testing tcp uplink with 54.197.223.49:5103, interval 0.5, duration 120, timeout 121 ...
[2024-11-07T12:03:13-0500] Current time exceeds end time, skipping wait
[2024-11-07T12:03:13-0500] Saved uplink test to /data/data/com.termux/files/home/storage/shared/bos_la_2024_trip/starlink/20241107/115900420/tcp_uplink_120111975.out
[2024-11-07T12:03:13-0500] UL AVG TPUT: 
[2024-11-07T12:03:13-0500] tcp uplink test finished at 2024-11-07 12:03:13.085 EST, duration: 121.153 s
[2024-11-07T12:03:13-0500] -------------------------------
[2024-11-07T12:03:13-0500] Waiting for 2 s...
[2024-11-07T12:03:15-0500] -------------------------------
[2024-11-07T12:03:15-0500] Starting 5G booster for 5 s...
[2024-11-07T12:03:15-0500] 5G booster started at 2024-11-07 12:03:15.189 EST
[2024-11-07T12:03:21-0500] Current time exceeds end time, skipping wait
[2024-11-07T12:03:21-0500] Saved TCP DL results to /data/data/com.termux/files/home/storage/shared/bos_la_2024_trip/starlink/20241107/115900420/tcp_downlink_120315216.out
[2024-11-07T12:03:21-0500] DL AVG TPUT: 
[2024-11-07T12:03:21-0500] 5G booster finished at 2024-11-07 12:03:21.292 EST, duration: 6.103 s
[2024-11-07T12:03:21-0500] -------------------------------
[2024-11-07T12:03:21-0500] Waiting for 2 s...
[2024-11-07T12:03:23-0500] -------------------------------
[2024-11-07T12:03:23-0500] ICMP Ping test started at 2024-11-07 12:03:23.377 EST
[2024-11-07T12:03:53-0500] Waiting for .908 s to reach end time
[2024-11-07T12:03:54-0500] Saved ping test to /data/data/com.termux/files/home/storage/shared/bos_la_2024_trip/starlink/20241107/115900420/icmp_ping_120323405.out
[2024-11-07T12:03:54-0500] Ping summary (min/avg/max/mdev) = 40.195/64.824/121.352/20.532 ms
[2024-11-07T12:03:54-0500] Ping test finished at 2024-11-07 12:03:54.478 EST, duration: 31.101 s
[2024-11-07T12:03:54-0500] -------------------------------
[2024-11-07T12:03:54-0500] Waiting for 2 s...
[2024-11-07T12:03:56-0500] -------------------------------
[2024-11-07T12:03:56-0500] Starting 5G booster for 5 s...
[2024-11-07T12:03:56-0500] 5G booster started at 2024-11-07 12:03:56.593 EST
[2024-11-07T12:04:02-0500] Current time exceeds end time, skipping wait
[2024-11-07T12:04:02-0500] Saved TCP DL results to /data/data/com.termux/files/home/storage/shared/bos_la_2024_trip/starlink/20241107/115900420/tcp_downlink_120356643.out
[2024-11-07T12:04:02-0500] DL AVG TPUT: 
[2024-11-07T12:04:02-0500] 5G booster finished at 2024-11-07 12:04:02.719 EST, duration: 6.126 s
[2024-11-07T12:04:02-0500] -------------------------------
[2024-11-07T12:04:02-0500] Waiting for 2 s...
[2024-11-07T12:04:04-0500] -------------------------------
[2024-11-07T12:04:04-0500] TCP Ping test started at 2024-11-07 12:04:04.824 EST
[2024-11-07T12:04:35-0500] Current time exceeds end time, skipping wait
[2024-11-07T12:04:35-0500] Saved TCP Ping test to /data/data/com.termux/files/home/storage/shared/bos_la_2024_trip/starlink/20241107/115900420/tcp_ping_120404854.out
[2024-11-07T12:04:35-0500] TCP Ping summary (min/avg/max/mdev) 
[2024-11-07T12:04:36-0500] TCP Ping test finished at 2024-11-07 12:04:35.967 EST, duration: 31.143 s
[2024-11-07T12:04:36-0500] -------------------------------
[2024-11-07T12:04:36-0500] Waiting for 2 s...
[2024-11-07T12:04:38-0500] -------------------------------
[2024-11-07T12:04:38-0500] Traceroute test started at 2024-11-07 12:04:38.059 EST
[2024-11-07T12:04:40-0500] Waiting for 28.079 s to reach end time
[2024-11-07T12:05:08-0500] Saved traceroute test to /data/data/com.termux/files/home/storage/shared/bos_la_2024_trip/starlink/20241107/115900420/traceroute_120438102.out
[2024-11-07T12:05:08-0500] Traceroute summary (min/avg/max/mdev) 
[2024-11-07T12:05:08-0500] Traceroute test finished at 2024-11-07 12:05:08.138 EST, duration: 30.079 s
[2024-11-07T12:05:08-0500] -------------------------------
[2024-11-07T12:05:08-0500] All tests completed, cleaning up...
[2024-11-07T12:05:08-0500] -------------------------------
[2024-11-07T12:05:28-0500] [measurement] Load environment variables from prod.env file
[2024-11-07T12:05:28-0500] Starting a network measurement, please choose a server
[2024-11-07T12:05:28-0500] 0) West Cloud: 54.176.53.206
[2024-11-07T12:05:28-0500] 1) East Cloud: 54.197.223.49
[2024-11-07T12:05:48-0500] Enter your choice (0-1): Testing starlink, server 1 (ip: 54.197.223.49, nuttcp_port: 5103, iperf_port: 5003)
[2024-11-07T12:05:48-0500] -------------------------------
[2024-11-07T12:05:48-0500] tcp downlink test started at 2024-11-07 12:05:48.945 EST
[2024-11-07T12:05:48-0500] Testing tcp downlink with 54.197.223.49:5103, interval 0.5 s, duration 120 s, timeout 121 s...
[2024-11-07T12:07:50-0500] Current time exceeds end time, skipping wait
[2024-11-07T12:07:50-0500] Saved tcp downlink test to /data/data/com.termux/files/home/storage/shared/bos_la_2024_trip/starlink/20241107/120548925/tcp_downlink_120548975.out
[2024-11-07T12:07:50-0500] DL AVG TPUT: 
[2024-11-07T12:07:50-0500] tcp downlink test finished at 2024-11-07 12:07:50.026 EST, duration: 121.081 s
[2024-11-07T12:07:50-0500] -------------------------------
[2024-11-07T12:07:50-0500] Waiting for 2 s...
[2024-11-07T12:07:52-0500] -------------------------------
[2024-11-07T12:07:52-0500] Starting 5G booster for 5 s...
[2024-11-07T12:07:52-0500] 5G booster started at 2024-11-07 12:07:52.147 EST
[2024-11-07T12:07:58-0500] Current time exceeds end time, skipping wait
[2024-11-07T12:07:58-0500] Saved TCP DL results to /data/data/com.termux/files/home/storage/shared/bos_la_2024_trip/starlink/20241107/120548925/tcp_downlink_120752174.out
[2024-11-07T12:07:58-0500] DL AVG TPUT: 
[2024-11-07T12:07:58-0500] 5G booster finished at 2024-11-07 12:07:58.252 EST, duration: 6.105 s
[2024-11-07T12:07:58-0500] -------------------------------
[2024-11-07T12:07:58-0500] Waiting for 2 s...
[2024-11-07T12:08:00-0500] -------------------------------
[2024-11-07T12:08:00-0500] tcp uplink test started at 2024-11-07 12:08:00.340 EST
[2024-11-07T12:08:00-0500] testing tcp uplink with 54.197.223.49:5103, interval 0.5, duration 120, timeout 121 ...
[2024-11-07T12:10:01-0500] Current time exceeds end time, skipping wait
[2024-11-07T12:10:01-0500] Saved uplink test to /data/data/com.termux/files/home/storage/shared/bos_la_2024_trip/starlink/20241107/120548925/tcp_uplink_120800363.out
[2024-11-07T12:10:01-0500] UL AVG TPUT: 
[2024-11-07T12:10:01-0500] tcp uplink test finished at 2024-11-07 12:10:01.436 EST, duration: 121.096 s
[2024-11-07T12:10:01-0500] -------------------------------
[2024-11-07T12:10:01-0500] Waiting for 2 s...
[2024-11-07T12:10:03-0500] -------------------------------
[2024-11-07T12:10:03-0500] Starting 5G booster for 5 s...
[2024-11-07T12:10:03-0500] 5G booster started at 2024-11-07 12:10:03.557 EST
[2024-11-07T12:10:09-0500] Current time exceeds end time, skipping wait
[2024-11-07T12:10:09-0500] Saved TCP DL results to /data/data/com.termux/files/home/storage/shared/bos_la_2024_trip/starlink/20241107/120548925/tcp_downlink_121003584.out
[2024-11-07T12:10:09-0500] DL AVG TPUT: 
[2024-11-07T12:10:09-0500] 5G booster finished at 2024-11-07 12:10:09.652 EST, duration: 6.095 s
[2024-11-07T12:10:09-0500] -------------------------------
[2024-11-07T12:10:09-0500] Waiting for 2 s...
[2024-11-07T12:10:11-0500] -------------------------------
[2024-11-07T12:10:11-0500] ICMP Ping test started at 2024-11-07 12:10:11.759 EST
[2024-11-07T12:10:41-0500] Waiting for .905 s to reach end time
[2024-11-07T12:10:42-0500] Saved ping test to /data/data/com.termux/files/home/storage/shared/bos_la_2024_trip/starlink/20241107/120548925/icmp_ping_121011797.out
[2024-11-07T12:10:42-0500] Ping summary (min/avg/max/mdev) = 40.137/65.622/122.344/21.828 ms
[2024-11-07T12:10:42-0500] Ping test finished at 2024-11-07 12:10:42.836 EST, duration: 31.077 s
[2024-11-07T12:10:42-0500] -------------------------------
[2024-11-07T12:10:42-0500] Waiting for 2 s...
[2024-11-07T12:10:44-0500] -------------------------------
[2024-11-07T12:10:44-0500] Starting 5G booster for 5 s...
[2024-11-07T12:10:44-0500] 5G booster started at 2024-11-07 12:10:44.941 EST
[2024-11-07T12:10:51-0500] Current time exceeds end time, skipping wait
[2024-11-07T12:10:51-0500] Saved TCP DL results to /data/data/com.termux/files/home/storage/shared/bos_la_2024_trip/starlink/20241107/120548925/tcp_downlink_121044991.out
[2024-11-07T12:10:51-0500] DL AVG TPUT: 
[2024-11-07T12:10:51-0500] 5G booster finished at 2024-11-07 12:10:51.063 EST, duration: 6.122 s
[2024-11-07T12:10:51-0500] -------------------------------
[2024-11-07T12:10:51-0500] Waiting for 2 s...
[2024-11-07T12:10:53-0500] -------------------------------
[2024-11-07T12:10:53-0500] TCP Ping test started at 2024-11-07 12:10:53.182 EST
[2024-11-07T12:11:24-0500] Current time exceeds end time, skipping wait
[2024-11-07T12:11:24-0500] Saved TCP Ping test to /data/data/com.termux/files/home/storage/shared/bos_la_2024_trip/starlink/20241107/120548925/tcp_ping_121053211.out
[2024-11-07T12:11:24-0500] TCP Ping summary (min/avg/max/mdev) 
[2024-11-07T12:11:24-0500] TCP Ping test finished at 2024-11-07 12:11:24.305 EST, duration: 31.123 s
[2024-11-07T12:11:24-0500] -------------------------------
[2024-11-07T12:11:24-0500] Waiting for 2 s...
[2024-11-07T12:11:26-0500] -------------------------------
[2024-11-07T12:11:26-0500] Traceroute test started at 2024-11-07 12:11:26.424 EST
[2024-11-07T12:11:28-0500] Waiting for 27.666 s to reach end time
[2024-11-07T12:11:56-0500] Saved traceroute test to /data/data/com.termux/files/home/storage/shared/bos_la_2024_trip/starlink/20241107/120548925/traceroute_121126475.out
[2024-11-07T12:11:56-0500] Traceroute summary (min/avg/max/mdev) 
[2024-11-07T12:11:56-0500] Traceroute test finished at 2024-11-07 12:11:56.507 EST, duration: 30.083 s
[2024-11-07T12:11:56-0500] -------------------------------
[2024-11-07T12:11:56-0500] All tests completed, cleaning up...
[2024-11-07T12:11:56-0500] -------------------------------
[2024-11-07T12:12:27-0500] [measurement] Load environment variables from prod.env file
[2024-11-07T12:12:27-0500] Starting a network measurement, please choose a server
[2024-11-07T12:12:27-0500] 0) West Cloud: 54.176.53.206
[2024-11-07T12:12:27-0500] 1) East Cloud: 54.197.223.49
[2024-11-07T12:12:47-0500] Enter your choice (0-1): Testing starlink, server 1 (ip: 54.197.223.49, nuttcp_port: 5103, iperf_port: 5003)
[2024-11-07T12:12:47-0500] -------------------------------
[2024-11-07T12:12:47-0500] tcp downlink test started at 2024-11-07 12:12:47.937 EST
[2024-11-07T12:12:47-0500] Testing tcp downlink with 54.197.223.49:5103, interval 0.5 s, duration 120 s, timeout 121 s...
[2024-11-07T12:14:49-0500] Current time exceeds end time, skipping wait
[2024-11-07T12:14:49-0500] Saved tcp downlink test to /data/data/com.termux/files/home/storage/shared/bos_la_2024_trip/starlink/20241107/121247919/tcp_downlink_121247973.out
[2024-11-07T12:14:49-0500] DL AVG TPUT: 
[2024-11-07T12:14:49-0500] tcp downlink test finished at 2024-11-07 12:14:49.086 EST, duration: 121.149 s
[2024-11-07T12:14:49-0500] -------------------------------
[2024-11-07T12:14:49-0500] Waiting for 2 s...
[2024-11-07T12:14:51-0500] -------------------------------
[2024-11-07T12:14:51-0500] Starting 5G booster for 5 s...
[2024-11-07T12:14:51-0500] 5G booster started at 2024-11-07 12:14:51.194 EST
[2024-11-07T12:14:57-0500] Current time exceeds end time, skipping wait
[2024-11-07T12:14:57-0500] Saved TCP DL results to /data/data/com.termux/files/home/storage/shared/bos_la_2024_trip/starlink/20241107/121247919/tcp_downlink_121451244.out
[2024-11-07T12:14:57-0500] DL AVG TPUT: 
[2024-11-07T12:14:57-0500] 5G booster finished at 2024-11-07 12:14:57.311 EST, duration: 6.117 s
[2024-11-07T12:14:57-0500] -------------------------------
[2024-11-07T12:14:57-0500] Waiting for 2 s...
[2024-11-07T12:14:59-0500] -------------------------------
[2024-11-07T12:14:59-0500] tcp uplink test started at 2024-11-07 12:14:59.419 EST
[2024-11-07T12:14:59-0500] testing tcp uplink with 54.197.223.49:5103, interval 0.5, duration 120, timeout 121 ...
[2024-11-07T12:17:00-0500] Current time exceeds end time, skipping wait
[2024-11-07T12:17:00-0500] Saved uplink test to /data/data/com.termux/files/home/storage/shared/bos_la_2024_trip/starlink/20241107/121247919/tcp_uplink_121459469.out
[2024-11-07T12:17:00-0500] UL AVG TPUT: 
[2024-11-07T12:17:00-0500] tcp uplink test finished at 2024-11-07 12:17:00.519 EST, duration: 121.100 s
[2024-11-07T12:17:00-0500] -------------------------------
[2024-11-07T12:17:00-0500] Waiting for 2 s...
[2024-11-07T12:17:02-0500] -------------------------------
[2024-11-07T12:17:02-0500] Starting 5G booster for 5 s...
[2024-11-07T12:17:02-0500] 5G booster started at 2024-11-07 12:17:02.628 EST
[2024-11-07T12:17:08-0500] Current time exceeds end time, skipping wait
[2024-11-07T12:17:08-0500] Saved TCP DL results to /data/data/com.termux/files/home/storage/shared/bos_la_2024_trip/starlink/20241107/121247919/tcp_downlink_121702682.out
[2024-11-07T12:17:08-0500] DL AVG TPUT: 
[2024-11-07T12:17:08-0500] 5G booster finished at 2024-11-07 12:17:08.759 EST, duration: 6.131 s
[2024-11-07T12:17:08-0500] -------------------------------
[2024-11-07T12:17:08-0500] Waiting for 2 s...
[2024-11-07T12:17:10-0500] -------------------------------
[2024-11-07T12:17:10-0500] ICMP Ping test started at 2024-11-07 12:17:10.842 EST
[2024-11-07T12:17:41-0500] Waiting for .920 s to reach end time
[2024-11-07T12:17:41-0500] Saved ping test to /data/data/com.termux/files/home/storage/shared/bos_la_2024_trip/starlink/20241107/121247919/icmp_ping_121710865.out
[2024-11-07T12:17:41-0500] Ping summary (min/avg/max/mdev) = 41.281/81.251/223.461/33.595 ms
[2024-11-07T12:17:42-0500] Ping test finished at 2024-11-07 12:17:41.957 EST, duration: 31.115 s
[2024-11-07T12:17:42-0500] -------------------------------
[2024-11-07T12:17:42-0500] Waiting for 2 s...
[2024-11-07T12:17:44-0500] -------------------------------
[2024-11-07T12:17:44-0500] Starting 5G booster for 5 s...
[2024-11-07T12:17:44-0500] 5G booster started at 2024-11-07 12:17:44.068 EST
[2024-11-07T12:17:50-0500] Current time exceeds end time, skipping wait
[2024-11-07T12:17:50-0500] Saved TCP DL results to /data/data/com.termux/files/home/storage/shared/bos_la_2024_trip/starlink/20241107/121247919/tcp_downlink_121744109.out
[2024-11-07T12:17:50-0500] DL AVG TPUT: 
[2024-11-07T12:17:50-0500] 5G booster finished at 2024-11-07 12:17:50.166 EST, duration: 6.098 s
[2024-11-07T12:17:50-0500] -------------------------------
[2024-11-07T12:17:50-0500] Waiting for 2 s...
[2024-11-07T12:17:52-0500] -------------------------------
[2024-11-07T12:17:52-0500] TCP Ping test started at 2024-11-07 12:17:52.263 EST
[2024-11-07T12:18:23-0500] Current time exceeds end time, skipping wait
[2024-11-07T12:18:23-0500] Saved TCP Ping test to /data/data/com.termux/files/home/storage/shared/bos_la_2024_trip/starlink/20241107/121247919/tcp_ping_121752298.out
[2024-11-07T12:18:23-0500] TCP Ping summary (min/avg/max/mdev) 
[2024-11-07T12:18:23-0500] TCP Ping test finished at 2024-11-07 12:18:23.360 EST, duration: 31.097 s
[2024-11-07T12:18:23-0500] -------------------------------
[2024-11-07T12:18:23-0500] Waiting for 2 s...
[2024-11-07T12:18:25-0500] -------------------------------
[2024-11-07T12:18:25-0500] Traceroute test started at 2024-11-07 12:18:25.468 EST
[2024-11-07T12:18:28-0500] Waiting for 26.559 s to reach end time
[2024-11-07T12:18:55-0500] Saved traceroute test to /data/data/com.termux/files/home/storage/shared/bos_la_2024_trip/starlink/20241107/121247919/traceroute_121825497.out
[2024-11-07T12:18:55-0500] Traceroute summary (min/avg/max/mdev) 
[2024-11-07T12:18:55-0500] Traceroute test finished at 2024-11-07 12:18:55.543 EST, duration: 30.075 s
[2024-11-07T12:18:55-0500] -------------------------------
[2024-11-07T12:18:55-0500] All tests completed, cleaning up...
[2024-11-07T12:18:55-0500] -------------------------------
[2024-11-07T12:19:22-0500] [measurement] Load environment variables from prod.env file
[2024-11-07T12:19:23-0500] Starting a network measurement, please choose a server
[2024-11-07T12:19:23-0500] 0) West Cloud: 54.176.53.206
[2024-11-07T12:19:23-0500] 1) East Cloud: 54.197.223.49
[2024-11-07T12:19:38-0500] Enter your choice (0-1): Testing starlink, server 1 (ip: 54.197.223.49, nuttcp_port: 5103, iperf_port: 5003)
[2024-11-07T12:19:38-0500] -------------------------------
[2024-11-07T12:19:38-0500] tcp downlink test started at 2024-11-07 12:19:38.277 EST
[2024-11-07T12:19:38-0500] Testing tcp downlink with 54.197.223.49:5103, interval 0.5 s, duration 120 s, timeout 121 s...
[2024-11-07T12:21:39-0500] Current time exceeds end time, skipping wait
[2024-11-07T12:21:39-0500] Saved tcp downlink test to /data/data/com.termux/files/home/storage/shared/bos_la_2024_trip/starlink/20241107/121938260/tcp_downlink_121938298.out
[2024-11-07T12:21:39-0500] DL AVG TPUT: 
[2024-11-07T12:21:39-0500] tcp downlink test finished at 2024-11-07 12:21:39.415 EST, duration: 121.138 s
[2024-11-07T12:21:39-0500] -------------------------------
[2024-11-07T12:21:39-0500] Waiting for 2 s...
[2024-11-07T12:21:41-0500] -------------------------------
[2024-11-07T12:21:41-0500] Starting 5G booster for 5 s...
[2024-11-07T12:21:41-0500] 5G booster started at 2024-11-07 12:21:41.523 EST
[2024-11-07T12:21:47-0500] Current time exceeds end time, skipping wait
[2024-11-07T12:21:47-0500] Saved TCP DL results to /data/data/com.termux/files/home/storage/shared/bos_la_2024_trip/starlink/20241107/121938260/tcp_downlink_122141584.out
[2024-11-07T12:21:47-0500] DL AVG TPUT: 
[2024-11-07T12:21:47-0500] 5G booster finished at 2024-11-07 12:21:47.680 EST, duration: 6.157 s
[2024-11-07T12:21:47-0500] -------------------------------
[2024-11-07T12:21:47-0500] Waiting for 2 s...
[2024-11-07T12:21:49-0500] -------------------------------
[2024-11-07T12:21:49-0500] tcp uplink test started at 2024-11-07 12:21:49.788 EST
[2024-11-07T12:21:49-0500] testing tcp uplink with 54.197.223.49:5103, interval 0.5, duration 120, timeout 121 ...
[2024-11-07T12:23:50-0500] Current time exceeds end time, skipping wait
[2024-11-07T12:23:50-0500] Saved uplink test to /data/data/com.termux/files/home/storage/shared/bos_la_2024_trip/starlink/20241107/121938260/tcp_uplink_122149812.out
[2024-11-07T12:23:50-0500] UL AVG TPUT: 
[2024-11-07T12:23:50-0500] tcp uplink test finished at 2024-11-07 12:23:50.896 EST, duration: 121.108 s
[2024-11-07T12:23:50-0500] -------------------------------
[2024-11-07T12:23:50-0500] Waiting for 2 s...
[2024-11-07T12:23:52-0500] -------------------------------
[2024-11-07T12:23:52-0500] Starting 5G booster for 5 s...
[2024-11-07T12:23:53-0500] 5G booster started at 2024-11-07 12:23:53.005 EST
[2024-11-07T12:23:59-0500] Current time exceeds end time, skipping wait
[2024-11-07T12:23:59-0500] Saved TCP DL results to /data/data/com.termux/files/home/storage/shared/bos_la_2024_trip/starlink/20241107/121938260/tcp_downlink_122353057.out
[2024-11-07T12:23:59-0500] DL AVG TPUT: 
[2024-11-07T12:23:59-0500] 5G booster finished at 2024-11-07 12:23:59.120 EST, duration: 6.115 s
[2024-11-07T12:23:59-0500] -------------------------------
[2024-11-07T12:23:59-0500] Waiting for 2 s...
[2024-11-07T12:24:01-0500] -------------------------------
[2024-11-07T12:24:01-0500] ICMP Ping test started at 2024-11-07 12:24:01.230 EST
[2024-11-07T12:24:31-0500] Waiting for .894 s to reach end time
[2024-11-07T12:24:32-0500] Saved ping test to /data/data/com.termux/files/home/storage/shared/bos_la_2024_trip/starlink/20241107/121938260/icmp_ping_122401254.out
[2024-11-07T12:24:32-0500] Ping summary (min/avg/max/mdev) = 41.323/71.060/155.887/25.398 ms
[2024-11-07T12:24:32-0500] Ping test finished at 2024-11-07 12:24:32.317 EST, duration: 31.087 s
[2024-11-07T12:24:32-0500] -------------------------------
[2024-11-07T12:24:32-0500] Waiting for 2 s...
[2024-11-07T12:24:34-0500] -------------------------------
[2024-11-07T12:24:34-0500] Starting 5G booster for 5 s...
[2024-11-07T12:24:34-0500] 5G booster started at 2024-11-07 12:24:34.440 EST
[2024-11-07T12:24:40-0500] Current time exceeds end time, skipping wait
[2024-11-07T12:24:40-0500] Saved TCP DL results to /data/data/com.termux/files/home/storage/shared/bos_la_2024_trip/starlink/20241107/121938260/tcp_downlink_122434466.out
[2024-11-07T12:24:40-0500] DL AVG TPUT: 
[2024-11-07T12:24:40-0500] 5G booster finished at 2024-11-07 12:24:40.543 EST, duration: 6.103 s
[2024-11-07T12:24:40-0500] -------------------------------
[2024-11-07T12:24:40-0500] Waiting for 2 s...
[2024-11-07T12:24:42-0500] -------------------------------
[2024-11-07T12:24:42-0500] TCP Ping test started at 2024-11-07 12:24:42.644 EST
[2024-11-07T12:25:13-0500] Current time exceeds end time, skipping wait
[2024-11-07T12:25:13-0500] Saved TCP Ping test to /data/data/com.termux/files/home/storage/shared/bos_la_2024_trip/starlink/20241107/121938260/tcp_ping_122442675.out
[2024-11-07T12:25:13-0500] TCP Ping summary (min/avg/max/mdev) 
[2024-11-07T12:25:13-0500] TCP Ping test finished at 2024-11-07 12:25:13.760 EST, duration: 31.116 s
[2024-11-07T12:25:13-0500] -------------------------------
[2024-11-07T12:25:13-0500] Waiting for 2 s...
[2024-11-07T12:25:15-0500] -------------------------------
[2024-11-07T12:25:15-0500] Traceroute test started at 2024-11-07 12:25:15.889 EST
[2024-11-07T12:25:17-0500] Waiting for 28.508 s to reach end time
[2024-11-07T12:25:45-0500] Saved traceroute test to /data/data/com.termux/files/home/storage/shared/bos_la_2024_trip/starlink/20241107/121938260/traceroute_122515940.out
[2024-11-07T12:25:45-0500] Traceroute summary (min/avg/max/mdev) 
[2024-11-07T12:25:46-0500] Traceroute test finished at 2024-11-07 12:25:45.956 EST, duration: 30.067 s
[2024-11-07T12:25:46-0500] -------------------------------
[2024-11-07T12:25:46-0500] All tests completed, cleaning up...
[2024-11-07T12:25:46-0500] -------------------------------
[2024-11-07T12:26:30-0500] [measurement] Load environment variables from prod.env file
[2024-11-07T12:26:30-0500] Starting a network measurement, please choose a server
[2024-11-07T12:26:30-0500] 0) West Cloud: 54.176.53.206
[2024-11-07T12:26:30-0500] 1) East Cloud: 54.197.223.49
[2024-11-07T12:26:51-0500] Enter your choice (0-1): Testing starlink, server 1 (ip: 54.197.223.49, nuttcp_port: 5103, iperf_port: 5003)
[2024-11-07T12:26:51-0500] -------------------------------
[2024-11-07T12:26:51-0500] tcp downlink test started at 2024-11-07 12:26:51.289 EST
[2024-11-07T12:26:51-0500] Testing tcp downlink with 54.197.223.49:5103, interval 0.5 s, duration 120 s, timeout 121 s...
[2024-11-07T12:28:52-0500] Current time exceeds end time, skipping wait
[2024-11-07T12:28:52-0500] Saved tcp downlink test to /data/data/com.termux/files/home/storage/shared/bos_la_2024_trip/starlink/20241107/122651271/tcp_downlink_122651312.out
[2024-11-07T12:28:52-0500] DL AVG TPUT: 
[2024-11-07T12:28:52-0500] tcp downlink test finished at 2024-11-07 12:28:52.424 EST, duration: 121.135 s
[2024-11-07T12:28:52-0500] -------------------------------
[2024-11-07T12:28:52-0500] Waiting for 2 s...
[2024-11-07T12:28:54-0500] -------------------------------
[2024-11-07T12:28:54-0500] Starting 5G booster for 5 s...
[2024-11-07T12:28:54-0500] 5G booster started at 2024-11-07 12:28:54.528 EST
[2024-11-07T12:29:00-0500] Current time exceeds end time, skipping wait
[2024-11-07T12:29:00-0500] Saved TCP DL results to /data/data/com.termux/files/home/storage/shared/bos_la_2024_trip/starlink/20241107/122651271/tcp_downlink_122854577.out
[2024-11-07T12:29:00-0500] DL AVG TPUT: 
[2024-11-07T12:29:00-0500] 5G booster finished at 2024-11-07 12:29:00.659 EST, duration: 6.131 s
[2024-11-07T12:29:00-0500] -------------------------------
[2024-11-07T12:29:00-0500] Waiting for 2 s...
[2024-11-07T12:29:02-0500] -------------------------------
[2024-11-07T12:29:02-0500] tcp uplink test started at 2024-11-07 12:29:02.759 EST
[2024-11-07T12:29:02-0500] testing tcp uplink with 54.197.223.49:5103, interval 0.5, duration 120, timeout 121 ...
[2024-11-07T12:31:03-0500] Current time exceeds end time, skipping wait
[2024-11-07T12:31:03-0500] Saved uplink test to /data/data/com.termux/files/home/storage/shared/bos_la_2024_trip/starlink/20241107/122651271/tcp_uplink_122902785.out
[2024-11-07T12:31:03-0500] UL AVG TPUT: 
[2024-11-07T12:31:03-0500] tcp uplink test finished at 2024-11-07 12:31:03.830 EST, duration: 121.071 s
[2024-11-07T12:31:03-0500] -------------------------------
[2024-11-07T12:31:03-0500] Waiting for 2 s...
[2024-11-07T12:31:05-0500] -------------------------------
[2024-11-07T12:31:05-0500] Starting 5G booster for 5 s...
[2024-11-07T12:31:05-0500] 5G booster started at 2024-11-07 12:31:05.919 EST
[2024-11-07T12:31:12-0500] Current time exceeds end time, skipping wait
[2024-11-07T12:31:12-0500] Saved TCP DL results to /data/data/com.termux/files/home/storage/shared/bos_la_2024_trip/starlink/20241107/122651271/tcp_downlink_123105972.out
[2024-11-07T12:31:12-0500] DL AVG TPUT: 
[2024-11-07T12:31:12-0500] 5G booster finished at 2024-11-07 12:31:12.047 EST, duration: 6.128 s
[2024-11-07T12:31:12-0500] -------------------------------
[2024-11-07T12:31:12-0500] Waiting for 2 s...
[2024-11-07T12:31:14-0500] -------------------------------
[2024-11-07T12:31:14-0500] ICMP Ping test started at 2024-11-07 12:31:14.188 EST
[2024-11-07T12:31:44-0500] Waiting for .923 s to reach end time
[2024-11-07T12:31:45-0500] Saved ping test to /data/data/com.termux/files/home/storage/shared/bos_la_2024_trip/starlink/20241107/122651271/icmp_ping_123114217.out
[2024-11-07T12:31:45-0500] Ping summary (min/avg/max/mdev) = 43.309/68.798/195.989/22.844 ms
[2024-11-07T12:31:45-0500] Ping test finished at 2024-11-07 12:31:45.267 EST, duration: 31.079 s
[2024-11-07T12:31:45-0500] -------------------------------
[2024-11-07T12:31:45-0500] Waiting for 2 s...
[2024-11-07T12:31:47-0500] -------------------------------
[2024-11-07T12:31:47-0500] Starting 5G booster for 5 s...
[2024-11-07T12:31:47-0500] 5G booster started at 2024-11-07 12:31:47.397 EST
[2024-11-07T12:31:53-0500] Current time exceeds end time, skipping wait
[2024-11-07T12:31:53-0500] Saved TCP DL results to /data/data/com.termux/files/home/storage/shared/bos_la_2024_trip/starlink/20241107/122651271/tcp_downlink_123147425.out
[2024-11-07T12:31:53-0500] DL AVG TPUT: 
[2024-11-07T12:31:53-0500] 5G booster finished at 2024-11-07 12:31:53.478 EST, duration: 6.081 s
[2024-11-07T12:31:53-0500] -------------------------------
[2024-11-07T12:31:53-0500] Waiting for 2 s...
[2024-11-07T12:31:55-0500] -------------------------------
[2024-11-07T12:31:55-0500] TCP Ping test started at 2024-11-07 12:31:55.565 EST
[2024-11-07T12:32:26-0500] Current time exceeds end time, skipping wait
[2024-11-07T12:32:26-0500] Saved TCP Ping test to /data/data/com.termux/files/home/storage/shared/bos_la_2024_trip/starlink/20241107/122651271/tcp_ping_123155610.out
[2024-11-07T12:32:26-0500] TCP Ping summary (min/avg/max/mdev) 
[2024-11-07T12:32:26-0500] TCP Ping test finished at 2024-11-07 12:32:26.702 EST, duration: 31.137 s
[2024-11-07T12:32:26-0500] -------------------------------
[2024-11-07T12:32:26-0500] Waiting for 2 s...
[2024-11-07T12:32:28-0500] -------------------------------
[2024-11-07T12:32:28-0500] Traceroute test started at 2024-11-07 12:32:28.823 EST
[2024-11-07T12:32:30-0500] Waiting for 28.134 s to reach end time
[2024-11-07T12:32:58-0500] Saved traceroute test to /data/data/com.termux/files/home/storage/shared/bos_la_2024_trip/starlink/20241107/122651271/traceroute_123228852.out
[2024-11-07T12:32:58-0500] Traceroute summary (min/avg/max/mdev) 
[2024-11-07T12:32:58-0500] Traceroute test finished at 2024-11-07 12:32:58.909 EST, duration: 30.086 s
[2024-11-07T12:32:58-0500] -------------------------------
[2024-11-07T12:32:58-0500] All tests completed, cleaning up...
[2024-11-07T12:32:58-0500] -------------------------------
[2024-11-07T12:37:03-0500] [measurement] Load environment variables from prod.env file
[2024-11-07T12:37:03-0500] Starting a network measurement, please choose a server
[2024-11-07T12:37:03-0500] 0) West Cloud: 54.176.53.206
[2024-11-07T12:37:03-0500] 1) East Cloud: 54.197.223.49
[2024-11-07T12:38:15-0500] Enter your choice (0-1): Testing starlink, server 1 (ip: 54.197.223.49, nuttcp_port: 5103, iperf_port: 5003)
[2024-11-07T12:38:15-0500] -------------------------------
[2024-11-07T12:38:15-0500] tcp downlink test started at 2024-11-07 12:38:15.615 EST
[2024-11-07T12:38:15-0500] Testing tcp downlink with 54.197.223.49:5103, interval 0.5 s, duration 120 s, timeout 121 s...
[2024-11-07T12:40:16-0500] Current time exceeds end time, skipping wait
[2024-11-07T12:40:16-0500] Saved tcp downlink test to /data/data/com.termux/files/home/storage/shared/bos_la_2024_trip/starlink/20241107/123815593/tcp_downlink_123815640.out
[2024-11-07T12:40:16-0500] DL AVG TPUT: 
[2024-11-07T12:40:16-0500] tcp downlink test finished at 2024-11-07 12:40:16.730 EST, duration: 121.115 s
[2024-11-07T12:40:16-0500] -------------------------------
[2024-11-07T12:40:16-0500] Waiting for 2 s...
[2024-11-07T12:40:18-0500] -------------------------------
[2024-11-07T12:40:18-0500] Starting 5G booster for 5 s...
[2024-11-07T12:40:18-0500] 5G booster started at 2024-11-07 12:40:18.822 EST
[2024-11-07T12:40:24-0500] Current time exceeds end time, skipping wait
[2024-11-07T12:40:24-0500] Saved TCP DL results to /data/data/com.termux/files/home/storage/shared/bos_la_2024_trip/starlink/20241107/123815593/tcp_downlink_124018846.out
[2024-11-07T12:40:24-0500] DL AVG TPUT: 
[2024-11-07T12:40:24-0500] 5G booster finished at 2024-11-07 12:40:24.895 EST, duration: 6.073 s
[2024-11-07T12:40:24-0500] -------------------------------
[2024-11-07T12:40:24-0500] Waiting for 2 s...
[2024-11-07T12:40:26-0500] -------------------------------
[2024-11-07T12:40:27-0500] tcp uplink test started at 2024-11-07 12:40:26.992 EST
[2024-11-07T12:40:27-0500] testing tcp uplink with 54.197.223.49:5103, interval 0.5, duration 120, timeout 121 ...
[2024-11-07T12:42:28-0500] Current time exceeds end time, skipping wait
[2024-11-07T12:42:28-0500] Saved uplink test to /data/data/com.termux/files/home/storage/shared/bos_la_2024_trip/starlink/20241107/123815593/tcp_uplink_124027023.out
[2024-11-07T12:42:28-0500] UL AVG TPUT: 
[2024-11-07T12:42:28-0500] tcp uplink test finished at 2024-11-07 12:42:28.101 EST, duration: 121.109 s
[2024-11-07T12:42:28-0500] -------------------------------
[2024-11-07T12:42:28-0500] Waiting for 2 s...
[2024-11-07T12:42:30-0500] -------------------------------
[2024-11-07T12:42:30-0500] Starting 5G booster for 5 s...
[2024-11-07T12:42:30-0500] 5G booster started at 2024-11-07 12:42:30.208 EST
[2024-11-07T12:42:36-0500] Current time exceeds end time, skipping wait
[2024-11-07T12:42:36-0500] Saved TCP DL results to /data/data/com.termux/files/home/storage/shared/bos_la_2024_trip/starlink/20241107/123815593/tcp_downlink_124230233.out
[2024-11-07T12:42:36-0500] DL AVG TPUT: 
[2024-11-07T12:42:36-0500] 5G booster finished at 2024-11-07 12:42:36.303 EST, duration: 6.095 s
[2024-11-07T12:42:36-0500] -------------------------------
[2024-11-07T12:42:36-0500] Waiting for 2 s...
[2024-11-07T12:42:38-0500] -------------------------------
[2024-11-07T12:42:38-0500] ICMP Ping test started at 2024-11-07 12:42:38.400 EST
[2024-11-07T12:43:08-0500] Waiting for .932 s to reach end time
[2024-11-07T12:43:09-0500] Saved ping test to /data/data/com.termux/files/home/storage/shared/bos_la_2024_trip/starlink/20241107/123815593/icmp_ping_124238425.out
[2024-11-07T12:43:09-0500] Ping summary (min/avg/max/mdev) = 42.413/65.805/135.266/20.183 ms
[2024-11-07T12:43:09-0500] Ping test finished at 2024-11-07 12:43:09.464 EST, duration: 31.064 s
[2024-11-07T12:43:09-0500] -------------------------------
[2024-11-07T12:43:09-0500] Waiting for 2 s...
[2024-11-07T12:43:11-0500] -------------------------------
[2024-11-07T12:43:11-0500] Starting 5G booster for 5 s...
[2024-11-07T12:43:11-0500] 5G booster started at 2024-11-07 12:43:11.576 EST
[2024-11-07T12:43:17-0500] Current time exceeds end time, skipping wait
[2024-11-07T12:43:17-0500] Saved TCP DL results to /data/data/com.termux/files/home/storage/shared/bos_la_2024_trip/starlink/20241107/123815593/tcp_downlink_124311616.out
[2024-11-07T12:43:17-0500] DL AVG TPUT: 
[2024-11-07T12:43:17-0500] 5G booster finished at 2024-11-07 12:43:17.746 EST, duration: 6.170 s
[2024-11-07T12:43:17-0500] -------------------------------
[2024-11-07T12:43:17-0500] Waiting for 2 s...
[2024-11-07T12:43:19-0500] -------------------------------
[2024-11-07T12:43:19-0500] TCP Ping test started at 2024-11-07 12:43:19.847 EST
[2024-11-07T12:43:50-0500] Current time exceeds end time, skipping wait
[2024-11-07T12:43:51-0500] Saved TCP Ping test to /data/data/com.termux/files/home/storage/shared/bos_la_2024_trip/starlink/20241107/123815593/tcp_ping_124319901.out
[2024-11-07T12:43:51-0500] TCP Ping summary (min/avg/max/mdev) 
[2024-11-07T12:43:51-0500] TCP Ping test finished at 2024-11-07 12:43:51.002 EST, duration: 31.155 s
[2024-11-07T12:43:51-0500] -------------------------------
[2024-11-07T12:43:51-0500] Waiting for 2 s...
[2024-11-07T12:43:53-0500] -------------------------------
[2024-11-07T12:43:53-0500] Traceroute test started at 2024-11-07 12:43:53.107 EST
[2024-11-07T12:43:55-0500] Waiting for 28.046 s to reach end time
[2024-11-07T12:44:23-0500] Saved traceroute test to /data/data/com.termux/files/home/storage/shared/bos_la_2024_trip/starlink/20241107/123815593/traceroute_124353170.out
[2024-11-07T12:44:23-0500] Traceroute summary (min/avg/max/mdev) 
[2024-11-07T12:44:23-0500] Traceroute test finished at 2024-11-07 12:44:23.232 EST, duration: 30.125 s
[2024-11-07T12:44:23-0500] -------------------------------
[2024-11-07T12:44:23-0500] All tests completed, cleaning up...
[2024-11-07T12:44:23-0500] -------------------------------
[2024-11-07T12:44:39-0500] [measurement] Load environment variables from prod.env file
[2024-11-07T12:44:39-0500] Starting a network measurement, please choose a server
[2024-11-07T12:44:39-0500] 0) West Cloud: 54.176.53.206
[2024-11-07T12:44:39-0500] 1) East Cloud: 54.197.223.49
[2024-11-07T12:45:19-0500] Enter your choice (0-1): Testing starlink, server 1 (ip: 54.197.223.49, nuttcp_port: 5103, iperf_port: 5003)
[2024-11-07T12:45:19-0500] -------------------------------
[2024-11-07T12:45:19-0500] tcp downlink test started at 2024-11-07 12:45:19.886 EST
[2024-11-07T12:45:19-0500] Testing tcp downlink with 54.197.223.49:5103, interval 0.5 s, duration 120 s, timeout 121 s...
[2024-11-07T12:47:20-0500] Current time exceeds end time, skipping wait
[2024-11-07T12:47:20-0500] Saved tcp downlink test to /data/data/com.termux/files/home/storage/shared/bos_la_2024_trip/starlink/20241107/124519869/tcp_downlink_124519911.out
[2024-11-07T12:47:21-0500] DL AVG TPUT: 
[2024-11-07T12:47:21-0500] tcp downlink test finished at 2024-11-07 12:47:20.985 EST, duration: 121.099 s
[2024-11-07T12:47:21-0500] -------------------------------
[2024-11-07T12:47:21-0500] Waiting for 2 s...
[2024-11-07T12:47:23-0500] -------------------------------
[2024-11-07T12:47:23-0500] Starting 5G booster for 5 s...
[2024-11-07T12:47:23-0500] 5G booster started at 2024-11-07 12:47:23.137 EST
[2024-11-07T12:47:29-0500] Current time exceeds end time, skipping wait
[2024-11-07T12:47:29-0500] Saved TCP DL results to /data/data/com.termux/files/home/storage/shared/bos_la_2024_trip/starlink/20241107/124519869/tcp_downlink_124723161.out
[2024-11-07T12:47:29-0500] DL AVG TPUT: 
[2024-11-07T12:47:29-0500] 5G booster finished at 2024-11-07 12:47:29.252 EST, duration: 6.115 s
[2024-11-07T12:47:29-0500] -------------------------------
[2024-11-07T12:47:29-0500] Waiting for 2 s...
[2024-11-07T12:47:31-0500] -------------------------------
[2024-11-07T12:47:31-0500] tcp uplink test started at 2024-11-07 12:47:31.358 EST
[2024-11-07T12:47:31-0500] testing tcp uplink with 54.197.223.49:5103, interval 0.5, duration 120, timeout 121 ...
[2024-11-07T12:49:32-0500] Current time exceeds end time, skipping wait
[2024-11-07T12:49:32-0500] Saved uplink test to /data/data/com.termux/files/home/storage/shared/bos_la_2024_trip/starlink/20241107/124519869/tcp_uplink_124731387.out
[2024-11-07T12:49:32-0500] UL AVG TPUT: 
[2024-11-07T12:49:32-0500] tcp uplink test finished at 2024-11-07 12:49:32.493 EST, duration: 121.135 s
[2024-11-07T12:49:32-0500] -------------------------------
[2024-11-07T12:49:32-0500] Waiting for 2 s...
[2024-11-07T12:49:34-0500] -------------------------------
[2024-11-07T12:49:34-0500] Starting 5G booster for 5 s...
[2024-11-07T12:49:34-0500] 5G booster started at 2024-11-07 12:49:34.595 EST
[2024-11-07T12:49:40-0500] Current time exceeds end time, skipping wait
[2024-11-07T12:49:40-0500] Saved TCP DL results to /data/data/com.termux/files/home/storage/shared/bos_la_2024_trip/starlink/20241107/124519869/tcp_downlink_124934659.out
[2024-11-07T12:49:40-0500] DL AVG TPUT: 
[2024-11-07T12:49:40-0500] 5G booster finished at 2024-11-07 12:49:40.758 EST, duration: 6.163 s
[2024-11-07T12:49:40-0500] -------------------------------
[2024-11-07T12:49:40-0500] Waiting for 2 s...
[2024-11-07T12:49:42-0500] -------------------------------
[2024-11-07T12:49:42-0500] ICMP Ping test started at 2024-11-07 12:49:42.853 EST
[2024-11-07T12:50:13-0500] Waiting for .895 s to reach end time
[2024-11-07T12:50:13-0500] Saved ping test to /data/data/com.termux/files/home/storage/shared/bos_la_2024_trip/starlink/20241107/124519869/icmp_ping_124942883.out
[2024-11-07T12:50:14-0500] Ping summary (min/avg/max/mdev) = 40.734/64.752/235.463/24.095 ms
[2024-11-07T12:50:14-0500] Ping test finished at 2024-11-07 12:50:13.956 EST, duration: 31.103 s
[2024-11-07T12:50:14-0500] -------------------------------
[2024-11-07T12:50:14-0500] Waiting for 2 s...
[2024-11-07T12:50:16-0500] -------------------------------
[2024-11-07T12:50:16-0500] Starting 5G booster for 5 s...
[2024-11-07T12:50:16-0500] 5G booster started at 2024-11-07 12:50:16.082 EST
[2024-11-07T12:50:22-0500] Current time exceeds end time, skipping wait
[2024-11-07T12:50:22-0500] Saved TCP DL results to /data/data/com.termux/files/home/storage/shared/bos_la_2024_trip/starlink/20241107/124519869/tcp_downlink_125016111.out
[2024-11-07T12:50:22-0500] DL AVG TPUT: 
[2024-11-07T12:50:22-0500] 5G booster finished at 2024-11-07 12:50:22.222 EST, duration: 6.140 s
[2024-11-07T12:50:22-0500] -------------------------------
[2024-11-07T12:50:22-0500] Waiting for 2 s...
[2024-11-07T12:50:24-0500] -------------------------------
[2024-11-07T12:50:24-0500] TCP Ping test started at 2024-11-07 12:50:24.303 EST
[2024-11-07T12:50:55-0500] Current time exceeds end time, skipping wait
[2024-11-07T12:50:55-0500] Saved TCP Ping test to /data/data/com.termux/files/home/storage/shared/bos_la_2024_trip/starlink/20241107/124519869/tcp_ping_125024326.out
[2024-11-07T12:50:55-0500] TCP Ping summary (min/avg/max/mdev) 
[2024-11-07T12:50:55-0500] TCP Ping test finished at 2024-11-07 12:50:55.394 EST, duration: 31.091 s
[2024-11-07T12:50:55-0500] -------------------------------
[2024-11-07T12:50:55-0500] Waiting for 2 s...
[2024-11-07T12:50:57-0500] -------------------------------
[2024-11-07T12:50:57-0500] Traceroute test started at 2024-11-07 12:50:57.493 EST
[2024-11-07T12:50:59-0500] Waiting for 28.149 s to reach end time
[2024-11-07T12:51:27-0500] Saved traceroute test to /data/data/com.termux/files/home/storage/shared/bos_la_2024_trip/starlink/20241107/124519869/traceroute_125057517.out
[2024-11-07T12:51:27-0500] Traceroute summary (min/avg/max/mdev) 
[2024-11-07T12:51:27-0500] Traceroute test finished at 2024-11-07 12:51:27.578 EST, duration: 30.085 s
[2024-11-07T12:51:27-0500] -------------------------------
[2024-11-07T12:51:27-0500] All tests completed, cleaning up...
[2024-11-07T12:51:27-0500] -------------------------------
[2024-11-07T12:51:59-0500] [measurement] Load environment variables from prod.env file
[2024-11-07T12:51:59-0500] Starting a network measurement, please choose a server
[2024-11-07T12:51:59-0500] 0) West Cloud: 54.176.53.206
[2024-11-07T12:51:59-0500] 1) East Cloud: 54.197.223.49
[2024-11-07T12:52:55-0500] Enter your choice (0-1): Testing starlink, server 1 (ip: 54.197.223.49, nuttcp_port: 5103, iperf_port: 5003)
[2024-11-07T12:52:55-0500] -------------------------------
[2024-11-07T12:52:55-0500] tcp downlink test started at 2024-11-07 12:52:55.721 EST
[2024-11-07T12:52:55-0500] Testing tcp downlink with 54.197.223.49:5103, interval 0.5 s, duration 120 s, timeout 121 s...
[2024-11-07T12:54:56-0500] Current time exceeds end time, skipping wait
[2024-11-07T12:54:56-0500] Saved tcp downlink test to /data/data/com.termux/files/home/storage/shared/bos_la_2024_trip/starlink/20241107/125255703/tcp_downlink_125255744.out
[2024-11-07T12:54:56-0500] DL AVG TPUT: 
[2024-11-07T12:54:56-0500] tcp downlink test finished at 2024-11-07 12:54:56.869 EST, duration: 121.148 s
[2024-11-07T12:54:56-0500] -------------------------------
[2024-11-07T12:54:56-0500] Waiting for 2 s...
[2024-11-07T12:54:58-0500] -------------------------------
[2024-11-07T12:54:58-0500] Starting 5G booster for 5 s...
[2024-11-07T12:54:59-0500] 5G booster started at 2024-11-07 12:54:58.975 EST
[2024-11-07T12:55:05-0500] Current time exceeds end time, skipping wait
[2024-11-07T12:55:05-0500] Saved TCP DL results to /data/data/com.termux/files/home/storage/shared/bos_la_2024_trip/starlink/20241107/125255703/tcp_downlink_125459027.out
[2024-11-07T12:55:05-0500] DL AVG TPUT: 
[2024-11-07T12:55:05-0500] 5G booster finished at 2024-11-07 12:55:05.142 EST, duration: 6.167 s
[2024-11-07T12:55:05-0500] -------------------------------
[2024-11-07T12:55:05-0500] Waiting for 2 s...
[2024-11-07T12:55:07-0500] -------------------------------
[2024-11-07T12:55:07-0500] tcp uplink test started at 2024-11-07 12:55:07.231 EST
[2024-11-07T12:55:07-0500] testing tcp uplink with 54.197.223.49:5103, interval 0.5, duration 120, timeout 121 ...
[2024-11-07T12:57:08-0500] Current time exceeds end time, skipping wait
[2024-11-07T12:57:08-0500] Saved uplink test to /data/data/com.termux/files/home/storage/shared/bos_la_2024_trip/starlink/20241107/125255703/tcp_uplink_125507252.out
[2024-11-07T12:57:08-0500] UL AVG TPUT: 
[2024-11-07T12:57:08-0500] tcp uplink test finished at 2024-11-07 12:57:08.314 EST, duration: 121.083 s
[2024-11-07T12:57:08-0500] -------------------------------
[2024-11-07T12:57:08-0500] Waiting for 2 s...
[2024-11-07T12:57:10-0500] -------------------------------
[2024-11-07T12:57:10-0500] Starting 5G booster for 5 s...
[2024-11-07T12:57:10-0500] 5G booster started at 2024-11-07 12:57:10.433 EST
[2024-11-07T12:57:16-0500] Current time exceeds end time, skipping wait
[2024-11-07T12:57:16-0500] Saved TCP DL results to /data/data/com.termux/files/home/storage/shared/bos_la_2024_trip/starlink/20241107/125255703/tcp_downlink_125710492.out
[2024-11-07T12:57:16-0500] DL AVG TPUT: 
[2024-11-07T12:57:16-0500] 5G booster finished at 2024-11-07 12:57:16.593 EST, duration: 6.160 s
[2024-11-07T12:57:16-0500] -------------------------------
[2024-11-07T12:57:16-0500] Waiting for 2 s...
[2024-11-07T12:57:18-0500] -------------------------------
[2024-11-07T12:57:18-0500] ICMP Ping test started at 2024-11-07 12:57:18.715 EST
[2024-11-07T12:57:48-0500] Waiting for .902 s to reach end time
[2024-11-07T12:57:49-0500] Saved ping test to /data/data/com.termux/files/home/storage/shared/bos_la_2024_trip/starlink/20241107/125255703/icmp_ping_125718745.out
[2024-11-07T12:57:49-0500] Ping summary (min/avg/max/mdev) = 45.354/75.403/159.452/20.600 ms
[2024-11-07T12:57:49-0500] Ping test finished at 2024-11-07 12:57:49.788 EST, duration: 31.073 s
[2024-11-07T12:57:49-0500] -------------------------------
[2024-11-07T12:57:49-0500] Waiting for 2 s...
[2024-11-07T12:57:51-0500] -------------------------------
[2024-11-07T12:57:51-0500] Starting 5G booster for 5 s...
[2024-11-07T12:57:51-0500] 5G booster started at 2024-11-07 12:57:51.869 EST
[2024-11-07T12:57:57-0500] Current time exceeds end time, skipping wait
[2024-11-07T12:57:57-0500] Saved TCP DL results to /data/data/com.termux/files/home/storage/shared/bos_la_2024_trip/starlink/20241107/125255703/tcp_downlink_125751892.out
[2024-11-07T12:57:57-0500] DL AVG TPUT: 
[2024-11-07T12:57:58-0500] 5G booster finished at 2024-11-07 12:57:57.952 EST, duration: 6.083 s
[2024-11-07T12:57:58-0500] -------------------------------
[2024-11-07T12:57:58-0500] Waiting for 2 s...
[2024-11-07T12:58:00-0500] -------------------------------
[2024-11-07T12:58:00-0500] TCP Ping test started at 2024-11-07 12:58:00.078 EST
[2024-11-07T12:58:31-0500] Current time exceeds end time, skipping wait
[2024-11-07T12:58:31-0500] Saved TCP Ping test to /data/data/com.termux/files/home/storage/shared/bos_la_2024_trip/starlink/20241107/125255703/tcp_ping_125800132.out
[2024-11-07T12:58:31-0500] TCP Ping summary (min/avg/max/mdev) 
[2024-11-07T12:58:31-0500] TCP Ping test finished at 2024-11-07 12:58:31.269 EST, duration: 31.191 s
[2024-11-07T12:58:31-0500] -------------------------------
[2024-11-07T12:58:31-0500] Waiting for 2 s...
[2024-11-07T12:58:33-0500] -------------------------------
[2024-11-07T12:58:33-0500] Traceroute test started at 2024-11-07 12:58:33.356 EST
[2024-11-07T12:58:35-0500] Waiting for 28.119 s to reach end time
[2024-11-07T12:59:03-0500] Saved traceroute test to /data/data/com.termux/files/home/storage/shared/bos_la_2024_trip/starlink/20241107/125255703/traceroute_125833380.out
[2024-11-07T12:59:03-0500] Traceroute summary (min/avg/max/mdev) 
[2024-11-07T12:59:03-0500] Traceroute test finished at 2024-11-07 12:59:03.433 EST, duration: 30.077 s
[2024-11-07T12:59:03-0500] -------------------------------
[2024-11-07T12:59:03-0500] All tests completed, cleaning up...
[2024-11-07T12:59:03-0500] -------------------------------
[2024-11-07T12:59:50-0500] [measurement] Load environment variables from prod.env file
[2024-11-07T12:59:50-0500] Starting a network measurement, please choose a server
[2024-11-07T12:59:50-0500] 0) West Cloud: 54.176.53.206
[2024-11-07T12:59:50-0500] 1) East Cloud: 54.197.223.49
[2024-11-07T13:00:25-0500] Enter your choice (0-1): Testing starlink, server 1 (ip: 54.197.223.49, nuttcp_port: 5103, iperf_port: 5003)
[2024-11-07T13:00:25-0500] -------------------------------
[2024-11-07T13:00:25-0500] tcp downlink test started at 2024-11-07 13:00:25.850 EST
[2024-11-07T13:00:25-0500] Testing tcp downlink with 54.197.223.49:5103, interval 0.5 s, duration 120 s, timeout 121 s...
[2024-11-07T13:02:26-0500] Current time exceeds end time, skipping wait
[2024-11-07T13:02:26-0500] Saved tcp downlink test to /data/data/com.termux/files/home/storage/shared/bos_la_2024_trip/starlink/20241107/130025832/tcp_downlink_130025883.out
[2024-11-07T13:02:27-0500] DL AVG TPUT: 
[2024-11-07T13:02:27-0500] tcp downlink test finished at 2024-11-07 13:02:26.989 EST, duration: 121.139 s
[2024-11-07T13:02:27-0500] -------------------------------
[2024-11-07T13:02:27-0500] Waiting for 2 s...
[2024-11-07T13:02:29-0500] -------------------------------
[2024-11-07T13:02:29-0500] Starting 5G booster for 5 s...
[2024-11-07T13:02:29-0500] 5G booster started at 2024-11-07 13:02:29.100 EST
[2024-11-07T13:02:35-0500] Current time exceeds end time, skipping wait
[2024-11-07T13:02:35-0500] Saved TCP DL results to /data/data/com.termux/files/home/storage/shared/bos_la_2024_trip/starlink/20241107/130025832/tcp_downlink_130229128.out
[2024-11-07T13:02:35-0500] DL AVG TPUT: 
[2024-11-07T13:02:35-0500] 5G booster finished at 2024-11-07 13:02:35.211 EST, duration: 6.111 s
[2024-11-07T13:02:35-0500] -------------------------------
[2024-11-07T13:02:35-0500] Waiting for 2 s...
[2024-11-07T13:02:37-0500] -------------------------------
[2024-11-07T13:02:37-0500] tcp uplink test started at 2024-11-07 13:02:37.315 EST
[2024-11-07T13:02:37-0500] testing tcp uplink with 54.197.223.49:5103, interval 0.5, duration 120, timeout 121 ...
[2024-11-07T13:04:38-0500] Current time exceeds end time, skipping wait
[2024-11-07T13:04:38-0500] Saved uplink test to /data/data/com.termux/files/home/storage/shared/bos_la_2024_trip/starlink/20241107/130025832/tcp_uplink_130237344.out
[2024-11-07T13:04:38-0500] UL AVG TPUT: 
[2024-11-07T13:04:38-0500] tcp uplink test finished at 2024-11-07 13:04:38.414 EST, duration: 121.099 s
[2024-11-07T13:04:38-0500] -------------------------------
[2024-11-07T13:04:38-0500] Waiting for 2 s...
[2024-11-07T13:04:40-0500] -------------------------------
[2024-11-07T13:04:40-0500] Starting 5G booster for 5 s...
[2024-11-07T13:04:40-0500] 5G booster started at 2024-11-07 13:04:40.532 EST
[2024-11-07T13:04:46-0500] Current time exceeds end time, skipping wait
[2024-11-07T13:04:46-0500] Saved TCP DL results to /data/data/com.termux/files/home/storage/shared/bos_la_2024_trip/starlink/20241107/130025832/tcp_downlink_130440561.out
[2024-11-07T13:04:46-0500] DL AVG TPUT: 
[2024-11-07T13:04:46-0500] 5G booster finished at 2024-11-07 13:04:46.681 EST, duration: 6.149 s
[2024-11-07T13:04:46-0500] -------------------------------
[2024-11-07T13:04:46-0500] Waiting for 2 s...
[2024-11-07T13:04:48-0500] -------------------------------
[2024-11-07T13:04:48-0500] ICMP Ping test started at 2024-11-07 13:04:48.807 EST
[2024-11-07T13:05:18-0500] Waiting for .862 s to reach end time
[2024-11-07T13:05:19-0500] Saved ping test to /data/data/com.termux/files/home/storage/shared/bos_la_2024_trip/starlink/20241107/130025832/icmp_ping_130448860.out
[2024-11-07T13:05:19-0500] Ping summary (min/avg/max/mdev) = 38.180/58.589/148.340/19.274 ms
[2024-11-07T13:05:19-0500] Ping test finished at 2024-11-07 13:05:19.883 EST, duration: 31.076 s
[2024-11-07T13:05:19-0500] -------------------------------
[2024-11-07T13:05:19-0500] Waiting for 2 s...
[2024-11-07T13:05:21-0500] -------------------------------
[2024-11-07T13:05:21-0500] Starting 5G booster for 5 s...
[2024-11-07T13:05:22-0500] 5G booster started at 2024-11-07 13:05:21.989 EST
[2024-11-07T13:05:28-0500] Current time exceeds end time, skipping wait
[2024-11-07T13:05:28-0500] Saved TCP DL results to /data/data/com.termux/files/home/storage/shared/bos_la_2024_trip/starlink/20241107/130025832/tcp_downlink_130522044.out
[2024-11-07T13:05:28-0500] DL AVG TPUT: 
[2024-11-07T13:05:28-0500] 5G booster finished at 2024-11-07 13:05:28.146 EST, duration: 6.157 s
[2024-11-07T13:05:28-0500] -------------------------------
[2024-11-07T13:05:28-0500] Waiting for 2 s...
[2024-11-07T13:05:30-0500] -------------------------------
[2024-11-07T13:05:30-0500] TCP Ping test started at 2024-11-07 13:05:30.250 EST
[2024-11-07T13:06:01-0500] Current time exceeds end time, skipping wait
[2024-11-07T13:06:01-0500] Saved TCP Ping test to /data/data/com.termux/files/home/storage/shared/bos_la_2024_trip/starlink/20241107/130025832/tcp_ping_130530277.out
[2024-11-07T13:06:01-0500] TCP Ping summary (min/avg/max/mdev) 
[2024-11-07T13:06:01-0500] TCP Ping test finished at 2024-11-07 13:06:01.384 EST, duration: 31.134 s
[2024-11-07T13:06:01-0500] -------------------------------
[2024-11-07T13:06:01-0500] Waiting for 2 s...
[2024-11-07T13:06:03-0500] -------------------------------
[2024-11-07T13:06:03-0500] Traceroute test started at 2024-11-07 13:06:03.487 EST
[2024-11-07T13:06:05-0500] Waiting for 28.358 s to reach end time
[2024-11-07T13:06:33-0500] Saved traceroute test to /data/data/com.termux/files/home/storage/shared/bos_la_2024_trip/starlink/20241107/130025832/traceroute_130603516.out
[2024-11-07T13:06:33-0500] Traceroute summary (min/avg/max/mdev) 
[2024-11-07T13:06:33-0500] Traceroute test finished at 2024-11-07 13:06:33.559 EST, duration: 30.072 s
[2024-11-07T13:06:33-0500] -------------------------------
[2024-11-07T13:06:33-0500] All tests completed, cleaning up...
[2024-11-07T13:06:33-0500] -------------------------------
[2024-11-07T13:06:52-0500] [measurement] Load environment variables from prod.env file
[2024-11-07T13:06:52-0500] Starting a network measurement, please choose a server
[2024-11-07T13:06:52-0500] 0) West Cloud: 54.176.53.206
[2024-11-07T13:06:52-0500] 1) East Cloud: 54.197.223.49
[2024-11-07T13:07:16-0500] Enter your choice (0-1): Testing starlink, server 1 (ip: 54.197.223.49, nuttcp_port: 5103, iperf_port: 5003)
[2024-11-07T13:07:16-0500] -------------------------------
[2024-11-07T13:07:16-0500] tcp downlink test started at 2024-11-07 13:07:16.593 EST
[2024-11-07T13:07:16-0500] Testing tcp downlink with 54.197.223.49:5103, interval 0.5 s, duration 120 s, timeout 121 s...
[2024-11-07T13:09:17-0500] Current time exceeds end time, skipping wait
[2024-11-07T13:09:17-0500] Saved tcp downlink test to /data/data/com.termux/files/home/storage/shared/bos_la_2024_trip/starlink/20241107/130716571/tcp_downlink_130716622.out
[2024-11-07T13:09:17-0500] DL AVG TPUT: 
[2024-11-07T13:09:17-0500] tcp downlink test finished at 2024-11-07 13:09:17.739 EST, duration: 121.146 s
[2024-11-07T13:09:17-0500] -------------------------------
[2024-11-07T13:09:17-0500] Waiting for 2 s...
[2024-11-07T13:09:19-0500] -------------------------------
[2024-11-07T13:09:19-0500] Starting 5G booster for 5 s...
[2024-11-07T13:09:19-0500] 5G booster started at 2024-11-07 13:09:19.879 EST
[2024-11-07T13:09:26-0500] Current time exceeds end time, skipping wait
[2024-11-07T13:09:26-0500] Saved TCP DL results to /data/data/com.termux/files/home/storage/shared/bos_la_2024_trip/starlink/20241107/130716571/tcp_downlink_130919906.out
[2024-11-07T13:09:26-0500] DL AVG TPUT: 
[2024-11-07T13:09:26-0500] 5G booster finished at 2024-11-07 13:09:26.027 EST, duration: 6.148 s
[2024-11-07T13:09:26-0500] -------------------------------
[2024-11-07T13:09:26-0500] Waiting for 2 s...
[2024-11-07T13:09:28-0500] -------------------------------
[2024-11-07T13:09:28-0500] tcp uplink test started at 2024-11-07 13:09:28.117 EST
[2024-11-07T13:09:28-0500] testing tcp uplink with 54.197.223.49:5103, interval 0.5, duration 120, timeout 121 ...
[2024-11-07T13:11:29-0500] Current time exceeds end time, skipping wait
[2024-11-07T13:11:29-0500] Saved uplink test to /data/data/com.termux/files/home/storage/shared/bos_la_2024_trip/starlink/20241107/130716571/tcp_uplink_130928150.out
[2024-11-07T13:11:29-0500] UL AVG TPUT: 
[2024-11-07T13:11:29-0500] tcp uplink test finished at 2024-11-07 13:11:29.234 EST, duration: 121.117 s
[2024-11-07T13:11:29-0500] -------------------------------
[2024-11-07T13:11:29-0500] Waiting for 2 s...
[2024-11-07T13:11:31-0500] -------------------------------
[2024-11-07T13:11:31-0500] Starting 5G booster for 5 s...
[2024-11-07T13:11:31-0500] 5G booster started at 2024-11-07 13:11:31.325 EST
[2024-11-07T13:11:37-0500] Current time exceeds end time, skipping wait
[2024-11-07T13:11:37-0500] Saved TCP DL results to /data/data/com.termux/files/home/storage/shared/bos_la_2024_trip/starlink/20241107/130716571/tcp_downlink_131131379.out
[2024-11-07T13:11:37-0500] DL AVG TPUT: 
[2024-11-07T13:11:37-0500] 5G booster finished at 2024-11-07 13:11:37.448 EST, duration: 6.123 s
[2024-11-07T13:11:37-0500] -------------------------------
[2024-11-07T13:11:37-0500] Waiting for 2 s...
[2024-11-07T13:11:39-0500] -------------------------------
[2024-11-07T13:11:39-0500] ICMP Ping test started at 2024-11-07 13:11:39.560 EST
[2024-11-07T13:12:09-0500] Waiting for .891 s to reach end time
[2024-11-07T13:12:10-0500] Saved ping test to /data/data/com.termux/files/home/storage/shared/bos_la_2024_trip/starlink/20241107/130716571/icmp_ping_131139591.out
[2024-11-07T13:12:10-0500] Ping summary (min/avg/max/mdev) = 38.564/72.716/192.097/28.356 ms
[2024-11-07T13:12:10-0500] Ping test finished at 2024-11-07 13:12:10.665 EST, duration: 31.105 s
[2024-11-07T13:12:10-0500] -------------------------------
[2024-11-07T13:12:10-0500] Waiting for 2 s...
[2024-11-07T13:12:12-0500] -------------------------------
[2024-11-07T13:12:12-0500] Starting 5G booster for 5 s...
[2024-11-07T13:12:12-0500] 5G booster started at 2024-11-07 13:12:12.792 EST
[2024-11-07T13:12:18-0500] Current time exceeds end time, skipping wait
[2024-11-07T13:12:18-0500] Saved TCP DL results to /data/data/com.termux/files/home/storage/shared/bos_la_2024_trip/starlink/20241107/130716571/tcp_downlink_131212824.out
[2024-11-07T13:12:18-0500] DL AVG TPUT: 
[2024-11-07T13:12:18-0500] 5G booster finished at 2024-11-07 13:12:18.924 EST, duration: 6.132 s
[2024-11-07T13:12:18-0500] -------------------------------
[2024-11-07T13:12:18-0500] Waiting for 2 s...
[2024-11-07T13:12:21-0500] -------------------------------
[2024-11-07T13:12:21-0500] TCP Ping test started at 2024-11-07 13:12:21.033 EST
[2024-11-07T13:12:52-0500] Current time exceeds end time, skipping wait
[2024-11-07T13:12:52-0500] Saved TCP Ping test to /data/data/com.termux/files/home/storage/shared/bos_la_2024_trip/starlink/20241107/130716571/tcp_ping_131221058.out
[2024-11-07T13:12:52-0500] TCP Ping summary (min/avg/max/mdev) 
[2024-11-07T13:12:52-0500] TCP Ping test finished at 2024-11-07 13:12:52.182 EST, duration: 31.149 s
[2024-11-07T13:12:52-0500] -------------------------------
[2024-11-07T13:12:52-0500] Waiting for 2 s...
[2024-11-07T13:12:54-0500] -------------------------------
[2024-11-07T13:12:54-0500] Traceroute test started at 2024-11-07 13:12:54.288 EST
[2024-11-07T13:12:56-0500] Waiting for 27.832 s to reach end time
[2024-11-07T13:13:24-0500] Saved traceroute test to /data/data/com.termux/files/home/storage/shared/bos_la_2024_trip/starlink/20241107/130716571/traceroute_131254340.out
[2024-11-07T13:13:24-0500] Traceroute summary (min/avg/max/mdev) 
[2024-11-07T13:13:24-0500] Traceroute test finished at 2024-11-07 13:13:24.367 EST, duration: 30.079 s
[2024-11-07T13:13:24-0500] -------------------------------
[2024-11-07T13:13:24-0500] All tests completed, cleaning up...
[2024-11-07T13:13:24-0500] -------------------------------
[2024-11-07T14:00:46-0500] [measurement] Load environment variables from prod.env file
[2024-11-07T14:00:46-0500] Starting a network measurement, please choose a server
[2024-11-07T14:00:46-0500] 0) West Cloud: 54.176.53.206
[2024-11-07T14:00:46-0500] 1) East Cloud: 54.197.223.49
[2024-11-07T14:18:26-0500] Enter your choice (0-1): Testing starlink, server 1 (ip: 54.197.223.49, nuttcp_port: 5103, iperf_port: 5003)
[2024-11-07T14:18:26-0500] -------------------------------
[2024-11-07T14:18:26-0500] tcp downlink test started at 2024-11-07 14:18:26.951 EST
[2024-11-07T14:18:27-0500] Testing tcp downlink with 54.197.223.49:5103, interval 0.5 s, duration 120 s, timeout 121 s...
[2024-11-07T14:20:28-0500] Current time exceeds end time, skipping wait
[2024-11-07T14:20:28-0500] Saved tcp downlink test to /data/data/com.termux/files/home/storage/shared/bos_la_2024_trip/starlink/20241107/141826927/tcp_downlink_141826994.out
[2024-11-07T14:20:28-0500] DL AVG TPUT: 
[2024-11-07T14:20:28-0500] tcp downlink test finished at 2024-11-07 14:20:28.101 EST, duration: 121.150 s
[2024-11-07T14:20:28-0500] -------------------------------
[2024-11-07T14:20:28-0500] Waiting for 2 s...
[2024-11-07T14:20:30-0500] -------------------------------
[2024-11-07T14:20:30-0500] Starting 5G booster for 5 s...
[2024-11-07T14:20:30-0500] 5G booster started at 2024-11-07 14:20:30.188 EST
[2024-11-07T14:20:36-0500] Current time exceeds end time, skipping wait
[2024-11-07T14:20:36-0500] Saved TCP DL results to /data/data/com.termux/files/home/storage/shared/bos_la_2024_trip/starlink/20241107/141826927/tcp_downlink_142030216.out
[2024-11-07T14:20:36-0500] DL AVG TPUT: 
[2024-11-07T14:20:36-0500] 5G booster finished at 2024-11-07 14:20:36.287 EST, duration: 6.099 s
[2024-11-07T14:20:36-0500] -------------------------------
[2024-11-07T14:20:36-0500] Waiting for 2 s...
[2024-11-07T14:20:38-0500] -------------------------------
[2024-11-07T14:20:38-0500] tcp uplink test started at 2024-11-07 14:20:38.396 EST
[2024-11-07T14:20:38-0500] testing tcp uplink with 54.197.223.49:5103, interval 0.5, duration 120, timeout 121 ...
[2024-11-07T14:22:39-0500] Current time exceeds end time, skipping wait
[2024-11-07T14:22:39-0500] Saved uplink test to /data/data/com.termux/files/home/storage/shared/bos_la_2024_trip/starlink/20241107/141826927/tcp_uplink_142038421.out
[2024-11-07T14:22:39-0500] UL AVG TPUT: 
[2024-11-07T14:22:39-0500] tcp uplink test finished at 2024-11-07 14:22:39.492 EST, duration: 121.096 s
[2024-11-07T14:22:39-0500] -------------------------------
[2024-11-07T14:22:39-0500] Waiting for 2 s...
[2024-11-07T14:22:41-0500] -------------------------------
[2024-11-07T14:22:41-0500] Starting 5G booster for 5 s...
[2024-11-07T14:22:41-0500] 5G booster started at 2024-11-07 14:22:41.625 EST
[2024-11-07T14:22:47-0500] Current time exceeds end time, skipping wait
[2024-11-07T14:22:47-0500] Saved TCP DL results to /data/data/com.termux/files/home/storage/shared/bos_la_2024_trip/starlink/20241107/141826927/tcp_downlink_142241679.out
[2024-11-07T14:22:47-0500] DL AVG TPUT: 
[2024-11-07T14:22:47-0500] 5G booster finished at 2024-11-07 14:22:47.773 EST, duration: 6.148 s
[2024-11-07T14:22:47-0500] -------------------------------
[2024-11-07T14:22:47-0500] Waiting for 2 s...
[2024-11-07T14:22:49-0500] -------------------------------
[2024-11-07T14:22:49-0500] ICMP Ping test started at 2024-11-07 14:22:49.868 EST
[2024-11-07T14:23:20-0500] Waiting for .884 s to reach end time
[2024-11-07T14:23:20-0500] Saved ping test to /data/data/com.termux/files/home/storage/shared/bos_la_2024_trip/starlink/20241107/141826927/icmp_ping_142249919.out
[2024-11-07T14:23:20-0500] Ping summary (min/avg/max/mdev) = 44.127/73.204/119.169/19.222 ms
[2024-11-07T14:23:21-0500] Ping test finished at 2024-11-07 14:23:20.935 EST, duration: 31.067 s
[2024-11-07T14:23:21-0500] -------------------------------
[2024-11-07T14:23:21-0500] Waiting for 2 s...
[2024-11-07T14:23:23-0500] -------------------------------
[2024-11-07T14:23:23-0500] Starting 5G booster for 5 s...
[2024-11-07T14:23:23-0500] 5G booster started at 2024-11-07 14:23:23.099 EST
[2024-11-07T14:23:29-0500] Current time exceeds end time, skipping wait
[2024-11-07T14:23:29-0500] Saved TCP DL results to /data/data/com.termux/files/home/storage/shared/bos_la_2024_trip/starlink/20241107/141826927/tcp_downlink_142323151.out
[2024-11-07T14:23:29-0500] DL AVG TPUT: 
[2024-11-07T14:23:29-0500] 5G booster finished at 2024-11-07 14:23:29.253 EST, duration: 6.154 s
[2024-11-07T14:23:29-0500] -------------------------------
[2024-11-07T14:23:29-0500] Waiting for 2 s...
[2024-11-07T14:23:31-0500] -------------------------------
[2024-11-07T14:23:31-0500] TCP Ping test started at 2024-11-07 14:23:31.350 EST
[2024-11-07T14:24:02-0500] Current time exceeds end time, skipping wait
[2024-11-07T14:24:02-0500] Saved TCP Ping test to /data/data/com.termux/files/home/storage/shared/bos_la_2024_trip/starlink/20241107/141826927/tcp_ping_142331375.out
[2024-11-07T14:24:02-0500] TCP Ping summary (min/avg/max/mdev) 
[2024-11-07T14:24:02-0500] TCP Ping test finished at 2024-11-07 14:24:02.458 EST, duration: 31.108 s
[2024-11-07T14:24:02-0500] -------------------------------
[2024-11-07T14:24:02-0500] Waiting for 2 s...
[2024-11-07T14:24:04-0500] -------------------------------
[2024-11-07T14:24:04-0500] Traceroute test started at 2024-11-07 14:24:04.550 EST
[2024-11-07T14:24:06-0500] Waiting for 28.049 s to reach end time
[2024-11-07T14:24:34-0500] Saved traceroute test to /data/data/com.termux/files/home/storage/shared/bos_la_2024_trip/starlink/20241107/141826927/traceroute_142404598.out
[2024-11-07T14:24:34-0500] Traceroute summary (min/avg/max/mdev) 
[2024-11-07T14:24:34-0500] Traceroute test finished at 2024-11-07 14:24:34.620 EST, duration: 30.070 s
[2024-11-07T14:24:34-0500] -------------------------------
[2024-11-07T14:24:34-0500] All tests completed, cleaning up...
[2024-11-07T14:24:34-0500] -------------------------------
[2024-11-07T14:24:49-0500] [measurement] Load environment variables from prod.env file
[2024-11-07T14:24:49-0500] Starting a network measurement, please choose a server
[2024-11-07T14:24:49-0500] 0) West Cloud: 54.176.53.206
[2024-11-07T14:24:49-0500] 1) East Cloud: 54.197.223.49
[2024-11-07T14:25:12-0500] Enter your choice (0-1): Testing starlink, server 1 (ip: 54.197.223.49, nuttcp_port: 5103, iperf_port: 5003)
[2024-11-07T14:25:12-0500] -------------------------------
[2024-11-07T14:25:12-0500] tcp downlink test started at 2024-11-07 14:25:12.560 EST
[2024-11-07T14:25:12-0500] Testing tcp downlink with 54.197.223.49:5103, interval 0.5 s, duration 120 s, timeout 121 s...
[2024-11-07T14:27:13-0500] Current time exceeds end time, skipping wait
[2024-11-07T14:27:13-0500] Saved tcp downlink test to /data/data/com.termux/files/home/storage/shared/bos_la_2024_trip/starlink/20241107/142512539/tcp_downlink_142512592.out
[2024-11-07T14:27:13-0500] DL AVG TPUT: 
[2024-11-07T14:27:13-0500] tcp downlink test finished at 2024-11-07 14:27:13.684 EST, duration: 121.124 s
[2024-11-07T14:27:13-0500] -------------------------------
[2024-11-07T14:27:13-0500] Waiting for 2 s...
[2024-11-07T14:27:15-0500] -------------------------------
[2024-11-07T14:27:15-0500] Starting 5G booster for 5 s...
[2024-11-07T14:27:15-0500] 5G booster started at 2024-11-07 14:27:15.763 EST
[2024-11-07T14:27:21-0500] Current time exceeds end time, skipping wait
[2024-11-07T14:27:21-0500] Saved TCP DL results to /data/data/com.termux/files/home/storage/shared/bos_la_2024_trip/starlink/20241107/142512539/tcp_downlink_142715792.out
[2024-11-07T14:27:21-0500] DL AVG TPUT: 
[2024-11-07T14:27:21-0500] 5G booster finished at 2024-11-07 14:27:21.869 EST, duration: 6.106 s
[2024-11-07T14:27:21-0500] -------------------------------
[2024-11-07T14:27:21-0500] Waiting for 2 s...
[2024-11-07T14:27:23-0500] -------------------------------
[2024-11-07T14:27:24-0500] tcp uplink test started at 2024-11-07 14:27:23.977 EST
[2024-11-07T14:27:24-0500] testing tcp uplink with 54.197.223.49:5103, interval 0.5, duration 120, timeout 121 ...
[2024-11-07T14:29:25-0500] Current time exceeds end time, skipping wait
[2024-11-07T14:29:25-0500] Saved uplink test to /data/data/com.termux/files/home/storage/shared/bos_la_2024_trip/starlink/20241107/142512539/tcp_uplink_142724031.out
[2024-11-07T14:29:25-0500] UL AVG TPUT: 
[2024-11-07T14:29:25-0500] tcp uplink test finished at 2024-11-07 14:29:25.106 EST, duration: 121.129 s
[2024-11-07T14:29:25-0500] -------------------------------
[2024-11-07T14:29:25-0500] Waiting for 2 s...
[2024-11-07T14:29:27-0500] -------------------------------
[2024-11-07T14:29:27-0500] Starting 5G booster for 5 s...
[2024-11-07T14:29:27-0500] 5G booster started at 2024-11-07 14:29:27.197 EST
[2024-11-07T14:29:33-0500] Current time exceeds end time, skipping wait
[2024-11-07T14:29:33-0500] Saved TCP DL results to /data/data/com.termux/files/home/storage/shared/bos_la_2024_trip/starlink/20241107/142512539/tcp_downlink_142927241.out
[2024-11-07T14:29:33-0500] DL AVG TPUT: 
[2024-11-07T14:29:33-0500] 5G booster finished at 2024-11-07 14:29:33.304 EST, duration: 6.107 s
[2024-11-07T14:29:33-0500] -------------------------------
[2024-11-07T14:29:33-0500] Waiting for 2 s...
[2024-11-07T14:29:35-0500] -------------------------------
[2024-11-07T14:29:35-0500] ICMP Ping test started at 2024-11-07 14:29:35.403 EST
[2024-11-07T14:30:05-0500] Waiting for .882 s to reach end time
[2024-11-07T14:30:06-0500] Saved ping test to /data/data/com.termux/files/home/storage/shared/bos_la_2024_trip/starlink/20241107/142512539/icmp_ping_142935458.out
[2024-11-07T14:30:06-0500] Ping summary (min/avg/max/mdev) = 46.899/72.368/121.918/18.841 ms
[2024-11-07T14:30:06-0500] Ping test finished at 2024-11-07 14:30:06.492 EST, duration: 31.089 s
[2024-11-07T14:30:06-0500] -------------------------------
[2024-11-07T14:30:06-0500] Waiting for 2 s...
[2024-11-07T14:30:08-0500] -------------------------------
[2024-11-07T14:30:08-0500] Starting 5G booster for 5 s...
[2024-11-07T14:30:08-0500] 5G booster started at 2024-11-07 14:30:08.596 EST
[2024-11-07T14:30:14-0500] Current time exceeds end time, skipping wait
[2024-11-07T14:30:14-0500] Saved TCP DL results to /data/data/com.termux/files/home/storage/shared/bos_la_2024_trip/starlink/20241107/142512539/tcp_downlink_143008627.out
[2024-11-07T14:30:14-0500] DL AVG TPUT: 
[2024-11-07T14:30:14-0500] 5G booster finished at 2024-11-07 14:30:14.718 EST, duration: 6.122 s
[2024-11-07T14:30:14-0500] -------------------------------
[2024-11-07T14:30:14-0500] Waiting for 2 s...
[2024-11-07T14:30:16-0500] -------------------------------
[2024-11-07T14:30:16-0500] TCP Ping test started at 2024-11-07 14:30:16.814 EST
[2024-11-07T14:30:47-0500] Current time exceeds end time, skipping wait
[2024-11-07T14:30:47-0500] Saved TCP Ping test to /data/data/com.termux/files/home/storage/shared/bos_la_2024_trip/starlink/20241107/142512539/tcp_ping_143016865.out
[2024-11-07T14:30:47-0500] TCP Ping summary (min/avg/max/mdev) 
[2024-11-07T14:30:48-0500] TCP Ping test finished at 2024-11-07 14:30:47.960 EST, duration: 31.146 s
[2024-11-07T14:30:48-0500] -------------------------------
[2024-11-07T14:30:48-0500] Waiting for 2 s...
[2024-11-07T14:30:50-0500] -------------------------------
[2024-11-07T14:30:50-0500] Traceroute test started at 2024-11-07 14:30:50.073 EST
[2024-11-07T14:30:54-0500] Waiting for 25.878 s to reach end time
[2024-11-07T14:31:20-0500] Saved traceroute test to /data/data/com.termux/files/home/storage/shared/bos_la_2024_trip/starlink/20241107/142512539/traceroute_143050129.out
[2024-11-07T14:31:20-0500] Traceroute summary (min/avg/max/mdev) 
[2024-11-07T14:31:20-0500] Traceroute test finished at 2024-11-07 14:31:20.156 EST, duration: 30.083 s
[2024-11-07T14:31:20-0500] -------------------------------
[2024-11-07T14:31:20-0500] All tests completed, cleaning up...
[2024-11-07T14:31:20-0500] -------------------------------
[2024-11-07T14:31:43-0500] [measurement] Load environment variables from prod.env file
[2024-11-07T14:31:43-0500] Starting a network measurement, please choose a server
[2024-11-07T14:31:43-0500] 0) West Cloud: 54.176.53.206
[2024-11-07T14:31:43-0500] 1) East Cloud: 54.197.223.49
[2024-11-07T14:32:11-0500] Enter your choice (0-1): Testing starlink, server 1 (ip: 54.197.223.49, nuttcp_port: 5103, iperf_port: 5003)
[2024-11-07T14:32:11-0500] -------------------------------
[2024-11-07T14:32:11-0500] tcp downlink test started at 2024-11-07 14:32:11.848 EST
[2024-11-07T14:32:11-0500] Testing tcp downlink with 54.197.223.49:5103, interval 0.5 s, duration 120 s, timeout 121 s...
[2024-11-07T14:34:12-0500] Current time exceeds end time, skipping wait
[2024-11-07T14:34:12-0500] Saved tcp downlink test to /data/data/com.termux/files/home/storage/shared/bos_la_2024_trip/starlink/20241107/143211828/tcp_downlink_143211882.out
[2024-11-07T14:34:12-0500] DL AVG TPUT: 
[2024-11-07T14:34:13-0500] tcp downlink test finished at 2024-11-07 14:34:12.955 EST, duration: 121.107 s
[2024-11-07T14:34:13-0500] -------------------------------
[2024-11-07T14:34:13-0500] Waiting for 2 s...
[2024-11-07T14:34:15-0500] -------------------------------
[2024-11-07T14:34:15-0500] Starting 5G booster for 5 s...
[2024-11-07T14:34:15-0500] 5G booster started at 2024-11-07 14:34:15.078 EST
[2024-11-07T14:34:21-0500] Current time exceeds end time, skipping wait
[2024-11-07T14:34:21-0500] Saved TCP DL results to /data/data/com.termux/files/home/storage/shared/bos_la_2024_trip/starlink/20241107/143211828/tcp_downlink_143415129.out
[2024-11-07T14:34:21-0500] DL AVG TPUT: 
[2024-11-07T14:34:21-0500] 5G booster finished at 2024-11-07 14:34:21.205 EST, duration: 6.127 s
[2024-11-07T14:34:21-0500] -------------------------------
[2024-11-07T14:34:21-0500] Waiting for 2 s...
[2024-11-07T14:34:23-0500] -------------------------------
[2024-11-07T14:34:23-0500] tcp uplink test started at 2024-11-07 14:34:23.318 EST
[2024-11-07T14:34:23-0500] testing tcp uplink with 54.197.223.49:5103, interval 0.5, duration 120, timeout 121 ...
[2024-11-07T14:36:24-0500] Current time exceeds end time, skipping wait
[2024-11-07T14:36:24-0500] Saved uplink test to /data/data/com.termux/files/home/storage/shared/bos_la_2024_trip/starlink/20241107/143211828/tcp_uplink_143423349.out
[2024-11-07T14:36:24-0500] UL AVG TPUT: 
[2024-11-07T14:36:24-0500] tcp uplink test finished at 2024-11-07 14:36:24.474 EST, duration: 121.156 s
[2024-11-07T14:36:24-0500] -------------------------------
[2024-11-07T14:36:24-0500] Waiting for 2 s...
[2024-11-07T14:36:26-0500] -------------------------------
[2024-11-07T14:36:26-0500] Starting 5G booster for 5 s...
[2024-11-07T14:36:26-0500] 5G booster started at 2024-11-07 14:36:26.588 EST
[2024-11-07T14:36:32-0500] Current time exceeds end time, skipping wait
[2024-11-07T14:36:32-0500] Saved TCP DL results to /data/data/com.termux/files/home/storage/shared/bos_la_2024_trip/starlink/20241107/143211828/tcp_downlink_143626619.out
[2024-11-07T14:36:32-0500] DL AVG TPUT: 
[2024-11-07T14:36:32-0500] 5G booster finished at 2024-11-07 14:36:32.689 EST, duration: 6.101 s
[2024-11-07T14:36:32-0500] -------------------------------
[2024-11-07T14:36:32-0500] Waiting for 2 s...
[2024-11-07T14:36:34-0500] -------------------------------
[2024-11-07T14:36:34-0500] ICMP Ping test started at 2024-11-07 14:36:34.780 EST
[2024-11-07T14:37:04-0500] Waiting for .913 s to reach end time
[2024-11-07T14:37:05-0500] Saved ping test to /data/data/com.termux/files/home/storage/shared/bos_la_2024_trip/starlink/20241107/143211828/icmp_ping_143634805.out
[2024-11-07T14:37:05-0500] Ping summary (min/avg/max/mdev) = 44.397/70.938/140.700/22.544 ms
[2024-11-07T14:37:06-0500] Ping test finished at 2024-11-07 14:37:05.905 EST, duration: 31.125 s
[2024-11-07T14:37:06-0500] -------------------------------
[2024-11-07T14:37:06-0500] Waiting for 2 s...
[2024-11-07T14:37:08-0500] -------------------------------
[2024-11-07T14:37:08-0500] Starting 5G booster for 5 s...
[2024-11-07T14:37:08-0500] 5G booster started at 2024-11-07 14:37:08.089 EST
[2024-11-07T14:37:14-0500] Current time exceeds end time, skipping wait
[2024-11-07T14:37:14-0500] Saved TCP DL results to /data/data/com.termux/files/home/storage/shared/bos_la_2024_trip/starlink/20241107/143211828/tcp_downlink_143708119.out
[2024-11-07T14:37:14-0500] DL AVG TPUT: 
[2024-11-07T14:37:14-0500] 5G booster finished at 2024-11-07 14:37:14.194 EST, duration: 6.105 s
[2024-11-07T14:37:14-0500] -------------------------------
[2024-11-07T14:37:14-0500] Waiting for 2 s...
[2024-11-07T14:37:16-0500] -------------------------------
[2024-11-07T14:37:16-0500] TCP Ping test started at 2024-11-07 14:37:16.277 EST
[2024-11-07T14:37:47-0500] Current time exceeds end time, skipping wait
[2024-11-07T14:37:47-0500] Saved TCP Ping test to /data/data/com.termux/files/home/storage/shared/bos_la_2024_trip/starlink/20241107/143211828/tcp_ping_143716301.out
[2024-11-07T14:37:47-0500] TCP Ping summary (min/avg/max/mdev) 
[2024-11-07T14:37:47-0500] TCP Ping test finished at 2024-11-07 14:37:47.364 EST, duration: 31.087 s
[2024-11-07T14:37:47-0500] -------------------------------
[2024-11-07T14:37:47-0500] Waiting for 2 s...
[2024-11-07T14:37:49-0500] -------------------------------
[2024-11-07T14:37:49-0500] Traceroute test started at 2024-11-07 14:37:49.454 EST
[2024-11-07T14:37:52-0500] Waiting for 27.058 s to reach end time
[2024-11-07T14:38:19-0500] Saved traceroute test to /data/data/com.termux/files/home/storage/shared/bos_la_2024_trip/starlink/20241107/143211828/traceroute_143749479.out
[2024-11-07T14:38:19-0500] Traceroute summary (min/avg/max/mdev) 
[2024-11-07T14:38:19-0500] Traceroute test finished at 2024-11-07 14:38:19.552 EST, duration: 30.098 s
[2024-11-07T14:38:19-0500] -------------------------------
[2024-11-07T14:38:19-0500] All tests completed, cleaning up...
[2024-11-07T14:38:19-0500] -------------------------------
[2024-11-07T14:38:50-0500] [measurement] Load environment variables from prod.env file
[2024-11-07T14:38:50-0500] Starting a network measurement, please choose a server
[2024-11-07T14:38:50-0500] 0) West Cloud: 54.176.53.206
[2024-11-07T14:38:50-0500] 1) East Cloud: 54.197.223.49
[2024-11-07T14:39:10-0500] Enter your choice (0-1): Testing starlink, server 1 (ip: 54.197.223.49, nuttcp_port: 5103, iperf_port: 5003)
[2024-11-07T14:39:10-0500] -------------------------------
[2024-11-07T14:39:10-0500] tcp downlink test started at 2024-11-07 14:39:10.259 EST
[2024-11-07T14:39:10-0500] Testing tcp downlink with 54.197.223.49:5103, interval 0.5 s, duration 120 s, timeout 121 s...
[2024-11-07T14:41:11-0500] Current time exceeds end time, skipping wait
[2024-11-07T14:41:11-0500] Saved tcp downlink test to /data/data/com.termux/files/home/storage/shared/bos_la_2024_trip/starlink/20241107/143910238/tcp_downlink_143910283.out
[2024-11-07T14:41:11-0500] DL AVG TPUT: 
[2024-11-07T14:41:11-0500] tcp downlink test finished at 2024-11-07 14:41:11.338 EST, duration: 121.079 s
[2024-11-07T14:41:11-0500] -------------------------------
[2024-11-07T14:41:11-0500] Waiting for 2 s...
[2024-11-07T14:41:13-0500] -------------------------------
[2024-11-07T14:41:13-0500] Starting 5G booster for 5 s...
[2024-11-07T14:41:13-0500] 5G booster started at 2024-11-07 14:41:13.468 EST
[2024-11-07T14:41:19-0500] Current time exceeds end time, skipping wait
[2024-11-07T14:41:19-0500] Saved TCP DL results to /data/data/com.termux/files/home/storage/shared/bos_la_2024_trip/starlink/20241107/143910238/tcp_downlink_144113540.out
[2024-11-07T14:41:19-0500] DL AVG TPUT: 
[2024-11-07T14:41:19-0500] 5G booster finished at 2024-11-07 14:41:19.625 EST, duration: 6.157 s
[2024-11-07T14:41:19-0500] -------------------------------
[2024-11-07T14:41:19-0500] Waiting for 2 s...
[2024-11-07T14:41:21-0500] -------------------------------
[2024-11-07T14:41:21-0500] tcp uplink test started at 2024-11-07 14:41:21.733 EST
[2024-11-07T14:41:21-0500] testing tcp uplink with 54.197.223.49:5103, interval 0.5, duration 120, timeout 121 ...
[2024-11-07T14:43:22-0500] Current time exceeds end time, skipping wait
[2024-11-07T14:43:22-0500] Saved uplink test to /data/data/com.termux/files/home/storage/shared/bos_la_2024_trip/starlink/20241107/143910238/tcp_uplink_144121758.out
[2024-11-07T14:43:22-0500] UL AVG TPUT: 
[2024-11-07T14:43:22-0500] tcp uplink test finished at 2024-11-07 14:43:22.845 EST, duration: 121.112 s
[2024-11-07T14:43:22-0500] -------------------------------
[2024-11-07T14:43:22-0500] Waiting for 2 s...
[2024-11-07T14:43:24-0500] -------------------------------
[2024-11-07T14:43:24-0500] Starting 5G booster for 5 s...
[2024-11-07T14:43:24-0500] 5G booster started at 2024-11-07 14:43:24.942 EST
[2024-11-07T14:43:31-0500] Current time exceeds end time, skipping wait
[2024-11-07T14:43:31-0500] Saved TCP DL results to /data/data/com.termux/files/home/storage/shared/bos_la_2024_trip/starlink/20241107/143910238/tcp_downlink_144324992.out
[2024-11-07T14:43:31-0500] DL AVG TPUT: 
[2024-11-07T14:43:31-0500] 5G booster finished at 2024-11-07 14:43:31.067 EST, duration: 6.125 s
[2024-11-07T14:43:31-0500] -------------------------------
[2024-11-07T14:43:31-0500] Waiting for 2 s...
[2024-11-07T14:43:33-0500] -------------------------------
[2024-11-07T14:43:33-0500] ICMP Ping test started at 2024-11-07 14:43:33.148 EST
[2024-11-07T14:44:03-0500] Waiting for .924 s to reach end time
[2024-11-07T14:44:04-0500] Saved ping test to /data/data/com.termux/files/home/storage/shared/bos_la_2024_trip/starlink/20241107/143910238/icmp_ping_144333171.out
[2024-11-07T14:44:04-0500] Ping summary (min/avg/max/mdev) = 40.940/78.186/151.853/22.328 ms
[2024-11-07T14:44:04-0500] Ping test finished at 2024-11-07 14:44:04.227 EST, duration: 31.079 s
[2024-11-07T14:44:04-0500] -------------------------------
[2024-11-07T14:44:04-0500] Waiting for 2 s...
[2024-11-07T14:44:06-0500] -------------------------------
[2024-11-07T14:44:06-0500] Starting 5G booster for 5 s...
[2024-11-07T14:44:06-0500] 5G booster started at 2024-11-07 14:44:06.351 EST
[2024-11-07T14:44:12-0500] Current time exceeds end time, skipping wait
[2024-11-07T14:44:12-0500] Saved TCP DL results to /data/data/com.termux/files/home/storage/shared/bos_la_2024_trip/starlink/20241107/143910238/tcp_downlink_144406382.out
[2024-11-07T14:44:12-0500] DL AVG TPUT: 
[2024-11-07T14:44:12-0500] 5G booster finished at 2024-11-07 14:44:12.502 EST, duration: 6.151 s
[2024-11-07T14:44:12-0500] -------------------------------
[2024-11-07T14:44:12-0500] Waiting for 2 s...
[2024-11-07T14:44:14-0500] -------------------------------
[2024-11-07T14:44:14-0500] TCP Ping test started at 2024-11-07 14:44:14.623 EST
[2024-11-07T14:44:45-0500] Current time exceeds end time, skipping wait
[2024-11-07T14:44:45-0500] Saved TCP Ping test to /data/data/com.termux/files/home/storage/shared/bos_la_2024_trip/starlink/20241107/143910238/tcp_ping_144414651.out
[2024-11-07T14:44:45-0500] TCP Ping summary (min/avg/max/mdev) 
[2024-11-07T14:44:45-0500] TCP Ping test finished at 2024-11-07 14:44:45.763 EST, duration: 31.140 s
[2024-11-07T14:44:45-0500] -------------------------------
[2024-11-07T14:44:45-0500] Waiting for 2 s...
[2024-11-07T14:44:47-0500] -------------------------------
[2024-11-07T14:44:47-0500] Traceroute test started at 2024-11-07 14:44:47.866 EST
[2024-11-07T14:44:50-0500] Waiting for 27.388 s to reach end time
[2024-11-07T14:45:17-0500] Saved traceroute test to /data/data/com.termux/files/home/storage/shared/bos_la_2024_trip/starlink/20241107/143910238/traceroute_144447921.out
[2024-11-07T14:45:17-0500] Traceroute summary (min/avg/max/mdev) 
[2024-11-07T14:45:18-0500] Traceroute test finished at 2024-11-07 14:45:17.948 EST, duration: 30.082 s
[2024-11-07T14:45:18-0500] -------------------------------
[2024-11-07T14:45:18-0500] All tests completed, cleaning up...
[2024-11-07T14:45:18-0500] -------------------------------
[2024-11-07T14:45:25-0500] [measurement] Load environment variables from prod.env file
[2024-11-07T14:45:25-0500] Starting a network measurement, please choose a server
[2024-11-07T14:45:25-0500] 0) West Cloud: 54.176.53.206
[2024-11-07T14:45:25-0500] 1) East Cloud: 54.197.223.49
[2024-11-07T14:45:53-0500] Enter your choice (0-1): Testing starlink, server 1 (ip: 54.197.223.49, nuttcp_port: 5103, iperf_port: 5003)
[2024-11-07T14:45:53-0500] -------------------------------
[2024-11-07T14:45:53-0500] tcp downlink test started at 2024-11-07 14:45:53.693 EST
[2024-11-07T14:45:53-0500] Testing tcp downlink with 54.197.223.49:5103, interval 0.5 s, duration 120 s, timeout 121 s...
[2024-11-07T14:47:54-0500] Current time exceeds end time, skipping wait
[2024-11-07T14:47:54-0500] Saved tcp downlink test to /data/data/com.termux/files/home/storage/shared/bos_la_2024_trip/starlink/20241107/144553668/tcp_downlink_144553718.out
[2024-11-07T14:47:54-0500] DL AVG TPUT: 
[2024-11-07T14:47:54-0500] tcp downlink test finished at 2024-11-07 14:47:54.783 EST, duration: 121.090 s
[2024-11-07T14:47:54-0500] -------------------------------
[2024-11-07T14:47:54-0500] Waiting for 2 s...
[2024-11-07T14:47:56-0500] -------------------------------
[2024-11-07T14:47:56-0500] Starting 5G booster for 5 s...
[2024-11-07T14:47:56-0500] 5G booster started at 2024-11-07 14:47:56.884 EST
[2024-11-07T14:48:02-0500] Current time exceeds end time, skipping wait
[2024-11-07T14:48:02-0500] Saved TCP DL results to /data/data/com.termux/files/home/storage/shared/bos_la_2024_trip/starlink/20241107/144553668/tcp_downlink_144756934.out
[2024-11-07T14:48:02-0500] DL AVG TPUT: 
[2024-11-07T14:48:03-0500] 5G booster finished at 2024-11-07 14:48:02.976 EST, duration: 6.092 s
[2024-11-07T14:48:03-0500] -------------------------------
[2024-11-07T14:48:03-0500] Waiting for 2 s...
[2024-11-07T14:48:05-0500] -------------------------------
[2024-11-07T14:48:05-0500] tcp uplink test started at 2024-11-07 14:48:05.067 EST
[2024-11-07T14:48:05-0500] testing tcp uplink with 54.197.223.49:5103, interval 0.5, duration 120, timeout 121 ...
[2024-11-07T14:50:06-0500] Current time exceeds end time, skipping wait
[2024-11-07T14:50:06-0500] Saved uplink test to /data/data/com.termux/files/home/storage/shared/bos_la_2024_trip/starlink/20241107/144553668/tcp_uplink_144805096.out
[2024-11-07T14:50:06-0500] UL AVG TPUT: 
[2024-11-07T14:50:06-0500] tcp uplink test finished at 2024-11-07 14:50:06.155 EST, duration: 121.088 s
[2024-11-07T14:50:06-0500] -------------------------------
[2024-11-07T14:50:06-0500] Waiting for 2 s...
[2024-11-07T14:50:08-0500] -------------------------------
[2024-11-07T14:50:08-0500] Starting 5G booster for 5 s...
[2024-11-07T14:50:08-0500] 5G booster started at 2024-11-07 14:50:08.252 EST
[2024-11-07T14:50:14-0500] Current time exceeds end time, skipping wait
[2024-11-07T14:50:14-0500] Saved TCP DL results to /data/data/com.termux/files/home/storage/shared/bos_la_2024_trip/starlink/20241107/144553668/tcp_downlink_145008282.out
[2024-11-07T14:50:14-0500] DL AVG TPUT: 
[2024-11-07T14:50:14-0500] 5G booster finished at 2024-11-07 14:50:14.343 EST, duration: 6.091 s
[2024-11-07T14:50:14-0500] -------------------------------
[2024-11-07T14:50:14-0500] Waiting for 2 s...
[2024-11-07T14:50:16-0500] -------------------------------
[2024-11-07T14:50:16-0500] ICMP Ping test started at 2024-11-07 14:50:16.459 EST
[2024-11-07T14:50:46-0500] Waiting for .911 s to reach end time
[2024-11-07T14:50:47-0500] Saved ping test to /data/data/com.termux/files/home/storage/shared/bos_la_2024_trip/starlink/20241107/144553668/icmp_ping_145016484.out
[2024-11-07T14:50:47-0500] Ping summary (min/avg/max/mdev) = 45.696/72.740/124.476/23.453 ms
[2024-11-07T14:50:47-0500] Ping test finished at 2024-11-07 14:50:47.583 EST, duration: 31.124 s
[2024-11-07T14:50:47-0500] -------------------------------
[2024-11-07T14:50:47-0500] Waiting for 2 s...
[2024-11-07T14:50:49-0500] -------------------------------
[2024-11-07T14:50:49-0500] Starting 5G booster for 5 s...
[2024-11-07T14:50:49-0500] 5G booster started at 2024-11-07 14:50:49.697 EST
[2024-11-07T14:50:55-0500] Current time exceeds end time, skipping wait
[2024-11-07T14:50:55-0500] Saved TCP DL results to /data/data/com.termux/files/home/storage/shared/bos_la_2024_trip/starlink/20241107/144553668/tcp_downlink_145049720.out
[2024-11-07T14:50:55-0500] DL AVG TPUT: 
[2024-11-07T14:50:55-0500] 5G booster finished at 2024-11-07 14:50:55.782 EST, duration: 6.085 s
[2024-11-07T14:50:55-0500] -------------------------------
[2024-11-07T14:50:55-0500] Waiting for 2 s...
[2024-11-07T14:50:57-0500] -------------------------------
[2024-11-07T14:50:57-0500] TCP Ping test started at 2024-11-07 14:50:57.887 EST
[2024-11-07T14:51:29-0500] Current time exceeds end time, skipping wait
[2024-11-07T14:51:29-0500] Saved TCP Ping test to /data/data/com.termux/files/home/storage/shared/bos_la_2024_trip/starlink/20241107/144553668/tcp_ping_145057911.out
[2024-11-07T14:51:29-0500] TCP Ping summary (min/avg/max/mdev) 
[2024-11-07T14:51:29-0500] TCP Ping test finished at 2024-11-07 14:51:29.008 EST, duration: 31.121 s
[2024-11-07T14:51:29-0500] -------------------------------
[2024-11-07T14:51:29-0500] Waiting for 2 s...
[2024-11-07T14:51:31-0500] -------------------------------
[2024-11-07T14:51:31-0500] Traceroute test started at 2024-11-07 14:51:31.087 EST
[2024-11-07T14:51:33-0500] Waiting for 28.071 s to reach end time
[2024-11-07T14:52:01-0500] Saved traceroute test to /data/data/com.termux/files/home/storage/shared/bos_la_2024_trip/starlink/20241107/144553668/traceroute_145131109.out
[2024-11-07T14:52:01-0500] Traceroute summary (min/avg/max/mdev) 
[2024-11-07T14:52:01-0500] Traceroute test finished at 2024-11-07 14:52:01.166 EST, duration: 30.079 s
[2024-11-07T14:52:01-0500] -------------------------------
[2024-11-07T14:52:01-0500] All tests completed, cleaning up...
[2024-11-07T14:52:01-0500] -------------------------------
[2024-11-07T14:52:21-0500] [measurement] Load environment variables from prod.env file
[2024-11-07T14:52:21-0500] Starting a network measurement, please choose a server
[2024-11-07T14:52:21-0500] 0) West Cloud: 54.176.53.206
[2024-11-07T14:52:21-0500] 1) East Cloud: 54.197.223.49
[2024-11-07T14:52:44-0500] Enter your choice (0-1): Testing starlink, server 1 (ip: 54.197.223.49, nuttcp_port: 5103, iperf_port: 5003)
[2024-11-07T14:52:45-0500] -------------------------------
[2024-11-07T14:52:45-0500] tcp downlink test started at 2024-11-07 14:52:45.043 EST
[2024-11-07T14:52:45-0500] Testing tcp downlink with 54.197.223.49:5103, interval 0.5 s, duration 120 s, timeout 121 s...
[2024-11-07T14:54:46-0500] Current time exceeds end time, skipping wait
[2024-11-07T14:54:46-0500] Saved tcp downlink test to /data/data/com.termux/files/home/storage/shared/bos_la_2024_trip/starlink/20241107/145245026/tcp_downlink_145245071.out
[2024-11-07T14:54:46-0500] DL AVG TPUT: 
[2024-11-07T14:54:46-0500] tcp downlink test finished at 2024-11-07 14:54:46.128 EST, duration: 121.085 s
[2024-11-07T14:54:46-0500] -------------------------------
[2024-11-07T14:54:46-0500] Waiting for 2 s...
[2024-11-07T14:54:48-0500] -------------------------------
[2024-11-07T14:54:48-0500] Starting 5G booster for 5 s...
[2024-11-07T14:54:48-0500] 5G booster started at 2024-11-07 14:54:48.206 EST
[2024-11-07T14:54:54-0500] Current time exceeds end time, skipping wait
[2024-11-07T14:54:54-0500] Saved TCP DL results to /data/data/com.termux/files/home/storage/shared/bos_la_2024_trip/starlink/20241107/145245026/tcp_downlink_145448235.out
[2024-11-07T14:54:54-0500] DL AVG TPUT: 
[2024-11-07T14:54:54-0500] 5G booster finished at 2024-11-07 14:54:54.297 EST, duration: 6.091 s
[2024-11-07T14:54:54-0500] -------------------------------
[2024-11-07T14:54:54-0500] Waiting for 2 s...
[2024-11-07T14:54:56-0500] -------------------------------
[2024-11-07T14:54:56-0500] tcp uplink test started at 2024-11-07 14:54:56.410 EST
[2024-11-07T14:54:56-0500] testing tcp uplink with 54.197.223.49:5103, interval 0.5, duration 120, timeout 121 ...
[2024-11-07T14:56:57-0500] Current time exceeds end time, skipping wait
[2024-11-07T14:56:57-0500] Saved uplink test to /data/data/com.termux/files/home/storage/shared/bos_la_2024_trip/starlink/20241107/145245026/tcp_uplink_145456446.out
[2024-11-07T14:56:57-0500] UL AVG TPUT: 
[2024-11-07T14:56:57-0500] tcp uplink test finished at 2024-11-07 14:56:57.514 EST, duration: 121.104 s
[2024-11-07T14:56:57-0500] -------------------------------
[2024-11-07T14:56:57-0500] Waiting for 2 s...
[2024-11-07T14:56:59-0500] -------------------------------
[2024-11-07T14:56:59-0500] Starting 5G booster for 5 s...
[2024-11-07T14:56:59-0500] 5G booster started at 2024-11-07 14:56:59.604 EST
[2024-11-07T14:57:05-0500] Current time exceeds end time, skipping wait
[2024-11-07T14:57:05-0500] Saved TCP DL results to /data/data/com.termux/files/home/storage/shared/bos_la_2024_trip/starlink/20241107/145245026/tcp_downlink_145659628.out
[2024-11-07T14:57:05-0500] DL AVG TPUT: 
[2024-11-07T14:57:05-0500] 5G booster finished at 2024-11-07 14:57:05.706 EST, duration: 6.102 s
[2024-11-07T14:57:05-0500] -------------------------------
[2024-11-07T14:57:05-0500] Waiting for 2 s...
[2024-11-07T14:57:07-0500] -------------------------------
[2024-11-07T14:57:07-0500] ICMP Ping test started at 2024-11-07 14:57:07.803 EST
[2024-11-07T14:57:37-0500] Waiting for .893 s to reach end time
[2024-11-07T14:57:38-0500] Saved ping test to /data/data/com.termux/files/home/storage/shared/bos_la_2024_trip/starlink/20241107/145245026/icmp_ping_145707857.out
[2024-11-07T14:57:38-0500] Ping summary (min/avg/max/mdev) = 27.871/63.508/382.341/38.340 ms
[2024-11-07T14:57:38-0500] Ping test finished at 2024-11-07 14:57:38.885 EST, duration: 31.082 s
[2024-11-07T14:57:38-0500] -------------------------------
[2024-11-07T14:57:38-0500] Waiting for 2 s...
[2024-11-07T14:57:40-0500] -------------------------------
[2024-11-07T14:57:40-0500] Starting 5G booster for 5 s...
[2024-11-07T14:57:41-0500] 5G booster started at 2024-11-07 14:57:41.016 EST
[2024-11-07T14:57:47-0500] Current time exceeds end time, skipping wait
[2024-11-07T14:57:47-0500] Saved TCP DL results to /data/data/com.termux/files/home/storage/shared/bos_la_2024_trip/starlink/20241107/145245026/tcp_downlink_145741070.out
[2024-11-07T14:57:47-0500] DL AVG TPUT: 
[2024-11-07T14:57:47-0500] 5G booster finished at 2024-11-07 14:57:47.157 EST, duration: 6.141 s
[2024-11-07T14:57:47-0500] -------------------------------
[2024-11-07T14:57:47-0500] Waiting for 2 s...
[2024-11-07T14:57:49-0500] -------------------------------
[2024-11-07T14:57:49-0500] TCP Ping test started at 2024-11-07 14:57:49.261 EST
[2024-11-07T14:58:20-0500] Current time exceeds end time, skipping wait
[2024-11-07T14:58:20-0500] Saved TCP Ping test to /data/data/com.termux/files/home/storage/shared/bos_la_2024_trip/starlink/20241107/145245026/tcp_ping_145749289.out
[2024-11-07T14:58:20-0500] TCP Ping summary (min/avg/max/mdev) 
[2024-11-07T14:58:20-0500] TCP Ping test finished at 2024-11-07 14:58:20.361 EST, duration: 31.100 s
[2024-11-07T14:58:20-0500] -------------------------------
[2024-11-07T14:58:20-0500] Waiting for 2 s...
[2024-11-07T14:58:22-0500] -------------------------------
[2024-11-07T14:58:22-0500] Traceroute test started at 2024-11-07 14:58:22.476 EST
[2024-11-07T14:58:23-0500] Waiting for 28.882 s to reach end time
[2024-11-07T14:58:52-0500] Saved traceroute test to /data/data/com.termux/files/home/storage/shared/bos_la_2024_trip/starlink/20241107/145245026/traceroute_145822531.out
[2024-11-07T14:58:52-0500] Traceroute summary (min/avg/max/mdev) 
[2024-11-07T14:58:52-0500] Traceroute test finished at 2024-11-07 14:58:52.569 EST, duration: 30.093 s
[2024-11-07T14:58:52-0500] -------------------------------
[2024-11-07T14:58:52-0500] All tests completed, cleaning up...
[2024-11-07T14:58:52-0500] -------------------------------
[2024-11-07T14:59:00-0500] [measurement] Load environment variables from prod.env file
[2024-11-07T14:59:00-0500] Starting a network measurement, please choose a server
[2024-11-07T14:59:00-0500] 0) West Cloud: 54.176.53.206
[2024-11-07T14:59:00-0500] 1) East Cloud: 54.197.223.49
[2024-11-07T14:59:32-0500] Enter your choice (0-1): Testing starlink, server 1 (ip: 54.197.223.49, nuttcp_port: 5103, iperf_port: 5003)
[2024-11-07T14:59:32-0500] -------------------------------
[2024-11-07T14:59:32-0500] tcp downlink test started at 2024-11-07 14:59:32.298 EST
[2024-11-07T14:59:32-0500] Testing tcp downlink with 54.197.223.49:5103, interval 0.5 s, duration 120 s, timeout 121 s...
[2024-11-07T15:01:33-0500] Current time exceeds end time, skipping wait
[2024-11-07T15:01:33-0500] Saved tcp downlink test to /data/data/com.termux/files/home/storage/shared/bos_la_2024_trip/starlink/20241107/145932281/tcp_downlink_145932324.out
[2024-11-07T15:01:33-0500] DL AVG TPUT: 
[2024-11-07T15:01:33-0500] tcp downlink test finished at 2024-11-07 15:01:33.372 EST, duration: 121.074 s
[2024-11-07T15:01:33-0500] -------------------------------
[2024-11-07T15:01:33-0500] Waiting for 2 s...
[2024-11-07T15:01:35-0500] -------------------------------
[2024-11-07T15:01:35-0500] Starting 5G booster for 5 s...
[2024-11-07T15:01:35-0500] 5G booster started at 2024-11-07 15:01:35.462 EST
[2024-11-07T15:01:41-0500] Current time exceeds end time, skipping wait
[2024-11-07T15:01:41-0500] Saved TCP DL results to /data/data/com.termux/files/home/storage/shared/bos_la_2024_trip/starlink/20241107/145932281/tcp_downlink_150135494.out
[2024-11-07T15:01:41-0500] DL AVG TPUT: 
[2024-11-07T15:01:41-0500] 5G booster finished at 2024-11-07 15:01:41.569 EST, duration: 6.107 s
[2024-11-07T15:01:41-0500] -------------------------------
[2024-11-07T15:01:41-0500] Waiting for 2 s...
[2024-11-07T15:01:43-0500] -------------------------------
[2024-11-07T15:01:43-0500] tcp uplink test started at 2024-11-07 15:01:43.669 EST
[2024-11-07T15:01:43-0500] testing tcp uplink with 54.197.223.49:5103, interval 0.5, duration 120, timeout 121 ...
[2024-11-07T15:03:44-0500] Current time exceeds end time, skipping wait
[2024-11-07T15:03:44-0500] Saved uplink test to /data/data/com.termux/files/home/storage/shared/bos_la_2024_trip/starlink/20241107/145932281/tcp_uplink_150143703.out
[2024-11-07T15:03:44-0500] UL AVG TPUT: 
[2024-11-07T15:03:44-0500] tcp uplink test finished at 2024-11-07 15:03:44.772 EST, duration: 121.103 s
[2024-11-07T15:03:44-0500] -------------------------------
[2024-11-07T15:03:44-0500] Waiting for 2 s...
[2024-11-07T15:03:46-0500] -------------------------------
[2024-11-07T15:03:46-0500] Starting 5G booster for 5 s...
[2024-11-07T15:03:46-0500] 5G booster started at 2024-11-07 15:03:46.884 EST
[2024-11-07T15:03:52-0500] Current time exceeds end time, skipping wait
[2024-11-07T15:03:52-0500] Saved TCP DL results to /data/data/com.termux/files/home/storage/shared/bos_la_2024_trip/starlink/20241107/145932281/tcp_downlink_150346914.out
[2024-11-07T15:03:53-0500] DL AVG TPUT: 
[2024-11-07T15:03:53-0500] 5G booster finished at 2024-11-07 15:03:52.967 EST, duration: 6.083 s
[2024-11-07T15:03:53-0500] -------------------------------
[2024-11-07T15:03:53-0500] Waiting for 2 s...
[2024-11-07T15:03:55-0500] -------------------------------
[2024-11-07T15:03:55-0500] ICMP Ping test started at 2024-11-07 15:03:55.114 EST
[2024-11-07T15:04:25-0500] Waiting for .902 s to reach end time
[2024-11-07T15:04:26-0500] Saved ping test to /data/data/com.termux/files/home/storage/shared/bos_la_2024_trip/starlink/20241107/145932281/icmp_ping_150355149.out
[2024-11-07T15:04:26-0500] Ping summary (min/avg/max/mdev) = 26.774/50.654/110.268/18.089 ms
[2024-11-07T15:04:26-0500] Ping test finished at 2024-11-07 15:04:26.182 EST, duration: 31.068 s
[2024-11-07T15:04:26-0500] -------------------------------
[2024-11-07T15:04:26-0500] Waiting for 2 s...
[2024-11-07T15:04:28-0500] -------------------------------
[2024-11-07T15:04:28-0500] Starting 5G booster for 5 s...
[2024-11-07T15:04:28-0500] 5G booster started at 2024-11-07 15:04:28.299 EST
[2024-11-07T15:04:34-0500] Current time exceeds end time, skipping wait
[2024-11-07T15:04:34-0500] Saved TCP DL results to /data/data/com.termux/files/home/storage/shared/bos_la_2024_trip/starlink/20241107/145932281/tcp_downlink_150428352.out
[2024-11-07T15:04:34-0500] DL AVG TPUT: 
[2024-11-07T15:04:34-0500] 5G booster finished at 2024-11-07 15:04:34.427 EST, duration: 6.128 s
[2024-11-07T15:04:34-0500] -------------------------------
[2024-11-07T15:04:34-0500] Waiting for 2 s...
[2024-11-07T15:04:36-0500] -------------------------------
[2024-11-07T15:04:36-0500] TCP Ping test started at 2024-11-07 15:04:36.539 EST
[2024-11-07T15:05:07-0500] Current time exceeds end time, skipping wait
[2024-11-07T15:05:07-0500] Saved TCP Ping test to /data/data/com.termux/files/home/storage/shared/bos_la_2024_trip/starlink/20241107/145932281/tcp_ping_150436591.out
[2024-11-07T15:05:07-0500] TCP Ping summary (min/avg/max/mdev) 
[2024-11-07T15:05:07-0500] TCP Ping test finished at 2024-11-07 15:05:07.676 EST, duration: 31.137 s
[2024-11-07T15:05:07-0500] -------------------------------
[2024-11-07T15:05:07-0500] Waiting for 2 s...
[2024-11-07T15:05:09-0500] -------------------------------
[2024-11-07T15:05:09-0500] Traceroute test started at 2024-11-07 15:05:09.818 EST
[2024-11-07T15:05:10-0500] Waiting for 28.951 s to reach end time
[2024-11-07T15:05:39-0500] Saved traceroute test to /data/data/com.termux/files/home/storage/shared/bos_la_2024_trip/starlink/20241107/145932281/traceroute_150509872.out
[2024-11-07T15:05:39-0500] Traceroute summary (min/avg/max/mdev) 
[2024-11-07T15:05:39-0500] Traceroute test finished at 2024-11-07 15:05:39.881 EST, duration: 30.063 s
[2024-11-07T15:05:39-0500] -------------------------------
[2024-11-07T15:05:39-0500] All tests completed, cleaning up...
[2024-11-07T15:05:39-0500] -------------------------------
[2024-11-07T15:06:21-0500] [measurement] Load environment variables from prod.env file
[2024-11-07T15:06:21-0500] Starting a network measurement, please choose a server
[2024-11-07T15:06:21-0500] 0) West Cloud: 54.176.53.206
[2024-11-07T15:06:21-0500] 1) East Cloud: 54.197.223.49
[2024-11-07T15:06:45-0500] Enter your choice (0-1): Testing starlink, server 1 (ip: 54.197.223.49, nuttcp_port: 5103, iperf_port: 5003)
[2024-11-07T15:06:45-0500] -------------------------------
[2024-11-07T15:06:45-0500] tcp downlink test started at 2024-11-07 15:06:45.335 EST
[2024-11-07T15:06:45-0500] Testing tcp downlink with 54.197.223.49:5103, interval 0.5 s, duration 120 s, timeout 121 s...
[2024-11-07T15:08:46-0500] Current time exceeds end time, skipping wait
[2024-11-07T15:08:46-0500] Saved tcp downlink test to /data/data/com.termux/files/home/storage/shared/bos_la_2024_trip/starlink/20241107/150645316/tcp_downlink_150645366.out
[2024-11-07T15:08:46-0500] DL AVG TPUT: 
[2024-11-07T15:08:46-0500] tcp downlink test finished at 2024-11-07 15:08:46.441 EST, duration: 121.106 s
[2024-11-07T15:08:46-0500] -------------------------------
[2024-11-07T15:08:46-0500] Waiting for 2 s...
[2024-11-07T15:08:48-0500] -------------------------------
[2024-11-07T15:08:48-0500] Starting 5G booster for 5 s...
[2024-11-07T15:08:48-0500] 5G booster started at 2024-11-07 15:08:48.549 EST
[2024-11-07T15:08:54-0500] Current time exceeds end time, skipping wait
[2024-11-07T15:08:54-0500] Saved TCP DL results to /data/data/com.termux/files/home/storage/shared/bos_la_2024_trip/starlink/20241107/150645316/tcp_downlink_150848577.out
[2024-11-07T15:08:54-0500] DL AVG TPUT: 
[2024-11-07T15:08:54-0500] 5G booster finished at 2024-11-07 15:08:54.639 EST, duration: 6.090 s
[2024-11-07T15:08:54-0500] -------------------------------
[2024-11-07T15:08:54-0500] Waiting for 2 s...
[2024-11-07T15:08:56-0500] -------------------------------
[2024-11-07T15:08:56-0500] tcp uplink test started at 2024-11-07 15:08:56.761 EST
[2024-11-07T15:08:56-0500] testing tcp uplink with 54.197.223.49:5103, interval 0.5, duration 120, timeout 121 ...
[2024-11-07T15:10:57-0500] Current time exceeds end time, skipping wait
[2024-11-07T15:10:57-0500] Saved uplink test to /data/data/com.termux/files/home/storage/shared/bos_la_2024_trip/starlink/20241107/150645316/tcp_uplink_150856814.out
[2024-11-07T15:10:57-0500] UL AVG TPUT: 
[2024-11-07T15:10:57-0500] tcp uplink test finished at 2024-11-07 15:10:57.860 EST, duration: 121.099 s
[2024-11-07T15:10:57-0500] -------------------------------
[2024-11-07T15:10:57-0500] Waiting for 2 s...
[2024-11-07T15:10:59-0500] -------------------------------
[2024-11-07T15:10:59-0500] Starting 5G booster for 5 s...
[2024-11-07T15:10:59-0500] 5G booster started at 2024-11-07 15:10:59.972 EST
[2024-11-07T15:11:06-0500] Current time exceeds end time, skipping wait
[2024-11-07T15:11:06-0500] Saved TCP DL results to /data/data/com.termux/files/home/storage/shared/bos_la_2024_trip/starlink/20241107/150645316/tcp_downlink_151059998.out
[2024-11-07T15:11:06-0500] DL AVG TPUT: 
[2024-11-07T15:11:06-0500] 5G booster finished at 2024-11-07 15:11:06.072 EST, duration: 6.100 s
[2024-11-07T15:11:06-0500] -------------------------------
[2024-11-07T15:11:06-0500] Waiting for 2 s...
[2024-11-07T15:11:08-0500] -------------------------------
[2024-11-07T15:11:08-0500] ICMP Ping test started at 2024-11-07 15:11:08.157 EST
[2024-11-07T15:11:38-0500] Waiting for .897 s to reach end time
[2024-11-07T15:11:39-0500] Saved ping test to /data/data/com.termux/files/home/storage/shared/bos_la_2024_trip/starlink/20241107/150645316/icmp_ping_151108187.out
[2024-11-07T15:11:39-0500] Ping summary (min/avg/max/mdev) = 27.616/57.865/125.407/24.562 ms
[2024-11-07T15:11:39-0500] Ping test finished at 2024-11-07 15:11:39.243 EST, duration: 31.086 s
[2024-11-07T15:11:39-0500] -------------------------------
[2024-11-07T15:11:39-0500] Waiting for 2 s...
[2024-11-07T15:11:41-0500] -------------------------------
[2024-11-07T15:11:41-0500] Starting 5G booster for 5 s...
[2024-11-07T15:11:41-0500] 5G booster started at 2024-11-07 15:11:41.371 EST
[2024-11-07T15:11:47-0500] Current time exceeds end time, skipping wait
[2024-11-07T15:11:47-0500] Saved TCP DL results to /data/data/com.termux/files/home/storage/shared/bos_la_2024_trip/starlink/20241107/150645316/tcp_downlink_151141415.out
[2024-11-07T15:11:47-0500] DL AVG TPUT: 
[2024-11-07T15:11:47-0500] 5G booster finished at 2024-11-07 15:11:47.517 EST, duration: 6.146 s
[2024-11-07T15:11:47-0500] -------------------------------
[2024-11-07T15:11:47-0500] Waiting for 2 s...
[2024-11-07T15:11:49-0500] -------------------------------
[2024-11-07T15:11:49-0500] TCP Ping test started at 2024-11-07 15:11:49.617 EST
[2024-11-07T15:12:20-0500] Current time exceeds end time, skipping wait
[2024-11-07T15:12:20-0500] Saved TCP Ping test to /data/data/com.termux/files/home/storage/shared/bos_la_2024_trip/starlink/20241107/150645316/tcp_ping_151149645.out
[2024-11-07T15:12:20-0500] TCP Ping summary (min/avg/max/mdev) 
[2024-11-07T15:12:20-0500] TCP Ping test finished at 2024-11-07 15:12:20.724 EST, duration: 31.107 s
[2024-11-07T15:12:20-0500] -------------------------------
[2024-11-07T15:12:20-0500] Waiting for 2 s...
[2024-11-07T15:12:22-0500] -------------------------------
[2024-11-07T15:12:22-0500] Traceroute test started at 2024-11-07 15:12:22.822 EST
[2024-11-07T15:12:24-0500] Waiting for 28.667 s to reach end time
[2024-11-07T15:12:52-0500] Saved traceroute test to /data/data/com.termux/files/home/storage/shared/bos_la_2024_trip/starlink/20241107/150645316/traceroute_151222860.out
[2024-11-07T15:12:52-0500] Traceroute summary (min/avg/max/mdev) 
[2024-11-07T15:12:52-0500] Traceroute test finished at 2024-11-07 15:12:52.898 EST, duration: 30.076 s
[2024-11-07T15:12:52-0500] -------------------------------
[2024-11-07T15:12:52-0500] All tests completed, cleaning up...
[2024-11-07T15:12:52-0500] -------------------------------
[2024-11-07T15:12:58-0500] [measurement] Load environment variables from prod.env file
[2024-11-07T15:12:58-0500] Starting a network measurement, please choose a server
[2024-11-07T15:12:58-0500] 0) West Cloud: 54.176.53.206
[2024-11-07T15:12:58-0500] 1) East Cloud: 54.197.223.49
[2024-11-07T15:13:38-0500] Enter your choice (0-1): Testing starlink, server 1 (ip: 54.197.223.49, nuttcp_port: 5103, iperf_port: 5003)
[2024-11-07T15:13:38-0500] -------------------------------
[2024-11-07T15:13:38-0500] tcp downlink test started at 2024-11-07 15:13:38.714 EST
[2024-11-07T15:13:38-0500] Testing tcp downlink with 54.197.223.49:5103, interval 0.5 s, duration 120 s, timeout 121 s...
[2024-11-07T15:15:39-0500] Current time exceeds end time, skipping wait
[2024-11-07T15:15:39-0500] Saved tcp downlink test to /data/data/com.termux/files/home/storage/shared/bos_la_2024_trip/starlink/20241107/151338693/tcp_downlink_151338740.out
[2024-11-07T15:15:39-0500] DL AVG TPUT: 
[2024-11-07T15:15:39-0500] tcp downlink test finished at 2024-11-07 15:15:39.799 EST, duration: 121.085 s
[2024-11-07T15:15:39-0500] -------------------------------
[2024-11-07T15:15:39-0500] Waiting for 2 s...
[2024-11-07T15:15:41-0500] -------------------------------
[2024-11-07T15:15:41-0500] Starting 5G booster for 5 s...
[2024-11-07T15:15:41-0500] 5G booster started at 2024-11-07 15:15:41.901 EST
[2024-11-07T15:15:47-0500] Current time exceeds end time, skipping wait
[2024-11-07T15:15:48-0500] Saved TCP DL results to /data/data/com.termux/files/home/storage/shared/bos_la_2024_trip/starlink/20241107/151338693/tcp_downlink_151541927.out
[2024-11-07T15:15:48-0500] DL AVG TPUT: 
[2024-11-07T15:15:48-0500] 5G booster finished at 2024-11-07 15:15:48.000 EST, duration: 6.099 s
[2024-11-07T15:15:48-0500] -------------------------------
[2024-11-07T15:15:48-0500] Waiting for 2 s...
[2024-11-07T15:15:50-0500] -------------------------------
[2024-11-07T15:15:50-0500] tcp uplink test started at 2024-11-07 15:15:50.112 EST
[2024-11-07T15:15:50-0500] testing tcp uplink with 54.197.223.49:5103, interval 0.5, duration 120, timeout 121 ...
[2024-11-07T15:17:51-0500] Current time exceeds end time, skipping wait
[2024-11-07T15:17:51-0500] Saved uplink test to /data/data/com.termux/files/home/storage/shared/bos_la_2024_trip/starlink/20241107/151338693/tcp_uplink_151550152.out
[2024-11-07T15:17:51-0500] UL AVG TPUT: 
[2024-11-07T15:17:51-0500] tcp uplink test finished at 2024-11-07 15:17:51.219 EST, duration: 121.107 s
[2024-11-07T15:17:51-0500] -------------------------------
[2024-11-07T15:17:51-0500] Waiting for 2 s...
[2024-11-07T15:17:53-0500] -------------------------------
[2024-11-07T15:17:53-0500] Starting 5G booster for 5 s...
[2024-11-07T15:17:53-0500] 5G booster started at 2024-11-07 15:17:53.307 EST
[2024-11-07T15:17:59-0500] Current time exceeds end time, skipping wait
[2024-11-07T15:17:59-0500] Saved TCP DL results to /data/data/com.termux/files/home/storage/shared/bos_la_2024_trip/starlink/20241107/151338693/tcp_downlink_151753333.out
[2024-11-07T15:17:59-0500] DL AVG TPUT: 
[2024-11-07T15:17:59-0500] 5G booster finished at 2024-11-07 15:17:59.437 EST, duration: 6.130 s
[2024-11-07T15:17:59-0500] -------------------------------
[2024-11-07T15:17:59-0500] Waiting for 2 s...
[2024-11-07T15:18:01-0500] -------------------------------
[2024-11-07T15:18:01-0500] ICMP Ping test started at 2024-11-07 15:18:01.538 EST
[2024-11-07T15:18:31-0500] Waiting for .900 s to reach end time
[2024-11-07T15:18:32-0500] Saved ping test to /data/data/com.termux/files/home/storage/shared/bos_la_2024_trip/starlink/20241107/151338693/icmp_ping_151801593.out
[2024-11-07T15:18:32-0500] Ping summary (min/avg/max/mdev) = 28.030/46.618/99.613/15.783 ms
[2024-11-07T15:18:32-0500] Ping test finished at 2024-11-07 15:18:32.611 EST, duration: 31.073 s
[2024-11-07T15:18:32-0500] -------------------------------
[2024-11-07T15:18:32-0500] Waiting for 2 s...
[2024-11-07T15:18:34-0500] -------------------------------
[2024-11-07T15:18:34-0500] Starting 5G booster for 5 s...
[2024-11-07T15:18:34-0500] 5G booster started at 2024-11-07 15:18:34.804 EST
[2024-11-07T15:18:40-0500] Current time exceeds end time, skipping wait
[2024-11-07T15:18:40-0500] Saved TCP DL results to /data/data/com.termux/files/home/storage/shared/bos_la_2024_trip/starlink/20241107/151338693/tcp_downlink_151834836.out
[2024-11-07T15:18:40-0500] DL AVG TPUT: 
[2024-11-07T15:18:41-0500] 5G booster finished at 2024-11-07 15:18:40.943 EST, duration: 6.139 s
[2024-11-07T15:18:41-0500] -------------------------------
[2024-11-07T15:18:41-0500] Waiting for 2 s...
[2024-11-07T15:18:43-0500] -------------------------------
[2024-11-07T15:18:43-0500] TCP Ping test started at 2024-11-07 15:18:43.060 EST
[2024-11-07T15:19:14-0500] Current time exceeds end time, skipping wait
[2024-11-07T15:19:14-0500] Saved TCP Ping test to /data/data/com.termux/files/home/storage/shared/bos_la_2024_trip/starlink/20241107/151338693/tcp_ping_151843102.out
[2024-11-07T15:19:14-0500] TCP Ping summary (min/avg/max/mdev) 
[2024-11-07T15:19:14-0500] TCP Ping test finished at 2024-11-07 15:19:14.186 EST, duration: 31.126 s
[2024-11-07T15:19:14-0500] -------------------------------
[2024-11-07T15:19:14-0500] Waiting for 2 s...
[2024-11-07T15:19:16-0500] -------------------------------
[2024-11-07T15:19:16-0500] Traceroute test started at 2024-11-07 15:19:16.270 EST
[2024-11-07T15:19:17-0500] Waiting for 28.981 s to reach end time
[2024-11-07T15:19:46-0500] Saved traceroute test to /data/data/com.termux/files/home/storage/shared/bos_la_2024_trip/starlink/20241107/151338693/traceroute_151916294.out
[2024-11-07T15:19:46-0500] Traceroute summary (min/avg/max/mdev) 
[2024-11-07T15:19:46-0500] Traceroute test finished at 2024-11-07 15:19:46.332 EST, duration: 30.062 s
[2024-11-07T15:19:46-0500] -------------------------------
[2024-11-07T15:19:46-0500] All tests completed, cleaning up...
[2024-11-07T15:19:46-0500] -------------------------------
[2024-11-07T15:19:56-0500] [measurement] Load environment variables from prod.env file
[2024-11-07T15:19:56-0500] Starting a network measurement, please choose a server
[2024-11-07T15:19:56-0500] 0) West Cloud: 54.176.53.206
[2024-11-07T15:19:56-0500] 1) East Cloud: 54.197.223.49
[2024-11-07T15:20:25-0500] Enter your choice (0-1): Testing starlink, server 1 (ip: 54.197.223.49, nuttcp_port: 5103, iperf_port: 5003)
[2024-11-07T15:20:25-0500] -------------------------------
[2024-11-07T15:20:25-0500] tcp downlink test started at 2024-11-07 15:20:25.901 EST
[2024-11-07T15:20:25-0500] Testing tcp downlink with 54.197.223.49:5103, interval 0.5 s, duration 120 s, timeout 121 s...
[2024-11-07T15:22:26-0500] Current time exceeds end time, skipping wait
[2024-11-07T15:22:27-0500] Saved tcp downlink test to /data/data/com.termux/files/home/storage/shared/bos_la_2024_trip/starlink/20241107/152025884/tcp_downlink_152025934.out
[2024-11-07T15:22:27-0500] DL AVG TPUT: 
[2024-11-07T15:22:27-0500] tcp downlink test finished at 2024-11-07 15:22:26.996 EST, duration: 121.095 s
[2024-11-07T15:22:27-0500] -------------------------------
[2024-11-07T15:22:27-0500] Waiting for 2 s...
[2024-11-07T15:22:29-0500] -------------------------------
[2024-11-07T15:22:29-0500] Starting 5G booster for 5 s...
[2024-11-07T15:22:29-0500] 5G booster started at 2024-11-07 15:22:29.107 EST
[2024-11-07T15:22:35-0500] Current time exceeds end time, skipping wait
[2024-11-07T15:22:35-0500] Saved TCP DL results to /data/data/com.termux/files/home/storage/shared/bos_la_2024_trip/starlink/20241107/152025884/tcp_downlink_152229139.out
[2024-11-07T15:22:35-0500] DL AVG TPUT: 
[2024-11-07T15:22:35-0500] 5G booster finished at 2024-11-07 15:22:35.221 EST, duration: 6.114 s
[2024-11-07T15:22:35-0500] -------------------------------
[2024-11-07T15:22:35-0500] Waiting for 2 s...
[2024-11-07T15:22:37-0500] -------------------------------
[2024-11-07T15:22:37-0500] tcp uplink test started at 2024-11-07 15:22:37.316 EST
[2024-11-07T15:22:37-0500] testing tcp uplink with 54.197.223.49:5103, interval 0.5, duration 120, timeout 121 ...
[2024-11-07T15:24:38-0500] Current time exceeds end time, skipping wait
[2024-11-07T15:24:38-0500] Saved uplink test to /data/data/com.termux/files/home/storage/shared/bos_la_2024_trip/starlink/20241107/152025884/tcp_uplink_152237352.out
[2024-11-07T15:24:38-0500] UL AVG TPUT: 
[2024-11-07T15:24:38-0500] tcp uplink test finished at 2024-11-07 15:24:38.440 EST, duration: 121.124 s
[2024-11-07T15:24:38-0500] -------------------------------
[2024-11-07T15:24:38-0500] Waiting for 2 s...
[2024-11-07T15:24:40-0500] -------------------------------
[2024-11-07T15:24:40-0500] Starting 5G booster for 5 s...
[2024-11-07T15:24:40-0500] 5G booster started at 2024-11-07 15:24:40.542 EST
[2024-11-07T15:24:46-0500] Current time exceeds end time, skipping wait
[2024-11-07T15:24:46-0500] Saved TCP DL results to /data/data/com.termux/files/home/storage/shared/bos_la_2024_trip/starlink/20241107/152025884/tcp_downlink_152440567.out
[2024-11-07T15:24:46-0500] DL AVG TPUT: 
[2024-11-07T15:24:46-0500] 5G booster finished at 2024-11-07 15:24:46.645 EST, duration: 6.103 s
[2024-11-07T15:24:46-0500] -------------------------------
[2024-11-07T15:24:46-0500] Waiting for 2 s...
[2024-11-07T15:24:48-0500] -------------------------------
[2024-11-07T15:24:48-0500] ICMP Ping test started at 2024-11-07 15:24:48.737 EST
[2024-11-07T15:25:18-0500] Waiting for .932 s to reach end time
[2024-11-07T15:25:19-0500] Saved ping test to /data/data/com.termux/files/home/storage/shared/bos_la_2024_trip/starlink/20241107/152025884/icmp_ping_152448766.out
[2024-11-07T15:25:19-0500] Ping summary (min/avg/max/mdev) = 24.344/43.684/85.059/14.946 ms
[2024-11-07T15:25:19-0500] Ping test finished at 2024-11-07 15:25:19.832 EST, duration: 31.095 s
[2024-11-07T15:25:19-0500] -------------------------------
[2024-11-07T15:25:19-0500] Waiting for 2 s...
[2024-11-07T15:25:21-0500] -------------------------------
[2024-11-07T15:25:21-0500] Starting 5G booster for 5 s...
[2024-11-07T15:25:21-0500] 5G booster started at 2024-11-07 15:25:21.947 EST
[2024-11-07T15:25:28-0500] Current time exceeds end time, skipping wait
[2024-11-07T15:25:28-0500] Saved TCP DL results to /data/data/com.termux/files/home/storage/shared/bos_la_2024_trip/starlink/20241107/152025884/tcp_downlink_152521975.out
[2024-11-07T15:25:28-0500] DL AVG TPUT: 
[2024-11-07T15:25:28-0500] 5G booster finished at 2024-11-07 15:25:28.081 EST, duration: 6.134 s
[2024-11-07T15:25:28-0500] -------------------------------
[2024-11-07T15:25:28-0500] Waiting for 2 s...
[2024-11-07T15:25:30-0500] -------------------------------
[2024-11-07T15:25:30-0500] TCP Ping test started at 2024-11-07 15:25:30.162 EST
[2024-11-07T15:26:01-0500] Current time exceeds end time, skipping wait
[2024-11-07T15:26:01-0500] Saved TCP Ping test to /data/data/com.termux/files/home/storage/shared/bos_la_2024_trip/starlink/20241107/152025884/tcp_ping_152530190.out
[2024-11-07T15:26:01-0500] TCP Ping summary (min/avg/max/mdev) 
[2024-11-07T15:26:01-0500] TCP Ping test finished at 2024-11-07 15:26:01.272 EST, duration: 31.110 s
[2024-11-07T15:26:01-0500] -------------------------------
[2024-11-07T15:26:01-0500] Waiting for 2 s...
[2024-11-07T15:26:03-0500] -------------------------------
[2024-11-07T15:26:03-0500] Traceroute test started at 2024-11-07 15:26:03.388 EST
[2024-11-07T15:26:04-0500] Waiting for 28.973 s to reach end time
[2024-11-07T15:26:33-0500] Saved traceroute test to /data/data/com.termux/files/home/storage/shared/bos_la_2024_trip/starlink/20241107/152025884/traceroute_152603417.out
[2024-11-07T15:26:33-0500] Traceroute summary (min/avg/max/mdev) 
[2024-11-07T15:26:33-0500] Traceroute test finished at 2024-11-07 15:26:33.488 EST, duration: 30.100 s
[2024-11-07T15:26:33-0500] -------------------------------
[2024-11-07T15:26:33-0500] All tests completed, cleaning up...
[2024-11-07T15:26:33-0500] -------------------------------
[2024-11-07T15:26:49-0500] [measurement] Load environment variables from prod.env file
[2024-11-07T15:26:49-0500] Starting a network measurement, please choose a server
[2024-11-07T15:26:49-0500] 0) West Cloud: 54.176.53.206
[2024-11-07T15:26:49-0500] 1) East Cloud: 54.197.223.49
[2024-11-07T15:27:18-0500] Enter your choice (0-1): Testing starlink, server 1 (ip: 54.197.223.49, nuttcp_port: 5103, iperf_port: 5003)
[2024-11-07T15:27:18-0500] -------------------------------
[2024-11-07T15:27:18-0500] tcp downlink test started at 2024-11-07 15:27:18.196 EST
[2024-11-07T15:27:18-0500] Testing tcp downlink with 54.197.223.49:5103, interval 0.5 s, duration 120 s, timeout 121 s...
[2024-11-07T15:29:19-0500] Current time exceeds end time, skipping wait
[2024-11-07T15:29:19-0500] Saved tcp downlink test to /data/data/com.termux/files/home/storage/shared/bos_la_2024_trip/starlink/20241107/152718176/tcp_downlink_152718225.out
[2024-11-07T15:29:19-0500] DL AVG TPUT: 
[2024-11-07T15:29:19-0500] tcp downlink test finished at 2024-11-07 15:29:19.304 EST, duration: 121.108 s
[2024-11-07T15:29:19-0500] -------------------------------
[2024-11-07T15:29:19-0500] Waiting for 2 s...
[2024-11-07T15:29:21-0500] -------------------------------
[2024-11-07T15:29:21-0500] Starting 5G booster for 5 s...
[2024-11-07T15:29:21-0500] 5G booster started at 2024-11-07 15:29:21.383 EST
[2024-11-07T15:29:27-0500] Current time exceeds end time, skipping wait
[2024-11-07T15:29:27-0500] Saved TCP DL results to /data/data/com.termux/files/home/storage/shared/bos_la_2024_trip/starlink/20241107/152718176/tcp_downlink_152921431.out
[2024-11-07T15:29:27-0500] DL AVG TPUT: 
[2024-11-07T15:29:27-0500] 5G booster finished at 2024-11-07 15:29:27.523 EST, duration: 6.140 s
[2024-11-07T15:29:27-0500] -------------------------------
[2024-11-07T15:29:27-0500] Waiting for 2 s...
[2024-11-07T15:29:29-0500] -------------------------------
[2024-11-07T15:29:29-0500] tcp uplink test started at 2024-11-07 15:29:29.627 EST
[2024-11-07T15:29:29-0500] testing tcp uplink with 54.197.223.49:5103, interval 0.5, duration 120, timeout 121 ...
[2024-11-07T15:31:30-0500] Current time exceeds end time, skipping wait
[2024-11-07T15:31:30-0500] Saved uplink test to /data/data/com.termux/files/home/storage/shared/bos_la_2024_trip/starlink/20241107/152718176/tcp_uplink_152929652.out
[2024-11-07T15:31:30-0500] UL AVG TPUT: 
[2024-11-07T15:31:30-0500] tcp uplink test finished at 2024-11-07 15:31:30.708 EST, duration: 121.081 s
[2024-11-07T15:31:30-0500] -------------------------------
[2024-11-07T15:31:30-0500] Waiting for 2 s...
[2024-11-07T15:31:32-0500] -------------------------------
[2024-11-07T15:31:32-0500] Starting 5G booster for 5 s...
[2024-11-07T15:31:32-0500] 5G booster started at 2024-11-07 15:31:32.841 EST
[2024-11-07T15:31:38-0500] Current time exceeds end time, skipping wait
[2024-11-07T15:31:38-0500] Saved TCP DL results to /data/data/com.termux/files/home/storage/shared/bos_la_2024_trip/starlink/20241107/152718176/tcp_downlink_153132870.out
[2024-11-07T15:31:38-0500] DL AVG TPUT: 
[2024-11-07T15:31:39-0500] 5G booster finished at 2024-11-07 15:31:38.944 EST, duration: 6.103 s
[2024-11-07T15:31:39-0500] -------------------------------
[2024-11-07T15:31:39-0500] Waiting for 2 s...
[2024-11-07T15:31:41-0500] -------------------------------
[2024-11-07T15:31:41-0500] ICMP Ping test started at 2024-11-07 15:31:41.073 EST
[2024-11-07T15:32:11-0500] Waiting for .900 s to reach end time
[2024-11-07T15:32:12-0500] Saved ping test to /data/data/com.termux/files/home/storage/shared/bos_la_2024_trip/starlink/20241107/152718176/icmp_ping_153141127.out
[2024-11-07T15:32:12-0500] Ping summary (min/avg/max/mdev) = 28.212/47.359/107.281/15.972 ms
[2024-11-07T15:32:12-0500] Ping test finished at 2024-11-07 15:32:12.167 EST, duration: 31.094 s
[2024-11-07T15:32:12-0500] -------------------------------
[2024-11-07T15:32:12-0500] Waiting for 2 s...
[2024-11-07T15:32:14-0500] -------------------------------
[2024-11-07T15:32:14-0500] Starting 5G booster for 5 s...
[2024-11-07T15:32:14-0500] 5G booster started at 2024-11-07 15:32:14.281 EST
[2024-11-07T15:32:20-0500] Current time exceeds end time, skipping wait
[2024-11-07T15:32:20-0500] Saved TCP DL results to /data/data/com.termux/files/home/storage/shared/bos_la_2024_trip/starlink/20241107/152718176/tcp_downlink_153214306.out
[2024-11-07T15:32:20-0500] DL AVG TPUT: 
[2024-11-07T15:32:20-0500] 5G booster finished at 2024-11-07 15:32:20.370 EST, duration: 6.089 s
[2024-11-07T15:32:20-0500] -------------------------------
[2024-11-07T15:32:20-0500] Waiting for 2 s...
[2024-11-07T15:32:22-0500] -------------------------------
[2024-11-07T15:32:22-0500] TCP Ping test started at 2024-11-07 15:32:22.485 EST
[2024-11-07T15:32:53-0500] Current time exceeds end time, skipping wait
[2024-11-07T15:32:53-0500] Saved TCP Ping test to /data/data/com.termux/files/home/storage/shared/bos_la_2024_trip/starlink/20241107/152718176/tcp_ping_153222514.out
[2024-11-07T15:32:53-0500] TCP Ping summary (min/avg/max/mdev) 
[2024-11-07T15:32:53-0500] TCP Ping test finished at 2024-11-07 15:32:53.572 EST, duration: 31.087 s
[2024-11-07T15:32:53-0500] -------------------------------
[2024-11-07T15:32:53-0500] Waiting for 2 s...
[2024-11-07T15:32:55-0500] -------------------------------
[2024-11-07T15:32:55-0500] Traceroute test started at 2024-11-07 15:32:55.692 EST
[2024-11-07T15:32:56-0500] Waiting for 28.929 s to reach end time
[2024-11-07T15:33:25-0500] Saved traceroute test to /data/data/com.termux/files/home/storage/shared/bos_la_2024_trip/starlink/20241107/152718176/traceroute_153255717.out
[2024-11-07T15:33:25-0500] Traceroute summary (min/avg/max/mdev) 
[2024-11-07T15:33:25-0500] Traceroute test finished at 2024-11-07 15:33:25.773 EST, duration: 30.081 s
[2024-11-07T15:33:25-0500] -------------------------------
[2024-11-07T15:33:25-0500] All tests completed, cleaning up...
[2024-11-07T15:33:25-0500] -------------------------------
[2024-11-07T15:33:30-0500] [measurement] Load environment variables from prod.env file
[2024-11-07T15:33:30-0500] Starting a network measurement, please choose a server
[2024-11-07T15:33:30-0500] 0) West Cloud: 54.176.53.206
[2024-11-07T15:33:30-0500] 1) East Cloud: 54.197.223.49
[2024-11-07T15:34:10-0500] Enter your choice (0-1): Testing starlink, server 1 (ip: 54.197.223.49, nuttcp_port: 5103, iperf_port: 5003)
[2024-11-07T15:34:10-0500] -------------------------------
[2024-11-07T15:34:10-0500] tcp downlink test started at 2024-11-07 15:34:10.586 EST
[2024-11-07T15:34:10-0500] Testing tcp downlink with 54.197.223.49:5103, interval 0.5 s, duration 120 s, timeout 121 s...
[2024-11-07T15:36:11-0500] Current time exceeds end time, skipping wait
[2024-11-07T15:36:11-0500] Saved tcp downlink test to /data/data/com.termux/files/home/storage/shared/bos_la_2024_trip/starlink/20241107/153410569/tcp_downlink_153410611.out
[2024-11-07T15:36:11-0500] DL AVG TPUT: 
[2024-11-07T15:36:11-0500] tcp downlink test finished at 2024-11-07 15:36:11.670 EST, duration: 121.084 s
[2024-11-07T15:36:11-0500] -------------------------------
[2024-11-07T15:36:11-0500] Waiting for 2 s...
[2024-11-07T15:36:13-0500] -------------------------------
[2024-11-07T15:36:13-0500] Starting 5G booster for 5 s...
[2024-11-07T15:36:13-0500] 5G booster started at 2024-11-07 15:36:13.777 EST
[2024-11-07T15:36:19-0500] Current time exceeds end time, skipping wait
[2024-11-07T15:36:19-0500] Saved TCP DL results to /data/data/com.termux/files/home/storage/shared/bos_la_2024_trip/starlink/20241107/153410569/tcp_downlink_153613809.out
[2024-11-07T15:36:19-0500] DL AVG TPUT: 
[2024-11-07T15:36:19-0500] 5G booster finished at 2024-11-07 15:36:19.893 EST, duration: 6.116 s
[2024-11-07T15:36:19-0500] -------------------------------
[2024-11-07T15:36:19-0500] Waiting for 2 s...
[2024-11-07T15:36:21-0500] -------------------------------
[2024-11-07T15:36:22-0500] tcp uplink test started at 2024-11-07 15:36:21.999 EST
[2024-11-07T15:36:22-0500] testing tcp uplink with 54.197.223.49:5103, interval 0.5, duration 120, timeout 121 ...
[2024-11-07T15:38:23-0500] Current time exceeds end time, skipping wait
[2024-11-07T15:38:23-0500] Saved uplink test to /data/data/com.termux/files/home/storage/shared/bos_la_2024_trip/starlink/20241107/153410569/tcp_uplink_153622065.out
[2024-11-07T15:38:23-0500] UL AVG TPUT: 
[2024-11-07T15:38:23-0500] tcp uplink test finished at 2024-11-07 15:38:23.127 EST, duration: 121.128 s
[2024-11-07T15:38:23-0500] -------------------------------
[2024-11-07T15:38:23-0500] Waiting for 2 s...
[2024-11-07T15:38:25-0500] -------------------------------
[2024-11-07T15:38:25-0500] Starting 5G booster for 5 s...
[2024-11-07T15:38:25-0500] 5G booster started at 2024-11-07 15:38:25.251 EST
[2024-11-07T15:38:31-0500] Current time exceeds end time, skipping wait
[2024-11-07T15:38:31-0500] Saved TCP DL results to /data/data/com.termux/files/home/storage/shared/bos_la_2024_trip/starlink/20241107/153410569/tcp_downlink_153825298.out
[2024-11-07T15:38:31-0500] DL AVG TPUT: 
[2024-11-07T15:38:31-0500] 5G booster finished at 2024-11-07 15:38:31.370 EST, duration: 6.119 s
[2024-11-07T15:38:31-0500] -------------------------------
[2024-11-07T15:38:31-0500] Waiting for 2 s...
[2024-11-07T15:38:33-0500] -------------------------------
[2024-11-07T15:38:33-0500] ICMP Ping test started at 2024-11-07 15:38:33.448 EST
[2024-11-07T15:39:03-0500] Waiting for .910 s to reach end time
[2024-11-07T15:39:04-0500] Saved ping test to /data/data/com.termux/files/home/storage/shared/bos_la_2024_trip/starlink/20241107/153410569/icmp_ping_153833471.out
[2024-11-07T15:39:04-0500] Ping summary (min/avg/max/mdev) = 26.510/62.570/329.964/35.239 ms
[2024-11-07T15:39:04-0500] Ping test finished at 2024-11-07 15:39:04.540 EST, duration: 31.092 s
[2024-11-07T15:39:04-0500] -------------------------------
[2024-11-07T15:39:04-0500] Waiting for 2 s...
[2024-11-07T15:39:06-0500] -------------------------------
[2024-11-07T15:39:06-0500] Starting 5G booster for 5 s...
[2024-11-07T15:39:06-0500] 5G booster started at 2024-11-07 15:39:06.652 EST
[2024-11-07T15:39:12-0500] Current time exceeds end time, skipping wait
[2024-11-07T15:39:12-0500] Saved TCP DL results to /data/data/com.termux/files/home/storage/shared/bos_la_2024_trip/starlink/20241107/153410569/tcp_downlink_153906682.out
[2024-11-07T15:39:12-0500] DL AVG TPUT: 
[2024-11-07T15:39:12-0500] 5G booster finished at 2024-11-07 15:39:12.775 EST, duration: 6.123 s
[2024-11-07T15:39:12-0500] -------------------------------
[2024-11-07T15:39:12-0500] Waiting for 2 s...
[2024-11-07T15:39:14-0500] -------------------------------
[2024-11-07T15:39:14-0500] TCP Ping test started at 2024-11-07 15:39:14.876 EST
[2024-11-07T15:39:45-0500] Current time exceeds end time, skipping wait
[2024-11-07T15:39:45-0500] Saved TCP Ping test to /data/data/com.termux/files/home/storage/shared/bos_la_2024_trip/starlink/20241107/153410569/tcp_ping_153914901.out
[2024-11-07T15:39:45-0500] TCP Ping summary (min/avg/max/mdev) 
[2024-11-07T15:39:46-0500] TCP Ping test finished at 2024-11-07 15:39:45.967 EST, duration: 31.091 s
[2024-11-07T15:39:46-0500] -------------------------------
[2024-11-07T15:39:46-0500] Waiting for 2 s...
[2024-11-07T15:39:48-0500] -------------------------------
[2024-11-07T15:39:48-0500] Traceroute test started at 2024-11-07 15:39:48.075 EST
[2024-11-07T15:39:53-0500] Waiting for 24.679 s to reach end time
[2024-11-07T15:40:18-0500] Saved traceroute test to /data/data/com.termux/files/home/storage/shared/bos_la_2024_trip/starlink/20241107/153410569/traceroute_153948103.out
[2024-11-07T15:40:18-0500] Traceroute summary (min/avg/max/mdev) 
[2024-11-07T15:40:18-0500] Traceroute test finished at 2024-11-07 15:40:18.168 EST, duration: 30.093 s
[2024-11-07T15:40:18-0500] -------------------------------
[2024-11-07T15:40:18-0500] All tests completed, cleaning up...
[2024-11-07T15:40:18-0500] -------------------------------
[2024-11-07T15:45:05-0500] [measurement] Load environment variables from prod.env file
[2024-11-07T15:45:05-0500] Starting a network measurement, please choose a server
[2024-11-07T15:45:05-0500] 0) West Cloud: 54.176.53.206
[2024-11-07T15:45:05-0500] 1) East Cloud: 54.197.223.49
[2024-11-07T15:45:09-0500] Enter your choice (0-1): Testing starlink, server 1 (ip: 54.197.223.49, nuttcp_port: 5103, iperf_port: 5003)
[2024-11-07T15:45:09-0500] -------------------------------
[2024-11-07T15:45:09-0500] tcp downlink test started at 2024-11-07 15:45:09.363 EST
[2024-11-07T15:45:09-0500] Testing tcp downlink with 54.197.223.49:5103, interval 0.5 s, duration 120 s, timeout 121 s...
[2024-11-07T15:47:10-0500] Current time exceeds end time, skipping wait
[2024-11-07T15:47:10-0500] Saved tcp downlink test to /data/data/com.termux/files/home/storage/shared/bos_la_2024_trip/starlink/20241107/154509342/tcp_downlink_154509398.out
[2024-11-07T15:47:10-0500] DL AVG TPUT: 
[2024-11-07T15:47:10-0500] tcp downlink test finished at 2024-11-07 15:47:10.453 EST, duration: 121.090 s
[2024-11-07T15:47:10-0500] -------------------------------
[2024-11-07T15:47:10-0500] Waiting for 2 s...
[2024-11-07T15:47:12-0500] -------------------------------
[2024-11-07T15:47:12-0500] Starting 5G booster for 5 s...
[2024-11-07T15:47:12-0500] 5G booster started at 2024-11-07 15:47:12.588 EST
[2024-11-07T15:47:18-0500] Current time exceeds end time, skipping wait
[2024-11-07T15:47:18-0500] Saved TCP DL results to /data/data/com.termux/files/home/storage/shared/bos_la_2024_trip/starlink/20241107/154509342/tcp_downlink_154712618.out
[2024-11-07T15:47:18-0500] DL AVG TPUT: 
[2024-11-07T15:47:18-0500] 5G booster finished at 2024-11-07 15:47:18.685 EST, duration: 6.097 s
[2024-11-07T15:47:18-0500] -------------------------------
[2024-11-07T15:47:18-0500] Waiting for 2 s...
[2024-11-07T15:47:20-0500] -------------------------------
[2024-11-07T15:47:20-0500] tcp uplink test started at 2024-11-07 15:47:20.807 EST
[2024-11-07T15:47:20-0500] testing tcp uplink with 54.197.223.49:5103, interval 0.5, duration 120, timeout 121 ...
[2024-11-07T15:49:21-0500] Current time exceeds end time, skipping wait
[2024-11-07T15:49:21-0500] Saved uplink test to /data/data/com.termux/files/home/storage/shared/bos_la_2024_trip/starlink/20241107/154509342/tcp_uplink_154720842.out
[2024-11-07T15:49:21-0500] UL AVG TPUT: 
[2024-11-07T15:49:21-0500] tcp uplink test finished at 2024-11-07 15:49:21.922 EST, duration: 121.115 s
[2024-11-07T15:49:21-0500] -------------------------------
[2024-11-07T15:49:21-0500] Waiting for 2 s...
[2024-11-07T15:49:23-0500] -------------------------------
[2024-11-07T15:49:23-0500] Starting 5G booster for 5 s...
[2024-11-07T15:49:24-0500] 5G booster started at 2024-11-07 15:49:24.001 EST
[2024-11-07T15:49:30-0500] Current time exceeds end time, skipping wait
[2024-11-07T15:49:30-0500] Saved TCP DL results to /data/data/com.termux/files/home/storage/shared/bos_la_2024_trip/starlink/20241107/154509342/tcp_downlink_154924028.out
[2024-11-07T15:49:30-0500] DL AVG TPUT: 
[2024-11-07T15:49:30-0500] 5G booster finished at 2024-11-07 15:49:30.100 EST, duration: 6.099 s
[2024-11-07T15:49:30-0500] -------------------------------
[2024-11-07T15:49:30-0500] Waiting for 2 s...
[2024-11-07T15:49:32-0500] -------------------------------
[2024-11-07T15:49:32-0500] ICMP Ping test started at 2024-11-07 15:49:32.205 EST
[2024-11-07T15:50:02-0500] Waiting for .908 s to reach end time
[2024-11-07T15:50:03-0500] Saved ping test to /data/data/com.termux/files/home/storage/shared/bos_la_2024_trip/starlink/20241107/154509342/icmp_ping_154932235.out
[2024-11-07T15:50:03-0500] Ping summary (min/avg/max/mdev) = 24.021/52.564/123.083/18.586 ms
[2024-11-07T15:50:03-0500] Ping test finished at 2024-11-07 15:50:03.267 EST, duration: 31.062 s
[2024-11-07T15:50:03-0500] -------------------------------
[2024-11-07T15:50:03-0500] Waiting for 2 s...
[2024-11-07T15:50:05-0500] -------------------------------
[2024-11-07T15:50:05-0500] Starting 5G booster for 5 s...
[2024-11-07T15:50:05-0500] 5G booster started at 2024-11-07 15:50:05.366 EST
[2024-11-07T15:50:11-0500] Current time exceeds end time, skipping wait
[2024-11-07T15:50:11-0500] Saved TCP DL results to /data/data/com.termux/files/home/storage/shared/bos_la_2024_trip/starlink/20241107/154509342/tcp_downlink_155005417.out
[2024-11-07T15:50:11-0500] DL AVG TPUT: 
[2024-11-07T15:50:11-0500] 5G booster finished at 2024-11-07 15:50:11.482 EST, duration: 6.116 s
[2024-11-07T15:50:11-0500] -------------------------------
[2024-11-07T15:50:11-0500] Waiting for 2 s...
[2024-11-07T15:50:13-0500] -------------------------------
[2024-11-07T15:50:13-0500] TCP Ping test started at 2024-11-07 15:50:13.558 EST
[2024-11-07T15:50:44-0500] Current time exceeds end time, skipping wait
[2024-11-07T15:50:44-0500] Saved TCP Ping test to /data/data/com.termux/files/home/storage/shared/bos_la_2024_trip/starlink/20241107/154509342/tcp_ping_155013589.out
[2024-11-07T15:50:44-0500] TCP Ping summary (min/avg/max/mdev) 
[2024-11-07T15:50:44-0500] TCP Ping test finished at 2024-11-07 15:50:44.672 EST, duration: 31.114 s
[2024-11-07T15:50:44-0500] -------------------------------
[2024-11-07T15:50:44-0500] Waiting for 2 s...
[2024-11-07T15:50:46-0500] -------------------------------
[2024-11-07T15:50:46-0500] Traceroute test started at 2024-11-07 15:50:46.780 EST
[2024-11-07T15:50:48-0500] Waiting for 28.012 s to reach end time
[2024-11-07T15:51:16-0500] Saved traceroute test to /data/data/com.termux/files/home/storage/shared/bos_la_2024_trip/starlink/20241107/154509342/traceroute_155046807.out
[2024-11-07T15:51:16-0500] Traceroute summary (min/avg/max/mdev) 
[2024-11-07T15:51:16-0500] Traceroute test finished at 2024-11-07 15:51:16.876 EST, duration: 30.096 s
[2024-11-07T15:51:16-0500] -------------------------------
[2024-11-07T15:51:16-0500] All tests completed, cleaning up...
[2024-11-07T15:51:16-0500] -------------------------------
[2024-11-07T15:52:31-0500] [measurement] Load environment variables from prod.env file
[2024-11-07T15:52:31-0500] Starting a network measurement, please choose a server
[2024-11-07T15:52:31-0500] 0) West Cloud: 54.176.53.206
[2024-11-07T15:52:31-0500] 1) East Cloud: 54.197.223.49
[2024-11-07T15:52:38-0500] Enter your choice (0-1): Testing starlink, server 1 (ip: 54.197.223.49, nuttcp_port: 5103, iperf_port: 5003)
[2024-11-07T15:52:38-0500] -------------------------------
[2024-11-07T15:52:38-0500] tcp downlink test started at 2024-11-07 15:52:38.473 EST
[2024-11-07T15:52:38-0500] Testing tcp downlink with 54.197.223.49:5103, interval 0.5 s, duration 120 s, timeout 121 s...
[2024-11-07T15:54:39-0500] Current time exceeds end time, skipping wait
[2024-11-07T15:54:39-0500] Saved tcp downlink test to /data/data/com.termux/files/home/storage/shared/bos_la_2024_trip/starlink/20241107/155238455/tcp_downlink_155238495.out
[2024-11-07T15:54:39-0500] DL AVG TPUT: 
[2024-11-07T15:54:39-0500] tcp downlink test finished at 2024-11-07 15:54:39.587 EST, duration: 121.114 s
[2024-11-07T15:54:39-0500] -------------------------------
[2024-11-07T15:54:39-0500] Waiting for 2 s...
[2024-11-07T15:54:41-0500] -------------------------------
[2024-11-07T15:54:41-0500] Starting 5G booster for 5 s...
[2024-11-07T15:54:41-0500] 5G booster started at 2024-11-07 15:54:41.692 EST
[2024-11-07T15:54:47-0500] Current time exceeds end time, skipping wait
[2024-11-07T15:54:47-0500] Saved TCP DL results to /data/data/com.termux/files/home/storage/shared/bos_la_2024_trip/starlink/20241107/155238455/tcp_downlink_155441720.out
[2024-11-07T15:54:47-0500] DL AVG TPUT: 
[2024-11-07T15:54:47-0500] 5G booster finished at 2024-11-07 15:54:47.822 EST, duration: 6.130 s
[2024-11-07T15:54:47-0500] -------------------------------
[2024-11-07T15:54:47-0500] Waiting for 2 s...
[2024-11-07T15:54:49-0500] -------------------------------
[2024-11-07T15:54:49-0500] tcp uplink test started at 2024-11-07 15:54:49.923 EST
[2024-11-07T15:54:49-0500] testing tcp uplink with 54.197.223.49:5103, interval 0.5, duration 120, timeout 121 ...
[2024-11-07T15:56:51-0500] Current time exceeds end time, skipping wait
[2024-11-07T15:56:51-0500] Saved uplink test to /data/data/com.termux/files/home/storage/shared/bos_la_2024_trip/starlink/20241107/155238455/tcp_uplink_155449950.out
[2024-11-07T15:56:51-0500] UL AVG TPUT: 
[2024-11-07T15:56:51-0500] tcp uplink test finished at 2024-11-07 15:56:51.027 EST, duration: 121.104 s
[2024-11-07T15:56:51-0500] -------------------------------
[2024-11-07T15:56:51-0500] Waiting for 2 s...
[2024-11-07T15:56:53-0500] -------------------------------
[2024-11-07T15:56:53-0500] Starting 5G booster for 5 s...
[2024-11-07T15:56:53-0500] 5G booster started at 2024-11-07 15:56:53.140 EST
[2024-11-07T15:56:59-0500] Current time exceeds end time, skipping wait
[2024-11-07T15:56:59-0500] Saved TCP DL results to /data/data/com.termux/files/home/storage/shared/bos_la_2024_trip/starlink/20241107/155238455/tcp_downlink_155653167.out
[2024-11-07T15:56:59-0500] DL AVG TPUT: 
[2024-11-07T15:56:59-0500] 5G booster finished at 2024-11-07 15:56:59.234 EST, duration: 6.094 s
[2024-11-07T15:56:59-0500] -------------------------------
[2024-11-07T15:56:59-0500] Waiting for 2 s...
[2024-11-07T15:57:01-0500] -------------------------------
[2024-11-07T15:57:01-0500] ICMP Ping test started at 2024-11-07 15:57:01.329 EST
[2024-11-07T15:57:31-0500] Waiting for .930 s to reach end time
[2024-11-07T15:57:32-0500] Saved ping test to /data/data/com.termux/files/home/storage/shared/bos_la_2024_trip/starlink/20241107/155238455/icmp_ping_155701353.out
[2024-11-07T15:57:32-0500] Ping summary (min/avg/max/mdev) = 26.966/43.649/185.911/18.795 ms
[2024-11-07T15:57:32-0500] Ping test finished at 2024-11-07 15:57:32.420 EST, duration: 31.091 s
[2024-11-07T15:57:32-0500] -------------------------------
[2024-11-07T15:57:32-0500] Waiting for 2 s...
[2024-11-07T15:57:34-0500] -------------------------------
[2024-11-07T15:57:34-0500] Starting 5G booster for 5 s...
[2024-11-07T15:57:34-0500] 5G booster started at 2024-11-07 15:57:34.545 EST
[2024-11-07T15:57:40-0500] Current time exceeds end time, skipping wait
[2024-11-07T15:57:40-0500] Saved TCP DL results to /data/data/com.termux/files/home/storage/shared/bos_la_2024_trip/starlink/20241107/155238455/tcp_downlink_155734593.out
[2024-11-07T15:57:40-0500] DL AVG TPUT: 
[2024-11-07T15:57:40-0500] 5G booster finished at 2024-11-07 15:57:40.658 EST, duration: 6.113 s
[2024-11-07T15:57:40-0500] -------------------------------
[2024-11-07T15:57:40-0500] Waiting for 2 s...
[2024-11-07T15:57:42-0500] -------------------------------
[2024-11-07T15:57:42-0500] TCP Ping test started at 2024-11-07 15:57:42.770 EST
[2024-11-07T15:58:13-0500] Current time exceeds end time, skipping wait
[2024-11-07T15:58:13-0500] Saved TCP Ping test to /data/data/com.termux/files/home/storage/shared/bos_la_2024_trip/starlink/20241107/155238455/tcp_ping_155742823.out
[2024-11-07T15:58:14-0500] TCP Ping summary (min/avg/max/mdev) 
[2024-11-07T15:58:14-0500] TCP Ping test finished at 2024-11-07 15:58:13.948 EST, duration: 31.178 s
[2024-11-07T15:58:14-0500] -------------------------------
[2024-11-07T15:58:14-0500] Waiting for 2 s...
[2024-11-07T15:58:16-0500] -------------------------------
[2024-11-07T15:58:16-0500] Traceroute test started at 2024-11-07 15:58:16.095 EST
[2024-11-07T15:58:17-0500] Waiting for 28.837 s to reach end time
[2024-11-07T15:58:46-0500] Saved traceroute test to /data/data/com.termux/files/home/storage/shared/bos_la_2024_trip/starlink/20241107/155238455/traceroute_155816149.out
[2024-11-07T15:58:46-0500] Traceroute summary (min/avg/max/mdev) 
[2024-11-07T15:58:46-0500] Traceroute test finished at 2024-11-07 15:58:46.159 EST, duration: 30.064 s
[2024-11-07T15:58:46-0500] -------------------------------
[2024-11-07T15:58:46-0500] All tests completed, cleaning up...
[2024-11-07T15:58:46-0500] -------------------------------
[2024-11-07T15:59:25-0500] [measurement] Load environment variables from prod.env file
[2024-11-07T15:59:25-0500] Starting a network measurement, please choose a server
[2024-11-07T15:59:25-0500] 0) West Cloud: 54.176.53.206
[2024-11-07T15:59:25-0500] 1) East Cloud: 54.197.223.49
[2024-11-07T15:59:45-0500] Enter your choice (0-1): Testing starlink, server 1 (ip: 54.197.223.49, nuttcp_port: 5103, iperf_port: 5003)
[2024-11-07T15:59:45-0500] -------------------------------
[2024-11-07T15:59:45-0500] tcp downlink test started at 2024-11-07 15:59:45.980 EST
[2024-11-07T15:59:46-0500] Testing tcp downlink with 54.197.223.49:5103, interval 0.5 s, duration 120 s, timeout 121 s...
[2024-11-07T16:01:47-0500] Current time exceeds end time, skipping wait
[2024-11-07T16:01:47-0500] Saved tcp downlink test to /data/data/com.termux/files/home/storage/shared/bos_la_2024_trip/starlink/20241107/155945956/tcp_downlink_155946012.out
[2024-11-07T16:01:47-0500] DL AVG TPUT: 
[2024-11-07T16:01:47-0500] tcp downlink test finished at 2024-11-07 16:01:47.116 EST, duration: 121.136 s
[2024-11-07T16:01:47-0500] -------------------------------
[2024-11-07T16:01:47-0500] Waiting for 2 s...
[2024-11-07T16:01:49-0500] -------------------------------
[2024-11-07T16:01:49-0500] Starting 5G booster for 5 s...
[2024-11-07T16:01:49-0500] 5G booster started at 2024-11-07 16:01:49.236 EST
[2024-11-07T16:01:55-0500] Current time exceeds end time, skipping wait
[2024-11-07T16:01:55-0500] Saved TCP DL results to /data/data/com.termux/files/home/storage/shared/bos_la_2024_trip/starlink/20241107/155945956/tcp_downlink_160149287.out
[2024-11-07T16:01:55-0500] DL AVG TPUT: 
[2024-11-07T16:01:55-0500] 5G booster finished at 2024-11-07 16:01:55.379 EST, duration: 6.143 s
[2024-11-07T16:01:55-0500] -------------------------------
[2024-11-07T16:01:55-0500] Waiting for 2 s...
[2024-11-07T16:01:57-0500] -------------------------------
[2024-11-07T16:01:57-0500] tcp uplink test started at 2024-11-07 16:01:57.481 EST
[2024-11-07T16:01:57-0500] testing tcp uplink with 54.197.223.49:5103, interval 0.5, duration 120, timeout 121 ...
[2024-11-07T16:03:58-0500] Current time exceeds end time, skipping wait
[2024-11-07T16:03:58-0500] Saved uplink test to /data/data/com.termux/files/home/storage/shared/bos_la_2024_trip/starlink/20241107/155945956/tcp_uplink_160157511.out
[2024-11-07T16:03:58-0500] UL AVG TPUT: 
[2024-11-07T16:03:58-0500] tcp uplink test finished at 2024-11-07 16:03:58.598 EST, duration: 121.117 s
[2024-11-07T16:03:58-0500] -------------------------------
[2024-11-07T16:03:58-0500] Waiting for 2 s...
[2024-11-07T16:04:00-0500] -------------------------------
[2024-11-07T16:04:00-0500] Starting 5G booster for 5 s...
[2024-11-07T16:04:00-0500] 5G booster started at 2024-11-07 16:04:00.702 EST
[2024-11-07T16:04:06-0500] Current time exceeds end time, skipping wait
[2024-11-07T16:04:06-0500] Saved TCP DL results to /data/data/com.termux/files/home/storage/shared/bos_la_2024_trip/starlink/20241107/155945956/tcp_downlink_160400730.out
[2024-11-07T16:04:06-0500] DL AVG TPUT: 
[2024-11-07T16:04:06-0500] 5G booster finished at 2024-11-07 16:04:06.805 EST, duration: 6.103 s
[2024-11-07T16:04:06-0500] -------------------------------
[2024-11-07T16:04:06-0500] Waiting for 2 s...
[2024-11-07T16:04:08-0500] -------------------------------
[2024-11-07T16:04:08-0500] ICMP Ping test started at 2024-11-07 16:04:08.911 EST
[2024-11-07T16:04:39-0500] Waiting for .896 s to reach end time
[2024-11-07T16:04:40-0500] Saved ping test to /data/data/com.termux/files/home/storage/shared/bos_la_2024_trip/starlink/20241107/155945956/icmp_ping_160408933.out
[2024-11-07T16:04:40-0500] Ping summary (min/avg/max/mdev) = 28.731/78.204/166.226/32.732 ms
[2024-11-07T16:04:40-0500] Ping test finished at 2024-11-07 16:04:40.007 EST, duration: 31.096 s
[2024-11-07T16:04:40-0500] -------------------------------
[2024-11-07T16:04:40-0500] Waiting for 2 s...
[2024-11-07T16:04:42-0500] -------------------------------
[2024-11-07T16:04:42-0500] Starting 5G booster for 5 s...
[2024-11-07T16:04:42-0500] 5G booster started at 2024-11-07 16:04:42.140 EST
[2024-11-07T16:04:48-0500] Current time exceeds end time, skipping wait
[2024-11-07T16:04:48-0500] Saved TCP DL results to /data/data/com.termux/files/home/storage/shared/bos_la_2024_trip/starlink/20241107/155945956/tcp_downlink_160442169.out
[2024-11-07T16:04:48-0500] DL AVG TPUT: 
[2024-11-07T16:04:48-0500] 5G booster finished at 2024-11-07 16:04:48.242 EST, duration: 6.102 s
[2024-11-07T16:04:48-0500] -------------------------------
[2024-11-07T16:04:48-0500] Waiting for 2 s...
[2024-11-07T16:04:50-0500] -------------------------------
[2024-11-07T16:04:50-0500] TCP Ping test started at 2024-11-07 16:04:50.346 EST
[2024-11-07T16:05:21-0500] Current time exceeds end time, skipping wait
[2024-11-07T16:05:21-0500] Saved TCP Ping test to /data/data/com.termux/files/home/storage/shared/bos_la_2024_trip/starlink/20241107/155945956/tcp_ping_160450370.out
[2024-11-07T16:05:21-0500] TCP Ping summary (min/avg/max/mdev) 
[2024-11-07T16:05:21-0500] TCP Ping test finished at 2024-11-07 16:05:21.435 EST, duration: 31.089 s
[2024-11-07T16:05:21-0500] -------------------------------
[2024-11-07T16:05:21-0500] Waiting for 2 s...
[2024-11-07T16:05:23-0500] -------------------------------
[2024-11-07T16:05:23-0500] Traceroute test started at 2024-11-07 16:05:23.541 EST
[2024-11-07T16:05:24-0500] Waiting for 28.938 s to reach end time
[2024-11-07T16:05:53-0500] Saved traceroute test to /data/data/com.termux/files/home/storage/shared/bos_la_2024_trip/starlink/20241107/155945956/traceroute_160523567.out
[2024-11-07T16:05:53-0500] Traceroute summary (min/avg/max/mdev) 
[2024-11-07T16:05:53-0500] Traceroute test finished at 2024-11-07 16:05:53.615 EST, duration: 30.074 s
[2024-11-07T16:05:53-0500] -------------------------------
[2024-11-07T16:05:53-0500] All tests completed, cleaning up...
[2024-11-07T16:05:53-0500] -------------------------------
[2024-11-07T16:06:38-0500] [measurement] Load environment variables from prod.env file
[2024-11-07T16:06:38-0500] Starting a network measurement, please choose a server
[2024-11-07T16:06:38-0500] 0) West Cloud: 54.176.53.206
[2024-11-07T16:06:38-0500] 1) East Cloud: 54.197.223.49
[2024-11-07T16:06:51-0500] Enter your choice (0-1): Testing starlink, server 1 (ip: 54.197.223.49, nuttcp_port: 5103, iperf_port: 5003)
[2024-11-07T16:06:51-0500] -------------------------------
[2024-11-07T16:06:51-0500] tcp downlink test started at 2024-11-07 16:06:51.565 EST
[2024-11-07T16:06:51-0500] Testing tcp downlink with 54.197.223.49:5103, interval 0.5 s, duration 120 s, timeout 121 s...
[2024-11-07T16:08:52-0500] Current time exceeds end time, skipping wait
[2024-11-07T16:08:52-0500] Saved tcp downlink test to /data/data/com.termux/files/home/storage/shared/bos_la_2024_trip/starlink/20241107/160651545/tcp_downlink_160651594.out
[2024-11-07T16:08:52-0500] DL AVG TPUT: 
[2024-11-07T16:08:52-0500] tcp downlink test finished at 2024-11-07 16:08:52.661 EST, duration: 121.096 s
[2024-11-07T16:08:52-0500] -------------------------------
[2024-11-07T16:08:52-0500] Waiting for 2 s...
[2024-11-07T16:08:54-0500] -------------------------------
[2024-11-07T16:08:54-0500] Starting 5G booster for 5 s...
[2024-11-07T16:08:54-0500] 5G booster started at 2024-11-07 16:08:54.744 EST
[2024-11-07T16:09:00-0500] Current time exceeds end time, skipping wait
[2024-11-07T16:09:00-0500] Saved TCP DL results to /data/data/com.termux/files/home/storage/shared/bos_la_2024_trip/starlink/20241107/160651545/tcp_downlink_160854766.out
[2024-11-07T16:09:00-0500] DL AVG TPUT: 
[2024-11-07T16:09:00-0500] 5G booster finished at 2024-11-07 16:09:00.841 EST, duration: 6.097 s
[2024-11-07T16:09:00-0500] -------------------------------
[2024-11-07T16:09:00-0500] Waiting for 2 s...
[2024-11-07T16:09:02-0500] -------------------------------
[2024-11-07T16:09:02-0500] tcp uplink test started at 2024-11-07 16:09:02.940 EST
[2024-11-07T16:09:02-0500] testing tcp uplink with 54.197.223.49:5103, interval 0.5, duration 120, timeout 121 ...
[2024-11-07T16:11:04-0500] Current time exceeds end time, skipping wait
[2024-11-07T16:11:04-0500] Saved uplink test to /data/data/com.termux/files/home/storage/shared/bos_la_2024_trip/starlink/20241107/160651545/tcp_uplink_160902968.out
[2024-11-07T16:11:04-0500] UL AVG TPUT: 
[2024-11-07T16:11:04-0500] tcp uplink test finished at 2024-11-07 16:11:04.078 EST, duration: 121.138 s
[2024-11-07T16:11:04-0500] -------------------------------
[2024-11-07T16:11:04-0500] Waiting for 2 s...
[2024-11-07T16:11:06-0500] -------------------------------
[2024-11-07T16:11:06-0500] Starting 5G booster for 5 s...
[2024-11-07T16:11:06-0500] 5G booster started at 2024-11-07 16:11:06.204 EST
[2024-11-07T16:11:12-0500] Current time exceeds end time, skipping wait
[2024-11-07T16:11:12-0500] Saved TCP DL results to /data/data/com.termux/files/home/storage/shared/bos_la_2024_trip/starlink/20241107/160651545/tcp_downlink_161106234.out
[2024-11-07T16:11:12-0500] DL AVG TPUT: 
[2024-11-07T16:11:12-0500] 5G booster finished at 2024-11-07 16:11:12.322 EST, duration: 6.118 s
[2024-11-07T16:11:12-0500] -------------------------------
[2024-11-07T16:11:12-0500] Waiting for 2 s...
[2024-11-07T16:11:14-0500] -------------------------------
[2024-11-07T16:11:14-0500] ICMP Ping test started at 2024-11-07 16:11:14.426 EST
[2024-11-07T16:11:44-0500] Waiting for .901 s to reach end time
[2024-11-07T16:11:45-0500] Saved ping test to /data/data/com.termux/files/home/storage/shared/bos_la_2024_trip/starlink/20241107/160651545/icmp_ping_161114454.out
[2024-11-07T16:11:45-0500] Ping summary (min/avg/max/mdev) = 24.292/46.983/119.909/17.918 ms
[2024-11-07T16:11:45-0500] Ping test finished at 2024-11-07 16:11:45.520 EST, duration: 31.094 s
[2024-11-07T16:11:45-0500] -------------------------------
[2024-11-07T16:11:45-0500] Waiting for 2 s...
[2024-11-07T16:11:47-0500] -------------------------------
[2024-11-07T16:11:47-0500] Starting 5G booster for 5 s...
[2024-11-07T16:11:47-0500] 5G booster started at 2024-11-07 16:11:47.628 EST
[2024-11-07T16:11:53-0500] Current time exceeds end time, skipping wait
[2024-11-07T16:11:53-0500] Saved TCP DL results to /data/data/com.termux/files/home/storage/shared/bos_la_2024_trip/starlink/20241107/160651545/tcp_downlink_161147654.out
[2024-11-07T16:11:53-0500] DL AVG TPUT: 
[2024-11-07T16:11:53-0500] 5G booster finished at 2024-11-07 16:11:53.731 EST, duration: 6.103 s
[2024-11-07T16:11:53-0500] -------------------------------
[2024-11-07T16:11:53-0500] Waiting for 2 s...
[2024-11-07T16:11:55-0500] -------------------------------
[2024-11-07T16:11:55-0500] TCP Ping test started at 2024-11-07 16:11:55.842 EST
[2024-11-07T16:12:26-0500] Current time exceeds end time, skipping wait
[2024-11-07T16:12:26-0500] Saved TCP Ping test to /data/data/com.termux/files/home/storage/shared/bos_la_2024_trip/starlink/20241107/160651545/tcp_ping_161155864.out
[2024-11-07T16:12:26-0500] TCP Ping summary (min/avg/max/mdev) 
[2024-11-07T16:12:27-0500] TCP Ping test finished at 2024-11-07 16:12:26.942 EST, duration: 31.100 s
[2024-11-07T16:12:27-0500] -------------------------------
[2024-11-07T16:12:27-0500] Waiting for 2 s...
[2024-11-07T16:12:29-0500] -------------------------------
[2024-11-07T16:12:29-0500] Traceroute test started at 2024-11-07 16:12:29.043 EST
[2024-11-07T16:12:30-0500] Waiting for 28.756 s to reach end time
[2024-11-07T16:12:59-0500] Saved traceroute test to /data/data/com.termux/files/home/storage/shared/bos_la_2024_trip/starlink/20241107/160651545/traceroute_161229098.out
[2024-11-07T16:12:59-0500] Traceroute summary (min/avg/max/mdev) 
[2024-11-07T16:12:59-0500] Traceroute test finished at 2024-11-07 16:12:59.128 EST, duration: 30.085 s
[2024-11-07T16:12:59-0500] -------------------------------
[2024-11-07T16:12:59-0500] All tests completed, cleaning up...
[2024-11-07T16:12:59-0500] -------------------------------
[2024-11-07T16:22:51-0500] [measurement] Load environment variables from prod.env file
[2024-11-07T16:22:51-0500] Starting a network measurement, please choose a server
[2024-11-07T16:22:51-0500] 0) West Cloud: 54.176.53.206
[2024-11-07T16:22:51-0500] 1) East Cloud: 54.197.223.49
[2024-11-07T16:27:15-0500] Enter your choice (0-1): Testing starlink, server 1 (ip: 54.197.223.49, nuttcp_port: 5103, iperf_port: 5003)
[2024-11-07T16:27:15-0500] -------------------------------
[2024-11-07T16:27:15-0500] tcp downlink test started at 2024-11-07 16:27:15.607 EST
[2024-11-07T16:27:15-0500] Testing tcp downlink with 54.197.223.49:5103, interval 0.5 s, duration 120 s, timeout 121 s...
[2024-11-07T16:29:16-0500] Current time exceeds end time, skipping wait
[2024-11-07T16:29:16-0500] Saved tcp downlink test to /data/data/com.termux/files/home/storage/shared/bos_la_2024_trip/starlink/20241107/162715583/tcp_downlink_162715629.out
[2024-11-07T16:29:16-0500] DL AVG TPUT: 
[2024-11-07T16:29:16-0500] tcp downlink test finished at 2024-11-07 16:29:16.725 EST, duration: 121.118 s
[2024-11-07T16:29:16-0500] -------------------------------
[2024-11-07T16:29:16-0500] Waiting for 2 s...
[2024-11-07T16:29:18-0500] -------------------------------
[2024-11-07T16:29:18-0500] Starting 5G booster for 5 s...
[2024-11-07T16:29:18-0500] 5G booster started at 2024-11-07 16:29:18.820 EST
[2024-11-07T16:29:24-0500] Current time exceeds end time, skipping wait
[2024-11-07T16:29:24-0500] Saved TCP DL results to /data/data/com.termux/files/home/storage/shared/bos_la_2024_trip/starlink/20241107/162715583/tcp_downlink_162918843.out
[2024-11-07T16:29:24-0500] DL AVG TPUT: 
[2024-11-07T16:29:24-0500] 5G booster finished at 2024-11-07 16:29:24.937 EST, duration: 6.117 s
[2024-11-07T16:29:24-0500] -------------------------------
[2024-11-07T16:29:24-0500] Waiting for 2 s...
[2024-11-07T16:29:27-0500] -------------------------------
[2024-11-07T16:29:27-0500] tcp uplink test started at 2024-11-07 16:29:27.036 EST
[2024-11-07T16:29:27-0500] testing tcp uplink with 54.197.223.49:5103, interval 0.5, duration 120, timeout 121 ...
[2024-11-07T16:31:27-0500] Waiting for .209 s to reach end time
[2024-11-07T16:31:28-0500] Saved uplink test to /data/data/com.termux/files/home/storage/shared/bos_la_2024_trip/starlink/20241107/162715583/tcp_uplink_162927067.out
[2024-11-07T16:31:28-0500] UL AVG TPUT: 7.0759 Mbps
[2024-11-07T16:31:28-0500] tcp uplink test finished at 2024-11-07 16:31:28.151 EST, duration: 121.115 s
[2024-11-07T16:31:28-0500] -------------------------------
[2024-11-07T16:31:28-0500] Waiting for 2 s...
[2024-11-07T16:31:30-0500] -------------------------------
[2024-11-07T16:31:30-0500] Starting 5G booster for 5 s...
[2024-11-07T16:31:30-0500] 5G booster started at 2024-11-07 16:31:30.274 EST
[2024-11-07T16:31:36-0500] Current time exceeds end time, skipping wait
[2024-11-07T16:31:36-0500] Saved TCP DL results to /data/data/com.termux/files/home/storage/shared/bos_la_2024_trip/starlink/20241107/162715583/tcp_downlink_163130295.out
[2024-11-07T16:31:36-0500] DL AVG TPUT: 
[2024-11-07T16:31:36-0500] 5G booster finished at 2024-11-07 16:31:36.359 EST, duration: 6.085 s
[2024-11-07T16:31:36-0500] -------------------------------
[2024-11-07T16:31:36-0500] Waiting for 2 s...
[2024-11-07T16:31:38-0500] -------------------------------
[2024-11-07T16:31:38-0500] ICMP Ping test started at 2024-11-07 16:31:38.452 EST
[2024-11-07T16:32:08-0500] Waiting for .875 s to reach end time
[2024-11-07T16:32:09-0500] Saved ping test to /data/data/com.termux/files/home/storage/shared/bos_la_2024_trip/starlink/20241107/162715583/icmp_ping_163138502.out
[2024-11-07T16:32:09-0500] Ping summary (min/avg/max/mdev) = 28.250/50.887/163.667/23.781 ms
[2024-11-07T16:32:09-0500] Ping test finished at 2024-11-07 16:32:09.568 EST, duration: 31.116 s
[2024-11-07T16:32:09-0500] -------------------------------
[2024-11-07T16:32:09-0500] Waiting for 2 s...
[2024-11-07T16:32:11-0500] -------------------------------
[2024-11-07T16:32:11-0500] Starting 5G booster for 5 s...
[2024-11-07T16:32:11-0500] 5G booster started at 2024-11-07 16:32:11.696 EST
[2024-11-07T16:32:17-0500] Current time exceeds end time, skipping wait
[2024-11-07T16:32:17-0500] Saved TCP DL results to /data/data/com.termux/files/home/storage/shared/bos_la_2024_trip/starlink/20241107/162715583/tcp_downlink_163211750.out
[2024-11-07T16:32:17-0500] DL AVG TPUT: 
[2024-11-07T16:32:17-0500] 5G booster finished at 2024-11-07 16:32:17.833 EST, duration: 6.137 s
[2024-11-07T16:32:17-0500] -------------------------------
[2024-11-07T16:32:17-0500] Waiting for 2 s...
[2024-11-07T16:32:19-0500] -------------------------------
[2024-11-07T16:32:19-0500] TCP Ping test started at 2024-11-07 16:32:19.933 EST
[2024-11-07T16:32:51-0500] Current time exceeds end time, skipping wait
[2024-11-07T16:32:51-0500] Saved TCP Ping test to /data/data/com.termux/files/home/storage/shared/bos_la_2024_trip/starlink/20241107/162715583/tcp_ping_163219961.out
[2024-11-07T16:32:51-0500] TCP Ping summary (min/avg/max/mdev) 
[2024-11-07T16:32:51-0500] TCP Ping test finished at 2024-11-07 16:32:51.062 EST, duration: 31.129 s
[2024-11-07T16:32:51-0500] -------------------------------
[2024-11-07T16:32:51-0500] Waiting for 2 s...
[2024-11-07T16:32:53-0500] -------------------------------
[2024-11-07T16:32:53-0500] Traceroute test started at 2024-11-07 16:32:53.164 EST
[2024-11-07T16:32:58-0500] Waiting for 24.800 s to reach end time
[2024-11-07T16:33:23-0500] Saved traceroute test to /data/data/com.termux/files/home/storage/shared/bos_la_2024_trip/starlink/20241107/162715583/traceroute_163253191.out
[2024-11-07T16:33:23-0500] Traceroute summary (min/avg/max/mdev) 
[2024-11-07T16:33:23-0500] Traceroute test finished at 2024-11-07 16:33:23.249 EST, duration: 30.085 s
[2024-11-07T16:33:23-0500] -------------------------------
[2024-11-07T16:33:23-0500] All tests completed, cleaning up...
[2024-11-07T16:33:23-0500] -------------------------------
[2024-11-07T16:33:44-0500] [measurement] Load environment variables from prod.env file
[2024-11-07T16:33:44-0500] Starting a network measurement, please choose a server
[2024-11-07T16:33:44-0500] 0) West Cloud: 54.176.53.206
[2024-11-07T16:33:44-0500] 1) East Cloud: 54.197.223.49
[2024-11-07T16:34:36-0500] Enter your choice (0-1): Testing starlink, server 1 (ip: 54.197.223.49, nuttcp_port: 5103, iperf_port: 5003)
[2024-11-07T16:34:36-0500] -------------------------------
[2024-11-07T16:34:36-0500] tcp downlink test started at 2024-11-07 16:34:36.832 EST
[2024-11-07T16:34:36-0500] Testing tcp downlink with 54.197.223.49:5103, interval 0.5 s, duration 120 s, timeout 121 s...
[2024-11-07T16:36:37-0500] Current time exceeds end time, skipping wait
[2024-11-07T16:36:37-0500] Saved tcp downlink test to /data/data/com.termux/files/home/storage/shared/bos_la_2024_trip/starlink/20241107/163436813/tcp_downlink_163436857.out
[2024-11-07T16:36:37-0500] DL AVG TPUT: 
[2024-11-07T16:36:38-0500] tcp downlink test finished at 2024-11-07 16:36:37.949 EST, duration: 121.117 s
[2024-11-07T16:36:38-0500] -------------------------------
[2024-11-07T16:36:38-0500] Waiting for 2 s...
[2024-11-07T16:36:40-0500] -------------------------------
[2024-11-07T16:36:40-0500] Starting 5G booster for 5 s...
[2024-11-07T16:36:40-0500] 5G booster started at 2024-11-07 16:36:40.061 EST
[2024-11-07T16:36:46-0500] Current time exceeds end time, skipping wait
[2024-11-07T16:36:46-0500] Saved TCP DL results to /data/data/com.termux/files/home/storage/shared/bos_la_2024_trip/starlink/20241107/163436813/tcp_downlink_163640087.out
[2024-11-07T16:36:46-0500] DL AVG TPUT: 
[2024-11-07T16:36:46-0500] 5G booster finished at 2024-11-07 16:36:46.192 EST, duration: 6.131 s
[2024-11-07T16:36:46-0500] -------------------------------
[2024-11-07T16:36:46-0500] Waiting for 2 s...
[2024-11-07T16:36:48-0500] -------------------------------
[2024-11-07T16:36:48-0500] tcp uplink test started at 2024-11-07 16:36:48.303 EST
[2024-11-07T16:36:48-0500] testing tcp uplink with 54.197.223.49:5103, interval 0.5, duration 120, timeout 121 ...
[2024-11-07T16:38:49-0500] Current time exceeds end time, skipping wait
[2024-11-07T16:38:49-0500] Saved uplink test to /data/data/com.termux/files/home/storage/shared/bos_la_2024_trip/starlink/20241107/163436813/tcp_uplink_163648362.out
[2024-11-07T16:38:49-0500] UL AVG TPUT: 
[2024-11-07T16:38:49-0500] tcp uplink test finished at 2024-11-07 16:38:49.430 EST, duration: 121.127 s
[2024-11-07T16:38:49-0500] -------------------------------
[2024-11-07T16:38:49-0500] Waiting for 2 s...
[2024-11-07T16:38:51-0500] -------------------------------
[2024-11-07T16:38:51-0500] Starting 5G booster for 5 s...
[2024-11-07T16:38:51-0500] 5G booster started at 2024-11-07 16:38:51.512 EST
[2024-11-07T16:38:57-0500] Current time exceeds end time, skipping wait
[2024-11-07T16:38:57-0500] Saved TCP DL results to /data/data/com.termux/files/home/storage/shared/bos_la_2024_trip/starlink/20241107/163436813/tcp_downlink_163851542.out
[2024-11-07T16:38:57-0500] DL AVG TPUT: 
[2024-11-07T16:38:57-0500] 5G booster finished at 2024-11-07 16:38:57.620 EST, duration: 6.108 s
[2024-11-07T16:38:57-0500] -------------------------------
[2024-11-07T16:38:57-0500] Waiting for 2 s...
[2024-11-07T16:38:59-0500] -------------------------------
[2024-11-07T16:38:59-0500] ICMP Ping test started at 2024-11-07 16:38:59.724 EST
[2024-11-07T16:39:29-0500] Waiting for .914 s to reach end time
[2024-11-07T16:39:30-0500] Saved ping test to /data/data/com.termux/files/home/storage/shared/bos_la_2024_trip/starlink/20241107/163436813/icmp_ping_163859751.out
[2024-11-07T16:39:30-0500] Ping summary (min/avg/max/mdev) = 31.301/56.182/121.856/19.655 ms
[2024-11-07T16:39:30-0500] Ping test finished at 2024-11-07 16:39:30.818 EST, duration: 31.094 s
[2024-11-07T16:39:30-0500] -------------------------------
[2024-11-07T16:39:30-0500] Waiting for 2 s...
[2024-11-07T16:39:32-0500] -------------------------------
[2024-11-07T16:39:32-0500] Starting 5G booster for 5 s...
[2024-11-07T16:39:32-0500] 5G booster started at 2024-11-07 16:39:32.917 EST
[2024-11-07T16:39:39-0500] Current time exceeds end time, skipping wait
[2024-11-07T16:39:39-0500] Saved TCP DL results to /data/data/com.termux/files/home/storage/shared/bos_la_2024_trip/starlink/20241107/163436813/tcp_downlink_163932982.out
[2024-11-07T16:39:39-0500] DL AVG TPUT: 
[2024-11-07T16:39:39-0500] 5G booster finished at 2024-11-07 16:39:39.074 EST, duration: 6.157 s
[2024-11-07T16:39:39-0500] -------------------------------
[2024-11-07T16:39:39-0500] Waiting for 2 s...
[2024-11-07T16:39:41-0500] -------------------------------
[2024-11-07T16:39:41-0500] TCP Ping test started at 2024-11-07 16:39:41.204 EST
[2024-11-07T16:40:12-0500] Current time exceeds end time, skipping wait
[2024-11-07T16:40:12-0500] Saved TCP Ping test to /data/data/com.termux/files/home/storage/shared/bos_la_2024_trip/starlink/20241107/163436813/tcp_ping_163941245.out
[2024-11-07T16:40:12-0500] TCP Ping summary (min/avg/max/mdev) 
[2024-11-07T16:40:12-0500] TCP Ping test finished at 2024-11-07 16:40:12.316 EST, duration: 31.112 s
[2024-11-07T16:40:12-0500] -------------------------------
[2024-11-07T16:40:12-0500] Waiting for 2 s...
[2024-11-07T16:40:14-0500] -------------------------------
[2024-11-07T16:40:14-0500] Traceroute test started at 2024-11-07 16:40:14.430 EST
[2024-11-07T16:40:16-0500] Waiting for 28.361 s to reach end time
[2024-11-07T16:40:44-0500] Saved traceroute test to /data/data/com.termux/files/home/storage/shared/bos_la_2024_trip/starlink/20241107/163436813/traceroute_164014470.out
[2024-11-07T16:40:44-0500] Traceroute summary (min/avg/max/mdev) 
[2024-11-07T16:40:44-0500] Traceroute test finished at 2024-11-07 16:40:44.521 EST, duration: 30.091 s
[2024-11-07T16:40:44-0500] -------------------------------
[2024-11-07T16:40:44-0500] All tests completed, cleaning up...
[2024-11-07T16:40:44-0500] -------------------------------
[2024-11-07T16:41:00-0500] [measurement] Load environment variables from prod.env file
[2024-11-07T16:41:00-0500] Starting a network measurement, please choose a server
[2024-11-07T16:41:00-0500] 0) West Cloud: 54.176.53.206
[2024-11-07T16:41:00-0500] 1) East Cloud: 54.197.223.49
[2024-11-07T16:41:26-0500] Enter your choice (0-1): Testing starlink, server 1 (ip: 54.197.223.49, nuttcp_port: 5103, iperf_port: 5003)
[2024-11-07T16:41:27-0500] -------------------------------
[2024-11-07T16:41:27-0500] tcp downlink test started at 2024-11-07 16:41:27.011 EST
[2024-11-07T16:41:27-0500] Testing tcp downlink with 54.197.223.49:5103, interval 0.5 s, duration 120 s, timeout 121 s...
[2024-11-07T16:43:28-0500] Current time exceeds end time, skipping wait
[2024-11-07T16:43:28-0500] Saved tcp downlink test to /data/data/com.termux/files/home/storage/shared/bos_la_2024_trip/starlink/20241107/164126994/tcp_downlink_164127034.out
[2024-11-07T16:43:28-0500] DL AVG TPUT: 
[2024-11-07T16:43:28-0500] tcp downlink test finished at 2024-11-07 16:43:28.091 EST, duration: 121.080 s
[2024-11-07T16:43:28-0500] -------------------------------
[2024-11-07T16:43:28-0500] Waiting for 2 s...
[2024-11-07T16:43:30-0500] -------------------------------
[2024-11-07T16:43:30-0500] Starting 5G booster for 5 s...
[2024-11-07T16:43:30-0500] 5G booster started at 2024-11-07 16:43:30.186 EST
[2024-11-07T16:43:36-0500] Current time exceeds end time, skipping wait
[2024-11-07T16:43:36-0500] Saved TCP DL results to /data/data/com.termux/files/home/storage/shared/bos_la_2024_trip/starlink/20241107/164126994/tcp_downlink_164330209.out
[2024-11-07T16:43:36-0500] DL AVG TPUT: 
[2024-11-07T16:43:36-0500] 5G booster finished at 2024-11-07 16:43:36.266 EST, duration: 6.080 s
[2024-11-07T16:43:36-0500] -------------------------------
[2024-11-07T16:43:36-0500] Waiting for 2 s...
[2024-11-07T16:43:38-0500] -------------------------------
[2024-11-07T16:43:38-0500] tcp uplink test started at 2024-11-07 16:43:38.348 EST
[2024-11-07T16:43:38-0500] testing tcp uplink with 54.197.223.49:5103, interval 0.5, duration 120, timeout 121 ...
[2024-11-07T16:45:39-0500] Current time exceeds end time, skipping wait
[2024-11-07T16:45:39-0500] Saved uplink test to /data/data/com.termux/files/home/storage/shared/bos_la_2024_trip/starlink/20241107/164126994/tcp_uplink_164338388.out
[2024-11-07T16:45:39-0500] UL AVG TPUT: 
[2024-11-07T16:45:39-0500] tcp uplink test finished at 2024-11-07 16:45:39.477 EST, duration: 121.129 s
[2024-11-07T16:45:39-0500] -------------------------------
[2024-11-07T16:45:39-0500] Waiting for 2 s...
[2024-11-07T16:45:41-0500] -------------------------------
[2024-11-07T16:45:41-0500] Starting 5G booster for 5 s...
[2024-11-07T16:45:41-0500] 5G booster started at 2024-11-07 16:45:41.614 EST
[2024-11-07T16:45:47-0500] Current time exceeds end time, skipping wait
[2024-11-07T16:45:47-0500] Saved TCP DL results to /data/data/com.termux/files/home/storage/shared/bos_la_2024_trip/starlink/20241107/164126994/tcp_downlink_164541645.out
[2024-11-07T16:45:47-0500] DL AVG TPUT: 
[2024-11-07T16:45:47-0500] 5G booster finished at 2024-11-07 16:45:47.730 EST, duration: 6.116 s
[2024-11-07T16:45:47-0500] -------------------------------
[2024-11-07T16:45:47-0500] Waiting for 2 s...
[2024-11-07T16:45:49-0500] -------------------------------
[2024-11-07T16:45:49-0500] ICMP Ping test started at 2024-11-07 16:45:49.832 EST
[2024-11-07T16:46:20-0500] Waiting for .897 s to reach end time
[2024-11-07T16:46:20-0500] Saved ping test to /data/data/com.termux/files/home/storage/shared/bos_la_2024_trip/starlink/20241107/164126994/icmp_ping_164549859.out
[2024-11-07T16:46:20-0500] Ping summary (min/avg/max/mdev) = 27.080/53.199/187.834/27.131 ms
[2024-11-07T16:46:21-0500] Ping test finished at 2024-11-07 16:46:20.944 EST, duration: 31.112 s
[2024-11-07T16:46:21-0500] -------------------------------
[2024-11-07T16:46:21-0500] Waiting for 2 s...
[2024-11-07T16:46:23-0500] -------------------------------
[2024-11-07T16:46:23-0500] Starting 5G booster for 5 s...
[2024-11-07T16:46:23-0500] 5G booster started at 2024-11-07 16:46:23.085 EST
[2024-11-07T16:46:29-0500] Current time exceeds end time, skipping wait
[2024-11-07T16:46:29-0500] Saved TCP DL results to /data/data/com.termux/files/home/storage/shared/bos_la_2024_trip/starlink/20241107/164126994/tcp_downlink_164623118.out
[2024-11-07T16:46:29-0500] DL AVG TPUT: 
[2024-11-07T16:46:29-0500] 5G booster finished at 2024-11-07 16:46:29.209 EST, duration: 6.124 s
[2024-11-07T16:46:29-0500] -------------------------------
[2024-11-07T16:46:29-0500] Waiting for 2 s...
[2024-11-07T16:46:31-0500] -------------------------------
[2024-11-07T16:46:31-0500] TCP Ping test started at 2024-11-07 16:46:31.328 EST
[2024-11-07T16:47:02-0500] Current time exceeds end time, skipping wait
[2024-11-07T16:47:02-0500] Saved TCP Ping test to /data/data/com.termux/files/home/storage/shared/bos_la_2024_trip/starlink/20241107/164126994/tcp_ping_164631353.out
[2024-11-07T16:47:02-0500] TCP Ping summary (min/avg/max/mdev) 
[2024-11-07T16:47:02-0500] TCP Ping test finished at 2024-11-07 16:47:02.437 EST, duration: 31.109 s
[2024-11-07T16:47:02-0500] -------------------------------
[2024-11-07T16:47:02-0500] Waiting for 2 s...
[2024-11-07T16:47:04-0500] -------------------------------
[2024-11-07T16:47:04-0500] Traceroute test started at 2024-11-07 16:47:04.546 EST
[2024-11-07T16:47:06-0500] Waiting for 27.717 s to reach end time
[2024-11-07T16:47:34-0500] Saved traceroute test to /data/data/com.termux/files/home/storage/shared/bos_la_2024_trip/starlink/20241107/164126994/traceroute_164704587.out
[2024-11-07T16:47:34-0500] Traceroute summary (min/avg/max/mdev) 
[2024-11-07T16:47:34-0500] Traceroute test finished at 2024-11-07 16:47:34.641 EST, duration: 30.095 s
[2024-11-07T16:47:34-0500] -------------------------------
[2024-11-07T16:47:34-0500] All tests completed, cleaning up...
[2024-11-07T16:47:34-0500] -------------------------------
[2024-11-07T16:48:01-0500] [measurement] Load environment variables from prod.env file
[2024-11-07T16:48:01-0500] Starting a network measurement, please choose a server
[2024-11-07T16:48:01-0500] 0) West Cloud: 54.176.53.206
[2024-11-07T16:48:01-0500] 1) East Cloud: 54.197.223.49
[2024-11-07T16:48:30-0500] Enter your choice (0-1): Testing starlink, server 1 (ip: 54.197.223.49, nuttcp_port: 5103, iperf_port: 5003)
[2024-11-07T16:48:30-0500] -------------------------------
[2024-11-07T16:48:30-0500] tcp downlink test started at 2024-11-07 16:48:30.139 EST
[2024-11-07T16:48:30-0500] Testing tcp downlink with 54.197.223.49:5103, interval 0.5 s, duration 120 s, timeout 121 s...
[2024-11-07T16:50:31-0500] Current time exceeds end time, skipping wait
[2024-11-07T16:50:31-0500] Saved tcp downlink test to /data/data/com.termux/files/home/storage/shared/bos_la_2024_trip/starlink/20241107/164830117/tcp_downlink_164830164.out
[2024-11-07T16:50:31-0500] DL AVG TPUT: 
[2024-11-07T16:50:31-0500] tcp downlink test finished at 2024-11-07 16:50:31.252 EST, duration: 121.113 s
[2024-11-07T16:50:31-0500] -------------------------------
[2024-11-07T16:50:31-0500] Waiting for 2 s...
[2024-11-07T16:50:33-0500] -------------------------------
[2024-11-07T16:50:33-0500] Starting 5G booster for 5 s...
[2024-11-07T16:50:33-0500] 5G booster started at 2024-11-07 16:50:33.354 EST
[2024-11-07T16:50:39-0500] Current time exceeds end time, skipping wait
[2024-11-07T16:50:39-0500] Saved TCP DL results to /data/data/com.termux/files/home/storage/shared/bos_la_2024_trip/starlink/20241107/164830117/tcp_downlink_165033381.out
[2024-11-07T16:50:39-0500] DL AVG TPUT: 
[2024-11-07T16:50:39-0500] 5G booster finished at 2024-11-07 16:50:39.443 EST, duration: 6.089 s
[2024-11-07T16:50:39-0500] -------------------------------
[2024-11-07T16:50:39-0500] Waiting for 2 s...
[2024-11-07T16:50:41-0500] -------------------------------
[2024-11-07T16:50:41-0500] tcp uplink test started at 2024-11-07 16:50:41.555 EST
[2024-11-07T16:50:41-0500] testing tcp uplink with 54.197.223.49:5103, interval 0.5, duration 120, timeout 121 ...
[2024-11-07T16:52:42-0500] Current time exceeds end time, skipping wait
[2024-11-07T16:52:42-0500] Saved uplink test to /data/data/com.termux/files/home/storage/shared/bos_la_2024_trip/starlink/20241107/164830117/tcp_uplink_165041584.out
[2024-11-07T16:52:42-0500] UL AVG TPUT: 
[2024-11-07T16:52:42-0500] tcp uplink test finished at 2024-11-07 16:52:42.664 EST, duration: 121.109 s
[2024-11-07T16:52:42-0500] -------------------------------
[2024-11-07T16:52:42-0500] Waiting for 2 s...
[2024-11-07T16:52:44-0500] -------------------------------
[2024-11-07T16:52:44-0500] Starting 5G booster for 5 s...
[2024-11-07T16:52:44-0500] 5G booster started at 2024-11-07 16:52:44.751 EST
[2024-11-07T16:52:50-0500] Current time exceeds end time, skipping wait
[2024-11-07T16:52:50-0500] Saved TCP DL results to /data/data/com.termux/files/home/storage/shared/bos_la_2024_trip/starlink/20241107/164830117/tcp_downlink_165244788.out
[2024-11-07T16:52:50-0500] DL AVG TPUT: 
[2024-11-07T16:52:50-0500] 5G booster finished at 2024-11-07 16:52:50.881 EST, duration: 6.130 s
[2024-11-07T16:52:50-0500] -------------------------------
[2024-11-07T16:52:50-0500] Waiting for 2 s...
[2024-11-07T16:52:52-0500] -------------------------------
[2024-11-07T16:52:53-0500] ICMP Ping test started at 2024-11-07 16:52:52.983 EST
[2024-11-07T16:53:23-0500] Waiting for .888 s to reach end time
[2024-11-07T16:53:24-0500] Saved ping test to /data/data/com.termux/files/home/storage/shared/bos_la_2024_trip/starlink/20241107/164830117/icmp_ping_165253032.out
[2024-11-07T16:53:24-0500] Ping summary (min/avg/max/mdev) = 26.897/45.537/92.600/15.302 ms
[2024-11-07T16:53:24-0500] Ping test finished at 2024-11-07 16:53:24.115 EST, duration: 31.132 s
[2024-11-07T16:53:24-0500] -------------------------------
[2024-11-07T16:53:24-0500] Waiting for 2 s...
[2024-11-07T16:53:26-0500] -------------------------------
[2024-11-07T16:53:26-0500] Starting 5G booster for 5 s...
[2024-11-07T16:53:26-0500] 5G booster started at 2024-11-07 16:53:26.212 EST
[2024-11-07T16:53:32-0500] Current time exceeds end time, skipping wait
[2024-11-07T16:53:32-0500] Saved TCP DL results to /data/data/com.termux/files/home/storage/shared/bos_la_2024_trip/starlink/20241107/164830117/tcp_downlink_165326236.out
[2024-11-07T16:53:32-0500] DL AVG TPUT: 
[2024-11-07T16:53:32-0500] 5G booster finished at 2024-11-07 16:53:32.291 EST, duration: 6.079 s
[2024-11-07T16:53:32-0500] -------------------------------
[2024-11-07T16:53:32-0500] Waiting for 2 s...
[2024-11-07T16:53:34-0500] -------------------------------
[2024-11-07T16:53:34-0500] TCP Ping test started at 2024-11-07 16:53:34.391 EST
[2024-11-07T16:54:05-0500] Current time exceeds end time, skipping wait
[2024-11-07T16:54:05-0500] Saved TCP Ping test to /data/data/com.termux/files/home/storage/shared/bos_la_2024_trip/starlink/20241107/164830117/tcp_ping_165334415.out
[2024-11-07T16:54:05-0500] TCP Ping summary (min/avg/max/mdev) 
[2024-11-07T16:54:05-0500] TCP Ping test finished at 2024-11-07 16:54:05.510 EST, duration: 31.119 s
[2024-11-07T16:54:05-0500] -------------------------------
[2024-11-07T16:54:05-0500] Waiting for 2 s...
[2024-11-07T16:54:07-0500] -------------------------------
[2024-11-07T16:54:07-0500] Traceroute test started at 2024-11-07 16:54:07.613 EST
[2024-11-07T16:54:10-0500] Waiting for 27.523 s to reach end time
[2024-11-07T16:54:37-0500] Saved traceroute test to /data/data/com.termux/files/home/storage/shared/bos_la_2024_trip/starlink/20241107/164830117/traceroute_165407641.out
[2024-11-07T16:54:37-0500] Traceroute summary (min/avg/max/mdev) 
[2024-11-07T16:54:37-0500] Traceroute test finished at 2024-11-07 16:54:37.680 EST, duration: 30.067 s
[2024-11-07T16:54:37-0500] -------------------------------
[2024-11-07T16:54:37-0500] All tests completed, cleaning up...
[2024-11-07T16:54:37-0500] -------------------------------
[2024-11-07T16:54:47-0500] [measurement] Load environment variables from prod.env file
[2024-11-07T16:54:48-0500] Starting a network measurement, please choose a server
[2024-11-07T16:54:48-0500] 0) West Cloud: 54.176.53.206
[2024-11-07T16:54:48-0500] 1) East Cloud: 54.197.223.49
[2024-11-07T16:55:11-0500] Enter your choice (0-1): Testing starlink, server 1 (ip: 54.197.223.49, nuttcp_port: 5103, iperf_port: 5003)
[2024-11-07T16:55:11-0500] -------------------------------
[2024-11-07T16:55:11-0500] tcp downlink test started at 2024-11-07 16:55:11.149 EST
[2024-11-07T16:55:11-0500] Testing tcp downlink with 54.197.223.49:5103, interval 0.5 s, duration 120 s, timeout 121 s...
[2024-11-07T16:57:12-0500] Current time exceeds end time, skipping wait
[2024-11-07T16:57:12-0500] Saved tcp downlink test to /data/data/com.termux/files/home/storage/shared/bos_la_2024_trip/starlink/20241107/165511126/tcp_downlink_165511181.out
[2024-11-07T16:57:12-0500] DL AVG TPUT: 
[2024-11-07T16:57:12-0500] tcp downlink test finished at 2024-11-07 16:57:12.256 EST, duration: 121.107 s
[2024-11-07T16:57:12-0500] -------------------------------
[2024-11-07T16:57:12-0500] Waiting for 2 s...
[2024-11-07T16:57:14-0500] -------------------------------
[2024-11-07T16:57:14-0500] Starting 5G booster for 5 s...
[2024-11-07T16:57:14-0500] 5G booster started at 2024-11-07 16:57:14.367 EST
[2024-11-07T16:57:20-0500] Current time exceeds end time, skipping wait
[2024-11-07T16:57:20-0500] Saved TCP DL results to /data/data/com.termux/files/home/storage/shared/bos_la_2024_trip/starlink/20241107/165511126/tcp_downlink_165714406.out
[2024-11-07T16:57:20-0500] DL AVG TPUT: 
[2024-11-07T16:57:20-0500] 5G booster finished at 2024-11-07 16:57:20.480 EST, duration: 6.113 s
[2024-11-07T16:57:20-0500] -------------------------------
[2024-11-07T16:57:20-0500] Waiting for 2 s...
[2024-11-07T16:57:22-0500] -------------------------------
[2024-11-07T16:57:22-0500] tcp uplink test started at 2024-11-07 16:57:22.590 EST
[2024-11-07T16:57:22-0500] testing tcp uplink with 54.197.223.49:5103, interval 0.5, duration 120, timeout 121 ...
[2024-11-07T16:59:23-0500] Current time exceeds end time, skipping wait
[2024-11-07T16:59:23-0500] Saved uplink test to /data/data/com.termux/files/home/storage/shared/bos_la_2024_trip/starlink/20241107/165511126/tcp_uplink_165722619.out
[2024-11-07T16:59:23-0500] UL AVG TPUT: 
[2024-11-07T16:59:23-0500] tcp uplink test finished at 2024-11-07 16:59:23.696 EST, duration: 121.106 s
[2024-11-07T16:59:23-0500] -------------------------------
[2024-11-07T16:59:23-0500] Waiting for 2 s...
[2024-11-07T16:59:25-0500] -------------------------------
[2024-11-07T16:59:25-0500] Starting 5G booster for 5 s...
[2024-11-07T16:59:25-0500] 5G booster started at 2024-11-07 16:59:25.774 EST
[2024-11-07T16:59:31-0500] Current time exceeds end time, skipping wait
[2024-11-07T16:59:31-0500] Saved TCP DL results to /data/data/com.termux/files/home/storage/shared/bos_la_2024_trip/starlink/20241107/165511126/tcp_downlink_165925801.out
[2024-11-07T16:59:31-0500] DL AVG TPUT: 
[2024-11-07T16:59:31-0500] 5G booster finished at 2024-11-07 16:59:31.855 EST, duration: 6.081 s
[2024-11-07T16:59:31-0500] -------------------------------
[2024-11-07T16:59:31-0500] Waiting for 2 s...
[2024-11-07T16:59:33-0500] -------------------------------
[2024-11-07T16:59:34-0500] ICMP Ping test started at 2024-11-07 16:59:34.006 EST
[2024-11-07T17:00:04-0500] Waiting for .878 s to reach end time
[2024-11-07T17:00:05-0500] Saved ping test to /data/data/com.termux/files/home/storage/shared/bos_la_2024_trip/starlink/20241107/165511126/icmp_ping_165934058.out
[2024-11-07T17:00:05-0500] Ping summary (min/avg/max/mdev) = 29.076/54.939/120.789/19.122 ms
[2024-11-07T17:00:05-0500] Ping test finished at 2024-11-07 17:00:05.101 EST, duration: 31.095 s
[2024-11-07T17:00:05-0500] -------------------------------
[2024-11-07T17:00:05-0500] Waiting for 2 s...
[2024-11-07T17:00:07-0500] -------------------------------
[2024-11-07T17:00:07-0500] Starting 5G booster for 5 s...
[2024-11-07T17:00:07-0500] 5G booster started at 2024-11-07 17:00:07.214 EST
[2024-11-07T17:00:13-0500] Current time exceeds end time, skipping wait
[2024-11-07T17:00:13-0500] Saved TCP DL results to /data/data/com.termux/files/home/storage/shared/bos_la_2024_trip/starlink/20241107/165511126/tcp_downlink_170007241.out
[2024-11-07T17:00:13-0500] DL AVG TPUT: 
[2024-11-07T17:00:13-0500] 5G booster finished at 2024-11-07 17:00:13.306 EST, duration: 6.092 s
[2024-11-07T17:00:13-0500] -------------------------------
[2024-11-07T17:00:13-0500] Waiting for 2 s...
[2024-11-07T17:00:15-0500] -------------------------------
[2024-11-07T17:00:15-0500] TCP Ping test started at 2024-11-07 17:00:15.397 EST
[2024-11-07T17:00:46-0500] Current time exceeds end time, skipping wait
[2024-11-07T17:00:46-0500] Saved TCP Ping test to /data/data/com.termux/files/home/storage/shared/bos_la_2024_trip/starlink/20241107/165511126/tcp_ping_170015428.out
[2024-11-07T17:00:46-0500] TCP Ping summary (min/avg/max/mdev) 
[2024-11-07T17:00:46-0500] TCP Ping test finished at 2024-11-07 17:00:46.538 EST, duration: 31.141 s
[2024-11-07T17:00:46-0500] -------------------------------
[2024-11-07T17:00:46-0500] Waiting for 2 s...
[2024-11-07T17:00:48-0500] -------------------------------
[2024-11-07T17:00:48-0500] Traceroute test started at 2024-11-07 17:00:48.637 EST
[2024-11-07T17:00:50-0500] Waiting for 28.370 s to reach end time
[2024-11-07T17:01:18-0500] Saved traceroute test to /data/data/com.termux/files/home/storage/shared/bos_la_2024_trip/starlink/20241107/165511126/traceroute_170048662.out
[2024-11-07T17:01:18-0500] Traceroute summary (min/avg/max/mdev) 
[2024-11-07T17:01:18-0500] Traceroute test finished at 2024-11-07 17:01:18.718 EST, duration: 30.081 s
[2024-11-07T17:01:18-0500] -------------------------------
[2024-11-07T17:01:18-0500] All tests completed, cleaning up...
[2024-11-07T17:01:18-0500] -------------------------------
[2024-11-07T17:01:32-0500] [measurement] Load environment variables from prod.env file
[2024-11-07T17:01:32-0500] Starting a network measurement, please choose a server
[2024-11-07T17:01:32-0500] 0) West Cloud: 54.176.53.206
[2024-11-07T17:01:32-0500] 1) East Cloud: 54.197.223.49
[2024-11-07T17:02:08-0500] Enter your choice (0-1): Testing starlink, server 1 (ip: 54.197.223.49, nuttcp_port: 5103, iperf_port: 5003)
[2024-11-07T17:02:08-0500] -------------------------------
[2024-11-07T17:02:08-0500] tcp downlink test started at 2024-11-07 17:02:08.203 EST
[2024-11-07T17:02:08-0500] Testing tcp downlink with 54.197.223.49:5103, interval 0.5 s, duration 120 s, timeout 121 s...
[2024-11-07T17:04:09-0500] Current time exceeds end time, skipping wait
[2024-11-07T17:04:09-0500] Saved tcp downlink test to /data/data/com.termux/files/home/storage/shared/bos_la_2024_trip/starlink/20241107/170208180/tcp_downlink_170208231.out
[2024-11-07T17:04:09-0500] DL AVG TPUT: 
[2024-11-07T17:04:09-0500] tcp downlink test finished at 2024-11-07 17:04:09.327 EST, duration: 121.124 s
[2024-11-07T17:04:09-0500] -------------------------------
[2024-11-07T17:04:09-0500] Waiting for 2 s...
[2024-11-07T17:04:11-0500] -------------------------------
[2024-11-07T17:04:11-0500] Starting 5G booster for 5 s...
[2024-11-07T17:04:11-0500] 5G booster started at 2024-11-07 17:04:11.424 EST
[2024-11-07T17:04:17-0500] Current time exceeds end time, skipping wait
[2024-11-07T17:04:17-0500] Saved TCP DL results to /data/data/com.termux/files/home/storage/shared/bos_la_2024_trip/starlink/20241107/170208180/tcp_downlink_170411448.out
[2024-11-07T17:04:17-0500] DL AVG TPUT: 
[2024-11-07T17:04:17-0500] 5G booster finished at 2024-11-07 17:04:17.525 EST, duration: 6.101 s
[2024-11-07T17:04:17-0500] -------------------------------
[2024-11-07T17:04:17-0500] Waiting for 2 s...
[2024-11-07T17:04:19-0500] -------------------------------
[2024-11-07T17:04:19-0500] tcp uplink test started at 2024-11-07 17:04:19.614 EST
[2024-11-07T17:04:19-0500] testing tcp uplink with 54.197.223.49:5103, interval 0.5, duration 120, timeout 121 ...
[2024-11-07T17:06:20-0500] Current time exceeds end time, skipping wait
[2024-11-07T17:06:20-0500] Saved uplink test to /data/data/com.termux/files/home/storage/shared/bos_la_2024_trip/starlink/20241107/170208180/tcp_uplink_170419639.out
[2024-11-07T17:06:20-0500] UL AVG TPUT: 7.9320 Mbps
[2024-11-07T17:06:20-0500] tcp uplink test finished at 2024-11-07 17:06:20.655 EST, duration: 121.041 s
[2024-11-07T17:06:20-0500] -------------------------------
[2024-11-07T17:06:20-0500] Waiting for 2 s...
[2024-11-07T17:06:22-0500] -------------------------------
[2024-11-07T17:06:22-0500] Starting 5G booster for 5 s...
[2024-11-07T17:06:22-0500] 5G booster started at 2024-11-07 17:06:22.749 EST
[2024-11-07T17:06:28-0500] Current time exceeds end time, skipping wait
[2024-11-07T17:06:28-0500] Saved TCP DL results to /data/data/com.termux/files/home/storage/shared/bos_la_2024_trip/starlink/20241107/170208180/tcp_downlink_170622773.out
[2024-11-07T17:06:28-0500] DL AVG TPUT: 
[2024-11-07T17:06:28-0500] 5G booster finished at 2024-11-07 17:06:28.833 EST, duration: 6.084 s
[2024-11-07T17:06:28-0500] -------------------------------
[2024-11-07T17:06:28-0500] Waiting for 2 s...
[2024-11-07T17:06:30-0500] -------------------------------
[2024-11-07T17:06:30-0500] ICMP Ping test started at 2024-11-07 17:06:30.953 EST
[2024-11-07T17:07:01-0500] Waiting for .911 s to reach end time
[2024-11-07T17:07:02-0500] Saved ping test to /data/data/com.termux/files/home/storage/shared/bos_la_2024_trip/starlink/20241107/170208180/icmp_ping_170630980.out
[2024-11-07T17:07:02-0500] Ping summary (min/avg/max/mdev) = 27.126/50.432/172.027/22.762 ms
[2024-11-07T17:07:02-0500] Ping test finished at 2024-11-07 17:07:02.078 EST, duration: 31.125 s
[2024-11-07T17:07:02-0500] -------------------------------
[2024-11-07T17:07:02-0500] Waiting for 2 s...
[2024-11-07T17:07:04-0500] -------------------------------
[2024-11-07T17:07:04-0500] Starting 5G booster for 5 s...
[2024-11-07T17:07:04-0500] 5G booster started at 2024-11-07 17:07:04.188 EST
[2024-11-07T17:07:10-0500] Current time exceeds end time, skipping wait
[2024-11-07T17:07:10-0500] Saved TCP DL results to /data/data/com.termux/files/home/storage/shared/bos_la_2024_trip/starlink/20241107/170208180/tcp_downlink_170704215.out
[2024-11-07T17:07:10-0500] DL AVG TPUT: 
[2024-11-07T17:07:10-0500] 5G booster finished at 2024-11-07 17:07:10.278 EST, duration: 6.090 s
[2024-11-07T17:07:10-0500] -------------------------------
[2024-11-07T17:07:10-0500] Waiting for 2 s...
[2024-11-07T17:07:12-0500] -------------------------------
[2024-11-07T17:07:12-0500] TCP Ping test started at 2024-11-07 17:07:12.383 EST
[2024-11-07T17:07:43-0500] Current time exceeds end time, skipping wait
[2024-11-07T17:07:43-0500] Saved TCP Ping test to /data/data/com.termux/files/home/storage/shared/bos_la_2024_trip/starlink/20241107/170208180/tcp_ping_170712409.out
[2024-11-07T17:07:43-0500] TCP Ping summary (min/avg/max/mdev) 
[2024-11-07T17:07:43-0500] TCP Ping test finished at 2024-11-07 17:07:43.476 EST, duration: 31.093 s
[2024-11-07T17:07:43-0500] -------------------------------
[2024-11-07T17:07:43-0500] Waiting for 2 s...
[2024-11-07T17:07:45-0500] -------------------------------
[2024-11-07T17:07:45-0500] Traceroute test started at 2024-11-07 17:07:45.606 EST
[2024-11-07T17:07:50-0500] Waiting for 24.697 s to reach end time
[2024-11-07T17:08:15-0500] Saved traceroute test to /data/data/com.termux/files/home/storage/shared/bos_la_2024_trip/starlink/20241107/170208180/traceroute_170745658.out
[2024-11-07T17:08:15-0500] Traceroute summary (min/avg/max/mdev) 
[2024-11-07T17:08:15-0500] Traceroute test finished at 2024-11-07 17:08:15.692 EST, duration: 30.086 s
[2024-11-07T17:08:15-0500] -------------------------------
[2024-11-07T17:08:15-0500] All tests completed, cleaning up...
[2024-11-07T17:08:15-0500] -------------------------------
[2024-11-07T17:09:02-0500] [measurement] Load environment variables from prod.env file
[2024-11-07T17:09:02-0500] Starting a network measurement, please choose a server
[2024-11-07T17:09:02-0500] 0) West Cloud: 54.176.53.206
[2024-11-07T17:09:02-0500] 1) East Cloud: 54.197.223.49
[2024-11-07T17:09:23-0500] Enter your choice (0-1): Testing starlink, server 1 (ip: 54.197.223.49, nuttcp_port: 5103, iperf_port: 5003)
[2024-11-07T17:09:23-0500] -------------------------------
[2024-11-07T17:09:23-0500] tcp downlink test started at 2024-11-07 17:09:23.339 EST
[2024-11-07T17:09:23-0500] Testing tcp downlink with 54.197.223.49:5103, interval 0.5 s, duration 120 s, timeout 121 s...
[2024-11-07T17:11:24-0500] Current time exceeds end time, skipping wait
[2024-11-07T17:11:24-0500] Saved tcp downlink test to /data/data/com.termux/files/home/storage/shared/bos_la_2024_trip/starlink/20241107/170923317/tcp_downlink_170923364.out
[2024-11-07T17:11:24-0500] DL AVG TPUT: 
[2024-11-07T17:11:24-0500] tcp downlink test finished at 2024-11-07 17:11:24.451 EST, duration: 121.112 s
[2024-11-07T17:11:24-0500] -------------------------------
[2024-11-07T17:11:24-0500] Waiting for 2 s...
[2024-11-07T17:11:26-0500] -------------------------------
[2024-11-07T17:11:26-0500] Starting 5G booster for 5 s...
[2024-11-07T17:11:26-0500] 5G booster started at 2024-11-07 17:11:26.564 EST
[2024-11-07T17:11:32-0500] Current time exceeds end time, skipping wait
[2024-11-07T17:11:32-0500] Saved TCP DL results to /data/data/com.termux/files/home/storage/shared/bos_la_2024_trip/starlink/20241107/170923317/tcp_downlink_171126588.out
[2024-11-07T17:11:32-0500] DL AVG TPUT: 
[2024-11-07T17:11:32-0500] 5G booster finished at 2024-11-07 17:11:32.644 EST, duration: 6.080 s
[2024-11-07T17:11:32-0500] -------------------------------
[2024-11-07T17:11:32-0500] Waiting for 2 s...
[2024-11-07T17:11:34-0500] -------------------------------
[2024-11-07T17:11:34-0500] tcp uplink test started at 2024-11-07 17:11:34.758 EST
[2024-11-07T17:11:34-0500] testing tcp uplink with 54.197.223.49:5103, interval 0.5, duration 120, timeout 121 ...
[2024-11-07T17:13:35-0500] Current time exceeds end time, skipping wait
[2024-11-07T17:13:35-0500] Saved uplink test to /data/data/com.termux/files/home/storage/shared/bos_la_2024_trip/starlink/20241107/170923317/tcp_uplink_171134794.out
[2024-11-07T17:13:35-0500] UL AVG TPUT: 
[2024-11-07T17:13:35-0500] tcp uplink test finished at 2024-11-07 17:13:35.895 EST, duration: 121.137 s
[2024-11-07T17:13:35-0500] -------------------------------
[2024-11-07T17:13:35-0500] Waiting for 2 s...
[2024-11-07T17:13:38-0500] -------------------------------
[2024-11-07T17:13:38-0500] Starting 5G booster for 5 s...
[2024-11-07T17:13:38-0500] 5G booster started at 2024-11-07 17:13:38.028 EST
[2024-11-07T17:13:44-0500] Current time exceeds end time, skipping wait
[2024-11-07T17:13:44-0500] Saved TCP DL results to /data/data/com.termux/files/home/storage/shared/bos_la_2024_trip/starlink/20241107/170923317/tcp_downlink_171338077.out
[2024-11-07T17:13:44-0500] DL AVG TPUT: 
[2024-11-07T17:13:44-0500] 5G booster finished at 2024-11-07 17:13:44.183 EST, duration: 6.155 s
[2024-11-07T17:13:44-0500] -------------------------------
[2024-11-07T17:13:44-0500] Waiting for 2 s...
[2024-11-07T17:13:46-0500] -------------------------------
[2024-11-07T17:13:46-0500] ICMP Ping test started at 2024-11-07 17:13:46.297 EST
[2024-11-07T17:14:16-0500] Waiting for .877 s to reach end time
[2024-11-07T17:14:17-0500] Saved ping test to /data/data/com.termux/files/home/storage/shared/bos_la_2024_trip/starlink/20241107/170923317/icmp_ping_171346349.out
[2024-11-07T17:14:17-0500] Ping summary (min/avg/max/mdev) = 29.079/57.700/140.087/22.654 ms
[2024-11-07T17:14:17-0500] Ping test finished at 2024-11-07 17:14:17.382 EST, duration: 31.085 s
[2024-11-07T17:14:17-0500] -------------------------------
[2024-11-07T17:14:17-0500] Waiting for 2 s...
[2024-11-07T17:14:19-0500] -------------------------------
[2024-11-07T17:14:19-0500] Starting 5G booster for 5 s...
[2024-11-07T17:14:19-0500] 5G booster started at 2024-11-07 17:14:19.505 EST
[2024-11-07T17:14:25-0500] Current time exceeds end time, skipping wait
[2024-11-07T17:14:25-0500] Saved TCP DL results to /data/data/com.termux/files/home/storage/shared/bos_la_2024_trip/starlink/20241107/170923317/tcp_downlink_171419538.out
[2024-11-07T17:14:25-0500] DL AVG TPUT: 
[2024-11-07T17:14:25-0500] 5G booster finished at 2024-11-07 17:14:25.615 EST, duration: 6.110 s
[2024-11-07T17:14:25-0500] -------------------------------
[2024-11-07T17:14:25-0500] Waiting for 2 s...
[2024-11-07T17:14:27-0500] -------------------------------
[2024-11-07T17:14:27-0500] TCP Ping test started at 2024-11-07 17:14:27.733 EST
[2024-11-07T17:14:58-0500] Current time exceeds end time, skipping wait
[2024-11-07T17:14:58-0500] Saved TCP Ping test to /data/data/com.termux/files/home/storage/shared/bos_la_2024_trip/starlink/20241107/170923317/tcp_ping_171427767.out
[2024-11-07T17:14:58-0500] TCP Ping summary (min/avg/max/mdev) 
[2024-11-07T17:14:58-0500] TCP Ping test finished at 2024-11-07 17:14:58.863 EST, duration: 31.130 s
[2024-11-07T17:14:58-0500] -------------------------------
[2024-11-07T17:14:58-0500] Waiting for 2 s...
[2024-11-07T17:15:00-0500] -------------------------------
[2024-11-07T17:15:01-0500] Traceroute test started at 2024-11-07 17:15:00.967 EST
[2024-11-07T17:15:02-0500] Waiting for 28.707 s to reach end time
[2024-11-07T17:15:31-0500] Saved traceroute test to /data/data/com.termux/files/home/storage/shared/bos_la_2024_trip/starlink/20241107/170923317/traceroute_171501031.out
[2024-11-07T17:15:31-0500] Traceroute summary (min/avg/max/mdev) 
[2024-11-07T17:15:31-0500] Traceroute test finished at 2024-11-07 17:15:31.070 EST, duration: 30.103 s
[2024-11-07T17:15:31-0500] -------------------------------
[2024-11-07T17:15:31-0500] All tests completed, cleaning up...
[2024-11-07T17:15:31-0500] -------------------------------
[2024-11-07T17:15:59-0500] [measurement] Load environment variables from prod.env file
[2024-11-07T17:15:59-0500] Starting a network measurement, please choose a server
[2024-11-07T17:15:59-0500] 0) West Cloud: 54.176.53.206
[2024-11-07T17:15:59-0500] 1) East Cloud: 54.197.223.49
[2024-11-07T17:16:20-0500] Enter your choice (0-1): Testing starlink, server 1 (ip: 54.197.223.49, nuttcp_port: 5103, iperf_port: 5003)
[2024-11-07T17:16:20-0500] -------------------------------
[2024-11-07T17:16:20-0500] tcp downlink test started at 2024-11-07 17:16:20.193 EST
[2024-11-07T17:16:20-0500] Testing tcp downlink with 54.197.223.49:5103, interval 0.5 s, duration 120 s, timeout 121 s...
[2024-11-07T17:18:21-0500] Current time exceeds end time, skipping wait
[2024-11-07T17:18:21-0500] Saved tcp downlink test to /data/data/com.termux/files/home/storage/shared/bos_la_2024_trip/starlink/20241107/171620175/tcp_downlink_171620219.out
[2024-11-07T17:18:21-0500] DL AVG TPUT: 
[2024-11-07T17:18:21-0500] tcp downlink test finished at 2024-11-07 17:18:21.296 EST, duration: 121.103 s
[2024-11-07T17:18:21-0500] -------------------------------
[2024-11-07T17:18:21-0500] Waiting for 2 s...
[2024-11-07T17:18:23-0500] -------------------------------
[2024-11-07T17:18:23-0500] Starting 5G booster for 5 s...
[2024-11-07T17:18:23-0500] 5G booster started at 2024-11-07 17:18:23.385 EST
[2024-11-07T17:18:29-0500] Current time exceeds end time, skipping wait
[2024-11-07T17:18:29-0500] Saved TCP DL results to /data/data/com.termux/files/home/storage/shared/bos_la_2024_trip/starlink/20241107/171620175/tcp_downlink_171823425.out
[2024-11-07T17:18:29-0500] DL AVG TPUT: 
[2024-11-07T17:18:29-0500] 5G booster finished at 2024-11-07 17:18:29.475 EST, duration: 6.090 s
[2024-11-07T17:18:29-0500] -------------------------------
[2024-11-07T17:18:29-0500] Waiting for 2 s...
[2024-11-07T17:18:31-0500] -------------------------------
[2024-11-07T17:18:31-0500] tcp uplink test started at 2024-11-07 17:18:31.579 EST
[2024-11-07T17:18:31-0500] testing tcp uplink with 54.197.223.49:5103, interval 0.5, duration 120, timeout 121 ...
[2024-11-07T17:20:32-0500] Current time exceeds end time, skipping wait
[2024-11-07T17:20:32-0500] Saved uplink test to /data/data/com.termux/files/home/storage/shared/bos_la_2024_trip/starlink/20241107/171620175/tcp_uplink_171831606.out
[2024-11-07T17:20:32-0500] UL AVG TPUT: 
[2024-11-07T17:20:32-0500] tcp uplink test finished at 2024-11-07 17:20:32.676 EST, duration: 121.097 s
[2024-11-07T17:20:32-0500] -------------------------------
[2024-11-07T17:20:32-0500] Waiting for 2 s...
[2024-11-07T17:20:34-0500] -------------------------------
[2024-11-07T17:20:34-0500] Starting 5G booster for 5 s...
[2024-11-07T17:20:34-0500] 5G booster started at 2024-11-07 17:20:34.782 EST
[2024-11-07T17:20:40-0500] Current time exceeds end time, skipping wait
[2024-11-07T17:20:40-0500] Saved TCP DL results to /data/data/com.termux/files/home/storage/shared/bos_la_2024_trip/starlink/20241107/171620175/tcp_downlink_172034807.out
[2024-11-07T17:20:40-0500] DL AVG TPUT: 
[2024-11-07T17:20:40-0500] 5G booster finished at 2024-11-07 17:20:40.907 EST, duration: 6.125 s
[2024-11-07T17:20:40-0500] -------------------------------
[2024-11-07T17:20:40-0500] Waiting for 2 s...
[2024-11-07T17:20:42-0500] -------------------------------
[2024-11-07T17:20:43-0500] ICMP Ping test started at 2024-11-07 17:20:43.008 EST
[2024-11-07T17:21:13-0500] Waiting for .904 s to reach end time
[2024-11-07T17:21:14-0500] Saved ping test to /data/data/com.termux/files/home/storage/shared/bos_la_2024_trip/starlink/20241107/171620175/icmp_ping_172043031.out
[2024-11-07T17:21:14-0500] Ping summary (min/avg/max/mdev) = 26.053/50.283/125.579/17.737 ms
[2024-11-07T17:21:14-0500] Ping test finished at 2024-11-07 17:21:14.125 EST, duration: 31.117 s
[2024-11-07T17:21:14-0500] -------------------------------
[2024-11-07T17:21:14-0500] Waiting for 2 s...
[2024-11-07T17:21:16-0500] -------------------------------
[2024-11-07T17:21:16-0500] Starting 5G booster for 5 s...
[2024-11-07T17:21:16-0500] 5G booster started at 2024-11-07 17:21:16.237 EST
[2024-11-07T17:21:22-0500] Current time exceeds end time, skipping wait
[2024-11-07T17:21:22-0500] Saved TCP DL results to /data/data/com.termux/files/home/storage/shared/bos_la_2024_trip/starlink/20241107/171620175/tcp_downlink_172116268.out
[2024-11-07T17:21:22-0500] DL AVG TPUT: 
[2024-11-07T17:21:22-0500] 5G booster finished at 2024-11-07 17:21:22.363 EST, duration: 6.126 s
[2024-11-07T17:21:22-0500] -------------------------------
[2024-11-07T17:21:22-0500] Waiting for 2 s...
[2024-11-07T17:21:24-0500] -------------------------------
[2024-11-07T17:21:24-0500] TCP Ping test started at 2024-11-07 17:21:24.479 EST
[2024-11-07T17:21:55-0500] Current time exceeds end time, skipping wait
[2024-11-07T17:21:55-0500] Saved TCP Ping test to /data/data/com.termux/files/home/storage/shared/bos_la_2024_trip/starlink/20241107/171620175/tcp_ping_172124504.out
[2024-11-07T17:21:55-0500] TCP Ping summary (min/avg/max/mdev) 
[2024-11-07T17:21:55-0500] TCP Ping test finished at 2024-11-07 17:21:55.580 EST, duration: 31.101 s
[2024-11-07T17:21:55-0500] -------------------------------
[2024-11-07T17:21:55-0500] Waiting for 2 s...
[2024-11-07T17:21:57-0500] -------------------------------
[2024-11-07T17:21:57-0500] Traceroute test started at 2024-11-07 17:21:57.688 EST
[2024-11-07T17:21:58-0500] Waiting for 28.983 s to reach end time
[2024-11-07T17:22:27-0500] Saved traceroute test to /data/data/com.termux/files/home/storage/shared/bos_la_2024_trip/starlink/20241107/171620175/traceroute_172157716.out
[2024-11-07T17:22:27-0500] Traceroute summary (min/avg/max/mdev) 
[2024-11-07T17:22:27-0500] Traceroute test finished at 2024-11-07 17:22:27.804 EST, duration: 30.116 s
[2024-11-07T17:22:27-0500] -------------------------------
[2024-11-07T17:22:27-0500] All tests completed, cleaning up...
[2024-11-07T17:22:27-0500] -------------------------------
[2024-11-07T17:22:35-0500] [measurement] Load environment variables from prod.env file
[2024-11-07T17:22:35-0500] Starting a network measurement, please choose a server
[2024-11-07T17:22:35-0500] 0) West Cloud: 54.176.53.206
[2024-11-07T17:22:35-0500] 1) East Cloud: 54.197.223.49
[2024-11-07T17:23:29-0500] Enter your choice (0-1): Testing starlink, server 1 (ip: 54.197.223.49, nuttcp_port: 5103, iperf_port: 5003)
[2024-11-07T17:23:29-0500] -------------------------------
[2024-11-07T17:23:29-0500] tcp downlink test started at 2024-11-07 17:23:29.294 EST
[2024-11-07T17:23:29-0500] Testing tcp downlink with 54.197.223.49:5103, interval 0.5 s, duration 120 s, timeout 121 s...
[2024-11-07T17:25:30-0500] Current time exceeds end time, skipping wait
[2024-11-07T17:25:30-0500] Saved tcp downlink test to /data/data/com.termux/files/home/storage/shared/bos_la_2024_trip/starlink/20241107/172329271/tcp_downlink_172329318.out
[2024-11-07T17:25:30-0500] DL AVG TPUT: 
[2024-11-07T17:25:30-0500] tcp downlink test finished at 2024-11-07 17:25:30.393 EST, duration: 121.099 s
[2024-11-07T17:25:30-0500] -------------------------------
[2024-11-07T17:25:30-0500] Waiting for 2 s...
[2024-11-07T17:25:32-0500] -------------------------------
[2024-11-07T17:25:32-0500] Starting 5G booster for 5 s...
[2024-11-07T17:25:32-0500] 5G booster started at 2024-11-07 17:25:32.479 EST
[2024-11-07T17:25:38-0500] Current time exceeds end time, skipping wait
[2024-11-07T17:25:38-0500] Saved TCP DL results to /data/data/com.termux/files/home/storage/shared/bos_la_2024_trip/starlink/20241107/172329271/tcp_downlink_172532510.out
[2024-11-07T17:25:38-0500] DL AVG TPUT: 
[2024-11-07T17:25:38-0500] 5G booster finished at 2024-11-07 17:25:38.576 EST, duration: 6.097 s
[2024-11-07T17:25:38-0500] -------------------------------
[2024-11-07T17:25:38-0500] Waiting for 2 s...
[2024-11-07T17:25:40-0500] -------------------------------
[2024-11-07T17:25:40-0500] tcp uplink test started at 2024-11-07 17:25:40.671 EST
[2024-11-07T17:25:40-0500] testing tcp uplink with 54.197.223.49:5103, interval 0.5, duration 120, timeout 121 ...
[2024-11-07T17:27:41-0500] Current time exceeds end time, skipping wait
[2024-11-07T17:27:41-0500] Saved uplink test to /data/data/com.termux/files/home/storage/shared/bos_la_2024_trip/starlink/20241107/172329271/tcp_uplink_172540696.out
[2024-11-07T17:27:41-0500] UL AVG TPUT: 
[2024-11-07T17:27:41-0500] tcp uplink test finished at 2024-11-07 17:27:41.760 EST, duration: 121.089 s
[2024-11-07T17:27:41-0500] -------------------------------
[2024-11-07T17:27:41-0500] Waiting for 2 s...
[2024-11-07T17:27:43-0500] -------------------------------
[2024-11-07T17:27:43-0500] Starting 5G booster for 5 s...
[2024-11-07T17:27:43-0500] 5G booster started at 2024-11-07 17:27:43.840 EST
[2024-11-07T17:27:49-0500] Current time exceeds end time, skipping wait
[2024-11-07T17:27:49-0500] Saved TCP DL results to /data/data/com.termux/files/home/storage/shared/bos_la_2024_trip/starlink/20241107/172329271/tcp_downlink_172743864.out
[2024-11-07T17:27:49-0500] DL AVG TPUT: 
[2024-11-07T17:27:50-0500] 5G booster finished at 2024-11-07 17:27:49.938 EST, duration: 6.098 s
[2024-11-07T17:27:50-0500] -------------------------------
[2024-11-07T17:27:50-0500] Waiting for 2 s...
[2024-11-07T17:27:52-0500] -------------------------------
[2024-11-07T17:27:52-0500] ICMP Ping test started at 2024-11-07 17:27:52.069 EST
[2024-11-07T17:28:22-0500] Waiting for .925 s to reach end time
[2024-11-07T17:28:23-0500] Saved ping test to /data/data/com.termux/files/home/storage/shared/bos_la_2024_trip/starlink/20241107/172329271/icmp_ping_172752097.out
[2024-11-07T17:28:23-0500] Ping summary (min/avg/max/mdev) = 27.593/51.016/201.952/25.628 ms
[2024-11-07T17:28:23-0500] Ping test finished at 2024-11-07 17:28:23.148 EST, duration: 31.079 s
[2024-11-07T17:28:23-0500] -------------------------------
[2024-11-07T17:28:23-0500] Waiting for 2 s...
[2024-11-07T17:28:25-0500] -------------------------------
[2024-11-07T17:28:25-0500] Starting 5G booster for 5 s...
[2024-11-07T17:28:25-0500] 5G booster started at 2024-11-07 17:28:25.252 EST
[2024-11-07T17:28:31-0500] Current time exceeds end time, skipping wait
[2024-11-07T17:28:31-0500] Saved TCP DL results to /data/data/com.termux/files/home/storage/shared/bos_la_2024_trip/starlink/20241107/172329271/tcp_downlink_172825279.out
[2024-11-07T17:28:31-0500] DL AVG TPUT: 
[2024-11-07T17:28:31-0500] 5G booster finished at 2024-11-07 17:28:31.377 EST, duration: 6.125 s
[2024-11-07T17:28:31-0500] -------------------------------
[2024-11-07T17:28:31-0500] Waiting for 2 s...
[2024-11-07T17:28:33-0500] -------------------------------
[2024-11-07T17:28:33-0500] TCP Ping test started at 2024-11-07 17:28:33.492 EST
[2024-11-07T17:29:04-0500] Current time exceeds end time, skipping wait
[2024-11-07T17:29:04-0500] Saved TCP Ping test to /data/data/com.termux/files/home/storage/shared/bos_la_2024_trip/starlink/20241107/172329271/tcp_ping_172833518.out
[2024-11-07T17:29:04-0500] TCP Ping summary (min/avg/max/mdev) 
[2024-11-07T17:29:04-0500] TCP Ping test finished at 2024-11-07 17:29:04.610 EST, duration: 31.118 s
[2024-11-07T17:29:04-0500] -------------------------------
[2024-11-07T17:29:04-0500] Waiting for 2 s...
[2024-11-07T17:29:06-0500] -------------------------------
[2024-11-07T17:29:06-0500] Traceroute test started at 2024-11-07 17:29:06.697 EST
[2024-11-07T17:29:08-0500] Waiting for 28.304 s to reach end time
[2024-11-07T17:29:36-0500] Saved traceroute test to /data/data/com.termux/files/home/storage/shared/bos_la_2024_trip/starlink/20241107/172329271/traceroute_172906741.out
[2024-11-07T17:29:36-0500] Traceroute summary (min/avg/max/mdev) 
[2024-11-07T17:29:36-0500] Traceroute test finished at 2024-11-07 17:29:36.777 EST, duration: 30.080 s
[2024-11-07T17:29:36-0500] -------------------------------
[2024-11-07T17:29:36-0500] All tests completed, cleaning up...
[2024-11-07T17:29:36-0500] -------------------------------
[2024-11-07T17:29:50-0500] [measurement] Load environment variables from prod.env file
[2024-11-07T17:29:50-0500] Starting a network measurement, please choose a server
[2024-11-07T17:29:50-0500] 0) West Cloud: 54.176.53.206
[2024-11-07T17:29:50-0500] 1) East Cloud: 54.197.223.49
[2024-11-07T17:30:39-0500] Enter your choice (0-1): Testing starlink, server 1 (ip: 54.197.223.49, nuttcp_port: 5103, iperf_port: 5003)
[2024-11-07T17:30:39-0500] -------------------------------
[2024-11-07T17:30:39-0500] tcp downlink test started at 2024-11-07 17:30:39.452 EST
[2024-11-07T17:30:39-0500] Testing tcp downlink with 54.197.223.49:5103, interval 0.5 s, duration 120 s, timeout 121 s...
[2024-11-07T17:32:40-0500] Current time exceeds end time, skipping wait
[2024-11-07T17:32:40-0500] Saved tcp downlink test to /data/data/com.termux/files/home/storage/shared/bos_la_2024_trip/starlink/20241107/173039436/tcp_downlink_173039484.out
[2024-11-07T17:32:40-0500] DL AVG TPUT: 
[2024-11-07T17:32:40-0500] tcp downlink test finished at 2024-11-07 17:32:40.560 EST, duration: 121.108 s
[2024-11-07T17:32:40-0500] -------------------------------
[2024-11-07T17:32:40-0500] Waiting for 2 s...
[2024-11-07T17:32:42-0500] -------------------------------
[2024-11-07T17:32:42-0500] Starting 5G booster for 5 s...
[2024-11-07T17:32:42-0500] 5G booster started at 2024-11-07 17:32:42.661 EST
[2024-11-07T17:32:48-0500] Current time exceeds end time, skipping wait
[2024-11-07T17:32:48-0500] Saved TCP DL results to /data/data/com.termux/files/home/storage/shared/bos_la_2024_trip/starlink/20241107/173039436/tcp_downlink_173242684.out
[2024-11-07T17:32:48-0500] DL AVG TPUT: 
[2024-11-07T17:32:48-0500] 5G booster finished at 2024-11-07 17:32:48.738 EST, duration: 6.077 s
[2024-11-07T17:32:48-0500] -------------------------------
[2024-11-07T17:32:48-0500] Waiting for 2 s...
[2024-11-07T17:32:50-0500] -------------------------------
[2024-11-07T17:32:50-0500] tcp uplink test started at 2024-11-07 17:32:50.862 EST
[2024-11-07T17:32:50-0500] testing tcp uplink with 54.197.223.49:5103, interval 0.5, duration 120, timeout 121 ...
[2024-11-07T17:34:51-0500] Current time exceeds end time, skipping wait
[2024-11-07T17:34:51-0500] Saved uplink test to /data/data/com.termux/files/home/storage/shared/bos_la_2024_trip/starlink/20241107/173039436/tcp_uplink_173250888.out
[2024-11-07T17:34:52-0500] UL AVG TPUT: 
[2024-11-07T17:34:52-0500] tcp uplink test finished at 2024-11-07 17:34:51.975 EST, duration: 121.113 s
[2024-11-07T17:34:52-0500] -------------------------------
[2024-11-07T17:34:52-0500] Waiting for 2 s...
[2024-11-07T17:34:54-0500] -------------------------------
[2024-11-07T17:34:54-0500] Starting 5G booster for 5 s...
[2024-11-07T17:34:54-0500] 5G booster started at 2024-11-07 17:34:54.087 EST
[2024-11-07T17:35:00-0500] Current time exceeds end time, skipping wait
[2024-11-07T17:35:00-0500] Saved TCP DL results to /data/data/com.termux/files/home/storage/shared/bos_la_2024_trip/starlink/20241107/173039436/tcp_downlink_173454112.out
[2024-11-07T17:35:00-0500] DL AVG TPUT: 
[2024-11-07T17:35:00-0500] 5G booster finished at 2024-11-07 17:35:00.168 EST, duration: 6.081 s
[2024-11-07T17:35:00-0500] -------------------------------
[2024-11-07T17:35:00-0500] Waiting for 2 s...
[2024-11-07T17:35:02-0500] -------------------------------
[2024-11-07T17:35:02-0500] ICMP Ping test started at 2024-11-07 17:35:02.293 EST
[2024-11-07T17:35:32-0500] Waiting for .915 s to reach end time
[2024-11-07T17:35:33-0500] Saved ping test to /data/data/com.termux/files/home/storage/shared/bos_la_2024_trip/starlink/20241107/173039436/icmp_ping_173502317.out
[2024-11-07T17:35:33-0500] Ping summary (min/avg/max/mdev) = 23.397/49.878/159.282/22.198 ms
[2024-11-07T17:35:33-0500] Ping test finished at 2024-11-07 17:35:33.388 EST, duration: 31.095 s
[2024-11-07T17:35:33-0500] -------------------------------
[2024-11-07T17:35:33-0500] Waiting for 2 s...
[2024-11-07T17:35:35-0500] -------------------------------
[2024-11-07T17:35:35-0500] Starting 5G booster for 5 s...
[2024-11-07T17:35:35-0500] 5G booster started at 2024-11-07 17:35:35.525 EST
[2024-11-07T17:35:41-0500] Current time exceeds end time, skipping wait
[2024-11-07T17:35:41-0500] Saved TCP DL results to /data/data/com.termux/files/home/storage/shared/bos_la_2024_trip/starlink/20241107/173039436/tcp_downlink_173535552.out
[2024-11-07T17:35:41-0500] DL AVG TPUT: 
[2024-11-07T17:35:41-0500] 5G booster finished at 2024-11-07 17:35:41.609 EST, duration: 6.084 s
[2024-11-07T17:35:41-0500] -------------------------------
[2024-11-07T17:35:41-0500] Waiting for 2 s...
[2024-11-07T17:35:43-0500] -------------------------------
[2024-11-07T17:35:43-0500] TCP Ping test started at 2024-11-07 17:35:43.699 EST
[2024-11-07T17:36:14-0500] Current time exceeds end time, skipping wait
[2024-11-07T17:36:14-0500] Saved TCP Ping test to /data/data/com.termux/files/home/storage/shared/bos_la_2024_trip/starlink/20241107/173039436/tcp_ping_173543732.out
[2024-11-07T17:36:14-0500] TCP Ping summary (min/avg/max/mdev) 
[2024-11-07T17:36:14-0500] TCP Ping test finished at 2024-11-07 17:36:14.806 EST, duration: 31.107 s
[2024-11-07T17:36:14-0500] -------------------------------
[2024-11-07T17:36:14-0500] Waiting for 2 s...
[2024-11-07T17:36:16-0500] -------------------------------
[2024-11-07T17:36:16-0500] Traceroute test started at 2024-11-07 17:36:16.960 EST
[2024-11-07T17:36:18-0500] Waiting for 28.273 s to reach end time
[2024-11-07T17:36:47-0500] Saved traceroute test to /data/data/com.termux/files/home/storage/shared/bos_la_2024_trip/starlink/20241107/173039436/traceroute_173616991.out
[2024-11-07T17:36:47-0500] Traceroute summary (min/avg/max/mdev) 
[2024-11-07T17:36:47-0500] Traceroute test finished at 2024-11-07 17:36:47.067 EST, duration: 30.107 s
[2024-11-07T17:36:47-0500] -------------------------------
[2024-11-07T17:36:47-0500] All tests completed, cleaning up...
[2024-11-07T17:36:47-0500] -------------------------------
[2024-11-07T17:37:27-0500] [measurement] Load environment variables from prod.env file
[2024-11-07T17:37:27-0500] Starting a network measurement, please choose a server
[2024-11-07T17:37:27-0500] 0) West Cloud: 54.176.53.206
[2024-11-07T17:37:27-0500] 1) East Cloud: 54.197.223.49
[2024-11-07T17:38:10-0500] Enter your choice (0-1): Testing starlink, server 1 (ip: 54.197.223.49, nuttcp_port: 5103, iperf_port: 5003)
[2024-11-07T17:38:10-0500] -------------------------------
[2024-11-07T17:38:10-0500] tcp downlink test started at 2024-11-07 17:38:10.866 EST
[2024-11-07T17:38:10-0500] Testing tcp downlink with 54.197.223.49:5103, interval 0.5 s, duration 120 s, timeout 121 s...
[2024-11-07T17:40:11-0500] Current time exceeds end time, skipping wait
[2024-11-07T17:40:11-0500] Saved tcp downlink test to /data/data/com.termux/files/home/storage/shared/bos_la_2024_trip/starlink/20241107/173810847/tcp_downlink_173810892.out
[2024-11-07T17:40:12-0500] DL AVG TPUT: 
[2024-11-07T17:40:12-0500] tcp downlink test finished at 2024-11-07 17:40:11.983 EST, duration: 121.117 s
[2024-11-07T17:40:12-0500] -------------------------------
[2024-11-07T17:40:12-0500] Waiting for 2 s...
[2024-11-07T17:40:14-0500] -------------------------------
[2024-11-07T17:40:14-0500] Starting 5G booster for 5 s...
[2024-11-07T17:40:14-0500] 5G booster started at 2024-11-07 17:40:14.100 EST
[2024-11-07T17:40:20-0500] Current time exceeds end time, skipping wait
[2024-11-07T17:40:20-0500] Saved TCP DL results to /data/data/com.termux/files/home/storage/shared/bos_la_2024_trip/starlink/20241107/173810847/tcp_downlink_174014128.out
[2024-11-07T17:40:20-0500] DL AVG TPUT: 
[2024-11-07T17:40:20-0500] 5G booster finished at 2024-11-07 17:40:20.205 EST, duration: 6.105 s
[2024-11-07T17:40:20-0500] -------------------------------
[2024-11-07T17:40:20-0500] Waiting for 2 s...
[2024-11-07T17:40:22-0500] -------------------------------
[2024-11-07T17:40:22-0500] tcp uplink test started at 2024-11-07 17:40:22.315 EST
[2024-11-07T17:40:22-0500] testing tcp uplink with 54.197.223.49:5103, interval 0.5, duration 120, timeout 121 ...
[2024-11-07T17:42:23-0500] Current time exceeds end time, skipping wait
[2024-11-07T17:42:23-0500] Saved uplink test to /data/data/com.termux/files/home/storage/shared/bos_la_2024_trip/starlink/20241107/173810847/tcp_uplink_174022360.out
[2024-11-07T17:42:23-0500] UL AVG TPUT: 
[2024-11-07T17:42:23-0500] tcp uplink test finished at 2024-11-07 17:42:23.441 EST, duration: 121.126 s
[2024-11-07T17:42:23-0500] -------------------------------
[2024-11-07T17:42:23-0500] Waiting for 2 s...
[2024-11-07T17:42:25-0500] -------------------------------
[2024-11-07T17:42:25-0500] Starting 5G booster for 5 s...
[2024-11-07T17:42:25-0500] 5G booster started at 2024-11-07 17:42:25.537 EST
[2024-11-07T17:42:31-0500] Current time exceeds end time, skipping wait
[2024-11-07T17:42:31-0500] Saved TCP DL results to /data/data/com.termux/files/home/storage/shared/bos_la_2024_trip/starlink/20241107/173810847/tcp_downlink_174225563.out
[2024-11-07T17:42:31-0500] DL AVG TPUT: 
[2024-11-07T17:42:31-0500] 5G booster finished at 2024-11-07 17:42:31.636 EST, duration: 6.099 s
[2024-11-07T17:42:31-0500] -------------------------------
[2024-11-07T17:42:31-0500] Waiting for 2 s...
[2024-11-07T17:42:33-0500] -------------------------------
[2024-11-07T17:42:33-0500] ICMP Ping test started at 2024-11-07 17:42:33.749 EST
[2024-11-07T17:43:03-0500] Waiting for .896 s to reach end time
[2024-11-07T17:43:04-0500] Saved ping test to /data/data/com.termux/files/home/storage/shared/bos_la_2024_trip/starlink/20241107/173810847/icmp_ping_174233775.out
[2024-11-07T17:43:04-0500] Ping summary (min/avg/max/mdev) = 29.959/50.588/164.588/16.165 ms
[2024-11-07T17:43:04-0500] Ping test finished at 2024-11-07 17:43:04.843 EST, duration: 31.094 s
[2024-11-07T17:43:04-0500] -------------------------------
[2024-11-07T17:43:04-0500] Waiting for 2 s...
[2024-11-07T17:43:06-0500] -------------------------------
[2024-11-07T17:43:06-0500] Starting 5G booster for 5 s...
[2024-11-07T17:43:06-0500] 5G booster started at 2024-11-07 17:43:06.969 EST
[2024-11-07T17:43:13-0500] Current time exceeds end time, skipping wait
[2024-11-07T17:43:13-0500] Saved TCP DL results to /data/data/com.termux/files/home/storage/shared/bos_la_2024_trip/starlink/20241107/173810847/tcp_downlink_174306994.out
[2024-11-07T17:43:13-0500] DL AVG TPUT: 
[2024-11-07T17:43:13-0500] 5G booster finished at 2024-11-07 17:43:13.091 EST, duration: 6.122 s
[2024-11-07T17:43:13-0500] -------------------------------
[2024-11-07T17:43:13-0500] Waiting for 2 s...
[2024-11-07T17:43:15-0500] -------------------------------
[2024-11-07T17:43:15-0500] TCP Ping test started at 2024-11-07 17:43:15.183 EST
[2024-11-07T17:43:46-0500] Current time exceeds end time, skipping wait
[2024-11-07T17:43:46-0500] Saved TCP Ping test to /data/data/com.termux/files/home/storage/shared/bos_la_2024_trip/starlink/20241107/173810847/tcp_ping_174315208.out
[2024-11-07T17:43:46-0500] TCP Ping summary (min/avg/max/mdev) 
[2024-11-07T17:43:46-0500] TCP Ping test finished at 2024-11-07 17:43:46.297 EST, duration: 31.114 s
[2024-11-07T17:43:46-0500] -------------------------------
[2024-11-07T17:43:46-0500] Waiting for 2 s...
[2024-11-07T17:43:48-0500] -------------------------------
[2024-11-07T17:43:48-0500] Traceroute test started at 2024-11-07 17:43:48.410 EST
[2024-11-07T17:43:49-0500] Waiting for 28.774 s to reach end time
[2024-11-07T17:44:18-0500] Saved traceroute test to /data/data/com.termux/files/home/storage/shared/bos_la_2024_trip/starlink/20241107/173810847/traceroute_174348454.out
[2024-11-07T17:44:18-0500] Traceroute summary (min/avg/max/mdev) 
[2024-11-07T17:44:18-0500] Traceroute test finished at 2024-11-07 17:44:18.474 EST, duration: 30.064 s
[2024-11-07T17:44:18-0500] -------------------------------
[2024-11-07T17:44:18-0500] All tests completed, cleaning up...
[2024-11-07T17:44:18-0500] -------------------------------
[2024-11-07T17:44:44-0500] [measurement] Load environment variables from prod.env file
[2024-11-07T17:44:44-0500] Starting a network measurement, please choose a server
[2024-11-07T17:44:44-0500] 0) West Cloud: 54.176.53.206
[2024-11-07T17:44:44-0500] 1) East Cloud: 54.197.223.49
[2024-11-07T17:45:24-0500] Enter your choice (0-1): Testing starlink, server 1 (ip: 54.197.223.49, nuttcp_port: 5103, iperf_port: 5003)
[2024-11-07T17:45:24-0500] -------------------------------
[2024-11-07T17:45:24-0500] tcp downlink test started at 2024-11-07 17:45:24.139 EST
[2024-11-07T17:45:24-0500] Testing tcp downlink with 54.197.223.49:5103, interval 0.5 s, duration 120 s, timeout 121 s...
[2024-11-07T17:47:25-0500] Current time exceeds end time, skipping wait
[2024-11-07T17:47:25-0500] Saved tcp downlink test to /data/data/com.termux/files/home/storage/shared/bos_la_2024_trip/starlink/20241107/174524122/tcp_downlink_174524161.out
[2024-11-07T17:47:25-0500] DL AVG TPUT: 
[2024-11-07T17:47:25-0500] tcp downlink test finished at 2024-11-07 17:47:25.208 EST, duration: 121.069 s
[2024-11-07T17:47:25-0500] -------------------------------
[2024-11-07T17:47:25-0500] Waiting for 2 s...
[2024-11-07T17:47:27-0500] -------------------------------
[2024-11-07T17:47:27-0500] Starting 5G booster for 5 s...
[2024-11-07T17:47:27-0500] 5G booster started at 2024-11-07 17:47:27.329 EST
[2024-11-07T17:47:33-0500] Current time exceeds end time, skipping wait
[2024-11-07T17:47:33-0500] Saved TCP DL results to /data/data/com.termux/files/home/storage/shared/bos_la_2024_trip/starlink/20241107/174524122/tcp_downlink_174727355.out
[2024-11-07T17:47:33-0500] DL AVG TPUT: 
[2024-11-07T17:47:33-0500] 5G booster finished at 2024-11-07 17:47:33.441 EST, duration: 6.112 s
[2024-11-07T17:47:33-0500] -------------------------------
[2024-11-07T17:47:33-0500] Waiting for 2 s...
[2024-11-07T17:47:35-0500] -------------------------------
[2024-11-07T17:47:35-0500] tcp uplink test started at 2024-11-07 17:47:35.535 EST
[2024-11-07T17:47:35-0500] testing tcp uplink with 54.197.223.49:5103, interval 0.5, duration 120, timeout 121 ...
[2024-11-07T17:49:36-0500] Current time exceeds end time, skipping wait
[2024-11-07T17:49:36-0500] Saved uplink test to /data/data/com.termux/files/home/storage/shared/bos_la_2024_trip/starlink/20241107/174524122/tcp_uplink_174735566.out
[2024-11-07T17:49:36-0500] UL AVG TPUT: 
[2024-11-07T17:49:36-0500] tcp uplink test finished at 2024-11-07 17:49:36.679 EST, duration: 121.144 s
[2024-11-07T17:49:36-0500] -------------------------------
[2024-11-07T17:49:36-0500] Waiting for 2 s...
[2024-11-07T17:49:38-0500] -------------------------------
[2024-11-07T17:49:38-0500] Starting 5G booster for 5 s...
[2024-11-07T17:49:38-0500] 5G booster started at 2024-11-07 17:49:38.783 EST
[2024-11-07T17:49:44-0500] Current time exceeds end time, skipping wait
[2024-11-07T17:49:44-0500] Saved TCP DL results to /data/data/com.termux/files/home/storage/shared/bos_la_2024_trip/starlink/20241107/174524122/tcp_downlink_174938815.out
[2024-11-07T17:49:44-0500] DL AVG TPUT: 
[2024-11-07T17:49:44-0500] 5G booster finished at 2024-11-07 17:49:44.894 EST, duration: 6.111 s
[2024-11-07T17:49:44-0500] -------------------------------
[2024-11-07T17:49:44-0500] Waiting for 2 s...
[2024-11-07T17:49:46-0500] -------------------------------
[2024-11-07T17:49:47-0500] ICMP Ping test started at 2024-11-07 17:49:46.987 EST
[2024-11-07T17:50:17-0500] Waiting for .864 s to reach end time
[2024-11-07T17:50:18-0500] Saved ping test to /data/data/com.termux/files/home/storage/shared/bos_la_2024_trip/starlink/20241107/174524122/icmp_ping_174947037.out
[2024-11-07T17:50:18-0500] Ping summary (min/avg/max/mdev) = 28.911/44.804/90.940/13.888 ms
[2024-11-07T17:50:18-0500] Ping test finished at 2024-11-07 17:50:18.060 EST, duration: 31.073 s
[2024-11-07T17:50:18-0500] -------------------------------
[2024-11-07T17:50:18-0500] Waiting for 2 s...
[2024-11-07T17:50:20-0500] -------------------------------
[2024-11-07T17:50:20-0500] Starting 5G booster for 5 s...
[2024-11-07T17:50:20-0500] 5G booster started at 2024-11-07 17:50:20.218 EST
[2024-11-07T17:50:26-0500] Current time exceeds end time, skipping wait
[2024-11-07T17:50:26-0500] Saved TCP DL results to /data/data/com.termux/files/home/storage/shared/bos_la_2024_trip/starlink/20241107/174524122/tcp_downlink_175020273.out
[2024-11-07T17:50:26-0500] DL AVG TPUT: 
[2024-11-07T17:50:26-0500] 5G booster finished at 2024-11-07 17:50:26.382 EST, duration: 6.164 s
[2024-11-07T17:50:26-0500] -------------------------------
[2024-11-07T17:50:26-0500] Waiting for 2 s...
[2024-11-07T17:50:28-0500] -------------------------------
[2024-11-07T17:50:28-0500] TCP Ping test started at 2024-11-07 17:50:28.474 EST
[2024-11-07T17:50:59-0500] Current time exceeds end time, skipping wait
[2024-11-07T17:50:59-0500] Saved TCP Ping test to /data/data/com.termux/files/home/storage/shared/bos_la_2024_trip/starlink/20241107/174524122/tcp_ping_175028504.out
[2024-11-07T17:50:59-0500] TCP Ping summary (min/avg/max/mdev) 
[2024-11-07T17:50:59-0500] TCP Ping test finished at 2024-11-07 17:50:59.595 EST, duration: 31.121 s
[2024-11-07T17:50:59-0500] -------------------------------
[2024-11-07T17:50:59-0500] Waiting for 2 s...
[2024-11-07T17:51:01-0500] -------------------------------
[2024-11-07T17:51:01-0500] Traceroute test started at 2024-11-07 17:51:01.730 EST
[2024-11-07T17:51:02-0500] Waiting for 29.112 s to reach end time
[2024-11-07T17:51:31-0500] Saved traceroute test to /data/data/com.termux/files/home/storage/shared/bos_la_2024_trip/starlink/20241107/174524122/traceroute_175101760.out
[2024-11-07T17:51:31-0500] Traceroute summary (min/avg/max/mdev) 
[2024-11-07T17:51:31-0500] Traceroute test finished at 2024-11-07 17:51:31.789 EST, duration: 30.059 s
[2024-11-07T17:51:31-0500] -------------------------------
[2024-11-07T17:51:31-0500] All tests completed, cleaning up...
[2024-11-07T17:51:31-0500] -------------------------------
[2024-11-07T17:52:28-0500] [measurement] Load environment variables from prod.env file
[2024-11-07T17:52:28-0500] Starting a network measurement, please choose a server
[2024-11-07T17:52:28-0500] 0) West Cloud: 54.176.53.206
[2024-11-07T17:52:28-0500] 1) East Cloud: 54.197.223.49
[2024-11-07T17:53:08-0500] Enter your choice (0-1): Testing starlink, server 1 (ip: 54.197.223.49, nuttcp_port: 5103, iperf_port: 5003)
[2024-11-07T17:53:08-0500] -------------------------------
[2024-11-07T17:53:09-0500] tcp downlink test started at 2024-11-07 17:53:08.996 EST
[2024-11-07T17:53:09-0500] Testing tcp downlink with 54.197.223.49:5103, interval 0.5 s, duration 120 s, timeout 121 s...
[2024-11-07T17:55:10-0500] Current time exceeds end time, skipping wait
[2024-11-07T17:55:10-0500] Saved tcp downlink test to /data/data/com.termux/files/home/storage/shared/bos_la_2024_trip/starlink/20241107/175308978/tcp_downlink_175309021.out
[2024-11-07T17:55:10-0500] DL AVG TPUT: 
[2024-11-07T17:55:10-0500] tcp downlink test finished at 2024-11-07 17:55:10.106 EST, duration: 121.110 s
[2024-11-07T17:55:10-0500] -------------------------------
[2024-11-07T17:55:10-0500] Waiting for 2 s...
[2024-11-07T17:55:12-0500] -------------------------------
[2024-11-07T17:55:12-0500] Starting 5G booster for 5 s...
[2024-11-07T17:55:12-0500] 5G booster started at 2024-11-07 17:55:12.205 EST
[2024-11-07T17:55:18-0500] Current time exceeds end time, skipping wait
[2024-11-07T17:55:18-0500] Saved TCP DL results to /data/data/com.termux/files/home/storage/shared/bos_la_2024_trip/starlink/20241107/175308978/tcp_downlink_175512237.out
[2024-11-07T17:55:18-0500] DL AVG TPUT: 
[2024-11-07T17:55:18-0500] 5G booster finished at 2024-11-07 17:55:18.299 EST, duration: 6.094 s
[2024-11-07T17:55:18-0500] -------------------------------
[2024-11-07T17:55:18-0500] Waiting for 2 s...
[2024-11-07T17:55:20-0500] -------------------------------
[2024-11-07T17:55:20-0500] tcp uplink test started at 2024-11-07 17:55:20.409 EST
[2024-11-07T17:55:20-0500] testing tcp uplink with 54.197.223.49:5103, interval 0.5, duration 120, timeout 121 ...
[2024-11-07T17:57:21-0500] Current time exceeds end time, skipping wait
[2024-11-07T17:57:21-0500] Saved uplink test to /data/data/com.termux/files/home/storage/shared/bos_la_2024_trip/starlink/20241107/175308978/tcp_uplink_175520449.out
[2024-11-07T17:57:21-0500] UL AVG TPUT: 
[2024-11-07T17:57:21-0500] tcp uplink test finished at 2024-11-07 17:57:21.533 EST, duration: 121.124 s
[2024-11-07T17:57:21-0500] -------------------------------
[2024-11-07T17:57:21-0500] Waiting for 2 s...
[2024-11-07T17:57:23-0500] -------------------------------
[2024-11-07T17:57:23-0500] Starting 5G booster for 5 s...
[2024-11-07T17:57:23-0500] 5G booster started at 2024-11-07 17:57:23.642 EST
[2024-11-07T17:57:29-0500] Current time exceeds end time, skipping wait
[2024-11-07T17:57:29-0500] Saved TCP DL results to /data/data/com.termux/files/home/storage/shared/bos_la_2024_trip/starlink/20241107/175308978/tcp_downlink_175723693.out
[2024-11-07T17:57:29-0500] DL AVG TPUT: 
[2024-11-07T17:57:29-0500] 5G booster finished at 2024-11-07 17:57:29.770 EST, duration: 6.128 s
[2024-11-07T17:57:29-0500] -------------------------------
[2024-11-07T17:57:29-0500] Waiting for 2 s...
[2024-11-07T17:57:31-0500] -------------------------------
[2024-11-07T17:57:31-0500] ICMP Ping test started at 2024-11-07 17:57:31.878 EST
[2024-11-07T17:58:02-0500] Waiting for .910 s to reach end time
[2024-11-07T17:58:02-0500] Saved ping test to /data/data/com.termux/files/home/storage/shared/bos_la_2024_trip/starlink/20241107/175308978/icmp_ping_175731903.out
[2024-11-07T17:58:02-0500] Ping summary (min/avg/max/mdev) = 24.150/46.749/115.103/16.941 ms
[2024-11-07T17:58:03-0500] Ping test finished at 2024-11-07 17:58:02.951 EST, duration: 31.073 s
[2024-11-07T17:58:03-0500] -------------------------------
[2024-11-07T17:58:03-0500] Waiting for 2 s...
[2024-11-07T17:58:05-0500] -------------------------------
[2024-11-07T17:58:05-0500] Starting 5G booster for 5 s...
[2024-11-07T17:58:05-0500] 5G booster started at 2024-11-07 17:58:05.075 EST
[2024-11-07T17:58:11-0500] Current time exceeds end time, skipping wait
[2024-11-07T17:58:11-0500] Saved TCP DL results to /data/data/com.termux/files/home/storage/shared/bos_la_2024_trip/starlink/20241107/175308978/tcp_downlink_175805111.out
[2024-11-07T17:58:11-0500] DL AVG TPUT: 
[2024-11-07T17:58:11-0500] 5G booster finished at 2024-11-07 17:58:11.182 EST, duration: 6.107 s
[2024-11-07T17:58:11-0500] -------------------------------
[2024-11-07T17:58:11-0500] Waiting for 2 s...
[2024-11-07T17:58:13-0500] -------------------------------
[2024-11-07T17:58:13-0500] TCP Ping test started at 2024-11-07 17:58:13.270 EST
[2024-11-07T17:58:44-0500] Current time exceeds end time, skipping wait
[2024-11-07T17:58:44-0500] Saved TCP Ping test to /data/data/com.termux/files/home/storage/shared/bos_la_2024_trip/starlink/20241107/175308978/tcp_ping_175813293.out
[2024-11-07T17:58:44-0500] TCP Ping summary (min/avg/max/mdev) 
[2024-11-07T17:58:44-0500] TCP Ping test finished at 2024-11-07 17:58:44.359 EST, duration: 31.089 s
[2024-11-07T17:58:44-0500] -------------------------------
[2024-11-07T17:58:44-0500] Waiting for 2 s...
[2024-11-07T17:58:46-0500] -------------------------------
[2024-11-07T17:58:46-0500] Traceroute test started at 2024-11-07 17:58:46.498 EST
[2024-11-07T17:58:48-0500] Waiting for 28.283 s to reach end time
[2024-11-07T17:59:16-0500] Saved traceroute test to /data/data/com.termux/files/home/storage/shared/bos_la_2024_trip/starlink/20241107/175308978/traceroute_175846529.out
[2024-11-07T17:59:16-0500] Traceroute summary (min/avg/max/mdev) 
[2024-11-07T17:59:16-0500] Traceroute test finished at 2024-11-07 17:59:16.577 EST, duration: 30.079 s
[2024-11-07T17:59:16-0500] -------------------------------
[2024-11-07T17:59:16-0500] All tests completed, cleaning up...
[2024-11-07T17:59:16-0500] -------------------------------
[2024-11-07T17:59:44-0500] [measurement] Load environment variables from prod.env file
[2024-11-07T17:59:44-0500] Starting a network measurement, please choose a server
[2024-11-07T17:59:44-0500] 0) West Cloud: 54.176.53.206
[2024-11-07T17:59:44-0500] 1) East Cloud: 54.197.223.49
[2024-11-07T18:00:12-0500] Enter your choice (0-1): Testing starlink, server 1 (ip: 54.197.223.49, nuttcp_port: 5103, iperf_port: 5003)
[2024-11-07T18:00:12-0500] -------------------------------
[2024-11-07T18:00:12-0500] tcp downlink test started at 2024-11-07 18:00:12.158 EST
[2024-11-07T18:00:12-0500] Testing tcp downlink with 54.197.223.49:5103, interval 0.5 s, duration 120 s, timeout 121 s...
[2024-11-07T18:02:13-0500] Current time exceeds end time, skipping wait
[2024-11-07T18:02:13-0500] Saved tcp downlink test to /data/data/com.termux/files/home/storage/shared/bos_la_2024_trip/starlink/20241107/180012135/tcp_downlink_180012197.out
[2024-11-07T18:02:13-0500] DL AVG TPUT: 
[2024-11-07T18:02:13-0500] tcp downlink test finished at 2024-11-07 18:02:13.260 EST, duration: 121.102 s
[2024-11-07T18:02:13-0500] -------------------------------
[2024-11-07T18:02:13-0500] Waiting for 2 s...
[2024-11-07T18:02:15-0500] -------------------------------
[2024-11-07T18:02:15-0500] Starting 5G booster for 5 s...
[2024-11-07T18:02:15-0500] 5G booster started at 2024-11-07 18:02:15.351 EST
[2024-11-07T18:02:21-0500] Current time exceeds end time, skipping wait
[2024-11-07T18:02:21-0500] Saved TCP DL results to /data/data/com.termux/files/home/storage/shared/bos_la_2024_trip/starlink/20241107/180012135/tcp_downlink_180215381.out
[2024-11-07T18:02:21-0500] DL AVG TPUT: 
[2024-11-07T18:02:21-0500] 5G booster finished at 2024-11-07 18:02:21.429 EST, duration: 6.078 s
[2024-11-07T18:02:21-0500] -------------------------------
[2024-11-07T18:02:21-0500] Waiting for 2 s...
[2024-11-07T18:02:23-0500] -------------------------------
[2024-11-07T18:02:23-0500] tcp uplink test started at 2024-11-07 18:02:23.529 EST
[2024-11-07T18:02:23-0500] testing tcp uplink with 54.197.223.49:5103, interval 0.5, duration 120, timeout 121 ...
[2024-11-07T18:04:24-0500] Current time exceeds end time, skipping wait
[2024-11-07T18:04:24-0500] Saved uplink test to /data/data/com.termux/files/home/storage/shared/bos_la_2024_trip/starlink/20241107/180012135/tcp_uplink_180223556.out
[2024-11-07T18:04:24-0500] UL AVG TPUT: 
[2024-11-07T18:04:24-0500] tcp uplink test finished at 2024-11-07 18:04:24.630 EST, duration: 121.101 s
[2024-11-07T18:04:24-0500] -------------------------------
[2024-11-07T18:04:24-0500] Waiting for 2 s...
[2024-11-07T18:04:26-0500] -------------------------------
[2024-11-07T18:04:26-0500] Starting 5G booster for 5 s...
[2024-11-07T18:04:26-0500] 5G booster started at 2024-11-07 18:04:26.741 EST
[2024-11-07T18:04:32-0500] Current time exceeds end time, skipping wait
[2024-11-07T18:04:32-0500] Saved TCP DL results to /data/data/com.termux/files/home/storage/shared/bos_la_2024_trip/starlink/20241107/180012135/tcp_downlink_180426779.out
[2024-11-07T18:04:32-0500] DL AVG TPUT: 
[2024-11-07T18:04:32-0500] 5G booster finished at 2024-11-07 18:04:32.848 EST, duration: 6.107 s
[2024-11-07T18:04:32-0500] -------------------------------
[2024-11-07T18:04:32-0500] Waiting for 2 s...
[2024-11-07T18:04:34-0500] -------------------------------
[2024-11-07T18:04:34-0500] ICMP Ping test started at 2024-11-07 18:04:34.951 EST
[2024-11-07T18:05:05-0500] Waiting for .912 s to reach end time
[2024-11-07T18:05:06-0500] Saved ping test to /data/data/com.termux/files/home/storage/shared/bos_la_2024_trip/starlink/20241107/180012135/icmp_ping_180434984.out
[2024-11-07T18:05:06-0500] Ping summary (min/avg/max/mdev) = 29.059/68.633/136.221/25.432 ms
[2024-11-07T18:05:06-0500] Ping test finished at 2024-11-07 18:05:06.031 EST, duration: 31.080 s
[2024-11-07T18:05:06-0500] -------------------------------
[2024-11-07T18:05:06-0500] Waiting for 2 s...
[2024-11-07T18:05:08-0500] -------------------------------
[2024-11-07T18:05:08-0500] Starting 5G booster for 5 s...
[2024-11-07T18:05:08-0500] 5G booster started at 2024-11-07 18:05:08.132 EST
[2024-11-07T18:05:14-0500] Current time exceeds end time, skipping wait
[2024-11-07T18:05:14-0500] Saved TCP DL results to /data/data/com.termux/files/home/storage/shared/bos_la_2024_trip/starlink/20241107/180012135/tcp_downlink_180508164.out
[2024-11-07T18:05:14-0500] DL AVG TPUT: 
[2024-11-07T18:05:14-0500] 5G booster finished at 2024-11-07 18:05:14.233 EST, duration: 6.101 s
[2024-11-07T18:05:14-0500] -------------------------------
[2024-11-07T18:05:14-0500] Waiting for 2 s...
[2024-11-07T18:05:16-0500] -------------------------------
[2024-11-07T18:05:16-0500] TCP Ping test started at 2024-11-07 18:05:16.317 EST
[2024-11-07T18:05:47-0500] Current time exceeds end time, skipping wait
[2024-11-07T18:05:47-0500] Saved TCP Ping test to /data/data/com.termux/files/home/storage/shared/bos_la_2024_trip/starlink/20241107/180012135/tcp_ping_180516341.out
[2024-11-07T18:05:47-0500] TCP Ping summary (min/avg/max/mdev) 
[2024-11-07T18:05:47-0500] TCP Ping test finished at 2024-11-07 18:05:47.425 EST, duration: 31.108 s
[2024-11-07T18:05:47-0500] -------------------------------
[2024-11-07T18:05:47-0500] Waiting for 2 s...
[2024-11-07T18:05:49-0500] -------------------------------
[2024-11-07T18:05:49-0500] Traceroute test started at 2024-11-07 18:05:49.532 EST
[2024-11-07T18:05:54-0500] Waiting for 24.635 s to reach end time
[2024-11-07T18:06:19-0500] Saved traceroute test to /data/data/com.termux/files/home/storage/shared/bos_la_2024_trip/starlink/20241107/180012135/traceroute_180549585.out
[2024-11-07T18:06:19-0500] Traceroute summary (min/avg/max/mdev) 
[2024-11-07T18:06:19-0500] Traceroute test finished at 2024-11-07 18:06:19.615 EST, duration: 30.083 s
[2024-11-07T18:06:19-0500] -------------------------------
[2024-11-07T18:06:19-0500] All tests completed, cleaning up...
[2024-11-07T18:06:19-0500] -------------------------------
