[2024-11-07T10:23:18-0500] [measurement] Load environment variables from prod.env file
[2024-11-07T10:23:18-0500] [measurement] Load operator-specific env from verizon.env file
[2024-11-07T10:23:18-0500] Starting a network measurement, please choose a server
[2024-11-07T10:23:18-0500] 0) West Cloud: 54.176.53.206
[2024-11-07T10:23:18-0500] 1) East Cloud: 54.197.223.49
[2024-11-07T10:23:18-0500] 2) Los Angeles Wavelength: 161.188.33.234
[2024-11-07T10:23:18-0500] 3) Las Vegas Wavelength: 155.146.118.158
[2024-11-07T10:23:18-0500] 4) Denver Wavelength: 155.146.144.24
[2024-11-07T10:23:18-0500] 5) Chicago Wavelength: 155.146.180.31
[2024-11-07T10:23:18-0500] 6) Boston Wavelength: 155.146.11.34
[2024-11-07T10:31:34-0500] Enter your choice (0-6): Testing verizon, server 1 (ip: 54.197.223.49, nuttcp_port: 5101, iperf_port: 5001)
[2024-11-07T10:31:34-0500] -------------------------------
[2024-11-07T10:31:34-0500] tcp downlink test started at 2024-11-07 10:31:34.258 EST
[2024-11-07T10:31:34-0500] Testing tcp downlink with 54.197.223.49:5101, interval 0.5 s, duration 120 s, timeout 121 s...
[2024-11-07T10:33:35-0500] Current time exceeds end time, skipping wait
[2024-11-07T10:33:35-0500] Saved tcp downlink test to /data/data/com.termux/files/home/storage/shared/bos_la_2024_trip/verizon/20241107/103134235/tcp_downlink_103134288.out
[2024-11-07T10:33:35-0500] DL AVG TPUT: 
[2024-11-07T10:33:35-0500] tcp downlink test finished at 2024-11-07 10:33:35.416 EST, duration: 121.158 s
[2024-11-07T10:33:35-0500] -------------------------------
[2024-11-07T10:33:35-0500] Waiting for 2 s...
[2024-11-07T10:33:37-0500] -------------------------------
[2024-11-07T10:33:37-0500] Starting 5G booster for 5 s...
[2024-11-07T10:33:37-0500] 5G booster started at 2024-11-07 10:33:37.571 EST
[2024-11-07T10:33:43-0500] Current time exceeds end time, skipping wait
[2024-11-07T10:33:43-0500] Saved TCP DL results to /data/data/com.termux/files/home/storage/shared/bos_la_2024_trip/verizon/20241107/103134235/tcp_downlink_103337603.out
[2024-11-07T10:33:43-0500] DL AVG TPUT: 
[2024-11-07T10:33:43-0500] 5G booster finished at 2024-11-07 10:33:43.744 EST, duration: 6.173 s
[2024-11-07T10:33:43-0500] -------------------------------
[2024-11-07T10:33:43-0500] Waiting for 2 s...
[2024-11-07T10:33:45-0500] -------------------------------
[2024-11-07T10:33:45-0500] tcp uplink test started at 2024-11-07 10:33:45.871 EST
[2024-11-07T10:33:45-0500] testing tcp uplink with 54.197.223.49:5101, interval 0.5, duration 120, timeout 121 ...
[2024-11-07T10:35:47-0500] Current time exceeds end time, skipping wait
[2024-11-07T10:35:47-0500] Saved uplink test to /data/data/com.termux/files/home/storage/shared/bos_la_2024_trip/verizon/20241107/103134235/tcp_uplink_103345950.out
[2024-11-07T10:35:47-0500] UL AVG TPUT: 
[2024-11-07T10:35:47-0500] tcp uplink test finished at 2024-11-07 10:35:47.080 EST, duration: 121.209 s
[2024-11-07T10:35:47-0500] -------------------------------
[2024-11-07T10:35:47-0500] Waiting for 2 s...
[2024-11-07T10:35:49-0500] -------------------------------
[2024-11-07T10:35:49-0500] Starting 5G booster for 5 s...
[2024-11-07T10:35:49-0500] 5G booster started at 2024-11-07 10:35:49.226 EST
[2024-11-07T10:35:55-0500] Current time exceeds end time, skipping wait
[2024-11-07T10:35:55-0500] Saved TCP DL results to /data/data/com.termux/files/home/storage/shared/bos_la_2024_trip/verizon/20241107/103134235/tcp_downlink_103549257.out
[2024-11-07T10:35:55-0500] DL AVG TPUT: 
[2024-11-07T10:35:55-0500] 5G booster finished at 2024-11-07 10:35:55.367 EST, duration: 6.141 s
[2024-11-07T10:35:55-0500] -------------------------------
[2024-11-07T10:35:55-0500] Waiting for 2 s...
[2024-11-07T10:35:57-0500] -------------------------------
[2024-11-07T10:35:57-0500] ICMP Ping test started at 2024-11-07 10:35:57.512 EST
[2024-11-07T10:36:27-0500] Waiting for .863 s to reach end time
[2024-11-07T10:36:28-0500] Saved ping test to /data/data/com.termux/files/home/storage/shared/bos_la_2024_trip/verizon/20241107/103134235/icmp_ping_103557541.out
[2024-11-07T10:36:28-0500] Ping summary (min/avg/max/mdev) = 37.363/53.146/95.863/7.354 ms
[2024-11-07T10:36:28-0500] Ping test finished at 2024-11-07 10:36:28.617 EST, duration: 31.105 s
[2024-11-07T10:36:28-0500] -------------------------------
[2024-11-07T10:36:28-0500] Waiting for 2 s...
[2024-11-07T10:36:30-0500] -------------------------------
[2024-11-07T10:36:30-0500] Starting 5G booster for 5 s...
[2024-11-07T10:36:30-0500] 5G booster started at 2024-11-07 10:36:30.764 EST
[2024-11-07T10:36:36-0500] Current time exceeds end time, skipping wait
[2024-11-07T10:36:36-0500] Saved TCP DL results to /data/data/com.termux/files/home/storage/shared/bos_la_2024_trip/verizon/20241107/103134235/tcp_downlink_103630819.out
[2024-11-07T10:36:36-0500] DL AVG TPUT: 
[2024-11-07T10:36:36-0500] 5G booster finished at 2024-11-07 10:36:36.888 EST, duration: 6.124 s
[2024-11-07T10:36:36-0500] -------------------------------
[2024-11-07T10:36:36-0500] Waiting for 2 s...
[2024-11-07T10:36:38-0500] -------------------------------
[2024-11-07T10:36:39-0500] TCP Ping test started at 2024-11-07 10:36:38.999 EST
[2024-11-07T10:37:10-0500] Current time exceeds end time, skipping wait
[2024-11-07T10:37:10-0500] Saved TCP Ping test to /data/data/com.termux/files/home/storage/shared/bos_la_2024_trip/verizon/20241107/103134235/tcp_ping_103639038.out
[2024-11-07T10:37:10-0500] TCP Ping summary (min/avg/max/mdev) 
[2024-11-07T10:37:10-0500] TCP Ping test finished at 2024-11-07 10:37:10.169 EST, duration: 31.170 s
[2024-11-07T10:37:10-0500] -------------------------------
[2024-11-07T10:37:10-0500] Waiting for 2 s...
[2024-11-07T10:37:12-0500] -------------------------------
[2024-11-07T10:37:12-0500] Traceroute test started at 2024-11-07 10:37:12.344 EST
[2024-11-07T10:37:14-0500] Waiting for 28.127 s to reach end time
[2024-11-07T10:37:42-0500] Saved traceroute test to /data/data/com.termux/files/home/storage/shared/bos_la_2024_trip/verizon/20241107/103134235/traceroute_103712379.out
[2024-11-07T10:37:42-0500] Traceroute summary (min/avg/max/mdev) 
[2024-11-07T10:37:42-0500] Traceroute test finished at 2024-11-07 10:37:42.440 EST, duration: 30.096 s
[2024-11-07T10:37:42-0500] -------------------------------
[2024-11-07T10:37:42-0500] All tests completed, cleaning up...
[2024-11-07T10:37:42-0500] -------------------------------
[2024-11-07T10:38:47-0500] [measurement] Load environment variables from prod.env file
[2024-11-07T10:38:48-0500] [measurement] Load operator-specific env from verizon.env file
[2024-11-07T10:38:48-0500] Starting a network measurement, please choose a server
[2024-11-07T10:38:48-0500] 0) West Cloud: 54.176.53.206
[2024-11-07T10:38:48-0500] 1) East Cloud: 54.197.223.49
[2024-11-07T10:38:48-0500] 2) Los Angeles Wavelength: 161.188.33.234
[2024-11-07T10:38:48-0500] 3) Las Vegas Wavelength: 155.146.118.158
[2024-11-07T10:38:48-0500] 4) Denver Wavelength: 155.146.144.24
[2024-11-07T10:38:48-0500] 5) Chicago Wavelength: 155.146.180.31
[2024-11-07T10:38:48-0500] 6) Boston Wavelength: 155.146.11.34
[2024-11-07T10:39:08-0500] Enter your choice (0-6): Testing verizon, server 1 (ip: 54.197.223.49, nuttcp_port: 5101, iperf_port: 5001)
[2024-11-07T10:39:08-0500] -------------------------------
[2024-11-07T10:39:08-0500] tcp downlink test started at 2024-11-07 10:39:08.158 EST
[2024-11-07T10:39:08-0500] Testing tcp downlink with 54.197.223.49:5101, interval 0.5 s, duration 120 s, timeout 121 s...
[2024-11-07T10:41:09-0500] Current time exceeds end time, skipping wait
[2024-11-07T10:41:09-0500] Saved tcp downlink test to /data/data/com.termux/files/home/storage/shared/bos_la_2024_trip/verizon/20241107/103908134/tcp_downlink_103908181.out
[2024-11-07T10:41:09-0500] DL AVG TPUT: 
[2024-11-07T10:41:09-0500] tcp downlink test finished at 2024-11-07 10:41:09.304 EST, duration: 121.146 s
[2024-11-07T10:41:09-0500] -------------------------------
[2024-11-07T10:41:09-0500] Waiting for 2 s...
[2024-11-07T10:41:11-0500] -------------------------------
[2024-11-07T10:41:11-0500] Starting 5G booster for 5 s...
[2024-11-07T10:41:11-0500] 5G booster started at 2024-11-07 10:41:11.448 EST
[2024-11-07T10:41:17-0500] Current time exceeds end time, skipping wait
[2024-11-07T10:41:17-0500] Saved TCP DL results to /data/data/com.termux/files/home/storage/shared/bos_la_2024_trip/verizon/20241107/103908134/tcp_downlink_104111477.out
[2024-11-07T10:41:17-0500] DL AVG TPUT: 
[2024-11-07T10:41:17-0500] 5G booster finished at 2024-11-07 10:41:17.571 EST, duration: 6.123 s
[2024-11-07T10:41:17-0500] -------------------------------
[2024-11-07T10:41:17-0500] Waiting for 2 s...
[2024-11-07T10:41:19-0500] -------------------------------
[2024-11-07T10:41:19-0500] tcp uplink test started at 2024-11-07 10:41:19.690 EST
[2024-11-07T10:41:19-0500] testing tcp uplink with 54.197.223.49:5101, interval 0.5, duration 120, timeout 121 ...
[2024-11-07T10:43:20-0500] Current time exceeds end time, skipping wait
[2024-11-07T10:43:20-0500] Saved uplink test to /data/data/com.termux/files/home/storage/shared/bos_la_2024_trip/verizon/20241107/103908134/tcp_uplink_104119717.out
[2024-11-07T10:43:20-0500] UL AVG TPUT: 
[2024-11-07T10:43:20-0500] tcp uplink test finished at 2024-11-07 10:43:20.826 EST, duration: 121.136 s
[2024-11-07T10:43:20-0500] -------------------------------
[2024-11-07T10:43:20-0500] Waiting for 2 s...
[2024-11-07T10:43:22-0500] -------------------------------
[2024-11-07T10:43:22-0500] Starting 5G booster for 5 s...
[2024-11-07T10:43:22-0500] 5G booster started at 2024-11-07 10:43:22.973 EST
[2024-11-07T10:43:29-0500] Current time exceeds end time, skipping wait
[2024-11-07T10:43:29-0500] Saved TCP DL results to /data/data/com.termux/files/home/storage/shared/bos_la_2024_trip/verizon/20241107/103908134/tcp_downlink_104323002.out
[2024-11-07T10:43:29-0500] DL AVG TPUT: 
[2024-11-07T10:43:29-0500] 5G booster finished at 2024-11-07 10:43:29.121 EST, duration: 6.148 s
[2024-11-07T10:43:29-0500] -------------------------------
[2024-11-07T10:43:29-0500] Waiting for 2 s...
[2024-11-07T10:43:31-0500] -------------------------------
[2024-11-07T10:43:31-0500] ICMP Ping test started at 2024-11-07 10:43:31.219 EST
[2024-11-07T10:44:01-0500] Waiting for .870 s to reach end time
[2024-11-07T10:44:02-0500] Saved ping test to /data/data/com.termux/files/home/storage/shared/bos_la_2024_trip/verizon/20241107/103908134/icmp_ping_104331251.out
[2024-11-07T10:44:02-0500] Ping summary (min/avg/max/mdev) = 42.417/56.516/152.284/14.262 ms
[2024-11-07T10:44:02-0500] Ping test finished at 2024-11-07 10:44:02.312 EST, duration: 31.093 s
[2024-11-07T10:44:02-0500] -------------------------------
[2024-11-07T10:44:02-0500] Waiting for 2 s...
[2024-11-07T10:44:04-0500] -------------------------------
[2024-11-07T10:44:04-0500] Starting 5G booster for 5 s...
[2024-11-07T10:44:04-0500] 5G booster started at 2024-11-07 10:44:04.415 EST
[2024-11-07T10:44:10-0500] Current time exceeds end time, skipping wait
[2024-11-07T10:44:10-0500] Saved TCP DL results to /data/data/com.termux/files/home/storage/shared/bos_la_2024_trip/verizon/20241107/103908134/tcp_downlink_104404438.out
[2024-11-07T10:44:10-0500] DL AVG TPUT: 
[2024-11-07T10:44:10-0500] 5G booster finished at 2024-11-07 10:44:10.553 EST, duration: 6.138 s
[2024-11-07T10:44:10-0500] -------------------------------
[2024-11-07T10:44:10-0500] Waiting for 2 s...
[2024-11-07T10:44:12-0500] -------------------------------
[2024-11-07T10:44:12-0500] TCP Ping test started at 2024-11-07 10:44:12.681 EST
[2024-11-07T10:44:43-0500] Current time exceeds end time, skipping wait
[2024-11-07T10:44:43-0500] Saved TCP Ping test to /data/data/com.termux/files/home/storage/shared/bos_la_2024_trip/verizon/20241107/103908134/tcp_ping_104412706.out
[2024-11-07T10:44:43-0500] TCP Ping summary (min/avg/max/mdev) 
[2024-11-07T10:44:43-0500] TCP Ping test finished at 2024-11-07 10:44:43.775 EST, duration: 31.094 s
[2024-11-07T10:44:43-0500] -------------------------------
[2024-11-07T10:44:43-0500] Waiting for 2 s...
[2024-11-07T10:44:45-0500] -------------------------------
[2024-11-07T10:44:45-0500] Traceroute test started at 2024-11-07 10:44:45.874 EST
[2024-11-07T10:44:47-0500] Waiting for 28.588 s to reach end time
[2024-11-07T10:45:15-0500] Saved traceroute test to /data/data/com.termux/files/home/storage/shared/bos_la_2024_trip/verizon/20241107/103908134/traceroute_104445907.out
[2024-11-07T10:45:15-0500] Traceroute summary (min/avg/max/mdev) 
[2024-11-07T10:45:16-0500] Traceroute test finished at 2024-11-07 10:45:15.947 EST, duration: 30.073 s
[2024-11-07T10:45:16-0500] -------------------------------
[2024-11-07T10:45:16-0500] All tests completed, cleaning up...
[2024-11-07T10:45:16-0500] -------------------------------
[2024-11-07T10:45:40-0500] [measurement] Load environment variables from prod.env file
[2024-11-07T10:45:40-0500] [measurement] Load operator-specific env from verizon.env file
[2024-11-07T10:45:40-0500] Starting a network measurement, please choose a server
[2024-11-07T10:45:40-0500] 0) West Cloud: 54.176.53.206
[2024-11-07T10:45:40-0500] 1) East Cloud: 54.197.223.49
[2024-11-07T10:45:40-0500] 2) Los Angeles Wavelength: 161.188.33.234
[2024-11-07T10:45:40-0500] 3) Las Vegas Wavelength: 155.146.118.158
[2024-11-07T10:45:40-0500] 4) Denver Wavelength: 155.146.144.24
[2024-11-07T10:45:40-0500] 5) Chicago Wavelength: 155.146.180.31
[2024-11-07T10:45:40-0500] 6) Boston Wavelength: 155.146.11.34
[2024-11-07T10:45:46-0500] Enter your choice (0-6): Testing verizon, server 1 (ip: 54.197.223.49, nuttcp_port: 5101, iperf_port: 5001)
[2024-11-07T10:45:47-0500] -------------------------------
[2024-11-07T10:45:47-0500] tcp downlink test started at 2024-11-07 10:45:47.016 EST
[2024-11-07T10:45:47-0500] Testing tcp downlink with 54.197.223.49:5101, interval 0.5 s, duration 120 s, timeout 121 s...
[2024-11-07T10:47:48-0500] Current time exceeds end time, skipping wait
[2024-11-07T10:47:48-0500] Saved tcp downlink test to /data/data/com.termux/files/home/storage/shared/bos_la_2024_trip/verizon/20241107/104546997/tcp_downlink_104547046.out
[2024-11-07T10:47:48-0500] DL AVG TPUT: 
[2024-11-07T10:47:48-0500] tcp downlink test finished at 2024-11-07 10:47:48.156 EST, duration: 121.140 s
[2024-11-07T10:47:48-0500] -------------------------------
[2024-11-07T10:47:48-0500] Waiting for 2 s...
[2024-11-07T10:47:50-0500] -------------------------------
[2024-11-07T10:47:50-0500] Starting 5G booster for 5 s...
[2024-11-07T10:47:50-0500] 5G booster started at 2024-11-07 10:47:50.263 EST
[2024-11-07T10:47:56-0500] Current time exceeds end time, skipping wait
[2024-11-07T10:47:56-0500] Saved TCP DL results to /data/data/com.termux/files/home/storage/shared/bos_la_2024_trip/verizon/20241107/104546997/tcp_downlink_104750291.out
[2024-11-07T10:47:56-0500] DL AVG TPUT: 
[2024-11-07T10:47:56-0500] 5G booster finished at 2024-11-07 10:47:56.444 EST, duration: 6.181 s
[2024-11-07T10:47:56-0500] -------------------------------
[2024-11-07T10:47:56-0500] Waiting for 2 s...
[2024-11-07T10:47:58-0500] -------------------------------
[2024-11-07T10:47:58-0500] tcp uplink test started at 2024-11-07 10:47:58.650 EST
[2024-11-07T10:47:58-0500] testing tcp uplink with 54.197.223.49:5101, interval 0.5, duration 120, timeout 121 ...
[2024-11-07T10:49:59-0500] Current time exceeds end time, skipping wait
[2024-11-07T10:49:59-0500] Saved uplink test to /data/data/com.termux/files/home/storage/shared/bos_la_2024_trip/verizon/20241107/104546997/tcp_uplink_104758681.out
[2024-11-07T10:49:59-0500] UL AVG TPUT: 
[2024-11-07T10:49:59-0500] tcp uplink test finished at 2024-11-07 10:49:59.774 EST, duration: 121.124 s
[2024-11-07T10:49:59-0500] -------------------------------
[2024-11-07T10:49:59-0500] Waiting for 2 s...
[2024-11-07T10:50:01-0500] -------------------------------
[2024-11-07T10:50:01-0500] Starting 5G booster for 5 s...
[2024-11-07T10:50:01-0500] 5G booster started at 2024-11-07 10:50:01.930 EST
[2024-11-07T10:50:08-0500] Current time exceeds end time, skipping wait
[2024-11-07T10:50:08-0500] Saved TCP DL results to /data/data/com.termux/files/home/storage/shared/bos_la_2024_trip/verizon/20241107/104546997/tcp_downlink_105001970.out
[2024-11-07T10:50:08-0500] DL AVG TPUT: 
[2024-11-07T10:50:08-0500] 5G booster finished at 2024-11-07 10:50:08.099 EST, duration: 6.169 s
[2024-11-07T10:50:08-0500] -------------------------------
[2024-11-07T10:50:08-0500] Waiting for 2 s...
[2024-11-07T10:50:10-0500] -------------------------------
[2024-11-07T10:50:10-0500] ICMP Ping test started at 2024-11-07 10:50:10.221 EST
[2024-11-07T10:50:40-0500] Waiting for .843 s to reach end time
[2024-11-07T10:50:41-0500] Saved ping test to /data/data/com.termux/files/home/storage/shared/bos_la_2024_trip/verizon/20241107/104546997/icmp_ping_105010279.out
[2024-11-07T10:50:41-0500] Ping summary (min/avg/max/mdev) = 40.915/66.241/739.269/71.620 ms
[2024-11-07T10:50:41-0500] Ping test finished at 2024-11-07 10:50:41.337 EST, duration: 31.116 s
[2024-11-07T10:50:41-0500] -------------------------------
[2024-11-07T10:50:41-0500] Waiting for 2 s...
[2024-11-07T10:50:43-0500] -------------------------------
[2024-11-07T10:50:43-0500] Starting 5G booster for 5 s...
[2024-11-07T10:50:43-0500] 5G booster started at 2024-11-07 10:50:43.508 EST
[2024-11-07T10:50:49-0500] Current time exceeds end time, skipping wait
[2024-11-07T10:50:49-0500] Saved TCP DL results to /data/data/com.termux/files/home/storage/shared/bos_la_2024_trip/verizon/20241107/104546997/tcp_downlink_105043555.out
[2024-11-07T10:50:49-0500] DL AVG TPUT: 
[2024-11-07T10:50:49-0500] 5G booster finished at 2024-11-07 10:50:49.668 EST, duration: 6.160 s
[2024-11-07T10:50:49-0500] -------------------------------
[2024-11-07T10:50:49-0500] Waiting for 2 s...
[2024-11-07T10:50:51-0500] -------------------------------
[2024-11-07T10:50:51-0500] TCP Ping test started at 2024-11-07 10:50:51.787 EST
[2024-11-07T10:51:22-0500] Current time exceeds end time, skipping wait
[2024-11-07T10:51:22-0500] Saved TCP Ping test to /data/data/com.termux/files/home/storage/shared/bos_la_2024_trip/verizon/20241107/104546997/tcp_ping_105051822.out
[2024-11-07T10:51:22-0500] TCP Ping summary (min/avg/max/mdev) 
[2024-11-07T10:51:23-0500] TCP Ping test finished at 2024-11-07 10:51:22.933 EST, duration: 31.146 s
[2024-11-07T10:51:23-0500] -------------------------------
[2024-11-07T10:51:23-0500] Waiting for 2 s...
[2024-11-07T10:51:25-0500] -------------------------------
[2024-11-07T10:51:25-0500] Traceroute test started at 2024-11-07 10:51:25.055 EST
[2024-11-07T10:51:26-0500] Waiting for 28.806 s to reach end time
[2024-11-07T10:51:55-0500] Saved traceroute test to /data/data/com.termux/files/home/storage/shared/bos_la_2024_trip/verizon/20241107/104546997/traceroute_105125134.out
[2024-11-07T10:51:55-0500] Traceroute summary (min/avg/max/mdev) 
[2024-11-07T10:51:55-0500] Traceroute test finished at 2024-11-07 10:51:55.138 EST, duration: 30.083 s
[2024-11-07T10:51:55-0500] -------------------------------
[2024-11-07T10:51:55-0500] All tests completed, cleaning up...
[2024-11-07T10:51:55-0500] -------------------------------
[2024-11-07T10:52:19-0500] [measurement] Load environment variables from prod.env file
[2024-11-07T10:52:19-0500] [measurement] Load operator-specific env from verizon.env file
[2024-11-07T10:52:19-0500] Starting a network measurement, please choose a server
[2024-11-07T10:52:19-0500] 0) West Cloud: 54.176.53.206
[2024-11-07T10:52:19-0500] 1) East Cloud: 54.197.223.49
[2024-11-07T10:52:19-0500] 2) Los Angeles Wavelength: 161.188.33.234
[2024-11-07T10:52:19-0500] 3) Las Vegas Wavelength: 155.146.118.158
[2024-11-07T10:52:19-0500] 4) Denver Wavelength: 155.146.144.24
[2024-11-07T10:52:19-0500] 5) Chicago Wavelength: 155.146.180.31
[2024-11-07T10:52:19-0500] 6) Boston Wavelength: 155.146.11.34
[2024-11-07T10:52:27-0500] Enter your choice (0-6): Testing verizon, server 1 (ip: 54.197.223.49, nuttcp_port: 5101, iperf_port: 5001)
[2024-11-07T10:52:27-0500] -------------------------------
[2024-11-07T10:52:27-0500] tcp downlink test started at 2024-11-07 10:52:27.458 EST
[2024-11-07T10:52:27-0500] Testing tcp downlink with 54.197.223.49:5101, interval 0.5 s, duration 120 s, timeout 121 s...
[2024-11-07T10:54:28-0500] Current time exceeds end time, skipping wait
[2024-11-07T10:54:28-0500] Saved tcp downlink test to /data/data/com.termux/files/home/storage/shared/bos_la_2024_trip/verizon/20241107/105227439/tcp_downlink_105227488.out
[2024-11-07T10:54:28-0500] DL AVG TPUT: 
[2024-11-07T10:54:28-0500] tcp downlink test finished at 2024-11-07 10:54:28.601 EST, duration: 121.143 s
[2024-11-07T10:54:28-0500] -------------------------------
[2024-11-07T10:54:28-0500] Waiting for 2 s...
[2024-11-07T10:54:30-0500] -------------------------------
[2024-11-07T10:54:30-0500] Starting 5G booster for 5 s...
[2024-11-07T10:54:30-0500] 5G booster started at 2024-11-07 10:54:30.740 EST
[2024-11-07T10:54:36-0500] Current time exceeds end time, skipping wait
[2024-11-07T10:54:36-0500] Saved TCP DL results to /data/data/com.termux/files/home/storage/shared/bos_la_2024_trip/verizon/20241107/105227439/tcp_downlink_105430767.out
[2024-11-07T10:54:36-0500] DL AVG TPUT: 
[2024-11-07T10:54:37-0500] 5G booster finished at 2024-11-07 10:54:36.904 EST, duration: 6.164 s
[2024-11-07T10:54:37-0500] -------------------------------
[2024-11-07T10:54:37-0500] Waiting for 2 s...
[2024-11-07T10:54:39-0500] -------------------------------
[2024-11-07T10:54:39-0500] tcp uplink test started at 2024-11-07 10:54:39.042 EST
[2024-11-07T10:54:39-0500] testing tcp uplink with 54.197.223.49:5101, interval 0.5, duration 120, timeout 121 ...
[2024-11-07T10:56:40-0500] Current time exceeds end time, skipping wait
[2024-11-07T10:56:40-0500] Saved uplink test to /data/data/com.termux/files/home/storage/shared/bos_la_2024_trip/verizon/20241107/105227439/tcp_uplink_105439078.out
[2024-11-07T10:56:40-0500] UL AVG TPUT: 
[2024-11-07T10:56:40-0500] tcp uplink test finished at 2024-11-07 10:56:40.194 EST, duration: 121.152 s
[2024-11-07T10:56:40-0500] -------------------------------
[2024-11-07T10:56:40-0500] Waiting for 2 s...
[2024-11-07T10:56:42-0500] -------------------------------
[2024-11-07T10:56:42-0500] Starting 5G booster for 5 s...
[2024-11-07T10:56:42-0500] 5G booster started at 2024-11-07 10:56:42.359 EST
[2024-11-07T10:56:48-0500] Current time exceeds end time, skipping wait
[2024-11-07T10:56:48-0500] Saved TCP DL results to /data/data/com.termux/files/home/storage/shared/bos_la_2024_trip/verizon/20241107/105227439/tcp_downlink_105642439.out
[2024-11-07T10:56:48-0500] DL AVG TPUT: 
[2024-11-07T10:56:48-0500] 5G booster finished at 2024-11-07 10:56:48.570 EST, duration: 6.211 s
[2024-11-07T10:56:48-0500] -------------------------------
[2024-11-07T10:56:48-0500] Waiting for 2 s...
[2024-11-07T10:56:50-0500] -------------------------------
[2024-11-07T10:56:50-0500] ICMP Ping test started at 2024-11-07 10:56:50.736 EST
[2024-11-07T10:57:20-0500] Waiting for .822 s to reach end time
[2024-11-07T10:57:21-0500] Saved ping test to /data/data/com.termux/files/home/storage/shared/bos_la_2024_trip/verizon/20241107/105227439/icmp_ping_105650783.out
[2024-11-07T10:57:21-0500] Ping summary (min/avg/max/mdev) = 40.471/50.449/91.745/5.183 ms
[2024-11-07T10:57:21-0500] Ping test finished at 2024-11-07 10:57:21.852 EST, duration: 31.116 s
[2024-11-07T10:57:21-0500] -------------------------------
[2024-11-07T10:57:21-0500] Waiting for 2 s...
[2024-11-07T10:57:23-0500] -------------------------------
[2024-11-07T10:57:23-0500] Starting 5G booster for 5 s...
[2024-11-07T10:57:24-0500] 5G booster started at 2024-11-07 10:57:24.027 EST
[2024-11-07T10:57:30-0500] Current time exceeds end time, skipping wait
[2024-11-07T10:57:30-0500] Saved TCP DL results to /data/data/com.termux/files/home/storage/shared/bos_la_2024_trip/verizon/20241107/105227439/tcp_downlink_105724076.out
[2024-11-07T10:57:30-0500] DL AVG TPUT: 
[2024-11-07T10:57:30-0500] 5G booster finished at 2024-11-07 10:57:30.168 EST, duration: 6.141 s
[2024-11-07T10:57:30-0500] -------------------------------
[2024-11-07T10:57:30-0500] Waiting for 2 s...
[2024-11-07T10:57:32-0500] -------------------------------
[2024-11-07T10:57:32-0500] TCP Ping test started at 2024-11-07 10:57:32.321 EST
[2024-11-07T10:58:03-0500] Current time exceeds end time, skipping wait
[2024-11-07T10:58:03-0500] Saved TCP Ping test to /data/data/com.termux/files/home/storage/shared/bos_la_2024_trip/verizon/20241107/105227439/tcp_ping_105732357.out
[2024-11-07T10:58:03-0500] TCP Ping summary (min/avg/max/mdev) 
[2024-11-07T10:58:03-0500] TCP Ping test finished at 2024-11-07 10:58:03.469 EST, duration: 31.148 s
[2024-11-07T10:58:03-0500] -------------------------------
[2024-11-07T10:58:03-0500] Waiting for 2 s...
[2024-11-07T10:58:05-0500] -------------------------------
[2024-11-07T10:58:05-0500] Traceroute test started at 2024-11-07 10:58:05.632 EST
[2024-11-07T10:58:06-0500] Waiting for 28.763 s to reach end time
[2024-11-07T10:58:35-0500] Saved traceroute test to /data/data/com.termux/files/home/storage/shared/bos_la_2024_trip/verizon/20241107/105227439/traceroute_105805678.out
[2024-11-07T10:58:35-0500] Traceroute summary (min/avg/max/mdev) 
[2024-11-07T10:58:35-0500] Traceroute test finished at 2024-11-07 10:58:35.728 EST, duration: 30.096 s
[2024-11-07T10:58:35-0500] -------------------------------
[2024-11-07T10:58:35-0500] All tests completed, cleaning up...
[2024-11-07T10:58:35-0500] -------------------------------
[2024-11-07T10:59:23-0500] [measurement] Load environment variables from prod.env file
[2024-11-07T10:59:23-0500] [measurement] Load operator-specific env from verizon.env file
[2024-11-07T10:59:23-0500] Starting a network measurement, please choose a server
[2024-11-07T10:59:23-0500] 0) West Cloud: 54.176.53.206
[2024-11-07T10:59:23-0500] 1) East Cloud: 54.197.223.49
[2024-11-07T10:59:23-0500] 2) Los Angeles Wavelength: 161.188.33.234
[2024-11-07T10:59:23-0500] 3) Las Vegas Wavelength: 155.146.118.158
[2024-11-07T10:59:23-0500] 4) Denver Wavelength: 155.146.144.24
[2024-11-07T10:59:23-0500] 5) Chicago Wavelength: 155.146.180.31
[2024-11-07T10:59:23-0500] 6) Boston Wavelength: 155.146.11.34
[2024-11-07T10:59:43-0500] Enter your choice (0-6): Testing verizon, server 1 (ip: 54.197.223.49, nuttcp_port: 5101, iperf_port: 5001)
[2024-11-07T10:59:43-0500] -------------------------------
[2024-11-07T10:59:43-0500] tcp downlink test started at 2024-11-07 10:59:43.592 EST
[2024-11-07T10:59:43-0500] Testing tcp downlink with 54.197.223.49:5101, interval 0.5 s, duration 120 s, timeout 121 s...
[2024-11-07T11:01:44-0500] Current time exceeds end time, skipping wait
[2024-11-07T11:01:44-0500] Saved tcp downlink test to /data/data/com.termux/files/home/storage/shared/bos_la_2024_trip/verizon/20241107/105943576/tcp_downlink_105943614.out
[2024-11-07T11:01:44-0500] DL AVG TPUT: 
[2024-11-07T11:01:44-0500] tcp downlink test finished at 2024-11-07 11:01:44.685 EST, duration: 121.093 s
[2024-11-07T11:01:44-0500] -------------------------------
[2024-11-07T11:01:44-0500] Waiting for 2 s...
[2024-11-07T11:01:46-0500] -------------------------------
[2024-11-07T11:01:46-0500] Starting 5G booster for 5 s...
[2024-11-07T11:01:46-0500] 5G booster started at 2024-11-07 11:01:46.783 EST
[2024-11-07T11:01:52-0500] Current time exceeds end time, skipping wait
[2024-11-07T11:01:52-0500] Saved TCP DL results to /data/data/com.termux/files/home/storage/shared/bos_la_2024_trip/verizon/20241107/105943576/tcp_downlink_110146809.out
[2024-11-07T11:01:52-0500] DL AVG TPUT: 
[2024-11-07T11:01:52-0500] 5G booster finished at 2024-11-07 11:01:52.891 EST, duration: 6.108 s
[2024-11-07T11:01:52-0500] -------------------------------
[2024-11-07T11:01:52-0500] Waiting for 2 s...
[2024-11-07T11:01:54-0500] -------------------------------
[2024-11-07T11:01:55-0500] tcp uplink test started at 2024-11-07 11:01:54.997 EST
[2024-11-07T11:01:55-0500] testing tcp uplink with 54.197.223.49:5101, interval 0.5, duration 120, timeout 121 ...
[2024-11-07T11:03:56-0500] Current time exceeds end time, skipping wait
[2024-11-07T11:03:56-0500] Saved uplink test to /data/data/com.termux/files/home/storage/shared/bos_la_2024_trip/verizon/20241107/105943576/tcp_uplink_110155022.out
[2024-11-07T11:03:56-0500] UL AVG TPUT: 
[2024-11-07T11:03:56-0500] tcp uplink test finished at 2024-11-07 11:03:56.112 EST, duration: 121.115 s
[2024-11-07T11:03:56-0500] -------------------------------
[2024-11-07T11:03:56-0500] Waiting for 2 s...
[2024-11-07T11:03:58-0500] -------------------------------
[2024-11-07T11:03:58-0500] Starting 5G booster for 5 s...
[2024-11-07T11:03:58-0500] 5G booster started at 2024-11-07 11:03:58.239 EST
[2024-11-07T11:04:04-0500] Current time exceeds end time, skipping wait
[2024-11-07T11:04:04-0500] Saved TCP DL results to /data/data/com.termux/files/home/storage/shared/bos_la_2024_trip/verizon/20241107/105943576/tcp_downlink_110358288.out
[2024-11-07T11:04:04-0500] DL AVG TPUT: 
[2024-11-07T11:04:04-0500] 5G booster finished at 2024-11-07 11:04:04.400 EST, duration: 6.161 s
[2024-11-07T11:04:04-0500] -------------------------------
[2024-11-07T11:04:04-0500] Waiting for 2 s...
[2024-11-07T11:04:06-0500] -------------------------------
[2024-11-07T11:04:06-0500] ICMP Ping test started at 2024-11-07 11:04:06.555 EST
[2024-11-07T11:04:36-0500] Waiting for .847 s to reach end time
[2024-11-07T11:04:37-0500] Saved ping test to /data/data/com.termux/files/home/storage/shared/bos_la_2024_trip/verizon/20241107/105943576/icmp_ping_110406605.out
[2024-11-07T11:04:37-0500] Ping summary (min/avg/max/mdev) = 46.099/59.084/266.698/22.829 ms
[2024-11-07T11:04:37-0500] Ping test finished at 2024-11-07 11:04:37.662 EST, duration: 31.107 s
[2024-11-07T11:04:37-0500] -------------------------------
[2024-11-07T11:04:37-0500] Waiting for 2 s...
[2024-11-07T11:04:39-0500] -------------------------------
[2024-11-07T11:04:39-0500] Starting 5G booster for 5 s...
[2024-11-07T11:04:39-0500] 5G booster started at 2024-11-07 11:04:39.794 EST
[2024-11-07T11:04:45-0500] Current time exceeds end time, skipping wait
[2024-11-07T11:04:45-0500] Saved TCP DL results to /data/data/com.termux/files/home/storage/shared/bos_la_2024_trip/verizon/20241107/105943576/tcp_downlink_110439835.out
[2024-11-07T11:04:45-0500] DL AVG TPUT: 
[2024-11-07T11:04:46-0500] 5G booster finished at 2024-11-07 11:04:45.931 EST, duration: 6.137 s
[2024-11-07T11:04:46-0500] -------------------------------
[2024-11-07T11:04:46-0500] Waiting for 2 s...
[2024-11-07T11:04:48-0500] -------------------------------
[2024-11-07T11:04:48-0500] TCP Ping test started at 2024-11-07 11:04:48.057 EST
[2024-11-07T11:05:19-0500] Current time exceeds end time, skipping wait
[2024-11-07T11:05:19-0500] Saved TCP Ping test to /data/data/com.termux/files/home/storage/shared/bos_la_2024_trip/verizon/20241107/105943576/tcp_ping_110448120.out
[2024-11-07T11:05:19-0500] TCP Ping summary (min/avg/max/mdev) 
[2024-11-07T11:05:19-0500] TCP Ping test finished at 2024-11-07 11:05:19.283 EST, duration: 31.226 s
[2024-11-07T11:05:19-0500] -------------------------------
[2024-11-07T11:05:19-0500] Waiting for 2 s...
[2024-11-07T11:05:21-0500] -------------------------------
[2024-11-07T11:05:21-0500] Traceroute test started at 2024-11-07 11:05:21.417 EST
[2024-11-07T11:05:23-0500] Waiting for 28.186 s to reach end time
[2024-11-07T11:05:51-0500] Saved traceroute test to /data/data/com.termux/files/home/storage/shared/bos_la_2024_trip/verizon/20241107/105943576/traceroute_110521467.out
[2024-11-07T11:05:51-0500] Traceroute summary (min/avg/max/mdev) 
[2024-11-07T11:05:51-0500] Traceroute test finished at 2024-11-07 11:05:51.489 EST, duration: 30.072 s
[2024-11-07T11:05:51-0500] -------------------------------
[2024-11-07T11:05:51-0500] All tests completed, cleaning up...
[2024-11-07T11:05:51-0500] -------------------------------
[2024-11-07T11:06:20-0500] [measurement] Load environment variables from prod.env file
[2024-11-07T11:06:20-0500] [measurement] Load operator-specific env from verizon.env file
[2024-11-07T11:06:20-0500] Starting a network measurement, please choose a server
[2024-11-07T11:06:20-0500] 0) West Cloud: 54.176.53.206
[2024-11-07T11:06:20-0500] 1) East Cloud: 54.197.223.49
[2024-11-07T11:06:20-0500] 2) Los Angeles Wavelength: 161.188.33.234
[2024-11-07T11:06:20-0500] 3) Las Vegas Wavelength: 155.146.118.158
[2024-11-07T11:06:20-0500] 4) Denver Wavelength: 155.146.144.24
[2024-11-07T11:06:20-0500] 5) Chicago Wavelength: 155.146.180.31
[2024-11-07T11:06:20-0500] 6) Boston Wavelength: 155.146.11.34
[2024-11-07T11:06:25-0500] Enter your choice (0-6): Testing verizon, server 1 (ip: 54.197.223.49, nuttcp_port: 5101, iperf_port: 5001)
[2024-11-07T11:06:25-0500] -------------------------------
[2024-11-07T11:06:25-0500] tcp downlink test started at 2024-11-07 11:06:25.902 EST
[2024-11-07T11:06:25-0500] Testing tcp downlink with 54.197.223.49:5101, interval 0.5 s, duration 120 s, timeout 121 s...
[2024-11-07T11:08:26-0500] Current time exceeds end time, skipping wait
[2024-11-07T11:08:27-0500] Saved tcp downlink test to /data/data/com.termux/files/home/storage/shared/bos_la_2024_trip/verizon/20241107/110625885/tcp_downlink_110625927.out
[2024-11-07T11:08:27-0500] DL AVG TPUT: 
[2024-11-07T11:08:27-0500] tcp downlink test finished at 2024-11-07 11:08:27.008 EST, duration: 121.106 s
[2024-11-07T11:08:27-0500] -------------------------------
[2024-11-07T11:08:27-0500] Waiting for 2 s...
[2024-11-07T11:08:29-0500] -------------------------------
[2024-11-07T11:08:29-0500] Starting 5G booster for 5 s...
[2024-11-07T11:08:29-0500] 5G booster started at 2024-11-07 11:08:29.129 EST
[2024-11-07T11:08:35-0500] Current time exceeds end time, skipping wait
[2024-11-07T11:08:35-0500] Saved TCP DL results to /data/data/com.termux/files/home/storage/shared/bos_la_2024_trip/verizon/20241107/110625885/tcp_downlink_110829161.out
[2024-11-07T11:08:35-0500] DL AVG TPUT: 
[2024-11-07T11:08:35-0500] 5G booster finished at 2024-11-07 11:08:35.282 EST, duration: 6.153 s
[2024-11-07T11:08:35-0500] -------------------------------
[2024-11-07T11:08:35-0500] Waiting for 2 s...
[2024-11-07T11:08:37-0500] -------------------------------
[2024-11-07T11:08:37-0500] tcp uplink test started at 2024-11-07 11:08:37.409 EST
[2024-11-07T11:08:37-0500] testing tcp uplink with 54.197.223.49:5101, interval 0.5, duration 120, timeout 121 ...
[2024-11-07T11:10:38-0500] Current time exceeds end time, skipping wait
[2024-11-07T11:10:38-0500] Saved uplink test to /data/data/com.termux/files/home/storage/shared/bos_la_2024_trip/verizon/20241107/110625885/tcp_uplink_110837461.out
[2024-11-07T11:10:38-0500] UL AVG TPUT: 
[2024-11-07T11:10:38-0500] tcp uplink test finished at 2024-11-07 11:10:38.550 EST, duration: 121.141 s
[2024-11-07T11:10:38-0500] -------------------------------
[2024-11-07T11:10:38-0500] Waiting for 2 s...
[2024-11-07T11:10:40-0500] -------------------------------
[2024-11-07T11:10:40-0500] Starting 5G booster for 5 s...
[2024-11-07T11:10:40-0500] 5G booster started at 2024-11-07 11:10:40.686 EST
[2024-11-07T11:10:46-0500] Current time exceeds end time, skipping wait
[2024-11-07T11:10:46-0500] Saved TCP DL results to /data/data/com.termux/files/home/storage/shared/bos_la_2024_trip/verizon/20241107/110625885/tcp_downlink_111040733.out
[2024-11-07T11:10:46-0500] DL AVG TPUT: 
[2024-11-07T11:10:46-0500] 5G booster finished at 2024-11-07 11:10:46.830 EST, duration: 6.144 s
[2024-11-07T11:10:46-0500] -------------------------------
[2024-11-07T11:10:46-0500] Waiting for 2 s...
[2024-11-07T11:10:48-0500] -------------------------------
[2024-11-07T11:10:48-0500] ICMP Ping test started at 2024-11-07 11:10:48.965 EST
[2024-11-07T11:11:19-0500] Waiting for .896 s to reach end time
[2024-11-07T11:11:20-0500] Saved ping test to /data/data/com.termux/files/home/storage/shared/bos_la_2024_trip/verizon/20241107/110625885/icmp_ping_111049002.out
[2024-11-07T11:11:20-0500] Ping summary (min/avg/max/mdev) = 43.601/56.908/144.516/9.957 ms
[2024-11-07T11:11:20-0500] Ping test finished at 2024-11-07 11:11:20.057 EST, duration: 31.092 s
[2024-11-07T11:11:20-0500] -------------------------------
[2024-11-07T11:11:20-0500] Waiting for 2 s...
[2024-11-07T11:11:22-0500] -------------------------------
[2024-11-07T11:11:22-0500] Starting 5G booster for 5 s...
[2024-11-07T11:11:22-0500] 5G booster started at 2024-11-07 11:11:22.186 EST
[2024-11-07T11:11:28-0500] Current time exceeds end time, skipping wait
[2024-11-07T11:11:28-0500] Saved TCP DL results to /data/data/com.termux/files/home/storage/shared/bos_la_2024_trip/verizon/20241107/110625885/tcp_downlink_111122236.out
[2024-11-07T11:11:28-0500] DL AVG TPUT: 
[2024-11-07T11:11:28-0500] 5G booster finished at 2024-11-07 11:11:28.325 EST, duration: 6.139 s
[2024-11-07T11:11:28-0500] -------------------------------
[2024-11-07T11:11:28-0500] Waiting for 2 s...
[2024-11-07T11:11:30-0500] -------------------------------
[2024-11-07T11:11:30-0500] TCP Ping test started at 2024-11-07 11:11:30.454 EST
[2024-11-07T11:12:01-0500] Current time exceeds end time, skipping wait
[2024-11-07T11:12:01-0500] Saved TCP Ping test to /data/data/com.termux/files/home/storage/shared/bos_la_2024_trip/verizon/20241107/110625885/tcp_ping_111130494.out
[2024-11-07T11:12:01-0500] TCP Ping summary (min/avg/max/mdev) 
[2024-11-07T11:12:01-0500] TCP Ping test finished at 2024-11-07 11:12:01.644 EST, duration: 31.190 s
[2024-11-07T11:12:01-0500] -------------------------------
[2024-11-07T11:12:01-0500] Waiting for 2 s...
[2024-11-07T11:12:03-0500] -------------------------------
[2024-11-07T11:12:03-0500] Traceroute test started at 2024-11-07 11:12:03.814 EST
[2024-11-07T11:12:05-0500] Waiting for 28.434 s to reach end time
[2024-11-07T11:12:33-0500] Saved traceroute test to /data/data/com.termux/files/home/storage/shared/bos_la_2024_trip/verizon/20241107/110625885/traceroute_111203845.out
[2024-11-07T11:12:33-0500] Traceroute summary (min/avg/max/mdev) 
[2024-11-07T11:12:33-0500] Traceroute test finished at 2024-11-07 11:12:33.923 EST, duration: 30.109 s
[2024-11-07T11:12:33-0500] -------------------------------
[2024-11-07T11:12:33-0500] All tests completed, cleaning up...
[2024-11-07T11:12:33-0500] -------------------------------
[2024-11-07T11:13:07-0500] [measurement] Load environment variables from prod.env file
[2024-11-07T11:13:07-0500] [measurement] Load operator-specific env from verizon.env file
[2024-11-07T11:13:07-0500] Starting a network measurement, please choose a server
[2024-11-07T11:13:07-0500] 0) West Cloud: 54.176.53.206
[2024-11-07T11:13:07-0500] 1) East Cloud: 54.197.223.49
[2024-11-07T11:13:07-0500] 2) Los Angeles Wavelength: 161.188.33.234
[2024-11-07T11:13:07-0500] 3) Las Vegas Wavelength: 155.146.118.158
[2024-11-07T11:13:07-0500] 4) Denver Wavelength: 155.146.144.24
[2024-11-07T11:13:07-0500] 5) Chicago Wavelength: 155.146.180.31
[2024-11-07T11:13:07-0500] 6) Boston Wavelength: 155.146.11.34
[2024-11-07T11:13:16-0500] Enter your choice (0-6): Testing verizon, server 1 (ip: 54.197.223.49, nuttcp_port: 5101, iperf_port: 5001)
[2024-11-07T11:13:16-0500] -------------------------------
[2024-11-07T11:13:16-0500] tcp downlink test started at 2024-11-07 11:13:16.469 EST
[2024-11-07T11:13:16-0500] Testing tcp downlink with 54.197.223.49:5101, interval 0.5 s, duration 120 s, timeout 121 s...
[2024-11-07T11:15:17-0500] Current time exceeds end time, skipping wait
[2024-11-07T11:15:17-0500] Saved tcp downlink test to /data/data/com.termux/files/home/storage/shared/bos_la_2024_trip/verizon/20241107/111316447/tcp_downlink_111316498.out
[2024-11-07T11:15:17-0500] DL AVG TPUT: 
[2024-11-07T11:15:17-0500] tcp downlink test finished at 2024-11-07 11:15:17.616 EST, duration: 121.147 s
[2024-11-07T11:15:17-0500] -------------------------------
[2024-11-07T11:15:17-0500] Waiting for 2 s...
[2024-11-07T11:15:19-0500] -------------------------------
[2024-11-07T11:15:19-0500] Starting 5G booster for 5 s...
[2024-11-07T11:15:19-0500] 5G booster started at 2024-11-07 11:15:19.780 EST
[2024-11-07T11:15:25-0500] Current time exceeds end time, skipping wait
[2024-11-07T11:15:25-0500] Saved TCP DL results to /data/data/com.termux/files/home/storage/shared/bos_la_2024_trip/verizon/20241107/111316447/tcp_downlink_111519819.out
[2024-11-07T11:15:25-0500] DL AVG TPUT: 
[2024-11-07T11:15:26-0500] 5G booster finished at 2024-11-07 11:15:25.956 EST, duration: 6.176 s
[2024-11-07T11:15:26-0500] -------------------------------
[2024-11-07T11:15:26-0500] Waiting for 2 s...
[2024-11-07T11:15:28-0500] -------------------------------
[2024-11-07T11:15:28-0500] tcp uplink test started at 2024-11-07 11:15:28.072 EST
[2024-11-07T11:15:28-0500] testing tcp uplink with 54.197.223.49:5101, interval 0.5, duration 120, timeout 121 ...
[2024-11-07T11:17:29-0500] Current time exceeds end time, skipping wait
[2024-11-07T11:17:29-0500] Saved uplink test to /data/data/com.termux/files/home/storage/shared/bos_la_2024_trip/verizon/20241107/111316447/tcp_uplink_111528104.out
[2024-11-07T11:17:29-0500] UL AVG TPUT: 
[2024-11-07T11:17:29-0500] tcp uplink test finished at 2024-11-07 11:17:29.199 EST, duration: 121.127 s
[2024-11-07T11:17:29-0500] -------------------------------
[2024-11-07T11:17:29-0500] Waiting for 2 s...
[2024-11-07T11:17:31-0500] -------------------------------
[2024-11-07T11:17:31-0500] Starting 5G booster for 5 s...
[2024-11-07T11:17:31-0500] 5G booster started at 2024-11-07 11:17:31.365 EST
[2024-11-07T11:17:37-0500] Current time exceeds end time, skipping wait
[2024-11-07T11:17:37-0500] Saved TCP DL results to /data/data/com.termux/files/home/storage/shared/bos_la_2024_trip/verizon/20241107/111316447/tcp_downlink_111731417.out
[2024-11-07T11:17:37-0500] DL AVG TPUT: 
[2024-11-07T11:17:37-0500] 5G booster finished at 2024-11-07 11:17:37.570 EST, duration: 6.205 s
[2024-11-07T11:17:37-0500] -------------------------------
[2024-11-07T11:17:37-0500] Waiting for 2 s...
[2024-11-07T11:17:39-0500] -------------------------------
[2024-11-07T11:17:39-0500] ICMP Ping test started at 2024-11-07 11:17:39.725 EST
[2024-11-07T11:18:09-0500] Waiting for .829 s to reach end time
[2024-11-07T11:18:10-0500] Saved ping test to /data/data/com.termux/files/home/storage/shared/bos_la_2024_trip/verizon/20241107/111316447/icmp_ping_111739769.out
[2024-11-07T11:18:10-0500] Ping summary (min/avg/max/mdev) = 50.094/62.870/80.067/5.190 ms
[2024-11-07T11:18:10-0500] Ping test finished at 2024-11-07 11:18:10.849 EST, duration: 31.124 s
[2024-11-07T11:18:10-0500] -------------------------------
[2024-11-07T11:18:10-0500] Waiting for 2 s...
[2024-11-07T11:18:12-0500] -------------------------------
[2024-11-07T11:18:12-0500] Starting 5G booster for 5 s...
[2024-11-07T11:18:13-0500] 5G booster started at 2024-11-07 11:18:12.980 EST
[2024-11-07T11:18:19-0500] Current time exceeds end time, skipping wait
[2024-11-07T11:18:19-0500] Saved TCP DL results to /data/data/com.termux/files/home/storage/shared/bos_la_2024_trip/verizon/20241107/111316447/tcp_downlink_111813017.out
[2024-11-07T11:18:19-0500] DL AVG TPUT: 
[2024-11-07T11:18:19-0500] 5G booster finished at 2024-11-07 11:18:19.154 EST, duration: 6.174 s
[2024-11-07T11:18:19-0500] -------------------------------
[2024-11-07T11:18:19-0500] Waiting for 2 s...
[2024-11-07T11:18:21-0500] -------------------------------
[2024-11-07T11:18:21-0500] TCP Ping test started at 2024-11-07 11:18:21.287 EST
[2024-11-07T11:18:52-0500] Current time exceeds end time, skipping wait
[2024-11-07T11:18:52-0500] Saved TCP Ping test to /data/data/com.termux/files/home/storage/shared/bos_la_2024_trip/verizon/20241107/111316447/tcp_ping_111821344.out
[2024-11-07T11:18:52-0500] TCP Ping summary (min/avg/max/mdev) 
[2024-11-07T11:18:52-0500] TCP Ping test finished at 2024-11-07 11:18:52.473 EST, duration: 31.186 s
[2024-11-07T11:18:52-0500] -------------------------------
[2024-11-07T11:18:52-0500] Waiting for 2 s...
[2024-11-07T11:18:54-0500] -------------------------------
[2024-11-07T11:18:54-0500] Traceroute test started at 2024-11-07 11:18:54.593 EST
[2024-11-07T11:18:55-0500] Waiting for 28.830 s to reach end time
[2024-11-07T11:19:24-0500] Saved traceroute test to /data/data/com.termux/files/home/storage/shared/bos_la_2024_trip/verizon/20241107/111316447/traceroute_111854624.out
[2024-11-07T11:19:24-0500] Traceroute summary (min/avg/max/mdev) 
[2024-11-07T11:19:24-0500] Traceroute test finished at 2024-11-07 11:19:24.686 EST, duration: 30.093 s
[2024-11-07T11:19:24-0500] -------------------------------
[2024-11-07T11:19:24-0500] All tests completed, cleaning up...
[2024-11-07T11:19:24-0500] -------------------------------
[2024-11-07T11:20:22-0500] [measurement] Load environment variables from prod.env file
[2024-11-07T11:20:22-0500] [measurement] Load operator-specific env from verizon.env file
[2024-11-07T11:20:22-0500] Starting a network measurement, please choose a server
[2024-11-07T11:20:22-0500] 0) West Cloud: 54.176.53.206
[2024-11-07T11:20:22-0500] 1) East Cloud: 54.197.223.49
[2024-11-07T11:20:22-0500] 2) Los Angeles Wavelength: 161.188.33.234
[2024-11-07T11:20:22-0500] 3) Las Vegas Wavelength: 155.146.118.158
[2024-11-07T11:20:22-0500] 4) Denver Wavelength: 155.146.144.24
[2024-11-07T11:20:22-0500] 5) Chicago Wavelength: 155.146.180.31
[2024-11-07T11:20:22-0500] 6) Boston Wavelength: 155.146.11.34
[2024-11-07T11:20:39-0500] Enter your choice (0-6): Testing verizon, server 1 (ip: 54.197.223.49, nuttcp_port: 5101, iperf_port: 5001)
[2024-11-07T11:20:39-0500] -------------------------------
[2024-11-07T11:20:39-0500] tcp downlink test started at 2024-11-07 11:20:39.218 EST
[2024-11-07T11:20:39-0500] Testing tcp downlink with 54.197.223.49:5101, interval 0.5 s, duration 120 s, timeout 121 s...
[2024-11-07T11:22:40-0500] Current time exceeds end time, skipping wait
[2024-11-07T11:22:40-0500] Saved tcp downlink test to /data/data/com.termux/files/home/storage/shared/bos_la_2024_trip/verizon/20241107/112039198/tcp_downlink_112039240.out
[2024-11-07T11:22:40-0500] DL AVG TPUT: 
[2024-11-07T11:22:40-0500] tcp downlink test finished at 2024-11-07 11:22:40.378 EST, duration: 121.160 s
[2024-11-07T11:22:40-0500] -------------------------------
[2024-11-07T11:22:40-0500] Waiting for 2 s...
[2024-11-07T11:22:42-0500] -------------------------------
[2024-11-07T11:22:42-0500] Starting 5G booster for 5 s...
[2024-11-07T11:22:42-0500] 5G booster started at 2024-11-07 11:22:42.549 EST
[2024-11-07T11:22:48-0500] Current time exceeds end time, skipping wait
[2024-11-07T11:22:48-0500] Saved TCP DL results to /data/data/com.termux/files/home/storage/shared/bos_la_2024_trip/verizon/20241107/112039198/tcp_downlink_112242583.out
[2024-11-07T11:22:48-0500] DL AVG TPUT: 
[2024-11-07T11:22:48-0500] 5G booster finished at 2024-11-07 11:22:48.732 EST, duration: 6.183 s
[2024-11-07T11:22:48-0500] -------------------------------
[2024-11-07T11:22:48-0500] Waiting for 2 s...
[2024-11-07T11:22:50-0500] -------------------------------
[2024-11-07T11:22:50-0500] tcp uplink test started at 2024-11-07 11:22:50.882 EST
[2024-11-07T11:22:50-0500] testing tcp uplink with 54.197.223.49:5101, interval 0.5, duration 120, timeout 121 ...
[2024-11-07T11:24:52-0500] Current time exceeds end time, skipping wait
[2024-11-07T11:24:52-0500] Saved uplink test to /data/data/com.termux/files/home/storage/shared/bos_la_2024_trip/verizon/20241107/112039198/tcp_uplink_112250925.out
[2024-11-07T11:24:52-0500] UL AVG TPUT: 
[2024-11-07T11:24:52-0500] tcp uplink test finished at 2024-11-07 11:24:52.061 EST, duration: 121.179 s
[2024-11-07T11:24:52-0500] -------------------------------
[2024-11-07T11:24:52-0500] Waiting for 2 s...
[2024-11-07T11:24:54-0500] -------------------------------
[2024-11-07T11:24:54-0500] Starting 5G booster for 5 s...
[2024-11-07T11:24:54-0500] 5G booster started at 2024-11-07 11:24:54.193 EST
[2024-11-07T11:25:00-0500] Current time exceeds end time, skipping wait
[2024-11-07T11:25:00-0500] Saved TCP DL results to /data/data/com.termux/files/home/storage/shared/bos_la_2024_trip/verizon/20241107/112039198/tcp_downlink_112454264.out
[2024-11-07T11:25:00-0500] DL AVG TPUT: 
[2024-11-07T11:25:00-0500] 5G booster finished at 2024-11-07 11:25:00.373 EST, duration: 6.180 s
[2024-11-07T11:25:00-0500] -------------------------------
[2024-11-07T11:25:00-0500] Waiting for 2 s...
[2024-11-07T11:25:02-0500] -------------------------------
[2024-11-07T11:25:02-0500] ICMP Ping test started at 2024-11-07 11:25:02.497 EST
[2024-11-07T11:25:32-0500] Waiting for .840 s to reach end time
[2024-11-07T11:25:33-0500] Saved ping test to /data/data/com.termux/files/home/storage/shared/bos_la_2024_trip/verizon/20241107/112039198/icmp_ping_112502538.out
[2024-11-07T11:25:33-0500] Ping summary (min/avg/max/mdev) = 47.450/59.348/348.189/25.939 ms
[2024-11-07T11:25:33-0500] Ping test finished at 2024-11-07 11:25:33.617 EST, duration: 31.120 s
[2024-11-07T11:25:33-0500] -------------------------------
[2024-11-07T11:25:33-0500] Waiting for 2 s...
[2024-11-07T11:25:35-0500] -------------------------------
[2024-11-07T11:25:35-0500] Starting 5G booster for 5 s...
[2024-11-07T11:25:35-0500] 5G booster started at 2024-11-07 11:25:35.766 EST
[2024-11-07T11:25:41-0500] Current time exceeds end time, skipping wait
[2024-11-07T11:25:41-0500] Saved TCP DL results to /data/data/com.termux/files/home/storage/shared/bos_la_2024_trip/verizon/20241107/112039198/tcp_downlink_112535847.out
[2024-11-07T11:25:42-0500] DL AVG TPUT: 
[2024-11-07T11:25:42-0500] 5G booster finished at 2024-11-07 11:25:41.968 EST, duration: 6.202 s
[2024-11-07T11:25:42-0500] -------------------------------
[2024-11-07T11:25:42-0500] Waiting for 2 s...
[2024-11-07T11:25:44-0500] -------------------------------
[2024-11-07T11:25:44-0500] TCP Ping test started at 2024-11-07 11:25:44.113 EST
[2024-11-07T11:26:15-0500] Current time exceeds end time, skipping wait
[2024-11-07T11:26:15-0500] Saved TCP Ping test to /data/data/com.termux/files/home/storage/shared/bos_la_2024_trip/verizon/20241107/112039198/tcp_ping_112544145.out
[2024-11-07T11:26:15-0500] TCP Ping summary (min/avg/max/mdev) 
[2024-11-07T11:26:15-0500] TCP Ping test finished at 2024-11-07 11:26:15.270 EST, duration: 31.157 s
[2024-11-07T11:26:15-0500] -------------------------------
[2024-11-07T11:26:15-0500] Waiting for 2 s...
[2024-11-07T11:26:17-0500] -------------------------------
[2024-11-07T11:26:17-0500] Traceroute test started at 2024-11-07 11:26:17.392 EST
[2024-11-07T11:26:19-0500] Waiting for 28.271 s to reach end time
[2024-11-07T11:26:47-0500] Saved traceroute test to /data/data/com.termux/files/home/storage/shared/bos_la_2024_trip/verizon/20241107/112039198/traceroute_112617425.out
[2024-11-07T11:26:47-0500] Traceroute summary (min/avg/max/mdev) 
[2024-11-07T11:26:47-0500] Traceroute test finished at 2024-11-07 11:26:47.485 EST, duration: 30.093 s
[2024-11-07T11:26:47-0500] -------------------------------
[2024-11-07T11:26:47-0500] All tests completed, cleaning up...
[2024-11-07T11:26:47-0500] -------------------------------
[2024-11-07T11:27:34-0500] [measurement] Load environment variables from prod.env file
[2024-11-07T11:27:34-0500] [measurement] Load operator-specific env from verizon.env file
[2024-11-07T11:27:34-0500] Starting a network measurement, please choose a server
[2024-11-07T11:27:34-0500] 0) West Cloud: 54.176.53.206
[2024-11-07T11:27:34-0500] 1) East Cloud: 54.197.223.49
[2024-11-07T11:27:34-0500] 2) Los Angeles Wavelength: 161.188.33.234
[2024-11-07T11:27:34-0500] 3) Las Vegas Wavelength: 155.146.118.158
[2024-11-07T11:27:34-0500] 4) Denver Wavelength: 155.146.144.24
[2024-11-07T11:27:34-0500] 5) Chicago Wavelength: 155.146.180.31
[2024-11-07T11:27:34-0500] 6) Boston Wavelength: 155.146.11.34
[2024-11-07T11:27:44-0500] Enter your choice (0-6): Testing verizon, server 1 (ip: 54.197.223.49, nuttcp_port: 5101, iperf_port: 5001)
[2024-11-07T11:27:44-0500] -------------------------------
[2024-11-07T11:27:44-0500] tcp downlink test started at 2024-11-07 11:27:44.752 EST
[2024-11-07T11:27:44-0500] Testing tcp downlink with 54.197.223.49:5101, interval 0.5 s, duration 120 s, timeout 121 s...
[2024-11-07T11:29:45-0500] Current time exceeds end time, skipping wait
[2024-11-07T11:29:45-0500] Saved tcp downlink test to /data/data/com.termux/files/home/storage/shared/bos_la_2024_trip/verizon/20241107/112744734/tcp_downlink_112744780.out
[2024-11-07T11:29:45-0500] DL AVG TPUT: 
[2024-11-07T11:29:46-0500] tcp downlink test finished at 2024-11-07 11:29:45.910 EST, duration: 121.158 s
[2024-11-07T11:29:46-0500] -------------------------------
[2024-11-07T11:29:46-0500] Waiting for 2 s...
[2024-11-07T11:29:48-0500] -------------------------------
[2024-11-07T11:29:48-0500] Starting 5G booster for 5 s...
[2024-11-07T11:29:48-0500] 5G booster started at 2024-11-07 11:29:48.095 EST
[2024-11-07T11:29:54-0500] Current time exceeds end time, skipping wait
[2024-11-07T11:29:54-0500] Saved TCP DL results to /data/data/com.termux/files/home/storage/shared/bos_la_2024_trip/verizon/20241107/112744734/tcp_downlink_112948128.out
[2024-11-07T11:29:54-0500] DL AVG TPUT: 
[2024-11-07T11:29:54-0500] 5G booster finished at 2024-11-07 11:29:54.247 EST, duration: 6.152 s
[2024-11-07T11:29:54-0500] -------------------------------
[2024-11-07T11:29:54-0500] Waiting for 2 s...
[2024-11-07T11:29:56-0500] -------------------------------
[2024-11-07T11:29:56-0500] tcp uplink test started at 2024-11-07 11:29:56.400 EST
[2024-11-07T11:29:56-0500] testing tcp uplink with 54.197.223.49:5101, interval 0.5, duration 120, timeout 121 ...
[2024-11-07T11:31:57-0500] Current time exceeds end time, skipping wait
[2024-11-07T11:31:57-0500] Saved uplink test to /data/data/com.termux/files/home/storage/shared/bos_la_2024_trip/verizon/20241107/112744734/tcp_uplink_112956449.out
[2024-11-07T11:31:57-0500] UL AVG TPUT: 
[2024-11-07T11:31:57-0500] tcp uplink test finished at 2024-11-07 11:31:57.597 EST, duration: 121.197 s
[2024-11-07T11:31:57-0500] -------------------------------
[2024-11-07T11:31:57-0500] Waiting for 2 s...
[2024-11-07T11:31:59-0500] -------------------------------
[2024-11-07T11:31:59-0500] Starting 5G booster for 5 s...
[2024-11-07T11:31:59-0500] 5G booster started at 2024-11-07 11:31:59.718 EST
[2024-11-07T11:32:05-0500] Current time exceeds end time, skipping wait
[2024-11-07T11:32:05-0500] Saved TCP DL results to /data/data/com.termux/files/home/storage/shared/bos_la_2024_trip/verizon/20241107/112744734/tcp_downlink_113159777.out
[2024-11-07T11:32:05-0500] DL AVG TPUT: 
[2024-11-07T11:32:05-0500] 5G booster finished at 2024-11-07 11:32:05.900 EST, duration: 6.182 s
[2024-11-07T11:32:05-0500] -------------------------------
[2024-11-07T11:32:05-0500] Waiting for 2 s...
[2024-11-07T11:32:08-0500] -------------------------------
[2024-11-07T11:32:08-0500] ICMP Ping test started at 2024-11-07 11:32:08.039 EST
[2024-11-07T11:32:38-0500] Waiting for .849 s to reach end time
[2024-11-07T11:32:39-0500] Saved ping test to /data/data/com.termux/files/home/storage/shared/bos_la_2024_trip/verizon/20241107/112744734/icmp_ping_113208097.out
[2024-11-07T11:32:39-0500] Ping summary (min/avg/max/mdev) = 43.468/71.512/656.406/76.908 ms
[2024-11-07T11:32:39-0500] Ping test finished at 2024-11-07 11:32:39.114 EST, duration: 31.075 s
[2024-11-07T11:32:39-0500] -------------------------------
[2024-11-07T11:32:39-0500] Waiting for 2 s...
[2024-11-07T11:32:41-0500] -------------------------------
[2024-11-07T11:32:41-0500] Starting 5G booster for 5 s...
[2024-11-07T11:32:41-0500] 5G booster started at 2024-11-07 11:32:41.262 EST
[2024-11-07T11:32:47-0500] Current time exceeds end time, skipping wait
[2024-11-07T11:32:47-0500] Saved TCP DL results to /data/data/com.termux/files/home/storage/shared/bos_la_2024_trip/verizon/20241107/112744734/tcp_downlink_113241294.out
[2024-11-07T11:32:47-0500] DL AVG TPUT: 
[2024-11-07T11:32:47-0500] 5G booster finished at 2024-11-07 11:32:47.403 EST, duration: 6.141 s
[2024-11-07T11:32:47-0500] -------------------------------
[2024-11-07T11:32:47-0500] Waiting for 2 s...
[2024-11-07T11:32:49-0500] -------------------------------
[2024-11-07T11:32:49-0500] TCP Ping test started at 2024-11-07 11:32:49.567 EST
[2024-11-07T11:33:20-0500] Current time exceeds end time, skipping wait
[2024-11-07T11:33:20-0500] Saved TCP Ping test to /data/data/com.termux/files/home/storage/shared/bos_la_2024_trip/verizon/20241107/112744734/tcp_ping_113249609.out
[2024-11-07T11:33:20-0500] TCP Ping summary (min/avg/max/mdev) 
[2024-11-07T11:33:20-0500] TCP Ping test finished at 2024-11-07 11:33:20.735 EST, duration: 31.168 s
[2024-11-07T11:33:20-0500] -------------------------------
[2024-11-07T11:33:20-0500] Waiting for 2 s...
[2024-11-07T11:33:22-0500] -------------------------------
[2024-11-07T11:33:22-0500] Traceroute test started at 2024-11-07 11:33:22.866 EST
[2024-11-07T11:33:24-0500] Waiting for 28.378 s to reach end time
[2024-11-07T11:33:53-0500] Saved traceroute test to /data/data/com.termux/files/home/storage/shared/bos_la_2024_trip/verizon/20241107/112744734/traceroute_113322906.out
[2024-11-07T11:33:53-0500] Traceroute summary (min/avg/max/mdev) 
[2024-11-07T11:33:53-0500] Traceroute test finished at 2024-11-07 11:33:52.996 EST, duration: 30.130 s
[2024-11-07T11:33:53-0500] -------------------------------
[2024-11-07T11:33:53-0500] All tests completed, cleaning up...
[2024-11-07T11:33:53-0500] -------------------------------
[2024-11-07T11:34:30-0500] [measurement] Load environment variables from prod.env file
[2024-11-07T11:34:30-0500] [measurement] Load operator-specific env from verizon.env file
[2024-11-07T11:34:30-0500] Starting a network measurement, please choose a server
[2024-11-07T11:34:30-0500] 0) West Cloud: 54.176.53.206
[2024-11-07T11:34:30-0500] 1) East Cloud: 54.197.223.49
[2024-11-07T11:34:30-0500] 2) Los Angeles Wavelength: 161.188.33.234
[2024-11-07T11:34:30-0500] 3) Las Vegas Wavelength: 155.146.118.158
[2024-11-07T11:34:30-0500] 4) Denver Wavelength: 155.146.144.24
[2024-11-07T11:34:30-0500] 5) Chicago Wavelength: 155.146.180.31
[2024-11-07T11:34:30-0500] 6) Boston Wavelength: 155.146.11.34
[2024-11-07T11:34:40-0500] Enter your choice (0-6): Testing verizon, server 1 (ip: 54.197.223.49, nuttcp_port: 5101, iperf_port: 5001)
[2024-11-07T11:34:40-0500] -------------------------------
[2024-11-07T11:34:40-0500] tcp downlink test started at 2024-11-07 11:34:40.438 EST
[2024-11-07T11:34:40-0500] Testing tcp downlink with 54.197.223.49:5101, interval 0.5 s, duration 120 s, timeout 121 s...
[2024-11-07T11:36:41-0500] Current time exceeds end time, skipping wait
[2024-11-07T11:36:41-0500] Saved tcp downlink test to /data/data/com.termux/files/home/storage/shared/bos_la_2024_trip/verizon/20241107/113440420/tcp_downlink_113440465.out
[2024-11-07T11:36:41-0500] DL AVG TPUT: 
[2024-11-07T11:36:41-0500] tcp downlink test finished at 2024-11-07 11:36:41.556 EST, duration: 121.118 s
[2024-11-07T11:36:41-0500] -------------------------------
[2024-11-07T11:36:41-0500] Waiting for 2 s...
[2024-11-07T11:36:43-0500] -------------------------------
[2024-11-07T11:36:43-0500] Starting 5G booster for 5 s...
[2024-11-07T11:36:43-0500] 5G booster started at 2024-11-07 11:36:43.673 EST
[2024-11-07T11:36:49-0500] Current time exceeds end time, skipping wait
[2024-11-07T11:36:49-0500] Saved TCP DL results to /data/data/com.termux/files/home/storage/shared/bos_la_2024_trip/verizon/20241107/113440420/tcp_downlink_113643706.out
[2024-11-07T11:36:49-0500] DL AVG TPUT: 
[2024-11-07T11:36:49-0500] 5G booster finished at 2024-11-07 11:36:49.778 EST, duration: 6.105 s
[2024-11-07T11:36:49-0500] -------------------------------
[2024-11-07T11:36:49-0500] Waiting for 2 s...
[2024-11-07T11:36:51-0500] -------------------------------
[2024-11-07T11:36:51-0500] tcp uplink test started at 2024-11-07 11:36:51.882 EST
[2024-11-07T11:36:51-0500] testing tcp uplink with 54.197.223.49:5101, interval 0.5, duration 120, timeout 121 ...
[2024-11-07T11:38:53-0500] Current time exceeds end time, skipping wait
[2024-11-07T11:38:53-0500] Saved uplink test to /data/data/com.termux/files/home/storage/shared/bos_la_2024_trip/verizon/20241107/113440420/tcp_uplink_113651917.out
[2024-11-07T11:38:53-0500] UL AVG TPUT: 
[2024-11-07T11:38:53-0500] tcp uplink test finished at 2024-11-07 11:38:53.022 EST, duration: 121.140 s
[2024-11-07T11:38:53-0500] -------------------------------
[2024-11-07T11:38:53-0500] Waiting for 2 s...
[2024-11-07T11:38:55-0500] -------------------------------
[2024-11-07T11:38:55-0500] Starting 5G booster for 5 s...
[2024-11-07T11:38:55-0500] 5G booster started at 2024-11-07 11:38:55.192 EST
[2024-11-07T11:39:01-0500] Current time exceeds end time, skipping wait
[2024-11-07T11:39:01-0500] Saved TCP DL results to /data/data/com.termux/files/home/storage/shared/bos_la_2024_trip/verizon/20241107/113440420/tcp_downlink_113855234.out
[2024-11-07T11:39:01-0500] DL AVG TPUT: 
[2024-11-07T11:39:01-0500] 5G booster finished at 2024-11-07 11:39:01.330 EST, duration: 6.138 s
[2024-11-07T11:39:01-0500] -------------------------------
[2024-11-07T11:39:01-0500] Waiting for 2 s...
[2024-11-07T11:39:03-0500] -------------------------------
[2024-11-07T11:39:03-0500] ICMP Ping test started at 2024-11-07 11:39:03.479 EST
[2024-11-07T11:39:33-0500] Waiting for .878 s to reach end time
[2024-11-07T11:39:34-0500] Saved ping test to /data/data/com.termux/files/home/storage/shared/bos_la_2024_trip/verizon/20241107/113440420/icmp_ping_113903521.out
[2024-11-07T11:39:34-0500] Ping summary (min/avg/max/mdev) = 43.178/59.157/164.167/13.721 ms
[2024-11-07T11:39:34-0500] Ping test finished at 2024-11-07 11:39:34.570 EST, duration: 31.091 s
[2024-11-07T11:39:34-0500] -------------------------------
[2024-11-07T11:39:34-0500] Waiting for 2 s...
[2024-11-07T11:39:36-0500] -------------------------------
[2024-11-07T11:39:36-0500] Starting 5G booster for 5 s...
[2024-11-07T11:39:36-0500] 5G booster started at 2024-11-07 11:39:36.714 EST
[2024-11-07T11:39:42-0500] Current time exceeds end time, skipping wait
[2024-11-07T11:39:42-0500] Saved TCP DL results to /data/data/com.termux/files/home/storage/shared/bos_la_2024_trip/verizon/20241107/113440420/tcp_downlink_113936770.out
[2024-11-07T11:39:42-0500] DL AVG TPUT: 
[2024-11-07T11:39:42-0500] 5G booster finished at 2024-11-07 11:39:42.869 EST, duration: 6.155 s
[2024-11-07T11:39:42-0500] -------------------------------
[2024-11-07T11:39:42-0500] Waiting for 2 s...
[2024-11-07T11:39:44-0500] -------------------------------
[2024-11-07T11:39:45-0500] TCP Ping test started at 2024-11-07 11:39:45.002 EST
[2024-11-07T11:40:16-0500] Current time exceeds end time, skipping wait
[2024-11-07T11:40:16-0500] Saved TCP Ping test to /data/data/com.termux/files/home/storage/shared/bos_la_2024_trip/verizon/20241107/113440420/tcp_ping_113945045.out
[2024-11-07T11:40:16-0500] TCP Ping summary (min/avg/max/mdev) 
[2024-11-07T11:40:16-0500] TCP Ping test finished at 2024-11-07 11:40:16.168 EST, duration: 31.166 s
[2024-11-07T11:40:16-0500] -------------------------------
[2024-11-07T11:40:16-0500] Waiting for 2 s...
[2024-11-07T11:40:18-0500] -------------------------------
[2024-11-07T11:40:18-0500] Traceroute test started at 2024-11-07 11:40:18.299 EST
[2024-11-07T11:40:19-0500] Waiting for 28.874 s to reach end time
[2024-11-07T11:40:48-0500] Saved traceroute test to /data/data/com.termux/files/home/storage/shared/bos_la_2024_trip/verizon/20241107/113440420/traceroute_114018338.out
[2024-11-07T11:40:48-0500] Traceroute summary (min/avg/max/mdev) 
[2024-11-07T11:40:48-0500] Traceroute test finished at 2024-11-07 11:40:48.425 EST, duration: 30.126 s
[2024-11-07T11:40:48-0500] -------------------------------
[2024-11-07T11:40:48-0500] All tests completed, cleaning up...
[2024-11-07T11:40:48-0500] -------------------------------
[2024-11-07T11:41:18-0500] [measurement] Load environment variables from prod.env file
[2024-11-07T11:41:18-0500] [measurement] Load operator-specific env from verizon.env file
[2024-11-07T11:41:18-0500] Starting a network measurement, please choose a server
[2024-11-07T11:41:18-0500] 0) West Cloud: 54.176.53.206
[2024-11-07T11:41:18-0500] 1) East Cloud: 54.197.223.49
[2024-11-07T11:41:18-0500] 2) Los Angeles Wavelength: 161.188.33.234
[2024-11-07T11:41:18-0500] 3) Las Vegas Wavelength: 155.146.118.158
[2024-11-07T11:41:18-0500] 4) Denver Wavelength: 155.146.144.24
[2024-11-07T11:41:18-0500] 5) Chicago Wavelength: 155.146.180.31
[2024-11-07T11:41:18-0500] 6) Boston Wavelength: 155.146.11.34
[2024-11-07T11:41:22-0500] Enter your choice (0-6): Testing verizon, server 1 (ip: 54.197.223.49, nuttcp_port: 5101, iperf_port: 5001)
[2024-11-07T11:41:23-0500] -------------------------------
[2024-11-07T11:41:23-0500] tcp downlink test started at 2024-11-07 11:41:23.036 EST
[2024-11-07T11:41:23-0500] Testing tcp downlink with 54.197.223.49:5101, interval 0.5 s, duration 120 s, timeout 121 s...
[2024-11-07T11:43:24-0500] Current time exceeds end time, skipping wait
[2024-11-07T11:43:24-0500] Saved tcp downlink test to /data/data/com.termux/files/home/storage/shared/bos_la_2024_trip/verizon/20241107/114123011/tcp_downlink_114123066.out
[2024-11-07T11:43:24-0500] DL AVG TPUT: 
[2024-11-07T11:43:24-0500] tcp downlink test finished at 2024-11-07 11:43:24.152 EST, duration: 121.116 s
[2024-11-07T11:43:24-0500] -------------------------------
[2024-11-07T11:43:24-0500] Waiting for 2 s...
[2024-11-07T11:43:26-0500] -------------------------------
[2024-11-07T11:43:26-0500] Starting 5G booster for 5 s...
[2024-11-07T11:43:26-0500] 5G booster started at 2024-11-07 11:43:26.260 EST
[2024-11-07T11:43:32-0500] Current time exceeds end time, skipping wait
[2024-11-07T11:43:32-0500] Saved TCP DL results to /data/data/com.termux/files/home/storage/shared/bos_la_2024_trip/verizon/20241107/114123011/tcp_downlink_114326291.out
[2024-11-07T11:43:32-0500] DL AVG TPUT: 
[2024-11-07T11:43:32-0500] 5G booster finished at 2024-11-07 11:43:32.372 EST, duration: 6.112 s
[2024-11-07T11:43:32-0500] -------------------------------
[2024-11-07T11:43:32-0500] Waiting for 2 s...
[2024-11-07T11:43:34-0500] -------------------------------
[2024-11-07T11:43:34-0500] tcp uplink test started at 2024-11-07 11:43:34.490 EST
[2024-11-07T11:43:34-0500] testing tcp uplink with 54.197.223.49:5101, interval 0.5, duration 120, timeout 121 ...
[2024-11-07T11:45:35-0500] Current time exceeds end time, skipping wait
[2024-11-07T11:45:35-0500] Saved uplink test to /data/data/com.termux/files/home/storage/shared/bos_la_2024_trip/verizon/20241107/114123011/tcp_uplink_114334536.out
[2024-11-07T11:45:35-0500] UL AVG TPUT: 
[2024-11-07T11:45:35-0500] tcp uplink test finished at 2024-11-07 11:45:35.621 EST, duration: 121.131 s
[2024-11-07T11:45:35-0500] -------------------------------
[2024-11-07T11:45:35-0500] Waiting for 2 s...
[2024-11-07T11:45:37-0500] -------------------------------
[2024-11-07T11:45:37-0500] Starting 5G booster for 5 s...
[2024-11-07T11:45:37-0500] 5G booster started at 2024-11-07 11:45:37.752 EST
[2024-11-07T11:45:43-0500] Current time exceeds end time, skipping wait
[2024-11-07T11:45:43-0500] Saved TCP DL results to /data/data/com.termux/files/home/storage/shared/bos_la_2024_trip/verizon/20241107/114123011/tcp_downlink_114537796.out
[2024-11-07T11:45:43-0500] DL AVG TPUT: 
[2024-11-07T11:45:43-0500] 5G booster finished at 2024-11-07 11:45:43.893 EST, duration: 6.141 s
[2024-11-07T11:45:43-0500] -------------------------------
[2024-11-07T11:45:43-0500] Waiting for 2 s...
[2024-11-07T11:45:46-0500] -------------------------------
[2024-11-07T11:45:46-0500] ICMP Ping test started at 2024-11-07 11:45:46.034 EST
[2024-11-07T11:46:16-0500] Waiting for .849 s to reach end time
[2024-11-07T11:46:17-0500] Saved ping test to /data/data/com.termux/files/home/storage/shared/bos_la_2024_trip/verizon/20241107/114123011/icmp_ping_114546080.out
[2024-11-07T11:46:17-0500] Ping summary (min/avg/max/mdev) = 51.252/58.742/72.490/4.041 ms
[2024-11-07T11:46:17-0500] Ping test finished at 2024-11-07 11:46:17.159 EST, duration: 31.125 s
[2024-11-07T11:46:17-0500] -------------------------------
[2024-11-07T11:46:17-0500] Waiting for 2 s...
[2024-11-07T11:46:19-0500] -------------------------------
[2024-11-07T11:46:19-0500] Starting 5G booster for 5 s...
[2024-11-07T11:46:19-0500] 5G booster started at 2024-11-07 11:46:19.281 EST
[2024-11-07T11:46:25-0500] Current time exceeds end time, skipping wait
[2024-11-07T11:46:25-0500] Saved TCP DL results to /data/data/com.termux/files/home/storage/shared/bos_la_2024_trip/verizon/20241107/114123011/tcp_downlink_114619324.out
[2024-11-07T11:46:25-0500] DL AVG TPUT: 
[2024-11-07T11:46:25-0500] 5G booster finished at 2024-11-07 11:46:25.442 EST, duration: 6.161 s
[2024-11-07T11:46:25-0500] -------------------------------
[2024-11-07T11:46:25-0500] Waiting for 2 s...
[2024-11-07T11:46:27-0500] -------------------------------
[2024-11-07T11:46:27-0500] TCP Ping test started at 2024-11-07 11:46:27.560 EST
[2024-11-07T11:46:58-0500] Current time exceeds end time, skipping wait
[2024-11-07T11:46:58-0500] Saved TCP Ping test to /data/data/com.termux/files/home/storage/shared/bos_la_2024_trip/verizon/20241107/114123011/tcp_ping_114627591.out
[2024-11-07T11:46:58-0500] TCP Ping summary (min/avg/max/mdev) 
[2024-11-07T11:46:58-0500] TCP Ping test finished at 2024-11-07 11:46:58.705 EST, duration: 31.145 s
[2024-11-07T11:46:58-0500] -------------------------------
[2024-11-07T11:46:58-0500] Waiting for 2 s...
[2024-11-07T11:47:00-0500] -------------------------------
[2024-11-07T11:47:00-0500] Traceroute test started at 2024-11-07 11:47:00.816 EST
[2024-11-07T11:47:02-0500] Waiting for 28.480 s to reach end time
[2024-11-07T11:47:30-0500] Saved traceroute test to /data/data/com.termux/files/home/storage/shared/bos_la_2024_trip/verizon/20241107/114123011/traceroute_114700867.out
[2024-11-07T11:47:30-0500] Traceroute summary (min/avg/max/mdev) 
[2024-11-07T11:47:31-0500] Traceroute test finished at 2024-11-07 11:47:30.930 EST, duration: 30.114 s
[2024-11-07T11:47:31-0500] -------------------------------
[2024-11-07T11:47:31-0500] All tests completed, cleaning up...
[2024-11-07T11:47:31-0500] -------------------------------
[2024-11-07T11:59:01-0500] [measurement] Load environment variables from prod.env file
[2024-11-07T11:59:01-0500] [measurement] Load operator-specific env from verizon.env file
[2024-11-07T11:59:01-0500] Starting a network measurement, please choose a server
[2024-11-07T11:59:01-0500] 0) West Cloud: 54.176.53.206
[2024-11-07T11:59:01-0500] 1) East Cloud: 54.197.223.49
[2024-11-07T11:59:01-0500] 2) Los Angeles Wavelength: 161.188.33.234
[2024-11-07T11:59:01-0500] 3) Las Vegas Wavelength: 155.146.118.158
[2024-11-07T11:59:01-0500] 4) Denver Wavelength: 155.146.144.24
[2024-11-07T11:59:01-0500] 5) Chicago Wavelength: 155.146.180.31
[2024-11-07T11:59:01-0500] 6) Boston Wavelength: 155.146.11.34
[2024-11-07T11:59:02-0500] Enter your choice (0-6): Testing verizon, server 1 (ip: 54.197.223.49, nuttcp_port: 5101, iperf_port: 5001)
[2024-11-07T11:59:02-0500] -------------------------------
[2024-11-07T11:59:02-0500] tcp downlink test started at 2024-11-07 11:59:02.503 EST
[2024-11-07T11:59:02-0500] Testing tcp downlink with 54.197.223.49:5101, interval 0.5 s, duration 120 s, timeout 121 s...
[2024-11-07T12:01:03-0500] Current time exceeds end time, skipping wait
[2024-11-07T12:01:03-0500] Saved tcp downlink test to /data/data/com.termux/files/home/storage/shared/bos_la_2024_trip/verizon/20241107/115902487/tcp_downlink_115902529.out
[2024-11-07T12:01:03-0500] DL AVG TPUT: 
[2024-11-07T12:01:03-0500] tcp downlink test finished at 2024-11-07 12:01:03.659 EST, duration: 121.156 s
[2024-11-07T12:01:03-0500] -------------------------------
[2024-11-07T12:01:03-0500] Waiting for 2 s...
[2024-11-07T12:01:05-0500] -------------------------------
[2024-11-07T12:01:05-0500] Starting 5G booster for 5 s...
[2024-11-07T12:01:05-0500] 5G booster started at 2024-11-07 12:01:05.761 EST
[2024-11-07T12:01:11-0500] Current time exceeds end time, skipping wait
[2024-11-07T12:01:11-0500] Saved TCP DL results to /data/data/com.termux/files/home/storage/shared/bos_la_2024_trip/verizon/20241107/115902487/tcp_downlink_120105784.out
[2024-11-07T12:01:11-0500] DL AVG TPUT: 
[2024-11-07T12:01:11-0500] 5G booster finished at 2024-11-07 12:01:11.869 EST, duration: 6.108 s
[2024-11-07T12:01:11-0500] -------------------------------
[2024-11-07T12:01:11-0500] Waiting for 2 s...
[2024-11-07T12:01:13-0500] -------------------------------
[2024-11-07T12:01:14-0500] tcp uplink test started at 2024-11-07 12:01:13.989 EST
[2024-11-07T12:01:14-0500] testing tcp uplink with 54.197.223.49:5101, interval 0.5, duration 120, timeout 121 ...
[2024-11-07T12:03:15-0500] Current time exceeds end time, skipping wait
[2024-11-07T12:03:15-0500] Saved uplink test to /data/data/com.termux/files/home/storage/shared/bos_la_2024_trip/verizon/20241107/115902487/tcp_uplink_120114023.out
[2024-11-07T12:03:15-0500] UL AVG TPUT: 
[2024-11-07T12:03:15-0500] tcp uplink test finished at 2024-11-07 12:03:15.138 EST, duration: 121.149 s
[2024-11-07T12:03:15-0500] -------------------------------
[2024-11-07T12:03:15-0500] Waiting for 2 s...
[2024-11-07T12:03:17-0500] -------------------------------
[2024-11-07T12:03:17-0500] Starting 5G booster for 5 s...
[2024-11-07T12:03:17-0500] 5G booster started at 2024-11-07 12:03:17.254 EST
[2024-11-07T12:03:23-0500] Current time exceeds end time, skipping wait
[2024-11-07T12:03:23-0500] Saved TCP DL results to /data/data/com.termux/files/home/storage/shared/bos_la_2024_trip/verizon/20241107/115902487/tcp_downlink_120317280.out
[2024-11-07T12:03:23-0500] DL AVG TPUT: 
[2024-11-07T12:03:23-0500] 5G booster finished at 2024-11-07 12:03:23.389 EST, duration: 6.135 s
[2024-11-07T12:03:23-0500] -------------------------------
[2024-11-07T12:03:23-0500] Waiting for 2 s...
[2024-11-07T12:03:25-0500] -------------------------------
[2024-11-07T12:03:25-0500] ICMP Ping test started at 2024-11-07 12:03:25.497 EST
[2024-11-07T12:03:55-0500] Waiting for .855 s to reach end time
[2024-11-07T12:03:56-0500] Saved ping test to /data/data/com.termux/files/home/storage/shared/bos_la_2024_trip/verizon/20241107/115902487/icmp_ping_120325525.out
[2024-11-07T12:03:56-0500] Ping summary (min/avg/max/mdev) = 49.384/62.892/76.324/5.395 ms
[2024-11-07T12:03:56-0500] Ping test finished at 2024-11-07 12:03:56.585 EST, duration: 31.088 s
[2024-11-07T12:03:56-0500] -------------------------------
[2024-11-07T12:03:56-0500] Waiting for 2 s...
[2024-11-07T12:03:58-0500] -------------------------------
[2024-11-07T12:03:58-0500] Starting 5G booster for 5 s...
[2024-11-07T12:03:58-0500] 5G booster started at 2024-11-07 12:03:58.686 EST
[2024-11-07T12:04:04-0500] Current time exceeds end time, skipping wait
[2024-11-07T12:04:04-0500] Saved TCP DL results to /data/data/com.termux/files/home/storage/shared/bos_la_2024_trip/verizon/20241107/115902487/tcp_downlink_120358707.out
[2024-11-07T12:04:04-0500] DL AVG TPUT: 
[2024-11-07T12:04:04-0500] 5G booster finished at 2024-11-07 12:04:04.818 EST, duration: 6.132 s
[2024-11-07T12:04:04-0500] -------------------------------
[2024-11-07T12:04:04-0500] Waiting for 2 s...
[2024-11-07T12:04:06-0500] -------------------------------
[2024-11-07T12:04:06-0500] TCP Ping test started at 2024-11-07 12:04:06.946 EST
[2024-11-07T12:04:38-0500] Current time exceeds end time, skipping wait
[2024-11-07T12:04:38-0500] Saved TCP Ping test to /data/data/com.termux/files/home/storage/shared/bos_la_2024_trip/verizon/20241107/115902487/tcp_ping_120406979.out
[2024-11-07T12:04:38-0500] TCP Ping summary (min/avg/max/mdev) 
[2024-11-07T12:04:38-0500] TCP Ping test finished at 2024-11-07 12:04:38.132 EST, duration: 31.186 s
[2024-11-07T12:04:38-0500] -------------------------------
[2024-11-07T12:04:38-0500] Waiting for 2 s...
[2024-11-07T12:04:40-0500] -------------------------------
[2024-11-07T12:04:40-0500] Traceroute test started at 2024-11-07 12:04:40.264 EST
[2024-11-07T12:04:41-0500] Waiting for 28.543 s to reach end time
[2024-11-07T12:05:10-0500] Saved traceroute test to /data/data/com.termux/files/home/storage/shared/bos_la_2024_trip/verizon/20241107/115902487/traceroute_120440293.out
[2024-11-07T12:05:10-0500] Traceroute summary (min/avg/max/mdev) 
[2024-11-07T12:05:10-0500] Traceroute test finished at 2024-11-07 12:05:10.346 EST, duration: 30.082 s
[2024-11-07T12:05:10-0500] -------------------------------
[2024-11-07T12:05:10-0500] All tests completed, cleaning up...
[2024-11-07T12:05:10-0500] -------------------------------
[2024-11-07T12:05:40-0500] [measurement] Load environment variables from prod.env file
[2024-11-07T12:05:40-0500] [measurement] Load operator-specific env from verizon.env file
[2024-11-07T12:05:40-0500] Starting a network measurement, please choose a server
[2024-11-07T12:05:40-0500] 0) West Cloud: 54.176.53.206
[2024-11-07T12:05:40-0500] 1) East Cloud: 54.197.223.49
[2024-11-07T12:05:40-0500] 2) Los Angeles Wavelength: 161.188.33.234
[2024-11-07T12:05:40-0500] 3) Las Vegas Wavelength: 155.146.118.158
[2024-11-07T12:05:40-0500] 4) Denver Wavelength: 155.146.144.24
[2024-11-07T12:05:40-0500] 5) Chicago Wavelength: 155.146.180.31
[2024-11-07T12:05:40-0500] 6) Boston Wavelength: 155.146.11.34
[2024-11-07T12:05:49-0500] Enter your choice (0-6): Testing verizon, server 1 (ip: 54.197.223.49, nuttcp_port: 5101, iperf_port: 5001)
[2024-11-07T12:05:50-0500] -------------------------------
[2024-11-07T12:05:50-0500] tcp downlink test started at 2024-11-07 12:05:50.025 EST
[2024-11-07T12:05:50-0500] Testing tcp downlink with 54.197.223.49:5101, interval 0.5 s, duration 120 s, timeout 121 s...
[2024-11-07T12:07:51-0500] Current time exceeds end time, skipping wait
[2024-11-07T12:07:51-0500] Saved tcp downlink test to /data/data/com.termux/files/home/storage/shared/bos_la_2024_trip/verizon/20241107/120550006/tcp_downlink_120550058.out
[2024-11-07T12:07:51-0500] DL AVG TPUT: 
[2024-11-07T12:07:51-0500] tcp downlink test finished at 2024-11-07 12:07:51.126 EST, duration: 121.101 s
[2024-11-07T12:07:51-0500] -------------------------------
[2024-11-07T12:07:51-0500] Waiting for 2 s...
[2024-11-07T12:07:53-0500] -------------------------------
[2024-11-07T12:07:53-0500] Starting 5G booster for 5 s...
[2024-11-07T12:07:53-0500] 5G booster started at 2024-11-07 12:07:53.266 EST
[2024-11-07T12:07:59-0500] Current time exceeds end time, skipping wait
[2024-11-07T12:07:59-0500] Saved TCP DL results to /data/data/com.termux/files/home/storage/shared/bos_la_2024_trip/verizon/20241107/120550006/tcp_downlink_120753299.out
[2024-11-07T12:07:59-0500] DL AVG TPUT: 
[2024-11-07T12:07:59-0500] 5G booster finished at 2024-11-07 12:07:59.445 EST, duration: 6.179 s
[2024-11-07T12:07:59-0500] -------------------------------
[2024-11-07T12:07:59-0500] Waiting for 2 s...
[2024-11-07T12:08:01-0500] -------------------------------
[2024-11-07T12:08:01-0500] tcp uplink test started at 2024-11-07 12:08:01.571 EST
[2024-11-07T12:08:01-0500] testing tcp uplink with 54.197.223.49:5101, interval 0.5, duration 120, timeout 121 ...
[2024-11-07T12:10:02-0500] Current time exceeds end time, skipping wait
[2024-11-07T12:10:02-0500] Saved uplink test to /data/data/com.termux/files/home/storage/shared/bos_la_2024_trip/verizon/20241107/120550006/tcp_uplink_120801604.out
[2024-11-07T12:10:02-0500] UL AVG TPUT: 
[2024-11-07T12:10:02-0500] tcp uplink test finished at 2024-11-07 12:10:02.740 EST, duration: 121.169 s
[2024-11-07T12:10:02-0500] -------------------------------
[2024-11-07T12:10:02-0500] Waiting for 2 s...
[2024-11-07T12:10:04-0500] -------------------------------
[2024-11-07T12:10:04-0500] Starting 5G booster for 5 s...
[2024-11-07T12:10:04-0500] 5G booster started at 2024-11-07 12:10:04.893 EST
[2024-11-07T12:10:11-0500] Current time exceeds end time, skipping wait
[2024-11-07T12:10:11-0500] Saved TCP DL results to /data/data/com.termux/files/home/storage/shared/bos_la_2024_trip/verizon/20241107/120550006/tcp_downlink_121004926.out
[2024-11-07T12:10:11-0500] DL AVG TPUT: 
[2024-11-07T12:10:11-0500] 5G booster finished at 2024-11-07 12:10:11.034 EST, duration: 6.141 s
[2024-11-07T12:10:11-0500] -------------------------------
[2024-11-07T12:10:11-0500] Waiting for 2 s...
[2024-11-07T12:10:13-0500] -------------------------------
[2024-11-07T12:10:13-0500] ICMP Ping test started at 2024-11-07 12:10:13.187 EST
[2024-11-07T12:10:43-0500] Waiting for .863 s to reach end time
[2024-11-07T12:10:44-0500] Saved ping test to /data/data/com.termux/files/home/storage/shared/bos_la_2024_trip/verizon/20241107/120550006/icmp_ping_121013229.out
[2024-11-07T12:10:44-0500] Ping summary (min/avg/max/mdev) = 54.817/169.275/1831.265/337.568 ms
[2024-11-07T12:10:44-0500] Ping test finished at 2024-11-07 12:10:44.294 EST, duration: 31.107 s
[2024-11-07T12:10:44-0500] -------------------------------
[2024-11-07T12:10:44-0500] Waiting for 2 s...
[2024-11-07T12:10:46-0500] -------------------------------
[2024-11-07T12:10:46-0500] Starting 5G booster for 5 s...
[2024-11-07T12:10:46-0500] 5G booster started at 2024-11-07 12:10:46.448 EST
[2024-11-07T12:10:52-0500] Current time exceeds end time, skipping wait
[2024-11-07T12:10:52-0500] Saved TCP DL results to /data/data/com.termux/files/home/storage/shared/bos_la_2024_trip/verizon/20241107/120550006/tcp_downlink_121046494.out
[2024-11-07T12:10:52-0500] DL AVG TPUT: 
[2024-11-07T12:10:52-0500] 5G booster finished at 2024-11-07 12:10:52.591 EST, duration: 6.143 s
[2024-11-07T12:10:52-0500] -------------------------------
[2024-11-07T12:10:52-0500] Waiting for 2 s...
[2024-11-07T12:10:54-0500] -------------------------------
[2024-11-07T12:10:54-0500] TCP Ping test started at 2024-11-07 12:10:54.736 EST
[2024-11-07T12:11:25-0500] Current time exceeds end time, skipping wait
[2024-11-07T12:11:25-0500] Saved TCP Ping test to /data/data/com.termux/files/home/storage/shared/bos_la_2024_trip/verizon/20241107/120550006/tcp_ping_121054772.out
[2024-11-07T12:11:25-0500] TCP Ping summary (min/avg/max/mdev) 
[2024-11-07T12:11:26-0500] TCP Ping test finished at 2024-11-07 12:11:25.885 EST, duration: 31.149 s
[2024-11-07T12:11:26-0500] -------------------------------
[2024-11-07T12:11:26-0500] Waiting for 2 s...
[2024-11-07T12:11:28-0500] -------------------------------
[2024-11-07T12:11:28-0500] Traceroute test started at 2024-11-07 12:11:28.025 EST
[2024-11-07T12:11:29-0500] Waiting for 28.454 s to reach end time
[2024-11-07T12:11:58-0500] Saved traceroute test to /data/data/com.termux/files/home/storage/shared/bos_la_2024_trip/verizon/20241107/120550006/traceroute_121128053.out
[2024-11-07T12:11:58-0500] Traceroute summary (min/avg/max/mdev) 
[2024-11-07T12:11:58-0500] Traceroute test finished at 2024-11-07 12:11:58.080 EST, duration: 30.055 s
[2024-11-07T12:11:58-0500] -------------------------------
[2024-11-07T12:11:58-0500] All tests completed, cleaning up...
[2024-11-07T12:11:58-0500] -------------------------------
[2024-11-07T12:12:45-0500] [measurement] Load environment variables from prod.env file
[2024-11-07T12:12:45-0500] [measurement] Load operator-specific env from verizon.env file
[2024-11-07T12:12:45-0500] Starting a network measurement, please choose a server
[2024-11-07T12:12:45-0500] 0) West Cloud: 54.176.53.206
[2024-11-07T12:12:45-0500] 1) East Cloud: 54.197.223.49
[2024-11-07T12:12:45-0500] 2) Los Angeles Wavelength: 161.188.33.234
[2024-11-07T12:12:45-0500] 3) Las Vegas Wavelength: 155.146.118.158
[2024-11-07T12:12:45-0500] 4) Denver Wavelength: 155.146.144.24
[2024-11-07T12:12:45-0500] 5) Chicago Wavelength: 155.146.180.31
[2024-11-07T12:12:45-0500] 6) Boston Wavelength: 155.146.11.34
[2024-11-07T12:12:58-0500] Enter your choice (0-6): Testing verizon, server 1 (ip: 54.197.223.49, nuttcp_port: 5101, iperf_port: 5001)
[2024-11-07T12:12:58-0500] -------------------------------
[2024-11-07T12:12:58-0500] tcp downlink test started at 2024-11-07 12:12:58.092 EST
[2024-11-07T12:12:58-0500] Testing tcp downlink with 54.197.223.49:5101, interval 0.5 s, duration 120 s, timeout 121 s...
[2024-11-07T12:14:59-0500] Current time exceeds end time, skipping wait
[2024-11-07T12:14:59-0500] Saved tcp downlink test to /data/data/com.termux/files/home/storage/shared/bos_la_2024_trip/verizon/20241107/121258077/tcp_downlink_121258114.out
[2024-11-07T12:14:59-0500] DL AVG TPUT: 
[2024-11-07T12:14:59-0500] tcp downlink test finished at 2024-11-07 12:14:59.211 EST, duration: 121.119 s
[2024-11-07T12:14:59-0500] -------------------------------
[2024-11-07T12:14:59-0500] Waiting for 2 s...
[2024-11-07T12:15:01-0500] -------------------------------
[2024-11-07T12:15:01-0500] Starting 5G booster for 5 s...
[2024-11-07T12:15:01-0500] 5G booster started at 2024-11-07 12:15:01.338 EST
[2024-11-07T12:15:07-0500] Current time exceeds end time, skipping wait
[2024-11-07T12:15:07-0500] Saved TCP DL results to /data/data/com.termux/files/home/storage/shared/bos_la_2024_trip/verizon/20241107/121258077/tcp_downlink_121501373.out
[2024-11-07T12:15:07-0500] DL AVG TPUT: 
[2024-11-07T12:15:07-0500] 5G booster finished at 2024-11-07 12:15:07.500 EST, duration: 6.162 s
[2024-11-07T12:15:07-0500] -------------------------------
[2024-11-07T12:15:07-0500] Waiting for 2 s...
[2024-11-07T12:15:09-0500] -------------------------------
[2024-11-07T12:15:09-0500] tcp uplink test started at 2024-11-07 12:15:09.670 EST
[2024-11-07T12:15:09-0500] testing tcp uplink with 54.197.223.49:5101, interval 0.5, duration 120, timeout 121 ...
[2024-11-07T12:17:10-0500] Current time exceeds end time, skipping wait
[2024-11-07T12:17:10-0500] Saved uplink test to /data/data/com.termux/files/home/storage/shared/bos_la_2024_trip/verizon/20241107/121258077/tcp_uplink_121509700.out
[2024-11-07T12:17:10-0500] UL AVG TPUT: 
[2024-11-07T12:17:10-0500] tcp uplink test finished at 2024-11-07 12:17:10.822 EST, duration: 121.152 s
[2024-11-07T12:17:10-0500] -------------------------------
[2024-11-07T12:17:10-0500] Waiting for 2 s...
[2024-11-07T12:17:12-0500] -------------------------------
[2024-11-07T12:17:12-0500] Starting 5G booster for 5 s...
[2024-11-07T12:17:12-0500] 5G booster started at 2024-11-07 12:17:12.966 EST
[2024-11-07T12:17:19-0500] Current time exceeds end time, skipping wait
[2024-11-07T12:17:19-0500] Saved TCP DL results to /data/data/com.termux/files/home/storage/shared/bos_la_2024_trip/verizon/20241107/121258077/tcp_downlink_121713001.out
[2024-11-07T12:17:19-0500] DL AVG TPUT: 
[2024-11-07T12:17:19-0500] 5G booster finished at 2024-11-07 12:17:19.097 EST, duration: 6.131 s
[2024-11-07T12:17:19-0500] -------------------------------
[2024-11-07T12:17:19-0500] Waiting for 2 s...
[2024-11-07T12:17:21-0500] -------------------------------
[2024-11-07T12:17:21-0500] ICMP Ping test started at 2024-11-07 12:17:21.230 EST
[2024-11-07T12:17:51-0500] Waiting for .868 s to reach end time
[2024-11-07T12:17:52-0500] Saved ping test to /data/data/com.termux/files/home/storage/shared/bos_la_2024_trip/verizon/20241107/121258077/icmp_ping_121721266.out
[2024-11-07T12:17:52-0500] Ping summary (min/avg/max/mdev) = 46.035/59.730/207.701/14.154 ms
[2024-11-07T12:17:52-0500] Ping test finished at 2024-11-07 12:17:52.329 EST, duration: 31.099 s
[2024-11-07T12:17:52-0500] -------------------------------
[2024-11-07T12:17:52-0500] Waiting for 2 s...
[2024-11-07T12:17:54-0500] -------------------------------
[2024-11-07T12:17:54-0500] Starting 5G booster for 5 s...
[2024-11-07T12:17:54-0500] 5G booster started at 2024-11-07 12:17:54.488 EST
[2024-11-07T12:18:00-0500] Current time exceeds end time, skipping wait
[2024-11-07T12:18:00-0500] Saved TCP DL results to /data/data/com.termux/files/home/storage/shared/bos_la_2024_trip/verizon/20241107/121258077/tcp_downlink_121754534.out
[2024-11-07T12:18:00-0500] DL AVG TPUT: 
[2024-11-07T12:18:00-0500] 5G booster finished at 2024-11-07 12:18:00.636 EST, duration: 6.148 s
[2024-11-07T12:18:00-0500] -------------------------------
[2024-11-07T12:18:00-0500] Waiting for 2 s...
[2024-11-07T12:18:02-0500] -------------------------------
[2024-11-07T12:18:02-0500] TCP Ping test started at 2024-11-07 12:18:02.779 EST
[2024-11-07T12:18:33-0500] Current time exceeds end time, skipping wait
[2024-11-07T12:18:33-0500] Saved TCP Ping test to /data/data/com.termux/files/home/storage/shared/bos_la_2024_trip/verizon/20241107/121258077/tcp_ping_121802838.out
[2024-11-07T12:18:33-0500] TCP Ping summary (min/avg/max/mdev) 
[2024-11-07T12:18:34-0500] TCP Ping test finished at 2024-11-07 12:18:33.938 EST, duration: 31.159 s
[2024-11-07T12:18:34-0500] -------------------------------
[2024-11-07T12:18:34-0500] Waiting for 2 s...
[2024-11-07T12:18:36-0500] -------------------------------
[2024-11-07T12:18:36-0500] Traceroute test started at 2024-11-07 12:18:36.081 EST
[2024-11-07T12:18:37-0500] Waiting for 28.804 s to reach end time
[2024-11-07T12:19:06-0500] Saved traceroute test to /data/data/com.termux/files/home/storage/shared/bos_la_2024_trip/verizon/20241107/121258077/traceroute_121836133.out
[2024-11-07T12:19:06-0500] Traceroute summary (min/avg/max/mdev) 
[2024-11-07T12:19:06-0500] Traceroute test finished at 2024-11-07 12:19:06.168 EST, duration: 30.087 s
[2024-11-07T12:19:06-0500] -------------------------------
[2024-11-07T12:19:06-0500] All tests completed, cleaning up...
[2024-11-07T12:19:06-0500] -------------------------------
[2024-11-07T12:19:30-0500] [measurement] Load environment variables from prod.env file
[2024-11-07T12:19:30-0500] [measurement] Load operator-specific env from verizon.env file
[2024-11-07T12:19:30-0500] Starting a network measurement, please choose a server
[2024-11-07T12:19:30-0500] 0) West Cloud: 54.176.53.206
[2024-11-07T12:19:30-0500] 1) East Cloud: 54.197.223.49
[2024-11-07T12:19:30-0500] 2) Los Angeles Wavelength: 161.188.33.234
[2024-11-07T12:19:30-0500] 3) Las Vegas Wavelength: 155.146.118.158
[2024-11-07T12:19:30-0500] 4) Denver Wavelength: 155.146.144.24
[2024-11-07T12:19:30-0500] 5) Chicago Wavelength: 155.146.180.31
[2024-11-07T12:19:30-0500] 6) Boston Wavelength: 155.146.11.34
[2024-11-07T12:19:39-0500] Enter your choice (0-6): Testing verizon, server 1 (ip: 54.197.223.49, nuttcp_port: 5101, iperf_port: 5001)
[2024-11-07T12:19:39-0500] -------------------------------
[2024-11-07T12:19:39-0500] tcp downlink test started at 2024-11-07 12:19:39.943 EST
[2024-11-07T12:19:39-0500] Testing tcp downlink with 54.197.223.49:5101, interval 0.5 s, duration 120 s, timeout 121 s...
[2024-11-07T12:21:41-0500] Current time exceeds end time, skipping wait
[2024-11-07T12:21:41-0500] Saved tcp downlink test to /data/data/com.termux/files/home/storage/shared/bos_la_2024_trip/verizon/20241107/121939917/tcp_downlink_121939967.out
[2024-11-07T12:21:41-0500] DL AVG TPUT: 
[2024-11-07T12:21:41-0500] tcp downlink test finished at 2024-11-07 12:21:41.066 EST, duration: 121.123 s
[2024-11-07T12:21:41-0500] -------------------------------
[2024-11-07T12:21:41-0500] Waiting for 2 s...
[2024-11-07T12:21:43-0500] -------------------------------
[2024-11-07T12:21:43-0500] Starting 5G booster for 5 s...
[2024-11-07T12:21:43-0500] 5G booster started at 2024-11-07 12:21:43.194 EST
[2024-11-07T12:21:49-0500] Current time exceeds end time, skipping wait
[2024-11-07T12:21:49-0500] Saved TCP DL results to /data/data/com.termux/files/home/storage/shared/bos_la_2024_trip/verizon/20241107/121939917/tcp_downlink_122143249.out
[2024-11-07T12:21:49-0500] DL AVG TPUT: 
[2024-11-07T12:21:49-0500] 5G booster finished at 2024-11-07 12:21:49.351 EST, duration: 6.157 s
[2024-11-07T12:21:49-0500] -------------------------------
[2024-11-07T12:21:49-0500] Waiting for 2 s...
[2024-11-07T12:21:51-0500] -------------------------------
[2024-11-07T12:21:51-0500] tcp uplink test started at 2024-11-07 12:21:51.450 EST
[2024-11-07T12:21:51-0500] testing tcp uplink with 54.197.223.49:5101, interval 0.5, duration 120, timeout 121 ...
[2024-11-07T12:23:52-0500] Current time exceeds end time, skipping wait
[2024-11-07T12:23:52-0500] Saved uplink test to /data/data/com.termux/files/home/storage/shared/bos_la_2024_trip/verizon/20241107/121939917/tcp_uplink_122151479.out
[2024-11-07T12:23:52-0500] UL AVG TPUT: 
[2024-11-07T12:23:52-0500] tcp uplink test finished at 2024-11-07 12:23:52.566 EST, duration: 121.116 s
[2024-11-07T12:23:52-0500] -------------------------------
[2024-11-07T12:23:52-0500] Waiting for 2 s...
[2024-11-07T12:23:54-0500] -------------------------------
[2024-11-07T12:23:54-0500] Starting 5G booster for 5 s...
[2024-11-07T12:23:54-0500] 5G booster started at 2024-11-07 12:23:54.718 EST
[2024-11-07T12:24:00-0500] Current time exceeds end time, skipping wait
[2024-11-07T12:24:00-0500] Saved TCP DL results to /data/data/com.termux/files/home/storage/shared/bos_la_2024_trip/verizon/20241107/121939917/tcp_downlink_122354746.out
[2024-11-07T12:24:00-0500] DL AVG TPUT: 
[2024-11-07T12:24:00-0500] 5G booster finished at 2024-11-07 12:24:00.848 EST, duration: 6.130 s
[2024-11-07T12:24:00-0500] -------------------------------
[2024-11-07T12:24:00-0500] Waiting for 2 s...
[2024-11-07T12:24:02-0500] -------------------------------
[2024-11-07T12:24:03-0500] ICMP Ping test started at 2024-11-07 12:24:02.995 EST
[2024-11-07T12:24:33-0500] Waiting for .895 s to reach end time
[2024-11-07T12:24:34-0500] Saved ping test to /data/data/com.termux/files/home/storage/shared/bos_la_2024_trip/verizon/20241107/121939917/icmp_ping_122403033.out
[2024-11-07T12:24:34-0500] Ping summary (min/avg/max/mdev) = 48.644/62.384/290.332/20.019 ms
[2024-11-07T12:24:34-0500] Ping test finished at 2024-11-07 12:24:34.079 EST, duration: 31.084 s
[2024-11-07T12:24:34-0500] -------------------------------
[2024-11-07T12:24:34-0500] Waiting for 2 s...
[2024-11-07T12:24:36-0500] -------------------------------
[2024-11-07T12:24:36-0500] Starting 5G booster for 5 s...
[2024-11-07T12:24:36-0500] 5G booster started at 2024-11-07 12:24:36.178 EST
[2024-11-07T12:24:42-0500] Current time exceeds end time, skipping wait
[2024-11-07T12:24:42-0500] Saved TCP DL results to /data/data/com.termux/files/home/storage/shared/bos_la_2024_trip/verizon/20241107/121939917/tcp_downlink_122436201.out
[2024-11-07T12:24:42-0500] DL AVG TPUT: 
[2024-11-07T12:24:42-0500] 5G booster finished at 2024-11-07 12:24:42.325 EST, duration: 6.147 s
[2024-11-07T12:24:42-0500] -------------------------------
[2024-11-07T12:24:42-0500] Waiting for 2 s...
[2024-11-07T12:24:44-0500] -------------------------------
[2024-11-07T12:24:44-0500] TCP Ping test started at 2024-11-07 12:24:44.424 EST
[2024-11-07T12:25:15-0500] Current time exceeds end time, skipping wait
[2024-11-07T12:25:15-0500] Saved TCP Ping test to /data/data/com.termux/files/home/storage/shared/bos_la_2024_trip/verizon/20241107/121939917/tcp_ping_122444448.out
[2024-11-07T12:25:15-0500] TCP Ping summary (min/avg/max/mdev) 
[2024-11-07T12:25:15-0500] TCP Ping test finished at 2024-11-07 12:25:15.562 EST, duration: 31.138 s
[2024-11-07T12:25:15-0500] -------------------------------
[2024-11-07T12:25:15-0500] Waiting for 2 s...
[2024-11-07T12:25:17-0500] -------------------------------
[2024-11-07T12:25:17-0500] Traceroute test started at 2024-11-07 12:25:17.690 EST
[2024-11-07T12:25:19-0500] Waiting for 28.476 s to reach end time
[2024-11-07T12:25:47-0500] Saved traceroute test to /data/data/com.termux/files/home/storage/shared/bos_la_2024_trip/verizon/20241107/121939917/traceroute_122517741.out
[2024-11-07T12:25:47-0500] Traceroute summary (min/avg/max/mdev) 
[2024-11-07T12:25:47-0500] Traceroute test finished at 2024-11-07 12:25:47.769 EST, duration: 30.079 s
[2024-11-07T12:25:47-0500] -------------------------------
[2024-11-07T12:25:47-0500] All tests completed, cleaning up...
[2024-11-07T12:25:47-0500] -------------------------------
[2024-11-07T12:26:42-0500] [measurement] Load environment variables from prod.env file
[2024-11-07T12:26:42-0500] [measurement] Load operator-specific env from verizon.env file
[2024-11-07T12:26:42-0500] Starting a network measurement, please choose a server
[2024-11-07T12:26:42-0500] 0) West Cloud: 54.176.53.206
[2024-11-07T12:26:42-0500] 1) East Cloud: 54.197.223.49
[2024-11-07T12:26:42-0500] 2) Los Angeles Wavelength: 161.188.33.234
[2024-11-07T12:26:42-0500] 3) Las Vegas Wavelength: 155.146.118.158
[2024-11-07T12:26:42-0500] 4) Denver Wavelength: 155.146.144.24
[2024-11-07T12:26:42-0500] 5) Chicago Wavelength: 155.146.180.31
[2024-11-07T12:26:42-0500] 6) Boston Wavelength: 155.146.11.34
[2024-11-07T12:26:52-0500] Enter your choice (0-6): Testing verizon, server 1 (ip: 54.197.223.49, nuttcp_port: 5101, iperf_port: 5001)
[2024-11-07T12:26:52-0500] -------------------------------
[2024-11-07T12:26:52-0500] tcp downlink test started at 2024-11-07 12:26:52.662 EST
[2024-11-07T12:26:52-0500] Testing tcp downlink with 54.197.223.49:5101, interval 0.5 s, duration 120 s, timeout 121 s...
[2024-11-07T12:28:53-0500] Current time exceeds end time, skipping wait
[2024-11-07T12:28:53-0500] Saved tcp downlink test to /data/data/com.termux/files/home/storage/shared/bos_la_2024_trip/verizon/20241107/122652638/tcp_downlink_122652687.out
[2024-11-07T12:28:53-0500] DL AVG TPUT: 
[2024-11-07T12:28:53-0500] tcp downlink test finished at 2024-11-07 12:28:53.764 EST, duration: 121.102 s
[2024-11-07T12:28:53-0500] -------------------------------
[2024-11-07T12:28:53-0500] Waiting for 2 s...
[2024-11-07T12:28:55-0500] -------------------------------
[2024-11-07T12:28:55-0500] Starting 5G booster for 5 s...
[2024-11-07T12:28:55-0500] 5G booster started at 2024-11-07 12:28:55.859 EST
[2024-11-07T12:29:01-0500] Current time exceeds end time, skipping wait
[2024-11-07T12:29:01-0500] Saved TCP DL results to /data/data/com.termux/files/home/storage/shared/bos_la_2024_trip/verizon/20241107/122652638/tcp_downlink_122855881.out
[2024-11-07T12:29:02-0500] DL AVG TPUT: 
[2024-11-07T12:29:02-0500] 5G booster finished at 2024-11-07 12:29:01.970 EST, duration: 6.111 s
[2024-11-07T12:29:02-0500] -------------------------------
[2024-11-07T12:29:02-0500] Waiting for 2 s...
[2024-11-07T12:29:04-0500] -------------------------------
[2024-11-07T12:29:04-0500] tcp uplink test started at 2024-11-07 12:29:04.091 EST
[2024-11-07T12:29:04-0500] testing tcp uplink with 54.197.223.49:5101, interval 0.5, duration 120, timeout 121 ...
[2024-11-07T12:31:05-0500] Current time exceeds end time, skipping wait
[2024-11-07T12:31:05-0500] Saved uplink test to /data/data/com.termux/files/home/storage/shared/bos_la_2024_trip/verizon/20241107/122652638/tcp_uplink_122904119.out
[2024-11-07T12:31:05-0500] UL AVG TPUT: 
[2024-11-07T12:31:05-0500] tcp uplink test finished at 2024-11-07 12:31:05.228 EST, duration: 121.137 s
[2024-11-07T12:31:05-0500] -------------------------------
[2024-11-07T12:31:05-0500] Waiting for 2 s...
[2024-11-07T12:31:07-0500] -------------------------------
[2024-11-07T12:31:07-0500] Starting 5G booster for 5 s...
[2024-11-07T12:31:07-0500] 5G booster started at 2024-11-07 12:31:07.370 EST
[2024-11-07T12:31:13-0500] Current time exceeds end time, skipping wait
[2024-11-07T12:31:13-0500] Saved TCP DL results to /data/data/com.termux/files/home/storage/shared/bos_la_2024_trip/verizon/20241107/122652638/tcp_downlink_123107401.out
[2024-11-07T12:31:13-0500] DL AVG TPUT: 
[2024-11-07T12:31:13-0500] 5G booster finished at 2024-11-07 12:31:13.501 EST, duration: 6.131 s
[2024-11-07T12:31:13-0500] -------------------------------
[2024-11-07T12:31:13-0500] Waiting for 2 s...
[2024-11-07T12:31:15-0500] -------------------------------
[2024-11-07T12:31:15-0500] ICMP Ping test started at 2024-11-07 12:31:15.673 EST
[2024-11-07T12:31:45-0500] Waiting for .856 s to reach end time
[2024-11-07T12:31:46-0500] Saved ping test to /data/data/com.termux/files/home/storage/shared/bos_la_2024_trip/verizon/20241107/122652638/icmp_ping_123115708.out
[2024-11-07T12:31:46-0500] Ping summary (min/avg/max/mdev) = 49.285/106.861/1148.643/157.742 ms
[2024-11-07T12:31:46-0500] Ping test finished at 2024-11-07 12:31:46.793 EST, duration: 31.120 s
[2024-11-07T12:31:46-0500] -------------------------------
[2024-11-07T12:31:46-0500] Waiting for 2 s...
[2024-11-07T12:31:48-0500] -------------------------------
[2024-11-07T12:31:48-0500] Starting 5G booster for 5 s...
[2024-11-07T12:31:48-0500] 5G booster started at 2024-11-07 12:31:48.931 EST
[2024-11-07T12:31:55-0500] Current time exceeds end time, skipping wait
[2024-11-07T12:31:55-0500] Saved TCP DL results to /data/data/com.termux/files/home/storage/shared/bos_la_2024_trip/verizon/20241107/122652638/tcp_downlink_123148967.out
[2024-11-07T12:31:55-0500] DL AVG TPUT: 
[2024-11-07T12:31:55-0500] 5G booster finished at 2024-11-07 12:31:55.042 EST, duration: 6.111 s
[2024-11-07T12:31:55-0500] -------------------------------
[2024-11-07T12:31:55-0500] Waiting for 2 s...
[2024-11-07T12:31:57-0500] -------------------------------
[2024-11-07T12:31:57-0500] TCP Ping test started at 2024-11-07 12:31:57.140 EST
[2024-11-07T12:32:28-0500] Current time exceeds end time, skipping wait
[2024-11-07T12:32:28-0500] Saved TCP Ping test to /data/data/com.termux/files/home/storage/shared/bos_la_2024_trip/verizon/20241107/122652638/tcp_ping_123157172.out
[2024-11-07T12:32:28-0500] TCP Ping summary (min/avg/max/mdev) 
[2024-11-07T12:32:28-0500] TCP Ping test finished at 2024-11-07 12:32:28.268 EST, duration: 31.128 s
[2024-11-07T12:32:28-0500] -------------------------------
[2024-11-07T12:32:28-0500] Waiting for 2 s...
[2024-11-07T12:32:30-0500] -------------------------------
[2024-11-07T12:32:30-0500] Traceroute test started at 2024-11-07 12:32:30.393 EST
[2024-11-07T12:32:36-0500] Waiting for 23.472 s to reach end time
[2024-11-07T12:33:00-0500] Saved traceroute test to /data/data/com.termux/files/home/storage/shared/bos_la_2024_trip/verizon/20241107/122652638/traceroute_123230428.out
[2024-11-07T12:33:00-0500] Traceroute summary (min/avg/max/mdev) 
[2024-11-07T12:33:00-0500] Traceroute test finished at 2024-11-07 12:33:00.489 EST, duration: 30.096 s
[2024-11-07T12:33:00-0500] -------------------------------
[2024-11-07T12:33:00-0500] All tests completed, cleaning up...
[2024-11-07T12:33:00-0500] -------------------------------
[2024-11-07T12:38:02-0500] [measurement] Load environment variables from prod.env file
[2024-11-07T12:38:02-0500] [measurement] Load operator-specific env from verizon.env file
[2024-11-07T12:38:02-0500] Starting a network measurement, please choose a server
[2024-11-07T12:38:02-0500] 0) West Cloud: 54.176.53.206
[2024-11-07T12:38:02-0500] 1) East Cloud: 54.197.223.49
[2024-11-07T12:38:02-0500] 2) Los Angeles Wavelength: 161.188.33.234
[2024-11-07T12:38:02-0500] 3) Las Vegas Wavelength: 155.146.118.158
[2024-11-07T12:38:02-0500] 4) Denver Wavelength: 155.146.144.24
[2024-11-07T12:38:02-0500] 5) Chicago Wavelength: 155.146.180.31
[2024-11-07T12:38:02-0500] 6) Boston Wavelength: 155.146.11.34
[2024-11-07T12:38:17-0500] Enter your choice (0-6): Testing verizon, server 1 (ip: 54.197.223.49, nuttcp_port: 5101, iperf_port: 5001)
[2024-11-07T12:38:17-0500] -------------------------------
[2024-11-07T12:38:17-0500] tcp downlink test started at 2024-11-07 12:38:17.818 EST
[2024-11-07T12:38:17-0500] Testing tcp downlink with 54.197.223.49:5101, interval 0.5 s, duration 120 s, timeout 121 s...
[2024-11-07T12:40:18-0500] Current time exceeds end time, skipping wait
[2024-11-07T12:40:18-0500] Saved tcp downlink test to /data/data/com.termux/files/home/storage/shared/bos_la_2024_trip/verizon/20241107/123817800/tcp_downlink_123817851.out
[2024-11-07T12:40:18-0500] DL AVG TPUT: 
[2024-11-07T12:40:19-0500] tcp downlink test finished at 2024-11-07 12:40:18.950 EST, duration: 121.132 s
[2024-11-07T12:40:19-0500] -------------------------------
[2024-11-07T12:40:19-0500] Waiting for 2 s...
[2024-11-07T12:40:21-0500] -------------------------------
[2024-11-07T12:40:21-0500] Starting 5G booster for 5 s...
[2024-11-07T12:40:21-0500] 5G booster started at 2024-11-07 12:40:21.055 EST
[2024-11-07T12:40:27-0500] Current time exceeds end time, skipping wait
[2024-11-07T12:40:27-0500] Saved TCP DL results to /data/data/com.termux/files/home/storage/shared/bos_la_2024_trip/verizon/20241107/123817800/tcp_downlink_124021106.out
[2024-11-07T12:40:27-0500] DL AVG TPUT: 
[2024-11-07T12:40:27-0500] 5G booster finished at 2024-11-07 12:40:27.201 EST, duration: 6.146 s
[2024-11-07T12:40:27-0500] -------------------------------
[2024-11-07T12:40:27-0500] Waiting for 2 s...
[2024-11-07T12:40:29-0500] -------------------------------
[2024-11-07T12:40:29-0500] tcp uplink test started at 2024-11-07 12:40:29.301 EST
[2024-11-07T12:40:29-0500] testing tcp uplink with 54.197.223.49:5101, interval 0.5, duration 120, timeout 121 ...
[2024-11-07T12:42:30-0500] Current time exceeds end time, skipping wait
[2024-11-07T12:42:30-0500] Saved uplink test to /data/data/com.termux/files/home/storage/shared/bos_la_2024_trip/verizon/20241107/123817800/tcp_uplink_124029331.out
[2024-11-07T12:42:30-0500] UL AVG TPUT: 
[2024-11-07T12:42:30-0500] tcp uplink test finished at 2024-11-07 12:42:30.445 EST, duration: 121.144 s
[2024-11-07T12:42:30-0500] -------------------------------
[2024-11-07T12:42:30-0500] Waiting for 2 s...
[2024-11-07T12:42:32-0500] -------------------------------
[2024-11-07T12:42:32-0500] Starting 5G booster for 5 s...
[2024-11-07T12:42:32-0500] 5G booster started at 2024-11-07 12:42:32.602 EST
[2024-11-07T12:42:38-0500] Current time exceeds end time, skipping wait
[2024-11-07T12:42:38-0500] Saved TCP DL results to /data/data/com.termux/files/home/storage/shared/bos_la_2024_trip/verizon/20241107/123817800/tcp_downlink_124232640.out
[2024-11-07T12:42:38-0500] DL AVG TPUT: 
[2024-11-07T12:42:38-0500] 5G booster finished at 2024-11-07 12:42:38.755 EST, duration: 6.153 s
[2024-11-07T12:42:38-0500] -------------------------------
[2024-11-07T12:42:38-0500] Waiting for 2 s...
[2024-11-07T12:42:40-0500] -------------------------------
[2024-11-07T12:42:40-0500] ICMP Ping test started at 2024-11-07 12:42:40.879 EST
[2024-11-07T12:43:11-0500] Waiting for .854 s to reach end time
[2024-11-07T12:43:12-0500] Saved ping test to /data/data/com.termux/files/home/storage/shared/bos_la_2024_trip/verizon/20241107/123817800/icmp_ping_124240931.out
[2024-11-07T12:43:12-0500] Ping summary (min/avg/max/mdev) = 48.842/59.309/73.385/4.725 ms
[2024-11-07T12:43:12-0500] Ping test finished at 2024-11-07 12:43:12.018 EST, duration: 31.139 s
[2024-11-07T12:43:12-0500] -------------------------------
[2024-11-07T12:43:12-0500] Waiting for 2 s...
[2024-11-07T12:43:14-0500] -------------------------------
[2024-11-07T12:43:14-0500] Starting 5G booster for 5 s...
[2024-11-07T12:43:14-0500] 5G booster started at 2024-11-07 12:43:14.201 EST
[2024-11-07T12:43:20-0500] Current time exceeds end time, skipping wait
[2024-11-07T12:43:20-0500] Saved TCP DL results to /data/data/com.termux/files/home/storage/shared/bos_la_2024_trip/verizon/20241107/123817800/tcp_downlink_124314237.out
[2024-11-07T12:43:20-0500] DL AVG TPUT: 
[2024-11-07T12:43:20-0500] 5G booster finished at 2024-11-07 12:43:20.364 EST, duration: 6.163 s
[2024-11-07T12:43:20-0500] -------------------------------
[2024-11-07T12:43:20-0500] Waiting for 2 s...
[2024-11-07T12:43:22-0500] -------------------------------
[2024-11-07T12:43:22-0500] TCP Ping test started at 2024-11-07 12:43:22.573 EST
[2024-11-07T12:43:53-0500] Current time exceeds end time, skipping wait
[2024-11-07T12:43:53-0500] Saved TCP Ping test to /data/data/com.termux/files/home/storage/shared/bos_la_2024_trip/verizon/20241107/123817800/tcp_ping_124322632.out
[2024-11-07T12:43:53-0500] TCP Ping summary (min/avg/max/mdev) 
[2024-11-07T12:43:53-0500] TCP Ping test finished at 2024-11-07 12:43:53.703 EST, duration: 31.130 s
[2024-11-07T12:43:53-0500] -------------------------------
[2024-11-07T12:43:53-0500] Waiting for 2 s...
[2024-11-07T12:43:55-0500] -------------------------------
[2024-11-07T12:43:55-0500] Traceroute test started at 2024-11-07 12:43:55.818 EST
[2024-11-07T12:43:57-0500] Waiting for 28.495 s to reach end time
[2024-11-07T12:44:25-0500] Saved traceroute test to /data/data/com.termux/files/home/storage/shared/bos_la_2024_trip/verizon/20241107/123817800/traceroute_124355847.out
[2024-11-07T12:44:25-0500] Traceroute summary (min/avg/max/mdev) 
[2024-11-07T12:44:25-0500] Traceroute test finished at 2024-11-07 12:44:25.911 EST, duration: 30.093 s
[2024-11-07T12:44:25-0500] -------------------------------
[2024-11-07T12:44:25-0500] All tests completed, cleaning up...
[2024-11-07T12:44:25-0500] -------------------------------
[2024-11-07T12:45:03-0500] [measurement] Load environment variables from prod.env file
[2024-11-07T12:45:03-0500] [measurement] Load operator-specific env from verizon.env file
[2024-11-07T12:45:03-0500] Starting a network measurement, please choose a server
[2024-11-07T12:45:03-0500] 0) West Cloud: 54.176.53.206
[2024-11-07T12:45:03-0500] 1) East Cloud: 54.197.223.49
[2024-11-07T12:45:03-0500] 2) Los Angeles Wavelength: 161.188.33.234
[2024-11-07T12:45:03-0500] 3) Las Vegas Wavelength: 155.146.118.158
[2024-11-07T12:45:03-0500] 4) Denver Wavelength: 155.146.144.24
[2024-11-07T12:45:03-0500] 5) Chicago Wavelength: 155.146.180.31
[2024-11-07T12:45:03-0500] 6) Boston Wavelength: 155.146.11.34
[2024-11-07T12:45:21-0500] Enter your choice (0-6): Testing verizon, server 1 (ip: 54.197.223.49, nuttcp_port: 5101, iperf_port: 5001)
[2024-11-07T12:45:21-0500] -------------------------------
[2024-11-07T12:45:21-0500] tcp downlink test started at 2024-11-07 12:45:21.943 EST
[2024-11-07T12:45:21-0500] Testing tcp downlink with 54.197.223.49:5101, interval 0.5 s, duration 120 s, timeout 121 s...
[2024-11-07T12:47:23-0500] Current time exceeds end time, skipping wait
[2024-11-07T12:47:23-0500] Saved tcp downlink test to /data/data/com.termux/files/home/storage/shared/bos_la_2024_trip/verizon/20241107/124521926/tcp_downlink_124521977.out
[2024-11-07T12:47:23-0500] DL AVG TPUT: 
[2024-11-07T12:47:23-0500] tcp downlink test finished at 2024-11-07 12:47:23.075 EST, duration: 121.132 s
[2024-11-07T12:47:23-0500] -------------------------------
[2024-11-07T12:47:23-0500] Waiting for 2 s...
[2024-11-07T12:47:25-0500] -------------------------------
[2024-11-07T12:47:25-0500] Starting 5G booster for 5 s...
[2024-11-07T12:47:25-0500] 5G booster started at 2024-11-07 12:47:25.209 EST
[2024-11-07T12:47:31-0500] Current time exceeds end time, skipping wait
[2024-11-07T12:47:31-0500] Saved TCP DL results to /data/data/com.termux/files/home/storage/shared/bos_la_2024_trip/verizon/20241107/124521926/tcp_downlink_124725244.out
[2024-11-07T12:47:31-0500] DL AVG TPUT: 
[2024-11-07T12:47:31-0500] 5G booster finished at 2024-11-07 12:47:31.327 EST, duration: 6.118 s
[2024-11-07T12:47:31-0500] -------------------------------
[2024-11-07T12:47:31-0500] Waiting for 2 s...
[2024-11-07T12:47:33-0500] -------------------------------
[2024-11-07T12:47:33-0500] tcp uplink test started at 2024-11-07 12:47:33.458 EST
[2024-11-07T12:47:33-0500] testing tcp uplink with 54.197.223.49:5101, interval 0.5, duration 120, timeout 121 ...
[2024-11-07T12:49:34-0500] Current time exceeds end time, skipping wait
[2024-11-07T12:49:34-0500] Saved uplink test to /data/data/com.termux/files/home/storage/shared/bos_la_2024_trip/verizon/20241107/124521926/tcp_uplink_124733509.out
[2024-11-07T12:49:34-0500] UL AVG TPUT: 
[2024-11-07T12:49:34-0500] tcp uplink test finished at 2024-11-07 12:49:34.602 EST, duration: 121.144 s
[2024-11-07T12:49:34-0500] -------------------------------
[2024-11-07T12:49:34-0500] Waiting for 2 s...
[2024-11-07T12:49:36-0500] -------------------------------
[2024-11-07T12:49:36-0500] Starting 5G booster for 5 s...
[2024-11-07T12:49:36-0500] 5G booster started at 2024-11-07 12:49:36.750 EST
[2024-11-07T12:49:42-0500] Current time exceeds end time, skipping wait
[2024-11-07T12:49:42-0500] Saved TCP DL results to /data/data/com.termux/files/home/storage/shared/bos_la_2024_trip/verizon/20241107/124521926/tcp_downlink_124936813.out
[2024-11-07T12:49:42-0500] DL AVG TPUT: 
[2024-11-07T12:49:43-0500] 5G booster finished at 2024-11-07 12:49:42.956 EST, duration: 6.206 s
[2024-11-07T12:49:43-0500] -------------------------------
[2024-11-07T12:49:43-0500] Waiting for 2 s...
[2024-11-07T12:49:45-0500] -------------------------------
[2024-11-07T12:49:45-0500] ICMP Ping test started at 2024-11-07 12:49:45.093 EST
[2024-11-07T12:50:15-0500] Waiting for .900 s to reach end time
[2024-11-07T12:50:16-0500] Saved ping test to /data/data/com.termux/files/home/storage/shared/bos_la_2024_trip/verizon/20241107/124521926/icmp_ping_124945120.out
[2024-11-07T12:50:16-0500] Ping summary (min/avg/max/mdev) = 43.692/57.387/114.305/6.424 ms
[2024-11-07T12:50:16-0500] Ping test finished at 2024-11-07 12:50:16.170 EST, duration: 31.077 s
[2024-11-07T12:50:16-0500] -------------------------------
[2024-11-07T12:50:16-0500] Waiting for 2 s...
[2024-11-07T12:50:18-0500] -------------------------------
[2024-11-07T12:50:18-0500] Starting 5G booster for 5 s...
[2024-11-07T12:50:18-0500] 5G booster started at 2024-11-07 12:50:18.262 EST
[2024-11-07T12:50:24-0500] Current time exceeds end time, skipping wait
[2024-11-07T12:50:24-0500] Saved TCP DL results to /data/data/com.termux/files/home/storage/shared/bos_la_2024_trip/verizon/20241107/124521926/tcp_downlink_125018283.out
[2024-11-07T12:50:24-0500] DL AVG TPUT: 
[2024-11-07T12:50:24-0500] 5G booster finished at 2024-11-07 12:50:24.402 EST, duration: 6.140 s
[2024-11-07T12:50:24-0500] -------------------------------
[2024-11-07T12:50:24-0500] Waiting for 2 s...
[2024-11-07T12:50:26-0500] -------------------------------
[2024-11-07T12:50:26-0500] TCP Ping test started at 2024-11-07 12:50:26.505 EST
[2024-11-07T12:50:57-0500] Current time exceeds end time, skipping wait
[2024-11-07T12:50:57-0500] Saved TCP Ping test to /data/data/com.termux/files/home/storage/shared/bos_la_2024_trip/verizon/20241107/124521926/tcp_ping_125026534.out
[2024-11-07T12:50:57-0500] TCP Ping summary (min/avg/max/mdev) 
[2024-11-07T12:50:57-0500] TCP Ping test finished at 2024-11-07 12:50:57.646 EST, duration: 31.141 s
[2024-11-07T12:50:57-0500] -------------------------------
[2024-11-07T12:50:57-0500] Waiting for 2 s...
[2024-11-07T12:50:59-0500] -------------------------------
[2024-11-07T12:50:59-0500] Traceroute test started at 2024-11-07 12:50:59.754 EST
[2024-11-07T12:51:01-0500] Waiting for 28.573 s to reach end time
[2024-11-07T12:51:29-0500] Saved traceroute test to /data/data/com.termux/files/home/storage/shared/bos_la_2024_trip/verizon/20241107/124521926/traceroute_125059787.out
[2024-11-07T12:51:29-0500] Traceroute summary (min/avg/max/mdev) 
[2024-11-07T12:51:29-0500] Traceroute test finished at 2024-11-07 12:51:29.871 EST, duration: 30.117 s
[2024-11-07T12:51:29-0500] -------------------------------
[2024-11-07T12:51:29-0500] All tests completed, cleaning up...
[2024-11-07T12:51:29-0500] -------------------------------
[2024-11-07T12:52:42-0500] [measurement] Load environment variables from prod.env file
[2024-11-07T12:52:42-0500] [measurement] Load operator-specific env from verizon.env file
[2024-11-07T12:52:42-0500] Starting a network measurement, please choose a server
[2024-11-07T12:52:42-0500] 0) West Cloud: 54.176.53.206
[2024-11-07T12:52:42-0500] 1) East Cloud: 54.197.223.49
[2024-11-07T12:52:42-0500] 2) Los Angeles Wavelength: 161.188.33.234
[2024-11-07T12:52:42-0500] 3) Las Vegas Wavelength: 155.146.118.158
[2024-11-07T12:52:42-0500] 4) Denver Wavelength: 155.146.144.24
[2024-11-07T12:52:42-0500] 5) Chicago Wavelength: 155.146.180.31
[2024-11-07T12:52:42-0500] 6) Boston Wavelength: 155.146.11.34
[2024-11-07T12:52:57-0500] Enter your choice (0-6): Testing verizon, server 1 (ip: 54.197.223.49, nuttcp_port: 5101, iperf_port: 5001)
[2024-11-07T12:52:57-0500] -------------------------------
[2024-11-07T12:52:57-0500] tcp downlink test started at 2024-11-07 12:52:57.754 EST
[2024-11-07T12:52:57-0500] Testing tcp downlink with 54.197.223.49:5101, interval 0.5 s, duration 120 s, timeout 121 s...
[2024-11-07T12:54:58-0500] Current time exceeds end time, skipping wait
[2024-11-07T12:54:58-0500] Saved tcp downlink test to /data/data/com.termux/files/home/storage/shared/bos_la_2024_trip/verizon/20241107/125257711/tcp_downlink_125257794.out
[2024-11-07T12:54:58-0500] DL AVG TPUT: 
[2024-11-07T12:54:58-0500] tcp downlink test finished at 2024-11-07 12:54:58.901 EST, duration: 121.147 s
[2024-11-07T12:54:58-0500] -------------------------------
[2024-11-07T12:54:58-0500] Waiting for 2 s...
[2024-11-07T12:55:01-0500] -------------------------------
[2024-11-07T12:55:01-0500] Starting 5G booster for 5 s...
[2024-11-07T12:55:01-0500] 5G booster started at 2024-11-07 12:55:01.034 EST
[2024-11-07T12:55:07-0500] Current time exceeds end time, skipping wait
[2024-11-07T12:55:07-0500] Saved TCP DL results to /data/data/com.termux/files/home/storage/shared/bos_la_2024_trip/verizon/20241107/125257711/tcp_downlink_125501086.out
[2024-11-07T12:55:07-0500] DL AVG TPUT: 
[2024-11-07T12:55:07-0500] 5G booster finished at 2024-11-07 12:55:07.193 EST, duration: 6.159 s
[2024-11-07T12:55:07-0500] -------------------------------
[2024-11-07T12:55:07-0500] Waiting for 2 s...
[2024-11-07T12:55:09-0500] -------------------------------
[2024-11-07T12:55:09-0500] tcp uplink test started at 2024-11-07 12:55:09.330 EST
[2024-11-07T12:55:09-0500] testing tcp uplink with 54.197.223.49:5101, interval 0.5, duration 120, timeout 121 ...
[2024-11-07T12:57:10-0500] Current time exceeds end time, skipping wait
[2024-11-07T12:57:10-0500] Saved uplink test to /data/data/com.termux/files/home/storage/shared/bos_la_2024_trip/verizon/20241107/125257711/tcp_uplink_125509366.out
[2024-11-07T12:57:10-0500] UL AVG TPUT: 
[2024-11-07T12:57:10-0500] tcp uplink test finished at 2024-11-07 12:57:10.479 EST, duration: 121.149 s
[2024-11-07T12:57:10-0500] -------------------------------
[2024-11-07T12:57:10-0500] Waiting for 2 s...
[2024-11-07T12:57:12-0500] -------------------------------
[2024-11-07T12:57:12-0500] Starting 5G booster for 5 s...
[2024-11-07T12:57:12-0500] 5G booster started at 2024-11-07 12:57:12.626 EST
[2024-11-07T12:57:18-0500] Current time exceeds end time, skipping wait
[2024-11-07T12:57:18-0500] Saved TCP DL results to /data/data/com.termux/files/home/storage/shared/bos_la_2024_trip/verizon/20241107/125257711/tcp_downlink_125712656.out
[2024-11-07T12:57:18-0500] DL AVG TPUT: 
[2024-11-07T12:57:18-0500] 5G booster finished at 2024-11-07 12:57:18.747 EST, duration: 6.121 s
[2024-11-07T12:57:18-0500] -------------------------------
[2024-11-07T12:57:18-0500] Waiting for 2 s...
[2024-11-07T12:57:20-0500] -------------------------------
[2024-11-07T12:57:20-0500] ICMP Ping test started at 2024-11-07 12:57:20.890 EST
[2024-11-07T12:57:51-0500] Waiting for .911 s to reach end time
[2024-11-07T12:57:51-0500] Saved ping test to /data/data/com.termux/files/home/storage/shared/bos_la_2024_trip/verizon/20241107/125257711/icmp_ping_125720921.out
[2024-11-07T12:57:52-0500] Ping summary (min/avg/max/mdev) = 46.376/68.009/201.766/31.647 ms
[2024-11-07T12:57:52-0500] Ping test finished at 2024-11-07 12:57:51.985 EST, duration: 31.095 s
[2024-11-07T12:57:52-0500] -------------------------------
[2024-11-07T12:57:52-0500] Waiting for 2 s...
[2024-11-07T12:57:54-0500] -------------------------------
[2024-11-07T12:57:54-0500] Starting 5G booster for 5 s...
[2024-11-07T12:57:54-0500] 5G booster started at 2024-11-07 12:57:54.103 EST
[2024-11-07T12:58:00-0500] Current time exceeds end time, skipping wait
[2024-11-07T12:58:00-0500] Saved TCP DL results to /data/data/com.termux/files/home/storage/shared/bos_la_2024_trip/verizon/20241107/125257711/tcp_downlink_125754154.out
[2024-11-07T12:58:00-0500] DL AVG TPUT: 
[2024-11-07T12:58:00-0500] 5G booster finished at 2024-11-07 12:58:00.238 EST, duration: 6.135 s
[2024-11-07T12:58:00-0500] -------------------------------
[2024-11-07T12:58:00-0500] Waiting for 2 s...
[2024-11-07T12:58:02-0500] -------------------------------
[2024-11-07T12:58:02-0500] TCP Ping test started at 2024-11-07 12:58:02.344 EST
[2024-11-07T12:58:33-0500] Current time exceeds end time, skipping wait
[2024-11-07T12:58:33-0500] Saved TCP Ping test to /data/data/com.termux/files/home/storage/shared/bos_la_2024_trip/verizon/20241107/125257711/tcp_ping_125802409.out
[2024-11-07T12:58:33-0500] TCP Ping summary (min/avg/max/mdev) 
[2024-11-07T12:58:33-0500] TCP Ping test finished at 2024-11-07 12:58:33.494 EST, duration: 31.150 s
[2024-11-07T12:58:33-0500] -------------------------------
[2024-11-07T12:58:33-0500] Waiting for 2 s...
[2024-11-07T12:58:35-0500] -------------------------------
[2024-11-07T12:58:35-0500] Traceroute test started at 2024-11-07 12:58:35.602 EST
[2024-11-07T12:58:36-0500] Waiting for 28.860 s to reach end time
[2024-11-07T12:59:05-0500] Saved traceroute test to /data/data/com.termux/files/home/storage/shared/bos_la_2024_trip/verizon/20241107/125257711/traceroute_125835631.out
[2024-11-07T12:59:05-0500] Traceroute summary (min/avg/max/mdev) 
[2024-11-07T12:59:05-0500] Traceroute test finished at 2024-11-07 12:59:05.710 EST, duration: 30.108 s
[2024-11-07T12:59:05-0500] -------------------------------
[2024-11-07T12:59:05-0500] All tests completed, cleaning up...
[2024-11-07T12:59:05-0500] -------------------------------
[2024-11-07T13:00:13-0500] [measurement] Load environment variables from prod.env file
[2024-11-07T13:00:13-0500] [measurement] Load operator-specific env from verizon.env file
[2024-11-07T13:00:13-0500] Starting a network measurement, please choose a server
[2024-11-07T13:00:13-0500] 0) West Cloud: 54.176.53.206
[2024-11-07T13:00:13-0500] 1) East Cloud: 54.197.223.49
[2024-11-07T13:00:13-0500] 2) Los Angeles Wavelength: 161.188.33.234
[2024-11-07T13:00:13-0500] 3) Las Vegas Wavelength: 155.146.118.158
[2024-11-07T13:00:13-0500] 4) Denver Wavelength: 155.146.144.24
[2024-11-07T13:00:13-0500] 5) Chicago Wavelength: 155.146.180.31
[2024-11-07T13:00:13-0500] 6) Boston Wavelength: 155.146.11.34
[2024-11-07T13:00:28-0500] Enter your choice (0-6): Testing verizon, server 1 (ip: 54.197.223.49, nuttcp_port: 5101, iperf_port: 5001)
[2024-11-07T13:00:28-0500] -------------------------------
[2024-11-07T13:00:28-0500] tcp downlink test started at 2024-11-07 13:00:28.654 EST
[2024-11-07T13:00:28-0500] Testing tcp downlink with 54.197.223.49:5101, interval 0.5 s, duration 120 s, timeout 121 s...
[2024-11-07T13:02:29-0500] Current time exceeds end time, skipping wait
[2024-11-07T13:02:29-0500] Saved tcp downlink test to /data/data/com.termux/files/home/storage/shared/bos_la_2024_trip/verizon/20241107/130028626/tcp_downlink_130028682.out
[2024-11-07T13:02:29-0500] DL AVG TPUT: 
[2024-11-07T13:02:29-0500] tcp downlink test finished at 2024-11-07 13:02:29.776 EST, duration: 121.122 s
[2024-11-07T13:02:29-0500] -------------------------------
[2024-11-07T13:02:29-0500] Waiting for 2 s...
[2024-11-07T13:02:31-0500] -------------------------------
[2024-11-07T13:02:31-0500] Starting 5G booster for 5 s...
[2024-11-07T13:02:31-0500] 5G booster started at 2024-11-07 13:02:31.914 EST
[2024-11-07T13:02:38-0500] Current time exceeds end time, skipping wait
[2024-11-07T13:02:38-0500] Saved TCP DL results to /data/data/com.termux/files/home/storage/shared/bos_la_2024_trip/verizon/20241107/130028626/tcp_downlink_130231945.out
[2024-11-07T13:02:38-0500] DL AVG TPUT: 
[2024-11-07T13:02:38-0500] 5G booster finished at 2024-11-07 13:02:38.031 EST, duration: 6.117 s
[2024-11-07T13:02:38-0500] -------------------------------
[2024-11-07T13:02:38-0500] Waiting for 2 s...
[2024-11-07T13:02:40-0500] -------------------------------
[2024-11-07T13:02:40-0500] tcp uplink test started at 2024-11-07 13:02:40.149 EST
[2024-11-07T13:02:40-0500] testing tcp uplink with 54.197.223.49:5101, interval 0.5, duration 120, timeout 121 ...
[2024-11-07T13:04:41-0500] Waiting for .084 s to reach end time
[2024-11-07T13:04:41-0500] Saved uplink test to /data/data/com.termux/files/home/storage/shared/bos_la_2024_trip/verizon/20241107/130028626/tcp_uplink_130240178.out
[2024-11-07T13:04:41-0500] UL AVG TPUT: 32.8787 Mbps
[2024-11-07T13:04:41-0500] tcp uplink test finished at 2024-11-07 13:04:41.237 EST, duration: 121.088 s
[2024-11-07T13:04:41-0500] -------------------------------
[2024-11-07T13:04:41-0500] Waiting for 2 s...
[2024-11-07T13:04:43-0500] -------------------------------
[2024-11-07T13:04:43-0500] Starting 5G booster for 5 s...
[2024-11-07T13:04:43-0500] 5G booster started at 2024-11-07 13:04:43.362 EST
[2024-11-07T13:04:49-0500] Current time exceeds end time, skipping wait
[2024-11-07T13:04:49-0500] Saved TCP DL results to /data/data/com.termux/files/home/storage/shared/bos_la_2024_trip/verizon/20241107/130028626/tcp_downlink_130443397.out
[2024-11-07T13:04:49-0500] DL AVG TPUT: 
[2024-11-07T13:04:49-0500] 5G booster finished at 2024-11-07 13:04:49.490 EST, duration: 6.128 s
[2024-11-07T13:04:49-0500] -------------------------------
[2024-11-07T13:04:49-0500] Waiting for 2 s...
[2024-11-07T13:04:51-0500] -------------------------------
[2024-11-07T13:04:51-0500] ICMP Ping test started at 2024-11-07 13:04:51.626 EST
[2024-11-07T13:05:21-0500] Waiting for .863 s to reach end time
[2024-11-07T13:05:22-0500] Saved ping test to /data/data/com.termux/files/home/storage/shared/bos_la_2024_trip/verizon/20241107/130028626/icmp_ping_130451658.out
[2024-11-07T13:05:22-0500] Ping summary (min/avg/max/mdev) = 36.731/54.892/406.904/34.039 ms
[2024-11-07T13:05:22-0500] Ping test finished at 2024-11-07 13:05:22.723 EST, duration: 31.097 s
[2024-11-07T13:05:22-0500] -------------------------------
[2024-11-07T13:05:22-0500] Waiting for 2 s...
[2024-11-07T13:05:24-0500] -------------------------------
[2024-11-07T13:05:24-0500] Starting 5G booster for 5 s...
[2024-11-07T13:05:24-0500] 5G booster started at 2024-11-07 13:05:24.865 EST
[2024-11-07T13:05:31-0500] Current time exceeds end time, skipping wait
[2024-11-07T13:05:31-0500] Saved TCP DL results to /data/data/com.termux/files/home/storage/shared/bos_la_2024_trip/verizon/20241107/130028626/tcp_downlink_130524915.out
[2024-11-07T13:05:31-0500] DL AVG TPUT: 
[2024-11-07T13:05:31-0500] 5G booster finished at 2024-11-07 13:05:31.027 EST, duration: 6.162 s
[2024-11-07T13:05:31-0500] -------------------------------
[2024-11-07T13:05:31-0500] Waiting for 2 s...
[2024-11-07T13:05:33-0500] -------------------------------
[2024-11-07T13:05:33-0500] TCP Ping test started at 2024-11-07 13:05:33.152 EST
[2024-11-07T13:06:04-0500] Current time exceeds end time, skipping wait
[2024-11-07T13:06:04-0500] Saved TCP Ping test to /data/data/com.termux/files/home/storage/shared/bos_la_2024_trip/verizon/20241107/130028626/tcp_ping_130533198.out
[2024-11-07T13:06:04-0500] TCP Ping summary (min/avg/max/mdev) 
[2024-11-07T13:06:04-0500] TCP Ping test finished at 2024-11-07 13:06:04.344 EST, duration: 31.192 s
[2024-11-07T13:06:04-0500] -------------------------------
[2024-11-07T13:06:04-0500] Waiting for 2 s...
[2024-11-07T13:06:06-0500] -------------------------------
[2024-11-07T13:06:06-0500] Traceroute test started at 2024-11-07 13:06:06.474 EST
[2024-11-07T13:06:07-0500] Waiting for 28.623 s to reach end time
[2024-11-07T13:06:36-0500] Saved traceroute test to /data/data/com.termux/files/home/storage/shared/bos_la_2024_trip/verizon/20241107/130028626/traceroute_130606504.out
[2024-11-07T13:06:36-0500] Traceroute summary (min/avg/max/mdev) 
[2024-11-07T13:06:36-0500] Traceroute test finished at 2024-11-07 13:06:36.569 EST, duration: 30.095 s
[2024-11-07T13:06:36-0500] -------------------------------
[2024-11-07T13:06:36-0500] All tests completed, cleaning up...
[2024-11-07T13:06:36-0500] -------------------------------
[2024-11-07T13:07:05-0500] [measurement] Load environment variables from prod.env file
[2024-11-07T13:07:05-0500] [measurement] Load operator-specific env from verizon.env file
[2024-11-07T13:07:05-0500] Starting a network measurement, please choose a server
[2024-11-07T13:07:05-0500] 0) West Cloud: 54.176.53.206
[2024-11-07T13:07:05-0500] 1) East Cloud: 54.197.223.49
[2024-11-07T13:07:05-0500] 2) Los Angeles Wavelength: 161.188.33.234
[2024-11-07T13:07:05-0500] 3) Las Vegas Wavelength: 155.146.118.158
[2024-11-07T13:07:05-0500] 4) Denver Wavelength: 155.146.144.24
[2024-11-07T13:07:05-0500] 5) Chicago Wavelength: 155.146.180.31
[2024-11-07T13:07:05-0500] 6) Boston Wavelength: 155.146.11.34
[2024-11-07T13:07:18-0500] Enter your choice (0-6): Testing verizon, server 1 (ip: 54.197.223.49, nuttcp_port: 5101, iperf_port: 5001)
[2024-11-07T13:07:18-0500] -------------------------------
[2024-11-07T13:07:18-0500] tcp downlink test started at 2024-11-07 13:07:18.424 EST
[2024-11-07T13:07:18-0500] Testing tcp downlink with 54.197.223.49:5101, interval 0.5 s, duration 120 s, timeout 121 s...
[2024-11-07T13:09:19-0500] Current time exceeds end time, skipping wait
[2024-11-07T13:09:19-0500] Saved tcp downlink test to /data/data/com.termux/files/home/storage/shared/bos_la_2024_trip/verizon/20241107/130718404/tcp_downlink_130718453.out
[2024-11-07T13:09:19-0500] DL AVG TPUT: 
[2024-11-07T13:09:19-0500] tcp downlink test finished at 2024-11-07 13:09:19.545 EST, duration: 121.121 s
[2024-11-07T13:09:19-0500] -------------------------------
[2024-11-07T13:09:19-0500] Waiting for 2 s...
[2024-11-07T13:09:21-0500] -------------------------------
[2024-11-07T13:09:21-0500] Starting 5G booster for 5 s...
[2024-11-07T13:09:21-0500] 5G booster started at 2024-11-07 13:09:21.686 EST
[2024-11-07T13:09:27-0500] Current time exceeds end time, skipping wait
[2024-11-07T13:09:27-0500] Saved TCP DL results to /data/data/com.termux/files/home/storage/shared/bos_la_2024_trip/verizon/20241107/130718404/tcp_downlink_130921747.out
[2024-11-07T13:09:27-0500] DL AVG TPUT: 
[2024-11-07T13:09:27-0500] 5G booster finished at 2024-11-07 13:09:27.850 EST, duration: 6.164 s
[2024-11-07T13:09:27-0500] -------------------------------
[2024-11-07T13:09:27-0500] Waiting for 2 s...
[2024-11-07T13:09:29-0500] -------------------------------
[2024-11-07T13:09:30-0500] tcp uplink test started at 2024-11-07 13:09:29.974 EST
[2024-11-07T13:09:30-0500] testing tcp uplink with 54.197.223.49:5101, interval 0.5, duration 120, timeout 121 ...
[2024-11-07T13:11:31-0500] Current time exceeds end time, skipping wait
[2024-11-07T13:11:31-0500] Saved uplink test to /data/data/com.termux/files/home/storage/shared/bos_la_2024_trip/verizon/20241107/130718404/tcp_uplink_130930015.out
[2024-11-07T13:11:31-0500] UL AVG TPUT: 
[2024-11-07T13:11:31-0500] tcp uplink test finished at 2024-11-07 13:11:31.086 EST, duration: 121.112 s
[2024-11-07T13:11:31-0500] -------------------------------
[2024-11-07T13:11:31-0500] Waiting for 2 s...
[2024-11-07T13:11:33-0500] -------------------------------
[2024-11-07T13:11:33-0500] Starting 5G booster for 5 s...
[2024-11-07T13:11:33-0500] 5G booster started at 2024-11-07 13:11:33.185 EST
[2024-11-07T13:11:39-0500] Current time exceeds end time, skipping wait
[2024-11-07T13:11:39-0500] Saved TCP DL results to /data/data/com.termux/files/home/storage/shared/bos_la_2024_trip/verizon/20241107/130718404/tcp_downlink_131133210.out
[2024-11-07T13:11:39-0500] DL AVG TPUT: 
[2024-11-07T13:11:39-0500] 5G booster finished at 2024-11-07 13:11:39.298 EST, duration: 6.113 s
[2024-11-07T13:11:39-0500] -------------------------------
[2024-11-07T13:11:39-0500] Waiting for 2 s...
[2024-11-07T13:11:41-0500] -------------------------------
[2024-11-07T13:11:41-0500] ICMP Ping test started at 2024-11-07 13:11:41.417 EST
[2024-11-07T13:12:11-0500] Waiting for .895 s to reach end time
[2024-11-07T13:12:12-0500] Saved ping test to /data/data/com.termux/files/home/storage/shared/bos_la_2024_trip/verizon/20241107/130718404/icmp_ping_131141455.out
[2024-11-07T13:12:12-0500] Ping summary (min/avg/max/mdev) = 36.807/47.068/65.293/4.365 ms
[2024-11-07T13:12:12-0500] Ping test finished at 2024-11-07 13:12:12.524 EST, duration: 31.107 s
[2024-11-07T13:12:12-0500] -------------------------------
[2024-11-07T13:12:12-0500] Waiting for 2 s...
[2024-11-07T13:12:14-0500] -------------------------------
[2024-11-07T13:12:14-0500] Starting 5G booster for 5 s...
[2024-11-07T13:12:14-0500] 5G booster started at 2024-11-07 13:12:14.642 EST
[2024-11-07T13:12:20-0500] Current time exceeds end time, skipping wait
[2024-11-07T13:12:20-0500] Saved TCP DL results to /data/data/com.termux/files/home/storage/shared/bos_la_2024_trip/verizon/20241107/130718404/tcp_downlink_131214697.out
[2024-11-07T13:12:20-0500] DL AVG TPUT: 
[2024-11-07T13:12:20-0500] 5G booster finished at 2024-11-07 13:12:20.795 EST, duration: 6.153 s
[2024-11-07T13:12:20-0500] -------------------------------
[2024-11-07T13:12:20-0500] Waiting for 2 s...
[2024-11-07T13:12:22-0500] -------------------------------
[2024-11-07T13:12:22-0500] TCP Ping test started at 2024-11-07 13:12:22.923 EST
[2024-11-07T13:12:54-0500] Current time exceeds end time, skipping wait
[2024-11-07T13:12:54-0500] Saved TCP Ping test to /data/data/com.termux/files/home/storage/shared/bos_la_2024_trip/verizon/20241107/130718404/tcp_ping_131222956.out
[2024-11-07T13:12:54-0500] TCP Ping summary (min/avg/max/mdev) 
[2024-11-07T13:12:54-0500] TCP Ping test finished at 2024-11-07 13:12:54.041 EST, duration: 31.118 s
[2024-11-07T13:12:54-0500] -------------------------------
[2024-11-07T13:12:54-0500] Waiting for 2 s...
[2024-11-07T13:12:56-0500] -------------------------------
[2024-11-07T13:12:56-0500] Traceroute test started at 2024-11-07 13:12:56.157 EST
[2024-11-07T13:12:57-0500] Waiting for 28.328 s to reach end time
[2024-11-07T13:13:26-0500] Saved traceroute test to /data/data/com.termux/files/home/storage/shared/bos_la_2024_trip/verizon/20241107/130718404/traceroute_131256190.out
[2024-11-07T13:13:26-0500] Traceroute summary (min/avg/max/mdev) 
[2024-11-07T13:13:26-0500] Traceroute test finished at 2024-11-07 13:13:26.214 EST, duration: 30.057 s
[2024-11-07T13:13:26-0500] -------------------------------
[2024-11-07T13:13:26-0500] All tests completed, cleaning up...
[2024-11-07T13:13:26-0500] -------------------------------
[2024-11-07T14:03:39-0500] [measurement] Load environment variables from prod.env file
[2024-11-07T14:03:39-0500] [measurement] Load operator-specific env from verizon.env file
[2024-11-07T14:03:39-0500] Starting a network measurement, please choose a server
[2024-11-07T14:03:39-0500] 0) West Cloud: 54.176.53.206
[2024-11-07T14:03:39-0500] 1) East Cloud: 54.197.223.49
[2024-11-07T14:03:39-0500] 2) Los Angeles Wavelength: 161.188.33.234
[2024-11-07T14:03:39-0500] 3) Las Vegas Wavelength: 155.146.118.158
[2024-11-07T14:03:39-0500] 4) Denver Wavelength: 155.146.144.24
[2024-11-07T14:03:39-0500] 5) Chicago Wavelength: 155.146.180.31
[2024-11-07T14:03:39-0500] 6) Boston Wavelength: 155.146.11.34
[2024-11-07T14:05:08-0500] Enter your choice (0-6): Testing verizon, server 1 (ip: 54.197.223.49, nuttcp_port: 5101, iperf_port: 5001)
[2024-11-07T14:05:08-0500] -------------------------------
[2024-11-07T14:05:08-0500] tcp downlink test started at 2024-11-07 14:05:08.366 EST
[2024-11-07T14:05:08-0500] Testing tcp downlink with 54.197.223.49:5101, interval 0.5 s, duration 120 s, timeout 121 s...
[2024-11-07T14:07:09-0500] Current time exceeds end time, skipping wait
[2024-11-07T14:07:09-0500] Saved tcp downlink test to /data/data/com.termux/files/home/storage/shared/bos_la_2024_trip/verizon/20241107/140508340/tcp_downlink_140508398.out
[2024-11-07T14:07:09-0500] DL AVG TPUT: 
[2024-11-07T14:07:09-0500] tcp downlink test finished at 2024-11-07 14:07:09.583 EST, duration: 121.217 s
[2024-11-07T14:07:09-0500] -------------------------------
[2024-11-07T14:07:09-0500] Waiting for 2 s...
[2024-11-07T14:07:11-0500] -------------------------------
[2024-11-07T14:07:11-0500] Starting 5G booster for 5 s...
[2024-11-07T14:07:11-0500] 5G booster started at 2024-11-07 14:07:11.693 EST
[2024-11-07T14:07:17-0500] Current time exceeds end time, skipping wait
[2024-11-07T14:07:17-0500] Saved TCP DL results to /data/data/com.termux/files/home/storage/shared/bos_la_2024_trip/verizon/20241107/140508340/tcp_downlink_140711720.out
[2024-11-07T14:07:17-0500] DL AVG TPUT: 
[2024-11-07T14:07:17-0500] 5G booster finished at 2024-11-07 14:07:17.812 EST, duration: 6.119 s
[2024-11-07T14:07:17-0500] -------------------------------
[2024-11-07T14:07:17-0500] Waiting for 2 s...
[2024-11-07T14:07:19-0500] -------------------------------
[2024-11-07T14:07:19-0500] tcp uplink test started at 2024-11-07 14:07:19.920 EST
[2024-11-07T14:07:19-0500] testing tcp uplink with 54.197.223.49:5101, interval 0.5, duration 120, timeout 121 ...
[2024-11-07T14:09:21-0500] Current time exceeds end time, skipping wait
[2024-11-07T14:09:21-0500] Saved uplink test to /data/data/com.termux/files/home/storage/shared/bos_la_2024_trip/verizon/20241107/140508340/tcp_uplink_140719943.out
[2024-11-07T14:09:21-0500] UL AVG TPUT: 
[2024-11-07T14:09:21-0500] tcp uplink test finished at 2024-11-07 14:09:21.035 EST, duration: 121.115 s
[2024-11-07T14:09:21-0500] -------------------------------
[2024-11-07T14:09:21-0500] Waiting for 2 s...
[2024-11-07T14:09:23-0500] -------------------------------
[2024-11-07T14:09:23-0500] Starting 5G booster for 5 s...
[2024-11-07T14:09:23-0500] 5G booster started at 2024-11-07 14:09:23.184 EST
[2024-11-07T14:09:29-0500] Current time exceeds end time, skipping wait
[2024-11-07T14:09:29-0500] Saved TCP DL results to /data/data/com.termux/files/home/storage/shared/bos_la_2024_trip/verizon/20241107/140508340/tcp_downlink_140923212.out
[2024-11-07T14:09:29-0500] DL AVG TPUT: 
[2024-11-07T14:09:29-0500] 5G booster finished at 2024-11-07 14:09:29.368 EST, duration: 6.184 s
[2024-11-07T14:09:29-0500] -------------------------------
[2024-11-07T14:09:29-0500] Waiting for 2 s...
[2024-11-07T14:09:31-0500] -------------------------------
[2024-11-07T14:09:31-0500] ICMP Ping test started at 2024-11-07 14:09:31.470 EST
[2024-11-07T14:10:01-0500] Waiting for .886 s to reach end time
[2024-11-07T14:10:02-0500] Saved ping test to /data/data/com.termux/files/home/storage/shared/bos_la_2024_trip/verizon/20241107/140508340/icmp_ping_140931497.out
[2024-11-07T14:10:02-0500] Ping summary (min/avg/max/mdev) = 36.093/47.128/68.396/4.858 ms
[2024-11-07T14:10:02-0500] Ping test finished at 2024-11-07 14:10:02.555 EST, duration: 31.085 s
[2024-11-07T14:10:02-0500] -------------------------------
[2024-11-07T14:10:02-0500] Waiting for 2 s...
[2024-11-07T14:10:04-0500] -------------------------------
[2024-11-07T14:10:04-0500] Starting 5G booster for 5 s...
[2024-11-07T14:10:04-0500] 5G booster started at 2024-11-07 14:10:04.678 EST
[2024-11-07T14:10:10-0500] Current time exceeds end time, skipping wait
[2024-11-07T14:10:10-0500] Saved TCP DL results to /data/data/com.termux/files/home/storage/shared/bos_la_2024_trip/verizon/20241107/140508340/tcp_downlink_141004733.out
[2024-11-07T14:10:10-0500] DL AVG TPUT: 
[2024-11-07T14:10:10-0500] 5G booster finished at 2024-11-07 14:10:10.849 EST, duration: 6.171 s
[2024-11-07T14:10:10-0500] -------------------------------
[2024-11-07T14:10:10-0500] Waiting for 2 s...
[2024-11-07T14:10:12-0500] -------------------------------
[2024-11-07T14:10:12-0500] TCP Ping test started at 2024-11-07 14:10:12.976 EST
[2024-11-07T14:10:44-0500] Current time exceeds end time, skipping wait
[2024-11-07T14:10:44-0500] Saved TCP Ping test to /data/data/com.termux/files/home/storage/shared/bos_la_2024_trip/verizon/20241107/140508340/tcp_ping_141013005.out
[2024-11-07T14:10:44-0500] TCP Ping summary (min/avg/max/mdev) 
[2024-11-07T14:10:44-0500] TCP Ping test finished at 2024-11-07 14:10:44.158 EST, duration: 31.182 s
[2024-11-07T14:10:44-0500] -------------------------------
[2024-11-07T14:10:44-0500] Waiting for 2 s...
[2024-11-07T14:10:46-0500] -------------------------------
[2024-11-07T14:10:46-0500] Traceroute test started at 2024-11-07 14:10:46.305 EST
[2024-11-07T14:10:47-0500] Waiting for 28.499 s to reach end time
[2024-11-07T14:11:16-0500] Saved traceroute test to /data/data/com.termux/files/home/storage/shared/bos_la_2024_trip/verizon/20241107/140508340/traceroute_141046336.out
[2024-11-07T14:11:16-0500] Traceroute summary (min/avg/max/mdev) 
[2024-11-07T14:11:16-0500] Traceroute test finished at 2024-11-07 14:11:16.401 EST, duration: 30.096 s
[2024-11-07T14:11:16-0500] -------------------------------
[2024-11-07T14:11:16-0500] All tests completed, cleaning up...
[2024-11-07T14:11:16-0500] -------------------------------
[2024-11-07T14:11:42-0500] [measurement] Load environment variables from prod.env file
[2024-11-07T14:11:42-0500] [measurement] Load operator-specific env from verizon.env file
[2024-11-07T14:11:42-0500] Starting a network measurement, please choose a server
[2024-11-07T14:11:42-0500] 0) West Cloud: 54.176.53.206
[2024-11-07T14:11:42-0500] 1) East Cloud: 54.197.223.49
[2024-11-07T14:11:42-0500] 2) Los Angeles Wavelength: 161.188.33.234
[2024-11-07T14:11:42-0500] 3) Las Vegas Wavelength: 155.146.118.158
[2024-11-07T14:11:42-0500] 4) Denver Wavelength: 155.146.144.24
[2024-11-07T14:11:42-0500] 5) Chicago Wavelength: 155.146.180.31
[2024-11-07T14:11:42-0500] 6) Boston Wavelength: 155.146.11.34
[2024-11-07T14:11:49-0500] Enter your choice (0-6): Testing verizon, server 1 (ip: 54.197.223.49, nuttcp_port: 5101, iperf_port: 5001)
[2024-11-07T14:11:49-0500] -------------------------------
[2024-11-07T14:11:49-0500] tcp downlink test started at 2024-11-07 14:11:49.548 EST
[2024-11-07T14:11:49-0500] Testing tcp downlink with 54.197.223.49:5101, interval 0.5 s, duration 120 s, timeout 121 s...
[2024-11-07T14:13:50-0500] Current time exceeds end time, skipping wait
[2024-11-07T14:13:50-0500] Saved tcp downlink test to /data/data/com.termux/files/home/storage/shared/bos_la_2024_trip/verizon/20241107/141149524/tcp_downlink_141149576.out
[2024-11-07T14:13:50-0500] DL AVG TPUT: 
[2024-11-07T14:13:50-0500] tcp downlink test finished at 2024-11-07 14:13:50.679 EST, duration: 121.131 s
[2024-11-07T14:13:50-0500] -------------------------------
[2024-11-07T14:13:50-0500] Waiting for 2 s...
[2024-11-07T14:13:52-0500] -------------------------------
[2024-11-07T14:13:52-0500] Starting 5G booster for 5 s...
[2024-11-07T14:13:52-0500] 5G booster started at 2024-11-07 14:13:52.797 EST
[2024-11-07T14:13:58-0500] Current time exceeds end time, skipping wait
[2024-11-07T14:13:58-0500] Saved TCP DL results to /data/data/com.termux/files/home/storage/shared/bos_la_2024_trip/verizon/20241107/141149524/tcp_downlink_141352822.out
[2024-11-07T14:13:58-0500] DL AVG TPUT: 
[2024-11-07T14:13:58-0500] 5G booster finished at 2024-11-07 14:13:58.916 EST, duration: 6.119 s
[2024-11-07T14:13:58-0500] -------------------------------
[2024-11-07T14:13:58-0500] Waiting for 2 s...
[2024-11-07T14:14:01-0500] -------------------------------
[2024-11-07T14:14:01-0500] tcp uplink test started at 2024-11-07 14:14:01.017 EST
[2024-11-07T14:14:01-0500] testing tcp uplink with 54.197.223.49:5101, interval 0.5, duration 120, timeout 121 ...
[2024-11-07T14:16:02-0500] Current time exceeds end time, skipping wait
[2024-11-07T14:16:02-0500] Saved uplink test to /data/data/com.termux/files/home/storage/shared/bos_la_2024_trip/verizon/20241107/141149524/tcp_uplink_141401046.out
[2024-11-07T14:16:02-0500] UL AVG TPUT: 
[2024-11-07T14:16:02-0500] tcp uplink test finished at 2024-11-07 14:16:02.162 EST, duration: 121.145 s
[2024-11-07T14:16:02-0500] -------------------------------
[2024-11-07T14:16:02-0500] Waiting for 2 s...
[2024-11-07T14:16:04-0500] -------------------------------
[2024-11-07T14:16:04-0500] Starting 5G booster for 5 s...
[2024-11-07T14:16:04-0500] 5G booster started at 2024-11-07 14:16:04.285 EST
[2024-11-07T14:16:10-0500] Current time exceeds end time, skipping wait
[2024-11-07T14:16:10-0500] Saved TCP DL results to /data/data/com.termux/files/home/storage/shared/bos_la_2024_trip/verizon/20241107/141149524/tcp_downlink_141604314.out
[2024-11-07T14:16:10-0500] DL AVG TPUT: 
[2024-11-07T14:16:10-0500] 5G booster finished at 2024-11-07 14:16:10.460 EST, duration: 6.175 s
[2024-11-07T14:16:10-0500] -------------------------------
[2024-11-07T14:16:10-0500] Waiting for 2 s...
[2024-11-07T14:16:12-0500] -------------------------------
[2024-11-07T14:16:12-0500] ICMP Ping test started at 2024-11-07 14:16:12.551 EST
[2024-11-07T14:16:42-0500] Waiting for .887 s to reach end time
[2024-11-07T14:16:43-0500] Saved ping test to /data/data/com.termux/files/home/storage/shared/bos_la_2024_trip/verizon/20241107/141149524/icmp_ping_141612575.out
[2024-11-07T14:16:43-0500] Ping summary (min/avg/max/mdev) = 39.113/61.700/264.204/26.423 ms
[2024-11-07T14:16:43-0500] Ping test finished at 2024-11-07 14:16:43.684 EST, duration: 31.133 s
[2024-11-07T14:16:43-0500] -------------------------------
[2024-11-07T14:16:43-0500] Waiting for 2 s...
[2024-11-07T14:16:45-0500] -------------------------------
[2024-11-07T14:16:45-0500] Starting 5G booster for 5 s...
[2024-11-07T14:16:45-0500] 5G booster started at 2024-11-07 14:16:45.782 EST
[2024-11-07T14:16:51-0500] Current time exceeds end time, skipping wait
[2024-11-07T14:16:51-0500] Saved TCP DL results to /data/data/com.termux/files/home/storage/shared/bos_la_2024_trip/verizon/20241107/141149524/tcp_downlink_141645821.out
[2024-11-07T14:16:52-0500] DL AVG TPUT: 
[2024-11-07T14:16:52-0500] 5G booster finished at 2024-11-07 14:16:51.972 EST, duration: 6.190 s
[2024-11-07T14:16:52-0500] -------------------------------
[2024-11-07T14:16:52-0500] Waiting for 2 s...
[2024-11-07T14:16:54-0500] -------------------------------
[2024-11-07T14:16:54-0500] TCP Ping test started at 2024-11-07 14:16:54.098 EST
[2024-11-07T14:17:25-0500] Current time exceeds end time, skipping wait
[2024-11-07T14:17:25-0500] Saved TCP Ping test to /data/data/com.termux/files/home/storage/shared/bos_la_2024_trip/verizon/20241107/141149524/tcp_ping_141654159.out
[2024-11-07T14:17:25-0500] TCP Ping summary (min/avg/max/mdev) 
[2024-11-07T14:17:25-0500] TCP Ping test finished at 2024-11-07 14:17:25.260 EST, duration: 31.162 s
[2024-11-07T14:17:25-0500] -------------------------------
[2024-11-07T14:17:25-0500] Waiting for 2 s...
[2024-11-07T14:17:27-0500] -------------------------------
[2024-11-07T14:17:27-0500] Traceroute test started at 2024-11-07 14:17:27.373 EST
[2024-11-07T14:17:28-0500] Waiting for 28.696 s to reach end time
[2024-11-07T14:17:57-0500] Saved traceroute test to /data/data/com.termux/files/home/storage/shared/bos_la_2024_trip/verizon/20241107/141149524/traceroute_141727406.out
[2024-11-07T14:17:57-0500] Traceroute summary (min/avg/max/mdev) 
[2024-11-07T14:17:57-0500] Traceroute test finished at 2024-11-07 14:17:57.444 EST, duration: 30.071 s
[2024-11-07T14:17:57-0500] -------------------------------
[2024-11-07T14:17:57-0500] All tests completed, cleaning up...
[2024-11-07T14:17:57-0500] -------------------------------
[2024-11-07T14:18:24-0500] [measurement] Load environment variables from prod.env file
[2024-11-07T14:18:24-0500] [measurement] Load operator-specific env from verizon.env file
[2024-11-07T14:18:24-0500] Starting a network measurement, please choose a server
[2024-11-07T14:18:24-0500] 0) West Cloud: 54.176.53.206
[2024-11-07T14:18:24-0500] 1) East Cloud: 54.197.223.49
[2024-11-07T14:18:24-0500] 2) Los Angeles Wavelength: 161.188.33.234
[2024-11-07T14:18:24-0500] 3) Las Vegas Wavelength: 155.146.118.158
[2024-11-07T14:18:24-0500] 4) Denver Wavelength: 155.146.144.24
[2024-11-07T14:18:24-0500] 5) Chicago Wavelength: 155.146.180.31
[2024-11-07T14:18:24-0500] 6) Boston Wavelength: 155.146.11.34
[2024-11-07T14:18:28-0500] Enter your choice (0-6): Testing verizon, server 1 (ip: 54.197.223.49, nuttcp_port: 5101, iperf_port: 5001)
[2024-11-07T14:18:28-0500] -------------------------------
[2024-11-07T14:18:28-0500] tcp downlink test started at 2024-11-07 14:18:28.127 EST
[2024-11-07T14:18:28-0500] Testing tcp downlink with 54.197.223.49:5101, interval 0.5 s, duration 120 s, timeout 121 s...
[2024-11-07T14:20:29-0500] Current time exceeds end time, skipping wait
[2024-11-07T14:20:29-0500] Saved tcp downlink test to /data/data/com.termux/files/home/storage/shared/bos_la_2024_trip/verizon/20241107/141828106/tcp_downlink_141828152.out
[2024-11-07T14:20:29-0500] DL AVG TPUT: 
[2024-11-07T14:20:29-0500] tcp downlink test finished at 2024-11-07 14:20:29.223 EST, duration: 121.096 s
[2024-11-07T14:20:29-0500] -------------------------------
[2024-11-07T14:20:29-0500] Waiting for 2 s...
[2024-11-07T14:20:31-0500] -------------------------------
[2024-11-07T14:20:31-0500] Starting 5G booster for 5 s...
[2024-11-07T14:20:31-0500] 5G booster started at 2024-11-07 14:20:31.331 EST
[2024-11-07T14:20:37-0500] Current time exceeds end time, skipping wait
[2024-11-07T14:20:37-0500] Saved TCP DL results to /data/data/com.termux/files/home/storage/shared/bos_la_2024_trip/verizon/20241107/141828106/tcp_downlink_142031387.out
[2024-11-07T14:20:37-0500] DL AVG TPUT: 
[2024-11-07T14:20:37-0500] 5G booster finished at 2024-11-07 14:20:37.494 EST, duration: 6.163 s
[2024-11-07T14:20:37-0500] -------------------------------
[2024-11-07T14:20:37-0500] Waiting for 2 s...
[2024-11-07T14:20:39-0500] -------------------------------
[2024-11-07T14:20:39-0500] tcp uplink test started at 2024-11-07 14:20:39.603 EST
[2024-11-07T14:20:39-0500] testing tcp uplink with 54.197.223.49:5101, interval 0.5, duration 120, timeout 121 ...
[2024-11-07T14:22:40-0500] Current time exceeds end time, skipping wait
[2024-11-07T14:22:40-0500] Saved uplink test to /data/data/com.termux/files/home/storage/shared/bos_la_2024_trip/verizon/20241107/141828106/tcp_uplink_142039625.out
[2024-11-07T14:22:40-0500] UL AVG TPUT: 
[2024-11-07T14:22:40-0500] tcp uplink test finished at 2024-11-07 14:22:40.728 EST, duration: 121.125 s
[2024-11-07T14:22:40-0500] -------------------------------
[2024-11-07T14:22:40-0500] Waiting for 2 s...
[2024-11-07T14:22:42-0500] -------------------------------
[2024-11-07T14:22:42-0500] Starting 5G booster for 5 s...
[2024-11-07T14:22:42-0500] 5G booster started at 2024-11-07 14:22:42.878 EST
[2024-11-07T14:22:49-0500] Current time exceeds end time, skipping wait
[2024-11-07T14:22:49-0500] Saved TCP DL results to /data/data/com.termux/files/home/storage/shared/bos_la_2024_trip/verizon/20241107/141828106/tcp_downlink_142242907.out
[2024-11-07T14:22:49-0500] DL AVG TPUT: 
[2024-11-07T14:22:49-0500] 5G booster finished at 2024-11-07 14:22:49.015 EST, duration: 6.137 s
[2024-11-07T14:22:49-0500] -------------------------------
[2024-11-07T14:22:49-0500] Waiting for 2 s...
[2024-11-07T14:22:51-0500] -------------------------------
[2024-11-07T14:22:51-0500] ICMP Ping test started at 2024-11-07 14:22:51.138 EST
[2024-11-07T14:23:21-0500] Waiting for .862 s to reach end time
[2024-11-07T14:23:22-0500] Saved ping test to /data/data/com.termux/files/home/storage/shared/bos_la_2024_trip/verizon/20241107/141828106/icmp_ping_142251196.out
[2024-11-07T14:23:22-0500] Ping summary (min/avg/max/mdev) = 38.710/49.012/80.138/5.074 ms
[2024-11-07T14:23:22-0500] Ping test finished at 2024-11-07 14:23:22.224 EST, duration: 31.086 s
[2024-11-07T14:23:22-0500] -------------------------------
[2024-11-07T14:23:22-0500] Waiting for 2 s...
[2024-11-07T14:23:24-0500] -------------------------------
[2024-11-07T14:23:24-0500] Starting 5G booster for 5 s...
[2024-11-07T14:23:24-0500] 5G booster started at 2024-11-07 14:23:24.338 EST
[2024-11-07T14:23:30-0500] Current time exceeds end time, skipping wait
[2024-11-07T14:23:30-0500] Saved TCP DL results to /data/data/com.termux/files/home/storage/shared/bos_la_2024_trip/verizon/20241107/141828106/tcp_downlink_142324369.out
[2024-11-07T14:23:30-0500] DL AVG TPUT: 
[2024-11-07T14:23:30-0500] 5G booster finished at 2024-11-07 14:23:30.455 EST, duration: 6.117 s
[2024-11-07T14:23:30-0500] -------------------------------
[2024-11-07T14:23:30-0500] Waiting for 2 s...
[2024-11-07T14:23:32-0500] -------------------------------
[2024-11-07T14:23:32-0500] TCP Ping test started at 2024-11-07 14:23:32.578 EST
[2024-11-07T14:24:03-0500] Current time exceeds end time, skipping wait
[2024-11-07T14:24:03-0500] Saved TCP Ping test to /data/data/com.termux/files/home/storage/shared/bos_la_2024_trip/verizon/20241107/141828106/tcp_ping_142332615.out
[2024-11-07T14:24:03-0500] TCP Ping summary (min/avg/max/mdev) 
[2024-11-07T14:24:03-0500] TCP Ping test finished at 2024-11-07 14:24:03.680 EST, duration: 31.102 s
[2024-11-07T14:24:03-0500] -------------------------------
[2024-11-07T14:24:03-0500] Waiting for 2 s...
[2024-11-07T14:24:05-0500] -------------------------------
[2024-11-07T14:24:05-0500] Traceroute test started at 2024-11-07 14:24:05.792 EST
[2024-11-07T14:24:06-0500] Waiting for 28.905 s to reach end time
[2024-11-07T14:24:35-0500] Saved traceroute test to /data/data/com.termux/files/home/storage/shared/bos_la_2024_trip/verizon/20241107/141828106/traceroute_142405827.out
[2024-11-07T14:24:35-0500] Traceroute summary (min/avg/max/mdev) 
[2024-11-07T14:24:35-0500] Traceroute test finished at 2024-11-07 14:24:35.872 EST, duration: 30.080 s
[2024-11-07T14:24:35-0500] -------------------------------
[2024-11-07T14:24:35-0500] All tests completed, cleaning up...
[2024-11-07T14:24:35-0500] -------------------------------
[2024-11-07T14:24:57-0500] [measurement] Load environment variables from prod.env file
[2024-11-07T14:24:57-0500] [measurement] Load operator-specific env from verizon.env file
[2024-11-07T14:24:57-0500] Starting a network measurement, please choose a server
[2024-11-07T14:24:57-0500] 0) West Cloud: 54.176.53.206
[2024-11-07T14:24:57-0500] 1) East Cloud: 54.197.223.49
[2024-11-07T14:24:57-0500] 2) Los Angeles Wavelength: 161.188.33.234
[2024-11-07T14:24:57-0500] 3) Las Vegas Wavelength: 155.146.118.158
[2024-11-07T14:24:57-0500] 4) Denver Wavelength: 155.146.144.24
[2024-11-07T14:24:57-0500] 5) Chicago Wavelength: 155.146.180.31
[2024-11-07T14:24:57-0500] 6) Boston Wavelength: 155.146.11.34
[2024-11-07T14:25:13-0500] Enter your choice (0-6): Testing verizon, server 1 (ip: 54.197.223.49, nuttcp_port: 5101, iperf_port: 5001)
[2024-11-07T14:25:13-0500] -------------------------------
[2024-11-07T14:25:13-0500] tcp downlink test started at 2024-11-07 14:25:13.857 EST
[2024-11-07T14:25:13-0500] Testing tcp downlink with 54.197.223.49:5101, interval 0.5 s, duration 120 s, timeout 121 s...
[2024-11-07T14:27:14-0500] Current time exceeds end time, skipping wait
[2024-11-07T14:27:15-0500] Saved tcp downlink test to /data/data/com.termux/files/home/storage/shared/bos_la_2024_trip/verizon/20241107/142513834/tcp_downlink_142513890.out
[2024-11-07T14:27:15-0500] DL AVG TPUT: 
[2024-11-07T14:27:15-0500] tcp downlink test finished at 2024-11-07 14:27:14.993 EST, duration: 121.136 s
[2024-11-07T14:27:15-0500] -------------------------------
[2024-11-07T14:27:15-0500] Waiting for 2 s...
[2024-11-07T14:27:17-0500] -------------------------------
[2024-11-07T14:27:17-0500] Starting 5G booster for 5 s...
[2024-11-07T14:27:17-0500] 5G booster started at 2024-11-07 14:27:17.128 EST
[2024-11-07T14:27:23-0500] Current time exceeds end time, skipping wait
[2024-11-07T14:27:23-0500] Saved TCP DL results to /data/data/com.termux/files/home/storage/shared/bos_la_2024_trip/verizon/20241107/142513834/tcp_downlink_142717159.out
[2024-11-07T14:27:23-0500] DL AVG TPUT: 
[2024-11-07T14:27:23-0500] 5G booster finished at 2024-11-07 14:27:23.248 EST, duration: 6.120 s
[2024-11-07T14:27:23-0500] -------------------------------
[2024-11-07T14:27:23-0500] Waiting for 2 s...
[2024-11-07T14:27:25-0500] -------------------------------
[2024-11-07T14:27:25-0500] tcp uplink test started at 2024-11-07 14:27:25.344 EST
[2024-11-07T14:27:25-0500] testing tcp uplink with 54.197.223.49:5101, interval 0.5, duration 120, timeout 121 ...
[2024-11-07T14:29:26-0500] Current time exceeds end time, skipping wait
[2024-11-07T14:29:26-0500] Saved uplink test to /data/data/com.termux/files/home/storage/shared/bos_la_2024_trip/verizon/20241107/142513834/tcp_uplink_142725368.out
[2024-11-07T14:29:26-0500] UL AVG TPUT: 
[2024-11-07T14:29:26-0500] tcp uplink test finished at 2024-11-07 14:29:26.450 EST, duration: 121.106 s
[2024-11-07T14:29:26-0500] -------------------------------
[2024-11-07T14:29:26-0500] Waiting for 2 s...
[2024-11-07T14:29:28-0500] -------------------------------
[2024-11-07T14:29:28-0500] Starting 5G booster for 5 s...
[2024-11-07T14:29:28-0500] 5G booster started at 2024-11-07 14:29:28.586 EST
[2024-11-07T14:29:34-0500] Current time exceeds end time, skipping wait
[2024-11-07T14:29:34-0500] Saved TCP DL results to /data/data/com.termux/files/home/storage/shared/bos_la_2024_trip/verizon/20241107/142513834/tcp_downlink_142928622.out
[2024-11-07T14:29:34-0500] DL AVG TPUT: 
[2024-11-07T14:29:34-0500] 5G booster finished at 2024-11-07 14:29:34.724 EST, duration: 6.138 s
[2024-11-07T14:29:34-0500] -------------------------------
[2024-11-07T14:29:34-0500] Waiting for 2 s...
[2024-11-07T14:29:36-0500] -------------------------------
[2024-11-07T14:29:36-0500] ICMP Ping test started at 2024-11-07 14:29:36.868 EST
[2024-11-07T14:30:07-0500] Waiting for .910 s to reach end time
[2024-11-07T14:30:07-0500] Saved ping test to /data/data/com.termux/files/home/storage/shared/bos_la_2024_trip/verizon/20241107/142513834/icmp_ping_142936898.out
[2024-11-07T14:30:08-0500] Ping summary (min/avg/max/mdev) = 38.689/55.121/229.172/23.393 ms
[2024-11-07T14:30:08-0500] Ping test finished at 2024-11-07 14:30:07.963 EST, duration: 31.095 s
[2024-11-07T14:30:08-0500] -------------------------------
[2024-11-07T14:30:08-0500] Waiting for 2 s...
[2024-11-07T14:30:10-0500] -------------------------------
[2024-11-07T14:30:10-0500] Starting 5G booster for 5 s...
[2024-11-07T14:30:10-0500] 5G booster started at 2024-11-07 14:30:10.072 EST
[2024-11-07T14:30:16-0500] Current time exceeds end time, skipping wait
[2024-11-07T14:30:16-0500] Saved TCP DL results to /data/data/com.termux/files/home/storage/shared/bos_la_2024_trip/verizon/20241107/142513834/tcp_downlink_143010108.out
[2024-11-07T14:30:16-0500] DL AVG TPUT: 
[2024-11-07T14:30:16-0500] 5G booster finished at 2024-11-07 14:30:16.251 EST, duration: 6.179 s
[2024-11-07T14:30:16-0500] -------------------------------
[2024-11-07T14:30:16-0500] Waiting for 2 s...
[2024-11-07T14:30:18-0500] -------------------------------
[2024-11-07T14:30:18-0500] TCP Ping test started at 2024-11-07 14:30:18.379 EST
[2024-11-07T14:30:49-0500] Current time exceeds end time, skipping wait
[2024-11-07T14:30:49-0500] Saved TCP Ping test to /data/data/com.termux/files/home/storage/shared/bos_la_2024_trip/verizon/20241107/142513834/tcp_ping_143018431.out
[2024-11-07T14:30:49-0500] TCP Ping summary (min/avg/max/mdev) 
[2024-11-07T14:30:49-0500] TCP Ping test finished at 2024-11-07 14:30:49.535 EST, duration: 31.156 s
[2024-11-07T14:30:49-0500] -------------------------------
[2024-11-07T14:30:49-0500] Waiting for 2 s...
[2024-11-07T14:30:51-0500] -------------------------------
[2024-11-07T14:30:51-0500] Traceroute test started at 2024-11-07 14:30:51.665 EST
[2024-11-07T14:30:55-0500] Waiting for 26.678 s to reach end time
[2024-11-07T14:31:21-0500] Saved traceroute test to /data/data/com.termux/files/home/storage/shared/bos_la_2024_trip/verizon/20241107/142513834/traceroute_143051716.out
[2024-11-07T14:31:21-0500] Traceroute summary (min/avg/max/mdev) 
[2024-11-07T14:31:21-0500] Traceroute test finished at 2024-11-07 14:31:21.765 EST, duration: 30.100 s
[2024-11-07T14:31:21-0500] -------------------------------
[2024-11-07T14:31:21-0500] All tests completed, cleaning up...
[2024-11-07T14:31:21-0500] -------------------------------
[2024-11-07T14:32:11-0500] [measurement] Load environment variables from prod.env file
[2024-11-07T14:32:11-0500] [measurement] Load operator-specific env from verizon.env file
[2024-11-07T14:32:11-0500] Starting a network measurement, please choose a server
[2024-11-07T14:32:11-0500] 0) West Cloud: 54.176.53.206
[2024-11-07T14:32:11-0500] 1) East Cloud: 54.197.223.49
[2024-11-07T14:32:11-0500] 2) Los Angeles Wavelength: 161.188.33.234
[2024-11-07T14:32:11-0500] 3) Las Vegas Wavelength: 155.146.118.158
[2024-11-07T14:32:11-0500] 4) Denver Wavelength: 155.146.144.24
[2024-11-07T14:32:11-0500] 5) Chicago Wavelength: 155.146.180.31
[2024-11-07T14:32:11-0500] 6) Boston Wavelength: 155.146.11.34
[2024-11-07T14:32:14-0500] Enter your choice (0-6): Testing verizon, server 1 (ip: 54.197.223.49, nuttcp_port: 5101, iperf_port: 5001)
[2024-11-07T14:32:14-0500] -------------------------------
[2024-11-07T14:32:14-0500] tcp downlink test started at 2024-11-07 14:32:14.311 EST
[2024-11-07T14:32:14-0500] Testing tcp downlink with 54.197.223.49:5101, interval 0.5 s, duration 120 s, timeout 121 s...
[2024-11-07T14:33:00-0500] Waiting for 75.103 s to reach end time
[2024-11-07T14:34:15-0500] Saved tcp downlink test to /data/data/com.termux/files/home/storage/shared/bos_la_2024_trip/verizon/20241107/143214292/tcp_downlink_143214336.out
[2024-11-07T14:34:15-0500] DL AVG TPUT: 
[2024-11-07T14:34:15-0500] tcp downlink test finished at 2024-11-07 14:34:15.393 EST, duration: 121.082 s
[2024-11-07T14:34:15-0500] -------------------------------
[2024-11-07T14:34:15-0500] Waiting for 2 s...
[2024-11-07T14:34:17-0500] -------------------------------
[2024-11-07T14:34:17-0500] Starting 5G booster for 5 s...
[2024-11-07T14:34:17-0500] 5G booster started at 2024-11-07 14:34:17.505 EST
[2024-11-07T14:34:23-0500] Current time exceeds end time, skipping wait
[2024-11-07T14:34:23-0500] Saved TCP DL results to /data/data/com.termux/files/home/storage/shared/bos_la_2024_trip/verizon/20241107/143214292/tcp_downlink_143417538.out
[2024-11-07T14:34:23-0500] [CAUTION] EMPTY LOG!
[2024-11-07T14:34:23-0500] 5G booster finished at 2024-11-07 14:34:23.625 EST, duration: 6.120 s
[2024-11-07T14:34:23-0500] -------------------------------
[2024-11-07T14:34:23-0500] Waiting for 2 s...
[2024-11-07T14:34:25-0500] -------------------------------
[2024-11-07T14:34:25-0500] tcp uplink test started at 2024-11-07 14:34:25.741 EST
[2024-11-07T14:34:25-0500] testing tcp uplink with 54.197.223.49:5101, interval 0.5, duration 120, timeout 121 ...
[2024-11-07T14:36:26-0500] Current time exceeds end time, skipping wait
[2024-11-07T14:36:26-0500] Saved uplink test to /data/data/com.termux/files/home/storage/shared/bos_la_2024_trip/verizon/20241107/143214292/tcp_uplink_143425771.out
[2024-11-07T14:36:26-0500] UL AVG TPUT: 
[2024-11-07T14:36:26-0500] tcp uplink test finished at 2024-11-07 14:36:26.854 EST, duration: 121.113 s
[2024-11-07T14:36:26-0500] -------------------------------
[2024-11-07T14:36:26-0500] Waiting for 2 s...
[2024-11-07T14:36:28-0500] -------------------------------
[2024-11-07T14:36:28-0500] Starting 5G booster for 5 s...
[2024-11-07T14:36:28-0500] 5G booster started at 2024-11-07 14:36:28.977 EST
[2024-11-07T14:36:35-0500] Current time exceeds end time, skipping wait
[2024-11-07T14:36:35-0500] Saved TCP DL results to /data/data/com.termux/files/home/storage/shared/bos_la_2024_trip/verizon/20241107/143214292/tcp_downlink_143629006.out
[2024-11-07T14:36:35-0500] DL AVG TPUT: 
[2024-11-07T14:36:35-0500] 5G booster finished at 2024-11-07 14:36:35.077 EST, duration: 6.100 s
[2024-11-07T14:36:35-0500] -------------------------------
[2024-11-07T14:36:35-0500] Waiting for 2 s...
[2024-11-07T14:36:37-0500] -------------------------------
[2024-11-07T14:36:37-0500] ICMP Ping test started at 2024-11-07 14:36:37.206 EST
[2024-11-07T14:37:07-0500] Waiting for .877 s to reach end time
[2024-11-07T14:37:08-0500] Saved ping test to /data/data/com.termux/files/home/storage/shared/bos_la_2024_trip/verizon/20241107/143214292/icmp_ping_143637258.out
[2024-11-07T14:37:08-0500] Ping summary (min/avg/max/mdev) = 41.176/244.346/1918.730/343.119 ms
[2024-11-07T14:37:08-0500] Ping test finished at 2024-11-07 14:37:08.309 EST, duration: 31.103 s
[2024-11-07T14:37:08-0500] -------------------------------
[2024-11-07T14:37:08-0500] Waiting for 2 s...
[2024-11-07T14:37:10-0500] -------------------------------
[2024-11-07T14:37:10-0500] Starting 5G booster for 5 s...
[2024-11-07T14:37:10-0500] 5G booster started at 2024-11-07 14:37:10.439 EST
[2024-11-07T14:37:16-0500] Current time exceeds end time, skipping wait
[2024-11-07T14:37:16-0500] Saved TCP DL results to /data/data/com.termux/files/home/storage/shared/bos_la_2024_trip/verizon/20241107/143214292/tcp_downlink_143710511.out
[2024-11-07T14:37:16-0500] DL AVG TPUT: 
[2024-11-07T14:37:16-0500] 5G booster finished at 2024-11-07 14:37:16.600 EST, duration: 6.161 s
[2024-11-07T14:37:16-0500] -------------------------------
[2024-11-07T14:37:16-0500] Waiting for 2 s...
[2024-11-07T14:37:18-0500] -------------------------------
[2024-11-07T14:37:18-0500] TCP Ping test started at 2024-11-07 14:37:18.786 EST
[2024-11-07T14:37:49-0500] Current time exceeds end time, skipping wait
[2024-11-07T14:37:49-0500] Saved TCP Ping test to /data/data/com.termux/files/home/storage/shared/bos_la_2024_trip/verizon/20241107/143214292/tcp_ping_143718821.out
[2024-11-07T14:37:49-0500] TCP Ping summary (min/avg/max/mdev) 
[2024-11-07T14:37:49-0500] TCP Ping test finished at 2024-11-07 14:37:49.924 EST, duration: 31.138 s
[2024-11-07T14:37:49-0500] -------------------------------
[2024-11-07T14:37:49-0500] Waiting for 2 s...
[2024-11-07T14:37:51-0500] -------------------------------
[2024-11-07T14:37:52-0500] Traceroute test started at 2024-11-07 14:37:52.026 EST
[2024-11-07T14:37:54-0500] Waiting for 27.250 s to reach end time
[2024-11-07T14:38:22-0500] Saved traceroute test to /data/data/com.termux/files/home/storage/shared/bos_la_2024_trip/verizon/20241107/143214292/traceroute_143752098.out
[2024-11-07T14:38:22-0500] Traceroute summary (min/avg/max/mdev) 
[2024-11-07T14:38:22-0500] Traceroute test finished at 2024-11-07 14:38:22.143 EST, duration: 30.117 s
[2024-11-07T14:38:22-0500] -------------------------------
[2024-11-07T14:38:22-0500] All tests completed, cleaning up...
[2024-11-07T14:38:22-0500] -------------------------------
[2024-11-07T14:39:00-0500] [measurement] Load environment variables from prod.env file
[2024-11-07T14:39:00-0500] [measurement] Load operator-specific env from verizon.env file
[2024-11-07T14:39:00-0500] Starting a network measurement, please choose a server
[2024-11-07T14:39:00-0500] 0) West Cloud: 54.176.53.206
[2024-11-07T14:39:00-0500] 1) East Cloud: 54.197.223.49
[2024-11-07T14:39:00-0500] 2) Los Angeles Wavelength: 161.188.33.234
[2024-11-07T14:39:00-0500] 3) Las Vegas Wavelength: 155.146.118.158
[2024-11-07T14:39:00-0500] 4) Denver Wavelength: 155.146.144.24
[2024-11-07T14:39:00-0500] 5) Chicago Wavelength: 155.146.180.31
[2024-11-07T14:39:00-0500] 6) Boston Wavelength: 155.146.11.34
[2024-11-07T14:39:11-0500] Enter your choice (0-6): Testing verizon, server 1 (ip: 54.197.223.49, nuttcp_port: 5101, iperf_port: 5001)
[2024-11-07T14:39:11-0500] -------------------------------
[2024-11-07T14:39:11-0500] tcp downlink test started at 2024-11-07 14:39:11.809 EST
[2024-11-07T14:39:11-0500] Testing tcp downlink with 54.197.223.49:5101, interval 0.5 s, duration 120 s, timeout 121 s...
[2024-11-07T14:41:12-0500] Current time exceeds end time, skipping wait
[2024-11-07T14:41:12-0500] Saved tcp downlink test to /data/data/com.termux/files/home/storage/shared/bos_la_2024_trip/verizon/20241107/143911784/tcp_downlink_143911855.out
[2024-11-07T14:41:12-0500] DL AVG TPUT: 
[2024-11-07T14:41:13-0500] tcp downlink test finished at 2024-11-07 14:41:12.929 EST, duration: 121.120 s
[2024-11-07T14:41:13-0500] -------------------------------
[2024-11-07T14:41:13-0500] Waiting for 2 s...
[2024-11-07T14:41:15-0500] -------------------------------
[2024-11-07T14:41:15-0500] Starting 5G booster for 5 s...
[2024-11-07T14:41:15-0500] 5G booster started at 2024-11-07 14:41:15.032 EST
[2024-11-07T14:41:21-0500] Current time exceeds end time, skipping wait
[2024-11-07T14:41:21-0500] Saved TCP DL results to /data/data/com.termux/files/home/storage/shared/bos_la_2024_trip/verizon/20241107/143911784/tcp_downlink_144115060.out
[2024-11-07T14:41:21-0500] DL AVG TPUT: 
[2024-11-07T14:41:21-0500] 5G booster finished at 2024-11-07 14:41:21.166 EST, duration: 6.134 s
[2024-11-07T14:41:21-0500] -------------------------------
[2024-11-07T14:41:21-0500] Waiting for 2 s...
[2024-11-07T14:41:23-0500] -------------------------------
[2024-11-07T14:41:23-0500] tcp uplink test started at 2024-11-07 14:41:23.318 EST
[2024-11-07T14:41:23-0500] testing tcp uplink with 54.197.223.49:5101, interval 0.5, duration 120, timeout 121 ...
[2024-11-07T14:43:24-0500] Current time exceeds end time, skipping wait
[2024-11-07T14:43:24-0500] Saved uplink test to /data/data/com.termux/files/home/storage/shared/bos_la_2024_trip/verizon/20241107/143911784/tcp_uplink_144123349.out
[2024-11-07T14:43:24-0500] UL AVG TPUT: 
[2024-11-07T14:43:24-0500] tcp uplink test finished at 2024-11-07 14:43:24.418 EST, duration: 121.100 s
[2024-11-07T14:43:24-0500] -------------------------------
[2024-11-07T14:43:24-0500] Waiting for 2 s...
[2024-11-07T14:43:26-0500] -------------------------------
[2024-11-07T14:43:26-0500] Starting 5G booster for 5 s...
[2024-11-07T14:43:26-0500] 5G booster started at 2024-11-07 14:43:26.565 EST
[2024-11-07T14:43:32-0500] Current time exceeds end time, skipping wait
[2024-11-07T14:43:32-0500] Saved TCP DL results to /data/data/com.termux/files/home/storage/shared/bos_la_2024_trip/verizon/20241107/143911784/tcp_downlink_144326595.out
[2024-11-07T14:43:32-0500] DL AVG TPUT: 
[2024-11-07T14:43:32-0500] 5G booster finished at 2024-11-07 14:43:32.702 EST, duration: 6.137 s
[2024-11-07T14:43:32-0500] -------------------------------
[2024-11-07T14:43:32-0500] Waiting for 2 s...
[2024-11-07T14:43:34-0500] -------------------------------
[2024-11-07T14:43:34-0500] ICMP Ping test started at 2024-11-07 14:43:34.807 EST
[2024-11-07T14:44:04-0500] Waiting for .917 s to reach end time
[2024-11-07T14:44:05-0500] Saved ping test to /data/data/com.termux/files/home/storage/shared/bos_la_2024_trip/verizon/20241107/143911784/icmp_ping_144334839.out
[2024-11-07T14:44:05-0500] Ping summary (min/avg/max/mdev) = 39.277/80.972/350.719/49.682 ms
[2024-11-07T14:44:05-0500] Ping test finished at 2024-11-07 14:44:05.885 EST, duration: 31.078 s
[2024-11-07T14:44:05-0500] -------------------------------
[2024-11-07T14:44:05-0500] Waiting for 2 s...
[2024-11-07T14:44:07-0500] -------------------------------
[2024-11-07T14:44:07-0500] Starting 5G booster for 5 s...
[2024-11-07T14:44:08-0500] 5G booster started at 2024-11-07 14:44:08.007 EST
[2024-11-07T14:44:14-0500] Current time exceeds end time, skipping wait
[2024-11-07T14:44:14-0500] Saved TCP DL results to /data/data/com.termux/files/home/storage/shared/bos_la_2024_trip/verizon/20241107/143911784/tcp_downlink_144408036.out
[2024-11-07T14:44:14-0500] DL AVG TPUT: 
[2024-11-07T14:44:14-0500] 5G booster finished at 2024-11-07 14:44:14.111 EST, duration: 6.104 s
[2024-11-07T14:44:14-0500] -------------------------------
[2024-11-07T14:44:14-0500] Waiting for 2 s...
[2024-11-07T14:44:16-0500] -------------------------------
[2024-11-07T14:44:16-0500] TCP Ping test started at 2024-11-07 14:44:16.256 EST
[2024-11-07T14:44:47-0500] Current time exceeds end time, skipping wait
[2024-11-07T14:44:47-0500] Saved TCP Ping test to /data/data/com.termux/files/home/storage/shared/bos_la_2024_trip/verizon/20241107/143911784/tcp_ping_144416320.out
[2024-11-07T14:44:47-0500] TCP Ping summary (min/avg/max/mdev) 
[2024-11-07T14:44:47-0500] TCP Ping test finished at 2024-11-07 14:44:47.406 EST, duration: 31.150 s
[2024-11-07T14:44:47-0500] -------------------------------
[2024-11-07T14:44:47-0500] Waiting for 2 s...
[2024-11-07T14:44:49-0500] -------------------------------
[2024-11-07T14:44:49-0500] Traceroute test started at 2024-11-07 14:44:49.528 EST
[2024-11-07T14:44:50-0500] Waiting for 28.742 s to reach end time
[2024-11-07T14:45:19-0500] Saved traceroute test to /data/data/com.termux/files/home/storage/shared/bos_la_2024_trip/verizon/20241107/143911784/traceroute_144449562.out
[2024-11-07T14:45:19-0500] Traceroute summary (min/avg/max/mdev) 
[2024-11-07T14:45:19-0500] Traceroute test finished at 2024-11-07 14:45:19.671 EST, duration: 30.143 s
[2024-11-07T14:45:19-0500] -------------------------------
[2024-11-07T14:45:19-0500] All tests completed, cleaning up...
[2024-11-07T14:45:19-0500] -------------------------------
[2024-11-07T14:45:41-0500] [measurement] Load environment variables from prod.env file
[2024-11-07T14:45:41-0500] [measurement] Load operator-specific env from verizon.env file
[2024-11-07T14:45:41-0500] Starting a network measurement, please choose a server
[2024-11-07T14:45:41-0500] 0) West Cloud: 54.176.53.206
[2024-11-07T14:45:41-0500] 1) East Cloud: 54.197.223.49
[2024-11-07T14:45:41-0500] 2) Los Angeles Wavelength: 161.188.33.234
[2024-11-07T14:45:41-0500] 3) Las Vegas Wavelength: 155.146.118.158
[2024-11-07T14:45:41-0500] 4) Denver Wavelength: 155.146.144.24
[2024-11-07T14:45:41-0500] 5) Chicago Wavelength: 155.146.180.31
[2024-11-07T14:45:41-0500] 6) Boston Wavelength: 155.146.11.34
[2024-11-07T14:45:55-0500] Enter your choice (0-6): Testing verizon, server 1 (ip: 54.197.223.49, nuttcp_port: 5101, iperf_port: 5001)
[2024-11-07T14:45:55-0500] -------------------------------
[2024-11-07T14:45:55-0500] tcp downlink test started at 2024-11-07 14:45:55.179 EST
[2024-11-07T14:45:55-0500] Testing tcp downlink with 54.197.223.49:5101, interval 0.5 s, duration 120 s, timeout 121 s...
[2024-11-07T14:47:56-0500] Current time exceeds end time, skipping wait
[2024-11-07T14:47:56-0500] Saved tcp downlink test to /data/data/com.termux/files/home/storage/shared/bos_la_2024_trip/verizon/20241107/144555137/tcp_downlink_144555222.out
[2024-11-07T14:47:56-0500] DL AVG TPUT: 
[2024-11-07T14:47:56-0500] tcp downlink test finished at 2024-11-07 14:47:56.333 EST, duration: 121.154 s
[2024-11-07T14:47:56-0500] -------------------------------
[2024-11-07T14:47:56-0500] Waiting for 2 s...
[2024-11-07T14:47:58-0500] -------------------------------
[2024-11-07T14:47:58-0500] Starting 5G booster for 5 s...
[2024-11-07T14:47:58-0500] 5G booster started at 2024-11-07 14:47:58.455 EST
[2024-11-07T14:48:04-0500] Current time exceeds end time, skipping wait
[2024-11-07T14:48:04-0500] Saved TCP DL results to /data/data/com.termux/files/home/storage/shared/bos_la_2024_trip/verizon/20241107/144555137/tcp_downlink_144758521.out
[2024-11-07T14:48:04-0500] DL AVG TPUT: 
[2024-11-07T14:48:04-0500] 5G booster finished at 2024-11-07 14:48:04.665 EST, duration: 6.210 s
[2024-11-07T14:48:04-0500] -------------------------------
[2024-11-07T14:48:04-0500] Waiting for 2 s...
[2024-11-07T14:48:06-0500] -------------------------------
[2024-11-07T14:48:06-0500] tcp uplink test started at 2024-11-07 14:48:06.760 EST
[2024-11-07T14:48:06-0500] testing tcp uplink with 54.197.223.49:5101, interval 0.5, duration 120, timeout 121 ...
[2024-11-07T14:50:07-0500] Current time exceeds end time, skipping wait
[2024-11-07T14:50:07-0500] Saved uplink test to /data/data/com.termux/files/home/storage/shared/bos_la_2024_trip/verizon/20241107/144555137/tcp_uplink_144806827.out
[2024-11-07T14:50:07-0500] UL AVG TPUT: 70.5079 Mbps
[2024-11-07T14:50:07-0500] tcp uplink test finished at 2024-11-07 14:50:07.918 EST, duration: 121.158 s
[2024-11-07T14:50:07-0500] -------------------------------
[2024-11-07T14:50:07-0500] Waiting for 2 s...
[2024-11-07T14:50:10-0500] -------------------------------
[2024-11-07T14:50:10-0500] Starting 5G booster for 5 s...
[2024-11-07T14:50:10-0500] 5G booster started at 2024-11-07 14:50:10.041 EST
[2024-11-07T14:50:16-0500] Current time exceeds end time, skipping wait
[2024-11-07T14:50:16-0500] Saved TCP DL results to /data/data/com.termux/files/home/storage/shared/bos_la_2024_trip/verizon/20241107/144555137/tcp_downlink_145010087.out
[2024-11-07T14:50:16-0500] DL AVG TPUT: 
[2024-11-07T14:50:16-0500] 5G booster finished at 2024-11-07 14:50:16.181 EST, duration: 6.140 s
[2024-11-07T14:50:16-0500] -------------------------------
[2024-11-07T14:50:16-0500] Waiting for 2 s...
[2024-11-07T14:50:18-0500] -------------------------------
[2024-11-07T14:50:18-0500] ICMP Ping test started at 2024-11-07 14:50:18.305 EST
[2024-11-07T14:50:48-0500] Waiting for .857 s to reach end time
[2024-11-07T14:50:49-0500] Saved ping test to /data/data/com.termux/files/home/storage/shared/bos_la_2024_trip/verizon/20241107/144555137/icmp_ping_145018338.out
[2024-11-07T14:50:49-0500] Ping summary (min/avg/max/mdev) = 44.865/56.668/94.714/6.002 ms
[2024-11-07T14:50:49-0500] Ping test finished at 2024-11-07 14:50:49.377 EST, duration: 31.072 s
[2024-11-07T14:50:49-0500] -------------------------------
[2024-11-07T14:50:49-0500] Waiting for 2 s...
[2024-11-07T14:50:51-0500] -------------------------------
[2024-11-07T14:50:51-0500] Starting 5G booster for 5 s...
[2024-11-07T14:50:51-0500] 5G booster started at 2024-11-07 14:50:51.496 EST
[2024-11-07T14:50:57-0500] Current time exceeds end time, skipping wait
[2024-11-07T14:50:57-0500] Saved TCP DL results to /data/data/com.termux/files/home/storage/shared/bos_la_2024_trip/verizon/20241107/144555137/tcp_downlink_145051526.out
[2024-11-07T14:50:57-0500] DL AVG TPUT: 
[2024-11-07T14:50:57-0500] 5G booster finished at 2024-11-07 14:50:57.616 EST, duration: 6.120 s
[2024-11-07T14:50:57-0500] -------------------------------
[2024-11-07T14:50:57-0500] Waiting for 2 s...
[2024-11-07T14:50:59-0500] -------------------------------
[2024-11-07T14:50:59-0500] TCP Ping test started at 2024-11-07 14:50:59.735 EST
[2024-11-07T14:51:30-0500] Current time exceeds end time, skipping wait
[2024-11-07T14:51:30-0500] Saved TCP Ping test to /data/data/com.termux/files/home/storage/shared/bos_la_2024_trip/verizon/20241107/144555137/tcp_ping_145059789.out
[2024-11-07T14:51:30-0500] TCP Ping summary (min/avg/max/mdev) 
[2024-11-07T14:51:30-0500] TCP Ping test finished at 2024-11-07 14:51:30.887 EST, duration: 31.152 s
[2024-11-07T14:51:30-0500] -------------------------------
[2024-11-07T14:51:30-0500] Waiting for 2 s...
[2024-11-07T14:51:32-0500] -------------------------------
[2024-11-07T14:51:33-0500] Traceroute test started at 2024-11-07 14:51:33.016 EST
[2024-11-07T14:51:34-0500] Waiting for 28.591 s to reach end time
[2024-11-07T14:52:03-0500] Saved traceroute test to /data/data/com.termux/files/home/storage/shared/bos_la_2024_trip/verizon/20241107/144555137/traceroute_145133083.out
[2024-11-07T14:52:03-0500] Traceroute summary (min/avg/max/mdev) 
[2024-11-07T14:52:03-0500] Traceroute test finished at 2024-11-07 14:52:03.162 EST, duration: 30.146 s
[2024-11-07T14:52:03-0500] -------------------------------
[2024-11-07T14:52:03-0500] All tests completed, cleaning up...
[2024-11-07T14:52:03-0500] -------------------------------
[2024-11-07T14:52:34-0500] [measurement] Load environment variables from prod.env file
[2024-11-07T14:52:34-0500] [measurement] Load operator-specific env from verizon.env file
[2024-11-07T14:52:34-0500] Starting a network measurement, please choose a server
[2024-11-07T14:52:34-0500] 0) West Cloud: 54.176.53.206
[2024-11-07T14:52:34-0500] 1) East Cloud: 54.197.223.49
[2024-11-07T14:52:34-0500] 2) Los Angeles Wavelength: 161.188.33.234
[2024-11-07T14:52:34-0500] 3) Las Vegas Wavelength: 155.146.118.158
[2024-11-07T14:52:34-0500] 4) Denver Wavelength: 155.146.144.24
[2024-11-07T14:52:34-0500] 5) Chicago Wavelength: 155.146.180.31
[2024-11-07T14:52:34-0500] 6) Boston Wavelength: 155.146.11.34
[2024-11-07T14:52:47-0500] Enter your choice (0-6): Testing verizon, server 1 (ip: 54.197.223.49, nuttcp_port: 5101, iperf_port: 5001)
[2024-11-07T14:52:47-0500] -------------------------------
[2024-11-07T14:52:47-0500] tcp downlink test started at 2024-11-07 14:52:47.261 EST
[2024-11-07T14:52:47-0500] Testing tcp downlink with 54.197.223.49:5101, interval 0.5 s, duration 120 s, timeout 121 s...
[2024-11-07T14:54:48-0500] Current time exceeds end time, skipping wait
[2024-11-07T14:54:48-0500] Saved tcp downlink test to /data/data/com.termux/files/home/storage/shared/bos_la_2024_trip/verizon/20241107/145247233/tcp_downlink_145247293.out
[2024-11-07T14:54:48-0500] DL AVG TPUT: 
[2024-11-07T14:54:48-0500] tcp downlink test finished at 2024-11-07 14:54:48.402 EST, duration: 121.141 s
[2024-11-07T14:54:48-0500] -------------------------------
[2024-11-07T14:54:48-0500] Waiting for 2 s...
[2024-11-07T14:54:50-0500] -------------------------------
[2024-11-07T14:54:50-0500] Starting 5G booster for 5 s...
[2024-11-07T14:54:50-0500] 5G booster started at 2024-11-07 14:54:50.553 EST
[2024-11-07T14:54:56-0500] Current time exceeds end time, skipping wait
[2024-11-07T14:54:56-0500] Saved TCP DL results to /data/data/com.termux/files/home/storage/shared/bos_la_2024_trip/verizon/20241107/145247233/tcp_downlink_145450585.out
[2024-11-07T14:54:56-0500] DL AVG TPUT: 
[2024-11-07T14:54:56-0500] 5G booster finished at 2024-11-07 14:54:56.706 EST, duration: 6.153 s
[2024-11-07T14:54:56-0500] -------------------------------
[2024-11-07T14:54:56-0500] Waiting for 2 s...
[2024-11-07T14:54:58-0500] -------------------------------
[2024-11-07T14:54:58-0500] tcp uplink test started at 2024-11-07 14:54:58.856 EST
[2024-11-07T14:54:58-0500] testing tcp uplink with 54.197.223.49:5101, interval 0.5, duration 120, timeout 121 ...
[2024-11-07T14:56:59-0500] Current time exceeds end time, skipping wait
[2024-11-07T14:57:00-0500] Saved uplink test to /data/data/com.termux/files/home/storage/shared/bos_la_2024_trip/verizon/20241107/145247233/tcp_uplink_145458889.out
[2024-11-07T14:57:00-0500] UL AVG TPUT: 
[2024-11-07T14:57:00-0500] tcp uplink test finished at 2024-11-07 14:57:00.002 EST, duration: 121.146 s
[2024-11-07T14:57:00-0500] -------------------------------
[2024-11-07T14:57:00-0500] Waiting for 2 s...
[2024-11-07T14:57:02-0500] -------------------------------
[2024-11-07T14:57:02-0500] Starting 5G booster for 5 s...
[2024-11-07T14:57:02-0500] 5G booster started at 2024-11-07 14:57:02.153 EST
[2024-11-07T14:57:08-0500] Current time exceeds end time, skipping wait
[2024-11-07T14:57:08-0500] Saved TCP DL results to /data/data/com.termux/files/home/storage/shared/bos_la_2024_trip/verizon/20241107/145247233/tcp_downlink_145702182.out
[2024-11-07T14:57:08-0500] DL AVG TPUT: 
[2024-11-07T14:57:08-0500] 5G booster finished at 2024-11-07 14:57:08.279 EST, duration: 6.126 s
[2024-11-07T14:57:08-0500] -------------------------------
[2024-11-07T14:57:08-0500] Waiting for 2 s...
[2024-11-07T14:57:10-0500] -------------------------------
[2024-11-07T14:57:10-0500] ICMP Ping test started at 2024-11-07 14:57:10.425 EST
[2024-11-07T14:57:40-0500] Waiting for .923 s to reach end time
[2024-11-07T14:57:41-0500] Saved ping test to /data/data/com.termux/files/home/storage/shared/bos_la_2024_trip/verizon/20241107/145247233/icmp_ping_145710454.out
[2024-11-07T14:57:41-0500] Ping summary (min/avg/max/mdev) = 42.475/54.233/81.527/7.796 ms
[2024-11-07T14:57:41-0500] Ping test finished at 2024-11-07 14:57:41.506 EST, duration: 31.081 s
[2024-11-07T14:57:41-0500] -------------------------------
[2024-11-07T14:57:41-0500] Waiting for 2 s...
[2024-11-07T14:57:43-0500] -------------------------------
[2024-11-07T14:57:43-0500] Starting 5G booster for 5 s...
[2024-11-07T14:57:43-0500] 5G booster started at 2024-11-07 14:57:43.624 EST
[2024-11-07T14:57:49-0500] Current time exceeds end time, skipping wait
[2024-11-07T14:57:49-0500] Saved TCP DL results to /data/data/com.termux/files/home/storage/shared/bos_la_2024_trip/verizon/20241107/145247233/tcp_downlink_145743653.out
[2024-11-07T14:57:49-0500] DL AVG TPUT: 
[2024-11-07T14:57:49-0500] 5G booster finished at 2024-11-07 14:57:49.750 EST, duration: 6.126 s
[2024-11-07T14:57:49-0500] -------------------------------
[2024-11-07T14:57:49-0500] Waiting for 2 s...
[2024-11-07T14:57:51-0500] -------------------------------
[2024-11-07T14:57:51-0500] TCP Ping test started at 2024-11-07 14:57:51.902 EST
[2024-11-07T14:58:23-0500] Current time exceeds end time, skipping wait
[2024-11-07T14:58:23-0500] Saved TCP Ping test to /data/data/com.termux/files/home/storage/shared/bos_la_2024_trip/verizon/20241107/145247233/tcp_ping_145751957.out
[2024-11-07T14:58:23-0500] TCP Ping summary (min/avg/max/mdev) 
[2024-11-07T14:58:23-0500] TCP Ping test finished at 2024-11-07 14:58:23.061 EST, duration: 31.159 s
[2024-11-07T14:58:23-0500] -------------------------------
[2024-11-07T14:58:23-0500] Waiting for 2 s...
[2024-11-07T14:58:25-0500] -------------------------------
[2024-11-07T14:58:25-0500] Traceroute test started at 2024-11-07 14:58:25.161 EST
[2024-11-07T14:58:26-0500] Waiting for 28.582 s to reach end time
[2024-11-07T14:58:55-0500] Saved traceroute test to /data/data/com.termux/files/home/storage/shared/bos_la_2024_trip/verizon/20241107/145247233/traceroute_145825202.out
[2024-11-07T14:58:55-0500] Traceroute summary (min/avg/max/mdev) 
[2024-11-07T14:58:55-0500] Traceroute test finished at 2024-11-07 14:58:55.257 EST, duration: 30.096 s
[2024-11-07T14:58:55-0500] -------------------------------
[2024-11-07T14:58:55-0500] All tests completed, cleaning up...
[2024-11-07T14:58:55-0500] -------------------------------
[2024-11-07T14:59:14-0500] [measurement] Load environment variables from prod.env file
[2024-11-07T14:59:14-0500] [measurement] Load operator-specific env from verizon.env file
[2024-11-07T14:59:14-0500] Starting a network measurement, please choose a server
[2024-11-07T14:59:14-0500] 0) West Cloud: 54.176.53.206
[2024-11-07T14:59:14-0500] 1) East Cloud: 54.197.223.49
[2024-11-07T14:59:14-0500] 2) Los Angeles Wavelength: 161.188.33.234
[2024-11-07T14:59:14-0500] 3) Las Vegas Wavelength: 155.146.118.158
[2024-11-07T14:59:14-0500] 4) Denver Wavelength: 155.146.144.24
[2024-11-07T14:59:14-0500] 5) Chicago Wavelength: 155.146.180.31
[2024-11-07T14:59:14-0500] 6) Boston Wavelength: 155.146.11.34
[2024-11-07T14:59:34-0500] Enter your choice (0-6): Testing verizon, server 1 (ip: 54.197.223.49, nuttcp_port: 5101, iperf_port: 5001)
[2024-11-07T14:59:34-0500] -------------------------------
[2024-11-07T14:59:34-0500] tcp downlink test started at 2024-11-07 14:59:34.107 EST
[2024-11-07T14:59:34-0500] Testing tcp downlink with 54.197.223.49:5101, interval 0.5 s, duration 120 s, timeout 121 s...
[2024-11-07T15:01:35-0500] Current time exceeds end time, skipping wait
[2024-11-07T15:01:35-0500] Saved tcp downlink test to /data/data/com.termux/files/home/storage/shared/bos_la_2024_trip/verizon/20241107/145934074/tcp_downlink_145934149.out
[2024-11-07T15:01:35-0500] DL AVG TPUT: 
[2024-11-07T15:01:35-0500] tcp downlink test finished at 2024-11-07 15:01:35.206 EST, duration: 121.099 s
[2024-11-07T15:01:35-0500] -------------------------------
[2024-11-07T15:01:35-0500] Waiting for 2 s...
[2024-11-07T15:01:37-0500] -------------------------------
[2024-11-07T15:01:37-0500] Starting 5G booster for 5 s...
[2024-11-07T15:01:37-0500] 5G booster started at 2024-11-07 15:01:37.303 EST
[2024-11-07T15:01:43-0500] Current time exceeds end time, skipping wait
[2024-11-07T15:01:43-0500] Saved TCP DL results to /data/data/com.termux/files/home/storage/shared/bos_la_2024_trip/verizon/20241107/145934074/tcp_downlink_150137352.out
[2024-11-07T15:01:43-0500] DL AVG TPUT: 
[2024-11-07T15:01:43-0500] 5G booster finished at 2024-11-07 15:01:43.440 EST, duration: 6.137 s
[2024-11-07T15:01:43-0500] -------------------------------
[2024-11-07T15:01:43-0500] Waiting for 2 s...
[2024-11-07T15:01:45-0500] -------------------------------
[2024-11-07T15:01:45-0500] tcp uplink test started at 2024-11-07 15:01:45.585 EST
[2024-11-07T15:01:45-0500] testing tcp uplink with 54.197.223.49:5101, interval 0.5, duration 120, timeout 121 ...
[2024-11-07T15:03:46-0500] Current time exceeds end time, skipping wait
[2024-11-07T15:03:46-0500] Saved uplink test to /data/data/com.termux/files/home/storage/shared/bos_la_2024_trip/verizon/20241107/145934074/tcp_uplink_150145634.out
[2024-11-07T15:03:46-0500] UL AVG TPUT: 
[2024-11-07T15:03:46-0500] tcp uplink test finished at 2024-11-07 15:03:46.723 EST, duration: 121.138 s
[2024-11-07T15:03:46-0500] -------------------------------
[2024-11-07T15:03:46-0500] Waiting for 2 s...
[2024-11-07T15:03:48-0500] -------------------------------
[2024-11-07T15:03:48-0500] Starting 5G booster for 5 s...
[2024-11-07T15:03:48-0500] 5G booster started at 2024-11-07 15:03:48.880 EST
[2024-11-07T15:03:54-0500] Current time exceeds end time, skipping wait
[2024-11-07T15:03:55-0500] Saved TCP DL results to /data/data/com.termux/files/home/storage/shared/bos_la_2024_trip/verizon/20241107/145934074/tcp_downlink_150348930.out
[2024-11-07T15:03:55-0500] DL AVG TPUT: 
[2024-11-07T15:03:55-0500] 5G booster finished at 2024-11-07 15:03:55.006 EST, duration: 6.126 s
[2024-11-07T15:03:55-0500] -------------------------------
[2024-11-07T15:03:55-0500] Waiting for 2 s...
[2024-11-07T15:03:57-0500] -------------------------------
[2024-11-07T15:03:57-0500] ICMP Ping test started at 2024-11-07 15:03:57.116 EST
[2024-11-07T15:04:27-0500] Waiting for .879 s to reach end time
[2024-11-07T15:04:28-0500] Saved ping test to /data/data/com.termux/files/home/storage/shared/bos_la_2024_trip/verizon/20241107/145934074/icmp_ping_150357149.out
[2024-11-07T15:04:28-0500] Ping summary (min/avg/max/mdev) = 42.946/81.723/265.818/43.334 ms
[2024-11-07T15:04:28-0500] Ping test finished at 2024-11-07 15:04:28.201 EST, duration: 31.085 s
[2024-11-07T15:04:28-0500] -------------------------------
[2024-11-07T15:04:28-0500] Waiting for 2 s...
[2024-11-07T15:04:30-0500] -------------------------------
[2024-11-07T15:04:30-0500] Starting 5G booster for 5 s...
[2024-11-07T15:04:30-0500] 5G booster started at 2024-11-07 15:04:30.312 EST
[2024-11-07T15:04:36-0500] Current time exceeds end time, skipping wait
[2024-11-07T15:04:36-0500] Saved TCP DL results to /data/data/com.termux/files/home/storage/shared/bos_la_2024_trip/verizon/20241107/145934074/tcp_downlink_150430339.out
[2024-11-07T15:04:36-0500] DL AVG TPUT: 
[2024-11-07T15:04:36-0500] 5G booster finished at 2024-11-07 15:04:36.478 EST, duration: 6.166 s
[2024-11-07T15:04:36-0500] -------------------------------
[2024-11-07T15:04:36-0500] Waiting for 2 s...
[2024-11-07T15:04:38-0500] -------------------------------
[2024-11-07T15:04:38-0500] TCP Ping test started at 2024-11-07 15:04:38.640 EST
[2024-11-07T15:05:09-0500] Current time exceeds end time, skipping wait
[2024-11-07T15:05:09-0500] Saved TCP Ping test to /data/data/com.termux/files/home/storage/shared/bos_la_2024_trip/verizon/20241107/145934074/tcp_ping_150438712.out
[2024-11-07T15:05:09-0500] TCP Ping summary (min/avg/max/mdev) 
[2024-11-07T15:05:09-0500] TCP Ping test finished at 2024-11-07 15:05:09.826 EST, duration: 31.186 s
[2024-11-07T15:05:09-0500] -------------------------------
[2024-11-07T15:05:09-0500] Waiting for 2 s...
[2024-11-07T15:05:11-0500] -------------------------------
[2024-11-07T15:05:11-0500] Traceroute test started at 2024-11-07 15:05:11.930 EST
[2024-11-07T15:05:13-0500] Waiting for 28.250 s to reach end time
[2024-11-07T15:05:42-0500] Saved traceroute test to /data/data/com.termux/files/home/storage/shared/bos_la_2024_trip/verizon/20241107/145934074/traceroute_150511960.out
[2024-11-07T15:05:42-0500] Traceroute summary (min/avg/max/mdev) 
[2024-11-07T15:05:42-0500] Traceroute test finished at 2024-11-07 15:05:42.007 EST, duration: 30.077 s
[2024-11-07T15:05:42-0500] -------------------------------
[2024-11-07T15:05:42-0500] All tests completed, cleaning up...
[2024-11-07T15:05:42-0500] -------------------------------
[2024-11-07T15:06:31-0500] [measurement] Load environment variables from prod.env file
[2024-11-07T15:06:31-0500] [measurement] Load operator-specific env from verizon.env file
[2024-11-07T15:06:31-0500] Starting a network measurement, please choose a server
[2024-11-07T15:06:31-0500] 0) West Cloud: 54.176.53.206
[2024-11-07T15:06:31-0500] 1) East Cloud: 54.197.223.49
[2024-11-07T15:06:31-0500] 2) Los Angeles Wavelength: 161.188.33.234
[2024-11-07T15:06:31-0500] 3) Las Vegas Wavelength: 155.146.118.158
[2024-11-07T15:06:31-0500] 4) Denver Wavelength: 155.146.144.24
[2024-11-07T15:06:31-0500] 5) Chicago Wavelength: 155.146.180.31
[2024-11-07T15:06:31-0500] 6) Boston Wavelength: 155.146.11.34
[2024-11-07T15:06:47-0500] Enter your choice (0-6): Testing verizon, server 1 (ip: 54.197.223.49, nuttcp_port: 5101, iperf_port: 5001)
[2024-11-07T15:06:47-0500] -------------------------------
[2024-11-07T15:06:47-0500] tcp downlink test started at 2024-11-07 15:06:47.052 EST
[2024-11-07T15:06:47-0500] Testing tcp downlink with 54.197.223.49:5101, interval 0.5 s, duration 120 s, timeout 121 s...
[2024-11-07T15:08:48-0500] Current time exceeds end time, skipping wait
[2024-11-07T15:08:48-0500] Saved tcp downlink test to /data/data/com.termux/files/home/storage/shared/bos_la_2024_trip/verizon/20241107/150647036/tcp_downlink_150647078.out
[2024-11-07T15:08:48-0500] DL AVG TPUT: 
[2024-11-07T15:08:48-0500] tcp downlink test finished at 2024-11-07 15:08:48.182 EST, duration: 121.130 s
[2024-11-07T15:08:48-0500] -------------------------------
[2024-11-07T15:08:48-0500] Waiting for 2 s...
[2024-11-07T15:08:50-0500] -------------------------------
[2024-11-07T15:08:50-0500] Starting 5G booster for 5 s...
[2024-11-07T15:08:50-0500] 5G booster started at 2024-11-07 15:08:50.308 EST
[2024-11-07T15:08:56-0500] Current time exceeds end time, skipping wait
[2024-11-07T15:08:56-0500] Saved TCP DL results to /data/data/com.termux/files/home/storage/shared/bos_la_2024_trip/verizon/20241107/150647036/tcp_downlink_150850337.out
[2024-11-07T15:08:56-0500] DL AVG TPUT: 
[2024-11-07T15:08:56-0500] 5G booster finished at 2024-11-07 15:08:56.476 EST, duration: 6.168 s
[2024-11-07T15:08:56-0500] -------------------------------
[2024-11-07T15:08:56-0500] Waiting for 2 s...
[2024-11-07T15:08:58-0500] -------------------------------
[2024-11-07T15:08:58-0500] tcp uplink test started at 2024-11-07 15:08:58.617 EST
[2024-11-07T15:08:58-0500] testing tcp uplink with 54.197.223.49:5101, interval 0.5, duration 120, timeout 121 ...
[2024-11-07T15:10:59-0500] Current time exceeds end time, skipping wait
[2024-11-07T15:10:59-0500] Saved uplink test to /data/data/com.termux/files/home/storage/shared/bos_la_2024_trip/verizon/20241107/150647036/tcp_uplink_150858648.out
[2024-11-07T15:10:59-0500] UL AVG TPUT: 
[2024-11-07T15:10:59-0500] tcp uplink test finished at 2024-11-07 15:10:59.730 EST, duration: 121.113 s
[2024-11-07T15:10:59-0500] -------------------------------
[2024-11-07T15:10:59-0500] Waiting for 2 s...
[2024-11-07T15:11:01-0500] -------------------------------
[2024-11-07T15:11:01-0500] Starting 5G booster for 5 s...
[2024-11-07T15:11:01-0500] 5G booster started at 2024-11-07 15:11:01.865 EST
[2024-11-07T15:11:07-0500] Current time exceeds end time, skipping wait
[2024-11-07T15:11:08-0500] Saved TCP DL results to /data/data/com.termux/files/home/storage/shared/bos_la_2024_trip/verizon/20241107/150647036/tcp_downlink_151101894.out
[2024-11-07T15:11:08-0500] [CAUTION] EMPTY LOG!
[2024-11-07T15:11:08-0500] 5G booster finished at 2024-11-07 15:11:08.003 EST, duration: 6.138 s
[2024-11-07T15:11:08-0500] -------------------------------
[2024-11-07T15:11:08-0500] Waiting for 2 s...
[2024-11-07T15:11:10-0500] -------------------------------
[2024-11-07T15:11:10-0500] ICMP Ping test started at 2024-11-07 15:11:10.110 EST
[2024-11-07T15:11:40-0500] Waiting for .862 s to reach end time
[2024-11-07T15:11:41-0500] Saved ping test to /data/data/com.termux/files/home/storage/shared/bos_la_2024_trip/verizon/20241107/150647036/icmp_ping_151110160.out
[2024-11-07T15:11:41-0500] Ping summary (min/avg/max/mdev) = 48.249/66.156/424.277/39.095 ms
[2024-11-07T15:11:41-0500] Ping test finished at 2024-11-07 15:11:41.203 EST, duration: 31.093 s
[2024-11-07T15:11:41-0500] -------------------------------
[2024-11-07T15:11:41-0500] Waiting for 2 s...
[2024-11-07T15:11:43-0500] -------------------------------
[2024-11-07T15:11:43-0500] Starting 5G booster for 5 s...
[2024-11-07T15:11:43-0500] 5G booster started at 2024-11-07 15:11:43.333 EST
[2024-11-07T15:11:49-0500] Current time exceeds end time, skipping wait
[2024-11-07T15:11:49-0500] Saved TCP DL results to /data/data/com.termux/files/home/storage/shared/bos_la_2024_trip/verizon/20241107/150647036/tcp_downlink_151143361.out
[2024-11-07T15:11:49-0500] DL AVG TPUT: 
[2024-11-07T15:11:49-0500] 5G booster finished at 2024-11-07 15:11:49.427 EST, duration: 6.094 s
[2024-11-07T15:11:49-0500] -------------------------------
[2024-11-07T15:11:49-0500] Waiting for 2 s...
[2024-11-07T15:11:51-0500] -------------------------------
[2024-11-07T15:11:51-0500] TCP Ping test started at 2024-11-07 15:11:51.527 EST
[2024-11-07T15:12:22-0500] Current time exceeds end time, skipping wait
[2024-11-07T15:12:22-0500] Saved TCP Ping test to /data/data/com.termux/files/home/storage/shared/bos_la_2024_trip/verizon/20241107/150647036/tcp_ping_151151558.out
[2024-11-07T15:12:22-0500] TCP Ping summary (min/avg/max/mdev) 
[2024-11-07T15:12:22-0500] TCP Ping test finished at 2024-11-07 15:12:22.655 EST, duration: 31.128 s
[2024-11-07T15:12:22-0500] -------------------------------
[2024-11-07T15:12:22-0500] Waiting for 2 s...
[2024-11-07T15:12:24-0500] -------------------------------
[2024-11-07T15:12:24-0500] Traceroute test started at 2024-11-07 15:12:24.761 EST
[2024-11-07T15:12:26-0500] Waiting for 28.198 s to reach end time
[2024-11-07T15:12:54-0500] Saved traceroute test to /data/data/com.termux/files/home/storage/shared/bos_la_2024_trip/verizon/20241107/150647036/traceroute_151224788.out
[2024-11-07T15:12:54-0500] Traceroute summary (min/avg/max/mdev) 
[2024-11-07T15:12:54-0500] Traceroute test finished at 2024-11-07 15:12:54.851 EST, duration: 30.090 s
[2024-11-07T15:12:54-0500] -------------------------------
[2024-11-07T15:12:54-0500] All tests completed, cleaning up...
[2024-11-07T15:12:54-0500] -------------------------------
[2024-11-07T15:13:21-0500] [measurement] Load environment variables from prod.env file
[2024-11-07T15:13:21-0500] [measurement] Load operator-specific env from verizon.env file
[2024-11-07T15:13:21-0500] Starting a network measurement, please choose a server
[2024-11-07T15:13:21-0500] 0) West Cloud: 54.176.53.206
[2024-11-07T15:13:21-0500] 1) East Cloud: 54.197.223.49
[2024-11-07T15:13:21-0500] 2) Los Angeles Wavelength: 161.188.33.234
[2024-11-07T15:13:21-0500] 3) Las Vegas Wavelength: 155.146.118.158
[2024-11-07T15:13:21-0500] 4) Denver Wavelength: 155.146.144.24
[2024-11-07T15:13:21-0500] 5) Chicago Wavelength: 155.146.180.31
[2024-11-07T15:13:21-0500] 6) Boston Wavelength: 155.146.11.34
[2024-11-07T15:13:40-0500] Enter your choice (0-6): Testing verizon, server 1 (ip: 54.197.223.49, nuttcp_port: 5101, iperf_port: 5001)
[2024-11-07T15:13:40-0500] -------------------------------
[2024-11-07T15:13:40-0500] tcp downlink test started at 2024-11-07 15:13:40.119 EST
[2024-11-07T15:13:40-0500] Testing tcp downlink with 54.197.223.49:5101, interval 0.5 s, duration 120 s, timeout 121 s...
[2024-11-07T15:15:41-0500] Current time exceeds end time, skipping wait
[2024-11-07T15:15:41-0500] Saved tcp downlink test to /data/data/com.termux/files/home/storage/shared/bos_la_2024_trip/verizon/20241107/151340090/tcp_downlink_151340151.out
[2024-11-07T15:15:41-0500] DL AVG TPUT: 
[2024-11-07T15:15:41-0500] tcp downlink test finished at 2024-11-07 15:15:41.270 EST, duration: 121.151 s
[2024-11-07T15:15:41-0500] -------------------------------
[2024-11-07T15:15:41-0500] Waiting for 2 s...
[2024-11-07T15:15:43-0500] -------------------------------
[2024-11-07T15:15:43-0500] Starting 5G booster for 5 s...
[2024-11-07T15:15:43-0500] 5G booster started at 2024-11-07 15:15:43.397 EST
[2024-11-07T15:15:49-0500] Current time exceeds end time, skipping wait
[2024-11-07T15:15:49-0500] Saved TCP DL results to /data/data/com.termux/files/home/storage/shared/bos_la_2024_trip/verizon/20241107/151340090/tcp_downlink_151543448.out
[2024-11-07T15:15:49-0500] DL AVG TPUT: 
[2024-11-07T15:15:49-0500] 5G booster finished at 2024-11-07 15:15:49.573 EST, duration: 6.176 s
[2024-11-07T15:15:49-0500] -------------------------------
[2024-11-07T15:15:49-0500] Waiting for 2 s...
[2024-11-07T15:15:51-0500] -------------------------------
[2024-11-07T15:15:51-0500] tcp uplink test started at 2024-11-07 15:15:51.713 EST
[2024-11-07T15:15:51-0500] testing tcp uplink with 54.197.223.49:5101, interval 0.5, duration 120, timeout 121 ...
[2024-11-07T15:17:52-0500] Current time exceeds end time, skipping wait
[2024-11-07T15:17:52-0500] Saved uplink test to /data/data/com.termux/files/home/storage/shared/bos_la_2024_trip/verizon/20241107/151340090/tcp_uplink_151551748.out
[2024-11-07T15:17:52-0500] UL AVG TPUT: 
[2024-11-07T15:17:52-0500] tcp uplink test finished at 2024-11-07 15:17:52.873 EST, duration: 121.160 s
[2024-11-07T15:17:52-0500] -------------------------------
[2024-11-07T15:17:52-0500] Waiting for 2 s...
[2024-11-07T15:17:54-0500] -------------------------------
[2024-11-07T15:17:54-0500] Starting 5G booster for 5 s...
[2024-11-07T15:17:55-0500] 5G booster started at 2024-11-07 15:17:54.998 EST
[2024-11-07T15:18:01-0500] Current time exceeds end time, skipping wait
[2024-11-07T15:18:01-0500] Saved TCP DL results to /data/data/com.termux/files/home/storage/shared/bos_la_2024_trip/verizon/20241107/151340090/tcp_downlink_151755050.out
[2024-11-07T15:18:01-0500] DL AVG TPUT: 
[2024-11-07T15:18:01-0500] 5G booster finished at 2024-11-07 15:18:01.196 EST, duration: 6.198 s
[2024-11-07T15:18:01-0500] -------------------------------
[2024-11-07T15:18:01-0500] Waiting for 2 s...
[2024-11-07T15:18:03-0500] -------------------------------
[2024-11-07T15:18:03-0500] ICMP Ping test started at 2024-11-07 15:18:03.304 EST
[2024-11-07T15:18:33-0500] Waiting for .843 s to reach end time
[2024-11-07T15:18:34-0500] Saved ping test to /data/data/com.termux/files/home/storage/shared/bos_la_2024_trip/verizon/20241107/151340090/icmp_ping_151803359.out
[2024-11-07T15:18:34-0500] Ping summary (min/avg/max/mdev) = 48.103/57.089/73.917/3.755 ms
[2024-11-07T15:18:34-0500] Ping test finished at 2024-11-07 15:18:34.395 EST, duration: 31.091 s
[2024-11-07T15:18:34-0500] -------------------------------
[2024-11-07T15:18:34-0500] Waiting for 2 s...
[2024-11-07T15:18:36-0500] -------------------------------
[2024-11-07T15:18:36-0500] Starting 5G booster for 5 s...
[2024-11-07T15:18:36-0500] 5G booster started at 2024-11-07 15:18:36.506 EST
[2024-11-07T15:18:42-0500] Current time exceeds end time, skipping wait
[2024-11-07T15:18:42-0500] Saved TCP DL results to /data/data/com.termux/files/home/storage/shared/bos_la_2024_trip/verizon/20241107/151340090/tcp_downlink_151836539.out
[2024-11-07T15:18:42-0500] DL AVG TPUT: 
[2024-11-07T15:18:42-0500] 5G booster finished at 2024-11-07 15:18:42.634 EST, duration: 6.128 s
[2024-11-07T15:18:42-0500] -------------------------------
[2024-11-07T15:18:42-0500] Waiting for 2 s...
[2024-11-07T15:18:44-0500] -------------------------------
[2024-11-07T15:18:44-0500] TCP Ping test started at 2024-11-07 15:18:44.769 EST
[2024-11-07T15:19:15-0500] Current time exceeds end time, skipping wait
[2024-11-07T15:19:15-0500] Saved TCP Ping test to /data/data/com.termux/files/home/storage/shared/bos_la_2024_trip/verizon/20241107/151340090/tcp_ping_151844798.out
[2024-11-07T15:19:15-0500] TCP Ping summary (min/avg/max/mdev) 
[2024-11-07T15:19:15-0500] TCP Ping test finished at 2024-11-07 15:19:15.928 EST, duration: 31.159 s
[2024-11-07T15:19:15-0500] -------------------------------
[2024-11-07T15:19:15-0500] Waiting for 2 s...
[2024-11-07T15:19:18-0500] -------------------------------
[2024-11-07T15:19:18-0500] Traceroute test started at 2024-11-07 15:19:18.040 EST
[2024-11-07T15:19:19-0500] Waiting for 28.671 s to reach end time
[2024-11-07T15:19:48-0500] Saved traceroute test to /data/data/com.termux/files/home/storage/shared/bos_la_2024_trip/verizon/20241107/151340090/traceroute_151918075.out
[2024-11-07T15:19:48-0500] Traceroute summary (min/avg/max/mdev) 
[2024-11-07T15:19:48-0500] Traceroute test finished at 2024-11-07 15:19:48.147 EST, duration: 30.107 s
[2024-11-07T15:19:48-0500] -------------------------------
[2024-11-07T15:19:48-0500] All tests completed, cleaning up...
[2024-11-07T15:19:48-0500] -------------------------------
[2024-11-07T15:20:11-0500] [measurement] Load environment variables from prod.env file
[2024-11-07T15:20:11-0500] [measurement] Load operator-specific env from verizon.env file
[2024-11-07T15:20:11-0500] Starting a network measurement, please choose a server
[2024-11-07T15:20:11-0500] 0) West Cloud: 54.176.53.206
[2024-11-07T15:20:11-0500] 1) East Cloud: 54.197.223.49
[2024-11-07T15:20:11-0500] 2) Los Angeles Wavelength: 161.188.33.234
[2024-11-07T15:20:11-0500] 3) Las Vegas Wavelength: 155.146.118.158
[2024-11-07T15:20:11-0500] 4) Denver Wavelength: 155.146.144.24
[2024-11-07T15:20:11-0500] 5) Chicago Wavelength: 155.146.180.31
[2024-11-07T15:20:11-0500] 6) Boston Wavelength: 155.146.11.34
[2024-11-07T15:20:36-0500] Enter your choice (0-6): Testing verizon, server 1 (ip: 54.197.223.49, nuttcp_port: 5101, iperf_port: 5001)
[2024-11-07T15:20:36-0500] -------------------------------
[2024-11-07T15:20:36-0500] tcp downlink test started at 2024-11-07 15:20:36.316 EST
[2024-11-07T15:20:36-0500] Testing tcp downlink with 54.197.223.49:5101, interval 0.5 s, duration 120 s, timeout 121 s...
[2024-11-07T15:22:37-0500] Current time exceeds end time, skipping wait
[2024-11-07T15:22:37-0500] Saved tcp downlink test to /data/data/com.termux/files/home/storage/shared/bos_la_2024_trip/verizon/20241107/152036292/tcp_downlink_152036340.out
[2024-11-07T15:22:37-0500] DL AVG TPUT: 
[2024-11-07T15:22:37-0500] tcp downlink test finished at 2024-11-07 15:22:37.429 EST, duration: 121.113 s
[2024-11-07T15:22:37-0500] -------------------------------
[2024-11-07T15:22:37-0500] Waiting for 2 s...
[2024-11-07T15:22:39-0500] -------------------------------
[2024-11-07T15:22:39-0500] Starting 5G booster for 5 s...
[2024-11-07T15:22:39-0500] 5G booster started at 2024-11-07 15:22:39.536 EST
[2024-11-07T15:22:45-0500] Current time exceeds end time, skipping wait
[2024-11-07T15:22:45-0500] Saved TCP DL results to /data/data/com.termux/files/home/storage/shared/bos_la_2024_trip/verizon/20241107/152036292/tcp_downlink_152239561.out
[2024-11-07T15:22:45-0500] DL AVG TPUT: 
[2024-11-07T15:22:45-0500] 5G booster finished at 2024-11-07 15:22:45.641 EST, duration: 6.105 s
[2024-11-07T15:22:45-0500] -------------------------------
[2024-11-07T15:22:45-0500] Waiting for 2 s...
[2024-11-07T15:22:47-0500] -------------------------------
[2024-11-07T15:22:47-0500] tcp uplink test started at 2024-11-07 15:22:47.748 EST
[2024-11-07T15:22:47-0500] testing tcp uplink with 54.197.223.49:5101, interval 0.5, duration 120, timeout 121 ...
[2024-11-07T15:24:48-0500] Current time exceeds end time, skipping wait
[2024-11-07T15:24:48-0500] Saved uplink test to /data/data/com.termux/files/home/storage/shared/bos_la_2024_trip/verizon/20241107/152036292/tcp_uplink_152247778.out
[2024-11-07T15:24:48-0500] UL AVG TPUT: 
[2024-11-07T15:24:49-0500] tcp uplink test finished at 2024-11-07 15:24:48.894 EST, duration: 121.146 s
[2024-11-07T15:24:49-0500] -------------------------------
[2024-11-07T15:24:49-0500] Waiting for 2 s...
[2024-11-07T15:24:51-0500] -------------------------------
[2024-11-07T15:24:51-0500] Starting 5G booster for 5 s...
[2024-11-07T15:24:51-0500] 5G booster started at 2024-11-07 15:24:51.043 EST
[2024-11-07T15:24:57-0500] Current time exceeds end time, skipping wait
[2024-11-07T15:24:57-0500] Saved TCP DL results to /data/data/com.termux/files/home/storage/shared/bos_la_2024_trip/verizon/20241107/152036292/tcp_downlink_152451080.out
[2024-11-07T15:24:57-0500] DL AVG TPUT: 
[2024-11-07T15:24:57-0500] 5G booster finished at 2024-11-07 15:24:57.181 EST, duration: 6.138 s
[2024-11-07T15:24:57-0500] -------------------------------
[2024-11-07T15:24:57-0500] Waiting for 2 s...
[2024-11-07T15:24:59-0500] -------------------------------
[2024-11-07T15:24:59-0500] ICMP Ping test started at 2024-11-07 15:24:59.310 EST
[2024-11-07T15:25:29-0500] Waiting for .869 s to reach end time
[2024-11-07T15:25:30-0500] Saved ping test to /data/data/com.termux/files/home/storage/shared/bos_la_2024_trip/verizon/20241107/152036292/icmp_ping_152459364.out
[2024-11-07T15:25:30-0500] Ping summary (min/avg/max/mdev) = 31.218/339.792/4216.634/745.139 ms
[2024-11-07T15:25:30-0500] Ping test finished at 2024-11-07 15:25:30.425 EST, duration: 31.115 s
[2024-11-07T15:25:30-0500] -------------------------------
[2024-11-07T15:25:30-0500] Waiting for 2 s...
[2024-11-07T15:25:32-0500] -------------------------------
[2024-11-07T15:25:32-0500] Starting 5G booster for 5 s...
[2024-11-07T15:25:32-0500] 5G booster started at 2024-11-07 15:25:32.583 EST
[2024-11-07T15:25:38-0500] Current time exceeds end time, skipping wait
[2024-11-07T15:25:38-0500] Saved TCP DL results to /data/data/com.termux/files/home/storage/shared/bos_la_2024_trip/verizon/20241107/152036292/tcp_downlink_152532626.out
[2024-11-07T15:25:38-0500] DL AVG TPUT: 
[2024-11-07T15:25:38-0500] 5G booster finished at 2024-11-07 15:25:38.733 EST, duration: 6.150 s
[2024-11-07T15:25:38-0500] -------------------------------
[2024-11-07T15:25:38-0500] Waiting for 2 s...
[2024-11-07T15:25:40-0500] -------------------------------
[2024-11-07T15:25:40-0500] TCP Ping test started at 2024-11-07 15:25:40.872 EST
[2024-11-07T15:26:11-0500] Current time exceeds end time, skipping wait
[2024-11-07T15:26:12-0500] Saved TCP Ping test to /data/data/com.termux/files/home/storage/shared/bos_la_2024_trip/verizon/20241107/152036292/tcp_ping_152540911.out
[2024-11-07T15:26:12-0500] TCP Ping summary (min/avg/max/mdev) 
[2024-11-07T15:26:12-0500] TCP Ping test finished at 2024-11-07 15:26:12.005 EST, duration: 31.133 s
[2024-11-07T15:26:12-0500] -------------------------------
[2024-11-07T15:26:12-0500] Waiting for 2 s...
[2024-11-07T15:26:14-0500] -------------------------------
[2024-11-07T15:26:14-0500] Traceroute test started at 2024-11-07 15:26:14.141 EST
[2024-11-07T15:26:15-0500] Waiting for 28.890 s to reach end time
[2024-11-07T15:26:44-0500] Saved traceroute test to /data/data/com.termux/files/home/storage/shared/bos_la_2024_trip/verizon/20241107/152036292/traceroute_152614195.out
[2024-11-07T15:26:44-0500] Traceroute summary (min/avg/max/mdev) 
[2024-11-07T15:26:44-0500] Traceroute test finished at 2024-11-07 15:26:44.241 EST, duration: 30.100 s
[2024-11-07T15:26:44-0500] -------------------------------
[2024-11-07T15:26:44-0500] All tests completed, cleaning up...
[2024-11-07T15:26:44-0500] -------------------------------
[2024-11-07T15:27:02-0500] [measurement] Load environment variables from prod.env file
[2024-11-07T15:27:02-0500] [measurement] Load operator-specific env from verizon.env file
[2024-11-07T15:27:02-0500] Starting a network measurement, please choose a server
[2024-11-07T15:27:02-0500] 0) West Cloud: 54.176.53.206
[2024-11-07T15:27:02-0500] 1) East Cloud: 54.197.223.49
[2024-11-07T15:27:02-0500] 2) Los Angeles Wavelength: 161.188.33.234
[2024-11-07T15:27:02-0500] 3) Las Vegas Wavelength: 155.146.118.158
[2024-11-07T15:27:02-0500] 4) Denver Wavelength: 155.146.144.24
[2024-11-07T15:27:02-0500] 5) Chicago Wavelength: 155.146.180.31
[2024-11-07T15:27:02-0500] 6) Boston Wavelength: 155.146.11.34
[2024-11-07T15:27:19-0500] Enter your choice (0-6): Testing verizon, server 1 (ip: 54.197.223.49, nuttcp_port: 5101, iperf_port: 5001)
[2024-11-07T15:27:19-0500] -------------------------------
[2024-11-07T15:27:19-0500] tcp downlink test started at 2024-11-07 15:27:19.270 EST
[2024-11-07T15:27:19-0500] Testing tcp downlink with 54.197.223.49:5101, interval 0.5 s, duration 120 s, timeout 121 s...
[2024-11-07T15:29:20-0500] Current time exceeds end time, skipping wait
[2024-11-07T15:29:20-0500] Saved tcp downlink test to /data/data/com.termux/files/home/storage/shared/bos_la_2024_trip/verizon/20241107/152719247/tcp_downlink_152719301.out
[2024-11-07T15:29:20-0500] DL AVG TPUT: 
[2024-11-07T15:29:20-0500] tcp downlink test finished at 2024-11-07 15:29:20.379 EST, duration: 121.109 s
[2024-11-07T15:29:20-0500] -------------------------------
[2024-11-07T15:29:20-0500] Waiting for 2 s...
[2024-11-07T15:29:22-0500] -------------------------------
[2024-11-07T15:29:22-0500] Starting 5G booster for 5 s...
[2024-11-07T15:29:22-0500] 5G booster started at 2024-11-07 15:29:22.519 EST
[2024-11-07T15:29:28-0500] Current time exceeds end time, skipping wait
[2024-11-07T15:29:28-0500] Saved TCP DL results to /data/data/com.termux/files/home/storage/shared/bos_la_2024_trip/verizon/20241107/152719247/tcp_downlink_152922597.out
[2024-11-07T15:29:28-0500] DL AVG TPUT: 
[2024-11-07T15:29:28-0500] 5G booster finished at 2024-11-07 15:29:28.714 EST, duration: 6.195 s
[2024-11-07T15:29:28-0500] -------------------------------
[2024-11-07T15:29:28-0500] Waiting for 2 s...
[2024-11-07T15:29:30-0500] -------------------------------
[2024-11-07T15:29:30-0500] tcp uplink test started at 2024-11-07 15:29:30.818 EST
[2024-11-07T15:29:30-0500] testing tcp uplink with 54.197.223.49:5101, interval 0.5, duration 120, timeout 121 ...
[2024-11-07T15:31:31-0500] Current time exceeds end time, skipping wait
[2024-11-07T15:31:31-0500] Saved uplink test to /data/data/com.termux/files/home/storage/shared/bos_la_2024_trip/verizon/20241107/152719247/tcp_uplink_152930842.out
[2024-11-07T15:31:32-0500] UL AVG TPUT: 
[2024-11-07T15:31:32-0500] tcp uplink test finished at 2024-11-07 15:31:31.938 EST, duration: 121.120 s
[2024-11-07T15:31:32-0500] -------------------------------
[2024-11-07T15:31:32-0500] Waiting for 2 s...
[2024-11-07T15:31:34-0500] -------------------------------
[2024-11-07T15:31:34-0500] Starting 5G booster for 5 s...
[2024-11-07T15:31:34-0500] 5G booster started at 2024-11-07 15:31:34.088 EST
[2024-11-07T15:31:40-0500] Current time exceeds end time, skipping wait
[2024-11-07T15:31:40-0500] Saved TCP DL results to /data/data/com.termux/files/home/storage/shared/bos_la_2024_trip/verizon/20241107/152719247/tcp_downlink_153134115.out
[2024-11-07T15:31:40-0500] DL AVG TPUT: 
[2024-11-07T15:31:40-0500] 5G booster finished at 2024-11-07 15:31:40.230 EST, duration: 6.142 s
[2024-11-07T15:31:40-0500] -------------------------------
[2024-11-07T15:31:40-0500] Waiting for 2 s...
[2024-11-07T15:31:42-0500] -------------------------------
[2024-11-07T15:31:42-0500] ICMP Ping test started at 2024-11-07 15:31:42.339 EST
[2024-11-07T15:32:12-0500] Waiting for .895 s to reach end time
[2024-11-07T15:32:13-0500] Saved ping test to /data/data/com.termux/files/home/storage/shared/bos_la_2024_trip/verizon/20241107/152719247/icmp_ping_153142366.out
[2024-11-07T15:32:13-0500] Ping summary (min/avg/max/mdev) = 33.138/42.990/260.603/18.577 ms
[2024-11-07T15:32:13-0500] Ping test finished at 2024-11-07 15:32:13.455 EST, duration: 31.116 s
[2024-11-07T15:32:13-0500] -------------------------------
[2024-11-07T15:32:13-0500] Waiting for 2 s...
[2024-11-07T15:32:15-0500] -------------------------------
[2024-11-07T15:32:15-0500] Starting 5G booster for 5 s...
[2024-11-07T15:32:15-0500] 5G booster started at 2024-11-07 15:32:15.579 EST
[2024-11-07T15:32:21-0500] Current time exceeds end time, skipping wait
[2024-11-07T15:32:21-0500] Saved TCP DL results to /data/data/com.termux/files/home/storage/shared/bos_la_2024_trip/verizon/20241107/152719247/tcp_downlink_153215607.out
[2024-11-07T15:32:21-0500] DL AVG TPUT: 
[2024-11-07T15:32:21-0500] 5G booster finished at 2024-11-07 15:32:21.703 EST, duration: 6.124 s
[2024-11-07T15:32:21-0500] -------------------------------
[2024-11-07T15:32:21-0500] Waiting for 2 s...
[2024-11-07T15:32:23-0500] -------------------------------
[2024-11-07T15:32:23-0500] TCP Ping test started at 2024-11-07 15:32:23.818 EST
[2024-11-07T15:32:54-0500] Current time exceeds end time, skipping wait
[2024-11-07T15:32:54-0500] Saved TCP Ping test to /data/data/com.termux/files/home/storage/shared/bos_la_2024_trip/verizon/20241107/152719247/tcp_ping_153223844.out
[2024-11-07T15:32:54-0500] TCP Ping summary (min/avg/max/mdev) 
[2024-11-07T15:32:55-0500] TCP Ping test finished at 2024-11-07 15:32:54.935 EST, duration: 31.117 s
[2024-11-07T15:32:55-0500] -------------------------------
[2024-11-07T15:32:55-0500] Waiting for 2 s...
[2024-11-07T15:32:57-0500] -------------------------------
[2024-11-07T15:32:57-0500] Traceroute test started at 2024-11-07 15:32:57.024 EST
[2024-11-07T15:32:58-0500] Waiting for 29.038 s to reach end time
[2024-11-07T15:33:27-0500] Saved traceroute test to /data/data/com.termux/files/home/storage/shared/bos_la_2024_trip/verizon/20241107/152719247/traceroute_153257048.out
[2024-11-07T15:33:27-0500] Traceroute summary (min/avg/max/mdev) 
[2024-11-07T15:33:27-0500] Traceroute test finished at 2024-11-07 15:33:27.130 EST, duration: 30.106 s
[2024-11-07T15:33:27-0500] -------------------------------
[2024-11-07T15:33:27-0500] All tests completed, cleaning up...
[2024-11-07T15:33:27-0500] -------------------------------
[2024-11-07T15:33:53-0500] [measurement] Load environment variables from prod.env file
[2024-11-07T15:33:53-0500] [measurement] Load operator-specific env from verizon.env file
[2024-11-07T15:33:53-0500] Starting a network measurement, please choose a server
[2024-11-07T15:33:53-0500] 0) West Cloud: 54.176.53.206
[2024-11-07T15:33:53-0500] 1) East Cloud: 54.197.223.49
[2024-11-07T15:33:53-0500] 2) Los Angeles Wavelength: 161.188.33.234
[2024-11-07T15:33:53-0500] 3) Las Vegas Wavelength: 155.146.118.158
[2024-11-07T15:33:53-0500] 4) Denver Wavelength: 155.146.144.24
[2024-11-07T15:33:53-0500] 5) Chicago Wavelength: 155.146.180.31
[2024-11-07T15:33:53-0500] 6) Boston Wavelength: 155.146.11.34
[2024-11-07T15:34:12-0500] Enter your choice (0-6): Testing verizon, server 1 (ip: 54.197.223.49, nuttcp_port: 5101, iperf_port: 5001)
[2024-11-07T15:34:12-0500] -------------------------------
[2024-11-07T15:34:12-0500] tcp downlink test started at 2024-11-07 15:34:12.616 EST
[2024-11-07T15:34:12-0500] Testing tcp downlink with 54.197.223.49:5101, interval 0.5 s, duration 120 s, timeout 121 s...
[2024-11-07T15:36:13-0500] Current time exceeds end time, skipping wait
[2024-11-07T15:36:13-0500] Saved tcp downlink test to /data/data/com.termux/files/home/storage/shared/bos_la_2024_trip/verizon/20241107/153412594/tcp_downlink_153412650.out
[2024-11-07T15:36:13-0500] DL AVG TPUT: 
[2024-11-07T15:36:13-0500] tcp downlink test finished at 2024-11-07 15:36:13.737 EST, duration: 121.121 s
[2024-11-07T15:36:13-0500] -------------------------------
[2024-11-07T15:36:13-0500] Waiting for 2 s...
[2024-11-07T15:36:15-0500] -------------------------------
[2024-11-07T15:36:15-0500] Starting 5G booster for 5 s...
[2024-11-07T15:36:15-0500] 5G booster started at 2024-11-07 15:36:15.872 EST
[2024-11-07T15:36:22-0500] Current time exceeds end time, skipping wait
[2024-11-07T15:36:22-0500] Saved TCP DL results to /data/data/com.termux/files/home/storage/shared/bos_la_2024_trip/verizon/20241107/153412594/tcp_downlink_153615903.out
[2024-11-07T15:36:22-0500] DL AVG TPUT: 
[2024-11-07T15:36:22-0500] 5G booster finished at 2024-11-07 15:36:22.040 EST, duration: 6.168 s
[2024-11-07T15:36:22-0500] -------------------------------
[2024-11-07T15:36:22-0500] Waiting for 2 s...
[2024-11-07T15:36:24-0500] -------------------------------
[2024-11-07T15:36:24-0500] tcp uplink test started at 2024-11-07 15:36:24.173 EST
[2024-11-07T15:36:24-0500] testing tcp uplink with 54.197.223.49:5101, interval 0.5, duration 120, timeout 121 ...
[2024-11-07T15:38:25-0500] Current time exceeds end time, skipping wait
[2024-11-07T15:38:25-0500] Saved uplink test to /data/data/com.termux/files/home/storage/shared/bos_la_2024_trip/verizon/20241107/153412594/tcp_uplink_153624203.out
[2024-11-07T15:38:25-0500] UL AVG TPUT: 
[2024-11-07T15:38:25-0500] tcp uplink test finished at 2024-11-07 15:38:25.293 EST, duration: 121.120 s
[2024-11-07T15:38:25-0500] -------------------------------
[2024-11-07T15:38:25-0500] Waiting for 2 s...
[2024-11-07T15:38:27-0500] -------------------------------
[2024-11-07T15:38:27-0500] Starting 5G booster for 5 s...
[2024-11-07T15:38:27-0500] 5G booster started at 2024-11-07 15:38:27.390 EST
[2024-11-07T15:38:33-0500] Current time exceeds end time, skipping wait
[2024-11-07T15:38:33-0500] Saved TCP DL results to /data/data/com.termux/files/home/storage/shared/bos_la_2024_trip/verizon/20241107/153412594/tcp_downlink_153827425.out
[2024-11-07T15:38:33-0500] DL AVG TPUT: 
[2024-11-07T15:38:33-0500] 5G booster finished at 2024-11-07 15:38:33.520 EST, duration: 6.130 s
[2024-11-07T15:38:33-0500] -------------------------------
[2024-11-07T15:38:33-0500] Waiting for 2 s...
[2024-11-07T15:38:35-0500] -------------------------------
[2024-11-07T15:38:35-0500] ICMP Ping test started at 2024-11-07 15:38:35.647 EST
[2024-11-07T15:39:05-0500] Waiting for .891 s to reach end time
[2024-11-07T15:39:06-0500] Saved ping test to /data/data/com.termux/files/home/storage/shared/bos_la_2024_trip/verizon/20241107/153412594/icmp_ping_153835688.out
[2024-11-07T15:39:06-0500] Ping summary (min/avg/max/mdev) = 26.284/45.774/187.278/28.041 ms
[2024-11-07T15:39:06-0500] Ping test finished at 2024-11-07 15:39:06.716 EST, duration: 31.069 s
[2024-11-07T15:39:06-0500] -------------------------------
[2024-11-07T15:39:06-0500] Waiting for 2 s...
[2024-11-07T15:39:08-0500] -------------------------------
[2024-11-07T15:39:08-0500] Starting 5G booster for 5 s...
[2024-11-07T15:39:08-0500] 5G booster started at 2024-11-07 15:39:08.865 EST
[2024-11-07T15:39:14-0500] Current time exceeds end time, skipping wait
[2024-11-07T15:39:14-0500] Saved TCP DL results to /data/data/com.termux/files/home/storage/shared/bos_la_2024_trip/verizon/20241107/153412594/tcp_downlink_153908898.out
[2024-11-07T15:39:14-0500] DL AVG TPUT: 
[2024-11-07T15:39:15-0500] 5G booster finished at 2024-11-07 15:39:14.959 EST, duration: 6.094 s
[2024-11-07T15:39:15-0500] -------------------------------
[2024-11-07T15:39:15-0500] Waiting for 2 s...
[2024-11-07T15:39:17-0500] -------------------------------
[2024-11-07T15:39:17-0500] TCP Ping test started at 2024-11-07 15:39:17.067 EST
[2024-11-07T15:39:48-0500] Current time exceeds end time, skipping wait
[2024-11-07T15:39:48-0500] Saved TCP Ping test to /data/data/com.termux/files/home/storage/shared/bos_la_2024_trip/verizon/20241107/153412594/tcp_ping_153917101.out
[2024-11-07T15:39:48-0500] TCP Ping summary (min/avg/max/mdev) 
[2024-11-07T15:39:48-0500] TCP Ping test finished at 2024-11-07 15:39:48.226 EST, duration: 31.159 s
[2024-11-07T15:39:48-0500] -------------------------------
[2024-11-07T15:39:48-0500] Waiting for 2 s...
[2024-11-07T15:39:50-0500] -------------------------------
[2024-11-07T15:39:50-0500] Traceroute test started at 2024-11-07 15:39:50.380 EST
[2024-11-07T15:39:51-0500] Waiting for 28.579 s to reach end time
[2024-11-07T15:40:20-0500] Saved traceroute test to /data/data/com.termux/files/home/storage/shared/bos_la_2024_trip/verizon/20241107/153412594/traceroute_153950411.out
[2024-11-07T15:40:20-0500] Traceroute summary (min/avg/max/mdev) 
[2024-11-07T15:40:20-0500] Traceroute test finished at 2024-11-07 15:40:20.486 EST, duration: 30.106 s
[2024-11-07T15:40:20-0500] -------------------------------
[2024-11-07T15:40:20-0500] All tests completed, cleaning up...
[2024-11-07T15:40:20-0500] -------------------------------
[2024-11-07T15:45:04-0500] [measurement] Load environment variables from prod.env file
[2024-11-07T15:45:04-0500] [measurement] Load operator-specific env from verizon.env file
[2024-11-07T15:45:04-0500] Starting a network measurement, please choose a server
[2024-11-07T15:45:04-0500] 0) West Cloud: 54.176.53.206
[2024-11-07T15:45:04-0500] 1) East Cloud: 54.197.223.49
[2024-11-07T15:45:04-0500] 2) Los Angeles Wavelength: 161.188.33.234
[2024-11-07T15:45:04-0500] 3) Las Vegas Wavelength: 155.146.118.158
[2024-11-07T15:45:04-0500] 4) Denver Wavelength: 155.146.144.24
[2024-11-07T15:45:04-0500] 5) Chicago Wavelength: 155.146.180.31
[2024-11-07T15:45:04-0500] 6) Boston Wavelength: 155.146.11.34
[2024-11-07T15:45:15-0500] Enter your choice (0-6): Testing verizon, server 1 (ip: 54.197.223.49, nuttcp_port: 5101, iperf_port: 5001)
[2024-11-07T15:45:15-0500] -------------------------------
[2024-11-07T15:45:15-0500] tcp downlink test started at 2024-11-07 15:45:15.864 EST
[2024-11-07T15:45:15-0500] Testing tcp downlink with 54.197.223.49:5101, interval 0.5 s, duration 120 s, timeout 121 s...
[2024-11-07T15:47:16-0500] Current time exceeds end time, skipping wait
[2024-11-07T15:47:16-0500] Saved tcp downlink test to /data/data/com.termux/files/home/storage/shared/bos_la_2024_trip/verizon/20241107/154515846/tcp_downlink_154515885.out
[2024-11-07T15:47:17-0500] DL AVG TPUT: 
[2024-11-07T15:47:17-0500] tcp downlink test finished at 2024-11-07 15:47:16.963 EST, duration: 121.099 s
[2024-11-07T15:47:17-0500] -------------------------------
[2024-11-07T15:47:17-0500] Waiting for 2 s...
[2024-11-07T15:47:19-0500] -------------------------------
[2024-11-07T15:47:19-0500] Starting 5G booster for 5 s...
[2024-11-07T15:47:19-0500] 5G booster started at 2024-11-07 15:47:19.116 EST
[2024-11-07T15:47:25-0500] Current time exceeds end time, skipping wait
[2024-11-07T15:47:25-0500] Saved TCP DL results to /data/data/com.termux/files/home/storage/shared/bos_la_2024_trip/verizon/20241107/154515846/tcp_downlink_154719148.out
[2024-11-07T15:47:25-0500] DL AVG TPUT: 
[2024-11-07T15:47:25-0500] 5G booster finished at 2024-11-07 15:47:25.229 EST, duration: 6.113 s
[2024-11-07T15:47:25-0500] -------------------------------
[2024-11-07T15:47:25-0500] Waiting for 2 s...
[2024-11-07T15:47:27-0500] -------------------------------
[2024-11-07T15:47:27-0500] tcp uplink test started at 2024-11-07 15:47:27.348 EST
[2024-11-07T15:47:27-0500] testing tcp uplink with 54.197.223.49:5101, interval 0.5, duration 120, timeout 121 ...
[2024-11-07T15:49:28-0500] Waiting for .015 s to reach end time
[2024-11-07T15:49:28-0500] Saved uplink test to /data/data/com.termux/files/home/storage/shared/bos_la_2024_trip/verizon/20241107/154515846/tcp_uplink_154727377.out
[2024-11-07T15:49:28-0500] UL AVG TPUT: 25.2845 Mbps
[2024-11-07T15:49:28-0500] tcp uplink test finished at 2024-11-07 15:49:28.440 EST, duration: 121.092 s
[2024-11-07T15:49:28-0500] -------------------------------
[2024-11-07T15:49:28-0500] Waiting for 2 s...
[2024-11-07T15:49:30-0500] -------------------------------
[2024-11-07T15:49:30-0500] Starting 5G booster for 5 s...
[2024-11-07T15:49:30-0500] 5G booster started at 2024-11-07 15:49:30.569 EST
[2024-11-07T15:49:36-0500] Current time exceeds end time, skipping wait
[2024-11-07T15:49:36-0500] Saved TCP DL results to /data/data/com.termux/files/home/storage/shared/bos_la_2024_trip/verizon/20241107/154515846/tcp_downlink_154930603.out
[2024-11-07T15:49:36-0500] DL AVG TPUT: 
[2024-11-07T15:49:36-0500] 5G booster finished at 2024-11-07 15:49:36.663 EST, duration: 6.094 s
[2024-11-07T15:49:36-0500] -------------------------------
[2024-11-07T15:49:36-0500] Waiting for 2 s...
[2024-11-07T15:49:38-0500] -------------------------------
[2024-11-07T15:49:38-0500] ICMP Ping test started at 2024-11-07 15:49:38.762 EST
[2024-11-07T15:50:08-0500] Waiting for .889 s to reach end time
[2024-11-07T15:50:09-0500] Saved ping test to /data/data/com.termux/files/home/storage/shared/bos_la_2024_trip/verizon/20241107/154515846/icmp_ping_154938793.out
[2024-11-07T15:50:09-0500] Ping summary (min/avg/max/mdev) = 75.716/82.477/95.362/4.114 ms
[2024-11-07T15:50:09-0500] Ping test finished at 2024-11-07 15:50:09.848 EST, duration: 31.086 s
[2024-11-07T15:50:09-0500] -------------------------------
[2024-11-07T15:50:09-0500] Waiting for 2 s...
[2024-11-07T15:50:11-0500] -------------------------------
[2024-11-07T15:50:11-0500] Starting 5G booster for 5 s...
[2024-11-07T15:50:11-0500] 5G booster started at 2024-11-07 15:50:11.962 EST
[2024-11-07T15:50:18-0500] Current time exceeds end time, skipping wait
[2024-11-07T15:50:18-0500] Saved TCP DL results to /data/data/com.termux/files/home/storage/shared/bos_la_2024_trip/verizon/20241107/154515846/tcp_downlink_155011990.out
[2024-11-07T15:50:18-0500] DL AVG TPUT: 
[2024-11-07T15:50:18-0500] 5G booster finished at 2024-11-07 15:50:18.094 EST, duration: 6.132 s
[2024-11-07T15:50:18-0500] -------------------------------
[2024-11-07T15:50:18-0500] Waiting for 2 s...
[2024-11-07T15:50:20-0500] -------------------------------
[2024-11-07T15:50:20-0500] TCP Ping test started at 2024-11-07 15:50:20.198 EST
[2024-11-07T15:50:51-0500] Current time exceeds end time, skipping wait
[2024-11-07T15:50:51-0500] Saved TCP Ping test to /data/data/com.termux/files/home/storage/shared/bos_la_2024_trip/verizon/20241107/154515846/tcp_ping_155020225.out
[2024-11-07T15:50:51-0500] TCP Ping summary (min/avg/max/mdev) 
[2024-11-07T15:50:51-0500] TCP Ping test finished at 2024-11-07 15:50:51.312 EST, duration: 31.114 s
[2024-11-07T15:50:51-0500] -------------------------------
[2024-11-07T15:50:51-0500] Waiting for 2 s...
[2024-11-07T15:50:53-0500] -------------------------------
[2024-11-07T15:50:53-0500] Traceroute test started at 2024-11-07 15:50:53.440 EST
[2024-11-07T15:50:56-0500] Waiting for 27.366 s to reach end time
[2024-11-07T15:51:23-0500] Saved traceroute test to /data/data/com.termux/files/home/storage/shared/bos_la_2024_trip/verizon/20241107/154515846/traceroute_155053492.out
[2024-11-07T15:51:23-0500] Traceroute summary (min/avg/max/mdev) 
[2024-11-07T15:51:23-0500] Traceroute test finished at 2024-11-07 15:51:23.525 EST, duration: 30.085 s
[2024-11-07T15:51:23-0500] -------------------------------
[2024-11-07T15:51:23-0500] All tests completed, cleaning up...
[2024-11-07T15:51:23-0500] -------------------------------
[2024-11-07T15:52:32-0500] [measurement] Load environment variables from prod.env file
[2024-11-07T15:52:32-0500] [measurement] Load operator-specific env from verizon.env file
[2024-11-07T15:52:32-0500] Starting a network measurement, please choose a server
[2024-11-07T15:52:32-0500] 0) West Cloud: 54.176.53.206
[2024-11-07T15:52:32-0500] 1) East Cloud: 54.197.223.49
[2024-11-07T15:52:32-0500] 2) Los Angeles Wavelength: 161.188.33.234
[2024-11-07T15:52:32-0500] 3) Las Vegas Wavelength: 155.146.118.158
[2024-11-07T15:52:32-0500] 4) Denver Wavelength: 155.146.144.24
[2024-11-07T15:52:32-0500] 5) Chicago Wavelength: 155.146.180.31
[2024-11-07T15:52:32-0500] 6) Boston Wavelength: 155.146.11.34
[2024-11-07T15:52:39-0500] Enter your choice (0-6): Testing verizon, server 1 (ip: 54.197.223.49, nuttcp_port: 5101, iperf_port: 5001)
[2024-11-07T15:52:39-0500] -------------------------------
[2024-11-07T15:52:39-0500] tcp downlink test started at 2024-11-07 15:52:39.958 EST
[2024-11-07T15:52:39-0500] Testing tcp downlink with 54.197.223.49:5101, interval 0.5 s, duration 120 s, timeout 121 s...
[2024-11-07T15:54:41-0500] Current time exceeds end time, skipping wait
[2024-11-07T15:54:41-0500] Saved tcp downlink test to /data/data/com.termux/files/home/storage/shared/bos_la_2024_trip/verizon/20241107/155239941/tcp_downlink_155239981.out
[2024-11-07T15:54:41-0500] DL AVG TPUT: 
[2024-11-07T15:54:41-0500] tcp downlink test finished at 2024-11-07 15:54:41.059 EST, duration: 121.101 s
[2024-11-07T15:54:41-0500] -------------------------------
[2024-11-07T15:54:41-0500] Waiting for 2 s...
[2024-11-07T15:54:43-0500] -------------------------------
[2024-11-07T15:54:43-0500] Starting 5G booster for 5 s...
[2024-11-07T15:54:43-0500] 5G booster started at 2024-11-07 15:54:43.157 EST
[2024-11-07T15:54:49-0500] Current time exceeds end time, skipping wait
[2024-11-07T15:54:49-0500] Saved TCP DL results to /data/data/com.termux/files/home/storage/shared/bos_la_2024_trip/verizon/20241107/155239941/tcp_downlink_155443206.out
[2024-11-07T15:54:49-0500] DL AVG TPUT: 
[2024-11-07T15:54:49-0500] 5G booster finished at 2024-11-07 15:54:49.294 EST, duration: 6.137 s
[2024-11-07T15:54:49-0500] -------------------------------
[2024-11-07T15:54:49-0500] Waiting for 2 s...
[2024-11-07T15:54:51-0500] -------------------------------
[2024-11-07T15:54:51-0500] tcp uplink test started at 2024-11-07 15:54:51.417 EST
[2024-11-07T15:54:51-0500] testing tcp uplink with 54.197.223.49:5101, interval 0.5, duration 120, timeout 121 ...
[2024-11-07T15:56:52-0500] Current time exceeds end time, skipping wait
[2024-11-07T15:56:52-0500] Saved uplink test to /data/data/com.termux/files/home/storage/shared/bos_la_2024_trip/verizon/20241107/155239941/tcp_uplink_155451445.out
[2024-11-07T15:56:52-0500] UL AVG TPUT: 34.2031 Mbps
[2024-11-07T15:56:52-0500] tcp uplink test finished at 2024-11-07 15:56:52.456 EST, duration: 121.039 s
[2024-11-07T15:56:52-0500] -------------------------------
[2024-11-07T15:56:52-0500] Waiting for 2 s...
[2024-11-07T15:56:54-0500] -------------------------------
[2024-11-07T15:56:54-0500] Starting 5G booster for 5 s...
[2024-11-07T15:56:54-0500] 5G booster started at 2024-11-07 15:56:54.586 EST
[2024-11-07T15:57:00-0500] Current time exceeds end time, skipping wait
[2024-11-07T15:57:00-0500] Saved TCP DL results to /data/data/com.termux/files/home/storage/shared/bos_la_2024_trip/verizon/20241107/155239941/tcp_downlink_155654618.out
[2024-11-07T15:57:00-0500] DL AVG TPUT: 
[2024-11-07T15:57:00-0500] 5G booster finished at 2024-11-07 15:57:00.701 EST, duration: 6.115 s
[2024-11-07T15:57:00-0500] -------------------------------
[2024-11-07T15:57:00-0500] Waiting for 2 s...
[2024-11-07T15:57:02-0500] -------------------------------
[2024-11-07T15:57:02-0500] ICMP Ping test started at 2024-11-07 15:57:02.834 EST
[2024-11-07T15:57:32-0500] Waiting for .893 s to reach end time
[2024-11-07T15:57:33-0500] Saved ping test to /data/data/com.termux/files/home/storage/shared/bos_la_2024_trip/verizon/20241107/155239941/icmp_ping_155702867.out
[2024-11-07T15:57:33-0500] Ping summary (min/avg/max/mdev) = 54.405/67.194/83.832/4.171 ms
[2024-11-07T15:57:34-0500] Ping test finished at 2024-11-07 15:57:33.929 EST, duration: 31.095 s
[2024-11-07T15:57:34-0500] -------------------------------
[2024-11-07T15:57:34-0500] Waiting for 2 s...
[2024-11-07T15:57:36-0500] -------------------------------
[2024-11-07T15:57:36-0500] Starting 5G booster for 5 s...
[2024-11-07T15:57:36-0500] 5G booster started at 2024-11-07 15:57:36.058 EST
[2024-11-07T15:57:42-0500] Current time exceeds end time, skipping wait
[2024-11-07T15:57:42-0500] Saved TCP DL results to /data/data/com.termux/files/home/storage/shared/bos_la_2024_trip/verizon/20241107/155239941/tcp_downlink_155736087.out
[2024-11-07T15:57:42-0500] DL AVG TPUT: 
[2024-11-07T15:57:42-0500] 5G booster finished at 2024-11-07 15:57:42.208 EST, duration: 6.150 s
[2024-11-07T15:57:42-0500] -------------------------------
[2024-11-07T15:57:42-0500] Waiting for 2 s...
[2024-11-07T15:57:44-0500] -------------------------------
[2024-11-07T15:57:44-0500] TCP Ping test started at 2024-11-07 15:57:44.343 EST
[2024-11-07T15:58:15-0500] Current time exceeds end time, skipping wait
[2024-11-07T15:58:15-0500] Saved TCP Ping test to /data/data/com.termux/files/home/storage/shared/bos_la_2024_trip/verizon/20241107/155239941/tcp_ping_155744366.out
[2024-11-07T15:58:15-0500] TCP Ping summary (min/avg/max/mdev) 
[2024-11-07T15:58:15-0500] TCP Ping test finished at 2024-11-07 15:58:15.461 EST, duration: 31.118 s
[2024-11-07T15:58:15-0500] -------------------------------
[2024-11-07T15:58:15-0500] Waiting for 2 s...
[2024-11-07T15:58:17-0500] -------------------------------
[2024-11-07T15:58:17-0500] Traceroute test started at 2024-11-07 15:58:17.567 EST
[2024-11-07T15:58:19-0500] Waiting for 28.272 s to reach end time
[2024-11-07T15:58:47-0500] Saved traceroute test to /data/data/com.termux/files/home/storage/shared/bos_la_2024_trip/verizon/20241107/155239941/traceroute_155817591.out
[2024-11-07T15:58:47-0500] Traceroute summary (min/avg/max/mdev) 
[2024-11-07T15:58:47-0500] Traceroute test finished at 2024-11-07 15:58:47.697 EST, duration: 30.130 s
[2024-11-07T15:58:47-0500] -------------------------------
[2024-11-07T15:58:47-0500] All tests completed, cleaning up...
[2024-11-07T15:58:47-0500] -------------------------------
[2024-11-07T15:59:33-0500] [measurement] Load environment variables from prod.env file
[2024-11-07T15:59:33-0500] [measurement] Load operator-specific env from verizon.env file
[2024-11-07T15:59:33-0500] Starting a network measurement, please choose a server
[2024-11-07T15:59:33-0500] 0) West Cloud: 54.176.53.206
[2024-11-07T15:59:33-0500] 1) East Cloud: 54.197.223.49
[2024-11-07T15:59:33-0500] 2) Los Angeles Wavelength: 161.188.33.234
[2024-11-07T15:59:33-0500] 3) Las Vegas Wavelength: 155.146.118.158
[2024-11-07T15:59:33-0500] 4) Denver Wavelength: 155.146.144.24
[2024-11-07T15:59:33-0500] 5) Chicago Wavelength: 155.146.180.31
[2024-11-07T15:59:33-0500] 6) Boston Wavelength: 155.146.11.34
[2024-11-07T15:59:47-0500] Enter your choice (0-6): Testing verizon, server 1 (ip: 54.197.223.49, nuttcp_port: 5101, iperf_port: 5001)
[2024-11-07T15:59:47-0500] -------------------------------
[2024-11-07T15:59:47-0500] tcp downlink test started at 2024-11-07 15:59:47.358 EST
[2024-11-07T15:59:47-0500] Testing tcp downlink with 54.197.223.49:5101, interval 0.5 s, duration 120 s, timeout 121 s...
[2024-11-07T16:01:48-0500] Current time exceeds end time, skipping wait
[2024-11-07T16:01:48-0500] Saved tcp downlink test to /data/data/com.termux/files/home/storage/shared/bos_la_2024_trip/verizon/20241107/155947341/tcp_downlink_155947382.out
[2024-11-07T16:01:48-0500] DL AVG TPUT: 
[2024-11-07T16:01:48-0500] tcp downlink test finished at 2024-11-07 16:01:48.457 EST, duration: 121.099 s
[2024-11-07T16:01:48-0500] -------------------------------
[2024-11-07T16:01:48-0500] Waiting for 2 s...
[2024-11-07T16:01:50-0500] -------------------------------
[2024-11-07T16:01:50-0500] Starting 5G booster for 5 s...
[2024-11-07T16:01:50-0500] 5G booster started at 2024-11-07 16:01:50.574 EST
[2024-11-07T16:01:56-0500] Current time exceeds end time, skipping wait
[2024-11-07T16:01:56-0500] Saved TCP DL results to /data/data/com.termux/files/home/storage/shared/bos_la_2024_trip/verizon/20241107/155947341/tcp_downlink_160150595.out
[2024-11-07T16:01:56-0500] DL AVG TPUT: 
[2024-11-07T16:01:56-0500] 5G booster finished at 2024-11-07 16:01:56.661 EST, duration: 6.087 s
[2024-11-07T16:01:56-0500] -------------------------------
[2024-11-07T16:01:56-0500] Waiting for 2 s...
[2024-11-07T16:01:58-0500] -------------------------------
[2024-11-07T16:01:58-0500] tcp uplink test started at 2024-11-07 16:01:58.816 EST
[2024-11-07T16:01:58-0500] testing tcp uplink with 54.197.223.49:5101, interval 0.5, duration 120, timeout 121 ...
[2024-11-07T16:03:59-0500] Current time exceeds end time, skipping wait
[2024-11-07T16:03:59-0500] Saved uplink test to /data/data/com.termux/files/home/storage/shared/bos_la_2024_trip/verizon/20241107/155947341/tcp_uplink_160158847.out
[2024-11-07T16:03:59-0500] UL AVG TPUT: 
[2024-11-07T16:04:00-0500] tcp uplink test finished at 2024-11-07 16:03:59.944 EST, duration: 121.128 s
[2024-11-07T16:04:00-0500] -------------------------------
[2024-11-07T16:04:00-0500] Waiting for 2 s...
[2024-11-07T16:04:02-0500] -------------------------------
[2024-11-07T16:04:02-0500] Starting 5G booster for 5 s...
[2024-11-07T16:04:02-0500] 5G booster started at 2024-11-07 16:04:02.082 EST
[2024-11-07T16:04:08-0500] Current time exceeds end time, skipping wait
[2024-11-07T16:04:08-0500] Saved TCP DL results to /data/data/com.termux/files/home/storage/shared/bos_la_2024_trip/verizon/20241107/155947341/tcp_downlink_160402123.out
[2024-11-07T16:04:08-0500] DL AVG TPUT: 
[2024-11-07T16:04:08-0500] 5G booster finished at 2024-11-07 16:04:08.210 EST, duration: 6.128 s
[2024-11-07T16:04:08-0500] -------------------------------
[2024-11-07T16:04:08-0500] Waiting for 2 s...
[2024-11-07T16:04:10-0500] -------------------------------
[2024-11-07T16:04:10-0500] ICMP Ping test started at 2024-11-07 16:04:10.366 EST
[2024-11-07T16:04:40-0500] Waiting for .883 s to reach end time
[2024-11-07T16:04:41-0500] Saved ping test to /data/data/com.termux/files/home/storage/shared/bos_la_2024_trip/verizon/20241107/155947341/icmp_ping_160410398.out
[2024-11-07T16:04:41-0500] Ping summary (min/avg/max/mdev) = 61.609/73.857/151.834/8.150 ms
[2024-11-07T16:04:41-0500] Ping test finished at 2024-11-07 16:04:41.449 EST, duration: 31.083 s
[2024-11-07T16:04:41-0500] -------------------------------
[2024-11-07T16:04:41-0500] Waiting for 2 s...
[2024-11-07T16:04:43-0500] -------------------------------
[2024-11-07T16:04:43-0500] Starting 5G booster for 5 s...
[2024-11-07T16:04:43-0500] 5G booster started at 2024-11-07 16:04:43.617 EST
[2024-11-07T16:04:49-0500] Current time exceeds end time, skipping wait
[2024-11-07T16:04:49-0500] Saved TCP DL results to /data/data/com.termux/files/home/storage/shared/bos_la_2024_trip/verizon/20241107/155947341/tcp_downlink_160443651.out
[2024-11-07T16:04:49-0500] DL AVG TPUT: 
[2024-11-07T16:04:49-0500] 5G booster finished at 2024-11-07 16:04:49.725 EST, duration: 6.108 s
[2024-11-07T16:04:49-0500] -------------------------------
[2024-11-07T16:04:49-0500] Waiting for 2 s...
[2024-11-07T16:04:51-0500] -------------------------------
[2024-11-07T16:04:51-0500] TCP Ping test started at 2024-11-07 16:04:51.825 EST
[2024-11-07T16:05:22-0500] Current time exceeds end time, skipping wait
[2024-11-07T16:05:22-0500] Saved TCP Ping test to /data/data/com.termux/files/home/storage/shared/bos_la_2024_trip/verizon/20241107/155947341/tcp_ping_160451856.out
[2024-11-07T16:05:22-0500] TCP Ping summary (min/avg/max/mdev) 
[2024-11-07T16:05:23-0500] TCP Ping test finished at 2024-11-07 16:05:22.951 EST, duration: 31.126 s
[2024-11-07T16:05:23-0500] -------------------------------
[2024-11-07T16:05:23-0500] Waiting for 2 s...
[2024-11-07T16:05:25-0500] -------------------------------
[2024-11-07T16:05:25-0500] Traceroute test started at 2024-11-07 16:05:25.079 EST
[2024-11-07T16:05:27-0500] Waiting for 27.760 s to reach end time
[2024-11-07T16:05:55-0500] Saved traceroute test to /data/data/com.termux/files/home/storage/shared/bos_la_2024_trip/verizon/20241107/155947341/traceroute_160525111.out
[2024-11-07T16:05:55-0500] Traceroute summary (min/avg/max/mdev) 
[2024-11-07T16:05:55-0500] Traceroute test finished at 2024-11-07 16:05:55.169 EST, duration: 30.090 s
[2024-11-07T16:05:55-0500] -------------------------------
[2024-11-07T16:05:55-0500] All tests completed, cleaning up...
[2024-11-07T16:05:55-0500] -------------------------------
[2024-11-07T16:06:40-0500] [measurement] Load environment variables from prod.env file
[2024-11-07T16:06:40-0500] [measurement] Load operator-specific env from verizon.env file
[2024-11-07T16:06:40-0500] Starting a network measurement, please choose a server
[2024-11-07T16:06:40-0500] 0) West Cloud: 54.176.53.206
[2024-11-07T16:06:40-0500] 1) East Cloud: 54.197.223.49
[2024-11-07T16:06:40-0500] 2) Los Angeles Wavelength: 161.188.33.234
[2024-11-07T16:06:40-0500] 3) Las Vegas Wavelength: 155.146.118.158
[2024-11-07T16:06:40-0500] 4) Denver Wavelength: 155.146.144.24
[2024-11-07T16:06:40-0500] 5) Chicago Wavelength: 155.146.180.31
[2024-11-07T16:06:40-0500] 6) Boston Wavelength: 155.146.11.34
[2024-11-07T16:06:58-0500] Enter your choice (0-6): Testing verizon, server 1 (ip: 54.197.223.49, nuttcp_port: 5101, iperf_port: 5001)
[2024-11-07T16:06:58-0500] -------------------------------
[2024-11-07T16:06:58-0500] tcp downlink test started at 2024-11-07 16:06:58.637 EST
[2024-11-07T16:06:58-0500] Testing tcp downlink with 54.197.223.49:5101, interval 0.5 s, duration 120 s, timeout 121 s...
[2024-11-07T16:08:59-0500] Current time exceeds end time, skipping wait
[2024-11-07T16:08:59-0500] Saved tcp downlink test to /data/data/com.termux/files/home/storage/shared/bos_la_2024_trip/verizon/20241107/160658612/tcp_downlink_160658663.out
[2024-11-07T16:08:59-0500] DL AVG TPUT: 
[2024-11-07T16:08:59-0500] tcp downlink test finished at 2024-11-07 16:08:59.739 EST, duration: 121.102 s
[2024-11-07T16:08:59-0500] -------------------------------
[2024-11-07T16:08:59-0500] Waiting for 2 s...
[2024-11-07T16:09:01-0500] -------------------------------
[2024-11-07T16:09:01-0500] Starting 5G booster for 5 s...
[2024-11-07T16:09:01-0500] 5G booster started at 2024-11-07 16:09:01.856 EST
[2024-11-07T16:09:07-0500] Current time exceeds end time, skipping wait
[2024-11-07T16:09:07-0500] Saved TCP DL results to /data/data/com.termux/files/home/storage/shared/bos_la_2024_trip/verizon/20241107/160658612/tcp_downlink_160901888.out
[2024-11-07T16:09:07-0500] DL AVG TPUT: 
[2024-11-07T16:09:08-0500] 5G booster finished at 2024-11-07 16:09:07.964 EST, duration: 6.108 s
[2024-11-07T16:09:08-0500] -------------------------------
[2024-11-07T16:09:08-0500] Waiting for 2 s...
[2024-11-07T16:09:10-0500] -------------------------------
[2024-11-07T16:09:10-0500] tcp uplink test started at 2024-11-07 16:09:10.096 EST
[2024-11-07T16:09:10-0500] testing tcp uplink with 54.197.223.49:5101, interval 0.5, duration 120, timeout 121 ...
[2024-11-07T16:11:11-0500] Current time exceeds end time, skipping wait
[2024-11-07T16:11:11-0500] Saved uplink test to /data/data/com.termux/files/home/storage/shared/bos_la_2024_trip/verizon/20241107/160658612/tcp_uplink_160910127.out
[2024-11-07T16:11:11-0500] UL AVG TPUT: 
[2024-11-07T16:11:11-0500] tcp uplink test finished at 2024-11-07 16:11:11.229 EST, duration: 121.133 s
[2024-11-07T16:11:11-0500] -------------------------------
[2024-11-07T16:11:11-0500] Waiting for 2 s...
[2024-11-07T16:11:13-0500] -------------------------------
[2024-11-07T16:11:13-0500] Starting 5G booster for 5 s...
[2024-11-07T16:11:13-0500] 5G booster started at 2024-11-07 16:11:13.360 EST
[2024-11-07T16:11:19-0500] Current time exceeds end time, skipping wait
[2024-11-07T16:11:19-0500] Saved TCP DL results to /data/data/com.termux/files/home/storage/shared/bos_la_2024_trip/verizon/20241107/160658612/tcp_downlink_161113393.out
[2024-11-07T16:11:19-0500] DL AVG TPUT: 
[2024-11-07T16:11:19-0500] 5G booster finished at 2024-11-07 16:11:19.483 EST, duration: 6.123 s
[2024-11-07T16:11:19-0500] -------------------------------
[2024-11-07T16:11:19-0500] Waiting for 2 s...
[2024-11-07T16:11:21-0500] -------------------------------
[2024-11-07T16:11:21-0500] ICMP Ping test started at 2024-11-07 16:11:21.615 EST
[2024-11-07T16:11:51-0500] Waiting for .892 s to reach end time
[2024-11-07T16:11:52-0500] Saved ping test to /data/data/com.termux/files/home/storage/shared/bos_la_2024_trip/verizon/20241107/160658612/icmp_ping_161121646.out
[2024-11-07T16:11:52-0500] Ping summary (min/avg/max/mdev) = 53.128/105.817/802.893/88.909 ms
[2024-11-07T16:11:52-0500] Ping test finished at 2024-11-07 16:11:52.753 EST, duration: 31.138 s
[2024-11-07T16:11:52-0500] -------------------------------
[2024-11-07T16:11:52-0500] Waiting for 2 s...
[2024-11-07T16:11:54-0500] -------------------------------
[2024-11-07T16:11:54-0500] Starting 5G booster for 5 s...
[2024-11-07T16:11:54-0500] 5G booster started at 2024-11-07 16:11:54.852 EST
[2024-11-07T16:12:00-0500] Current time exceeds end time, skipping wait
[2024-11-07T16:12:00-0500] Saved TCP DL results to /data/data/com.termux/files/home/storage/shared/bos_la_2024_trip/verizon/20241107/160658612/tcp_downlink_161154876.out
[2024-11-07T16:12:00-0500] DL AVG TPUT: 
[2024-11-07T16:12:01-0500] 5G booster finished at 2024-11-07 16:12:00.940 EST, duration: 6.088 s
[2024-11-07T16:12:01-0500] -------------------------------
[2024-11-07T16:12:01-0500] Waiting for 2 s...
[2024-11-07T16:12:03-0500] -------------------------------
[2024-11-07T16:12:03-0500] TCP Ping test started at 2024-11-07 16:12:03.029 EST
[2024-11-07T16:12:34-0500] Current time exceeds end time, skipping wait
[2024-11-07T16:12:34-0500] Saved TCP Ping test to /data/data/com.termux/files/home/storage/shared/bos_la_2024_trip/verizon/20241107/160658612/tcp_ping_161203055.out
[2024-11-07T16:12:34-0500] TCP Ping summary (min/avg/max/mdev) 
[2024-11-07T16:12:34-0500] TCP Ping test finished at 2024-11-07 16:12:34.115 EST, duration: 31.086 s
[2024-11-07T16:12:34-0500] -------------------------------
[2024-11-07T16:12:34-0500] Waiting for 2 s...
[2024-11-07T16:12:36-0500] -------------------------------
[2024-11-07T16:12:36-0500] Traceroute test started at 2024-11-07 16:12:36.226 EST
[2024-11-07T16:12:38-0500] Waiting for 27.363 s to reach end time
[2024-11-07T16:13:06-0500] Saved traceroute test to /data/data/com.termux/files/home/storage/shared/bos_la_2024_trip/verizon/20241107/160658612/traceroute_161236252.out
[2024-11-07T16:13:06-0500] Traceroute summary (min/avg/max/mdev) 
[2024-11-07T16:13:06-0500] Traceroute test finished at 2024-11-07 16:13:06.319 EST, duration: 30.093 s
[2024-11-07T16:13:06-0500] -------------------------------
[2024-11-07T16:13:06-0500] All tests completed, cleaning up...
[2024-11-07T16:13:06-0500] -------------------------------
[2024-11-07T16:26:28-0500] [measurement] Load environment variables from prod.env file
[2024-11-07T16:26:28-0500] [measurement] Load operator-specific env from verizon.env file
[2024-11-07T16:26:28-0500] Starting a network measurement, please choose a server
[2024-11-07T16:26:28-0500] 0) West Cloud: 54.176.53.206
[2024-11-07T16:26:28-0500] 1) East Cloud: 54.197.223.49
[2024-11-07T16:26:28-0500] 2) Los Angeles Wavelength: 161.188.33.234
[2024-11-07T16:26:28-0500] 3) Las Vegas Wavelength: 155.146.118.158
[2024-11-07T16:26:28-0500] 4) Denver Wavelength: 155.146.144.24
[2024-11-07T16:26:28-0500] 5) Chicago Wavelength: 155.146.180.31
[2024-11-07T16:26:28-0500] 6) Boston Wavelength: 155.146.11.34
[2024-11-07T16:27:17-0500] Enter your choice (0-6): Testing verizon, server 1 (ip: 54.197.223.49, nuttcp_port: 5101, iperf_port: 5001)
[2024-11-07T16:27:17-0500] -------------------------------
[2024-11-07T16:27:18-0500] tcp downlink test started at 2024-11-07 16:27:17.985 EST
[2024-11-07T16:27:18-0500] Testing tcp downlink with 54.197.223.49:5101, interval 0.5 s, duration 120 s, timeout 121 s...
[2024-11-07T16:29:19-0500] Current time exceeds end time, skipping wait
[2024-11-07T16:29:19-0500] Saved tcp downlink test to /data/data/com.termux/files/home/storage/shared/bos_la_2024_trip/verizon/20241107/162717966/tcp_downlink_162718010.out
[2024-11-07T16:29:19-0500] DL AVG TPUT: 
[2024-11-07T16:29:19-0500] tcp downlink test finished at 2024-11-07 16:29:19.182 EST, duration: 121.197 s
[2024-11-07T16:29:19-0500] -------------------------------
[2024-11-07T16:29:19-0500] Waiting for 2 s...
[2024-11-07T16:29:21-0500] -------------------------------
[2024-11-07T16:29:21-0500] Starting 5G booster for 5 s...
[2024-11-07T16:29:21-0500] 5G booster started at 2024-11-07 16:29:21.331 EST
[2024-11-07T16:29:27-0500] Current time exceeds end time, skipping wait
[2024-11-07T16:29:27-0500] Saved TCP DL results to /data/data/com.termux/files/home/storage/shared/bos_la_2024_trip/verizon/20241107/162717966/tcp_downlink_162921361.out
[2024-11-07T16:29:27-0500] DL AVG TPUT: 
[2024-11-07T16:29:27-0500] 5G booster finished at 2024-11-07 16:29:27.439 EST, duration: 6.108 s
[2024-11-07T16:29:27-0500] -------------------------------
[2024-11-07T16:29:27-0500] Waiting for 2 s...
[2024-11-07T16:29:29-0500] -------------------------------
[2024-11-07T16:29:29-0500] tcp uplink test started at 2024-11-07 16:29:29.553 EST
[2024-11-07T16:29:29-0500] testing tcp uplink with 54.197.223.49:5101, interval 0.5, duration 120, timeout 121 ...
[2024-11-07T16:31:30-0500] Current time exceeds end time, skipping wait
[2024-11-07T16:31:30-0500] Saved uplink test to /data/data/com.termux/files/home/storage/shared/bos_la_2024_trip/verizon/20241107/162717966/tcp_uplink_162929577.out
[2024-11-07T16:31:30-0500] UL AVG TPUT: 
[2024-11-07T16:31:30-0500] tcp uplink test finished at 2024-11-07 16:31:30.694 EST, duration: 121.141 s
[2024-11-07T16:31:30-0500] -------------------------------
[2024-11-07T16:31:30-0500] Waiting for 2 s...
[2024-11-07T16:31:32-0500] -------------------------------
[2024-11-07T16:31:32-0500] Starting 5G booster for 5 s...
[2024-11-07T16:31:32-0500] 5G booster started at 2024-11-07 16:31:32.842 EST
[2024-11-07T16:31:38-0500] Current time exceeds end time, skipping wait
[2024-11-07T16:31:39-0500] Saved TCP DL results to /data/data/com.termux/files/home/storage/shared/bos_la_2024_trip/verizon/20241107/162717966/tcp_downlink_163132882.out
[2024-11-07T16:31:39-0500] DL AVG TPUT: 
[2024-11-07T16:31:39-0500] 5G booster finished at 2024-11-07 16:31:39.013 EST, duration: 6.171 s
[2024-11-07T16:31:39-0500] -------------------------------
[2024-11-07T16:31:39-0500] Waiting for 2 s...
[2024-11-07T16:31:41-0500] -------------------------------
[2024-11-07T16:31:41-0500] ICMP Ping test started at 2024-11-07 16:31:41.124 EST
[2024-11-07T16:32:11-0500] Waiting for .889 s to reach end time
[2024-11-07T16:32:12-0500] Saved ping test to /data/data/com.termux/files/home/storage/shared/bos_la_2024_trip/verizon/20241107/162717966/icmp_ping_163141152.out
[2024-11-07T16:32:12-0500] Ping summary (min/avg/max/mdev) = 26.572/50.132/246.641/23.883 ms
[2024-11-07T16:32:12-0500] Ping test finished at 2024-11-07 16:32:12.225 EST, duration: 31.101 s
[2024-11-07T16:32:12-0500] -------------------------------
[2024-11-07T16:32:12-0500] Waiting for 2 s...
[2024-11-07T16:32:14-0500] -------------------------------
[2024-11-07T16:32:14-0500] Starting 5G booster for 5 s...
[2024-11-07T16:32:14-0500] 5G booster started at 2024-11-07 16:32:14.328 EST
[2024-11-07T16:32:20-0500] Current time exceeds end time, skipping wait
[2024-11-07T16:32:20-0500] Saved TCP DL results to /data/data/com.termux/files/home/storage/shared/bos_la_2024_trip/verizon/20241107/162717966/tcp_downlink_163214360.out
[2024-11-07T16:32:20-0500] DL AVG TPUT: 
[2024-11-07T16:32:20-0500] 5G booster finished at 2024-11-07 16:32:20.478 EST, duration: 6.150 s
[2024-11-07T16:32:20-0500] -------------------------------
[2024-11-07T16:32:20-0500] Waiting for 2 s...
[2024-11-07T16:32:22-0500] -------------------------------
[2024-11-07T16:32:22-0500] TCP Ping test started at 2024-11-07 16:32:22.583 EST
[2024-11-07T16:32:53-0500] Current time exceeds end time, skipping wait
[2024-11-07T16:32:53-0500] Saved TCP Ping test to /data/data/com.termux/files/home/storage/shared/bos_la_2024_trip/verizon/20241107/162717966/tcp_ping_163222617.out
[2024-11-07T16:32:53-0500] TCP Ping summary (min/avg/max/mdev) 
[2024-11-07T16:32:53-0500] TCP Ping test finished at 2024-11-07 16:32:53.744 EST, duration: 31.161 s
[2024-11-07T16:32:53-0500] -------------------------------
[2024-11-07T16:32:53-0500] Waiting for 2 s...
[2024-11-07T16:32:55-0500] -------------------------------
[2024-11-07T16:32:55-0500] Traceroute test started at 2024-11-07 16:32:55.894 EST
[2024-11-07T16:32:57-0500] Waiting for 28.852 s to reach end time
[2024-11-07T16:33:25-0500] Saved traceroute test to /data/data/com.termux/files/home/storage/shared/bos_la_2024_trip/verizon/20241107/162717966/traceroute_163255918.out
[2024-11-07T16:33:25-0500] Traceroute summary (min/avg/max/mdev) 
[2024-11-07T16:33:26-0500] Traceroute test finished at 2024-11-07 16:33:25.969 EST, duration: 30.075 s
[2024-11-07T16:33:26-0500] -------------------------------
[2024-11-07T16:33:26-0500] All tests completed, cleaning up...
[2024-11-07T16:33:26-0500] -------------------------------
[2024-11-07T16:34:17-0500] [measurement] Load environment variables from prod.env file
[2024-11-07T16:34:17-0500] [measurement] Load operator-specific env from verizon.env file
[2024-11-07T16:34:17-0500] Starting a network measurement, please choose a server
[2024-11-07T16:34:17-0500] 0) West Cloud: 54.176.53.206
[2024-11-07T16:34:17-0500] 1) East Cloud: 54.197.223.49
[2024-11-07T16:34:17-0500] 2) Los Angeles Wavelength: 161.188.33.234
[2024-11-07T16:34:17-0500] 3) Las Vegas Wavelength: 155.146.118.158
[2024-11-07T16:34:17-0500] 4) Denver Wavelength: 155.146.144.24
[2024-11-07T16:34:17-0500] 5) Chicago Wavelength: 155.146.180.31
[2024-11-07T16:34:17-0500] 6) Boston Wavelength: 155.146.11.34
[2024-11-07T16:34:40-0500] Enter your choice (0-6): Testing verizon, server 1 (ip: 54.197.223.49, nuttcp_port: 5101, iperf_port: 5001)
[2024-11-07T16:34:40-0500] -------------------------------
[2024-11-07T16:34:40-0500] tcp downlink test started at 2024-11-07 16:34:40.612 EST
[2024-11-07T16:34:40-0500] Testing tcp downlink with 54.197.223.49:5101, interval 0.5 s, duration 120 s, timeout 121 s...
[2024-11-07T16:36:41-0500] Current time exceeds end time, skipping wait
[2024-11-07T16:36:41-0500] Saved tcp downlink test to /data/data/com.termux/files/home/storage/shared/bos_la_2024_trip/verizon/20241107/163440585/tcp_downlink_163440654.out
[2024-11-07T16:36:41-0500] DL AVG TPUT: 
[2024-11-07T16:36:41-0500] tcp downlink test finished at 2024-11-07 16:36:41.776 EST, duration: 121.164 s
[2024-11-07T16:36:41-0500] -------------------------------
[2024-11-07T16:36:41-0500] Waiting for 2 s...
[2024-11-07T16:36:43-0500] -------------------------------
[2024-11-07T16:36:43-0500] Starting 5G booster for 5 s...
[2024-11-07T16:36:43-0500] 5G booster started at 2024-11-07 16:36:43.935 EST
[2024-11-07T16:36:50-0500] Current time exceeds end time, skipping wait
[2024-11-07T16:36:50-0500] Saved TCP DL results to /data/data/com.termux/files/home/storage/shared/bos_la_2024_trip/verizon/20241107/163440585/tcp_downlink_163643965.out
[2024-11-07T16:36:50-0500] DL AVG TPUT: 
[2024-11-07T16:36:50-0500] 5G booster finished at 2024-11-07 16:36:50.059 EST, duration: 6.124 s
[2024-11-07T16:36:50-0500] -------------------------------
[2024-11-07T16:36:50-0500] Waiting for 2 s...
[2024-11-07T16:36:52-0500] -------------------------------
[2024-11-07T16:36:52-0500] tcp uplink test started at 2024-11-07 16:36:52.160 EST
[2024-11-07T16:36:52-0500] testing tcp uplink with 54.197.223.49:5101, interval 0.5, duration 120, timeout 121 ...
[2024-11-07T16:38:53-0500] Current time exceeds end time, skipping wait
[2024-11-07T16:38:53-0500] Saved uplink test to /data/data/com.termux/files/home/storage/shared/bos_la_2024_trip/verizon/20241107/163440585/tcp_uplink_163652194.out
[2024-11-07T16:38:53-0500] UL AVG TPUT: 
[2024-11-07T16:38:53-0500] tcp uplink test finished at 2024-11-07 16:38:53.331 EST, duration: 121.171 s
[2024-11-07T16:38:53-0500] -------------------------------
[2024-11-07T16:38:53-0500] Waiting for 2 s...
[2024-11-07T16:38:55-0500] -------------------------------
[2024-11-07T16:38:55-0500] Starting 5G booster for 5 s...
[2024-11-07T16:38:55-0500] 5G booster started at 2024-11-07 16:38:55.504 EST
[2024-11-07T16:39:01-0500] Current time exceeds end time, skipping wait
[2024-11-07T16:39:01-0500] Saved TCP DL results to /data/data/com.termux/files/home/storage/shared/bos_la_2024_trip/verizon/20241107/163440585/tcp_downlink_163855547.out
[2024-11-07T16:39:01-0500] DL AVG TPUT: 
[2024-11-07T16:39:01-0500] 5G booster finished at 2024-11-07 16:39:01.696 EST, duration: 6.192 s
[2024-11-07T16:39:01-0500] -------------------------------
[2024-11-07T16:39:01-0500] Waiting for 2 s...
[2024-11-07T16:39:03-0500] -------------------------------
[2024-11-07T16:39:03-0500] ICMP Ping test started at 2024-11-07 16:39:03.826 EST
[2024-11-07T16:39:34-0500] Waiting for .873 s to reach end time
[2024-11-07T16:39:34-0500] Saved ping test to /data/data/com.termux/files/home/storage/shared/bos_la_2024_trip/verizon/20241107/163440585/icmp_ping_163903864.out
[2024-11-07T16:39:34-0500] Ping summary (min/avg/max/mdev) = 38.257/45.974/61.185/4.772 ms
[2024-11-07T16:39:35-0500] Ping test finished at 2024-11-07 16:39:34.941 EST, duration: 31.115 s
[2024-11-07T16:39:35-0500] -------------------------------
[2024-11-07T16:39:35-0500] Waiting for 2 s...
[2024-11-07T16:39:37-0500] -------------------------------
[2024-11-07T16:39:37-0500] Starting 5G booster for 5 s...
[2024-11-07T16:39:37-0500] 5G booster started at 2024-11-07 16:39:37.112 EST
[2024-11-07T16:39:43-0500] Current time exceeds end time, skipping wait
[2024-11-07T16:39:43-0500] Saved TCP DL results to /data/data/com.termux/files/home/storage/shared/bos_la_2024_trip/verizon/20241107/163440585/tcp_downlink_163937177.out
[2024-11-07T16:39:43-0500] DL AVG TPUT: 
[2024-11-07T16:39:43-0500] 5G booster finished at 2024-11-07 16:39:43.295 EST, duration: 6.183 s
[2024-11-07T16:39:43-0500] -------------------------------
[2024-11-07T16:39:43-0500] Waiting for 2 s...
[2024-11-07T16:39:45-0500] -------------------------------
[2024-11-07T16:39:45-0500] TCP Ping test started at 2024-11-07 16:39:45.419 EST
[2024-11-07T16:40:16-0500] Current time exceeds end time, skipping wait
[2024-11-07T16:40:16-0500] Saved TCP Ping test to /data/data/com.termux/files/home/storage/shared/bos_la_2024_trip/verizon/20241107/163440585/tcp_ping_163945453.out
[2024-11-07T16:40:16-0500] TCP Ping summary (min/avg/max/mdev) 
[2024-11-07T16:40:16-0500] TCP Ping test finished at 2024-11-07 16:40:16.569 EST, duration: 31.150 s
[2024-11-07T16:40:16-0500] -------------------------------
[2024-11-07T16:40:16-0500] Waiting for 2 s...
[2024-11-07T16:40:18-0500] -------------------------------
[2024-11-07T16:40:18-0500] Traceroute test started at 2024-11-07 16:40:18.672 EST
[2024-11-07T16:40:19-0500] Waiting for 28.844 s to reach end time
[2024-11-07T16:40:48-0500] Saved traceroute test to /data/data/com.termux/files/home/storage/shared/bos_la_2024_trip/verizon/20241107/163440585/traceroute_164018699.out
[2024-11-07T16:40:48-0500] Traceroute summary (min/avg/max/mdev) 
[2024-11-07T16:40:48-0500] Traceroute test finished at 2024-11-07 16:40:48.768 EST, duration: 30.096 s
[2024-11-07T16:40:48-0500] -------------------------------
[2024-11-07T16:40:48-0500] All tests completed, cleaning up...
[2024-11-07T16:40:48-0500] -------------------------------
[2024-11-07T16:41:28-0500] [measurement] Load environment variables from prod.env file
[2024-11-07T16:41:28-0500] [measurement] Load operator-specific env from verizon.env file
[2024-11-07T16:41:28-0500] Starting a network measurement, please choose a server
[2024-11-07T16:41:28-0500] 0) West Cloud: 54.176.53.206
[2024-11-07T16:41:28-0500] 1) East Cloud: 54.197.223.49
[2024-11-07T16:41:28-0500] 2) Los Angeles Wavelength: 161.188.33.234
[2024-11-07T16:41:28-0500] 3) Las Vegas Wavelength: 155.146.118.158
[2024-11-07T16:41:28-0500] 4) Denver Wavelength: 155.146.144.24
[2024-11-07T16:41:28-0500] 5) Chicago Wavelength: 155.146.180.31
[2024-11-07T16:41:28-0500] 6) Boston Wavelength: 155.146.11.34
[2024-11-07T16:41:35-0500] Enter your choice (0-6): Testing verizon, server 1 (ip: 54.197.223.49, nuttcp_port: 5101, iperf_port: 5001)
[2024-11-07T16:41:35-0500] -------------------------------
[2024-11-07T16:41:35-0500] tcp downlink test started at 2024-11-07 16:41:35.832 EST
[2024-11-07T16:41:35-0500] Testing tcp downlink with 54.197.223.49:5101, interval 0.5 s, duration 120 s, timeout 121 s...
[2024-11-07T16:43:36-0500] Current time exceeds end time, skipping wait
[2024-11-07T16:43:36-0500] Saved tcp downlink test to /data/data/com.termux/files/home/storage/shared/bos_la_2024_trip/verizon/20241107/164135813/tcp_downlink_164135863.out
[2024-11-07T16:43:37-0500] DL AVG TPUT: 
[2024-11-07T16:43:37-0500] tcp downlink test finished at 2024-11-07 16:43:36.983 EST, duration: 121.151 s
[2024-11-07T16:43:37-0500] -------------------------------
[2024-11-07T16:43:37-0500] Waiting for 2 s...
[2024-11-07T16:43:39-0500] -------------------------------
[2024-11-07T16:43:39-0500] Starting 5G booster for 5 s...
[2024-11-07T16:43:39-0500] 5G booster started at 2024-11-07 16:43:39.123 EST
[2024-11-07T16:43:45-0500] Current time exceeds end time, skipping wait
[2024-11-07T16:43:45-0500] Saved TCP DL results to /data/data/com.termux/files/home/storage/shared/bos_la_2024_trip/verizon/20241107/164135813/tcp_downlink_164339155.out
[2024-11-07T16:43:45-0500] DL AVG TPUT: 
[2024-11-07T16:43:45-0500] 5G booster finished at 2024-11-07 16:43:45.274 EST, duration: 6.151 s
[2024-11-07T16:43:45-0500] -------------------------------
[2024-11-07T16:43:45-0500] Waiting for 2 s...
[2024-11-07T16:43:47-0500] -------------------------------
[2024-11-07T16:43:47-0500] tcp uplink test started at 2024-11-07 16:43:47.393 EST
[2024-11-07T16:43:47-0500] testing tcp uplink with 54.197.223.49:5101, interval 0.5, duration 120, timeout 121 ...
[2024-11-07T16:45:48-0500] Current time exceeds end time, skipping wait
[2024-11-07T16:45:48-0500] Saved uplink test to /data/data/com.termux/files/home/storage/shared/bos_la_2024_trip/verizon/20241107/164135813/tcp_uplink_164347424.out
[2024-11-07T16:45:48-0500] UL AVG TPUT: 
[2024-11-07T16:45:48-0500] tcp uplink test finished at 2024-11-07 16:45:48.554 EST, duration: 121.161 s
[2024-11-07T16:45:48-0500] -------------------------------
[2024-11-07T16:45:48-0500] Waiting for 2 s...
[2024-11-07T16:45:50-0500] -------------------------------
[2024-11-07T16:45:50-0500] Starting 5G booster for 5 s...
[2024-11-07T16:45:50-0500] 5G booster started at 2024-11-07 16:45:50.690 EST
[2024-11-07T16:45:56-0500] Current time exceeds end time, skipping wait
[2024-11-07T16:45:56-0500] Saved TCP DL results to /data/data/com.termux/files/home/storage/shared/bos_la_2024_trip/verizon/20241107/164135813/tcp_downlink_164550743.out
[2024-11-07T16:45:56-0500] DL AVG TPUT: 
[2024-11-07T16:45:56-0500] 5G booster finished at 2024-11-07 16:45:56.848 EST, duration: 6.158 s
[2024-11-07T16:45:56-0500] -------------------------------
[2024-11-07T16:45:56-0500] Waiting for 2 s...
[2024-11-07T16:45:58-0500] -------------------------------
[2024-11-07T16:45:59-0500] ICMP Ping test started at 2024-11-07 16:45:58.980 EST
[2024-11-07T16:46:29-0500] Waiting for .888 s to reach end time
[2024-11-07T16:46:30-0500] Saved ping test to /data/data/com.termux/files/home/storage/shared/bos_la_2024_trip/verizon/20241107/164135813/icmp_ping_164559022.out
[2024-11-07T16:46:30-0500] Ping summary (min/avg/max/mdev) = 26.807/40.602/155.270/12.201 ms
[2024-11-07T16:46:30-0500] Ping test finished at 2024-11-07 16:46:30.078 EST, duration: 31.098 s
[2024-11-07T16:46:30-0500] -------------------------------
[2024-11-07T16:46:30-0500] Waiting for 2 s...
[2024-11-07T16:46:32-0500] -------------------------------
[2024-11-07T16:46:32-0500] Starting 5G booster for 5 s...
[2024-11-07T16:46:32-0500] 5G booster started at 2024-11-07 16:46:32.217 EST
[2024-11-07T16:46:38-0500] Current time exceeds end time, skipping wait
[2024-11-07T16:46:38-0500] Saved TCP DL results to /data/data/com.termux/files/home/storage/shared/bos_la_2024_trip/verizon/20241107/164135813/tcp_downlink_164632269.out
[2024-11-07T16:46:38-0500] DL AVG TPUT: 
[2024-11-07T16:46:38-0500] 5G booster finished at 2024-11-07 16:46:38.383 EST, duration: 6.166 s
[2024-11-07T16:46:38-0500] -------------------------------
[2024-11-07T16:46:38-0500] Waiting for 2 s...
[2024-11-07T16:46:40-0500] -------------------------------
[2024-11-07T16:46:40-0500] TCP Ping test started at 2024-11-07 16:46:40.498 EST
[2024-11-07T16:47:11-0500] Current time exceeds end time, skipping wait
[2024-11-07T16:47:11-0500] Saved TCP Ping test to /data/data/com.termux/files/home/storage/shared/bos_la_2024_trip/verizon/20241107/164135813/tcp_ping_164640532.out
[2024-11-07T16:47:11-0500] TCP Ping summary (min/avg/max/mdev) 
[2024-11-07T16:47:11-0500] TCP Ping test finished at 2024-11-07 16:47:11.629 EST, duration: 31.131 s
[2024-11-07T16:47:11-0500] -------------------------------
[2024-11-07T16:47:11-0500] Waiting for 2 s...
[2024-11-07T16:47:13-0500] -------------------------------
[2024-11-07T16:47:13-0500] Traceroute test started at 2024-11-07 16:47:13.760 EST
[2024-11-07T16:47:14-0500] Waiting for 28.938 s to reach end time
[2024-11-07T16:47:43-0500] Saved traceroute test to /data/data/com.termux/files/home/storage/shared/bos_la_2024_trip/verizon/20241107/164135813/traceroute_164713791.out
[2024-11-07T16:47:43-0500] Traceroute summary (min/avg/max/mdev) 
[2024-11-07T16:47:43-0500] Traceroute test finished at 2024-11-07 16:47:43.855 EST, duration: 30.095 s
[2024-11-07T16:47:43-0500] -------------------------------
[2024-11-07T16:47:43-0500] All tests completed, cleaning up...
[2024-11-07T16:47:43-0500] -------------------------------
[2024-11-07T16:48:17-0500] [measurement] Load environment variables from prod.env file
[2024-11-07T16:48:17-0500] [measurement] Load operator-specific env from verizon.env file
[2024-11-07T16:48:17-0500] Starting a network measurement, please choose a server
[2024-11-07T16:48:17-0500] 0) West Cloud: 54.176.53.206
[2024-11-07T16:48:17-0500] 1) East Cloud: 54.197.223.49
[2024-11-07T16:48:17-0500] 2) Los Angeles Wavelength: 161.188.33.234
[2024-11-07T16:48:17-0500] 3) Las Vegas Wavelength: 155.146.118.158
[2024-11-07T16:48:17-0500] 4) Denver Wavelength: 155.146.144.24
[2024-11-07T16:48:17-0500] 5) Chicago Wavelength: 155.146.180.31
[2024-11-07T16:48:17-0500] 6) Boston Wavelength: 155.146.11.34
[2024-11-07T16:48:32-0500] Enter your choice (0-6): Testing verizon, server 1 (ip: 54.197.223.49, nuttcp_port: 5101, iperf_port: 5001)
[2024-11-07T16:48:32-0500] -------------------------------
[2024-11-07T16:48:32-0500] tcp downlink test started at 2024-11-07 16:48:32.109 EST
[2024-11-07T16:48:32-0500] Testing tcp downlink with 54.197.223.49:5101, interval 0.5 s, duration 120 s, timeout 121 s...
[2024-11-07T16:50:33-0500] Current time exceeds end time, skipping wait
[2024-11-07T16:50:33-0500] Saved tcp downlink test to /data/data/com.termux/files/home/storage/shared/bos_la_2024_trip/verizon/20241107/164832086/tcp_downlink_164832154.out
[2024-11-07T16:50:33-0500] DL AVG TPUT: 
[2024-11-07T16:50:33-0500] tcp downlink test finished at 2024-11-07 16:50:33.258 EST, duration: 121.149 s
[2024-11-07T16:50:33-0500] -------------------------------
[2024-11-07T16:50:33-0500] Waiting for 2 s...
[2024-11-07T16:50:35-0500] -------------------------------
[2024-11-07T16:50:35-0500] Starting 5G booster for 5 s...
[2024-11-07T16:50:35-0500] 5G booster started at 2024-11-07 16:50:35.386 EST
[2024-11-07T16:50:41-0500] Current time exceeds end time, skipping wait
[2024-11-07T16:50:41-0500] Saved TCP DL results to /data/data/com.termux/files/home/storage/shared/bos_la_2024_trip/verizon/20241107/164832086/tcp_downlink_165035418.out
[2024-11-07T16:50:41-0500] DL AVG TPUT: 
[2024-11-07T16:50:41-0500] 5G booster finished at 2024-11-07 16:50:41.493 EST, duration: 6.107 s
[2024-11-07T16:50:41-0500] -------------------------------
[2024-11-07T16:50:41-0500] Waiting for 2 s...
[2024-11-07T16:50:43-0500] -------------------------------
[2024-11-07T16:50:43-0500] tcp uplink test started at 2024-11-07 16:50:43.629 EST
[2024-11-07T16:50:43-0500] testing tcp uplink with 54.197.223.49:5101, interval 0.5, duration 120, timeout 121 ...
[2024-11-07T16:52:44-0500] Current time exceeds end time, skipping wait
[2024-11-07T16:52:44-0500] Saved uplink test to /data/data/com.termux/files/home/storage/shared/bos_la_2024_trip/verizon/20241107/164832086/tcp_uplink_165043654.out
[2024-11-07T16:52:44-0500] UL AVG TPUT: 
[2024-11-07T16:52:44-0500] tcp uplink test finished at 2024-11-07 16:52:44.737 EST, duration: 121.108 s
[2024-11-07T16:52:44-0500] -------------------------------
[2024-11-07T16:52:44-0500] Waiting for 2 s...
[2024-11-07T16:52:46-0500] -------------------------------
[2024-11-07T16:52:46-0500] Starting 5G booster for 5 s...
[2024-11-07T16:52:46-0500] 5G booster started at 2024-11-07 16:52:46.863 EST
[2024-11-07T16:52:52-0500] Current time exceeds end time, skipping wait
[2024-11-07T16:52:53-0500] Saved TCP DL results to /data/data/com.termux/files/home/storage/shared/bos_la_2024_trip/verizon/20241107/164832086/tcp_downlink_165246898.out
[2024-11-07T16:52:53-0500] [CAUTION] EMPTY LOG!
[2024-11-07T16:52:53-0500] 5G booster finished at 2024-11-07 16:52:53.002 EST, duration: 6.139 s
[2024-11-07T16:52:53-0500] -------------------------------
[2024-11-07T16:52:53-0500] Waiting for 2 s...
[2024-11-07T16:52:55-0500] -------------------------------
[2024-11-07T16:52:55-0500] ICMP Ping test started at 2024-11-07 16:52:55.111 EST
[2024-11-07T16:53:25-0500] Waiting for .798 s to reach end time
[2024-11-07T16:53:26-0500] Saved ping test to /data/data/com.termux/files/home/storage/shared/bos_la_2024_trip/verizon/20241107/164832086/icmp_ping_165255190.out
[2024-11-07T16:53:26-0500] Ping summary (min/avg/max/mdev) = 36.344/75.427/390.398/65.547 ms
[2024-11-07T16:53:26-0500] Ping test finished at 2024-11-07 16:53:26.250 EST, duration: 31.139 s
[2024-11-07T16:53:26-0500] -------------------------------
[2024-11-07T16:53:26-0500] Waiting for 2 s...
[2024-11-07T16:53:28-0500] -------------------------------
[2024-11-07T16:53:28-0500] Starting 5G booster for 5 s...
[2024-11-07T16:53:28-0500] 5G booster started at 2024-11-07 16:53:28.409 EST
[2024-11-07T16:53:34-0500] Current time exceeds end time, skipping wait
[2024-11-07T16:53:34-0500] Saved TCP DL results to /data/data/com.termux/files/home/storage/shared/bos_la_2024_trip/verizon/20241107/164832086/tcp_downlink_165328451.out
[2024-11-07T16:53:34-0500] DL AVG TPUT: 
[2024-11-07T16:53:34-0500] 5G booster finished at 2024-11-07 16:53:34.568 EST, duration: 6.159 s
[2024-11-07T16:53:34-0500] -------------------------------
[2024-11-07T16:53:34-0500] Waiting for 2 s...
[2024-11-07T16:53:36-0500] -------------------------------
[2024-11-07T16:53:36-0500] TCP Ping test started at 2024-11-07 16:53:36.719 EST
[2024-11-07T16:54:07-0500] Current time exceeds end time, skipping wait
[2024-11-07T16:54:07-0500] Saved TCP Ping test to /data/data/com.termux/files/home/storage/shared/bos_la_2024_trip/verizon/20241107/164832086/tcp_ping_165336762.out
[2024-11-07T16:54:07-0500] TCP Ping summary (min/avg/max/mdev) 
[2024-11-07T16:54:07-0500] TCP Ping test finished at 2024-11-07 16:54:07.881 EST, duration: 31.162 s
[2024-11-07T16:54:07-0500] -------------------------------
[2024-11-07T16:54:07-0500] Waiting for 2 s...
[2024-11-07T16:54:09-0500] -------------------------------
[2024-11-07T16:54:10-0500] Traceroute test started at 2024-11-07 16:54:10.021 EST
[2024-11-07T16:54:25-0500] Waiting for 14.590 s to reach end time
[2024-11-07T16:54:40-0500] Saved traceroute test to /data/data/com.termux/files/home/storage/shared/bos_la_2024_trip/verizon/20241107/164832086/traceroute_165410098.out
[2024-11-07T16:54:40-0500] Traceroute summary (min/avg/max/mdev) 
[2024-11-07T16:54:40-0500] Traceroute test finished at 2024-11-07 16:54:40.094 EST, duration: 30.073 s
[2024-11-07T16:54:40-0500] -------------------------------
[2024-11-07T16:54:40-0500] All tests completed, cleaning up...
[2024-11-07T16:54:40-0500] -------------------------------
[2024-11-07T16:55:21-0500] [measurement] Load environment variables from prod.env file
[2024-11-07T16:55:21-0500] [measurement] Load operator-specific env from verizon.env file
[2024-11-07T16:55:21-0500] Starting a network measurement, please choose a server
[2024-11-07T16:55:21-0500] 0) West Cloud: 54.176.53.206
[2024-11-07T16:55:21-0500] 1) East Cloud: 54.197.223.49
[2024-11-07T16:55:21-0500] 2) Los Angeles Wavelength: 161.188.33.234
[2024-11-07T16:55:21-0500] 3) Las Vegas Wavelength: 155.146.118.158
[2024-11-07T16:55:21-0500] 4) Denver Wavelength: 155.146.144.24
[2024-11-07T16:55:21-0500] 5) Chicago Wavelength: 155.146.180.31
[2024-11-07T16:55:21-0500] 6) Boston Wavelength: 155.146.11.34
[2024-11-07T16:55:23-0500] Enter your choice (0-6): Testing verizon, server 1 (ip: 54.197.223.49, nuttcp_port: 5101, iperf_port: 5001)
[2024-11-07T16:55:24-0500] -------------------------------
[2024-11-07T16:55:24-0500] tcp downlink test started at 2024-11-07 16:55:24.057 EST
[2024-11-07T16:55:24-0500] Testing tcp downlink with 54.197.223.49:5101, interval 0.5 s, duration 120 s, timeout 121 s...
[2024-11-07T16:57:25-0500] Current time exceeds end time, skipping wait
[2024-11-07T16:57:25-0500] Saved tcp downlink test to /data/data/com.termux/files/home/storage/shared/bos_la_2024_trip/verizon/20241107/165524040/tcp_downlink_165524084.out
[2024-11-07T16:57:25-0500] DL AVG TPUT: 
[2024-11-07T16:57:25-0500] tcp downlink test finished at 2024-11-07 16:57:25.143 EST, duration: 121.086 s
[2024-11-07T16:57:25-0500] -------------------------------
[2024-11-07T16:57:25-0500] Waiting for 2 s...
[2024-11-07T16:57:27-0500] -------------------------------
[2024-11-07T16:57:27-0500] Starting 5G booster for 5 s...
[2024-11-07T16:57:27-0500] 5G booster started at 2024-11-07 16:57:27.282 EST
[2024-11-07T16:57:33-0500] Current time exceeds end time, skipping wait
[2024-11-07T16:57:33-0500] Saved TCP DL results to /data/data/com.termux/files/home/storage/shared/bos_la_2024_trip/verizon/20241107/165524040/tcp_downlink_165727307.out
[2024-11-07T16:57:33-0500] DL AVG TPUT: 
[2024-11-07T16:57:33-0500] 5G booster finished at 2024-11-07 16:57:33.416 EST, duration: 6.134 s
[2024-11-07T16:57:33-0500] -------------------------------
[2024-11-07T16:57:33-0500] Waiting for 2 s...
[2024-11-07T16:57:35-0500] -------------------------------
[2024-11-07T16:57:35-0500] tcp uplink test started at 2024-11-07 16:57:35.519 EST
[2024-11-07T16:57:35-0500] testing tcp uplink with 54.197.223.49:5101, interval 0.5, duration 120, timeout 121 ...
[2024-11-07T16:59:36-0500] Current time exceeds end time, skipping wait
[2024-11-07T16:59:36-0500] Saved uplink test to /data/data/com.termux/files/home/storage/shared/bos_la_2024_trip/verizon/20241107/165524040/tcp_uplink_165735553.out
[2024-11-07T16:59:36-0500] UL AVG TPUT: 
[2024-11-07T16:59:36-0500] tcp uplink test finished at 2024-11-07 16:59:36.678 EST, duration: 121.159 s
[2024-11-07T16:59:36-0500] -------------------------------
[2024-11-07T16:59:36-0500] Waiting for 2 s...
[2024-11-07T16:59:38-0500] -------------------------------
[2024-11-07T16:59:38-0500] Starting 5G booster for 5 s...
[2024-11-07T16:59:38-0500] 5G booster started at 2024-11-07 16:59:38.842 EST
[2024-11-07T16:59:44-0500] Current time exceeds end time, skipping wait
[2024-11-07T16:59:45-0500] Saved TCP DL results to /data/data/com.termux/files/home/storage/shared/bos_la_2024_trip/verizon/20241107/165524040/tcp_downlink_165938890.out
[2024-11-07T16:59:45-0500] DL AVG TPUT: 
[2024-11-07T16:59:45-0500] 5G booster finished at 2024-11-07 16:59:45.000 EST, duration: 6.158 s
[2024-11-07T16:59:45-0500] -------------------------------
[2024-11-07T16:59:45-0500] Waiting for 2 s...
[2024-11-07T16:59:47-0500] -------------------------------
[2024-11-07T16:59:47-0500] ICMP Ping test started at 2024-11-07 16:59:47.134 EST
[2024-11-07T17:00:17-0500] Waiting for .883 s to reach end time
[2024-11-07T17:00:18-0500] Saved ping test to /data/data/com.termux/files/home/storage/shared/bos_la_2024_trip/verizon/20241107/165524040/icmp_ping_165947177.out
[2024-11-07T17:00:18-0500] Ping summary (min/avg/max/mdev) = 27.687/71.691/975.052/126.793 ms
[2024-11-07T17:00:18-0500] Ping test finished at 2024-11-07 17:00:18.227 EST, duration: 31.093 s
[2024-11-07T17:00:18-0500] -------------------------------
[2024-11-07T17:00:18-0500] Waiting for 2 s...
[2024-11-07T17:00:20-0500] -------------------------------
[2024-11-07T17:00:20-0500] Starting 5G booster for 5 s...
[2024-11-07T17:00:20-0500] 5G booster started at 2024-11-07 17:00:20.349 EST
[2024-11-07T17:00:26-0500] Current time exceeds end time, skipping wait
[2024-11-07T17:00:26-0500] Saved TCP DL results to /data/data/com.termux/files/home/storage/shared/bos_la_2024_trip/verizon/20241107/165524040/tcp_downlink_170020387.out
[2024-11-07T17:00:26-0500] DL AVG TPUT: 
[2024-11-07T17:00:26-0500] 5G booster finished at 2024-11-07 17:00:26.500 EST, duration: 6.151 s
[2024-11-07T17:00:26-0500] -------------------------------
[2024-11-07T17:00:26-0500] Waiting for 2 s...
[2024-11-07T17:00:28-0500] -------------------------------
[2024-11-07T17:00:28-0500] TCP Ping test started at 2024-11-07 17:00:28.653 EST
[2024-11-07T17:00:59-0500] Current time exceeds end time, skipping wait
[2024-11-07T17:00:59-0500] Saved TCP Ping test to /data/data/com.termux/files/home/storage/shared/bos_la_2024_trip/verizon/20241107/165524040/tcp_ping_170028694.out
[2024-11-07T17:00:59-0500] TCP Ping summary (min/avg/max/mdev) 
[2024-11-07T17:00:59-0500] TCP Ping test finished at 2024-11-07 17:00:59.852 EST, duration: 31.199 s
[2024-11-07T17:00:59-0500] -------------------------------
[2024-11-07T17:00:59-0500] Waiting for 2 s...
[2024-11-07T17:01:01-0500] -------------------------------
[2024-11-07T17:01:02-0500] Traceroute test started at 2024-11-07 17:01:01.992 EST
[2024-11-07T17:01:03-0500] Waiting for 28.927 s to reach end time
[2024-11-07T17:01:32-0500] Saved traceroute test to /data/data/com.termux/files/home/storage/shared/bos_la_2024_trip/verizon/20241107/165524040/traceroute_170102033.out
[2024-11-07T17:01:32-0500] Traceroute summary (min/avg/max/mdev) 
[2024-11-07T17:01:32-0500] Traceroute test finished at 2024-11-07 17:01:32.088 EST, duration: 30.096 s
[2024-11-07T17:01:32-0500] -------------------------------
[2024-11-07T17:01:32-0500] All tests completed, cleaning up...
[2024-11-07T17:01:32-0500] -------------------------------
[2024-11-07T17:02:00-0500] [measurement] Load environment variables from prod.env file
[2024-11-07T17:02:00-0500] [measurement] Load operator-specific env from verizon.env file
[2024-11-07T17:02:00-0500] Starting a network measurement, please choose a server
[2024-11-07T17:02:00-0500] 0) West Cloud: 54.176.53.206
[2024-11-07T17:02:00-0500] 1) East Cloud: 54.197.223.49
[2024-11-07T17:02:00-0500] 2) Los Angeles Wavelength: 161.188.33.234
[2024-11-07T17:02:00-0500] 3) Las Vegas Wavelength: 155.146.118.158
[2024-11-07T17:02:00-0500] 4) Denver Wavelength: 155.146.144.24
[2024-11-07T17:02:00-0500] 5) Chicago Wavelength: 155.146.180.31
[2024-11-07T17:02:00-0500] 6) Boston Wavelength: 155.146.11.34
[2024-11-07T17:02:10-0500] Enter your choice (0-6): Testing verizon, server 1 (ip: 54.197.223.49, nuttcp_port: 5101, iperf_port: 5001)
[2024-11-07T17:02:10-0500] -------------------------------
[2024-11-07T17:02:10-0500] tcp downlink test started at 2024-11-07 17:02:10.524 EST
[2024-11-07T17:02:10-0500] Testing tcp downlink with 54.197.223.49:5101, interval 0.5 s, duration 120 s, timeout 121 s...
[2024-11-07T17:04:11-0500] Current time exceeds end time, skipping wait
[2024-11-07T17:04:11-0500] Saved tcp downlink test to /data/data/com.termux/files/home/storage/shared/bos_la_2024_trip/verizon/20241107/170210497/tcp_downlink_170210552.out
[2024-11-07T17:04:11-0500] DL AVG TPUT: 
[2024-11-07T17:04:11-0500] tcp downlink test finished at 2024-11-07 17:04:11.662 EST, duration: 121.138 s
[2024-11-07T17:04:11-0500] -------------------------------
[2024-11-07T17:04:11-0500] Waiting for 2 s...
[2024-11-07T17:04:13-0500] -------------------------------
[2024-11-07T17:04:13-0500] Starting 5G booster for 5 s...
[2024-11-07T17:04:13-0500] 5G booster started at 2024-11-07 17:04:13.792 EST
[2024-11-07T17:04:19-0500] Current time exceeds end time, skipping wait
[2024-11-07T17:04:19-0500] Saved TCP DL results to /data/data/com.termux/files/home/storage/shared/bos_la_2024_trip/verizon/20241107/170210497/tcp_downlink_170413841.out
[2024-11-07T17:04:19-0500] DL AVG TPUT: 
[2024-11-07T17:04:19-0500] 5G booster finished at 2024-11-07 17:04:19.918 EST, duration: 6.126 s
[2024-11-07T17:04:19-0500] -------------------------------
[2024-11-07T17:04:19-0500] Waiting for 2 s...
[2024-11-07T17:04:22-0500] -------------------------------
[2024-11-07T17:04:22-0500] tcp uplink test started at 2024-11-07 17:04:22.028 EST
[2024-11-07T17:04:22-0500] testing tcp uplink with 54.197.223.49:5101, interval 0.5, duration 120, timeout 121 ...
[2024-11-07T17:06:23-0500] Current time exceeds end time, skipping wait
[2024-11-07T17:06:23-0500] Saved uplink test to /data/data/com.termux/files/home/storage/shared/bos_la_2024_trip/verizon/20241107/170210497/tcp_uplink_170422065.out
[2024-11-07T17:06:23-0500] UL AVG TPUT: 
[2024-11-07T17:06:23-0500] tcp uplink test finished at 2024-11-07 17:06:23.172 EST, duration: 121.144 s
[2024-11-07T17:06:23-0500] -------------------------------
[2024-11-07T17:06:23-0500] Waiting for 2 s...
[2024-11-07T17:06:25-0500] -------------------------------
[2024-11-07T17:06:25-0500] Starting 5G booster for 5 s...
[2024-11-07T17:06:25-0500] 5G booster started at 2024-11-07 17:06:25.312 EST
[2024-11-07T17:06:31-0500] Current time exceeds end time, skipping wait
[2024-11-07T17:06:31-0500] Saved TCP DL results to /data/data/com.termux/files/home/storage/shared/bos_la_2024_trip/verizon/20241107/170210497/tcp_downlink_170625352.out
[2024-11-07T17:06:31-0500] DL AVG TPUT: 
[2024-11-07T17:06:31-0500] 5G booster finished at 2024-11-07 17:06:31.480 EST, duration: 6.168 s
[2024-11-07T17:06:31-0500] -------------------------------
[2024-11-07T17:06:31-0500] Waiting for 2 s...
[2024-11-07T17:06:33-0500] -------------------------------
[2024-11-07T17:06:33-0500] ICMP Ping test started at 2024-11-07 17:06:33.619 EST
[2024-11-07T17:07:03-0500] Waiting for .860 s to reach end time
[2024-11-07T17:07:04-0500] Saved ping test to /data/data/com.termux/files/home/storage/shared/bos_la_2024_trip/verizon/20241107/170210497/icmp_ping_170633660.out
[2024-11-07T17:07:04-0500] Ping summary (min/avg/max/mdev) = 28.853/54.148/332.965/43.260 ms
[2024-11-07T17:07:04-0500] Ping test finished at 2024-11-07 17:07:04.728 EST, duration: 31.109 s
[2024-11-07T17:07:04-0500] -------------------------------
[2024-11-07T17:07:04-0500] Waiting for 2 s...
[2024-11-07T17:07:06-0500] -------------------------------
[2024-11-07T17:07:06-0500] Starting 5G booster for 5 s...
[2024-11-07T17:07:06-0500] 5G booster started at 2024-11-07 17:07:06.879 EST
[2024-11-07T17:07:13-0500] Current time exceeds end time, skipping wait
[2024-11-07T17:07:13-0500] Saved TCP DL results to /data/data/com.termux/files/home/storage/shared/bos_la_2024_trip/verizon/20241107/170210497/tcp_downlink_170706952.out
[2024-11-07T17:07:13-0500] DL AVG TPUT: 
[2024-11-07T17:07:13-0500] 5G booster finished at 2024-11-07 17:07:13.045 EST, duration: 6.166 s
[2024-11-07T17:07:13-0500] -------------------------------
[2024-11-07T17:07:13-0500] Waiting for 2 s...
[2024-11-07T17:07:15-0500] -------------------------------
[2024-11-07T17:07:15-0500] TCP Ping test started at 2024-11-07 17:07:15.199 EST
[2024-11-07T17:07:46-0500] Current time exceeds end time, skipping wait
[2024-11-07T17:07:46-0500] Saved TCP Ping test to /data/data/com.termux/files/home/storage/shared/bos_la_2024_trip/verizon/20241107/170210497/tcp_ping_170715254.out
[2024-11-07T17:07:46-0500] TCP Ping summary (min/avg/max/mdev) 
[2024-11-07T17:07:46-0500] TCP Ping test finished at 2024-11-07 17:07:46.363 EST, duration: 31.164 s
[2024-11-07T17:07:46-0500] -------------------------------
[2024-11-07T17:07:46-0500] Waiting for 2 s...
[2024-11-07T17:07:48-0500] -------------------------------
[2024-11-07T17:07:48-0500] Traceroute test started at 2024-11-07 17:07:48.496 EST
[2024-11-07T17:07:49-0500] Waiting for 29.186 s to reach end time
[2024-11-07T17:08:18-0500] Saved traceroute test to /data/data/com.termux/files/home/storage/shared/bos_la_2024_trip/verizon/20241107/170210497/traceroute_170748529.out
[2024-11-07T17:08:18-0500] Traceroute summary (min/avg/max/mdev) 
[2024-11-07T17:08:18-0500] Traceroute test finished at 2024-11-07 17:08:18.610 EST, duration: 30.114 s
[2024-11-07T17:08:18-0500] -------------------------------
[2024-11-07T17:08:18-0500] All tests completed, cleaning up...
[2024-11-07T17:08:18-0500] -------------------------------
[2024-11-07T17:09:15-0500] [measurement] Load environment variables from prod.env file
[2024-11-07T17:09:15-0500] [measurement] Load operator-specific env from verizon.env file
[2024-11-07T17:09:15-0500] Starting a network measurement, please choose a server
[2024-11-07T17:09:15-0500] 0) West Cloud: 54.176.53.206
[2024-11-07T17:09:15-0500] 1) East Cloud: 54.197.223.49
[2024-11-07T17:09:15-0500] 2) Los Angeles Wavelength: 161.188.33.234
[2024-11-07T17:09:15-0500] 3) Las Vegas Wavelength: 155.146.118.158
[2024-11-07T17:09:15-0500] 4) Denver Wavelength: 155.146.144.24
[2024-11-07T17:09:15-0500] 5) Chicago Wavelength: 155.146.180.31
[2024-11-07T17:09:15-0500] 6) Boston Wavelength: 155.146.11.34
[2024-11-07T17:09:25-0500] Enter your choice (0-6): Testing verizon, server 1 (ip: 54.197.223.49, nuttcp_port: 5101, iperf_port: 5001)
[2024-11-07T17:09:25-0500] -------------------------------
[2024-11-07T17:09:25-0500] tcp downlink test started at 2024-11-07 17:09:25.601 EST
[2024-11-07T17:09:25-0500] Testing tcp downlink with 54.197.223.49:5101, interval 0.5 s, duration 120 s, timeout 121 s...
[2024-11-07T17:11:26-0500] Current time exceeds end time, skipping wait
[2024-11-07T17:11:26-0500] Saved tcp downlink test to /data/data/com.termux/files/home/storage/shared/bos_la_2024_trip/verizon/20241107/170925561/tcp_downlink_170925634.out
[2024-11-07T17:11:26-0500] DL AVG TPUT: 
[2024-11-07T17:11:26-0500] tcp downlink test finished at 2024-11-07 17:11:26.756 EST, duration: 121.155 s
[2024-11-07T17:11:26-0500] -------------------------------
[2024-11-07T17:11:26-0500] Waiting for 2 s...
[2024-11-07T17:11:28-0500] -------------------------------
[2024-11-07T17:11:28-0500] Starting 5G booster for 5 s...
[2024-11-07T17:11:28-0500] 5G booster started at 2024-11-07 17:11:28.893 EST
[2024-11-07T17:11:35-0500] Current time exceeds end time, skipping wait
[2024-11-07T17:11:35-0500] Saved TCP DL results to /data/data/com.termux/files/home/storage/shared/bos_la_2024_trip/verizon/20241107/170925561/tcp_downlink_171128970.out
[2024-11-07T17:11:35-0500] DL AVG TPUT: 
[2024-11-07T17:11:35-0500] 5G booster finished at 2024-11-07 17:11:35.068 EST, duration: 6.175 s
[2024-11-07T17:11:35-0500] -------------------------------
[2024-11-07T17:11:35-0500] Waiting for 2 s...
[2024-11-07T17:11:37-0500] -------------------------------
[2024-11-07T17:11:37-0500] tcp uplink test started at 2024-11-07 17:11:37.180 EST
[2024-11-07T17:11:37-0500] testing tcp uplink with 54.197.223.49:5101, interval 0.5, duration 120, timeout 121 ...
[2024-11-07T17:13:38-0500] Current time exceeds end time, skipping wait
[2024-11-07T17:13:38-0500] Saved uplink test to /data/data/com.termux/files/home/storage/shared/bos_la_2024_trip/verizon/20241107/170925561/tcp_uplink_171137257.out
[2024-11-07T17:13:38-0500] UL AVG TPUT: 
[2024-11-07T17:13:38-0500] tcp uplink test finished at 2024-11-07 17:13:38.372 EST, duration: 121.192 s
[2024-11-07T17:13:38-0500] -------------------------------
[2024-11-07T17:13:38-0500] Waiting for 2 s...
[2024-11-07T17:13:40-0500] -------------------------------
[2024-11-07T17:13:40-0500] Starting 5G booster for 5 s...
[2024-11-07T17:13:40-0500] 5G booster started at 2024-11-07 17:13:40.501 EST
[2024-11-07T17:13:46-0500] Current time exceeds end time, skipping wait
[2024-11-07T17:13:46-0500] Saved TCP DL results to /data/data/com.termux/files/home/storage/shared/bos_la_2024_trip/verizon/20241107/170925561/tcp_downlink_171340531.out
[2024-11-07T17:13:46-0500] DL AVG TPUT: 
[2024-11-07T17:13:46-0500] 5G booster finished at 2024-11-07 17:13:46.635 EST, duration: 6.134 s
[2024-11-07T17:13:46-0500] -------------------------------
[2024-11-07T17:13:46-0500] Waiting for 2 s...
[2024-11-07T17:13:48-0500] -------------------------------
[2024-11-07T17:13:48-0500] ICMP Ping test started at 2024-11-07 17:13:48.711 EST
[2024-11-07T17:14:18-0500] Waiting for .888 s to reach end time
[2024-11-07T17:14:19-0500] Saved ping test to /data/data/com.termux/files/home/storage/shared/bos_la_2024_trip/verizon/20241107/170925561/icmp_ping_171348734.out
[2024-11-07T17:14:19-0500] Ping summary (min/avg/max/mdev) = 32.295/46.976/107.954/10.874 ms
[2024-11-07T17:14:19-0500] Ping test finished at 2024-11-07 17:14:19.799 EST, duration: 31.088 s
[2024-11-07T17:14:19-0500] -------------------------------
[2024-11-07T17:14:19-0500] Waiting for 2 s...
[2024-11-07T17:14:21-0500] -------------------------------
[2024-11-07T17:14:21-0500] Starting 5G booster for 5 s...
[2024-11-07T17:14:21-0500] 5G booster started at 2024-11-07 17:14:21.917 EST
[2024-11-07T17:14:28-0500] Current time exceeds end time, skipping wait
[2024-11-07T17:14:28-0500] Saved TCP DL results to /data/data/com.termux/files/home/storage/shared/bos_la_2024_trip/verizon/20241107/170925561/tcp_downlink_171421998.out
[2024-11-07T17:14:28-0500] DL AVG TPUT: 
[2024-11-07T17:14:28-0500] 5G booster finished at 2024-11-07 17:14:28.093 EST, duration: 6.176 s
[2024-11-07T17:14:28-0500] -------------------------------
[2024-11-07T17:14:28-0500] Waiting for 2 s...
[2024-11-07T17:14:30-0500] -------------------------------
[2024-11-07T17:14:30-0500] TCP Ping test started at 2024-11-07 17:14:30.201 EST
[2024-11-07T17:15:01-0500] Current time exceeds end time, skipping wait
[2024-11-07T17:15:01-0500] Saved TCP Ping test to /data/data/com.termux/files/home/storage/shared/bos_la_2024_trip/verizon/20241107/170925561/tcp_ping_171430241.out
[2024-11-07T17:15:01-0500] TCP Ping summary (min/avg/max/mdev) 
[2024-11-07T17:15:01-0500] TCP Ping test finished at 2024-11-07 17:15:01.343 EST, duration: 31.142 s
[2024-11-07T17:15:01-0500] -------------------------------
[2024-11-07T17:15:01-0500] Waiting for 2 s...
[2024-11-07T17:15:03-0500] -------------------------------
[2024-11-07T17:15:03-0500] Traceroute test started at 2024-11-07 17:15:03.434 EST
[2024-11-07T17:15:04-0500] Waiting for 29.028 s to reach end time
[2024-11-07T17:15:33-0500] Saved traceroute test to /data/data/com.termux/files/home/storage/shared/bos_la_2024_trip/verizon/20241107/170925561/traceroute_171503471.out
[2024-11-07T17:15:33-0500] Traceroute summary (min/avg/max/mdev) 
[2024-11-07T17:15:33-0500] Traceroute test finished at 2024-11-07 17:15:33.523 EST, duration: 30.089 s
[2024-11-07T17:15:33-0500] -------------------------------
[2024-11-07T17:15:33-0500] All tests completed, cleaning up...
[2024-11-07T17:15:33-0500] -------------------------------
[2024-11-07T17:16:00-0500] [measurement] Load environment variables from prod.env file
[2024-11-07T17:16:01-0500] [measurement] Load operator-specific env from verizon.env file
[2024-11-07T17:16:01-0500] Starting a network measurement, please choose a server
[2024-11-07T17:16:01-0500] 0) West Cloud: 54.176.53.206
[2024-11-07T17:16:01-0500] 1) East Cloud: 54.197.223.49
[2024-11-07T17:16:01-0500] 2) Los Angeles Wavelength: 161.188.33.234
[2024-11-07T17:16:01-0500] 3) Las Vegas Wavelength: 155.146.118.158
[2024-11-07T17:16:01-0500] 4) Denver Wavelength: 155.146.144.24
[2024-11-07T17:16:01-0500] 5) Chicago Wavelength: 155.146.180.31
[2024-11-07T17:16:01-0500] 6) Boston Wavelength: 155.146.11.34
[2024-11-07T17:16:22-0500] Enter your choice (0-6): Testing verizon, server 1 (ip: 54.197.223.49, nuttcp_port: 5101, iperf_port: 5001)
[2024-11-07T17:16:22-0500] -------------------------------
[2024-11-07T17:16:22-0500] tcp downlink test started at 2024-11-07 17:16:22.247 EST
[2024-11-07T17:16:22-0500] Testing tcp downlink with 54.197.223.49:5101, interval 0.5 s, duration 120 s, timeout 121 s...
[2024-11-07T17:18:23-0500] Current time exceeds end time, skipping wait
[2024-11-07T17:18:23-0500] Saved tcp downlink test to /data/data/com.termux/files/home/storage/shared/bos_la_2024_trip/verizon/20241107/171622228/tcp_downlink_171622276.out
[2024-11-07T17:18:23-0500] DL AVG TPUT: 
[2024-11-07T17:18:23-0500] tcp downlink test finished at 2024-11-07 17:18:23.393 EST, duration: 121.146 s
[2024-11-07T17:18:23-0500] -------------------------------
[2024-11-07T17:18:23-0500] Waiting for 2 s...
[2024-11-07T17:18:25-0500] -------------------------------
[2024-11-07T17:18:25-0500] Starting 5G booster for 5 s...
[2024-11-07T17:18:25-0500] 5G booster started at 2024-11-07 17:18:25.557 EST
[2024-11-07T17:18:31-0500] Current time exceeds end time, skipping wait
[2024-11-07T17:18:31-0500] Saved TCP DL results to /data/data/com.termux/files/home/storage/shared/bos_la_2024_trip/verizon/20241107/171622228/tcp_downlink_171825587.out
[2024-11-07T17:18:31-0500] DL AVG TPUT: 
[2024-11-07T17:18:31-0500] 5G booster finished at 2024-11-07 17:18:31.657 EST, duration: 6.100 s
[2024-11-07T17:18:31-0500] -------------------------------
[2024-11-07T17:18:31-0500] Waiting for 2 s...
[2024-11-07T17:18:33-0500] -------------------------------
[2024-11-07T17:18:33-0500] tcp uplink test started at 2024-11-07 17:18:33.815 EST
[2024-11-07T17:18:33-0500] testing tcp uplink with 54.197.223.49:5101, interval 0.5, duration 120, timeout 121 ...
[2024-11-07T17:20:34-0500] Current time exceeds end time, skipping wait
[2024-11-07T17:20:34-0500] Saved uplink test to /data/data/com.termux/files/home/storage/shared/bos_la_2024_trip/verizon/20241107/171622228/tcp_uplink_171833843.out
[2024-11-07T17:20:34-0500] UL AVG TPUT: 79.4144 Mbps
[2024-11-07T17:20:34-0500] tcp uplink test finished at 2024-11-07 17:20:34.892 EST, duration: 121.077 s
[2024-11-07T17:20:34-0500] -------------------------------
[2024-11-07T17:20:34-0500] Waiting for 2 s...
[2024-11-07T17:20:36-0500] -------------------------------
[2024-11-07T17:20:36-0500] Starting 5G booster for 5 s...
[2024-11-07T17:20:37-0500] 5G booster started at 2024-11-07 17:20:37.031 EST
[2024-11-07T17:20:43-0500] Current time exceeds end time, skipping wait
[2024-11-07T17:20:43-0500] Saved TCP DL results to /data/data/com.termux/files/home/storage/shared/bos_la_2024_trip/verizon/20241107/171622228/tcp_downlink_172037063.out
[2024-11-07T17:20:43-0500] DL AVG TPUT: 
[2024-11-07T17:20:43-0500] 5G booster finished at 2024-11-07 17:20:43.180 EST, duration: 6.149 s
[2024-11-07T17:20:43-0500] -------------------------------
[2024-11-07T17:20:43-0500] Waiting for 2 s...
[2024-11-07T17:20:45-0500] -------------------------------
[2024-11-07T17:20:45-0500] ICMP Ping test started at 2024-11-07 17:20:45.300 EST
[2024-11-07T17:21:15-0500] Waiting for .898 s to reach end time
[2024-11-07T17:21:16-0500] Saved ping test to /data/data/com.termux/files/home/storage/shared/bos_la_2024_trip/verizon/20241107/171622228/icmp_ping_172045327.out
[2024-11-07T17:21:16-0500] Ping summary (min/avg/max/mdev) = 25.230/40.352/212.578/15.304 ms
[2024-11-07T17:21:16-0500] Ping test finished at 2024-11-07 17:21:16.410 EST, duration: 31.110 s
[2024-11-07T17:21:16-0500] -------------------------------
[2024-11-07T17:21:16-0500] Waiting for 2 s...
[2024-11-07T17:21:18-0500] -------------------------------
[2024-11-07T17:21:18-0500] Starting 5G booster for 5 s...
[2024-11-07T17:21:18-0500] 5G booster started at 2024-11-07 17:21:18.512 EST
[2024-11-07T17:21:24-0500] Current time exceeds end time, skipping wait
[2024-11-07T17:21:24-0500] Saved TCP DL results to /data/data/com.termux/files/home/storage/shared/bos_la_2024_trip/verizon/20241107/171622228/tcp_downlink_172118579.out
[2024-11-07T17:21:24-0500] DL AVG TPUT: 
[2024-11-07T17:21:24-0500] 5G booster finished at 2024-11-07 17:21:24.689 EST, duration: 6.177 s
[2024-11-07T17:21:24-0500] -------------------------------
[2024-11-07T17:21:24-0500] Waiting for 2 s...
[2024-11-07T17:21:26-0500] -------------------------------
[2024-11-07T17:21:26-0500] TCP Ping test started at 2024-11-07 17:21:26.806 EST
[2024-11-07T17:21:57-0500] Current time exceeds end time, skipping wait
[2024-11-07T17:21:57-0500] Saved TCP Ping test to /data/data/com.termux/files/home/storage/shared/bos_la_2024_trip/verizon/20241107/171622228/tcp_ping_172126837.out
[2024-11-07T17:21:57-0500] TCP Ping summary (min/avg/max/mdev) 
[2024-11-07T17:21:57-0500] TCP Ping test finished at 2024-11-07 17:21:57.932 EST, duration: 31.126 s
[2024-11-07T17:21:57-0500] -------------------------------
[2024-11-07T17:21:57-0500] Waiting for 2 s...
[2024-11-07T17:22:00-0500] -------------------------------
[2024-11-07T17:22:00-0500] Traceroute test started at 2024-11-07 17:22:00.025 EST
[2024-11-07T17:22:01-0500] Waiting for 28.890 s to reach end time
[2024-11-07T17:22:30-0500] Saved traceroute test to /data/data/com.termux/files/home/storage/shared/bos_la_2024_trip/verizon/20241107/171622228/traceroute_172200083.out
[2024-11-07T17:22:30-0500] Traceroute summary (min/avg/max/mdev) 
[2024-11-07T17:22:30-0500] Traceroute test finished at 2024-11-07 17:22:30.132 EST, duration: 30.107 s
[2024-11-07T17:22:30-0500] -------------------------------
[2024-11-07T17:22:30-0500] All tests completed, cleaning up...
[2024-11-07T17:22:30-0500] -------------------------------
[2024-11-07T17:23:20-0500] [measurement] Load environment variables from prod.env file
[2024-11-07T17:23:20-0500] [measurement] Load operator-specific env from verizon.env file
[2024-11-07T17:23:20-0500] Starting a network measurement, please choose a server
[2024-11-07T17:23:20-0500] 0) West Cloud: 54.176.53.206
[2024-11-07T17:23:20-0500] 1) East Cloud: 54.197.223.49
[2024-11-07T17:23:20-0500] 2) Los Angeles Wavelength: 161.188.33.234
[2024-11-07T17:23:20-0500] 3) Las Vegas Wavelength: 155.146.118.158
[2024-11-07T17:23:20-0500] 4) Denver Wavelength: 155.146.144.24
[2024-11-07T17:23:20-0500] 5) Chicago Wavelength: 155.146.180.31
[2024-11-07T17:23:20-0500] 6) Boston Wavelength: 155.146.11.34
[2024-11-07T17:23:30-0500] Enter your choice (0-6): Testing verizon, server 1 (ip: 54.197.223.49, nuttcp_port: 5101, iperf_port: 5001)
[2024-11-07T17:23:30-0500] -------------------------------
[2024-11-07T17:23:31-0500] tcp downlink test started at 2024-11-07 17:23:30.993 EST
[2024-11-07T17:23:31-0500] Testing tcp downlink with 54.197.223.49:5101, interval 0.5 s, duration 120 s, timeout 121 s...
[2024-11-07T17:25:32-0500] Current time exceeds end time, skipping wait
[2024-11-07T17:25:32-0500] Saved tcp downlink test to /data/data/com.termux/files/home/storage/shared/bos_la_2024_trip/verizon/20241107/172330967/tcp_downlink_172331026.out
[2024-11-07T17:25:32-0500] DL AVG TPUT: 
[2024-11-07T17:25:32-0500] tcp downlink test finished at 2024-11-07 17:25:32.142 EST, duration: 121.149 s
[2024-11-07T17:25:32-0500] -------------------------------
[2024-11-07T17:25:32-0500] Waiting for 2 s...
[2024-11-07T17:25:34-0500] -------------------------------
[2024-11-07T17:25:34-0500] Starting 5G booster for 5 s...
[2024-11-07T17:25:34-0500] 5G booster started at 2024-11-07 17:25:34.289 EST
[2024-11-07T17:25:40-0500] Current time exceeds end time, skipping wait
[2024-11-07T17:25:40-0500] Saved TCP DL results to /data/data/com.termux/files/home/storage/shared/bos_la_2024_trip/verizon/20241107/172330967/tcp_downlink_172534350.out
[2024-11-07T17:25:40-0500] DL AVG TPUT: 
[2024-11-07T17:25:40-0500] 5G booster finished at 2024-11-07 17:25:40.454 EST, duration: 6.165 s
[2024-11-07T17:25:40-0500] -------------------------------
[2024-11-07T17:25:40-0500] Waiting for 2 s...
[2024-11-07T17:25:42-0500] -------------------------------
[2024-11-07T17:25:42-0500] tcp uplink test started at 2024-11-07 17:25:42.583 EST
[2024-11-07T17:25:42-0500] testing tcp uplink with 54.197.223.49:5101, interval 0.5, duration 120, timeout 121 ...
[2024-11-07T17:27:43-0500] Current time exceeds end time, skipping wait
[2024-11-07T17:27:43-0500] Saved uplink test to /data/data/com.termux/files/home/storage/shared/bos_la_2024_trip/verizon/20241107/172330967/tcp_uplink_172542634.out
[2024-11-07T17:27:43-0500] UL AVG TPUT: 
[2024-11-07T17:27:43-0500] tcp uplink test finished at 2024-11-07 17:27:43.769 EST, duration: 121.186 s
[2024-11-07T17:27:43-0500] -------------------------------
[2024-11-07T17:27:43-0500] Waiting for 2 s...
[2024-11-07T17:27:45-0500] -------------------------------
[2024-11-07T17:27:45-0500] Starting 5G booster for 5 s...
[2024-11-07T17:27:45-0500] 5G booster started at 2024-11-07 17:27:45.908 EST
[2024-11-07T17:27:52-0500] Current time exceeds end time, skipping wait
[2024-11-07T17:27:52-0500] Saved TCP DL results to /data/data/com.termux/files/home/storage/shared/bos_la_2024_trip/verizon/20241107/172330967/tcp_downlink_172745992.out
[2024-11-07T17:27:52-0500] DL AVG TPUT: 
[2024-11-07T17:27:52-0500] 5G booster finished at 2024-11-07 17:27:52.105 EST, duration: 6.197 s
[2024-11-07T17:27:52-0500] -------------------------------
[2024-11-07T17:27:52-0500] Waiting for 2 s...
[2024-11-07T17:27:54-0500] -------------------------------
[2024-11-07T17:27:54-0500] ICMP Ping test started at 2024-11-07 17:27:54.235 EST
[2024-11-07T17:28:24-0500] Waiting for .858 s to reach end time
[2024-11-07T17:28:25-0500] Saved ping test to /data/data/com.termux/files/home/storage/shared/bos_la_2024_trip/verizon/20241107/172330967/icmp_ping_172754269.out
[2024-11-07T17:28:25-0500] Ping summary (min/avg/max/mdev) = 31.174/59.144/579.381/66.195 ms
[2024-11-07T17:28:25-0500] Ping test finished at 2024-11-07 17:28:25.328 EST, duration: 31.093 s
[2024-11-07T17:28:25-0500] -------------------------------
[2024-11-07T17:28:25-0500] Waiting for 2 s...
[2024-11-07T17:28:27-0500] -------------------------------
[2024-11-07T17:28:27-0500] Starting 5G booster for 5 s...
[2024-11-07T17:28:27-0500] 5G booster started at 2024-11-07 17:28:27.482 EST
[2024-11-07T17:28:33-0500] Current time exceeds end time, skipping wait
[2024-11-07T17:28:33-0500] Saved TCP DL results to /data/data/com.termux/files/home/storage/shared/bos_la_2024_trip/verizon/20241107/172330967/tcp_downlink_172827513.out
[2024-11-07T17:28:33-0500] DL AVG TPUT: 
[2024-11-07T17:28:33-0500] 5G booster finished at 2024-11-07 17:28:33.625 EST, duration: 6.143 s
[2024-11-07T17:28:33-0500] -------------------------------
[2024-11-07T17:28:33-0500] Waiting for 2 s...
[2024-11-07T17:28:35-0500] -------------------------------
[2024-11-07T17:28:35-0500] TCP Ping test started at 2024-11-07 17:28:35.768 EST
[2024-11-07T17:29:06-0500] Current time exceeds end time, skipping wait
[2024-11-07T17:29:06-0500] Saved TCP Ping test to /data/data/com.termux/files/home/storage/shared/bos_la_2024_trip/verizon/20241107/172330967/tcp_ping_172835802.out
[2024-11-07T17:29:06-0500] TCP Ping summary (min/avg/max/mdev) 
[2024-11-07T17:29:07-0500] TCP Ping test finished at 2024-11-07 17:29:06.934 EST, duration: 31.166 s
[2024-11-07T17:29:07-0500] -------------------------------
[2024-11-07T17:29:07-0500] Waiting for 2 s...
[2024-11-07T17:29:09-0500] -------------------------------
[2024-11-07T17:29:09-0500] Traceroute test started at 2024-11-07 17:29:09.055 EST
[2024-11-07T17:29:10-0500] Waiting for 28.696 s to reach end time
[2024-11-07T17:29:39-0500] Saved traceroute test to /data/data/com.termux/files/home/storage/shared/bos_la_2024_trip/verizon/20241107/172330967/traceroute_172909085.out
[2024-11-07T17:29:39-0500] Traceroute summary (min/avg/max/mdev) 
[2024-11-07T17:29:39-0500] Traceroute test finished at 2024-11-07 17:29:39.169 EST, duration: 30.114 s
[2024-11-07T17:29:39-0500] -------------------------------
[2024-11-07T17:29:39-0500] All tests completed, cleaning up...
[2024-11-07T17:29:39-0500] -------------------------------
[2024-11-07T17:30:25-0500] [measurement] Load environment variables from prod.env file
[2024-11-07T17:30:25-0500] [measurement] Load operator-specific env from verizon.env file
[2024-11-07T17:30:25-0500] Starting a network measurement, please choose a server
[2024-11-07T17:30:25-0500] 0) West Cloud: 54.176.53.206
[2024-11-07T17:30:25-0500] 1) East Cloud: 54.197.223.49
[2024-11-07T17:30:25-0500] 2) Los Angeles Wavelength: 161.188.33.234
[2024-11-07T17:30:25-0500] 3) Las Vegas Wavelength: 155.146.118.158
[2024-11-07T17:30:25-0500] 4) Denver Wavelength: 155.146.144.24
[2024-11-07T17:30:25-0500] 5) Chicago Wavelength: 155.146.180.31
[2024-11-07T17:30:25-0500] 6) Boston Wavelength: 155.146.11.34
[2024-11-07T17:30:41-0500] Enter your choice (0-6): Testing verizon, server 1 (ip: 54.197.223.49, nuttcp_port: 5101, iperf_port: 5001)
[2024-11-07T17:30:42-0500] -------------------------------
[2024-11-07T17:30:42-0500] tcp downlink test started at 2024-11-07 17:30:42.042 EST
[2024-11-07T17:30:42-0500] Testing tcp downlink with 54.197.223.49:5101, interval 0.5 s, duration 120 s, timeout 121 s...
[2024-11-07T17:32:43-0500] Current time exceeds end time, skipping wait
[2024-11-07T17:32:43-0500] Saved tcp downlink test to /data/data/com.termux/files/home/storage/shared/bos_la_2024_trip/verizon/20241107/173042019/tcp_downlink_173042073.out
[2024-11-07T17:32:43-0500] DL AVG TPUT: 
[2024-11-07T17:32:43-0500] tcp downlink test finished at 2024-11-07 17:32:43.179 EST, duration: 121.137 s
[2024-11-07T17:32:43-0500] -------------------------------
[2024-11-07T17:32:43-0500] Waiting for 2 s...
[2024-11-07T17:32:45-0500] -------------------------------
[2024-11-07T17:32:45-0500] Starting 5G booster for 5 s...
[2024-11-07T17:32:45-0500] 5G booster started at 2024-11-07 17:32:45.313 EST
[2024-11-07T17:32:51-0500] Current time exceeds end time, skipping wait
[2024-11-07T17:32:51-0500] Saved TCP DL results to /data/data/com.termux/files/home/storage/shared/bos_la_2024_trip/verizon/20241107/173042019/tcp_downlink_173245348.out
[2024-11-07T17:32:51-0500] DL AVG TPUT: 
[2024-11-07T17:32:51-0500] 5G booster finished at 2024-11-07 17:32:51.461 EST, duration: 6.148 s
[2024-11-07T17:32:51-0500] -------------------------------
[2024-11-07T17:32:51-0500] Waiting for 2 s...
[2024-11-07T17:32:53-0500] -------------------------------
[2024-11-07T17:32:53-0500] tcp uplink test started at 2024-11-07 17:32:53.602 EST
[2024-11-07T17:32:53-0500] testing tcp uplink with 54.197.223.49:5101, interval 0.5, duration 120, timeout 121 ...
[2024-11-07T17:34:54-0500] Current time exceeds end time, skipping wait
[2024-11-07T17:34:54-0500] Saved uplink test to /data/data/com.termux/files/home/storage/shared/bos_la_2024_trip/verizon/20241107/173042019/tcp_uplink_173253633.out
[2024-11-07T17:34:54-0500] UL AVG TPUT: 
[2024-11-07T17:34:54-0500] tcp uplink test finished at 2024-11-07 17:34:54.747 EST, duration: 121.145 s
[2024-11-07T17:34:54-0500] -------------------------------
[2024-11-07T17:34:54-0500] Waiting for 2 s...
[2024-11-07T17:34:56-0500] -------------------------------
[2024-11-07T17:34:56-0500] Starting 5G booster for 5 s...
[2024-11-07T17:34:56-0500] 5G booster started at 2024-11-07 17:34:56.888 EST
[2024-11-07T17:35:03-0500] Current time exceeds end time, skipping wait
[2024-11-07T17:35:03-0500] Saved TCP DL results to /data/data/com.termux/files/home/storage/shared/bos_la_2024_trip/verizon/20241107/173042019/tcp_downlink_173456924.out
[2024-11-07T17:35:03-0500] DL AVG TPUT: 
[2024-11-07T17:35:03-0500] 5G booster finished at 2024-11-07 17:35:03.053 EST, duration: 6.165 s
[2024-11-07T17:35:03-0500] -------------------------------
[2024-11-07T17:35:03-0500] Waiting for 2 s...
[2024-11-07T17:35:05-0500] -------------------------------
[2024-11-07T17:35:05-0500] ICMP Ping test started at 2024-11-07 17:35:05.207 EST
[2024-11-07T17:35:35-0500] Waiting for .847 s to reach end time
[2024-11-07T17:35:36-0500] Saved ping test to /data/data/com.termux/files/home/storage/shared/bos_la_2024_trip/verizon/20241107/173042019/icmp_ping_173505262.out
[2024-11-07T17:35:36-0500] Ping summary (min/avg/max/mdev) = 26.992/38.617/91.330/6.849 ms
[2024-11-07T17:35:36-0500] Ping test finished at 2024-11-07 17:35:36.325 EST, duration: 31.118 s
[2024-11-07T17:35:36-0500] -------------------------------
[2024-11-07T17:35:36-0500] Waiting for 2 s...
[2024-11-07T17:35:38-0500] -------------------------------
[2024-11-07T17:35:38-0500] Starting 5G booster for 5 s...
[2024-11-07T17:35:38-0500] 5G booster started at 2024-11-07 17:35:38.482 EST
[2024-11-07T17:35:44-0500] Current time exceeds end time, skipping wait
[2024-11-07T17:35:44-0500] Saved TCP DL results to /data/data/com.termux/files/home/storage/shared/bos_la_2024_trip/verizon/20241107/173042019/tcp_downlink_173538541.out
[2024-11-07T17:35:44-0500] DL AVG TPUT: 
[2024-11-07T17:35:44-0500] 5G booster finished at 2024-11-07 17:35:44.647 EST, duration: 6.165 s
[2024-11-07T17:35:44-0500] -------------------------------
[2024-11-07T17:35:44-0500] Waiting for 2 s...
[2024-11-07T17:35:46-0500] -------------------------------
[2024-11-07T17:35:46-0500] TCP Ping test started at 2024-11-07 17:35:46.768 EST
[2024-11-07T17:36:17-0500] Current time exceeds end time, skipping wait
[2024-11-07T17:36:17-0500] Saved TCP Ping test to /data/data/com.termux/files/home/storage/shared/bos_la_2024_trip/verizon/20241107/173042019/tcp_ping_173546806.out
[2024-11-07T17:36:17-0500] TCP Ping summary (min/avg/max/mdev) 
[2024-11-07T17:36:18-0500] TCP Ping test finished at 2024-11-07 17:36:17.955 EST, duration: 31.187 s
[2024-11-07T17:36:18-0500] -------------------------------
[2024-11-07T17:36:18-0500] Waiting for 2 s...
[2024-11-07T17:36:20-0500] -------------------------------
[2024-11-07T17:36:20-0500] Traceroute test started at 2024-11-07 17:36:20.067 EST
[2024-11-07T17:36:21-0500] Waiting for 28.613 s to reach end time
[2024-11-07T17:36:50-0500] Saved traceroute test to /data/data/com.termux/files/home/storage/shared/bos_la_2024_trip/verizon/20241107/173042019/traceroute_173620109.out
[2024-11-07T17:36:50-0500] Traceroute summary (min/avg/max/mdev) 
[2024-11-07T17:36:50-0500] Traceroute test finished at 2024-11-07 17:36:50.159 EST, duration: 30.092 s
[2024-11-07T17:36:50-0500] -------------------------------
[2024-11-07T17:36:50-0500] All tests completed, cleaning up...
[2024-11-07T17:36:50-0500] -------------------------------
[2024-11-07T17:37:48-0500] [measurement] Load environment variables from prod.env file
[2024-11-07T17:37:48-0500] [measurement] Load operator-specific env from verizon.env file
[2024-11-07T17:37:48-0500] Starting a network measurement, please choose a server
[2024-11-07T17:37:48-0500] 0) West Cloud: 54.176.53.206
[2024-11-07T17:37:48-0500] 1) East Cloud: 54.197.223.49
[2024-11-07T17:37:48-0500] 2) Los Angeles Wavelength: 161.188.33.234
[2024-11-07T17:37:48-0500] 3) Las Vegas Wavelength: 155.146.118.158
[2024-11-07T17:37:48-0500] 4) Denver Wavelength: 155.146.144.24
[2024-11-07T17:37:48-0500] 5) Chicago Wavelength: 155.146.180.31
[2024-11-07T17:37:48-0500] 6) Boston Wavelength: 155.146.11.34
[2024-11-07T17:38:12-0500] Enter your choice (0-6): Testing verizon, server 1 (ip: 54.197.223.49, nuttcp_port: 5101, iperf_port: 5001)
[2024-11-07T17:38:12-0500] -------------------------------
[2024-11-07T17:38:12-0500] tcp downlink test started at 2024-11-07 17:38:12.769 EST
[2024-11-07T17:38:12-0500] Testing tcp downlink with 54.197.223.49:5101, interval 0.5 s, duration 120 s, timeout 121 s...
[2024-11-07T17:40:13-0500] Current time exceeds end time, skipping wait
[2024-11-07T17:40:13-0500] Saved tcp downlink test to /data/data/com.termux/files/home/storage/shared/bos_la_2024_trip/verizon/20241107/173812739/tcp_downlink_173812804.out
[2024-11-07T17:40:13-0500] DL AVG TPUT: 
[2024-11-07T17:40:14-0500] tcp downlink test finished at 2024-11-07 17:40:13.890 EST, duration: 121.121 s
[2024-11-07T17:40:14-0500] -------------------------------
[2024-11-07T17:40:14-0500] Waiting for 2 s...
[2024-11-07T17:40:16-0500] -------------------------------
[2024-11-07T17:40:16-0500] Starting 5G booster for 5 s...
[2024-11-07T17:40:16-0500] 5G booster started at 2024-11-07 17:40:16.053 EST
[2024-11-07T17:40:22-0500] Current time exceeds end time, skipping wait
[2024-11-07T17:40:22-0500] Saved TCP DL results to /data/data/com.termux/files/home/storage/shared/bos_la_2024_trip/verizon/20241107/173812739/tcp_downlink_174016082.out
[2024-11-07T17:40:22-0500] DL AVG TPUT: 
[2024-11-07T17:40:22-0500] 5G booster finished at 2024-11-07 17:40:22.173 EST, duration: 6.120 s
[2024-11-07T17:40:22-0500] -------------------------------
[2024-11-07T17:40:22-0500] Waiting for 2 s...
[2024-11-07T17:40:24-0500] -------------------------------
[2024-11-07T17:40:24-0500] tcp uplink test started at 2024-11-07 17:40:24.310 EST
[2024-11-07T17:40:24-0500] testing tcp uplink with 54.197.223.49:5101, interval 0.5, duration 120, timeout 121 ...
[2024-11-07T17:42:25-0500] Current time exceeds end time, skipping wait
[2024-11-07T17:42:25-0500] Saved uplink test to /data/data/com.termux/files/home/storage/shared/bos_la_2024_trip/verizon/20241107/173812739/tcp_uplink_174024342.out
[2024-11-07T17:42:25-0500] UL AVG TPUT: 
[2024-11-07T17:42:25-0500] tcp uplink test finished at 2024-11-07 17:42:25.439 EST, duration: 121.129 s
[2024-11-07T17:42:25-0500] -------------------------------
[2024-11-07T17:42:25-0500] Waiting for 2 s...
[2024-11-07T17:42:27-0500] -------------------------------
[2024-11-07T17:42:27-0500] Starting 5G booster for 5 s...
[2024-11-07T17:42:27-0500] 5G booster started at 2024-11-07 17:42:27.587 EST
[2024-11-07T17:42:33-0500] Current time exceeds end time, skipping wait
[2024-11-07T17:42:33-0500] Saved TCP DL results to /data/data/com.termux/files/home/storage/shared/bos_la_2024_trip/verizon/20241107/173812739/tcp_downlink_174227617.out
[2024-11-07T17:42:33-0500] DL AVG TPUT: 
[2024-11-07T17:42:33-0500] 5G booster finished at 2024-11-07 17:42:33.741 EST, duration: 6.154 s
[2024-11-07T17:42:33-0500] -------------------------------
[2024-11-07T17:42:33-0500] Waiting for 2 s...
[2024-11-07T17:42:35-0500] -------------------------------
[2024-11-07T17:42:35-0500] ICMP Ping test started at 2024-11-07 17:42:35.839 EST
[2024-11-07T17:43:06-0500] Waiting for .825 s to reach end time
[2024-11-07T17:43:06-0500] Saved ping test to /data/data/com.termux/files/home/storage/shared/bos_la_2024_trip/verizon/20241107/173812739/icmp_ping_174235912.out
[2024-11-07T17:43:06-0500] Ping summary (min/avg/max/mdev) = 31.499/82.659/1109.885/160.925 ms
[2024-11-07T17:43:07-0500] Ping test finished at 2024-11-07 17:43:06.966 EST, duration: 31.127 s
[2024-11-07T17:43:07-0500] -------------------------------
[2024-11-07T17:43:07-0500] Waiting for 2 s...
[2024-11-07T17:43:09-0500] -------------------------------
[2024-11-07T17:43:09-0500] Starting 5G booster for 5 s...
[2024-11-07T17:43:09-0500] 5G booster started at 2024-11-07 17:43:09.103 EST
[2024-11-07T17:43:15-0500] Current time exceeds end time, skipping wait
[2024-11-07T17:43:15-0500] Saved TCP DL results to /data/data/com.termux/files/home/storage/shared/bos_la_2024_trip/verizon/20241107/173812739/tcp_downlink_174309153.out
[2024-11-07T17:43:15-0500] DL AVG TPUT: 
[2024-11-07T17:43:15-0500] 5G booster finished at 2024-11-07 17:43:15.256 EST, duration: 6.153 s
[2024-11-07T17:43:15-0500] -------------------------------
[2024-11-07T17:43:15-0500] Waiting for 2 s...
[2024-11-07T17:43:17-0500] -------------------------------
[2024-11-07T17:43:17-0500] TCP Ping test started at 2024-11-07 17:43:17.376 EST
[2024-11-07T17:43:48-0500] Current time exceeds end time, skipping wait
[2024-11-07T17:43:48-0500] Saved TCP Ping test to /data/data/com.termux/files/home/storage/shared/bos_la_2024_trip/verizon/20241107/173812739/tcp_ping_174317454.out
[2024-11-07T17:43:48-0500] TCP Ping summary (min/avg/max/mdev) 
[2024-11-07T17:43:48-0500] TCP Ping test finished at 2024-11-07 17:43:48.574 EST, duration: 31.198 s
[2024-11-07T17:43:48-0500] -------------------------------
[2024-11-07T17:43:48-0500] Waiting for 2 s...
[2024-11-07T17:43:50-0500] -------------------------------
[2024-11-07T17:43:50-0500] Traceroute test started at 2024-11-07 17:43:50.695 EST
[2024-11-07T17:43:51-0500] Waiting for 28.811 s to reach end time
[2024-11-07T17:44:20-0500] Saved traceroute test to /data/data/com.termux/files/home/storage/shared/bos_la_2024_trip/verizon/20241107/173812739/traceroute_174350732.out
[2024-11-07T17:44:20-0500] Traceroute summary (min/avg/max/mdev) 
[2024-11-07T17:44:20-0500] Traceroute test finished at 2024-11-07 17:44:20.810 EST, duration: 30.115 s
[2024-11-07T17:44:20-0500] -------------------------------
[2024-11-07T17:44:20-0500] All tests completed, cleaning up...
[2024-11-07T17:44:20-0500] -------------------------------
[2024-11-07T17:45:09-0500] [measurement] Load environment variables from prod.env file
[2024-11-07T17:45:09-0500] [measurement] Load operator-specific env from verizon.env file
[2024-11-07T17:45:09-0500] Starting a network measurement, please choose a server
[2024-11-07T17:45:09-0500] 0) West Cloud: 54.176.53.206
[2024-11-07T17:45:09-0500] 1) East Cloud: 54.197.223.49
[2024-11-07T17:45:09-0500] 2) Los Angeles Wavelength: 161.188.33.234
[2024-11-07T17:45:09-0500] 3) Las Vegas Wavelength: 155.146.118.158
[2024-11-07T17:45:09-0500] 4) Denver Wavelength: 155.146.144.24
[2024-11-07T17:45:09-0500] 5) Chicago Wavelength: 155.146.180.31
[2024-11-07T17:45:09-0500] 6) Boston Wavelength: 155.146.11.34
[2024-11-07T17:45:26-0500] Enter your choice (0-6): Testing verizon, server 1 (ip: 54.197.223.49, nuttcp_port: 5101, iperf_port: 5001)
[2024-11-07T17:45:26-0500] -------------------------------
[2024-11-07T17:45:26-0500] tcp downlink test started at 2024-11-07 17:45:26.198 EST
[2024-11-07T17:45:26-0500] Testing tcp downlink with 54.197.223.49:5101, interval 0.5 s, duration 120 s, timeout 121 s...
[2024-11-07T17:47:27-0500] Current time exceeds end time, skipping wait
[2024-11-07T17:47:27-0500] Saved tcp downlink test to /data/data/com.termux/files/home/storage/shared/bos_la_2024_trip/verizon/20241107/174526170/tcp_downlink_174526232.out
[2024-11-07T17:47:27-0500] DL AVG TPUT: 
[2024-11-07T17:47:27-0500] tcp downlink test finished at 2024-11-07 17:47:27.336 EST, duration: 121.138 s
[2024-11-07T17:47:27-0500] -------------------------------
[2024-11-07T17:47:27-0500] Waiting for 2 s...
[2024-11-07T17:47:29-0500] -------------------------------
[2024-11-07T17:47:29-0500] Starting 5G booster for 5 s...
[2024-11-07T17:47:29-0500] 5G booster started at 2024-11-07 17:47:29.454 EST
[2024-11-07T17:47:35-0500] Current time exceeds end time, skipping wait
[2024-11-07T17:47:35-0500] Saved TCP DL results to /data/data/com.termux/files/home/storage/shared/bos_la_2024_trip/verizon/20241107/174526170/tcp_downlink_174729482.out
[2024-11-07T17:47:35-0500] DL AVG TPUT: 
[2024-11-07T17:47:35-0500] 5G booster finished at 2024-11-07 17:47:35.576 EST, duration: 6.122 s
[2024-11-07T17:47:35-0500] -------------------------------
[2024-11-07T17:47:35-0500] Waiting for 2 s...
[2024-11-07T17:47:37-0500] -------------------------------
[2024-11-07T17:47:37-0500] tcp uplink test started at 2024-11-07 17:47:37.695 EST
[2024-11-07T17:47:37-0500] testing tcp uplink with 54.197.223.49:5101, interval 0.5, duration 120, timeout 121 ...
[2024-11-07T17:49:38-0500] Current time exceeds end time, skipping wait
[2024-11-07T17:49:38-0500] Saved uplink test to /data/data/com.termux/files/home/storage/shared/bos_la_2024_trip/verizon/20241107/174526170/tcp_uplink_174737731.out
[2024-11-07T17:49:38-0500] UL AVG TPUT: 
[2024-11-07T17:49:38-0500] tcp uplink test finished at 2024-11-07 17:49:38.841 EST, duration: 121.146 s
[2024-11-07T17:49:38-0500] -------------------------------
[2024-11-07T17:49:38-0500] Waiting for 2 s...
[2024-11-07T17:49:40-0500] -------------------------------
[2024-11-07T17:49:40-0500] Starting 5G booster for 5 s...
[2024-11-07T17:49:41-0500] 5G booster started at 2024-11-07 17:49:40.975 EST
[2024-11-07T17:49:47-0500] Current time exceeds end time, skipping wait
[2024-11-07T17:49:47-0500] Saved TCP DL results to /data/data/com.termux/files/home/storage/shared/bos_la_2024_trip/verizon/20241107/174526170/tcp_downlink_174941010.out
[2024-11-07T17:49:47-0500] DL AVG TPUT: 
[2024-11-07T17:49:47-0500] 5G booster finished at 2024-11-07 17:49:47.110 EST, duration: 6.135 s
[2024-11-07T17:49:47-0500] -------------------------------
[2024-11-07T17:49:47-0500] Waiting for 2 s...
[2024-11-07T17:49:49-0500] -------------------------------
[2024-11-07T17:49:49-0500] ICMP Ping test started at 2024-11-07 17:49:49.222 EST
[2024-11-07T17:50:19-0500] Waiting for .891 s to reach end time
[2024-11-07T17:50:20-0500] Saved ping test to /data/data/com.termux/files/home/storage/shared/bos_la_2024_trip/verizon/20241107/174526170/icmp_ping_174949248.out
[2024-11-07T17:50:20-0500] Ping summary (min/avg/max/mdev) = 26.889/52.703/482.962/53.680 ms
[2024-11-07T17:50:20-0500] Ping test finished at 2024-11-07 17:50:20.321 EST, duration: 31.099 s
[2024-11-07T17:50:20-0500] -------------------------------
[2024-11-07T17:50:20-0500] Waiting for 2 s...
[2024-11-07T17:50:22-0500] -------------------------------
[2024-11-07T17:50:22-0500] Starting 5G booster for 5 s...
[2024-11-07T17:50:22-0500] 5G booster started at 2024-11-07 17:50:22.448 EST
[2024-11-07T17:50:28-0500] Current time exceeds end time, skipping wait
[2024-11-07T17:50:28-0500] Saved TCP DL results to /data/data/com.termux/files/home/storage/shared/bos_la_2024_trip/verizon/20241107/174526170/tcp_downlink_175022483.out
[2024-11-07T17:50:28-0500] DL AVG TPUT: 
[2024-11-07T17:50:28-0500] 5G booster finished at 2024-11-07 17:50:28.598 EST, duration: 6.150 s
[2024-11-07T17:50:28-0500] -------------------------------
[2024-11-07T17:50:28-0500] Waiting for 2 s...
[2024-11-07T17:50:30-0500] -------------------------------
[2024-11-07T17:50:30-0500] TCP Ping test started at 2024-11-07 17:50:30.719 EST
[2024-11-07T17:51:01-0500] Current time exceeds end time, skipping wait
[2024-11-07T17:51:01-0500] Saved TCP Ping test to /data/data/com.termux/files/home/storage/shared/bos_la_2024_trip/verizon/20241107/174526170/tcp_ping_175030748.out
[2024-11-07T17:51:01-0500] TCP Ping summary (min/avg/max/mdev) 
[2024-11-07T17:51:01-0500] TCP Ping test finished at 2024-11-07 17:51:01.878 EST, duration: 31.159 s
[2024-11-07T17:51:01-0500] -------------------------------
[2024-11-07T17:51:01-0500] Waiting for 2 s...
[2024-11-07T17:51:03-0500] -------------------------------
[2024-11-07T17:51:04-0500] Traceroute test started at 2024-11-07 17:51:03.978 EST
[2024-11-07T17:51:05-0500] Waiting for 28.332 s to reach end time
[2024-11-07T17:51:34-0500] Saved traceroute test to /data/data/com.termux/files/home/storage/shared/bos_la_2024_trip/verizon/20241107/174526170/traceroute_175104019.out
[2024-11-07T17:51:34-0500] Traceroute summary (min/avg/max/mdev) 
[2024-11-07T17:51:34-0500] Traceroute test finished at 2024-11-07 17:51:34.064 EST, duration: 30.086 s
[2024-11-07T17:51:34-0500] -------------------------------
[2024-11-07T17:51:34-0500] All tests completed, cleaning up...
[2024-11-07T17:51:34-0500] -------------------------------
[2024-11-07T17:52:58-0500] [measurement] Load environment variables from prod.env file
[2024-11-07T17:52:58-0500] [measurement] Load operator-specific env from verizon.env file
[2024-11-07T17:52:58-0500] Starting a network measurement, please choose a server
[2024-11-07T17:52:58-0500] 0) West Cloud: 54.176.53.206
[2024-11-07T17:52:58-0500] 1) East Cloud: 54.197.223.49
[2024-11-07T17:52:58-0500] 2) Los Angeles Wavelength: 161.188.33.234
[2024-11-07T17:52:58-0500] 3) Las Vegas Wavelength: 155.146.118.158
[2024-11-07T17:52:58-0500] 4) Denver Wavelength: 155.146.144.24
[2024-11-07T17:52:58-0500] 5) Chicago Wavelength: 155.146.180.31
[2024-11-07T17:52:58-0500] 6) Boston Wavelength: 155.146.11.34
[2024-11-07T17:53:11-0500] Enter your choice (0-6): Testing verizon, server 1 (ip: 54.197.223.49, nuttcp_port: 5101, iperf_port: 5001)
[2024-11-07T17:53:11-0500] -------------------------------
[2024-11-07T17:53:11-0500] tcp downlink test started at 2024-11-07 17:53:11.169 EST
[2024-11-07T17:53:11-0500] Testing tcp downlink with 54.197.223.49:5101, interval 0.5 s, duration 120 s, timeout 121 s...
[2024-11-07T17:55:12-0500] Current time exceeds end time, skipping wait
[2024-11-07T17:55:12-0500] Saved tcp downlink test to /data/data/com.termux/files/home/storage/shared/bos_la_2024_trip/verizon/20241107/175311151/tcp_downlink_175311198.out
[2024-11-07T17:55:12-0500] DL AVG TPUT: 
[2024-11-07T17:55:12-0500] tcp downlink test finished at 2024-11-07 17:55:12.325 EST, duration: 121.156 s
[2024-11-07T17:55:12-0500] -------------------------------
[2024-11-07T17:55:12-0500] Waiting for 2 s...
[2024-11-07T17:55:14-0500] -------------------------------
[2024-11-07T17:55:14-0500] Starting 5G booster for 5 s...
[2024-11-07T17:55:14-0500] 5G booster started at 2024-11-07 17:55:14.463 EST
[2024-11-07T17:55:20-0500] Current time exceeds end time, skipping wait
[2024-11-07T17:55:20-0500] Saved TCP DL results to /data/data/com.termux/files/home/storage/shared/bos_la_2024_trip/verizon/20241107/175311151/tcp_downlink_175514496.out
[2024-11-07T17:55:20-0500] DL AVG TPUT: 
[2024-11-07T17:55:20-0500] 5G booster finished at 2024-11-07 17:55:20.622 EST, duration: 6.159 s
[2024-11-07T17:55:20-0500] -------------------------------
[2024-11-07T17:55:20-0500] Waiting for 2 s...
[2024-11-07T17:55:22-0500] -------------------------------
[2024-11-07T17:55:22-0500] tcp uplink test started at 2024-11-07 17:55:22.723 EST
[2024-11-07T17:55:22-0500] testing tcp uplink with 54.197.223.49:5101, interval 0.5, duration 120, timeout 121 ...
[2024-11-07T17:57:23-0500] Current time exceeds end time, skipping wait
[2024-11-07T17:57:23-0500] Saved uplink test to /data/data/com.termux/files/home/storage/shared/bos_la_2024_trip/verizon/20241107/175311151/tcp_uplink_175522779.out
[2024-11-07T17:57:23-0500] UL AVG TPUT: 
[2024-11-07T17:57:23-0500] tcp uplink test finished at 2024-11-07 17:57:23.903 EST, duration: 121.180 s
[2024-11-07T17:57:23-0500] -------------------------------
[2024-11-07T17:57:23-0500] Waiting for 2 s...
[2024-11-07T17:57:26-0500] -------------------------------
[2024-11-07T17:57:26-0500] Starting 5G booster for 5 s...
[2024-11-07T17:57:26-0500] 5G booster started at 2024-11-07 17:57:26.015 EST
[2024-11-07T17:57:32-0500] Current time exceeds end time, skipping wait
[2024-11-07T17:57:32-0500] Saved TCP DL results to /data/data/com.termux/files/home/storage/shared/bos_la_2024_trip/verizon/20241107/175311151/tcp_downlink_175726038.out
[2024-11-07T17:57:32-0500] DL AVG TPUT: 
[2024-11-07T17:57:32-0500] 5G booster finished at 2024-11-07 17:57:32.138 EST, duration: 6.123 s
[2024-11-07T17:57:32-0500] -------------------------------
[2024-11-07T17:57:32-0500] Waiting for 2 s...
[2024-11-07T17:57:34-0500] -------------------------------
[2024-11-07T17:57:34-0500] ICMP Ping test started at 2024-11-07 17:57:34.266 EST
[2024-11-07T17:58:04-0500] Waiting for .907 s to reach end time
[2024-11-07T17:58:05-0500] Saved ping test to /data/data/com.termux/files/home/storage/shared/bos_la_2024_trip/verizon/20241107/175311151/icmp_ping_175734296.out
[2024-11-07T17:58:05-0500] Ping summary (min/avg/max/mdev) = 30.992/86.495/1019.652/140.738 ms
[2024-11-07T17:58:05-0500] Ping test finished at 2024-11-07 17:58:05.348 EST, duration: 31.082 s
[2024-11-07T17:58:05-0500] -------------------------------
[2024-11-07T17:58:05-0500] Waiting for 2 s...
[2024-11-07T17:58:07-0500] -------------------------------
[2024-11-07T17:58:07-0500] Starting 5G booster for 5 s...
[2024-11-07T17:58:07-0500] 5G booster started at 2024-11-07 17:58:07.477 EST
[2024-11-07T17:58:13-0500] Current time exceeds end time, skipping wait
[2024-11-07T17:58:13-0500] Saved TCP DL results to /data/data/com.termux/files/home/storage/shared/bos_la_2024_trip/verizon/20241107/175311151/tcp_downlink_175807530.out
[2024-11-07T17:58:13-0500] DL AVG TPUT: 
[2024-11-07T17:58:13-0500] 5G booster finished at 2024-11-07 17:58:13.604 EST, duration: 6.127 s
[2024-11-07T17:58:13-0500] -------------------------------
[2024-11-07T17:58:13-0500] Waiting for 2 s...
[2024-11-07T17:58:15-0500] -------------------------------
[2024-11-07T17:58:15-0500] TCP Ping test started at 2024-11-07 17:58:15.728 EST
[2024-11-07T17:58:46-0500] Current time exceeds end time, skipping wait
[2024-11-07T17:58:46-0500] Saved TCP Ping test to /data/data/com.termux/files/home/storage/shared/bos_la_2024_trip/verizon/20241107/175311151/tcp_ping_175815762.out
[2024-11-07T17:58:46-0500] TCP Ping summary (min/avg/max/mdev) 
[2024-11-07T17:58:46-0500] TCP Ping test finished at 2024-11-07 17:58:46.868 EST, duration: 31.140 s
[2024-11-07T17:58:46-0500] -------------------------------
[2024-11-07T17:58:46-0500] Waiting for 2 s...
[2024-11-07T17:58:48-0500] -------------------------------
[2024-11-07T17:58:48-0500] Traceroute test started at 2024-11-07 17:58:48.975 EST
[2024-11-07T17:58:49-0500] Waiting for 29.185 s to reach end time
[2024-11-07T17:59:19-0500] Saved traceroute test to /data/data/com.termux/files/home/storage/shared/bos_la_2024_trip/verizon/20241107/175311151/traceroute_175849001.out
[2024-11-07T17:59:19-0500] Traceroute summary (min/avg/max/mdev) 
[2024-11-07T17:59:19-0500] Traceroute test finished at 2024-11-07 17:59:19.070 EST, duration: 30.095 s
[2024-11-07T17:59:19-0500] -------------------------------
[2024-11-07T17:59:19-0500] All tests completed, cleaning up...
[2024-11-07T17:59:19-0500] -------------------------------
[2024-11-07T18:00:07-0500] [measurement] Load environment variables from prod.env file
[2024-11-07T18:00:07-0500] [measurement] Load operator-specific env from verizon.env file
[2024-11-07T18:00:07-0500] Starting a network measurement, please choose a server
[2024-11-07T18:00:07-0500] 0) West Cloud: 54.176.53.206
[2024-11-07T18:00:07-0500] 1) East Cloud: 54.197.223.49
[2024-11-07T18:00:07-0500] 2) Los Angeles Wavelength: 161.188.33.234
[2024-11-07T18:00:07-0500] 3) Las Vegas Wavelength: 155.146.118.158
[2024-11-07T18:00:07-0500] 4) Denver Wavelength: 155.146.144.24
[2024-11-07T18:00:07-0500] 5) Chicago Wavelength: 155.146.180.31
[2024-11-07T18:00:07-0500] 6) Boston Wavelength: 155.146.11.34
[2024-11-07T18:00:24-0500] Enter your choice (0-6): Testing verizon, server 1 (ip: 54.197.223.49, nuttcp_port: 5101, iperf_port: 5001)
[2024-11-07T18:00:24-0500] -------------------------------
[2024-11-07T18:00:25-0500] tcp downlink test started at 2024-11-07 18:00:25.006 EST
[2024-11-07T18:00:25-0500] Testing tcp downlink with 54.197.223.49:5101, interval 0.5 s, duration 120 s, timeout 121 s...
[2024-11-07T18:02:26-0500] Current time exceeds end time, skipping wait
[2024-11-07T18:02:26-0500] Saved tcp downlink test to /data/data/com.termux/files/home/storage/shared/bos_la_2024_trip/verizon/20241107/180024985/tcp_downlink_180025030.out
[2024-11-07T18:02:26-0500] DL AVG TPUT: 
[2024-11-07T18:02:26-0500] tcp downlink test finished at 2024-11-07 18:02:26.103 EST, duration: 121.097 s
[2024-11-07T18:02:26-0500] -------------------------------
[2024-11-07T18:02:26-0500] Waiting for 2 s...
[2024-11-07T18:02:28-0500] -------------------------------
[2024-11-07T18:02:28-0500] Starting 5G booster for 5 s...
[2024-11-07T18:02:28-0500] 5G booster started at 2024-11-07 18:02:28.234 EST
[2024-11-07T18:02:34-0500] Current time exceeds end time, skipping wait
[2024-11-07T18:02:34-0500] Saved TCP DL results to /data/data/com.termux/files/home/storage/shared/bos_la_2024_trip/verizon/20241107/180024985/tcp_downlink_180228259.out
[2024-11-07T18:02:34-0500] DL AVG TPUT: 
[2024-11-07T18:02:34-0500] 5G booster finished at 2024-11-07 18:02:34.339 EST, duration: 6.105 s
[2024-11-07T18:02:34-0500] -------------------------------
[2024-11-07T18:02:34-0500] Waiting for 2 s...
[2024-11-07T18:02:36-0500] -------------------------------
[2024-11-07T18:02:36-0500] tcp uplink test started at 2024-11-07 18:02:36.481 EST
[2024-11-07T18:02:36-0500] testing tcp uplink with 54.197.223.49:5101, interval 0.5, duration 120, timeout 121 ...
[2024-11-07T18:04:37-0500] Current time exceeds end time, skipping wait
[2024-11-07T18:04:37-0500] Saved uplink test to /data/data/com.termux/files/home/storage/shared/bos_la_2024_trip/verizon/20241107/180024985/tcp_uplink_180236512.out
[2024-11-07T18:04:37-0500] UL AVG TPUT: 
[2024-11-07T18:04:37-0500] tcp uplink test finished at 2024-11-07 18:04:37.625 EST, duration: 121.144 s
[2024-11-07T18:04:37-0500] -------------------------------
[2024-11-07T18:04:37-0500] Waiting for 2 s...
[2024-11-07T18:04:39-0500] -------------------------------
[2024-11-07T18:04:39-0500] Starting 5G booster for 5 s...
[2024-11-07T18:04:39-0500] 5G booster started at 2024-11-07 18:04:39.782 EST
[2024-11-07T18:04:45-0500] Current time exceeds end time, skipping wait
[2024-11-07T18:04:45-0500] Saved TCP DL results to /data/data/com.termux/files/home/storage/shared/bos_la_2024_trip/verizon/20241107/180024985/tcp_downlink_180439812.out
[2024-11-07T18:04:45-0500] DL AVG TPUT: 
[2024-11-07T18:04:46-0500] 5G booster finished at 2024-11-07 18:04:45.918 EST, duration: 6.136 s
[2024-11-07T18:04:46-0500] -------------------------------
[2024-11-07T18:04:46-0500] Waiting for 2 s...
[2024-11-07T18:04:48-0500] -------------------------------
[2024-11-07T18:04:48-0500] ICMP Ping test started at 2024-11-07 18:04:48.037 EST
[2024-11-07T18:05:18-0500] Waiting for .925 s to reach end time
[2024-11-07T18:05:19-0500] Saved ping test to /data/data/com.termux/files/home/storage/shared/bos_la_2024_trip/verizon/20241107/180024985/icmp_ping_180448067.out
[2024-11-07T18:05:19-0500] Ping summary (min/avg/max/mdev) = 25.290/37.462/118.734/7.500 ms
[2024-11-07T18:05:19-0500] Ping test finished at 2024-11-07 18:05:19.125 EST, duration: 31.088 s
[2024-11-07T18:05:19-0500] -------------------------------
[2024-11-07T18:05:19-0500] Waiting for 2 s...
[2024-11-07T18:05:21-0500] -------------------------------
[2024-11-07T18:05:21-0500] Starting 5G booster for 5 s...
[2024-11-07T18:05:21-0500] 5G booster started at 2024-11-07 18:05:21.223 EST
[2024-11-07T18:05:27-0500] Current time exceeds end time, skipping wait
[2024-11-07T18:05:27-0500] Saved TCP DL results to /data/data/com.termux/files/home/storage/shared/bos_la_2024_trip/verizon/20241107/180024985/tcp_downlink_180521252.out
[2024-11-07T18:05:27-0500] DL AVG TPUT: 
[2024-11-07T18:05:27-0500] 5G booster finished at 2024-11-07 18:05:27.349 EST, duration: 6.126 s
[2024-11-07T18:05:27-0500] -------------------------------
[2024-11-07T18:05:27-0500] Waiting for 2 s...
[2024-11-07T18:05:29-0500] -------------------------------
[2024-11-07T18:05:29-0500] TCP Ping test started at 2024-11-07 18:05:29.463 EST
[2024-11-07T18:06:00-0500] Current time exceeds end time, skipping wait
[2024-11-07T18:06:00-0500] Saved TCP Ping test to /data/data/com.termux/files/home/storage/shared/bos_la_2024_trip/verizon/20241107/180024985/tcp_ping_180529497.out
[2024-11-07T18:06:00-0500] TCP Ping summary (min/avg/max/mdev) 
[2024-11-07T18:06:00-0500] TCP Ping test finished at 2024-11-07 18:06:00.590 EST, duration: 31.127 s
[2024-11-07T18:06:00-0500] -------------------------------
[2024-11-07T18:06:00-0500] Waiting for 2 s...
[2024-11-07T18:06:02-0500] -------------------------------
[2024-11-07T18:06:02-0500] Traceroute test started at 2024-11-07 18:06:02.728 EST
[2024-11-07T18:06:03-0500] Waiting for 29.092 s to reach end time
[2024-11-07T18:06:32-0500] Saved traceroute test to /data/data/com.termux/files/home/storage/shared/bos_la_2024_trip/verizon/20241107/180024985/traceroute_180602782.out
[2024-11-07T18:06:32-0500] Traceroute summary (min/avg/max/mdev) 
[2024-11-07T18:06:32-0500] Traceroute test finished at 2024-11-07 18:06:32.822 EST, duration: 30.094 s
[2024-11-07T18:06:32-0500] -------------------------------
[2024-11-07T18:06:32-0500] All tests completed, cleaning up...
[2024-11-07T18:06:32-0500] -------------------------------
