[2024-11-06T10:32:44-0600] [measurement] Load environment variables from prod.env file
[2024-11-06T10:32:44-0600] Starting a network measurement, please choose a server
[2024-11-06T10:32:44-0600] 0) West Cloud: 54.176.53.206
[2024-11-06T10:32:44-0600] 1) East Cloud: 54.197.223.49
[2024-11-06T10:33:28-0600] Enter your choice (0-1): Testing att, server 1 (ip: 54.197.223.49, nuttcp_port: 5102, iperf_port: 5002)
[2024-11-06T10:33:28-0600] -------------------------------
[2024-11-06T10:33:28-0600] tcp downlink test started at 2024-11-06 10:33:28.716 CST
[2024-11-06T10:33:28-0600] Testing tcp downlink with 54.197.223.49:5102, interval 0.5 s, duration 120 s, timeout 121 s...
[2024-11-06T10:35:29-0600] Current time exceeds end time, skipping wait
[2024-11-06T10:35:29-0600] Saved tcp downlink test to /data/data/com.termux/files/home/storage/shared/bos_la_2024_trip/att/20241106/103328690/tcp_downlink_103328760.out
[2024-11-06T10:35:29-0600] DL AVG TPUT: 
[2024-11-06T10:35:29-0600] tcp downlink test finished at 2024-11-06 10:35:29.872 CST, duration: 121.156 s
[2024-11-06T10:35:29-0600] -------------------------------
[2024-11-06T10:35:29-0600] Waiting for 2 s...
[2024-11-06T10:35:31-0600] -------------------------------
[2024-11-06T10:35:31-0600] Starting 5G booster for 5 s...
[2024-11-06T10:35:32-0600] 5G booster started at 2024-11-06 10:35:32.012 CST
[2024-11-06T10:35:38-0600] Current time exceeds end time, skipping wait
[2024-11-06T10:35:38-0600] Saved TCP DL results to /data/data/com.termux/files/home/storage/shared/bos_la_2024_trip/att/20241106/103328690/tcp_downlink_103532040.out
[2024-11-06T10:35:38-0600] DL AVG TPUT: 
[2024-11-06T10:35:38-0600] 5G booster finished at 2024-11-06 10:35:38.114 CST, duration: 6.102 s
[2024-11-06T10:35:38-0600] -------------------------------
[2024-11-06T10:35:38-0600] Waiting for 2 s...
[2024-11-06T10:35:40-0600] -------------------------------
[2024-11-06T10:35:40-0600] tcp uplink test started at 2024-11-06 10:35:40.196 CST
[2024-11-06T10:35:40-0600] testing tcp uplink with 54.197.223.49:5102, interval 0.5, duration 120, timeout 121 ...
[2024-11-06T10:37:41-0600] Current time exceeds end time, skipping wait
[2024-11-06T10:37:41-0600] Saved uplink test to /data/data/com.termux/files/home/storage/shared/bos_la_2024_trip/att/20241106/103328690/tcp_uplink_103540221.out
[2024-11-06T10:37:41-0600] UL AVG TPUT: 
[2024-11-06T10:37:41-0600] tcp uplink test finished at 2024-11-06 10:37:41.313 CST, duration: 121.117 s
[2024-11-06T10:37:41-0600] -------------------------------
[2024-11-06T10:37:41-0600] Waiting for 2 s...
[2024-11-06T10:37:43-0600] -------------------------------
[2024-11-06T10:37:43-0600] Starting 5G booster for 5 s...
[2024-11-06T10:37:43-0600] 5G booster started at 2024-11-06 10:37:43.418 CST
[2024-11-06T10:37:49-0600] Current time exceeds end time, skipping wait
[2024-11-06T10:37:49-0600] Saved TCP DL results to /data/data/com.termux/files/home/storage/shared/bos_la_2024_trip/att/20241106/103328690/tcp_downlink_103743446.out
[2024-11-06T10:37:49-0600] DL AVG TPUT: 
[2024-11-06T10:37:49-0600] 5G booster finished at 2024-11-06 10:37:49.502 CST, duration: 6.084 s
[2024-11-06T10:37:49-0600] -------------------------------
[2024-11-06T10:37:49-0600] Waiting for 2 s...
[2024-11-06T10:37:51-0600] -------------------------------
[2024-11-06T10:37:51-0600] ICMP Ping test started at 2024-11-06 10:37:51.583 CST
[2024-11-06T10:38:21-0600] Waiting for .912 s to reach end time
[2024-11-06T10:38:22-0600] Saved ping test to /data/data/com.termux/files/home/storage/shared/bos_la_2024_trip/att/20241106/103328690/icmp_ping_103751611.out
[2024-11-06T10:38:22-0600] Ping summary (min/avg/max/mdev) = 30.440/41.943/68.958/5.896 ms
[2024-11-06T10:38:22-0600] Ping test finished at 2024-11-06 10:38:22.643 CST, duration: 31.060 s
[2024-11-06T10:38:22-0600] -------------------------------
[2024-11-06T10:38:22-0600] Waiting for 2 s...
[2024-11-06T10:38:24-0600] -------------------------------
[2024-11-06T10:38:24-0600] Starting 5G booster for 5 s...
[2024-11-06T10:38:24-0600] 5G booster started at 2024-11-06 10:38:24.721 CST
[2024-11-06T10:38:30-0600] Current time exceeds end time, skipping wait
[2024-11-06T10:38:30-0600] Saved TCP DL results to /data/data/com.termux/files/home/storage/shared/bos_la_2024_trip/att/20241106/103328690/tcp_downlink_103824750.out
[2024-11-06T10:38:30-0600] DL AVG TPUT: 
[2024-11-06T10:38:30-0600] 5G booster finished at 2024-11-06 10:38:30.838 CST, duration: 6.117 s
[2024-11-06T10:38:30-0600] -------------------------------
[2024-11-06T10:38:30-0600] Waiting for 2 s...
[2024-11-06T10:38:32-0600] -------------------------------
[2024-11-06T10:38:32-0600] TCP Ping test started at 2024-11-06 10:38:32.926 CST
[2024-11-06T10:39:04-0600] Current time exceeds end time, skipping wait
[2024-11-06T10:39:04-0600] Saved TCP Ping test to /data/data/com.termux/files/home/storage/shared/bos_la_2024_trip/att/20241106/103328690/tcp_ping_103832950.out
[2024-11-06T10:39:04-0600] TCP Ping summary (min/avg/max/mdev) 
[2024-11-06T10:39:04-0600] TCP Ping test finished at 2024-11-06 10:39:04.022 CST, duration: 31.096 s
[2024-11-06T10:39:04-0600] -------------------------------
[2024-11-06T10:39:04-0600] Waiting for 2 s...
[2024-11-06T10:39:06-0600] -------------------------------
[2024-11-06T10:39:06-0600] Traceroute test started at 2024-11-06 10:39:06.105 CST
[2024-11-06T10:39:11-0600] Waiting for 24.362 s to reach end time
[2024-11-06T10:39:36-0600] Saved traceroute test to /data/data/com.termux/files/home/storage/shared/bos_la_2024_trip/att/20241106/103328690/traceroute_103906127.out
[2024-11-06T10:39:36-0600] Traceroute summary (min/avg/max/mdev) 
[2024-11-06T10:39:36-0600] Traceroute test finished at 2024-11-06 10:39:36.176 CST, duration: 30.071 s
[2024-11-06T10:39:36-0600] -------------------------------
[2024-11-06T10:39:36-0600] All tests completed, cleaning up...
[2024-11-06T10:39:36-0600] -------------------------------
[2024-11-06T10:40:12-0600] [measurement] Load environment variables from prod.env file
[2024-11-06T10:40:12-0600] Starting a network measurement, please choose a server
[2024-11-06T10:40:12-0600] 0) West Cloud: 54.176.53.206
[2024-11-06T10:40:12-0600] 1) East Cloud: 54.197.223.49
[2024-11-06T10:40:21-0600] Enter your choice (0-1): Testing att, server 1 (ip: 54.197.223.49, nuttcp_port: 5102, iperf_port: 5002)
[2024-11-06T10:40:21-0600] -------------------------------
[2024-11-06T10:40:21-0600] tcp downlink test started at 2024-11-06 10:40:21.590 CST
[2024-11-06T10:40:21-0600] Testing tcp downlink with 54.197.223.49:5102, interval 0.5 s, duration 120 s, timeout 121 s...
[2024-11-06T10:42:22-0600] Current time exceeds end time, skipping wait
[2024-11-06T10:42:22-0600] Saved tcp downlink test to /data/data/com.termux/files/home/storage/shared/bos_la_2024_trip/att/20241106/104021567/tcp_downlink_104021613.out
[2024-11-06T10:42:22-0600] DL AVG TPUT: 
[2024-11-06T10:42:22-0600] tcp downlink test finished at 2024-11-06 10:42:22.705 CST, duration: 121.115 s
[2024-11-06T10:42:22-0600] -------------------------------
[2024-11-06T10:42:22-0600] Waiting for 2 s...
[2024-11-06T10:42:24-0600] -------------------------------
[2024-11-06T10:42:24-0600] Starting 5G booster for 5 s...
[2024-11-06T10:42:24-0600] 5G booster started at 2024-11-06 10:42:24.819 CST
[2024-11-06T10:42:30-0600] Current time exceeds end time, skipping wait
[2024-11-06T10:42:30-0600] Saved TCP DL results to /data/data/com.termux/files/home/storage/shared/bos_la_2024_trip/att/20241106/104021567/tcp_downlink_104224845.out
[2024-11-06T10:42:30-0600] DL AVG TPUT: 
[2024-11-06T10:42:30-0600] 5G booster finished at 2024-11-06 10:42:30.925 CST, duration: 6.106 s
[2024-11-06T10:42:30-0600] -------------------------------
[2024-11-06T10:42:30-0600] Waiting for 2 s...
[2024-11-06T10:42:32-0600] -------------------------------
[2024-11-06T10:42:33-0600] tcp uplink test started at 2024-11-06 10:42:33.017 CST
[2024-11-06T10:42:33-0600] testing tcp uplink with 54.197.223.49:5102, interval 0.5, duration 120, timeout 121 ...
[2024-11-06T10:44:33-0600] Waiting for .063 s to reach end time
[2024-11-06T10:44:34-0600] Saved uplink test to /data/data/com.termux/files/home/storage/shared/bos_la_2024_trip/att/20241106/104021567/tcp_uplink_104233070.out
[2024-11-06T10:44:34-0600] UL AVG TPUT: 60.1435 Mbps
[2024-11-06T10:44:34-0600] tcp uplink test finished at 2024-11-06 10:44:34.083 CST, duration: 121.066 s
[2024-11-06T10:44:34-0600] -------------------------------
[2024-11-06T10:44:34-0600] Waiting for 2 s...
[2024-11-06T10:44:36-0600] -------------------------------
[2024-11-06T10:44:36-0600] Starting 5G booster for 5 s...
[2024-11-06T10:44:36-0600] 5G booster started at 2024-11-06 10:44:36.206 CST
[2024-11-06T10:44:42-0600] Current time exceeds end time, skipping wait
[2024-11-06T10:44:42-0600] Saved TCP DL results to /data/data/com.termux/files/home/storage/shared/bos_la_2024_trip/att/20241106/104021567/tcp_downlink_104436257.out
[2024-11-06T10:44:42-0600] DL AVG TPUT: 
[2024-11-06T10:44:42-0600] 5G booster finished at 2024-11-06 10:44:42.344 CST, duration: 6.138 s
[2024-11-06T10:44:42-0600] -------------------------------
[2024-11-06T10:44:42-0600] Waiting for 2 s...
[2024-11-06T10:44:44-0600] -------------------------------
[2024-11-06T10:44:44-0600] ICMP Ping test started at 2024-11-06 10:44:44.447 CST
[2024-11-06T10:45:14-0600] Waiting for .886 s to reach end time
[2024-11-06T10:45:15-0600] Saved ping test to /data/data/com.termux/files/home/storage/shared/bos_la_2024_trip/att/20241106/104021567/icmp_ping_104444477.out
[2024-11-06T10:45:15-0600] Ping summary (min/avg/max/mdev) = 32.666/85.614/1360.285/172.996 ms
[2024-11-06T10:45:15-0600] Ping test finished at 2024-11-06 10:45:15.525 CST, duration: 31.078 s
[2024-11-06T10:45:15-0600] -------------------------------
[2024-11-06T10:45:15-0600] Waiting for 2 s...
[2024-11-06T10:45:17-0600] -------------------------------
[2024-11-06T10:45:17-0600] Starting 5G booster for 5 s...
[2024-11-06T10:45:17-0600] 5G booster started at 2024-11-06 10:45:17.648 CST
[2024-11-06T10:45:23-0600] Current time exceeds end time, skipping wait
[2024-11-06T10:45:23-0600] Saved TCP DL results to /data/data/com.termux/files/home/storage/shared/bos_la_2024_trip/att/20241106/104021567/tcp_downlink_104517677.out
[2024-11-06T10:45:23-0600] DL AVG TPUT: 
[2024-11-06T10:45:23-0600] 5G booster finished at 2024-11-06 10:45:23.730 CST, duration: 6.082 s
[2024-11-06T10:45:23-0600] -------------------------------
[2024-11-06T10:45:23-0600] Waiting for 2 s...
[2024-11-06T10:45:25-0600] -------------------------------
[2024-11-06T10:45:25-0600] TCP Ping test started at 2024-11-06 10:45:25.827 CST
[2024-11-06T10:45:56-0600] Current time exceeds end time, skipping wait
[2024-11-06T10:45:56-0600] Saved TCP Ping test to /data/data/com.termux/files/home/storage/shared/bos_la_2024_trip/att/20241106/104021567/tcp_ping_104525849.out
[2024-11-06T10:45:56-0600] TCP Ping summary (min/avg/max/mdev) 
[2024-11-06T10:45:56-0600] TCP Ping test finished at 2024-11-06 10:45:56.908 CST, duration: 31.081 s
[2024-11-06T10:45:56-0600] -------------------------------
[2024-11-06T10:45:56-0600] Waiting for 2 s...
[2024-11-06T10:45:58-0600] -------------------------------
[2024-11-06T10:45:59-0600] Traceroute test started at 2024-11-06 10:45:58.997 CST
[2024-11-06T10:46:04-0600] Waiting for 24.481 s to reach end time
[2024-11-06T10:46:29-0600] Saved traceroute test to /data/data/com.termux/files/home/storage/shared/bos_la_2024_trip/att/20241106/104021567/traceroute_104559024.out
[2024-11-06T10:46:29-0600] Traceroute summary (min/avg/max/mdev) 
[2024-11-06T10:46:29-0600] Traceroute test finished at 2024-11-06 10:46:29.078 CST, duration: 30.081 s
[2024-11-06T10:46:29-0600] -------------------------------
[2024-11-06T10:46:29-0600] All tests completed, cleaning up...
[2024-11-06T10:46:29-0600] -------------------------------
[2024-11-06T10:47:05-0600] [measurement] Load environment variables from prod.env file
[2024-11-06T10:47:05-0600] Starting a network measurement, please choose a server
[2024-11-06T10:47:05-0600] 0) West Cloud: 54.176.53.206
[2024-11-06T10:47:05-0600] 1) East Cloud: 54.197.223.49
[2024-11-06T10:47:08-0600] Enter your choice (0-1): Testing att, server 1 (ip: 54.197.223.49, nuttcp_port: 5102, iperf_port: 5002)
[2024-11-06T10:47:08-0600] -------------------------------
[2024-11-06T10:47:08-0600] tcp downlink test started at 2024-11-06 10:47:08.731 CST
[2024-11-06T10:47:08-0600] Testing tcp downlink with 54.197.223.49:5102, interval 0.5 s, duration 120 s, timeout 121 s...
[2024-11-06T10:49:09-0600] Current time exceeds end time, skipping wait
[2024-11-06T10:49:09-0600] Saved tcp downlink test to /data/data/com.termux/files/home/storage/shared/bos_la_2024_trip/att/20241106/104708714/tcp_downlink_104708762.out
[2024-11-06T10:49:09-0600] DL AVG TPUT: 
[2024-11-06T10:49:09-0600] tcp downlink test finished at 2024-11-06 10:49:09.888 CST, duration: 121.157 s
[2024-11-06T10:49:09-0600] -------------------------------
[2024-11-06T10:49:09-0600] Waiting for 2 s...
[2024-11-06T10:49:11-0600] -------------------------------
[2024-11-06T10:49:11-0600] Starting 5G booster for 5 s...
[2024-11-06T10:49:12-0600] 5G booster started at 2024-11-06 10:49:11.998 CST
[2024-11-06T10:49:18-0600] Current time exceeds end time, skipping wait
[2024-11-06T10:49:18-0600] Saved TCP DL results to /data/data/com.termux/files/home/storage/shared/bos_la_2024_trip/att/20241106/104708714/tcp_downlink_104912020.out
[2024-11-06T10:49:18-0600] DL AVG TPUT: 
[2024-11-06T10:49:18-0600] 5G booster finished at 2024-11-06 10:49:18.127 CST, duration: 6.129 s
[2024-11-06T10:49:18-0600] -------------------------------
[2024-11-06T10:49:18-0600] Waiting for 2 s...
[2024-11-06T10:49:20-0600] -------------------------------
[2024-11-06T10:49:20-0600] tcp uplink test started at 2024-11-06 10:49:20.227 CST
[2024-11-06T10:49:20-0600] testing tcp uplink with 54.197.223.49:5102, interval 0.5, duration 120, timeout 121 ...
[2024-11-06T10:51:21-0600] Current time exceeds end time, skipping wait
[2024-11-06T10:51:21-0600] Saved uplink test to /data/data/com.termux/files/home/storage/shared/bos_la_2024_trip/att/20241106/104708714/tcp_uplink_104920252.out
[2024-11-06T10:51:21-0600] UL AVG TPUT: 32.1598 Mbps
[2024-11-06T10:51:21-0600] tcp uplink test finished at 2024-11-06 10:51:21.260 CST, duration: 121.033 s
[2024-11-06T10:51:21-0600] -------------------------------
[2024-11-06T10:51:21-0600] Waiting for 2 s...
[2024-11-06T10:51:23-0600] -------------------------------
[2024-11-06T10:51:23-0600] Starting 5G booster for 5 s...
[2024-11-06T10:51:23-0600] 5G booster started at 2024-11-06 10:51:23.371 CST
[2024-11-06T10:51:29-0600] Current time exceeds end time, skipping wait
[2024-11-06T10:51:29-0600] Saved TCP DL results to /data/data/com.termux/files/home/storage/shared/bos_la_2024_trip/att/20241106/104708714/tcp_downlink_105123418.out
[2024-11-06T10:51:29-0600] DL AVG TPUT: 
[2024-11-06T10:51:29-0600] 5G booster finished at 2024-11-06 10:51:29.492 CST, duration: 6.121 s
[2024-11-06T10:51:29-0600] -------------------------------
[2024-11-06T10:51:29-0600] Waiting for 2 s...
[2024-11-06T10:51:31-0600] -------------------------------
[2024-11-06T10:51:31-0600] ICMP Ping test started at 2024-11-06 10:51:31.618 CST
[2024-11-06T10:52:01-0600] Waiting for .877 s to reach end time
[2024-11-06T10:52:02-0600] Saved ping test to /data/data/com.termux/files/home/storage/shared/bos_la_2024_trip/att/20241106/104708714/icmp_ping_105131644.out
[2024-11-06T10:52:02-0600] Ping summary (min/avg/max/mdev) = 33.239/47.304/199.449/17.504 ms
[2024-11-06T10:52:02-0600] Ping test finished at 2024-11-06 10:52:02.725 CST, duration: 31.107 s
[2024-11-06T10:52:02-0600] -------------------------------
[2024-11-06T10:52:02-0600] Waiting for 2 s...
[2024-11-06T10:52:04-0600] -------------------------------
[2024-11-06T10:52:04-0600] Starting 5G booster for 5 s...
[2024-11-06T10:52:04-0600] 5G booster started at 2024-11-06 10:52:04.835 CST
[2024-11-06T10:52:10-0600] Current time exceeds end time, skipping wait
[2024-11-06T10:52:10-0600] Saved TCP DL results to /data/data/com.termux/files/home/storage/shared/bos_la_2024_trip/att/20241106/104708714/tcp_downlink_105204867.out
[2024-11-06T10:52:11-0600] DL AVG TPUT: 
[2024-11-06T10:52:11-0600] 5G booster finished at 2024-11-06 10:52:10.987 CST, duration: 6.152 s
[2024-11-06T10:52:11-0600] -------------------------------
[2024-11-06T10:52:11-0600] Waiting for 2 s...
[2024-11-06T10:52:13-0600] -------------------------------
[2024-11-06T10:52:13-0600] TCP Ping test started at 2024-11-06 10:52:13.083 CST
[2024-11-06T10:52:44-0600] Current time exceeds end time, skipping wait
[2024-11-06T10:52:44-0600] Saved TCP Ping test to /data/data/com.termux/files/home/storage/shared/bos_la_2024_trip/att/20241106/104708714/tcp_ping_105213132.out
[2024-11-06T10:52:44-0600] TCP Ping summary (min/avg/max/mdev) 
[2024-11-06T10:52:44-0600] TCP Ping test finished at 2024-11-06 10:52:44.236 CST, duration: 31.153 s
[2024-11-06T10:52:44-0600] -------------------------------
[2024-11-06T10:52:44-0600] Waiting for 2 s...
[2024-11-06T10:52:46-0600] -------------------------------
[2024-11-06T10:52:46-0600] Traceroute test started at 2024-11-06 10:52:46.349 CST
[2024-11-06T10:52:52-0600] Waiting for 24.251 s to reach end time
[2024-11-06T10:53:16-0600] Saved traceroute test to /data/data/com.termux/files/home/storage/shared/bos_la_2024_trip/att/20241106/104708714/traceroute_105246402.out
[2024-11-06T10:53:16-0600] Traceroute summary (min/avg/max/mdev) 
[2024-11-06T10:53:16-0600] Traceroute test finished at 2024-11-06 10:53:16.437 CST, duration: 30.088 s
[2024-11-06T10:53:16-0600] -------------------------------
[2024-11-06T10:53:16-0600] All tests completed, cleaning up...
[2024-11-06T10:53:16-0600] -------------------------------
[2024-11-06T10:53:45-0600] [measurement] Load environment variables from prod.env file
[2024-11-06T10:53:45-0600] Starting a network measurement, please choose a server
[2024-11-06T10:53:45-0600] 0) West Cloud: 54.176.53.206
[2024-11-06T10:53:45-0600] 1) East Cloud: 54.197.223.49
[2024-11-06T10:53:50-0600] Enter your choice (0-1): Testing att, server 1 (ip: 54.197.223.49, nuttcp_port: 5102, iperf_port: 5002)
[2024-11-06T10:53:50-0600] -------------------------------
[2024-11-06T10:53:50-0600] tcp downlink test started at 2024-11-06 10:53:50.755 CST
[2024-11-06T10:53:50-0600] Testing tcp downlink with 54.197.223.49:5102, interval 0.5 s, duration 120 s, timeout 121 s...
[2024-11-06T10:55:51-0600] Current time exceeds end time, skipping wait
[2024-11-06T10:55:51-0600] Saved tcp downlink test to /data/data/com.termux/files/home/storage/shared/bos_la_2024_trip/att/20241106/105350739/tcp_downlink_105350778.out
[2024-11-06T10:55:51-0600] DL AVG TPUT: 
[2024-11-06T10:55:52-0600] tcp downlink test finished at 2024-11-06 10:55:51.920 CST, duration: 121.165 s
[2024-11-06T10:55:52-0600] -------------------------------
[2024-11-06T10:55:52-0600] Waiting for 2 s...
[2024-11-06T10:55:54-0600] -------------------------------
[2024-11-06T10:55:54-0600] Starting 5G booster for 5 s...
[2024-11-06T10:55:54-0600] 5G booster started at 2024-11-06 10:55:54.067 CST
[2024-11-06T10:56:00-0600] Current time exceeds end time, skipping wait
[2024-11-06T10:56:00-0600] Saved TCP DL results to /data/data/com.termux/files/home/storage/shared/bos_la_2024_trip/att/20241106/105350739/tcp_downlink_105554093.out
[2024-11-06T10:56:00-0600] DL AVG TPUT: 
[2024-11-06T10:56:00-0600] 5G booster finished at 2024-11-06 10:56:00.255 CST, duration: 6.188 s
[2024-11-06T10:56:00-0600] -------------------------------
[2024-11-06T10:56:00-0600] Waiting for 2 s...
[2024-11-06T10:56:02-0600] -------------------------------
[2024-11-06T10:56:02-0600] tcp uplink test started at 2024-11-06 10:56:02.389 CST
[2024-11-06T10:56:02-0600] testing tcp uplink with 54.197.223.49:5102, interval 0.5, duration 120, timeout 121 ...
[2024-11-06T10:58:03-0600] Waiting for .025 s to reach end time
[2024-11-06T10:58:03-0600] Saved uplink test to /data/data/com.termux/files/home/storage/shared/bos_la_2024_trip/att/20241106/105350739/tcp_uplink_105602418.out
[2024-11-06T10:58:03-0600] UL AVG TPUT: 68.4734 Mbps
[2024-11-06T10:58:03-0600] tcp uplink test finished at 2024-11-06 10:58:03.466 CST, duration: 121.077 s
[2024-11-06T10:58:03-0600] -------------------------------
[2024-11-06T10:58:03-0600] Waiting for 2 s...
[2024-11-06T10:58:05-0600] -------------------------------
[2024-11-06T10:58:05-0600] Starting 5G booster for 5 s...
[2024-11-06T10:58:05-0600] 5G booster started at 2024-11-06 10:58:05.644 CST
[2024-11-06T10:58:11-0600] Current time exceeds end time, skipping wait
[2024-11-06T10:58:11-0600] Saved TCP DL results to /data/data/com.termux/files/home/storage/shared/bos_la_2024_trip/att/20241106/105350739/tcp_downlink_105805667.out
[2024-11-06T10:58:11-0600] DL AVG TPUT: 
[2024-11-06T10:58:11-0600] 5G booster finished at 2024-11-06 10:58:11.740 CST, duration: 6.096 s
[2024-11-06T10:58:11-0600] -------------------------------
[2024-11-06T10:58:11-0600] Waiting for 2 s...
[2024-11-06T10:58:13-0600] -------------------------------
[2024-11-06T10:58:13-0600] ICMP Ping test started at 2024-11-06 10:58:13.836 CST
[2024-11-06T10:58:43-0600] Waiting for .889 s to reach end time
[2024-11-06T10:58:44-0600] Saved ping test to /data/data/com.termux/files/home/storage/shared/bos_la_2024_trip/att/20241106/105350739/icmp_ping_105813888.out
[2024-11-06T10:58:44-0600] Ping summary (min/avg/max/mdev) = 31.878/42.505/59.362/5.537 ms
[2024-11-06T10:58:44-0600] Ping test finished at 2024-11-06 10:58:44.915 CST, duration: 31.079 s
[2024-11-06T10:58:44-0600] -------------------------------
[2024-11-06T10:58:44-0600] Waiting for 2 s...
[2024-11-06T10:58:46-0600] -------------------------------
[2024-11-06T10:58:46-0600] Starting 5G booster for 5 s...
[2024-11-06T10:58:47-0600] 5G booster started at 2024-11-06 10:58:47.013 CST
[2024-11-06T10:58:53-0600] Current time exceeds end time, skipping wait
[2024-11-06T10:58:53-0600] Saved TCP DL results to /data/data/com.termux/files/home/storage/shared/bos_la_2024_trip/att/20241106/105350739/tcp_downlink_105847040.out
[2024-11-06T10:58:53-0600] DL AVG TPUT: 
[2024-11-06T10:58:53-0600] 5G booster finished at 2024-11-06 10:58:53.131 CST, duration: 6.118 s
[2024-11-06T10:58:53-0600] -------------------------------
[2024-11-06T10:58:53-0600] Waiting for 2 s...
[2024-11-06T10:58:55-0600] -------------------------------
[2024-11-06T10:58:55-0600] TCP Ping test started at 2024-11-06 10:58:55.237 CST
[2024-11-06T10:59:26-0600] Current time exceeds end time, skipping wait
[2024-11-06T10:59:26-0600] Saved TCP Ping test to /data/data/com.termux/files/home/storage/shared/bos_la_2024_trip/att/20241106/105350739/tcp_ping_105855269.out
[2024-11-06T10:59:26-0600] TCP Ping summary (min/avg/max/mdev) 
[2024-11-06T10:59:26-0600] TCP Ping test finished at 2024-11-06 10:59:26.395 CST, duration: 31.158 s
[2024-11-06T10:59:26-0600] -------------------------------
[2024-11-06T10:59:26-0600] Waiting for 2 s...
[2024-11-06T10:59:28-0600] -------------------------------
[2024-11-06T10:59:28-0600] Traceroute test started at 2024-11-06 10:59:28.500 CST
[2024-11-06T10:59:34-0600] Waiting for 24.390 s to reach end time
[2024-11-06T10:59:58-0600] Saved traceroute test to /data/data/com.termux/files/home/storage/shared/bos_la_2024_trip/att/20241106/105350739/traceroute_105928527.out
[2024-11-06T10:59:58-0600] Traceroute summary (min/avg/max/mdev) 
[2024-11-06T10:59:58-0600] Traceroute test finished at 2024-11-06 10:59:58.622 CST, duration: 30.122 s
[2024-11-06T10:59:58-0600] -------------------------------
[2024-11-06T10:59:58-0600] All tests completed, cleaning up...
[2024-11-06T10:59:58-0600] -------------------------------
[2024-11-06T11:00:23-0600] [measurement] Load environment variables from prod.env file
[2024-11-06T11:00:23-0600] Starting a network measurement, please choose a server
[2024-11-06T11:00:23-0600] 0) West Cloud: 54.176.53.206
[2024-11-06T11:00:23-0600] 1) East Cloud: 54.197.223.49
[2024-11-06T11:00:29-0600] Enter your choice (0-1): Testing att, server 1 (ip: 54.197.223.49, nuttcp_port: 5102, iperf_port: 5002)
[2024-11-06T11:00:29-0600] -------------------------------
[2024-11-06T11:00:29-0600] tcp downlink test started at 2024-11-06 11:00:29.241 CST
[2024-11-06T11:00:29-0600] Testing tcp downlink with 54.197.223.49:5102, interval 0.5 s, duration 120 s, timeout 121 s...
[2024-11-06T11:02:30-0600] Current time exceeds end time, skipping wait
[2024-11-06T11:02:30-0600] Saved tcp downlink test to /data/data/com.termux/files/home/storage/shared/bos_la_2024_trip/att/20241106/110029224/tcp_downlink_110029266.out
[2024-11-06T11:02:30-0600] DL AVG TPUT: 
[2024-11-06T11:02:30-0600] tcp downlink test finished at 2024-11-06 11:02:30.383 CST, duration: 121.142 s
[2024-11-06T11:02:30-0600] -------------------------------
[2024-11-06T11:02:30-0600] Waiting for 2 s...
[2024-11-06T11:02:32-0600] -------------------------------
[2024-11-06T11:02:32-0600] Starting 5G booster for 5 s...
[2024-11-06T11:02:32-0600] 5G booster started at 2024-11-06 11:02:32.496 CST
[2024-11-06T11:02:38-0600] Current time exceeds end time, skipping wait
[2024-11-06T11:02:38-0600] Saved TCP DL results to /data/data/com.termux/files/home/storage/shared/bos_la_2024_trip/att/20241106/110029224/tcp_downlink_110232525.out
[2024-11-06T11:02:38-0600] DL AVG TPUT: 
[2024-11-06T11:02:38-0600] 5G booster finished at 2024-11-06 11:02:38.600 CST, duration: 6.104 s
[2024-11-06T11:02:38-0600] -------------------------------
[2024-11-06T11:02:38-0600] Waiting for 2 s...
[2024-11-06T11:02:40-0600] -------------------------------
[2024-11-06T11:02:40-0600] tcp uplink test started at 2024-11-06 11:02:40.724 CST
[2024-11-06T11:02:40-0600] testing tcp uplink with 54.197.223.49:5102, interval 0.5, duration 120, timeout 121 ...
[2024-11-06T11:04:41-0600] Current time exceeds end time, skipping wait
[2024-11-06T11:04:41-0600] Saved uplink test to /data/data/com.termux/files/home/storage/shared/bos_la_2024_trip/att/20241106/110029224/tcp_uplink_110240756.out
[2024-11-06T11:04:41-0600] UL AVG TPUT: 
[2024-11-06T11:04:41-0600] tcp uplink test finished at 2024-11-06 11:04:41.883 CST, duration: 121.159 s
[2024-11-06T11:04:41-0600] -------------------------------
[2024-11-06T11:04:41-0600] Waiting for 2 s...
[2024-11-06T11:04:43-0600] -------------------------------
[2024-11-06T11:04:43-0600] Starting 5G booster for 5 s...
[2024-11-06T11:04:44-0600] 5G booster started at 2024-11-06 11:04:43.984 CST
[2024-11-06T11:04:50-0600] Current time exceeds end time, skipping wait
[2024-11-06T11:04:50-0600] Saved TCP DL results to /data/data/com.termux/files/home/storage/shared/bos_la_2024_trip/att/20241106/110029224/tcp_downlink_110444007.out
[2024-11-06T11:04:50-0600] DL AVG TPUT: 
[2024-11-06T11:04:50-0600] 5G booster finished at 2024-11-06 11:04:50.091 CST, duration: 6.107 s
[2024-11-06T11:04:50-0600] -------------------------------
[2024-11-06T11:04:50-0600] Waiting for 2 s...
[2024-11-06T11:04:52-0600] -------------------------------
[2024-11-06T11:04:52-0600] ICMP Ping test started at 2024-11-06 11:04:52.186 CST
[2024-11-06T11:05:22-0600] Waiting for .835 s to reach end time
[2024-11-06T11:05:23-0600] Saved ping test to /data/data/com.termux/files/home/storage/shared/bos_la_2024_trip/att/20241106/110029224/icmp_ping_110452232.out
[2024-11-06T11:05:23-0600] Ping summary (min/avg/max/mdev) = 30.964/71.358/886.441/103.599 ms
[2024-11-06T11:05:23-0600] Ping test finished at 2024-11-06 11:05:23.270 CST, duration: 31.084 s
[2024-11-06T11:05:23-0600] -------------------------------
[2024-11-06T11:05:23-0600] Waiting for 2 s...
[2024-11-06T11:05:25-0600] -------------------------------
[2024-11-06T11:05:25-0600] Starting 5G booster for 5 s...
[2024-11-06T11:05:25-0600] 5G booster started at 2024-11-06 11:05:25.385 CST
[2024-11-06T11:05:31-0600] Current time exceeds end time, skipping wait
[2024-11-06T11:05:31-0600] Saved TCP DL results to /data/data/com.termux/files/home/storage/shared/bos_la_2024_trip/att/20241106/110029224/tcp_downlink_110525439.out
[2024-11-06T11:05:31-0600] DL AVG TPUT: 
[2024-11-06T11:05:31-0600] 5G booster finished at 2024-11-06 11:05:31.541 CST, duration: 6.156 s
[2024-11-06T11:05:31-0600] -------------------------------
[2024-11-06T11:05:31-0600] Waiting for 2 s...
[2024-11-06T11:05:33-0600] -------------------------------
[2024-11-06T11:05:33-0600] TCP Ping test started at 2024-11-06 11:05:33.659 CST
[2024-11-06T11:06:04-0600] Current time exceeds end time, skipping wait
[2024-11-06T11:06:04-0600] Saved TCP Ping test to /data/data/com.termux/files/home/storage/shared/bos_la_2024_trip/att/20241106/110029224/tcp_ping_110533699.out
[2024-11-06T11:06:04-0600] TCP Ping summary (min/avg/max/mdev) 
[2024-11-06T11:06:04-0600] TCP Ping test finished at 2024-11-06 11:06:04.760 CST, duration: 31.101 s
[2024-11-06T11:06:04-0600] -------------------------------
[2024-11-06T11:06:04-0600] Waiting for 2 s...
[2024-11-06T11:06:06-0600] -------------------------------
[2024-11-06T11:06:06-0600] Traceroute test started at 2024-11-06 11:06:06.864 CST
[2024-11-06T11:06:12-0600] Waiting for 24.285 s to reach end time
[2024-11-06T11:06:36-0600] Saved traceroute test to /data/data/com.termux/files/home/storage/shared/bos_la_2024_trip/att/20241106/110029224/traceroute_110606891.out
[2024-11-06T11:06:36-0600] Traceroute summary (min/avg/max/mdev) 
[2024-11-06T11:06:37-0600] Traceroute test finished at 2024-11-06 11:06:36.947 CST, duration: 30.083 s
[2024-11-06T11:06:37-0600] -------------------------------
[2024-11-06T11:06:37-0600] All tests completed, cleaning up...
[2024-11-06T11:06:37-0600] -------------------------------
[2024-11-06T11:07:09-0600] [measurement] Load environment variables from prod.env file
[2024-11-06T11:07:09-0600] Starting a network measurement, please choose a server
[2024-11-06T11:07:09-0600] 0) West Cloud: 54.176.53.206
[2024-11-06T11:07:09-0600] 1) East Cloud: 54.197.223.49
[2024-11-06T11:07:13-0600] Enter your choice (0-1): Testing att, server 1 (ip: 54.197.223.49, nuttcp_port: 5102, iperf_port: 5002)
[2024-11-06T11:07:13-0600] -------------------------------
[2024-11-06T11:07:13-0600] tcp downlink test started at 2024-11-06 11:07:13.232 CST
[2024-11-06T11:07:13-0600] Testing tcp downlink with 54.197.223.49:5102, interval 0.5 s, duration 120 s, timeout 121 s...
[2024-11-06T11:09:14-0600] Current time exceeds end time, skipping wait
[2024-11-06T11:09:14-0600] Saved tcp downlink test to /data/data/com.termux/files/home/storage/shared/bos_la_2024_trip/att/20241106/110713215/tcp_downlink_110713258.out
[2024-11-06T11:09:14-0600] DL AVG TPUT: 
[2024-11-06T11:09:14-0600] tcp downlink test finished at 2024-11-06 11:09:14.339 CST, duration: 121.107 s
[2024-11-06T11:09:14-0600] -------------------------------
[2024-11-06T11:09:14-0600] Waiting for 2 s...
[2024-11-06T11:09:16-0600] -------------------------------
[2024-11-06T11:09:16-0600] Starting 5G booster for 5 s...
[2024-11-06T11:09:16-0600] 5G booster started at 2024-11-06 11:09:16.447 CST
[2024-11-06T11:09:22-0600] Current time exceeds end time, skipping wait
[2024-11-06T11:09:22-0600] Saved TCP DL results to /data/data/com.termux/files/home/storage/shared/bos_la_2024_trip/att/20241106/110713215/tcp_downlink_110916479.out
[2024-11-06T11:09:22-0600] DL AVG TPUT: 
[2024-11-06T11:09:22-0600] 5G booster finished at 2024-11-06 11:09:22.577 CST, duration: 6.130 s
[2024-11-06T11:09:22-0600] -------------------------------
[2024-11-06T11:09:22-0600] Waiting for 2 s...
[2024-11-06T11:09:24-0600] -------------------------------
[2024-11-06T11:09:24-0600] tcp uplink test started at 2024-11-06 11:09:24.678 CST
[2024-11-06T11:09:24-0600] testing tcp uplink with 54.197.223.49:5102, interval 0.5, duration 120, timeout 121 ...
[2024-11-06T11:11:25-0600] Current time exceeds end time, skipping wait
[2024-11-06T11:11:25-0600] Saved uplink test to /data/data/com.termux/files/home/storage/shared/bos_la_2024_trip/att/20241106/110713215/tcp_uplink_110924704.out
[2024-11-06T11:11:25-0600] UL AVG TPUT: 
[2024-11-06T11:11:25-0600] tcp uplink test finished at 2024-11-06 11:11:25.822 CST, duration: 121.144 s
[2024-11-06T11:11:25-0600] -------------------------------
[2024-11-06T11:11:25-0600] Waiting for 2 s...
[2024-11-06T11:11:27-0600] -------------------------------
[2024-11-06T11:11:27-0600] Starting 5G booster for 5 s...
[2024-11-06T11:11:27-0600] 5G booster started at 2024-11-06 11:11:27.933 CST
[2024-11-06T11:11:34-0600] Current time exceeds end time, skipping wait
[2024-11-06T11:11:34-0600] Saved TCP DL results to /data/data/com.termux/files/home/storage/shared/bos_la_2024_trip/att/20241106/110713215/tcp_downlink_111127961.out
[2024-11-06T11:11:34-0600] DL AVG TPUT: 
[2024-11-06T11:11:34-0600] 5G booster finished at 2024-11-06 11:11:34.087 CST, duration: 6.154 s
[2024-11-06T11:11:34-0600] -------------------------------
[2024-11-06T11:11:34-0600] Waiting for 2 s...
[2024-11-06T11:11:36-0600] -------------------------------
[2024-11-06T11:11:36-0600] ICMP Ping test started at 2024-11-06 11:11:36.186 CST
[2024-11-06T11:12:06-0600] Waiting for .884 s to reach end time
[2024-11-06T11:12:07-0600] Saved ping test to /data/data/com.termux/files/home/storage/shared/bos_la_2024_trip/att/20241106/110713215/icmp_ping_111136212.out
[2024-11-06T11:12:07-0600] Ping summary (min/avg/max/mdev) = 30.470/42.971/60.268/5.848 ms
[2024-11-06T11:12:07-0600] Ping test finished at 2024-11-06 11:12:07.259 CST, duration: 31.073 s
[2024-11-06T11:12:07-0600] -------------------------------
[2024-11-06T11:12:07-0600] Waiting for 2 s...
[2024-11-06T11:12:09-0600] -------------------------------
[2024-11-06T11:12:09-0600] Starting 5G booster for 5 s...
[2024-11-06T11:12:09-0600] 5G booster started at 2024-11-06 11:12:09.371 CST
[2024-11-06T11:12:15-0600] Current time exceeds end time, skipping wait
[2024-11-06T11:12:15-0600] Saved TCP DL results to /data/data/com.termux/files/home/storage/shared/bos_la_2024_trip/att/20241106/110713215/tcp_downlink_111209399.out
[2024-11-06T11:12:15-0600] DL AVG TPUT: 
[2024-11-06T11:12:15-0600] 5G booster finished at 2024-11-06 11:12:15.532 CST, duration: 6.161 s
[2024-11-06T11:12:15-0600] -------------------------------
[2024-11-06T11:12:15-0600] Waiting for 2 s...
[2024-11-06T11:12:17-0600] -------------------------------
[2024-11-06T11:12:17-0600] TCP Ping test started at 2024-11-06 11:12:17.644 CST
[2024-11-06T11:12:48-0600] Current time exceeds end time, skipping wait
[2024-11-06T11:12:48-0600] Saved TCP Ping test to /data/data/com.termux/files/home/storage/shared/bos_la_2024_trip/att/20241106/110713215/tcp_ping_111217672.out
[2024-11-06T11:12:48-0600] TCP Ping summary (min/avg/max/mdev) 
[2024-11-06T11:12:48-0600] TCP Ping test finished at 2024-11-06 11:12:48.789 CST, duration: 31.145 s
[2024-11-06T11:12:48-0600] -------------------------------
[2024-11-06T11:12:48-0600] Waiting for 2 s...
[2024-11-06T11:12:50-0600] -------------------------------
[2024-11-06T11:12:50-0600] Traceroute test started at 2024-11-06 11:12:50.902 CST
[2024-11-06T11:12:56-0600] Waiting for 24.280 s to reach end time
[2024-11-06T11:13:20-0600] Saved traceroute test to /data/data/com.termux/files/home/storage/shared/bos_la_2024_trip/att/20241106/110713215/traceroute_111250941.out
[2024-11-06T11:13:20-0600] Traceroute summary (min/avg/max/mdev) 
[2024-11-06T11:13:21-0600] Traceroute test finished at 2024-11-06 11:13:20.970 CST, duration: 30.068 s
[2024-11-06T11:13:21-0600] -------------------------------
[2024-11-06T11:13:21-0600] All tests completed, cleaning up...
[2024-11-06T11:13:21-0600] -------------------------------
[2024-11-06T11:14:18-0600] [measurement] Load environment variables from prod.env file
[2024-11-06T11:14:18-0600] Starting a network measurement, please choose a server
[2024-11-06T11:14:18-0600] 0) West Cloud: 54.176.53.206
[2024-11-06T11:14:18-0600] 1) East Cloud: 54.197.223.49
[2024-11-06T11:14:21-0600] Enter your choice (0-1): Testing att, server 1 (ip: 54.197.223.49, nuttcp_port: 5102, iperf_port: 5002)
[2024-11-06T11:14:21-0600] -------------------------------
[2024-11-06T11:14:21-0600] tcp downlink test started at 2024-11-06 11:14:21.954 CST
[2024-11-06T11:14:21-0600] Testing tcp downlink with 54.197.223.49:5102, interval 0.5 s, duration 120 s, timeout 121 s...
[2024-11-06T11:16:23-0600] Current time exceeds end time, skipping wait
[2024-11-06T11:16:23-0600] Saved tcp downlink test to /data/data/com.termux/files/home/storage/shared/bos_la_2024_trip/att/20241106/111421937/tcp_downlink_111421977.out
[2024-11-06T11:16:23-0600] DL AVG TPUT: 
[2024-11-06T11:16:23-0600] tcp downlink test finished at 2024-11-06 11:16:23.087 CST, duration: 121.133 s
[2024-11-06T11:16:23-0600] -------------------------------
[2024-11-06T11:16:23-0600] Waiting for 2 s...
[2024-11-06T11:16:25-0600] -------------------------------
[2024-11-06T11:16:25-0600] Starting 5G booster for 5 s...
[2024-11-06T11:16:25-0600] 5G booster started at 2024-11-06 11:16:25.260 CST
[2024-11-06T11:16:31-0600] Current time exceeds end time, skipping wait
[2024-11-06T11:16:31-0600] Saved TCP DL results to /data/data/com.termux/files/home/storage/shared/bos_la_2024_trip/att/20241106/111421937/tcp_downlink_111625289.out
[2024-11-06T11:16:31-0600] DL AVG TPUT: 
[2024-11-06T11:16:31-0600] 5G booster finished at 2024-11-06 11:16:31.454 CST, duration: 6.194 s
[2024-11-06T11:16:31-0600] -------------------------------
[2024-11-06T11:16:31-0600] Waiting for 2 s...
[2024-11-06T11:16:33-0600] -------------------------------
[2024-11-06T11:16:33-0600] tcp uplink test started at 2024-11-06 11:16:33.554 CST
[2024-11-06T11:16:33-0600] testing tcp uplink with 54.197.223.49:5102, interval 0.5, duration 120, timeout 121 ...
[2024-11-06T11:18:34-0600] Current time exceeds end time, skipping wait
[2024-11-06T11:18:34-0600] Saved uplink test to /data/data/com.termux/files/home/storage/shared/bos_la_2024_trip/att/20241106/111421937/tcp_uplink_111633612.out
[2024-11-06T11:18:34-0600] UL AVG TPUT: 
[2024-11-06T11:18:34-0600] tcp uplink test finished at 2024-11-06 11:18:34.709 CST, duration: 121.155 s
[2024-11-06T11:18:34-0600] -------------------------------
[2024-11-06T11:18:34-0600] Waiting for 2 s...
[2024-11-06T11:18:36-0600] -------------------------------
[2024-11-06T11:18:36-0600] Starting 5G booster for 5 s...
[2024-11-06T11:18:36-0600] 5G booster started at 2024-11-06 11:18:36.842 CST
[2024-11-06T11:18:42-0600] Current time exceeds end time, skipping wait
[2024-11-06T11:18:42-0600] Saved TCP DL results to /data/data/com.termux/files/home/storage/shared/bos_la_2024_trip/att/20241106/111421937/tcp_downlink_111836870.out
[2024-11-06T11:18:42-0600] DL AVG TPUT: 
[2024-11-06T11:18:43-0600] 5G booster finished at 2024-11-06 11:18:42.967 CST, duration: 6.125 s
[2024-11-06T11:18:43-0600] -------------------------------
[2024-11-06T11:18:43-0600] Waiting for 2 s...
[2024-11-06T11:18:45-0600] -------------------------------
[2024-11-06T11:18:45-0600] ICMP Ping test started at 2024-11-06 11:18:45.086 CST
[2024-11-06T11:19:15-0600] Waiting for .905 s to reach end time
[2024-11-06T11:19:16-0600] Saved ping test to /data/data/com.termux/files/home/storage/shared/bos_la_2024_trip/att/20241106/111421937/icmp_ping_111845110.out
[2024-11-06T11:19:16-0600] Ping summary (min/avg/max/mdev) = 31.950/61.760/438.346/51.039 ms
[2024-11-06T11:19:16-0600] Ping test finished at 2024-11-06 11:19:16.171 CST, duration: 31.085 s
[2024-11-06T11:19:16-0600] -------------------------------
[2024-11-06T11:19:16-0600] Waiting for 2 s...
[2024-11-06T11:19:18-0600] -------------------------------
[2024-11-06T11:19:18-0600] Starting 5G booster for 5 s...
[2024-11-06T11:19:18-0600] 5G booster started at 2024-11-06 11:19:18.272 CST
[2024-11-06T11:19:24-0600] Current time exceeds end time, skipping wait
[2024-11-06T11:19:24-0600] Saved TCP DL results to /data/data/com.termux/files/home/storage/shared/bos_la_2024_trip/att/20241106/111421937/tcp_downlink_111918296.out
[2024-11-06T11:19:24-0600] DL AVG TPUT: 
[2024-11-06T11:19:24-0600] 5G booster finished at 2024-11-06 11:19:24.368 CST, duration: 6.096 s
[2024-11-06T11:19:24-0600] -------------------------------
[2024-11-06T11:19:24-0600] Waiting for 2 s...
[2024-11-06T11:19:26-0600] -------------------------------
[2024-11-06T11:19:26-0600] TCP Ping test started at 2024-11-06 11:19:26.508 CST
[2024-11-06T11:19:57-0600] Current time exceeds end time, skipping wait
[2024-11-06T11:19:57-0600] Saved TCP Ping test to /data/data/com.termux/files/home/storage/shared/bos_la_2024_trip/att/20241106/111421937/tcp_ping_111926540.out
[2024-11-06T11:19:57-0600] TCP Ping summary (min/avg/max/mdev) 
[2024-11-06T11:19:57-0600] TCP Ping test finished at 2024-11-06 11:19:57.622 CST, duration: 31.114 s
[2024-11-06T11:19:57-0600] -------------------------------
[2024-11-06T11:19:57-0600] Waiting for 2 s...
[2024-11-06T11:19:59-0600] -------------------------------
[2024-11-06T11:19:59-0600] Traceroute test started at 2024-11-06 11:19:59.719 CST
[2024-11-06T11:20:05-0600] Waiting for 24.155 s to reach end time
[2024-11-06T11:20:29-0600] Saved traceroute test to /data/data/com.termux/files/home/storage/shared/bos_la_2024_trip/att/20241106/111421937/traceroute_111959745.out
[2024-11-06T11:20:29-0600] Traceroute summary (min/avg/max/mdev) 
[2024-11-06T11:20:29-0600] Traceroute test finished at 2024-11-06 11:20:29.797 CST, duration: 30.078 s
[2024-11-06T11:20:29-0600] -------------------------------
[2024-11-06T11:20:29-0600] All tests completed, cleaning up...
[2024-11-06T11:20:29-0600] -------------------------------
[2024-11-06T11:21:00-0600] [measurement] Load environment variables from prod.env file
[2024-11-06T11:21:00-0600] Starting a network measurement, please choose a server
[2024-11-06T11:21:00-0600] 0) West Cloud: 54.176.53.206
[2024-11-06T11:21:00-0600] 1) East Cloud: 54.197.223.49
[2024-11-06T11:21:07-0600] Enter your choice (0-1): Testing att, server 1 (ip: 54.197.223.49, nuttcp_port: 5102, iperf_port: 5002)
[2024-11-06T11:21:07-0600] -------------------------------
[2024-11-06T11:21:07-0600] tcp downlink test started at 2024-11-06 11:21:07.488 CST
[2024-11-06T11:21:07-0600] Testing tcp downlink with 54.197.223.49:5102, interval 0.5 s, duration 120 s, timeout 121 s...
[2024-11-06T11:23:08-0600] Current time exceeds end time, skipping wait
[2024-11-06T11:23:08-0600] Saved tcp downlink test to /data/data/com.termux/files/home/storage/shared/bos_la_2024_trip/att/20241106/112107472/tcp_downlink_112107513.out
[2024-11-06T11:23:08-0600] DL AVG TPUT: 
[2024-11-06T11:23:08-0600] tcp downlink test finished at 2024-11-06 11:23:08.600 CST, duration: 121.112 s
[2024-11-06T11:23:08-0600] -------------------------------
[2024-11-06T11:23:08-0600] Waiting for 2 s...
[2024-11-06T11:23:10-0600] -------------------------------
[2024-11-06T11:23:10-0600] Starting 5G booster for 5 s...
[2024-11-06T11:23:10-0600] 5G booster started at 2024-11-06 11:23:10.719 CST
[2024-11-06T11:23:16-0600] Current time exceeds end time, skipping wait
[2024-11-06T11:23:16-0600] Saved TCP DL results to /data/data/com.termux/files/home/storage/shared/bos_la_2024_trip/att/20241106/112107472/tcp_downlink_112310754.out
[2024-11-06T11:23:16-0600] DL AVG TPUT: 
[2024-11-06T11:23:16-0600] 5G booster finished at 2024-11-06 11:23:16.850 CST, duration: 6.131 s
[2024-11-06T11:23:16-0600] -------------------------------
[2024-11-06T11:23:16-0600] Waiting for 2 s...
[2024-11-06T11:23:18-0600] -------------------------------
[2024-11-06T11:23:19-0600] tcp uplink test started at 2024-11-06 11:23:18.964 CST
[2024-11-06T11:23:19-0600] testing tcp uplink with 54.197.223.49:5102, interval 0.5, duration 120, timeout 121 ...
[2024-11-06T11:25:19-0600] Waiting for .539 s to reach end time
[2024-11-06T11:25:20-0600] Saved uplink test to /data/data/com.termux/files/home/storage/shared/bos_la_2024_trip/att/20241106/112107472/tcp_uplink_112319014.out
[2024-11-06T11:25:20-0600] UL AVG TPUT: 
[2024-11-06T11:25:20-0600] tcp uplink test finished at 2024-11-06 11:25:20.052 CST, duration: 121.088 s
[2024-11-06T11:25:20-0600] -------------------------------
[2024-11-06T11:25:20-0600] Waiting for 2 s...
[2024-11-06T11:25:22-0600] -------------------------------
[2024-11-06T11:25:22-0600] Starting 5G booster for 5 s...
[2024-11-06T11:25:22-0600] 5G booster started at 2024-11-06 11:25:22.175 CST
[2024-11-06T11:25:28-0600] Current time exceeds end time, skipping wait
[2024-11-06T11:25:28-0600] Saved TCP DL results to /data/data/com.termux/files/home/storage/shared/bos_la_2024_trip/att/20241106/112107472/tcp_downlink_112522230.out
[2024-11-06T11:25:28-0600] DL AVG TPUT: 
[2024-11-06T11:25:28-0600] 5G booster finished at 2024-11-06 11:25:28.325 CST, duration: 6.150 s
[2024-11-06T11:25:28-0600] -------------------------------
[2024-11-06T11:25:28-0600] Waiting for 2 s...
[2024-11-06T11:25:30-0600] -------------------------------
[2024-11-06T11:25:30-0600] ICMP Ping test started at 2024-11-06 11:25:30.451 CST
[2024-11-06T11:26:00-0600] Waiting for .823 s to reach end time
[2024-11-06T11:26:01-0600] Saved ping test to /data/data/com.termux/files/home/storage/shared/bos_la_2024_trip/att/20241106/112107472/icmp_ping_112530488.out
[2024-11-06T11:26:01-0600] Ping summary (min/avg/max/mdev) = 37.186/60.885/609.708/57.523 ms
[2024-11-06T11:26:01-0600] Ping test finished at 2024-11-06 11:26:01.548 CST, duration: 31.097 s
[2024-11-06T11:26:01-0600] -------------------------------
[2024-11-06T11:26:01-0600] Waiting for 2 s...
[2024-11-06T11:26:03-0600] -------------------------------
[2024-11-06T11:26:03-0600] Starting 5G booster for 5 s...
[2024-11-06T11:26:03-0600] 5G booster started at 2024-11-06 11:26:03.686 CST
[2024-11-06T11:26:09-0600] Current time exceeds end time, skipping wait
[2024-11-06T11:26:09-0600] Saved TCP DL results to /data/data/com.termux/files/home/storage/shared/bos_la_2024_trip/att/20241106/112107472/tcp_downlink_112603736.out
[2024-11-06T11:26:09-0600] DL AVG TPUT: 
[2024-11-06T11:26:09-0600] 5G booster finished at 2024-11-06 11:26:09.824 CST, duration: 6.138 s
[2024-11-06T11:26:09-0600] -------------------------------
[2024-11-06T11:26:09-0600] Waiting for 2 s...
[2024-11-06T11:26:11-0600] -------------------------------
[2024-11-06T11:26:11-0600] TCP Ping test started at 2024-11-06 11:26:11.924 CST
[2024-11-06T11:26:43-0600] Current time exceeds end time, skipping wait
[2024-11-06T11:26:43-0600] Saved TCP Ping test to /data/data/com.termux/files/home/storage/shared/bos_la_2024_trip/att/20241106/112107472/tcp_ping_112611974.out
[2024-11-06T11:26:43-0600] TCP Ping summary (min/avg/max/mdev) 
[2024-11-06T11:26:43-0600] TCP Ping test finished at 2024-11-06 11:26:43.116 CST, duration: 31.192 s
[2024-11-06T11:26:43-0600] -------------------------------
[2024-11-06T11:26:43-0600] Waiting for 2 s...
[2024-11-06T11:26:45-0600] -------------------------------
[2024-11-06T11:26:45-0600] Traceroute test started at 2024-11-06 11:26:45.244 CST
[2024-11-06T11:26:51-0600] Waiting for 24.279 s to reach end time
[2024-11-06T11:27:15-0600] Saved traceroute test to /data/data/com.termux/files/home/storage/shared/bos_la_2024_trip/att/20241106/112107472/traceroute_112645276.out
[2024-11-06T11:27:15-0600] Traceroute summary (min/avg/max/mdev) 
[2024-11-06T11:27:15-0600] Traceroute test finished at 2024-11-06 11:27:15.370 CST, duration: 30.126 s
[2024-11-06T11:27:15-0600] -------------------------------
[2024-11-06T11:27:15-0600] All tests completed, cleaning up...
[2024-11-06T11:27:15-0600] -------------------------------
[2024-11-06T11:28:11-0600] [measurement] Load environment variables from prod.env file
[2024-11-06T11:28:11-0600] Starting a network measurement, please choose a server
[2024-11-06T11:28:11-0600] 0) West Cloud: 54.176.53.206
[2024-11-06T11:28:11-0600] 1) East Cloud: 54.197.223.49
[2024-11-06T11:28:24-0600] Enter your choice (0-1): Testing att, server 1 (ip: 54.197.223.49, nuttcp_port: 5102, iperf_port: 5002)
[2024-11-06T11:28:24-0600] -------------------------------
[2024-11-06T11:28:24-0600] tcp downlink test started at 2024-11-06 11:28:24.410 CST
[2024-11-06T11:28:24-0600] Testing tcp downlink with 54.197.223.49:5102, interval 0.5 s, duration 120 s, timeout 121 s...
[2024-11-06T11:30:25-0600] Current time exceeds end time, skipping wait
[2024-11-06T11:30:25-0600] Saved tcp downlink test to /data/data/com.termux/files/home/storage/shared/bos_la_2024_trip/att/20241106/112824390/tcp_downlink_112824438.out
[2024-11-06T11:30:25-0600] DL AVG TPUT: 
[2024-11-06T11:30:25-0600] tcp downlink test finished at 2024-11-06 11:30:25.542 CST, duration: 121.132 s
[2024-11-06T11:30:25-0600] -------------------------------
[2024-11-06T11:30:25-0600] Waiting for 2 s...
[2024-11-06T11:30:27-0600] -------------------------------
[2024-11-06T11:30:27-0600] Starting 5G booster for 5 s...
[2024-11-06T11:30:27-0600] 5G booster started at 2024-11-06 11:30:27.667 CST
[2024-11-06T11:30:33-0600] Current time exceeds end time, skipping wait
[2024-11-06T11:30:33-0600] Saved TCP DL results to /data/data/com.termux/files/home/storage/shared/bos_la_2024_trip/att/20241106/112824390/tcp_downlink_113027696.out
[2024-11-06T11:30:33-0600] DL AVG TPUT: 
[2024-11-06T11:30:33-0600] 5G booster finished at 2024-11-06 11:30:33.762 CST, duration: 6.095 s
[2024-11-06T11:30:33-0600] -------------------------------
[2024-11-06T11:30:33-0600] Waiting for 2 s...
[2024-11-06T11:30:35-0600] -------------------------------
[2024-11-06T11:30:35-0600] tcp uplink test started at 2024-11-06 11:30:35.853 CST
[2024-11-06T11:30:35-0600] testing tcp uplink with 54.197.223.49:5102, interval 0.5, duration 120, timeout 121 ...
[2024-11-06T11:32:36-0600] Current time exceeds end time, skipping wait
[2024-11-06T11:32:36-0600] Saved uplink test to /data/data/com.termux/files/home/storage/shared/bos_la_2024_trip/att/20241106/112824390/tcp_uplink_113035878.out
[2024-11-06T11:32:37-0600] UL AVG TPUT: 
[2024-11-06T11:32:37-0600] tcp uplink test finished at 2024-11-06 11:32:36.986 CST, duration: 121.133 s
[2024-11-06T11:32:37-0600] -------------------------------
[2024-11-06T11:32:37-0600] Waiting for 2 s...
[2024-11-06T11:32:39-0600] -------------------------------
[2024-11-06T11:32:39-0600] Starting 5G booster for 5 s...
[2024-11-06T11:32:39-0600] 5G booster started at 2024-11-06 11:32:39.123 CST
[2024-11-06T11:32:45-0600] Current time exceeds end time, skipping wait
[2024-11-06T11:32:45-0600] Saved TCP DL results to /data/data/com.termux/files/home/storage/shared/bos_la_2024_trip/att/20241106/112824390/tcp_downlink_113239176.out
[2024-11-06T11:32:45-0600] DL AVG TPUT: 
[2024-11-06T11:32:45-0600] 5G booster finished at 2024-11-06 11:32:45.310 CST, duration: 6.187 s
[2024-11-06T11:32:45-0600] -------------------------------
[2024-11-06T11:32:45-0600] Waiting for 2 s...
[2024-11-06T11:32:47-0600] -------------------------------
[2024-11-06T11:32:47-0600] ICMP Ping test started at 2024-11-06 11:32:47.422 CST
[2024-11-06T11:33:17-0600] Waiting for .877 s to reach end time
[2024-11-06T11:33:18-0600] Saved ping test to /data/data/com.termux/files/home/storage/shared/bos_la_2024_trip/att/20241106/112824390/icmp_ping_113247465.out
[2024-11-06T11:33:18-0600] Ping summary (min/avg/max/mdev) = 32.861/75.237/980.137/125.887 ms
[2024-11-06T11:33:18-0600] Ping test finished at 2024-11-06 11:33:18.490 CST, duration: 31.068 s
[2024-11-06T11:33:18-0600] -------------------------------
[2024-11-06T11:33:18-0600] Waiting for 2 s...
[2024-11-06T11:33:20-0600] -------------------------------
[2024-11-06T11:33:20-0600] Starting 5G booster for 5 s...
[2024-11-06T11:33:20-0600] 5G booster started at 2024-11-06 11:33:20.589 CST
[2024-11-06T11:33:26-0600] Current time exceeds end time, skipping wait
[2024-11-06T11:33:26-0600] Saved TCP DL results to /data/data/com.termux/files/home/storage/shared/bos_la_2024_trip/att/20241106/112824390/tcp_downlink_113320617.out
[2024-11-06T11:33:26-0600] DL AVG TPUT: 
[2024-11-06T11:33:26-0600] 5G booster finished at 2024-11-06 11:33:26.726 CST, duration: 6.137 s
[2024-11-06T11:33:26-0600] -------------------------------
[2024-11-06T11:33:26-0600] Waiting for 2 s...
[2024-11-06T11:33:28-0600] -------------------------------
[2024-11-06T11:33:28-0600] TCP Ping test started at 2024-11-06 11:33:28.845 CST
[2024-11-06T11:33:59-0600] Current time exceeds end time, skipping wait
[2024-11-06T11:33:59-0600] Saved TCP Ping test to /data/data/com.termux/files/home/storage/shared/bos_la_2024_trip/att/20241106/112824390/tcp_ping_113328877.out
[2024-11-06T11:34:00-0600] TCP Ping summary (min/avg/max/mdev) 
[2024-11-06T11:34:00-0600] TCP Ping test finished at 2024-11-06 11:33:59.985 CST, duration: 31.140 s
[2024-11-06T11:34:00-0600] -------------------------------
[2024-11-06T11:34:00-0600] Waiting for 2 s...
[2024-11-06T11:34:02-0600] -------------------------------
[2024-11-06T11:34:02-0600] Traceroute test started at 2024-11-06 11:34:02.109 CST
[2024-11-06T11:34:07-0600] Waiting for 24.201 s to reach end time
[2024-11-06T11:34:32-0600] Saved traceroute test to /data/data/com.termux/files/home/storage/shared/bos_la_2024_trip/att/20241106/112824390/traceroute_113402138.out
[2024-11-06T11:34:32-0600] Traceroute summary (min/avg/max/mdev) 
[2024-11-06T11:34:32-0600] Traceroute test finished at 2024-11-06 11:34:32.220 CST, duration: 30.111 s
[2024-11-06T11:34:32-0600] -------------------------------
[2024-11-06T11:34:32-0600] All tests completed, cleaning up...
[2024-11-06T11:34:32-0600] -------------------------------
[2024-11-06T11:51:47-0600] [measurement] Load environment variables from prod.env file
[2024-11-06T11:51:47-0600] Starting a network measurement, please choose a server
[2024-11-06T11:51:47-0600] 0) West Cloud: 54.176.53.206
[2024-11-06T11:51:47-0600] 1) East Cloud: 54.197.223.49
[2024-11-06T11:51:49-0600] Enter your choice (0-1): Testing att, server 1 (ip: 54.197.223.49, nuttcp_port: 5102, iperf_port: 5002)
[2024-11-06T11:51:49-0600] -------------------------------
[2024-11-06T11:51:49-0600] tcp downlink test started at 2024-11-06 11:51:49.340 CST
[2024-11-06T11:51:49-0600] Testing tcp downlink with 54.197.223.49:5102, interval 0.5 s, duration 120 s, timeout 121 s...
[2024-11-06T11:53:50-0600] Current time exceeds end time, skipping wait
[2024-11-06T11:53:50-0600] Saved tcp downlink test to /data/data/com.termux/files/home/storage/shared/bos_la_2024_trip/att/20241106/115149322/tcp_downlink_115149364.out
[2024-11-06T11:53:50-0600] DL AVG TPUT: 
[2024-11-06T11:53:50-0600] tcp downlink test finished at 2024-11-06 11:53:50.478 CST, duration: 121.138 s
[2024-11-06T11:53:50-0600] -------------------------------
[2024-11-06T11:53:50-0600] Waiting for 2 s...
[2024-11-06T11:53:52-0600] -------------------------------
[2024-11-06T11:53:52-0600] Starting 5G booster for 5 s...
[2024-11-06T11:53:52-0600] 5G booster started at 2024-11-06 11:53:52.643 CST
[2024-11-06T11:53:58-0600] Current time exceeds end time, skipping wait
[2024-11-06T11:53:58-0600] Saved TCP DL results to /data/data/com.termux/files/home/storage/shared/bos_la_2024_trip/att/20241106/115149322/tcp_downlink_115352672.out
[2024-11-06T11:53:58-0600] DL AVG TPUT: 
[2024-11-06T11:53:58-0600] 5G booster finished at 2024-11-06 11:53:58.737 CST, duration: 6.094 s
[2024-11-06T11:53:58-0600] -------------------------------
[2024-11-06T11:53:58-0600] Waiting for 2 s...
[2024-11-06T11:54:00-0600] -------------------------------
[2024-11-06T11:54:00-0600] tcp uplink test started at 2024-11-06 11:54:00.828 CST
[2024-11-06T11:54:00-0600] testing tcp uplink with 54.197.223.49:5102, interval 0.5, duration 120, timeout 121 ...
[2024-11-06T11:56:01-0600] Current time exceeds end time, skipping wait
[2024-11-06T11:56:01-0600] Saved uplink test to /data/data/com.termux/files/home/storage/shared/bos_la_2024_trip/att/20241106/115149322/tcp_uplink_115400860.out
[2024-11-06T11:56:01-0600] UL AVG TPUT: 
[2024-11-06T11:56:02-0600] tcp uplink test finished at 2024-11-06 11:56:01.940 CST, duration: 121.112 s
[2024-11-06T11:56:02-0600] -------------------------------
[2024-11-06T11:56:02-0600] Waiting for 2 s...
[2024-11-06T11:56:04-0600] -------------------------------
[2024-11-06T11:56:04-0600] Starting 5G booster for 5 s...
[2024-11-06T11:56:04-0600] 5G booster started at 2024-11-06 11:56:04.054 CST
[2024-11-06T11:56:10-0600] Current time exceeds end time, skipping wait
[2024-11-06T11:56:10-0600] Saved TCP DL results to /data/data/com.termux/files/home/storage/shared/bos_la_2024_trip/att/20241106/115149322/tcp_downlink_115604080.out
[2024-11-06T11:56:10-0600] DL AVG TPUT: 
[2024-11-06T11:56:10-0600] 5G booster finished at 2024-11-06 11:56:10.223 CST, duration: 6.169 s
[2024-11-06T11:56:10-0600] -------------------------------
[2024-11-06T11:56:10-0600] Waiting for 2 s...
[2024-11-06T11:56:12-0600] -------------------------------
[2024-11-06T11:56:12-0600] ICMP Ping test started at 2024-11-06 11:56:12.334 CST
[2024-11-06T11:56:42-0600] Waiting for .850 s to reach end time
[2024-11-06T11:56:43-0600] Saved ping test to /data/data/com.termux/files/home/storage/shared/bos_la_2024_trip/att/20241106/115149322/icmp_ping_115612381.out
[2024-11-06T11:56:43-0600] Ping summary (min/avg/max/mdev) = 37.282/47.011/69.482/6.071 ms
[2024-11-06T11:56:43-0600] Ping test finished at 2024-11-06 11:56:43.414 CST, duration: 31.080 s
[2024-11-06T11:56:43-0600] -------------------------------
[2024-11-06T11:56:43-0600] Waiting for 2 s...
[2024-11-06T11:56:45-0600] -------------------------------
[2024-11-06T11:56:45-0600] Starting 5G booster for 5 s...
[2024-11-06T11:56:45-0600] 5G booster started at 2024-11-06 11:56:45.524 CST
[2024-11-06T11:56:51-0600] Current time exceeds end time, skipping wait
[2024-11-06T11:56:51-0600] Saved TCP DL results to /data/data/com.termux/files/home/storage/shared/bos_la_2024_trip/att/20241106/115149322/tcp_downlink_115645555.out
[2024-11-06T11:56:51-0600] DL AVG TPUT: 
[2024-11-06T11:56:51-0600] 5G booster finished at 2024-11-06 11:56:51.680 CST, duration: 6.156 s
[2024-11-06T11:56:51-0600] -------------------------------
[2024-11-06T11:56:51-0600] Waiting for 2 s...
[2024-11-06T11:56:53-0600] -------------------------------
[2024-11-06T11:56:53-0600] TCP Ping test started at 2024-11-06 11:56:53.796 CST
[2024-11-06T11:57:24-0600] Current time exceeds end time, skipping wait
[2024-11-06T11:57:24-0600] Saved TCP Ping test to /data/data/com.termux/files/home/storage/shared/bos_la_2024_trip/att/20241106/115149322/tcp_ping_115653824.out
[2024-11-06T11:57:24-0600] TCP Ping summary (min/avg/max/mdev) 
[2024-11-06T11:57:24-0600] TCP Ping test finished at 2024-11-06 11:57:24.899 CST, duration: 31.103 s
[2024-11-06T11:57:24-0600] -------------------------------
[2024-11-06T11:57:24-0600] Waiting for 2 s...
[2024-11-06T11:57:26-0600] -------------------------------
[2024-11-06T11:57:27-0600] Traceroute test started at 2024-11-06 11:57:26.989 CST
[2024-11-06T11:57:32-0600] Waiting for 24.252 s to reach end time
[2024-11-06T11:57:57-0600] Saved traceroute test to /data/data/com.termux/files/home/storage/shared/bos_la_2024_trip/att/20241106/115149322/traceroute_115727010.out
[2024-11-06T11:57:57-0600] Traceroute summary (min/avg/max/mdev) 
[2024-11-06T11:57:57-0600] Traceroute test finished at 2024-11-06 11:57:57.059 CST, duration: 30.070 s
[2024-11-06T11:57:57-0600] -------------------------------
[2024-11-06T11:57:57-0600] All tests completed, cleaning up...
[2024-11-06T11:57:57-0600] -------------------------------
[2024-11-06T11:59:08-0600] [measurement] Load environment variables from prod.env file
[2024-11-06T11:59:08-0600] Starting a network measurement, please choose a server
[2024-11-06T11:59:08-0600] 0) West Cloud: 54.176.53.206
[2024-11-06T11:59:08-0600] 1) East Cloud: 54.197.223.49
[2024-11-06T11:59:09-0600] Enter your choice (0-1): Testing att, server 1 (ip: 54.197.223.49, nuttcp_port: 5102, iperf_port: 5002)
[2024-11-06T11:59:09-0600] -------------------------------
[2024-11-06T11:59:09-0600] tcp downlink test started at 2024-11-06 11:59:09.731 CST
[2024-11-06T11:59:09-0600] Testing tcp downlink with 54.197.223.49:5102, interval 0.5 s, duration 120 s, timeout 121 s...
[2024-11-06T12:01:10-0600] Current time exceeds end time, skipping wait
[2024-11-06T12:01:10-0600] Saved tcp downlink test to /data/data/com.termux/files/home/storage/shared/bos_la_2024_trip/att/20241106/115909712/tcp_downlink_115909755.out
[2024-11-06T12:01:10-0600] DL AVG TPUT: 
[2024-11-06T12:01:10-0600] tcp downlink test finished at 2024-11-06 12:01:10.847 CST, duration: 121.116 s
[2024-11-06T12:01:10-0600] -------------------------------
[2024-11-06T12:01:10-0600] Waiting for 2 s...
[2024-11-06T12:01:12-0600] -------------------------------
[2024-11-06T12:01:12-0600] Starting 5G booster for 5 s...
[2024-11-06T12:01:12-0600] 5G booster started at 2024-11-06 12:01:12.949 CST
[2024-11-06T12:01:19-0600] Current time exceeds end time, skipping wait
[2024-11-06T12:01:19-0600] Saved TCP DL results to /data/data/com.termux/files/home/storage/shared/bos_la_2024_trip/att/20241106/115909712/tcp_downlink_120112999.out
[2024-11-06T12:01:19-0600] DL AVG TPUT: 
[2024-11-06T12:01:19-0600] 5G booster finished at 2024-11-06 12:01:19.122 CST, duration: 6.173 s
[2024-11-06T12:01:19-0600] -------------------------------
[2024-11-06T12:01:19-0600] Waiting for 2 s...
[2024-11-06T12:01:21-0600] -------------------------------
[2024-11-06T12:01:21-0600] tcp uplink test started at 2024-11-06 12:01:21.275 CST
[2024-11-06T12:01:21-0600] testing tcp uplink with 54.197.223.49:5102, interval 0.5, duration 120, timeout 121 ...
[2024-11-06T12:03:22-0600] Current time exceeds end time, skipping wait
[2024-11-06T12:03:22-0600] Saved uplink test to /data/data/com.termux/files/home/storage/shared/bos_la_2024_trip/att/20241106/115909712/tcp_uplink_120121302.out
[2024-11-06T12:03:22-0600] UL AVG TPUT: 
[2024-11-06T12:03:22-0600] tcp uplink test finished at 2024-11-06 12:03:22.390 CST, duration: 121.115 s
[2024-11-06T12:03:22-0600] -------------------------------
[2024-11-06T12:03:22-0600] Waiting for 2 s...
[2024-11-06T12:03:24-0600] -------------------------------
[2024-11-06T12:03:24-0600] Starting 5G booster for 5 s...
[2024-11-06T12:03:24-0600] 5G booster started at 2024-11-06 12:03:24.515 CST
[2024-11-06T12:03:30-0600] Current time exceeds end time, skipping wait
[2024-11-06T12:03:30-0600] Saved TCP DL results to /data/data/com.termux/files/home/storage/shared/bos_la_2024_trip/att/20241106/115909712/tcp_downlink_120324569.out
[2024-11-06T12:03:30-0600] DL AVG TPUT: 
[2024-11-06T12:03:30-0600] 5G booster finished at 2024-11-06 12:03:30.674 CST, duration: 6.159 s
[2024-11-06T12:03:30-0600] -------------------------------
[2024-11-06T12:03:30-0600] Waiting for 2 s...
[2024-11-06T12:03:32-0600] -------------------------------
[2024-11-06T12:03:32-0600] ICMP Ping test started at 2024-11-06 12:03:32.799 CST
[2024-11-06T12:04:02-0600] Waiting for .858 s to reach end time
[2024-11-06T12:04:03-0600] Saved ping test to /data/data/com.termux/files/home/storage/shared/bos_la_2024_trip/att/20241106/115909712/icmp_ping_120332828.out
[2024-11-06T12:04:03-0600] Ping summary (min/avg/max/mdev) = 39.339/56.276/142.282/10.673 ms
[2024-11-06T12:04:03-0600] Ping test finished at 2024-11-06 12:04:03.884 CST, duration: 31.085 s
[2024-11-06T12:04:03-0600] -------------------------------
[2024-11-06T12:04:03-0600] Waiting for 2 s...
[2024-11-06T12:04:05-0600] -------------------------------
[2024-11-06T12:04:05-0600] Starting 5G booster for 5 s...
[2024-11-06T12:04:06-0600] 5G booster started at 2024-11-06 12:04:05.990 CST
[2024-11-06T12:04:12-0600] Current time exceeds end time, skipping wait
[2024-11-06T12:04:12-0600] Saved TCP DL results to /data/data/com.termux/files/home/storage/shared/bos_la_2024_trip/att/20241106/115909712/tcp_downlink_120406020.out
[2024-11-06T12:04:12-0600] DL AVG TPUT: 
[2024-11-06T12:04:12-0600] 5G booster finished at 2024-11-06 12:04:12.104 CST, duration: 6.114 s
[2024-11-06T12:04:12-0600] -------------------------------
[2024-11-06T12:04:12-0600] Waiting for 2 s...
[2024-11-06T12:04:14-0600] -------------------------------
[2024-11-06T12:04:14-0600] TCP Ping test started at 2024-11-06 12:04:14.236 CST
[2024-11-06T12:04:45-0600] Current time exceeds end time, skipping wait
[2024-11-06T12:04:45-0600] Saved TCP Ping test to /data/data/com.termux/files/home/storage/shared/bos_la_2024_trip/att/20241106/115909712/tcp_ping_120414268.out
[2024-11-06T12:04:45-0600] TCP Ping summary (min/avg/max/mdev) 
[2024-11-06T12:04:45-0600] TCP Ping test finished at 2024-11-06 12:04:45.399 CST, duration: 31.163 s
[2024-11-06T12:04:45-0600] -------------------------------
[2024-11-06T12:04:45-0600] Waiting for 2 s...
[2024-11-06T12:04:47-0600] -------------------------------
[2024-11-06T12:04:47-0600] Traceroute test started at 2024-11-06 12:04:47.520 CST
[2024-11-06T12:04:55-0600] Waiting for 22.270 s to reach end time
[2024-11-06T12:05:17-0600] Saved traceroute test to /data/data/com.termux/files/home/storage/shared/bos_la_2024_trip/att/20241106/115909712/traceroute_120447573.out
[2024-11-06T12:05:17-0600] Traceroute summary (min/avg/max/mdev) 
[2024-11-06T12:05:17-0600] Traceroute test finished at 2024-11-06 12:05:17.643 CST, duration: 30.123 s
[2024-11-06T12:05:17-0600] -------------------------------
[2024-11-06T12:05:17-0600] All tests completed, cleaning up...
[2024-11-06T12:05:17-0600] -------------------------------
[2024-11-06T12:07:12-0600] [measurement] Load environment variables from prod.env file
[2024-11-06T12:07:12-0600] Starting a network measurement, please choose a server
[2024-11-06T12:07:12-0600] 0) West Cloud: 54.176.53.206
[2024-11-06T12:07:12-0600] 1) East Cloud: 54.197.223.49
[2024-11-06T12:07:17-0600] Enter your choice (0-1): Testing att, server 1 (ip: 54.197.223.49, nuttcp_port: 5102, iperf_port: 5002)
[2024-11-06T12:07:17-0600] -------------------------------
[2024-11-06T12:07:17-0600] tcp downlink test started at 2024-11-06 12:07:17.107 CST
[2024-11-06T12:07:17-0600] Testing tcp downlink with 54.197.223.49:5102, interval 0.5 s, duration 120 s, timeout 121 s...
[2024-11-06T12:09:18-0600] Current time exceeds end time, skipping wait
[2024-11-06T12:09:18-0600] Saved tcp downlink test to /data/data/com.termux/files/home/storage/shared/bos_la_2024_trip/att/20241106/120717085/tcp_downlink_120717140.out
[2024-11-06T12:09:18-0600] DL AVG TPUT: 
[2024-11-06T12:09:18-0600] tcp downlink test finished at 2024-11-06 12:09:18.232 CST, duration: 121.125 s
[2024-11-06T12:09:18-0600] -------------------------------
[2024-11-06T12:09:18-0600] Waiting for 2 s...
[2024-11-06T12:09:20-0600] -------------------------------
[2024-11-06T12:09:20-0600] Starting 5G booster for 5 s...
[2024-11-06T12:09:20-0600] 5G booster started at 2024-11-06 12:09:20.365 CST
[2024-11-06T12:09:26-0600] Current time exceeds end time, skipping wait
[2024-11-06T12:09:26-0600] Saved TCP DL results to /data/data/com.termux/files/home/storage/shared/bos_la_2024_trip/att/20241106/120717085/tcp_downlink_120920416.out
[2024-11-06T12:09:26-0600] DL AVG TPUT: 
[2024-11-06T12:09:26-0600] 5G booster finished at 2024-11-06 12:09:26.489 CST, duration: 6.124 s
[2024-11-06T12:09:26-0600] -------------------------------
[2024-11-06T12:09:26-0600] Waiting for 2 s...
[2024-11-06T12:09:28-0600] -------------------------------
[2024-11-06T12:09:28-0600] tcp uplink test started at 2024-11-06 12:09:28.581 CST
[2024-11-06T12:09:28-0600] testing tcp uplink with 54.197.223.49:5102, interval 0.5, duration 120, timeout 121 ...
[2024-11-06T12:11:29-0600] Current time exceeds end time, skipping wait
[2024-11-06T12:11:29-0600] Saved uplink test to /data/data/com.termux/files/home/storage/shared/bos_la_2024_trip/att/20241106/120717085/tcp_uplink_120928611.out
[2024-11-06T12:11:29-0600] UL AVG TPUT: 
[2024-11-06T12:11:29-0600] tcp uplink test finished at 2024-11-06 12:11:29.727 CST, duration: 121.146 s
[2024-11-06T12:11:29-0600] -------------------------------
[2024-11-06T12:11:29-0600] Waiting for 2 s...
[2024-11-06T12:11:31-0600] -------------------------------
[2024-11-06T12:11:31-0600] Starting 5G booster for 5 s...
[2024-11-06T12:11:31-0600] 5G booster started at 2024-11-06 12:11:31.841 CST
[2024-11-06T12:11:37-0600] Current time exceeds end time, skipping wait
[2024-11-06T12:11:37-0600] Saved TCP DL results to /data/data/com.termux/files/home/storage/shared/bos_la_2024_trip/att/20241106/120717085/tcp_downlink_121131870.out
[2024-11-06T12:11:37-0600] DL AVG TPUT: 
[2024-11-06T12:11:37-0600] 5G booster finished at 2024-11-06 12:11:37.925 CST, duration: 6.084 s
[2024-11-06T12:11:37-0600] -------------------------------
[2024-11-06T12:11:37-0600] Waiting for 2 s...
[2024-11-06T12:11:40-0600] -------------------------------
[2024-11-06T12:11:40-0600] ICMP Ping test started at 2024-11-06 12:11:40.027 CST
[2024-11-06T12:12:10-0600] Waiting for .887 s to reach end time
[2024-11-06T12:12:11-0600] Saved ping test to /data/data/com.termux/files/home/storage/shared/bos_la_2024_trip/att/20241106/120717085/icmp_ping_121140075.out
[2024-11-06T12:12:11-0600] Ping summary (min/avg/max/mdev) = 44.993/56.693/90.315/6.299 ms
[2024-11-06T12:12:11-0600] Ping test finished at 2024-11-06 12:12:11.181 CST, duration: 31.154 s
[2024-11-06T12:12:11-0600] -------------------------------
[2024-11-06T12:12:11-0600] Waiting for 2 s...
[2024-11-06T12:12:13-0600] -------------------------------
[2024-11-06T12:12:13-0600] Starting 5G booster for 5 s...
[2024-11-06T12:12:13-0600] 5G booster started at 2024-11-06 12:12:13.294 CST
[2024-11-06T12:12:19-0600] Current time exceeds end time, skipping wait
[2024-11-06T12:12:19-0600] Saved TCP DL results to /data/data/com.termux/files/home/storage/shared/bos_la_2024_trip/att/20241106/120717085/tcp_downlink_121213322.out
[2024-11-06T12:12:19-0600] DL AVG TPUT: 
[2024-11-06T12:12:19-0600] 5G booster finished at 2024-11-06 12:12:19.399 CST, duration: 6.105 s
[2024-11-06T12:12:19-0600] -------------------------------
[2024-11-06T12:12:19-0600] Waiting for 2 s...
[2024-11-06T12:12:21-0600] -------------------------------
[2024-11-06T12:12:21-0600] TCP Ping test started at 2024-11-06 12:12:21.533 CST
[2024-11-06T12:12:52-0600] Current time exceeds end time, skipping wait
[2024-11-06T12:12:52-0600] Saved TCP Ping test to /data/data/com.termux/files/home/storage/shared/bos_la_2024_trip/att/20241106/120717085/tcp_ping_121221583.out
[2024-11-06T12:12:52-0600] TCP Ping summary (min/avg/max/mdev) 
[2024-11-06T12:12:52-0600] TCP Ping test finished at 2024-11-06 12:12:52.664 CST, duration: 31.131 s
[2024-11-06T12:12:52-0600] -------------------------------
[2024-11-06T12:12:52-0600] Waiting for 2 s...
[2024-11-06T12:12:54-0600] -------------------------------
[2024-11-06T12:12:54-0600] Traceroute test started at 2024-11-06 12:12:54.736 CST
[2024-11-06T12:13:00-0600] Waiting for 24.227 s to reach end time
[2024-11-06T12:13:24-0600] Saved traceroute test to /data/data/com.termux/files/home/storage/shared/bos_la_2024_trip/att/20241106/120717085/traceroute_121254760.out
[2024-11-06T12:13:24-0600] Traceroute summary (min/avg/max/mdev) 
[2024-11-06T12:13:24-0600] Traceroute test finished at 2024-11-06 12:13:24.823 CST, duration: 30.087 s
[2024-11-06T12:13:24-0600] -------------------------------
[2024-11-06T12:13:24-0600] All tests completed, cleaning up...
[2024-11-06T12:13:24-0600] -------------------------------
[2024-11-06T12:13:54-0600] [measurement] Load environment variables from prod.env file
[2024-11-06T12:13:54-0600] Starting a network measurement, please choose a server
[2024-11-06T12:13:54-0600] 0) West Cloud: 54.176.53.206
[2024-11-06T12:13:54-0600] 1) East Cloud: 54.197.223.49
[2024-11-06T12:14:00-0600] Enter your choice (0-1): Testing att, server 1 (ip: 54.197.223.49, nuttcp_port: 5102, iperf_port: 5002)
[2024-11-06T12:14:00-0600] -------------------------------
[2024-11-06T12:14:00-0600] tcp downlink test started at 2024-11-06 12:14:00.697 CST
[2024-11-06T12:14:00-0600] Testing tcp downlink with 54.197.223.49:5102, interval 0.5 s, duration 120 s, timeout 121 s...
[2024-11-06T12:16:01-0600] Current time exceeds end time, skipping wait
[2024-11-06T12:16:01-0600] Saved tcp downlink test to /data/data/com.termux/files/home/storage/shared/bos_la_2024_trip/att/20241106/121400677/tcp_downlink_121400721.out
[2024-11-06T12:16:01-0600] DL AVG TPUT: 
[2024-11-06T12:16:01-0600] tcp downlink test finished at 2024-11-06 12:16:01.841 CST, duration: 121.144 s
[2024-11-06T12:16:01-0600] -------------------------------
[2024-11-06T12:16:01-0600] Waiting for 2 s...
[2024-11-06T12:16:03-0600] -------------------------------
[2024-11-06T12:16:03-0600] Starting 5G booster for 5 s...
[2024-11-06T12:16:03-0600] 5G booster started at 2024-11-06 12:16:03.978 CST
[2024-11-06T12:16:10-0600] Current time exceeds end time, skipping wait
[2024-11-06T12:16:10-0600] Saved TCP DL results to /data/data/com.termux/files/home/storage/shared/bos_la_2024_trip/att/20241106/121400677/tcp_downlink_121604007.out
[2024-11-06T12:16:10-0600] DL AVG TPUT: 
[2024-11-06T12:16:10-0600] 5G booster finished at 2024-11-06 12:16:10.117 CST, duration: 6.139 s
[2024-11-06T12:16:10-0600] -------------------------------
[2024-11-06T12:16:10-0600] Waiting for 2 s...
[2024-11-06T12:16:12-0600] -------------------------------
[2024-11-06T12:16:12-0600] tcp uplink test started at 2024-11-06 12:16:12.239 CST
[2024-11-06T12:16:12-0600] testing tcp uplink with 54.197.223.49:5102, interval 0.5, duration 120, timeout 121 ...
[2024-11-06T12:18:13-0600] Current time exceeds end time, skipping wait
[2024-11-06T12:18:13-0600] Saved uplink test to /data/data/com.termux/files/home/storage/shared/bos_la_2024_trip/att/20241106/121400677/tcp_uplink_121612268.out
[2024-11-06T12:18:13-0600] UL AVG TPUT: 
[2024-11-06T12:18:13-0600] tcp uplink test finished at 2024-11-06 12:18:13.347 CST, duration: 121.108 s
[2024-11-06T12:18:13-0600] -------------------------------
[2024-11-06T12:18:13-0600] Waiting for 2 s...
[2024-11-06T12:18:15-0600] -------------------------------
[2024-11-06T12:18:15-0600] Starting 5G booster for 5 s...
[2024-11-06T12:18:15-0600] 5G booster started at 2024-11-06 12:18:15.484 CST
[2024-11-06T12:18:21-0600] Current time exceeds end time, skipping wait
[2024-11-06T12:18:21-0600] Saved TCP DL results to /data/data/com.termux/files/home/storage/shared/bos_la_2024_trip/att/20241106/121400677/tcp_downlink_121815515.out
[2024-11-06T12:18:21-0600] DL AVG TPUT: 
[2024-11-06T12:18:21-0600] 5G booster finished at 2024-11-06 12:18:21.608 CST, duration: 6.124 s
[2024-11-06T12:18:21-0600] -------------------------------
[2024-11-06T12:18:21-0600] Waiting for 2 s...
[2024-11-06T12:18:23-0600] -------------------------------
[2024-11-06T12:18:23-0600] ICMP Ping test started at 2024-11-06 12:18:23.714 CST
[2024-11-06T12:18:53-0600] Waiting for .860 s to reach end time
[2024-11-06T12:18:54-0600] Saved ping test to /data/data/com.termux/files/home/storage/shared/bos_la_2024_trip/att/20241106/121400677/icmp_ping_121823768.out
[2024-11-06T12:18:54-0600] Ping summary (min/avg/max/mdev) = 44.272/53.650/137.614/9.667 ms
[2024-11-06T12:18:54-0600] Ping test finished at 2024-11-06 12:18:54.799 CST, duration: 31.085 s
[2024-11-06T12:18:54-0600] -------------------------------
[2024-11-06T12:18:54-0600] Waiting for 2 s...
[2024-11-06T12:18:56-0600] -------------------------------
[2024-11-06T12:18:56-0600] Starting 5G booster for 5 s...
[2024-11-06T12:18:56-0600] 5G booster started at 2024-11-06 12:18:56.925 CST
[2024-11-06T12:19:03-0600] Current time exceeds end time, skipping wait
[2024-11-06T12:19:03-0600] Saved TCP DL results to /data/data/com.termux/files/home/storage/shared/bos_la_2024_trip/att/20241106/121400677/tcp_downlink_121856953.out
[2024-11-06T12:19:03-0600] DL AVG TPUT: 
[2024-11-06T12:19:03-0600] 5G booster finished at 2024-11-06 12:19:03.031 CST, duration: 6.106 s
[2024-11-06T12:19:03-0600] -------------------------------
[2024-11-06T12:19:03-0600] Waiting for 2 s...
[2024-11-06T12:19:05-0600] -------------------------------
[2024-11-06T12:19:05-0600] TCP Ping test started at 2024-11-06 12:19:05.148 CST
[2024-11-06T12:19:36-0600] Current time exceeds end time, skipping wait
[2024-11-06T12:19:36-0600] Saved TCP Ping test to /data/data/com.termux/files/home/storage/shared/bos_la_2024_trip/att/20241106/121400677/tcp_ping_121905182.out
[2024-11-06T12:19:36-0600] TCP Ping summary (min/avg/max/mdev) 
[2024-11-06T12:19:36-0600] TCP Ping test finished at 2024-11-06 12:19:36.273 CST, duration: 31.125 s
[2024-11-06T12:19:36-0600] -------------------------------
[2024-11-06T12:19:36-0600] Waiting for 2 s...
[2024-11-06T12:19:38-0600] -------------------------------
[2024-11-06T12:19:38-0600] Traceroute test started at 2024-11-06 12:19:38.405 CST
[2024-11-06T12:19:44-0600] Waiting for 24.264 s to reach end time
[2024-11-06T12:20:08-0600] Saved traceroute test to /data/data/com.termux/files/home/storage/shared/bos_la_2024_trip/att/20241106/121400677/traceroute_121938455.out
[2024-11-06T12:20:08-0600] Traceroute summary (min/avg/max/mdev) 
[2024-11-06T12:20:08-0600] Traceroute test finished at 2024-11-06 12:20:08.501 CST, duration: 30.096 s
[2024-11-06T12:20:08-0600] -------------------------------
[2024-11-06T12:20:08-0600] All tests completed, cleaning up...
[2024-11-06T12:20:08-0600] -------------------------------
[2024-11-06T12:20:41-0600] [measurement] Load environment variables from prod.env file
[2024-11-06T12:20:41-0600] Starting a network measurement, please choose a server
[2024-11-06T12:20:41-0600] 0) West Cloud: 54.176.53.206
[2024-11-06T12:20:41-0600] 1) East Cloud: 54.197.223.49
[2024-11-06T12:20:52-0600] Enter your choice (0-1): Testing att, server 1 (ip: 54.197.223.49, nuttcp_port: 5102, iperf_port: 5002)
[2024-11-06T12:20:52-0600] -------------------------------
[2024-11-06T12:20:52-0600] tcp downlink test started at 2024-11-06 12:20:52.070 CST
[2024-11-06T12:20:52-0600] Testing tcp downlink with 54.197.223.49:5102, interval 0.5 s, duration 120 s, timeout 121 s...
[2024-11-06T12:22:53-0600] Current time exceeds end time, skipping wait
[2024-11-06T12:22:53-0600] Saved tcp downlink test to /data/data/com.termux/files/home/storage/shared/bos_la_2024_trip/att/20241106/122052040/tcp_downlink_122052111.out
[2024-11-06T12:22:53-0600] DL AVG TPUT: 
[2024-11-06T12:22:53-0600] tcp downlink test finished at 2024-11-06 12:22:53.221 CST, duration: 121.151 s
[2024-11-06T12:22:53-0600] -------------------------------
[2024-11-06T12:22:53-0600] Waiting for 2 s...
[2024-11-06T12:22:55-0600] -------------------------------
[2024-11-06T12:22:55-0600] Starting 5G booster for 5 s...
[2024-11-06T12:22:55-0600] 5G booster started at 2024-11-06 12:22:55.352 CST
[2024-11-06T12:23:01-0600] Current time exceeds end time, skipping wait
[2024-11-06T12:23:01-0600] Saved TCP DL results to /data/data/com.termux/files/home/storage/shared/bos_la_2024_trip/att/20241106/122052040/tcp_downlink_122255379.out
[2024-11-06T12:23:01-0600] DL AVG TPUT: 
[2024-11-06T12:23:01-0600] 5G booster finished at 2024-11-06 12:23:01.488 CST, duration: 6.136 s
[2024-11-06T12:23:01-0600] -------------------------------
[2024-11-06T12:23:01-0600] Waiting for 2 s...
[2024-11-06T12:23:03-0600] -------------------------------
[2024-11-06T12:23:03-0600] tcp uplink test started at 2024-11-06 12:23:03.627 CST
[2024-11-06T12:23:03-0600] testing tcp uplink with 54.197.223.49:5102, interval 0.5, duration 120, timeout 121 ...
[2024-11-06T12:25:04-0600] Current time exceeds end time, skipping wait
[2024-11-06T12:25:04-0600] Saved uplink test to /data/data/com.termux/files/home/storage/shared/bos_la_2024_trip/att/20241106/122052040/tcp_uplink_122303660.out
[2024-11-06T12:25:04-0600] UL AVG TPUT: 49.7941 Mbps
[2024-11-06T12:25:04-0600] tcp uplink test finished at 2024-11-06 12:25:04.730 CST, duration: 121.103 s
[2024-11-06T12:25:04-0600] -------------------------------
[2024-11-06T12:25:04-0600] Waiting for 2 s...
[2024-11-06T12:25:06-0600] -------------------------------
[2024-11-06T12:25:06-0600] Starting 5G booster for 5 s...
[2024-11-06T12:25:06-0600] 5G booster started at 2024-11-06 12:25:06.885 CST
[2024-11-06T12:25:13-0600] Current time exceeds end time, skipping wait
[2024-11-06T12:25:13-0600] Saved TCP DL results to /data/data/com.termux/files/home/storage/shared/bos_la_2024_trip/att/20241106/122052040/tcp_downlink_122506918.out
[2024-11-06T12:25:13-0600] DL AVG TPUT: 
[2024-11-06T12:25:13-0600] 5G booster finished at 2024-11-06 12:25:13.018 CST, duration: 6.133 s
[2024-11-06T12:25:13-0600] -------------------------------
[2024-11-06T12:25:13-0600] Waiting for 2 s...
[2024-11-06T12:25:15-0600] -------------------------------
[2024-11-06T12:25:15-0600] ICMP Ping test started at 2024-11-06 12:25:15.150 CST
[2024-11-06T12:25:45-0600] Waiting for .830 s to reach end time
[2024-11-06T12:25:46-0600] Saved ping test to /data/data/com.termux/files/home/storage/shared/bos_la_2024_trip/att/20241106/122052040/icmp_ping_122515191.out
[2024-11-06T12:25:46-0600] Ping summary (min/avg/max/mdev) = 42.282/56.290/96.605/7.119 ms
[2024-11-06T12:25:46-0600] Ping test finished at 2024-11-06 12:25:46.242 CST, duration: 31.092 s
[2024-11-06T12:25:46-0600] -------------------------------
[2024-11-06T12:25:46-0600] Waiting for 2 s...
[2024-11-06T12:25:48-0600] -------------------------------
[2024-11-06T12:25:48-0600] Starting 5G booster for 5 s...
[2024-11-06T12:25:48-0600] 5G booster started at 2024-11-06 12:25:48.387 CST
[2024-11-06T12:25:54-0600] Current time exceeds end time, skipping wait
[2024-11-06T12:25:54-0600] Saved TCP DL results to /data/data/com.termux/files/home/storage/shared/bos_la_2024_trip/att/20241106/122052040/tcp_downlink_122548418.out
[2024-11-06T12:25:54-0600] DL AVG TPUT: 
[2024-11-06T12:25:54-0600] 5G booster finished at 2024-11-06 12:25:54.505 CST, duration: 6.118 s
[2024-11-06T12:25:54-0600] -------------------------------
[2024-11-06T12:25:54-0600] Waiting for 2 s...
[2024-11-06T12:25:56-0600] -------------------------------
[2024-11-06T12:25:56-0600] TCP Ping test started at 2024-11-06 12:25:56.610 CST
[2024-11-06T12:26:27-0600] Current time exceeds end time, skipping wait
[2024-11-06T12:26:27-0600] Saved TCP Ping test to /data/data/com.termux/files/home/storage/shared/bos_la_2024_trip/att/20241106/122052040/tcp_ping_122556668.out
[2024-11-06T12:26:27-0600] TCP Ping summary (min/avg/max/mdev) 
[2024-11-06T12:26:27-0600] TCP Ping test finished at 2024-11-06 12:26:27.765 CST, duration: 31.155 s
[2024-11-06T12:26:27-0600] -------------------------------
[2024-11-06T12:26:27-0600] Waiting for 2 s...
[2024-11-06T12:26:29-0600] -------------------------------
[2024-11-06T12:26:29-0600] Traceroute test started at 2024-11-06 12:26:29.891 CST
[2024-11-06T12:26:35-0600] Waiting for 24.167 s to reach end time
[2024-11-06T12:26:59-0600] Saved traceroute test to /data/data/com.termux/files/home/storage/shared/bos_la_2024_trip/att/20241106/122052040/traceroute_122629944.out
[2024-11-06T12:26:59-0600] Traceroute summary (min/avg/max/mdev) 
[2024-11-06T12:27:00-0600] Traceroute test finished at 2024-11-06 12:26:59.971 CST, duration: 30.080 s
[2024-11-06T12:27:00-0600] -------------------------------
[2024-11-06T12:27:00-0600] All tests completed, cleaning up...
[2024-11-06T12:27:00-0600] -------------------------------
[2024-11-06T12:27:37-0600] [measurement] Load environment variables from prod.env file
[2024-11-06T12:27:37-0600] Starting a network measurement, please choose a server
[2024-11-06T12:27:37-0600] 0) West Cloud: 54.176.53.206
[2024-11-06T12:27:37-0600] 1) East Cloud: 54.197.223.49
[2024-11-06T13:27:48-0500] Enter your choice (0-1): Testing att, server 1 (ip: 54.197.223.49, nuttcp_port: 5102, iperf_port: 5002)
[2024-11-06T13:27:48-0500] -------------------------------
[2024-11-06T13:27:48-0500] tcp downlink test started at 2024-11-06 13:27:48.724 EST
[2024-11-06T13:27:48-0500] Testing tcp downlink with 54.197.223.49:5102, interval 0.5 s, duration 120 s, timeout 121 s...
[2024-11-06T13:29:49-0500] Current time exceeds end time, skipping wait
[2024-11-06T13:29:49-0500] Saved tcp downlink test to /data/data/com.termux/files/home/storage/shared/bos_la_2024_trip/att/20241106/132748695/tcp_downlink_132748766.out
[2024-11-06T13:29:49-0500] DL AVG TPUT: 
[2024-11-06T13:29:49-0500] tcp downlink test finished at 2024-11-06 13:29:49.906 EST, duration: 121.182 s
[2024-11-06T13:29:49-0500] -------------------------------
[2024-11-06T13:29:49-0500] Waiting for 2 s...
[2024-11-06T13:29:52-0500] -------------------------------
[2024-11-06T13:29:52-0500] Starting 5G booster for 5 s...
[2024-11-06T13:29:52-0500] 5G booster started at 2024-11-06 13:29:52.047 EST
[2024-11-06T13:29:58-0500] Current time exceeds end time, skipping wait
[2024-11-06T13:29:58-0500] Saved TCP DL results to /data/data/com.termux/files/home/storage/shared/bos_la_2024_trip/att/20241106/132748695/tcp_downlink_132952080.out
[2024-11-06T13:29:58-0500] DL AVG TPUT: 
[2024-11-06T13:29:58-0500] 5G booster finished at 2024-11-06 13:29:58.187 EST, duration: 6.140 s
[2024-11-06T13:29:58-0500] -------------------------------
[2024-11-06T13:29:58-0500] Waiting for 2 s...
[2024-11-06T13:30:00-0500] -------------------------------
[2024-11-06T13:30:00-0500] tcp uplink test started at 2024-11-06 13:30:00.286 EST
[2024-11-06T13:30:00-0500] testing tcp uplink with 54.197.223.49:5102, interval 0.5, duration 120, timeout 121 ...
[2024-11-06T13:32:01-0500] Current time exceeds end time, skipping wait
[2024-11-06T13:32:01-0500] Saved uplink test to /data/data/com.termux/files/home/storage/shared/bos_la_2024_trip/att/20241106/132748695/tcp_uplink_133000335.out
[2024-11-06T13:32:01-0500] UL AVG TPUT: 
[2024-11-06T13:32:01-0500] tcp uplink test finished at 2024-11-06 13:32:01.433 EST, duration: 121.147 s
[2024-11-06T13:32:01-0500] -------------------------------
[2024-11-06T13:32:01-0500] Waiting for 2 s...
[2024-11-06T13:32:03-0500] -------------------------------
[2024-11-06T13:32:03-0500] Starting 5G booster for 5 s...
[2024-11-06T13:32:03-0500] 5G booster started at 2024-11-06 13:32:03.600 EST
[2024-11-06T13:32:09-0500] Current time exceeds end time, skipping wait
[2024-11-06T13:32:09-0500] Saved TCP DL results to /data/data/com.termux/files/home/storage/shared/bos_la_2024_trip/att/20241106/132748695/tcp_downlink_133203643.out
[2024-11-06T13:32:09-0500] DL AVG TPUT: 
[2024-11-06T13:32:09-0500] 5G booster finished at 2024-11-06 13:32:09.781 EST, duration: 6.181 s
[2024-11-06T13:32:09-0500] -------------------------------
[2024-11-06T13:32:09-0500] Waiting for 2 s...
[2024-11-06T13:32:11-0500] -------------------------------
[2024-11-06T13:32:11-0500] ICMP Ping test started at 2024-11-06 13:32:11.939 EST
[2024-11-06T13:32:42-0500] Waiting for .836 s to reach end time
[2024-11-06T13:32:43-0500] Saved ping test to /data/data/com.termux/files/home/storage/shared/bos_la_2024_trip/att/20241106/132748695/icmp_ping_133211984.out
[2024-11-06T13:32:43-0500] Ping summary (min/avg/max/mdev) = 47.642/56.946/71.390/3.234 ms
[2024-11-06T13:32:43-0500] Ping test finished at 2024-11-06 13:32:43.045 EST, duration: 31.106 s
[2024-11-06T13:32:43-0500] -------------------------------
[2024-11-06T13:32:43-0500] Waiting for 2 s...
[2024-11-06T13:32:45-0500] -------------------------------
[2024-11-06T13:32:45-0500] Starting 5G booster for 5 s...
[2024-11-06T13:32:45-0500] 5G booster started at 2024-11-06 13:32:45.197 EST
[2024-11-06T13:32:51-0500] Current time exceeds end time, skipping wait
[2024-11-06T13:32:51-0500] Saved TCP DL results to /data/data/com.termux/files/home/storage/shared/bos_la_2024_trip/att/20241106/132748695/tcp_downlink_133245250.out
[2024-11-06T13:32:51-0500] DL AVG TPUT: 
[2024-11-06T13:32:51-0500] 5G booster finished at 2024-11-06 13:32:51.334 EST, duration: 6.137 s
[2024-11-06T13:32:51-0500] -------------------------------
[2024-11-06T13:32:51-0500] Waiting for 2 s...
[2024-11-06T13:32:53-0500] -------------------------------
[2024-11-06T13:32:53-0500] TCP Ping test started at 2024-11-06 13:32:53.479 EST
[2024-11-06T13:33:24-0500] Current time exceeds end time, skipping wait
[2024-11-06T13:33:24-0500] Saved TCP Ping test to /data/data/com.termux/files/home/storage/shared/bos_la_2024_trip/att/20241106/132748695/tcp_ping_133253522.out
[2024-11-06T13:33:24-0500] TCP Ping summary (min/avg/max/mdev) 
[2024-11-06T13:33:24-0500] TCP Ping test finished at 2024-11-06 13:33:24.638 EST, duration: 31.159 s
[2024-11-06T13:33:24-0500] -------------------------------
[2024-11-06T13:33:24-0500] Waiting for 2 s...
[2024-11-06T13:33:26-0500] -------------------------------
[2024-11-06T13:33:26-0500] Traceroute test started at 2024-11-06 13:33:26.734 EST
[2024-11-06T13:33:32-0500] Waiting for 24.066 s to reach end time
[2024-11-06T13:33:56-0500] Saved traceroute test to /data/data/com.termux/files/home/storage/shared/bos_la_2024_trip/att/20241106/132748695/traceroute_133326758.out
[2024-11-06T13:33:56-0500] Traceroute summary (min/avg/max/mdev) 
[2024-11-06T13:33:56-0500] Traceroute test finished at 2024-11-06 13:33:56.846 EST, duration: 30.112 s
[2024-11-06T13:33:56-0500] -------------------------------
[2024-11-06T13:33:56-0500] All tests completed, cleaning up...
[2024-11-06T13:33:56-0500] -------------------------------
[2024-11-06T13:36:40-0500] [measurement] Load environment variables from prod.env file
[2024-11-06T13:36:40-0500] Starting a network measurement, please choose a server
[2024-11-06T13:36:40-0500] 0) West Cloud: 54.176.53.206
[2024-11-06T13:36:40-0500] 1) East Cloud: 54.197.223.49
[2024-11-06T13:37:11-0500] Enter your choice (0-1): Testing att, server 1 (ip: 54.197.223.49, nuttcp_port: 5102, iperf_port: 5002)
[2024-11-06T13:37:11-0500] -------------------------------
[2024-11-06T13:37:11-0500] tcp downlink test started at 2024-11-06 13:37:11.696 EST
[2024-11-06T13:37:11-0500] Testing tcp downlink with 54.197.223.49:5102, interval 0.5 s, duration 120 s, timeout 121 s...
[2024-11-06T13:39:12-0500] Current time exceeds end time, skipping wait
[2024-11-06T13:39:12-0500] Saved tcp downlink test to /data/data/com.termux/files/home/storage/shared/bos_la_2024_trip/att/20241106/133711672/tcp_downlink_133711730.out
[2024-11-06T13:39:12-0500] DL AVG TPUT: 
[2024-11-06T13:39:12-0500] tcp downlink test finished at 2024-11-06 13:39:12.864 EST, duration: 121.168 s
[2024-11-06T13:39:12-0500] -------------------------------
[2024-11-06T13:39:12-0500] Waiting for 2 s...
[2024-11-06T13:39:15-0500] -------------------------------
[2024-11-06T13:39:15-0500] Starting 5G booster for 5 s...
[2024-11-06T13:39:15-0500] 5G booster started at 2024-11-06 13:39:15.030 EST
[2024-11-06T13:39:21-0500] Current time exceeds end time, skipping wait
[2024-11-06T13:39:21-0500] Saved TCP DL results to /data/data/com.termux/files/home/storage/shared/bos_la_2024_trip/att/20241106/133711672/tcp_downlink_133915063.out
[2024-11-06T13:39:21-0500] DL AVG TPUT: 
[2024-11-06T13:39:21-0500] 5G booster finished at 2024-11-06 13:39:21.176 EST, duration: 6.146 s
[2024-11-06T13:39:21-0500] -------------------------------
[2024-11-06T13:39:21-0500] Waiting for 2 s...
[2024-11-06T13:39:23-0500] -------------------------------
[2024-11-06T13:39:23-0500] tcp uplink test started at 2024-11-06 13:39:23.317 EST
[2024-11-06T13:39:23-0500] testing tcp uplink with 54.197.223.49:5102, interval 0.5, duration 120, timeout 121 ...
[2024-11-06T13:41:24-0500] Current time exceeds end time, skipping wait
[2024-11-06T13:41:24-0500] Saved uplink test to /data/data/com.termux/files/home/storage/shared/bos_la_2024_trip/att/20241106/133711672/tcp_uplink_133923359.out
[2024-11-06T13:41:24-0500] UL AVG TPUT: 
[2024-11-06T13:41:24-0500] tcp uplink test finished at 2024-11-06 13:41:24.503 EST, duration: 121.186 s
[2024-11-06T13:41:24-0500] -------------------------------
[2024-11-06T13:41:24-0500] Waiting for 2 s...
[2024-11-06T13:41:26-0500] -------------------------------
[2024-11-06T13:41:26-0500] Starting 5G booster for 5 s...
[2024-11-06T13:41:26-0500] 5G booster started at 2024-11-06 13:41:26.649 EST
[2024-11-06T13:41:32-0500] Current time exceeds end time, skipping wait
[2024-11-06T13:41:32-0500] Saved TCP DL results to /data/data/com.termux/files/home/storage/shared/bos_la_2024_trip/att/20241106/133711672/tcp_downlink_134126690.out
[2024-11-06T13:41:32-0500] DL AVG TPUT: 
[2024-11-06T13:41:32-0500] 5G booster finished at 2024-11-06 13:41:32.840 EST, duration: 6.191 s
[2024-11-06T13:41:32-0500] -------------------------------
[2024-11-06T13:41:32-0500] Waiting for 2 s...
[2024-11-06T13:41:34-0500] -------------------------------
[2024-11-06T13:41:35-0500] ICMP Ping test started at 2024-11-06 13:41:34.983 EST
[2024-11-06T13:42:05-0500] Waiting for .856 s to reach end time
[2024-11-06T13:42:06-0500] Saved ping test to /data/data/com.termux/files/home/storage/shared/bos_la_2024_trip/att/20241106/133711672/icmp_ping_134135028.out
[2024-11-06T13:42:06-0500] Ping summary (min/avg/max/mdev) = 48.313/74.856/184.575/17.620 ms
[2024-11-06T13:42:06-0500] Ping test finished at 2024-11-06 13:42:06.089 EST, duration: 31.106 s
[2024-11-06T13:42:06-0500] -------------------------------
[2024-11-06T13:42:06-0500] Waiting for 2 s...
[2024-11-06T13:42:08-0500] -------------------------------
[2024-11-06T13:42:08-0500] Starting 5G booster for 5 s...
[2024-11-06T13:42:08-0500] 5G booster started at 2024-11-06 13:42:08.219 EST
[2024-11-06T13:42:14-0500] Current time exceeds end time, skipping wait
[2024-11-06T13:42:14-0500] Saved TCP DL results to /data/data/com.termux/files/home/storage/shared/bos_la_2024_trip/att/20241106/133711672/tcp_downlink_134208258.out
[2024-11-06T13:42:14-0500] DL AVG TPUT: 
[2024-11-06T13:42:14-0500] 5G booster finished at 2024-11-06 13:42:14.345 EST, duration: 6.126 s
[2024-11-06T13:42:14-0500] -------------------------------
[2024-11-06T13:42:14-0500] Waiting for 2 s...
[2024-11-06T13:42:16-0500] -------------------------------
[2024-11-06T13:42:16-0500] TCP Ping test started at 2024-11-06 13:42:16.482 EST
[2024-11-06T13:42:47-0500] Current time exceeds end time, skipping wait
[2024-11-06T13:42:47-0500] Saved TCP Ping test to /data/data/com.termux/files/home/storage/shared/bos_la_2024_trip/att/20241106/133711672/tcp_ping_134216548.out
[2024-11-06T13:42:47-0500] TCP Ping summary (min/avg/max/mdev) 
[2024-11-06T13:42:47-0500] TCP Ping test finished at 2024-11-06 13:42:47.667 EST, duration: 31.185 s
[2024-11-06T13:42:47-0500] -------------------------------
[2024-11-06T13:42:47-0500] Waiting for 2 s...
[2024-11-06T13:42:49-0500] -------------------------------
[2024-11-06T13:42:49-0500] Traceroute test started at 2024-11-06 13:42:49.795 EST
[2024-11-06T13:42:55-0500] Waiting for 24.153 s to reach end time
[2024-11-06T13:43:19-0500] Saved traceroute test to /data/data/com.termux/files/home/storage/shared/bos_la_2024_trip/att/20241106/133711672/traceroute_134249828.out
[2024-11-06T13:43:19-0500] Traceroute summary (min/avg/max/mdev) 
[2024-11-06T13:43:19-0500] Traceroute test finished at 2024-11-06 13:43:19.898 EST, duration: 30.103 s
[2024-11-06T13:43:19-0500] -------------------------------
[2024-11-06T13:43:19-0500] All tests completed, cleaning up...
[2024-11-06T13:43:19-0500] -------------------------------
[2024-11-06T13:43:50-0500] [measurement] Load environment variables from prod.env file
[2024-11-06T13:43:50-0500] Starting a network measurement, please choose a server
[2024-11-06T13:43:50-0500] 0) West Cloud: 54.176.53.206
[2024-11-06T13:43:50-0500] 1) East Cloud: 54.197.223.49
[2024-11-06T13:43:56-0500] Enter your choice (0-1): Testing att, server 1 (ip: 54.197.223.49, nuttcp_port: 5102, iperf_port: 5002)
[2024-11-06T13:43:56-0500] -------------------------------
[2024-11-06T13:43:56-0500] tcp downlink test started at 2024-11-06 13:43:56.765 EST
[2024-11-06T13:43:56-0500] Testing tcp downlink with 54.197.223.49:5102, interval 0.5 s, duration 120 s, timeout 121 s...
[2024-11-06T13:45:57-0500] Current time exceeds end time, skipping wait
[2024-11-06T13:45:57-0500] Saved tcp downlink test to /data/data/com.termux/files/home/storage/shared/bos_la_2024_trip/att/20241106/134356747/tcp_downlink_134356789.out
[2024-11-06T13:45:57-0500] DL AVG TPUT: 
[2024-11-06T13:45:57-0500] tcp downlink test finished at 2024-11-06 13:45:57.893 EST, duration: 121.128 s
[2024-11-06T13:45:57-0500] -------------------------------
[2024-11-06T13:45:57-0500] Waiting for 2 s...
[2024-11-06T13:46:00-0500] -------------------------------
[2024-11-06T13:46:00-0500] Starting 5G booster for 5 s...
[2024-11-06T13:46:00-0500] 5G booster started at 2024-11-06 13:46:00.031 EST
[2024-11-06T13:46:06-0500] Current time exceeds end time, skipping wait
[2024-11-06T13:46:06-0500] Saved TCP DL results to /data/data/com.termux/files/home/storage/shared/bos_la_2024_trip/att/20241106/134356747/tcp_downlink_134600075.out
[2024-11-06T13:46:06-0500] DL AVG TPUT: 
[2024-11-06T13:46:06-0500] 5G booster finished at 2024-11-06 13:46:06.210 EST, duration: 6.179 s
[2024-11-06T13:46:06-0500] -------------------------------
[2024-11-06T13:46:06-0500] Waiting for 2 s...
[2024-11-06T13:46:08-0500] -------------------------------
[2024-11-06T13:46:08-0500] tcp uplink test started at 2024-11-06 13:46:08.340 EST
[2024-11-06T13:46:08-0500] testing tcp uplink with 54.197.223.49:5102, interval 0.5, duration 120, timeout 121 ...
[2024-11-06T13:48:09-0500] Current time exceeds end time, skipping wait
[2024-11-06T13:48:09-0500] Saved uplink test to /data/data/com.termux/files/home/storage/shared/bos_la_2024_trip/att/20241106/134356747/tcp_uplink_134608373.out
[2024-11-06T13:48:09-0500] UL AVG TPUT: 
[2024-11-06T13:48:09-0500] tcp uplink test finished at 2024-11-06 13:48:09.474 EST, duration: 121.134 s
[2024-11-06T13:48:09-0500] -------------------------------
[2024-11-06T13:48:09-0500] Waiting for 2 s...
[2024-11-06T13:48:11-0500] -------------------------------
[2024-11-06T13:48:11-0500] Starting 5G booster for 5 s...
[2024-11-06T13:48:11-0500] 5G booster started at 2024-11-06 13:48:11.625 EST
[2024-11-06T13:48:17-0500] Current time exceeds end time, skipping wait
[2024-11-06T13:48:17-0500] Saved TCP DL results to /data/data/com.termux/files/home/storage/shared/bos_la_2024_trip/att/20241106/134356747/tcp_downlink_134811681.out
[2024-11-06T13:48:17-0500] DL AVG TPUT: 
[2024-11-06T13:48:17-0500] 5G booster finished at 2024-11-06 13:48:17.795 EST, duration: 6.170 s
[2024-11-06T13:48:17-0500] -------------------------------
[2024-11-06T13:48:17-0500] Waiting for 2 s...
[2024-11-06T13:48:19-0500] -------------------------------
[2024-11-06T13:48:19-0500] ICMP Ping test started at 2024-11-06 13:48:19.919 EST
[2024-11-06T13:48:50-0500] Waiting for .855 s to reach end time
[2024-11-06T13:48:51-0500] Saved ping test to /data/data/com.termux/files/home/storage/shared/bos_la_2024_trip/att/20241106/134356747/icmp_ping_134819963.out
[2024-11-06T13:48:51-0500] Ping summary (min/avg/max/mdev) = 50.509/62.764/165.187/12.853 ms
[2024-11-06T13:48:51-0500] Ping test finished at 2024-11-06 13:48:51.020 EST, duration: 31.101 s
[2024-11-06T13:48:51-0500] -------------------------------
[2024-11-06T13:48:51-0500] Waiting for 2 s...
[2024-11-06T13:48:53-0500] -------------------------------
[2024-11-06T13:48:53-0500] Starting 5G booster for 5 s...
[2024-11-06T13:48:53-0500] 5G booster started at 2024-11-06 13:48:53.132 EST
[2024-11-06T13:48:59-0500] Current time exceeds end time, skipping wait
[2024-11-06T13:48:59-0500] Saved TCP DL results to /data/data/com.termux/files/home/storage/shared/bos_la_2024_trip/att/20241106/134356747/tcp_downlink_134853162.out
[2024-11-06T13:48:59-0500] DL AVG TPUT: 
[2024-11-06T13:48:59-0500] 5G booster finished at 2024-11-06 13:48:59.250 EST, duration: 6.118 s
[2024-11-06T13:48:59-0500] -------------------------------
[2024-11-06T13:48:59-0500] Waiting for 2 s...
[2024-11-06T13:49:01-0500] -------------------------------
[2024-11-06T13:49:01-0500] TCP Ping test started at 2024-11-06 13:49:01.396 EST
[2024-11-06T13:49:32-0500] Current time exceeds end time, skipping wait
[2024-11-06T13:49:32-0500] Saved TCP Ping test to /data/data/com.termux/files/home/storage/shared/bos_la_2024_trip/att/20241106/134356747/tcp_ping_134901433.out
[2024-11-06T13:49:32-0500] TCP Ping summary (min/avg/max/mdev) 
[2024-11-06T13:49:32-0500] TCP Ping test finished at 2024-11-06 13:49:32.572 EST, duration: 31.176 s
[2024-11-06T13:49:32-0500] -------------------------------
[2024-11-06T13:49:32-0500] Waiting for 2 s...
[2024-11-06T13:49:34-0500] -------------------------------
[2024-11-06T13:49:34-0500] Traceroute test started at 2024-11-06 13:49:34.699 EST
[2024-11-06T13:49:41-0500] Waiting for 23.707 s to reach end time
[2024-11-06T13:50:04-0500] Saved traceroute test to /data/data/com.termux/files/home/storage/shared/bos_la_2024_trip/att/20241106/134356747/traceroute_134934769.out
[2024-11-06T13:50:04-0500] Traceroute summary (min/avg/max/mdev) 
[2024-11-06T13:50:04-0500] Traceroute test finished at 2024-11-06 13:50:04.773 EST, duration: 30.074 s
[2024-11-06T13:50:04-0500] -------------------------------
[2024-11-06T13:50:04-0500] All tests completed, cleaning up...
[2024-11-06T13:50:04-0500] -------------------------------
[2024-11-06T13:50:43-0500] [measurement] Load environment variables from prod.env file
[2024-11-06T13:50:43-0500] Starting a network measurement, please choose a server
[2024-11-06T13:50:43-0500] 0) West Cloud: 54.176.53.206
[2024-11-06T13:50:43-0500] 1) East Cloud: 54.197.223.49
[2024-11-06T13:50:52-0500] Enter your choice (0-1): Testing att, server 1 (ip: 54.197.223.49, nuttcp_port: 5102, iperf_port: 5002)
[2024-11-06T13:50:52-0500] -------------------------------
[2024-11-06T13:50:52-0500] tcp downlink test started at 2024-11-06 13:50:52.586 EST
[2024-11-06T13:50:52-0500] Testing tcp downlink with 54.197.223.49:5102, interval 0.5 s, duration 120 s, timeout 121 s...
[2024-11-06T13:52:53-0500] Current time exceeds end time, skipping wait
[2024-11-06T13:52:53-0500] Saved tcp downlink test to /data/data/com.termux/files/home/storage/shared/bos_la_2024_trip/att/20241106/135052561/tcp_downlink_135052622.out
[2024-11-06T13:52:53-0500] DL AVG TPUT: 
[2024-11-06T13:52:53-0500] tcp downlink test finished at 2024-11-06 13:52:53.741 EST, duration: 121.155 s
[2024-11-06T13:52:53-0500] -------------------------------
[2024-11-06T13:52:53-0500] Waiting for 2 s...
[2024-11-06T13:52:55-0500] -------------------------------
[2024-11-06T13:52:55-0500] Starting 5G booster for 5 s...
[2024-11-06T13:52:55-0500] 5G booster started at 2024-11-06 13:52:55.856 EST
[2024-11-06T13:53:02-0500] Current time exceeds end time, skipping wait
[2024-11-06T13:53:02-0500] Saved TCP DL results to /data/data/com.termux/files/home/storage/shared/bos_la_2024_trip/att/20241106/135052561/tcp_downlink_135255932.out
[2024-11-06T13:53:02-0500] DL AVG TPUT: 
[2024-11-06T13:53:02-0500] 5G booster finished at 2024-11-06 13:53:02.066 EST, duration: 6.210 s
[2024-11-06T13:53:02-0500] -------------------------------
[2024-11-06T13:53:02-0500] Waiting for 2 s...
[2024-11-06T13:53:04-0500] -------------------------------
[2024-11-06T13:53:04-0500] tcp uplink test started at 2024-11-06 13:53:04.179 EST
[2024-11-06T13:53:04-0500] testing tcp uplink with 54.197.223.49:5102, interval 0.5, duration 120, timeout 121 ...
[2024-11-06T13:55:05-0500] Current time exceeds end time, skipping wait
[2024-11-06T13:55:05-0500] Saved uplink test to /data/data/com.termux/files/home/storage/shared/bos_la_2024_trip/att/20241106/135052561/tcp_uplink_135304227.out
[2024-11-06T13:55:05-0500] UL AVG TPUT: 
[2024-11-06T13:55:05-0500] tcp uplink test finished at 2024-11-06 13:55:05.354 EST, duration: 121.175 s
[2024-11-06T13:55:05-0500] -------------------------------
[2024-11-06T13:55:05-0500] Waiting for 2 s...
[2024-11-06T13:55:07-0500] -------------------------------
[2024-11-06T13:55:07-0500] Starting 5G booster for 5 s...
[2024-11-06T13:55:07-0500] 5G booster started at 2024-11-06 13:55:07.516 EST
[2024-11-06T13:55:13-0500] Current time exceeds end time, skipping wait
[2024-11-06T13:55:13-0500] Saved TCP DL results to /data/data/com.termux/files/home/storage/shared/bos_la_2024_trip/att/20241106/135052561/tcp_downlink_135507568.out
[2024-11-06T13:55:13-0500] DL AVG TPUT: 
[2024-11-06T13:55:13-0500] 5G booster finished at 2024-11-06 13:55:13.692 EST, duration: 6.176 s
[2024-11-06T13:55:13-0500] -------------------------------
[2024-11-06T13:55:13-0500] Waiting for 2 s...
[2024-11-06T13:55:15-0500] -------------------------------
[2024-11-06T13:55:15-0500] ICMP Ping test started at 2024-11-06 13:55:15.819 EST
[2024-11-06T13:55:46-0500] Waiting for .851 s to reach end time
[2024-11-06T13:55:46-0500] Saved ping test to /data/data/com.termux/files/home/storage/shared/bos_la_2024_trip/att/20241106/135052561/icmp_ping_135515853.out
[2024-11-06T13:55:46-0500] Ping summary (min/avg/max/mdev) = 45.431/61.438/139.201/9.141 ms
[2024-11-06T13:55:47-0500] Ping test finished at 2024-11-06 13:55:46.952 EST, duration: 31.133 s
[2024-11-06T13:55:47-0500] -------------------------------
[2024-11-06T13:55:47-0500] Waiting for 2 s...
[2024-11-06T13:55:49-0500] -------------------------------
[2024-11-06T13:55:49-0500] Starting 5G booster for 5 s...
[2024-11-06T13:55:49-0500] 5G booster started at 2024-11-06 13:55:49.089 EST
[2024-11-06T13:55:55-0500] Current time exceeds end time, skipping wait
[2024-11-06T13:55:55-0500] Saved TCP DL results to /data/data/com.termux/files/home/storage/shared/bos_la_2024_trip/att/20241106/135052561/tcp_downlink_135549159.out
[2024-11-06T13:55:55-0500] DL AVG TPUT: 
[2024-11-06T13:55:55-0500] 5G booster finished at 2024-11-06 13:55:55.235 EST, duration: 6.146 s
[2024-11-06T13:55:55-0500] -------------------------------
[2024-11-06T13:55:55-0500] Waiting for 2 s...
[2024-11-06T13:55:57-0500] -------------------------------
[2024-11-06T13:55:57-0500] TCP Ping test started at 2024-11-06 13:55:57.353 EST
[2024-11-06T13:56:28-0500] Current time exceeds end time, skipping wait
[2024-11-06T13:56:28-0500] Saved TCP Ping test to /data/data/com.termux/files/home/storage/shared/bos_la_2024_trip/att/20241106/135052561/tcp_ping_135557392.out
[2024-11-06T13:56:28-0500] TCP Ping summary (min/avg/max/mdev) 
[2024-11-06T13:56:28-0500] TCP Ping test finished at 2024-11-06 13:56:28.501 EST, duration: 31.148 s
[2024-11-06T13:56:28-0500] -------------------------------
[2024-11-06T13:56:28-0500] Waiting for 2 s...
[2024-11-06T13:56:30-0500] -------------------------------
[2024-11-06T13:56:30-0500] Traceroute test started at 2024-11-06 13:56:30.648 EST
[2024-11-06T13:56:36-0500] Waiting for 24.078 s to reach end time
[2024-11-06T13:57:00-0500] Saved traceroute test to /data/data/com.termux/files/home/storage/shared/bos_la_2024_trip/att/20241106/135052561/traceroute_135630685.out
[2024-11-06T13:57:00-0500] Traceroute summary (min/avg/max/mdev) 
[2024-11-06T13:57:00-0500] Traceroute test finished at 2024-11-06 13:57:00.731 EST, duration: 30.083 s
[2024-11-06T13:57:00-0500] -------------------------------
[2024-11-06T13:57:00-0500] All tests completed, cleaning up...
[2024-11-06T13:57:00-0500] -------------------------------
[2024-11-06T14:00:18-0500] [measurement] Load environment variables from prod.env file
[2024-11-06T14:00:18-0500] Starting a network measurement, please choose a server
[2024-11-06T14:00:18-0500] 0) West Cloud: 54.176.53.206
[2024-11-06T14:00:18-0500] 1) East Cloud: 54.197.223.49
[2024-11-06T14:00:31-0500] Enter your choice (0-1): Testing att, server 1 (ip: 54.197.223.49, nuttcp_port: 5102, iperf_port: 5002)
[2024-11-06T14:00:31-0500] -------------------------------
[2024-11-06T14:00:31-0500] tcp downlink test started at 2024-11-06 14:00:31.422 EST
[2024-11-06T14:00:31-0500] Testing tcp downlink with 54.197.223.49:5102, interval 0.5 s, duration 120 s, timeout 121 s...
[2024-11-06T14:02:32-0500] Current time exceeds end time, skipping wait
[2024-11-06T14:02:32-0500] Saved tcp downlink test to /data/data/com.termux/files/home/storage/shared/bos_la_2024_trip/att/20241106/140031401/tcp_downlink_140031456.out
[2024-11-06T14:02:32-0500] DL AVG TPUT: 
[2024-11-06T14:02:32-0500] tcp downlink test finished at 2024-11-06 14:02:32.553 EST, duration: 121.131 s
[2024-11-06T14:02:32-0500] -------------------------------
[2024-11-06T14:02:32-0500] Waiting for 2 s...
[2024-11-06T14:02:34-0500] -------------------------------
[2024-11-06T14:02:34-0500] Starting 5G booster for 5 s...
[2024-11-06T14:02:34-0500] 5G booster started at 2024-11-06 14:02:34.667 EST
[2024-11-06T14:02:40-0500] Current time exceeds end time, skipping wait
[2024-11-06T14:02:40-0500] Saved TCP DL results to /data/data/com.termux/files/home/storage/shared/bos_la_2024_trip/att/20241106/140031401/tcp_downlink_140234695.out
[2024-11-06T14:02:40-0500] DL AVG TPUT: 
[2024-11-06T14:02:40-0500] 5G booster finished at 2024-11-06 14:02:40.808 EST, duration: 6.141 s
[2024-11-06T14:02:40-0500] -------------------------------
[2024-11-06T14:02:40-0500] Waiting for 2 s...
[2024-11-06T14:02:42-0500] -------------------------------
[2024-11-06T14:02:42-0500] tcp uplink test started at 2024-11-06 14:02:42.905 EST
[2024-11-06T14:02:42-0500] testing tcp uplink with 54.197.223.49:5102, interval 0.5, duration 120, timeout 121 ...
[2024-11-06T14:04:44-0500] Current time exceeds end time, skipping wait
[2024-11-06T14:04:44-0500] Saved uplink test to /data/data/com.termux/files/home/storage/shared/bos_la_2024_trip/att/20241106/140031401/tcp_uplink_140242938.out
[2024-11-06T14:04:44-0500] UL AVG TPUT: 
[2024-11-06T14:04:44-0500] tcp uplink test finished at 2024-11-06 14:04:44.033 EST, duration: 121.128 s
[2024-11-06T14:04:44-0500] -------------------------------
[2024-11-06T14:04:44-0500] Waiting for 2 s...
[2024-11-06T14:04:46-0500] -------------------------------
[2024-11-06T14:04:46-0500] Starting 5G booster for 5 s...
[2024-11-06T14:04:46-0500] 5G booster started at 2024-11-06 14:04:46.183 EST
[2024-11-06T14:04:52-0500] Current time exceeds end time, skipping wait
[2024-11-06T14:04:52-0500] Saved TCP DL results to /data/data/com.termux/files/home/storage/shared/bos_la_2024_trip/att/20241106/140031401/tcp_downlink_140446213.out
[2024-11-06T14:04:52-0500] DL AVG TPUT: 
[2024-11-06T14:04:52-0500] 5G booster finished at 2024-11-06 14:04:52.298 EST, duration: 6.115 s
[2024-11-06T14:04:52-0500] -------------------------------
[2024-11-06T14:04:52-0500] Waiting for 2 s...
[2024-11-06T14:04:54-0500] -------------------------------
[2024-11-06T14:04:54-0500] ICMP Ping test started at 2024-11-06 14:04:54.411 EST
[2024-11-06T14:05:24-0500] Waiting for .874 s to reach end time
[2024-11-06T14:05:25-0500] Saved ping test to /data/data/com.termux/files/home/storage/shared/bos_la_2024_trip/att/20241106/140031401/icmp_ping_140454445.out
[2024-11-06T14:05:25-0500] Ping summary (min/avg/max/mdev) = 48.162/63.886/92.573/5.915 ms
[2024-11-06T14:05:25-0500] Ping test finished at 2024-11-06 14:05:25.497 EST, duration: 31.086 s
[2024-11-06T14:05:25-0500] -------------------------------
[2024-11-06T14:05:25-0500] Waiting for 2 s...
[2024-11-06T14:05:27-0500] -------------------------------
[2024-11-06T14:05:27-0500] Starting 5G booster for 5 s...
[2024-11-06T14:05:27-0500] 5G booster started at 2024-11-06 14:05:27.596 EST
[2024-11-06T14:05:33-0500] Current time exceeds end time, skipping wait
[2024-11-06T14:05:33-0500] Saved TCP DL results to /data/data/com.termux/files/home/storage/shared/bos_la_2024_trip/att/20241106/140031401/tcp_downlink_140527648.out
[2024-11-06T14:05:33-0500] DL AVG TPUT: 
[2024-11-06T14:05:33-0500] 5G booster finished at 2024-11-06 14:05:33.721 EST, duration: 6.125 s
[2024-11-06T14:05:33-0500] -------------------------------
[2024-11-06T14:05:33-0500] Waiting for 2 s...
[2024-11-06T14:05:35-0500] -------------------------------
[2024-11-06T14:05:35-0500] TCP Ping test started at 2024-11-06 14:05:35.833 EST
[2024-11-06T14:06:06-0500] Current time exceeds end time, skipping wait
[2024-11-06T14:06:06-0500] Saved TCP Ping test to /data/data/com.termux/files/home/storage/shared/bos_la_2024_trip/att/20241106/140031401/tcp_ping_140535866.out
[2024-11-06T14:06:07-0500] TCP Ping summary (min/avg/max/mdev) 
[2024-11-06T14:06:07-0500] TCP Ping test finished at 2024-11-06 14:06:06.989 EST, duration: 31.156 s
[2024-11-06T14:06:07-0500] -------------------------------
[2024-11-06T14:06:07-0500] Waiting for 2 s...
[2024-11-06T14:06:09-0500] -------------------------------
[2024-11-06T14:06:09-0500] Traceroute test started at 2024-11-06 14:06:09.081 EST
[2024-11-06T14:06:15-0500] Waiting for 24.038 s to reach end time
[2024-11-06T14:06:39-0500] Saved traceroute test to /data/data/com.termux/files/home/storage/shared/bos_la_2024_trip/att/20241106/140031401/traceroute_140609113.out
[2024-11-06T14:06:39-0500] Traceroute summary (min/avg/max/mdev) 
[2024-11-06T14:06:39-0500] Traceroute test finished at 2024-11-06 14:06:39.177 EST, duration: 30.096 s
[2024-11-06T14:06:39-0500] -------------------------------
[2024-11-06T14:06:39-0500] All tests completed, cleaning up...
[2024-11-06T14:06:39-0500] -------------------------------
[2024-11-06T14:07:17-0500] [measurement] Load environment variables from prod.env file
[2024-11-06T14:07:17-0500] Starting a network measurement, please choose a server
[2024-11-06T14:07:17-0500] 0) West Cloud: 54.176.53.206
[2024-11-06T14:07:17-0500] 1) East Cloud: 54.197.223.49
[2024-11-06T14:07:29-0500] Enter your choice (0-1): Testing att, server 1 (ip: 54.197.223.49, nuttcp_port: 5102, iperf_port: 5002)
[2024-11-06T14:07:29-0500] -------------------------------
[2024-11-06T14:07:29-0500] tcp downlink test started at 2024-11-06 14:07:29.650 EST
[2024-11-06T14:07:29-0500] Testing tcp downlink with 54.197.223.49:5102, interval 0.5 s, duration 120 s, timeout 121 s...
[2024-11-06T14:09:30-0500] Current time exceeds end time, skipping wait
[2024-11-06T14:09:30-0500] Saved tcp downlink test to /data/data/com.termux/files/home/storage/shared/bos_la_2024_trip/att/20241106/140729625/tcp_downlink_140729686.out
[2024-11-06T14:09:30-0500] DL AVG TPUT: 
[2024-11-06T14:09:30-0500] tcp downlink test finished at 2024-11-06 14:09:30.759 EST, duration: 121.109 s
[2024-11-06T14:09:30-0500] -------------------------------
[2024-11-06T14:09:30-0500] Waiting for 2 s...
[2024-11-06T14:09:32-0500] -------------------------------
[2024-11-06T14:09:32-0500] Starting 5G booster for 5 s...
[2024-11-06T14:09:32-0500] 5G booster started at 2024-11-06 14:09:32.883 EST
[2024-11-06T14:09:38-0500] Current time exceeds end time, skipping wait
[2024-11-06T14:09:38-0500] Saved TCP DL results to /data/data/com.termux/files/home/storage/shared/bos_la_2024_trip/att/20241106/140729625/tcp_downlink_140932914.out
[2024-11-06T14:09:39-0500] DL AVG TPUT: 
[2024-11-06T14:09:39-0500] 5G booster finished at 2024-11-06 14:09:38.978 EST, duration: 6.095 s
[2024-11-06T14:09:39-0500] -------------------------------
[2024-11-06T14:09:39-0500] Waiting for 2 s...
[2024-11-06T14:09:41-0500] -------------------------------
[2024-11-06T14:09:41-0500] tcp uplink test started at 2024-11-06 14:09:41.097 EST
[2024-11-06T14:09:41-0500] testing tcp uplink with 54.197.223.49:5102, interval 0.5, duration 120, timeout 121 ...
[2024-11-06T14:11:42-0500] Current time exceeds end time, skipping wait
[2024-11-06T14:11:42-0500] Saved uplink test to /data/data/com.termux/files/home/storage/shared/bos_la_2024_trip/att/20241106/140729625/tcp_uplink_140941147.out
[2024-11-06T14:11:42-0500] UL AVG TPUT: 
[2024-11-06T14:11:42-0500] tcp uplink test finished at 2024-11-06 14:11:42.228 EST, duration: 121.131 s
[2024-11-06T14:11:42-0500] -------------------------------
[2024-11-06T14:11:42-0500] Waiting for 2 s...
[2024-11-06T14:11:44-0500] -------------------------------
[2024-11-06T14:11:44-0500] Starting 5G booster for 5 s...
[2024-11-06T14:11:44-0500] 5G booster started at 2024-11-06 14:11:44.396 EST
[2024-11-06T14:11:50-0500] Current time exceeds end time, skipping wait
[2024-11-06T14:11:50-0500] Saved TCP DL results to /data/data/com.termux/files/home/storage/shared/bos_la_2024_trip/att/20241106/140729625/tcp_downlink_141144429.out
[2024-11-06T14:11:50-0500] DL AVG TPUT: 
[2024-11-06T14:11:50-0500] 5G booster finished at 2024-11-06 14:11:50.522 EST, duration: 6.126 s
[2024-11-06T14:11:50-0500] -------------------------------
[2024-11-06T14:11:50-0500] Waiting for 2 s...
[2024-11-06T14:11:52-0500] -------------------------------
[2024-11-06T14:11:52-0500] ICMP Ping test started at 2024-11-06 14:11:52.625 EST
[2024-11-06T14:12:22-0500] Waiting for .888 s to reach end time
[2024-11-06T14:12:23-0500] Saved ping test to /data/data/com.termux/files/home/storage/shared/bos_la_2024_trip/att/20241106/140729625/icmp_ping_141152648.out
[2024-11-06T14:12:23-0500] Ping summary (min/avg/max/mdev) = 49.148/54.063/78.965/3.803 ms
[2024-11-06T14:12:23-0500] Ping test finished at 2024-11-06 14:12:23.713 EST, duration: 31.088 s
[2024-11-06T14:12:23-0500] -------------------------------
[2024-11-06T14:12:23-0500] Waiting for 2 s...
[2024-11-06T14:12:25-0500] -------------------------------
[2024-11-06T14:12:25-0500] Starting 5G booster for 5 s...
[2024-11-06T14:12:25-0500] 5G booster started at 2024-11-06 14:12:25.830 EST
[2024-11-06T14:12:31-0500] Current time exceeds end time, skipping wait
[2024-11-06T14:12:31-0500] Saved TCP DL results to /data/data/com.termux/files/home/storage/shared/bos_la_2024_trip/att/20241106/140729625/tcp_downlink_141225904.out
[2024-11-06T14:12:32-0500] DL AVG TPUT: 
[2024-11-06T14:12:32-0500] 5G booster finished at 2024-11-06 14:12:31.975 EST, duration: 6.145 s
[2024-11-06T14:12:32-0500] -------------------------------
[2024-11-06T14:12:32-0500] Waiting for 2 s...
[2024-11-06T14:12:34-0500] -------------------------------
[2024-11-06T14:12:34-0500] TCP Ping test started at 2024-11-06 14:12:34.096 EST
[2024-11-06T14:13:05-0500] Current time exceeds end time, skipping wait
[2024-11-06T14:13:05-0500] Saved TCP Ping test to /data/data/com.termux/files/home/storage/shared/bos_la_2024_trip/att/20241106/140729625/tcp_ping_141234125.out
[2024-11-06T14:13:05-0500] TCP Ping summary (min/avg/max/mdev) 
[2024-11-06T14:13:05-0500] TCP Ping test finished at 2024-11-06 14:13:05.226 EST, duration: 31.130 s
[2024-11-06T14:13:05-0500] -------------------------------
[2024-11-06T14:13:05-0500] Waiting for 2 s...
[2024-11-06T14:13:07-0500] -------------------------------
[2024-11-06T14:13:07-0500] Traceroute test started at 2024-11-06 14:13:07.337 EST
[2024-11-06T14:13:13-0500] Waiting for 24.081 s to reach end time
[2024-11-06T14:13:37-0500] Saved traceroute test to /data/data/com.termux/files/home/storage/shared/bos_la_2024_trip/att/20241106/140729625/traceroute_141307367.out
[2024-11-06T14:13:37-0500] Traceroute summary (min/avg/max/mdev) 
[2024-11-06T14:13:37-0500] Traceroute test finished at 2024-11-06 14:13:37.447 EST, duration: 30.110 s
[2024-11-06T14:13:37-0500] -------------------------------
[2024-11-06T14:13:37-0500] All tests completed, cleaning up...
[2024-11-06T14:13:37-0500] -------------------------------
[2024-11-06T14:25:24-0500] [measurement] Load environment variables from prod.env file
[2024-11-06T14:25:24-0500] Starting a network measurement, please choose a server
[2024-11-06T14:25:24-0500] 0) West Cloud: 54.176.53.206
[2024-11-06T14:25:24-0500] 1) East Cloud: 54.197.223.49
[2024-11-06T14:25:32-0500] Enter your choice (0-1): Testing att, server 1 (ip: 54.197.223.49, nuttcp_port: 5102, iperf_port: 5002)
[2024-11-06T14:25:32-0500] -------------------------------
[2024-11-06T14:25:32-0500] tcp downlink test started at 2024-11-06 14:25:32.841 EST
[2024-11-06T14:25:32-0500] Testing tcp downlink with 54.197.223.49:5102, interval 0.5 s, duration 120 s, timeout 121 s...
[2024-11-06T14:27:33-0500] Current time exceeds end time, skipping wait
[2024-11-06T14:27:33-0500] Saved tcp downlink test to /data/data/com.termux/files/home/storage/shared/bos_la_2024_trip/att/20241106/142532818/tcp_downlink_142532872.out
[2024-11-06T14:27:34-0500] DL AVG TPUT: 
[2024-11-06T14:27:34-0500] tcp downlink test finished at 2024-11-06 14:27:33.974 EST, duration: 121.133 s
[2024-11-06T14:27:34-0500] -------------------------------
[2024-11-06T14:27:34-0500] Waiting for 2 s...
[2024-11-06T14:27:36-0500] -------------------------------
[2024-11-06T14:27:36-0500] Starting 5G booster for 5 s...
[2024-11-06T14:27:36-0500] 5G booster started at 2024-11-06 14:27:36.097 EST
[2024-11-06T14:27:42-0500] Current time exceeds end time, skipping wait
[2024-11-06T14:27:42-0500] Saved TCP DL results to /data/data/com.termux/files/home/storage/shared/bos_la_2024_trip/att/20241106/142532818/tcp_downlink_142736126.out
[2024-11-06T14:27:42-0500] DL AVG TPUT: 
[2024-11-06T14:27:42-0500] 5G booster finished at 2024-11-06 14:27:42.229 EST, duration: 6.132 s
[2024-11-06T14:27:42-0500] -------------------------------
[2024-11-06T14:27:42-0500] Waiting for 2 s...
[2024-11-06T14:27:44-0500] -------------------------------
[2024-11-06T14:27:44-0500] tcp uplink test started at 2024-11-06 14:27:44.348 EST
[2024-11-06T14:27:44-0500] testing tcp uplink with 54.197.223.49:5102, interval 0.5, duration 120, timeout 121 ...
[2024-11-06T14:29:45-0500] Current time exceeds end time, skipping wait
[2024-11-06T14:29:45-0500] Saved uplink test to /data/data/com.termux/files/home/storage/shared/bos_la_2024_trip/att/20241106/142532818/tcp_uplink_142744379.out
[2024-11-06T14:29:45-0500] UL AVG TPUT: 
[2024-11-06T14:29:45-0500] tcp uplink test finished at 2024-11-06 14:29:45.469 EST, duration: 121.121 s
[2024-11-06T14:29:45-0500] -------------------------------
[2024-11-06T14:29:45-0500] Waiting for 2 s...
[2024-11-06T14:29:47-0500] -------------------------------
[2024-11-06T14:29:47-0500] Starting 5G booster for 5 s...
[2024-11-06T14:29:47-0500] 5G booster started at 2024-11-06 14:29:47.603 EST
[2024-11-06T14:29:53-0500] Current time exceeds end time, skipping wait
[2024-11-06T14:29:53-0500] Saved TCP DL results to /data/data/com.termux/files/home/storage/shared/bos_la_2024_trip/att/20241106/142532818/tcp_downlink_142947633.out
[2024-11-06T14:29:53-0500] DL AVG TPUT: 
[2024-11-06T14:29:53-0500] 5G booster finished at 2024-11-06 14:29:53.776 EST, duration: 6.173 s
[2024-11-06T14:29:53-0500] -------------------------------
[2024-11-06T14:29:53-0500] Waiting for 2 s...
[2024-11-06T14:29:55-0500] -------------------------------
[2024-11-06T14:29:55-0500] ICMP Ping test started at 2024-11-06 14:29:55.879 EST
[2024-11-06T14:30:26-0500] Waiting for .870 s to reach end time
[2024-11-06T14:30:27-0500] Saved ping test to /data/data/com.termux/files/home/storage/shared/bos_la_2024_trip/att/20241106/142532818/icmp_ping_142955930.out
[2024-11-06T14:30:27-0500] Ping summary (min/avg/max/mdev) = 45.177/52.642/73.264/4.225 ms
[2024-11-06T14:30:27-0500] Ping test finished at 2024-11-06 14:30:27.004 EST, duration: 31.125 s
[2024-11-06T14:30:27-0500] -------------------------------
[2024-11-06T14:30:27-0500] Waiting for 2 s...
[2024-11-06T14:30:29-0500] -------------------------------
[2024-11-06T14:30:29-0500] Starting 5G booster for 5 s...
[2024-11-06T14:30:29-0500] 5G booster started at 2024-11-06 14:30:29.121 EST
[2024-11-06T14:30:35-0500] Current time exceeds end time, skipping wait
[2024-11-06T14:30:35-0500] Saved TCP DL results to /data/data/com.termux/files/home/storage/shared/bos_la_2024_trip/att/20241106/142532818/tcp_downlink_143029152.out
[2024-11-06T14:30:35-0500] DL AVG TPUT: 
[2024-11-06T14:30:35-0500] 5G booster finished at 2024-11-06 14:30:35.245 EST, duration: 6.124 s
[2024-11-06T14:30:35-0500] -------------------------------
[2024-11-06T14:30:35-0500] Waiting for 2 s...
[2024-11-06T14:30:37-0500] -------------------------------
[2024-11-06T14:30:37-0500] TCP Ping test started at 2024-11-06 14:30:37.350 EST
[2024-11-06T14:31:08-0500] Current time exceeds end time, skipping wait
[2024-11-06T14:31:08-0500] Saved TCP Ping test to /data/data/com.termux/files/home/storage/shared/bos_la_2024_trip/att/20241106/142532818/tcp_ping_143037373.out
[2024-11-06T14:31:08-0500] TCP Ping summary (min/avg/max/mdev) 
[2024-11-06T14:31:08-0500] TCP Ping test finished at 2024-11-06 14:31:08.499 EST, duration: 31.149 s
[2024-11-06T14:31:08-0500] -------------------------------
[2024-11-06T14:31:08-0500] Waiting for 2 s...
[2024-11-06T14:31:10-0500] -------------------------------
[2024-11-06T14:31:10-0500] Traceroute test started at 2024-11-06 14:31:10.633 EST
[2024-11-06T14:31:16-0500] Waiting for 24.136 s to reach end time
[2024-11-06T14:31:40-0500] Saved traceroute test to /data/data/com.termux/files/home/storage/shared/bos_la_2024_trip/att/20241106/142532818/traceroute_143110685.out
[2024-11-06T14:31:40-0500] Traceroute summary (min/avg/max/mdev) 
[2024-11-06T14:31:40-0500] Traceroute test finished at 2024-11-06 14:31:40.724 EST, duration: 30.091 s
[2024-11-06T14:31:40-0500] -------------------------------
[2024-11-06T14:31:40-0500] All tests completed, cleaning up...
[2024-11-06T14:31:40-0500] -------------------------------
[2024-11-06T14:33:47-0500] [measurement] Load environment variables from prod.env file
[2024-11-06T14:33:47-0500] Starting a network measurement, please choose a server
[2024-11-06T14:33:47-0500] 0) West Cloud: 54.176.53.206
[2024-11-06T14:33:47-0500] 1) East Cloud: 54.197.223.49
[2024-11-06T14:33:59-0500] Enter your choice (0-1): Testing att, server 1 (ip: 54.197.223.49, nuttcp_port: 5102, iperf_port: 5002)
[2024-11-06T14:33:59-0500] -------------------------------
[2024-11-06T14:33:59-0500] tcp downlink test started at 2024-11-06 14:33:59.094 EST
[2024-11-06T14:33:59-0500] Testing tcp downlink with 54.197.223.49:5102, interval 0.5 s, duration 120 s, timeout 121 s...
[2024-11-06T14:36:00-0500] Current time exceeds end time, skipping wait
[2024-11-06T14:36:00-0500] Saved tcp downlink test to /data/data/com.termux/files/home/storage/shared/bos_la_2024_trip/att/20241106/143359077/tcp_downlink_143359116.out
[2024-11-06T14:36:00-0500] DL AVG TPUT: 
[2024-11-06T14:36:00-0500] tcp downlink test finished at 2024-11-06 14:36:00.192 EST, duration: 121.098 s
[2024-11-06T14:36:00-0500] -------------------------------
[2024-11-06T14:36:00-0500] Waiting for 2 s...
[2024-11-06T14:36:02-0500] -------------------------------
[2024-11-06T14:36:02-0500] Starting 5G booster for 5 s...
[2024-11-06T14:36:02-0500] 5G booster started at 2024-11-06 14:36:02.329 EST
[2024-11-06T14:36:08-0500] Current time exceeds end time, skipping wait
[2024-11-06T14:36:08-0500] Saved TCP DL results to /data/data/com.termux/files/home/storage/shared/bos_la_2024_trip/att/20241106/143359077/tcp_downlink_143602362.out
[2024-11-06T14:36:08-0500] DL AVG TPUT: 
[2024-11-06T14:36:08-0500] 5G booster finished at 2024-11-06 14:36:08.415 EST, duration: 6.086 s
[2024-11-06T14:36:08-0500] -------------------------------
[2024-11-06T14:36:08-0500] Waiting for 2 s...
[2024-11-06T14:36:10-0500] -------------------------------
[2024-11-06T14:36:10-0500] tcp uplink test started at 2024-11-06 14:36:10.505 EST
[2024-11-06T14:36:10-0500] testing tcp uplink with 54.197.223.49:5102, interval 0.5, duration 120, timeout 121 ...
[2024-11-06T14:38:11-0500] Current time exceeds end time, skipping wait
[2024-11-06T14:38:11-0500] Saved uplink test to /data/data/com.termux/files/home/storage/shared/bos_la_2024_trip/att/20241106/143359077/tcp_uplink_143610536.out
[2024-11-06T14:38:11-0500] UL AVG TPUT: 
[2024-11-06T14:38:11-0500] tcp uplink test finished at 2024-11-06 14:38:11.607 EST, duration: 121.102 s
[2024-11-06T14:38:11-0500] -------------------------------
[2024-11-06T14:38:11-0500] Waiting for 2 s...
[2024-11-06T14:38:13-0500] -------------------------------
[2024-11-06T14:38:13-0500] Starting 5G booster for 5 s...
[2024-11-06T14:38:13-0500] 5G booster started at 2024-11-06 14:38:13.739 EST
[2024-11-06T14:38:19-0500] Current time exceeds end time, skipping wait
[2024-11-06T14:38:19-0500] Saved TCP DL results to /data/data/com.termux/files/home/storage/shared/bos_la_2024_trip/att/20241106/143359077/tcp_downlink_143813767.out
[2024-11-06T14:38:19-0500] DL AVG TPUT: 
[2024-11-06T14:38:19-0500] 5G booster finished at 2024-11-06 14:38:19.849 EST, duration: 6.110 s
[2024-11-06T14:38:19-0500] -------------------------------
[2024-11-06T14:38:19-0500] Waiting for 2 s...
[2024-11-06T14:38:21-0500] -------------------------------
[2024-11-06T14:38:22-0500] ICMP Ping test started at 2024-11-06 14:38:21.979 EST
[2024-11-06T14:38:52-0500] Waiting for .875 s to reach end time
[2024-11-06T14:38:53-0500] Saved ping test to /data/data/com.termux/files/home/storage/shared/bos_la_2024_trip/att/20241106/143359077/icmp_ping_143822018.out
[2024-11-06T14:38:53-0500] Ping summary (min/avg/max/mdev) = 45.550/54.744/74.237/4.156 ms
[2024-11-06T14:38:53-0500] Ping test finished at 2024-11-06 14:38:53.081 EST, duration: 31.102 s
[2024-11-06T14:38:53-0500] -------------------------------
[2024-11-06T14:38:53-0500] Waiting for 2 s...
[2024-11-06T14:38:55-0500] -------------------------------
[2024-11-06T14:38:55-0500] Starting 5G booster for 5 s...
[2024-11-06T14:38:55-0500] 5G booster started at 2024-11-06 14:38:55.224 EST
[2024-11-06T14:39:01-0500] Current time exceeds end time, skipping wait
[2024-11-06T14:39:01-0500] Saved TCP DL results to /data/data/com.termux/files/home/storage/shared/bos_la_2024_trip/att/20241106/143359077/tcp_downlink_143855260.out
[2024-11-06T14:39:01-0500] DL AVG TPUT: 
[2024-11-06T14:39:01-0500] 5G booster finished at 2024-11-06 14:39:01.333 EST, duration: 6.109 s
[2024-11-06T14:39:01-0500] -------------------------------
[2024-11-06T14:39:01-0500] Waiting for 2 s...
[2024-11-06T14:39:03-0500] -------------------------------
[2024-11-06T14:39:03-0500] TCP Ping test started at 2024-11-06 14:39:03.441 EST
[2024-11-06T14:39:34-0500] Current time exceeds end time, skipping wait
[2024-11-06T14:39:34-0500] Saved TCP Ping test to /data/data/com.termux/files/home/storage/shared/bos_la_2024_trip/att/20241106/143359077/tcp_ping_143903471.out
[2024-11-06T14:39:34-0500] TCP Ping summary (min/avg/max/mdev) 
[2024-11-06T14:39:34-0500] TCP Ping test finished at 2024-11-06 14:39:34.559 EST, duration: 31.118 s
[2024-11-06T14:39:34-0500] -------------------------------
[2024-11-06T14:39:34-0500] Waiting for 2 s...
[2024-11-06T14:39:36-0500] -------------------------------
[2024-11-06T14:39:36-0500] Traceroute test started at 2024-11-06 14:39:36.691 EST
[2024-11-06T14:39:42-0500] Waiting for 24.221 s to reach end time
[2024-11-06T14:40:06-0500] Saved traceroute test to /data/data/com.termux/files/home/storage/shared/bos_la_2024_trip/att/20241106/143359077/traceroute_143936742.out
[2024-11-06T14:40:06-0500] Traceroute summary (min/avg/max/mdev) 
[2024-11-06T14:40:06-0500] Traceroute test finished at 2024-11-06 14:40:06.777 EST, duration: 30.086 s
[2024-11-06T14:40:06-0500] -------------------------------
[2024-11-06T14:40:06-0500] All tests completed, cleaning up...
[2024-11-06T14:40:06-0500] -------------------------------
[2024-11-06T14:40:30-0500] [measurement] Load environment variables from prod.env file
[2024-11-06T14:40:30-0500] Starting a network measurement, please choose a server
[2024-11-06T14:40:30-0500] 0) West Cloud: 54.176.53.206
[2024-11-06T14:40:30-0500] 1) East Cloud: 54.197.223.49
[2024-11-06T14:40:41-0500] Enter your choice (0-1): Testing att, server 1 (ip: 54.197.223.49, nuttcp_port: 5102, iperf_port: 5002)
[2024-11-06T14:40:41-0500] -------------------------------
[2024-11-06T14:40:41-0500] tcp downlink test started at 2024-11-06 14:40:41.771 EST
[2024-11-06T14:40:41-0500] Testing tcp downlink with 54.197.223.49:5102, interval 0.5 s, duration 120 s, timeout 121 s...
[2024-11-06T14:42:42-0500] Current time exceeds end time, skipping wait
[2024-11-06T14:42:42-0500] Saved tcp downlink test to /data/data/com.termux/files/home/storage/shared/bos_la_2024_trip/att/20241106/144041750/tcp_downlink_144041810.out
[2024-11-06T14:42:42-0500] DL AVG TPUT: 
[2024-11-06T14:42:42-0500] tcp downlink test finished at 2024-11-06 14:42:42.907 EST, duration: 121.136 s
[2024-11-06T14:42:42-0500] -------------------------------
[2024-11-06T14:42:42-0500] Waiting for 2 s...
[2024-11-06T14:42:45-0500] -------------------------------
[2024-11-06T14:42:45-0500] Starting 5G booster for 5 s...
[2024-11-06T14:42:45-0500] 5G booster started at 2024-11-06 14:42:45.033 EST
[2024-11-06T14:42:51-0500] Current time exceeds end time, skipping wait
[2024-11-06T14:42:51-0500] Saved TCP DL results to /data/data/com.termux/files/home/storage/shared/bos_la_2024_trip/att/20241106/144041750/tcp_downlink_144245058.out
[2024-11-06T14:42:51-0500] DL AVG TPUT: 
[2024-11-06T14:42:51-0500] 5G booster finished at 2024-11-06 14:42:51.142 EST, duration: 6.109 s
[2024-11-06T14:42:51-0500] -------------------------------
[2024-11-06T14:42:51-0500] Waiting for 2 s...
[2024-11-06T14:42:53-0500] -------------------------------
[2024-11-06T14:42:53-0500] tcp uplink test started at 2024-11-06 14:42:53.254 EST
[2024-11-06T14:42:53-0500] testing tcp uplink with 54.197.223.49:5102, interval 0.5, duration 120, timeout 121 ...
[2024-11-06T14:44:54-0500] Current time exceeds end time, skipping wait
[2024-11-06T14:44:54-0500] Saved uplink test to /data/data/com.termux/files/home/storage/shared/bos_la_2024_trip/att/20241106/144041750/tcp_uplink_144253309.out
[2024-11-06T14:44:54-0500] UL AVG TPUT: 
[2024-11-06T14:44:54-0500] tcp uplink test finished at 2024-11-06 14:44:54.401 EST, duration: 121.147 s
[2024-11-06T14:44:54-0500] -------------------------------
[2024-11-06T14:44:54-0500] Waiting for 2 s...
[2024-11-06T14:44:56-0500] -------------------------------
[2024-11-06T14:44:56-0500] Starting 5G booster for 5 s...
[2024-11-06T14:44:56-0500] 5G booster started at 2024-11-06 14:44:56.545 EST
[2024-11-06T14:45:02-0500] Current time exceeds end time, skipping wait
[2024-11-06T14:45:02-0500] Saved TCP DL results to /data/data/com.termux/files/home/storage/shared/bos_la_2024_trip/att/20241106/144041750/tcp_downlink_144456568.out
[2024-11-06T14:45:02-0500] DL AVG TPUT: 
[2024-11-06T14:45:02-0500] 5G booster finished at 2024-11-06 14:45:02.647 EST, duration: 6.102 s
[2024-11-06T14:45:02-0500] -------------------------------
[2024-11-06T14:45:02-0500] Waiting for 2 s...
[2024-11-06T14:45:04-0500] -------------------------------
[2024-11-06T14:45:04-0500] ICMP Ping test started at 2024-11-06 14:45:04.745 EST
[2024-11-06T14:45:34-0500] Waiting for .872 s to reach end time
[2024-11-06T14:45:35-0500] Saved ping test to /data/data/com.termux/files/home/storage/shared/bos_la_2024_trip/att/20241106/144041750/icmp_ping_144504799.out
[2024-11-06T14:45:35-0500] Ping summary (min/avg/max/mdev) = 48.003/67.583/347.319/29.718 ms
[2024-11-06T14:45:35-0500] Ping test finished at 2024-11-06 14:45:35.891 EST, duration: 31.146 s
[2024-11-06T14:45:35-0500] -------------------------------
[2024-11-06T14:45:35-0500] Waiting for 2 s...
[2024-11-06T14:45:37-0500] -------------------------------
[2024-11-06T14:45:37-0500] Starting 5G booster for 5 s...
[2024-11-06T14:45:38-0500] 5G booster started at 2024-11-06 14:45:38.003 EST
[2024-11-06T14:45:44-0500] Current time exceeds end time, skipping wait
[2024-11-06T14:45:44-0500] Saved TCP DL results to /data/data/com.termux/files/home/storage/shared/bos_la_2024_trip/att/20241106/144041750/tcp_downlink_144538036.out
[2024-11-06T14:45:44-0500] DL AVG TPUT: 
[2024-11-06T14:45:44-0500] 5G booster finished at 2024-11-06 14:45:44.109 EST, duration: 6.106 s
[2024-11-06T14:45:44-0500] -------------------------------
[2024-11-06T14:45:44-0500] Waiting for 2 s...
[2024-11-06T14:45:46-0500] -------------------------------
[2024-11-06T14:45:46-0500] TCP Ping test started at 2024-11-06 14:45:46.220 EST
[2024-11-06T14:46:17-0500] Current time exceeds end time, skipping wait
[2024-11-06T14:46:17-0500] Saved TCP Ping test to /data/data/com.termux/files/home/storage/shared/bos_la_2024_trip/att/20241106/144041750/tcp_ping_144546251.out
[2024-11-06T14:46:17-0500] TCP Ping summary (min/avg/max/mdev) 
[2024-11-06T14:46:17-0500] TCP Ping test finished at 2024-11-06 14:46:17.331 EST, duration: 31.111 s
[2024-11-06T14:46:17-0500] -------------------------------
[2024-11-06T14:46:17-0500] Waiting for 2 s...
[2024-11-06T14:46:19-0500] -------------------------------
[2024-11-06T14:46:19-0500] Traceroute test started at 2024-11-06 14:46:19.428 EST
[2024-11-06T14:46:25-0500] Waiting for 24.123 s to reach end time
[2024-11-06T14:46:49-0500] Saved traceroute test to /data/data/com.termux/files/home/storage/shared/bos_la_2024_trip/att/20241106/144041750/traceroute_144619450.out
[2024-11-06T14:46:49-0500] Traceroute summary (min/avg/max/mdev) 
[2024-11-06T14:46:49-0500] Traceroute test finished at 2024-11-06 14:46:49.548 EST, duration: 30.120 s
[2024-11-06T14:46:49-0500] -------------------------------
[2024-11-06T14:46:49-0500] All tests completed, cleaning up...
[2024-11-06T14:46:49-0500] -------------------------------
[2024-11-06T14:47:34-0500] [measurement] Load environment variables from prod.env file
[2024-11-06T14:47:34-0500] Starting a network measurement, please choose a server
[2024-11-06T14:47:34-0500] 0) West Cloud: 54.176.53.206
[2024-11-06T14:47:34-0500] 1) East Cloud: 54.197.223.49
[2024-11-06T14:47:44-0500] Enter your choice (0-1): Testing att, server 1 (ip: 54.197.223.49, nuttcp_port: 5102, iperf_port: 5002)
[2024-11-06T14:47:44-0500] -------------------------------
[2024-11-06T14:47:44-0500] tcp downlink test started at 2024-11-06 14:47:44.779 EST
[2024-11-06T14:47:44-0500] Testing tcp downlink with 54.197.223.49:5102, interval 0.5 s, duration 120 s, timeout 121 s...
[2024-11-06T14:49:45-0500] Current time exceeds end time, skipping wait
[2024-11-06T14:49:45-0500] Saved tcp downlink test to /data/data/com.termux/files/home/storage/shared/bos_la_2024_trip/att/20241106/144744754/tcp_downlink_144744816.out
[2024-11-06T14:49:45-0500] DL AVG TPUT: 
[2024-11-06T14:49:45-0500] tcp downlink test finished at 2024-11-06 14:49:45.890 EST, duration: 121.111 s
[2024-11-06T14:49:45-0500] -------------------------------
[2024-11-06T14:49:45-0500] Waiting for 2 s...
[2024-11-06T14:49:47-0500] -------------------------------
[2024-11-06T14:49:47-0500] Starting 5G booster for 5 s...
[2024-11-06T14:49:47-0500] 5G booster started at 2024-11-06 14:49:47.978 EST
[2024-11-06T14:49:54-0500] Current time exceeds end time, skipping wait
[2024-11-06T14:49:54-0500] Saved TCP DL results to /data/data/com.termux/files/home/storage/shared/bos_la_2024_trip/att/20241106/144744754/tcp_downlink_144948002.out
[2024-11-06T14:49:54-0500] DL AVG TPUT: 
[2024-11-06T14:49:54-0500] 5G booster finished at 2024-11-06 14:49:54.077 EST, duration: 6.099 s
[2024-11-06T14:49:54-0500] -------------------------------
[2024-11-06T14:49:54-0500] Waiting for 2 s...
[2024-11-06T14:49:56-0500] -------------------------------
[2024-11-06T14:49:56-0500] tcp uplink test started at 2024-11-06 14:49:56.210 EST
[2024-11-06T14:49:56-0500] testing tcp uplink with 54.197.223.49:5102, interval 0.5, duration 120, timeout 121 ...
[2024-11-06T14:51:57-0500] Current time exceeds end time, skipping wait
[2024-11-06T14:51:57-0500] Saved uplink test to /data/data/com.termux/files/home/storage/shared/bos_la_2024_trip/att/20241106/144744754/tcp_uplink_144956240.out
[2024-11-06T14:51:57-0500] UL AVG TPUT: 
[2024-11-06T14:51:57-0500] tcp uplink test finished at 2024-11-06 14:51:57.344 EST, duration: 121.134 s
[2024-11-06T14:51:57-0500] -------------------------------
[2024-11-06T14:51:57-0500] Waiting for 2 s...
[2024-11-06T14:51:59-0500] -------------------------------
[2024-11-06T14:51:59-0500] Starting 5G booster for 5 s...
[2024-11-06T14:51:59-0500] 5G booster started at 2024-11-06 14:51:59.475 EST
[2024-11-06T14:52:05-0500] Current time exceeds end time, skipping wait
[2024-11-06T14:52:05-0500] Saved TCP DL results to /data/data/com.termux/files/home/storage/shared/bos_la_2024_trip/att/20241106/144744754/tcp_downlink_145159506.out
[2024-11-06T14:52:05-0500] DL AVG TPUT: 
[2024-11-06T14:52:05-0500] 5G booster finished at 2024-11-06 14:52:05.611 EST, duration: 6.136 s
[2024-11-06T14:52:05-0500] -------------------------------
[2024-11-06T14:52:05-0500] Waiting for 2 s...
[2024-11-06T14:52:07-0500] -------------------------------
[2024-11-06T14:52:07-0500] ICMP Ping test started at 2024-11-06 14:52:07.713 EST
[2024-11-06T14:52:37-0500] Waiting for .854 s to reach end time
[2024-11-06T14:52:38-0500] Saved ping test to /data/data/com.termux/files/home/storage/shared/bos_la_2024_trip/att/20241106/144744754/icmp_ping_145207746.out
[2024-11-06T14:52:38-0500] Ping summary (min/avg/max/mdev) = 48.449/60.376/98.410/5.493 ms
[2024-11-06T14:52:38-0500] Ping test finished at 2024-11-06 14:52:38.796 EST, duration: 31.083 s
[2024-11-06T14:52:38-0500] -------------------------------
[2024-11-06T14:52:38-0500] Waiting for 2 s...
[2024-11-06T14:52:40-0500] -------------------------------
[2024-11-06T14:52:40-0500] Starting 5G booster for 5 s...
[2024-11-06T14:52:40-0500] 5G booster started at 2024-11-06 14:52:40.911 EST
[2024-11-06T14:52:47-0500] Current time exceeds end time, skipping wait
[2024-11-06T14:52:47-0500] Saved TCP DL results to /data/data/com.termux/files/home/storage/shared/bos_la_2024_trip/att/20241106/144744754/tcp_downlink_145240940.out
[2024-11-06T14:52:47-0500] DL AVG TPUT: 
[2024-11-06T14:52:47-0500] 5G booster finished at 2024-11-06 14:52:47.015 EST, duration: 6.104 s
[2024-11-06T14:52:47-0500] -------------------------------
[2024-11-06T14:52:47-0500] Waiting for 2 s...
[2024-11-06T14:52:49-0500] -------------------------------
[2024-11-06T14:52:49-0500] TCP Ping test started at 2024-11-06 14:52:49.122 EST
[2024-11-06T14:53:20-0500] Current time exceeds end time, skipping wait
[2024-11-06T14:53:20-0500] Saved TCP Ping test to /data/data/com.termux/files/home/storage/shared/bos_la_2024_trip/att/20241106/144744754/tcp_ping_145249150.out
[2024-11-06T14:53:20-0500] TCP Ping summary (min/avg/max/mdev) 
[2024-11-06T14:53:20-0500] TCP Ping test finished at 2024-11-06 14:53:20.252 EST, duration: 31.130 s
[2024-11-06T14:53:20-0500] -------------------------------
[2024-11-06T14:53:20-0500] Waiting for 2 s...
[2024-11-06T14:53:22-0500] -------------------------------
[2024-11-06T14:53:22-0500] Traceroute test started at 2024-11-06 14:53:22.353 EST
[2024-11-06T14:53:28-0500] Waiting for 23.631 s to reach end time
[2024-11-06T14:53:52-0500] Saved traceroute test to /data/data/com.termux/files/home/storage/shared/bos_la_2024_trip/att/20241106/144744754/traceroute_145322383.out
[2024-11-06T14:53:52-0500] Traceroute summary (min/avg/max/mdev) 
[2024-11-06T14:53:52-0500] Traceroute test finished at 2024-11-06 14:53:52.440 EST, duration: 30.087 s
[2024-11-06T14:53:52-0500] -------------------------------
[2024-11-06T14:53:52-0500] All tests completed, cleaning up...
[2024-11-06T14:53:52-0500] -------------------------------
[2024-11-06T15:53:22-0500] [measurement] Load environment variables from prod.env file
[2024-11-06T15:53:22-0500] Starting a network measurement, please choose a server
[2024-11-06T15:53:22-0500] 0) West Cloud: 54.176.53.206
[2024-11-06T15:53:22-0500] 1) East Cloud: 54.197.223.49
[2024-11-06T15:53:24-0500] Enter your choice (0-1): Testing att, server 1 (ip: 54.197.223.49, nuttcp_port: 5102, iperf_port: 5002)
[2024-11-06T15:53:24-0500] -------------------------------
[2024-11-06T15:53:24-0500] tcp downlink test started at 2024-11-06 15:53:24.818 EST
[2024-11-06T15:53:24-0500] Testing tcp downlink with 54.197.223.49:5102, interval 0.5 s, duration 120 s, timeout 121 s...
[2024-11-06T15:55:25-0500] Current time exceeds end time, skipping wait
[2024-11-06T15:55:25-0500] Saved tcp downlink test to /data/data/com.termux/files/home/storage/shared/bos_la_2024_trip/att/20241106/155324800/tcp_downlink_155324840.out
[2024-11-06T15:55:25-0500] DL AVG TPUT: 
[2024-11-06T15:55:26-0500] tcp downlink test finished at 2024-11-06 15:55:25.944 EST, duration: 121.126 s
[2024-11-06T15:55:26-0500] -------------------------------
[2024-11-06T15:55:26-0500] Waiting for 2 s...
[2024-11-06T15:55:28-0500] -------------------------------
[2024-11-06T15:55:28-0500] Starting 5G booster for 5 s...
[2024-11-06T15:55:28-0500] 5G booster started at 2024-11-06 15:55:28.063 EST
[2024-11-06T15:55:34-0500] Current time exceeds end time, skipping wait
[2024-11-06T15:55:34-0500] Saved TCP DL results to /data/data/com.termux/files/home/storage/shared/bos_la_2024_trip/att/20241106/155324800/tcp_downlink_155528084.out
[2024-11-06T15:55:34-0500] DL AVG TPUT: 
[2024-11-06T15:55:34-0500] 5G booster finished at 2024-11-06 15:55:34.169 EST, duration: 6.106 s
[2024-11-06T15:55:34-0500] -------------------------------
[2024-11-06T15:55:34-0500] Waiting for 2 s...
[2024-11-06T15:55:36-0500] -------------------------------
[2024-11-06T15:55:36-0500] tcp uplink test started at 2024-11-06 15:55:36.267 EST
[2024-11-06T15:55:36-0500] testing tcp uplink with 54.197.223.49:5102, interval 0.5, duration 120, timeout 121 ...
[2024-11-06T15:57:37-0500] Current time exceeds end time, skipping wait
[2024-11-06T15:57:37-0500] Saved uplink test to /data/data/com.termux/files/home/storage/shared/bos_la_2024_trip/att/20241106/155324800/tcp_uplink_155536292.out
[2024-11-06T15:57:37-0500] UL AVG TPUT: 
[2024-11-06T15:57:37-0500] tcp uplink test finished at 2024-11-06 15:57:37.386 EST, duration: 121.119 s
[2024-11-06T15:57:37-0500] -------------------------------
[2024-11-06T15:57:37-0500] Waiting for 2 s...
[2024-11-06T15:57:39-0500] -------------------------------
[2024-11-06T15:57:39-0500] Starting 5G booster for 5 s...
[2024-11-06T15:57:39-0500] 5G booster started at 2024-11-06 15:57:39.509 EST
[2024-11-06T15:57:45-0500] Current time exceeds end time, skipping wait
[2024-11-06T15:57:45-0500] Saved TCP DL results to /data/data/com.termux/files/home/storage/shared/bos_la_2024_trip/att/20241106/155324800/tcp_downlink_155739541.out
[2024-11-06T15:57:45-0500] DL AVG TPUT: 
[2024-11-06T15:57:45-0500] 5G booster finished at 2024-11-06 15:57:45.659 EST, duration: 6.150 s
[2024-11-06T15:57:45-0500] -------------------------------
[2024-11-06T15:57:45-0500] Waiting for 2 s...
[2024-11-06T15:57:47-0500] -------------------------------
[2024-11-06T15:57:47-0500] ICMP Ping test started at 2024-11-06 15:57:47.780 EST
[2024-11-06T15:58:17-0500] Waiting for .875 s to reach end time
[2024-11-06T15:58:18-0500] Saved ping test to /data/data/com.termux/files/home/storage/shared/bos_la_2024_trip/att/20241106/155324800/icmp_ping_155747818.out
[2024-11-06T15:58:18-0500] Ping summary (min/avg/max/mdev) = 47.019/58.050/157.945/12.739 ms
[2024-11-06T15:58:18-0500] Ping test finished at 2024-11-06 15:58:18.867 EST, duration: 31.087 s
[2024-11-06T15:58:18-0500] -------------------------------
[2024-11-06T15:58:18-0500] Waiting for 2 s...
[2024-11-06T15:58:20-0500] -------------------------------
[2024-11-06T15:58:20-0500] Starting 5G booster for 5 s...
[2024-11-06T15:58:20-0500] 5G booster started at 2024-11-06 15:58:20.960 EST
[2024-11-06T15:58:27-0500] Current time exceeds end time, skipping wait
[2024-11-06T15:58:27-0500] Saved TCP DL results to /data/data/com.termux/files/home/storage/shared/bos_la_2024_trip/att/20241106/155324800/tcp_downlink_155820995.out
[2024-11-06T15:58:27-0500] DL AVG TPUT: 
[2024-11-06T15:58:27-0500] 5G booster finished at 2024-11-06 15:58:27.137 EST, duration: 6.177 s
[2024-11-06T15:58:27-0500] -------------------------------
[2024-11-06T15:58:27-0500] Waiting for 2 s...
[2024-11-06T15:58:29-0500] -------------------------------
[2024-11-06T15:58:29-0500] TCP Ping test started at 2024-11-06 15:58:29.264 EST
[2024-11-06T15:59:00-0500] Current time exceeds end time, skipping wait
[2024-11-06T15:59:00-0500] Saved TCP Ping test to /data/data/com.termux/files/home/storage/shared/bos_la_2024_trip/att/20241106/155324800/tcp_ping_155829293.out
[2024-11-06T15:59:00-0500] TCP Ping summary (min/avg/max/mdev) 
[2024-11-06T15:59:00-0500] TCP Ping test finished at 2024-11-06 15:59:00.394 EST, duration: 31.130 s
[2024-11-06T15:59:00-0500] -------------------------------
[2024-11-06T15:59:00-0500] Waiting for 2 s...
[2024-11-06T15:59:02-0500] -------------------------------
[2024-11-06T15:59:02-0500] Traceroute test started at 2024-11-06 15:59:02.498 EST
[2024-11-06T15:59:08-0500] Waiting for 23.985 s to reach end time
[2024-11-06T15:59:32-0500] Saved traceroute test to /data/data/com.termux/files/home/storage/shared/bos_la_2024_trip/att/20241106/155324800/traceroute_155902524.out
[2024-11-06T15:59:32-0500] Traceroute summary (min/avg/max/mdev) 
[2024-11-06T15:59:32-0500] Traceroute test finished at 2024-11-06 15:59:32.580 EST, duration: 30.082 s
[2024-11-06T15:59:32-0500] -------------------------------
[2024-11-06T15:59:32-0500] All tests completed, cleaning up...
[2024-11-06T15:59:32-0500] -------------------------------
[2024-11-06T16:00:42-0500] [measurement] Load environment variables from prod.env file
[2024-11-06T16:00:42-0500] Starting a network measurement, please choose a server
[2024-11-06T16:00:42-0500] 0) West Cloud: 54.176.53.206
[2024-11-06T16:00:42-0500] 1) East Cloud: 54.197.223.49
[2024-11-06T16:00:49-0500] Enter your choice (0-1): Testing att, server 1 (ip: 54.197.223.49, nuttcp_port: 5102, iperf_port: 5002)
[2024-11-06T16:00:49-0500] -------------------------------
[2024-11-06T16:00:49-0500] tcp downlink test started at 2024-11-06 16:00:49.248 EST
[2024-11-06T16:00:49-0500] Testing tcp downlink with 54.197.223.49:5102, interval 0.5 s, duration 120 s, timeout 121 s...
[2024-11-06T16:02:50-0500] Current time exceeds end time, skipping wait
[2024-11-06T16:02:50-0500] Saved tcp downlink test to /data/data/com.termux/files/home/storage/shared/bos_la_2024_trip/att/20241106/160049226/tcp_downlink_160049278.out
[2024-11-06T16:02:50-0500] DL AVG TPUT: 
[2024-11-06T16:02:50-0500] tcp downlink test finished at 2024-11-06 16:02:50.376 EST, duration: 121.128 s
[2024-11-06T16:02:50-0500] -------------------------------
[2024-11-06T16:02:50-0500] Waiting for 2 s...
[2024-11-06T16:02:52-0500] -------------------------------
[2024-11-06T16:02:52-0500] Starting 5G booster for 5 s...
[2024-11-06T16:02:52-0500] 5G booster started at 2024-11-06 16:02:52.522 EST
[2024-11-06T16:02:58-0500] Current time exceeds end time, skipping wait
[2024-11-06T16:02:58-0500] Saved TCP DL results to /data/data/com.termux/files/home/storage/shared/bos_la_2024_trip/att/20241106/160049226/tcp_downlink_160252569.out
[2024-11-06T16:02:58-0500] DL AVG TPUT: 
[2024-11-06T16:02:58-0500] 5G booster finished at 2024-11-06 16:02:58.683 EST, duration: 6.161 s
[2024-11-06T16:02:58-0500] -------------------------------
[2024-11-06T16:02:58-0500] Waiting for 2 s...
[2024-11-06T16:03:00-0500] -------------------------------
[2024-11-06T16:03:00-0500] tcp uplink test started at 2024-11-06 16:03:00.773 EST
[2024-11-06T16:03:00-0500] testing tcp uplink with 54.197.223.49:5102, interval 0.5, duration 120, timeout 121 ...
[2024-11-06T16:07:35-0500] [measurement] Load environment variables from prod.env file
[2024-11-06T16:07:35-0500] Starting a network measurement, please choose a server
[2024-11-06T16:07:35-0500] 0) West Cloud: 54.176.53.206
[2024-11-06T16:07:35-0500] 1) East Cloud: 54.197.223.49
[2024-11-06T16:07:52-0500] Enter your choice (0-1): Testing att, server 1 (ip: 54.197.223.49, nuttcp_port: 5102, iperf_port: 5002)
[2024-11-06T16:07:52-0500] -------------------------------
[2024-11-06T16:07:52-0500] tcp downlink test started at 2024-11-06 16:07:52.771 EST
[2024-11-06T16:07:52-0500] Testing tcp downlink with 54.197.223.49:5102, interval 0.5 s, duration 120 s, timeout 121 s...
[2024-11-06T16:09:53-0500] Current time exceeds end time, skipping wait
[2024-11-06T16:09:53-0500] Saved tcp downlink test to /data/data/com.termux/files/home/storage/shared/bos_la_2024_trip/att/20241106/160752754/tcp_downlink_160752792.out
[2024-11-06T16:09:53-0500] DL AVG TPUT: 
[2024-11-06T16:09:54-0500] tcp downlink test finished at 2024-11-06 16:09:53.937 EST, duration: 121.166 s
[2024-11-06T16:09:54-0500] -------------------------------
[2024-11-06T16:09:54-0500] Waiting for 2 s...
[2024-11-06T16:09:56-0500] -------------------------------
[2024-11-06T16:09:56-0500] Starting 5G booster for 5 s...
[2024-11-06T16:09:56-0500] 5G booster started at 2024-11-06 16:09:56.084 EST
[2024-11-06T16:10:02-0500] Current time exceeds end time, skipping wait
[2024-11-06T16:10:02-0500] Saved TCP DL results to /data/data/com.termux/files/home/storage/shared/bos_la_2024_trip/att/20241106/160752754/tcp_downlink_160956112.out
[2024-11-06T16:10:02-0500] DL AVG TPUT: 
[2024-11-06T16:10:02-0500] 5G booster finished at 2024-11-06 16:10:02.204 EST, duration: 6.120 s
[2024-11-06T16:10:02-0500] -------------------------------
[2024-11-06T16:10:02-0500] Waiting for 2 s...
[2024-11-06T16:10:04-0500] -------------------------------
[2024-11-06T16:10:04-0500] tcp uplink test started at 2024-11-06 16:10:04.302 EST
[2024-11-06T16:10:04-0500] testing tcp uplink with 54.197.223.49:5102, interval 0.5, duration 120, timeout 121 ...
[2024-11-06T16:12:05-0500] Current time exceeds end time, skipping wait
[2024-11-06T16:12:05-0500] Saved uplink test to /data/data/com.termux/files/home/storage/shared/bos_la_2024_trip/att/20241106/160752754/tcp_uplink_161004326.out
[2024-11-06T16:12:05-0500] UL AVG TPUT: 
[2024-11-06T16:12:05-0500] tcp uplink test finished at 2024-11-06 16:12:05.441 EST, duration: 121.139 s
[2024-11-06T16:12:05-0500] -------------------------------
[2024-11-06T16:12:05-0500] Waiting for 2 s...
[2024-11-06T16:12:07-0500] -------------------------------
[2024-11-06T16:12:07-0500] Starting 5G booster for 5 s...
[2024-11-06T16:12:07-0500] 5G booster started at 2024-11-06 16:12:07.552 EST
[2024-11-06T16:12:13-0500] Current time exceeds end time, skipping wait
[2024-11-06T16:12:13-0500] Saved TCP DL results to /data/data/com.termux/files/home/storage/shared/bos_la_2024_trip/att/20241106/160752754/tcp_downlink_161207602.out
[2024-11-06T16:12:13-0500] DL AVG TPUT: 
[2024-11-06T16:12:13-0500] 5G booster finished at 2024-11-06 16:12:13.697 EST, duration: 6.145 s
[2024-11-06T16:12:13-0500] -------------------------------
[2024-11-06T16:12:13-0500] Waiting for 2 s...
[2024-11-06T16:12:15-0500] -------------------------------
[2024-11-06T16:12:15-0500] ICMP Ping test started at 2024-11-06 16:12:15.808 EST
[2024-11-06T16:12:45-0500] Waiting for .865 s to reach end time
[2024-11-06T16:12:46-0500] Saved ping test to /data/data/com.termux/files/home/storage/shared/bos_la_2024_trip/att/20241106/160752754/icmp_ping_161215845.out
[2024-11-06T16:12:46-0500] Ping summary (min/avg/max/mdev) = 35.091/48.219/621.148/58.035 ms
[2024-11-06T16:12:46-0500] Ping test finished at 2024-11-06 16:12:46.895 EST, duration: 31.087 s
[2024-11-06T16:12:46-0500] -------------------------------
[2024-11-06T16:12:46-0500] Waiting for 2 s...
[2024-11-06T16:12:49-0500] -------------------------------
[2024-11-06T16:12:49-0500] Starting 5G booster for 5 s...
[2024-11-06T16:12:49-0500] 5G booster started at 2024-11-06 16:12:49.032 EST
[2024-11-06T16:12:55-0500] Current time exceeds end time, skipping wait
[2024-11-06T16:12:55-0500] Saved TCP DL results to /data/data/com.termux/files/home/storage/shared/bos_la_2024_trip/att/20241106/160752754/tcp_downlink_161249063.out
[2024-11-06T16:12:55-0500] DL AVG TPUT: 
[2024-11-06T16:12:55-0500] 5G booster finished at 2024-11-06 16:12:55.165 EST, duration: 6.133 s
[2024-11-06T16:12:55-0500] -------------------------------
[2024-11-06T16:12:55-0500] Waiting for 2 s...
[2024-11-06T16:12:57-0500] -------------------------------
[2024-11-06T16:12:57-0500] TCP Ping test started at 2024-11-06 16:12:57.270 EST
[2024-11-06T16:13:28-0500] Current time exceeds end time, skipping wait
[2024-11-06T16:13:28-0500] Saved TCP Ping test to /data/data/com.termux/files/home/storage/shared/bos_la_2024_trip/att/20241106/160752754/tcp_ping_161257304.out
[2024-11-06T16:13:28-0500] TCP Ping summary (min/avg/max/mdev) 
[2024-11-06T16:13:28-0500] TCP Ping test finished at 2024-11-06 16:13:28.436 EST, duration: 31.166 s
[2024-11-06T16:13:28-0500] -------------------------------
[2024-11-06T16:13:28-0500] Waiting for 2 s...
[2024-11-06T16:13:30-0500] -------------------------------
[2024-11-06T16:13:30-0500] Traceroute test started at 2024-11-06 16:13:30.566 EST
[2024-11-06T16:13:41-0500] Waiting for 19.328 s to reach end time
[2024-11-06T16:14:00-0500] Saved traceroute test to /data/data/com.termux/files/home/storage/shared/bos_la_2024_trip/att/20241106/160752754/traceroute_161330600.out
[2024-11-06T16:14:00-0500] Traceroute summary (min/avg/max/mdev) 
[2024-11-06T16:14:00-0500] Traceroute test finished at 2024-11-06 16:14:00.649 EST, duration: 30.083 s
[2024-11-06T16:14:00-0500] -------------------------------
[2024-11-06T16:14:00-0500] All tests completed, cleaning up...
[2024-11-06T16:14:00-0500] -------------------------------
[2024-11-06T16:14:31-0500] [measurement] Load environment variables from prod.env file
[2024-11-06T16:14:31-0500] Starting a network measurement, please choose a server
[2024-11-06T16:14:31-0500] 0) West Cloud: 54.176.53.206
[2024-11-06T16:14:31-0500] 1) East Cloud: 54.197.223.49
[2024-11-06T16:14:57-0500] Enter your choice (0-1): Testing att, server 1 (ip: 54.197.223.49, nuttcp_port: 5102, iperf_port: 5002)
[2024-11-06T16:14:57-0500] -------------------------------
[2024-11-06T16:14:57-0500] tcp downlink test started at 2024-11-06 16:14:57.140 EST
[2024-11-06T16:14:57-0500] Testing tcp downlink with 54.197.223.49:5102, interval 0.5 s, duration 120 s, timeout 121 s...
[2024-11-06T16:16:58-0500] Current time exceeds end time, skipping wait
[2024-11-06T16:16:58-0500] Saved tcp downlink test to /data/data/com.termux/files/home/storage/shared/bos_la_2024_trip/att/20241106/161457110/tcp_downlink_161457170.out
[2024-11-06T16:16:58-0500] DL AVG TPUT: 
[2024-11-06T16:16:58-0500] tcp downlink test finished at 2024-11-06 16:16:58.266 EST, duration: 121.126 s
[2024-11-06T16:16:58-0500] -------------------------------
[2024-11-06T16:16:58-0500] Waiting for 2 s...
[2024-11-06T16:17:00-0500] -------------------------------
[2024-11-06T16:17:00-0500] Starting 5G booster for 5 s...
[2024-11-06T16:17:00-0500] 5G booster started at 2024-11-06 16:17:00.399 EST
[2024-11-06T16:17:06-0500] Current time exceeds end time, skipping wait
[2024-11-06T16:17:06-0500] Saved TCP DL results to /data/data/com.termux/files/home/storage/shared/bos_la_2024_trip/att/20241106/161457110/tcp_downlink_161700432.out
[2024-11-06T16:17:06-0500] DL AVG TPUT: 
[2024-11-06T16:17:06-0500] 5G booster finished at 2024-11-06 16:17:06.558 EST, duration: 6.159 s
[2024-11-06T16:17:06-0500] -------------------------------
[2024-11-06T16:17:06-0500] Waiting for 2 s...
[2024-11-06T16:17:08-0500] -------------------------------
[2024-11-06T16:17:08-0500] tcp uplink test started at 2024-11-06 16:17:08.655 EST
[2024-11-06T16:17:08-0500] testing tcp uplink with 54.197.223.49:5102, interval 0.5, duration 120, timeout 121 ...
[2024-11-06T16:19:09-0500] Current time exceeds end time, skipping wait
[2024-11-06T16:19:09-0500] Saved uplink test to /data/data/com.termux/files/home/storage/shared/bos_la_2024_trip/att/20241106/161457110/tcp_uplink_161708704.out
[2024-11-06T16:19:09-0500] UL AVG TPUT: 
[2024-11-06T16:19:09-0500] tcp uplink test finished at 2024-11-06 16:19:09.791 EST, duration: 121.136 s
[2024-11-06T16:19:09-0500] -------------------------------
[2024-11-06T16:19:09-0500] Waiting for 2 s...
[2024-11-06T16:19:11-0500] -------------------------------
[2024-11-06T16:19:11-0500] Starting 5G booster for 5 s...
[2024-11-06T16:19:11-0500] 5G booster started at 2024-11-06 16:19:11.927 EST
[2024-11-06T16:19:18-0500] Current time exceeds end time, skipping wait
[2024-11-06T16:19:18-0500] Saved TCP DL results to /data/data/com.termux/files/home/storage/shared/bos_la_2024_trip/att/20241106/161457110/tcp_downlink_161911963.out
[2024-11-06T16:19:18-0500] DL AVG TPUT: 
[2024-11-06T16:19:18-0500] 5G booster finished at 2024-11-06 16:19:18.059 EST, duration: 6.132 s
[2024-11-06T16:19:18-0500] -------------------------------
[2024-11-06T16:19:18-0500] Waiting for 2 s...
[2024-11-06T16:19:20-0500] -------------------------------
[2024-11-06T16:19:20-0500] ICMP Ping test started at 2024-11-06 16:19:20.178 EST
[2024-11-06T16:19:50-0500] Waiting for .876 s to reach end time
[2024-11-06T16:19:51-0500] Saved ping test to /data/data/com.termux/files/home/storage/shared/bos_la_2024_trip/att/20241106/161457110/icmp_ping_161920213.out
[2024-11-06T16:19:51-0500] Ping summary (min/avg/max/mdev) = 40.497/54.558/109.090/7.529 ms
[2024-11-06T16:19:51-0500] Ping test finished at 2024-11-06 16:19:51.300 EST, duration: 31.122 s
[2024-11-06T16:19:51-0500] -------------------------------
[2024-11-06T16:19:51-0500] Waiting for 2 s...
[2024-11-06T16:19:53-0500] -------------------------------
[2024-11-06T16:19:53-0500] Starting 5G booster for 5 s...
[2024-11-06T16:19:53-0500] 5G booster started at 2024-11-06 16:19:53.423 EST
[2024-11-06T16:19:59-0500] Current time exceeds end time, skipping wait
[2024-11-06T16:19:59-0500] Saved TCP DL results to /data/data/com.termux/files/home/storage/shared/bos_la_2024_trip/att/20241106/161457110/tcp_downlink_161953470.out
[2024-11-06T16:19:59-0500] DL AVG TPUT: 
[2024-11-06T16:19:59-0500] 5G booster finished at 2024-11-06 16:19:59.581 EST, duration: 6.158 s
[2024-11-06T16:19:59-0500] -------------------------------
[2024-11-06T16:19:59-0500] Waiting for 2 s...
[2024-11-06T16:20:01-0500] -------------------------------
[2024-11-06T16:20:01-0500] TCP Ping test started at 2024-11-06 16:20:01.692 EST
[2024-11-06T16:20:32-0500] Current time exceeds end time, skipping wait
[2024-11-06T16:20:32-0500] Saved TCP Ping test to /data/data/com.termux/files/home/storage/shared/bos_la_2024_trip/att/20241106/161457110/tcp_ping_162001718.out
[2024-11-06T16:20:32-0500] TCP Ping summary (min/avg/max/mdev) 
[2024-11-06T16:20:32-0500] TCP Ping test finished at 2024-11-06 16:20:32.810 EST, duration: 31.118 s
[2024-11-06T16:20:32-0500] -------------------------------
[2024-11-06T16:20:32-0500] Waiting for 2 s...
[2024-11-06T16:20:34-0500] -------------------------------
[2024-11-06T16:20:35-0500] Traceroute test started at 2024-11-06 16:20:34.958 EST
[2024-11-06T16:20:45-0500] Waiting for 19.058 s to reach end time
[2024-11-06T16:21:05-0500] Saved traceroute test to /data/data/com.termux/files/home/storage/shared/bos_la_2024_trip/att/20241106/161457110/traceroute_162035009.out
[2024-11-06T16:21:05-0500] Traceroute summary (min/avg/max/mdev) 
[2024-11-06T16:21:05-0500] Traceroute test finished at 2024-11-06 16:21:05.080 EST, duration: 30.122 s
[2024-11-06T16:21:05-0500] -------------------------------
[2024-11-06T16:21:05-0500] All tests completed, cleaning up...
[2024-11-06T16:21:05-0500] -------------------------------
[2024-11-06T16:21:23-0500] [measurement] Load environment variables from prod.env file
[2024-11-06T16:21:23-0500] Starting a network measurement, please choose a server
[2024-11-06T16:21:23-0500] 0) West Cloud: 54.176.53.206
[2024-11-06T16:21:23-0500] 1) East Cloud: 54.197.223.49
[2024-11-06T16:21:48-0500] Enter your choice (0-1): Testing att, server 1 (ip: 54.197.223.49, nuttcp_port: 5102, iperf_port: 5002)
[2024-11-06T16:21:48-0500] -------------------------------
[2024-11-06T16:21:48-0500] tcp downlink test started at 2024-11-06 16:21:48.208 EST
[2024-11-06T16:21:48-0500] Testing tcp downlink with 54.197.223.49:5102, interval 0.5 s, duration 120 s, timeout 121 s...
[2024-11-06T16:23:49-0500] Current time exceeds end time, skipping wait
[2024-11-06T16:23:49-0500] Saved tcp downlink test to /data/data/com.termux/files/home/storage/shared/bos_la_2024_trip/att/20241106/162148189/tcp_downlink_162148236.out
[2024-11-06T16:23:49-0500] DL AVG TPUT: 
[2024-11-06T16:23:49-0500] tcp downlink test finished at 2024-11-06 16:23:49.317 EST, duration: 121.109 s
[2024-11-06T16:23:49-0500] -------------------------------
[2024-11-06T16:23:49-0500] Waiting for 2 s...
[2024-11-06T16:23:51-0500] -------------------------------
[2024-11-06T16:23:51-0500] Starting 5G booster for 5 s...
[2024-11-06T16:23:51-0500] 5G booster started at 2024-11-06 16:23:51.415 EST
[2024-11-06T16:23:57-0500] Current time exceeds end time, skipping wait
[2024-11-06T16:23:57-0500] Saved TCP DL results to /data/data/com.termux/files/home/storage/shared/bos_la_2024_trip/att/20241106/162148189/tcp_downlink_162351445.out
[2024-11-06T16:23:57-0500] DL AVG TPUT: 
[2024-11-06T16:23:57-0500] 5G booster finished at 2024-11-06 16:23:57.536 EST, duration: 6.121 s
[2024-11-06T16:23:57-0500] -------------------------------
[2024-11-06T16:23:57-0500] Waiting for 2 s...
[2024-11-06T16:23:59-0500] -------------------------------
[2024-11-06T16:23:59-0500] tcp uplink test started at 2024-11-06 16:23:59.647 EST
[2024-11-06T16:23:59-0500] testing tcp uplink with 54.197.223.49:5102, interval 0.5, duration 120, timeout 121 ...
[2024-11-06T16:26:00-0500] Current time exceeds end time, skipping wait
[2024-11-06T16:26:00-0500] Saved uplink test to /data/data/com.termux/files/home/storage/shared/bos_la_2024_trip/att/20241106/162148189/tcp_uplink_162359688.out
[2024-11-06T16:26:00-0500] UL AVG TPUT: 
[2024-11-06T16:26:00-0500] tcp uplink test finished at 2024-11-06 16:26:00.789 EST, duration: 121.142 s
[2024-11-06T16:26:00-0500] -------------------------------
[2024-11-06T16:26:00-0500] Waiting for 2 s...
[2024-11-06T16:26:02-0500] -------------------------------
[2024-11-06T16:26:02-0500] Starting 5G booster for 5 s...
[2024-11-06T16:26:02-0500] 5G booster started at 2024-11-06 16:26:02.966 EST
[2024-11-06T16:26:09-0500] Current time exceeds end time, skipping wait
[2024-11-06T16:26:09-0500] Saved TCP DL results to /data/data/com.termux/files/home/storage/shared/bos_la_2024_trip/att/20241106/162148189/tcp_downlink_162602998.out
[2024-11-06T16:26:09-0500] DL AVG TPUT: 
[2024-11-06T16:26:09-0500] 5G booster finished at 2024-11-06 16:26:09.082 EST, duration: 6.116 s
[2024-11-06T16:26:09-0500] -------------------------------
[2024-11-06T16:26:09-0500] Waiting for 2 s...
[2024-11-06T16:26:11-0500] -------------------------------
[2024-11-06T16:26:11-0500] ICMP Ping test started at 2024-11-06 16:26:11.207 EST
[2024-11-06T16:26:41-0500] Waiting for .818 s to reach end time
[2024-11-06T16:26:42-0500] Saved ping test to /data/data/com.termux/files/home/storage/shared/bos_la_2024_trip/att/20241106/162148189/icmp_ping_162611278.out
[2024-11-06T16:26:42-0500] Ping summary (min/avg/max/mdev) = 36.551/49.621/161.441/14.572 ms
[2024-11-06T16:26:42-0500] Ping test finished at 2024-11-06 16:26:42.340 EST, duration: 31.133 s
[2024-11-06T16:26:42-0500] -------------------------------
[2024-11-06T16:26:42-0500] Waiting for 2 s...
[2024-11-06T16:26:44-0500] -------------------------------
[2024-11-06T16:26:44-0500] Starting 5G booster for 5 s...
[2024-11-06T16:26:44-0500] 5G booster started at 2024-11-06 16:26:44.497 EST
[2024-11-06T16:26:50-0500] Current time exceeds end time, skipping wait
[2024-11-06T16:26:50-0500] Saved TCP DL results to /data/data/com.termux/files/home/storage/shared/bos_la_2024_trip/att/20241106/162148189/tcp_downlink_162644543.out
[2024-11-06T16:26:50-0500] DL AVG TPUT: 
[2024-11-06T16:26:50-0500] 5G booster finished at 2024-11-06 16:26:50.654 EST, duration: 6.157 s
[2024-11-06T16:26:50-0500] -------------------------------
[2024-11-06T16:26:50-0500] Waiting for 2 s...
[2024-11-06T16:26:52-0500] -------------------------------
[2024-11-06T16:26:52-0500] TCP Ping test started at 2024-11-06 16:26:52.784 EST
[2024-11-06T16:27:23-0500] Current time exceeds end time, skipping wait
[2024-11-06T16:27:23-0500] Saved TCP Ping test to /data/data/com.termux/files/home/storage/shared/bos_la_2024_trip/att/20241106/162148189/tcp_ping_162652836.out
[2024-11-06T16:27:23-0500] TCP Ping summary (min/avg/max/mdev) 
[2024-11-06T16:27:24-0500] TCP Ping test finished at 2024-11-06 16:27:23.956 EST, duration: 31.172 s
[2024-11-06T16:27:24-0500] -------------------------------
[2024-11-06T16:27:24-0500] Waiting for 2 s...
[2024-11-06T16:27:26-0500] -------------------------------
[2024-11-06T16:27:26-0500] Traceroute test started at 2024-11-06 16:27:26.086 EST
[2024-11-06T16:27:37-0500] Waiting for 19.144 s to reach end time
[2024-11-06T16:27:56-0500] Saved traceroute test to /data/data/com.termux/files/home/storage/shared/bos_la_2024_trip/att/20241106/162148189/traceroute_162726122.out
[2024-11-06T16:27:56-0500] Traceroute summary (min/avg/max/mdev) 
[2024-11-06T16:27:56-0500] Traceroute test finished at 2024-11-06 16:27:56.246 EST, duration: 30.160 s
[2024-11-06T16:27:56-0500] -------------------------------
[2024-11-06T16:27:56-0500] All tests completed, cleaning up...
[2024-11-06T16:27:56-0500] -------------------------------
[2024-11-06T16:28:17-0500] [measurement] Load environment variables from prod.env file
[2024-11-06T16:28:17-0500] Starting a network measurement, please choose a server
[2024-11-06T16:28:17-0500] 0) West Cloud: 54.176.53.206
[2024-11-06T16:28:17-0500] 1) East Cloud: 54.197.223.49
[2024-11-06T16:28:35-0500] Enter your choice (0-1): Testing att, server 1 (ip: 54.197.223.49, nuttcp_port: 5102, iperf_port: 5002)
[2024-11-06T16:28:35-0500] -------------------------------
[2024-11-06T16:28:35-0500] tcp downlink test started at 2024-11-06 16:28:35.621 EST
[2024-11-06T16:28:35-0500] Testing tcp downlink with 54.197.223.49:5102, interval 0.5 s, duration 120 s, timeout 121 s...
[2024-11-06T16:30:36-0500] Current time exceeds end time, skipping wait
[2024-11-06T16:30:36-0500] Saved tcp downlink test to /data/data/com.termux/files/home/storage/shared/bos_la_2024_trip/att/20241106/162835603/tcp_downlink_162835646.out
[2024-11-06T16:30:36-0500] DL AVG TPUT: 
[2024-11-06T16:30:36-0500] tcp downlink test finished at 2024-11-06 16:30:36.735 EST, duration: 121.114 s
[2024-11-06T16:30:36-0500] -------------------------------
[2024-11-06T16:30:36-0500] Waiting for 2 s...
[2024-11-06T16:30:38-0500] -------------------------------
[2024-11-06T16:30:38-0500] Starting 5G booster for 5 s...
[2024-11-06T16:30:38-0500] 5G booster started at 2024-11-06 16:30:38.869 EST
[2024-11-06T16:30:44-0500] Current time exceeds end time, skipping wait
[2024-11-06T16:30:45-0500] Saved TCP DL results to /data/data/com.termux/files/home/storage/shared/bos_la_2024_trip/att/20241106/162835603/tcp_downlink_163038898.out
[2024-11-06T16:30:45-0500] DL AVG TPUT: 
[2024-11-06T16:30:45-0500] 5G booster finished at 2024-11-06 16:30:45.007 EST, duration: 6.138 s
[2024-11-06T16:30:45-0500] -------------------------------
[2024-11-06T16:30:45-0500] Waiting for 2 s...
[2024-11-06T16:30:47-0500] -------------------------------
[2024-11-06T16:30:47-0500] tcp uplink test started at 2024-11-06 16:30:47.112 EST
[2024-11-06T16:30:47-0500] testing tcp uplink with 54.197.223.49:5102, interval 0.5, duration 120, timeout 121 ...
[2024-11-06T16:32:48-0500] Current time exceeds end time, skipping wait
[2024-11-06T16:32:48-0500] Saved uplink test to /data/data/com.termux/files/home/storage/shared/bos_la_2024_trip/att/20241106/162835603/tcp_uplink_163047147.out
[2024-11-06T16:32:48-0500] UL AVG TPUT: 
[2024-11-06T16:32:48-0500] tcp uplink test finished at 2024-11-06 16:32:48.254 EST, duration: 121.142 s
[2024-11-06T16:32:48-0500] -------------------------------
[2024-11-06T16:32:48-0500] Waiting for 2 s...
[2024-11-06T16:32:50-0500] -------------------------------
[2024-11-06T16:32:50-0500] Starting 5G booster for 5 s...
[2024-11-06T16:32:50-0500] 5G booster started at 2024-11-06 16:32:50.399 EST
[2024-11-06T16:32:56-0500] Current time exceeds end time, skipping wait
[2024-11-06T16:32:56-0500] Saved TCP DL results to /data/data/com.termux/files/home/storage/shared/bos_la_2024_trip/att/20241106/162835603/tcp_downlink_163250454.out
[2024-11-06T16:32:56-0500] DL AVG TPUT: 
[2024-11-06T16:32:56-0500] 5G booster finished at 2024-11-06 16:32:56.578 EST, duration: 6.179 s
[2024-11-06T16:32:56-0500] -------------------------------
[2024-11-06T16:32:56-0500] Waiting for 2 s...
[2024-11-06T16:32:58-0500] -------------------------------
[2024-11-06T16:32:58-0500] ICMP Ping test started at 2024-11-06 16:32:58.724 EST
[2024-11-06T16:33:28-0500] Waiting for .869 s to reach end time
[2024-11-06T16:33:29-0500] Saved ping test to /data/data/com.termux/files/home/storage/shared/bos_la_2024_trip/att/20241106/162835603/icmp_ping_163258766.out
[2024-11-06T16:33:29-0500] Ping summary (min/avg/max/mdev) = 43.067/57.411/166.416/14.732 ms
[2024-11-06T16:33:29-0500] Ping test finished at 2024-11-06 16:33:29.815 EST, duration: 31.091 s
[2024-11-06T16:33:29-0500] -------------------------------
[2024-11-06T16:33:29-0500] Waiting for 2 s...
[2024-11-06T16:33:31-0500] -------------------------------
[2024-11-06T16:33:31-0500] Starting 5G booster for 5 s...
[2024-11-06T16:33:32-0500] 5G booster started at 2024-11-06 16:33:31.975 EST
[2024-11-06T16:33:38-0500] Current time exceeds end time, skipping wait
[2024-11-06T16:33:38-0500] Saved TCP DL results to /data/data/com.termux/files/home/storage/shared/bos_la_2024_trip/att/20241106/162835603/tcp_downlink_163332017.out
[2024-11-06T16:33:38-0500] DL AVG TPUT: 
[2024-11-06T16:33:38-0500] 5G booster finished at 2024-11-06 16:33:38.125 EST, duration: 6.150 s
[2024-11-06T16:33:38-0500] -------------------------------
[2024-11-06T16:33:38-0500] Waiting for 2 s...
[2024-11-06T16:33:40-0500] -------------------------------
[2024-11-06T16:33:40-0500] TCP Ping test started at 2024-11-06 16:33:40.256 EST
[2024-11-06T16:34:11-0500] Current time exceeds end time, skipping wait
[2024-11-06T16:34:11-0500] Saved TCP Ping test to /data/data/com.termux/files/home/storage/shared/bos_la_2024_trip/att/20241106/162835603/tcp_ping_163340289.out
[2024-11-06T16:34:11-0500] TCP Ping summary (min/avg/max/mdev) 
[2024-11-06T16:34:11-0500] TCP Ping test finished at 2024-11-06 16:34:11.392 EST, duration: 31.136 s
[2024-11-06T16:34:11-0500] -------------------------------
[2024-11-06T16:34:11-0500] Waiting for 2 s...
[2024-11-06T16:34:13-0500] -------------------------------
[2024-11-06T16:34:13-0500] Traceroute test started at 2024-11-06 16:34:13.512 EST
[2024-11-06T16:34:24-0500] Waiting for 19.178 s to reach end time
[2024-11-06T16:34:43-0500] Saved traceroute test to /data/data/com.termux/files/home/storage/shared/bos_la_2024_trip/att/20241106/162835603/traceroute_163413551.out
[2024-11-06T16:34:43-0500] Traceroute summary (min/avg/max/mdev) 
[2024-11-06T16:34:43-0500] Traceroute test finished at 2024-11-06 16:34:43.638 EST, duration: 30.126 s
[2024-11-06T16:34:43-0500] -------------------------------
[2024-11-06T16:34:43-0500] All tests completed, cleaning up...
[2024-11-06T16:34:43-0500] -------------------------------
[2024-11-06T16:34:58-0500] [measurement] Load environment variables from prod.env file
[2024-11-06T16:34:59-0500] Starting a network measurement, please choose a server
[2024-11-06T16:34:59-0500] 0) West Cloud: 54.176.53.206
[2024-11-06T16:34:59-0500] 1) East Cloud: 54.197.223.49
[2024-11-06T16:35:28-0500] Enter your choice (0-1): Testing att, server 1 (ip: 54.197.223.49, nuttcp_port: 5102, iperf_port: 5002)
[2024-11-06T16:35:28-0500] -------------------------------
[2024-11-06T16:35:28-0500] tcp downlink test started at 2024-11-06 16:35:28.855 EST
[2024-11-06T16:35:28-0500] Testing tcp downlink with 54.197.223.49:5102, interval 0.5 s, duration 120 s, timeout 121 s...
[2024-11-06T16:37:30-0500] Current time exceeds end time, skipping wait
[2024-11-06T16:37:30-0500] Saved tcp downlink test to /data/data/com.termux/files/home/storage/shared/bos_la_2024_trip/att/20241106/163528835/tcp_downlink_163528880.out
[2024-11-06T16:37:30-0500] DL AVG TPUT: 
[2024-11-06T16:37:30-0500] tcp downlink test finished at 2024-11-06 16:37:30.018 EST, duration: 121.163 s
[2024-11-06T16:37:30-0500] -------------------------------
[2024-11-06T16:37:30-0500] Waiting for 2 s...
[2024-11-06T16:37:32-0500] -------------------------------
[2024-11-06T16:37:32-0500] Starting 5G booster for 5 s...
[2024-11-06T16:37:32-0500] 5G booster started at 2024-11-06 16:37:32.127 EST
[2024-11-06T16:37:38-0500] Current time exceeds end time, skipping wait
[2024-11-06T16:37:38-0500] Saved TCP DL results to /data/data/com.termux/files/home/storage/shared/bos_la_2024_trip/att/20241106/163528835/tcp_downlink_163732174.out
[2024-11-06T16:37:38-0500] DL AVG TPUT: 
[2024-11-06T16:37:38-0500] 5G booster finished at 2024-11-06 16:37:38.290 EST, duration: 6.163 s
[2024-11-06T16:37:38-0500] -------------------------------
[2024-11-06T16:37:38-0500] Waiting for 2 s...
[2024-11-06T16:37:40-0500] -------------------------------
[2024-11-06T16:37:40-0500] tcp uplink test started at 2024-11-06 16:37:40.408 EST
[2024-11-06T16:37:40-0500] testing tcp uplink with 54.197.223.49:5102, interval 0.5, duration 120, timeout 121 ...
[2024-11-06T16:39:41-0500] Current time exceeds end time, skipping wait
[2024-11-06T16:39:41-0500] Saved uplink test to /data/data/com.termux/files/home/storage/shared/bos_la_2024_trip/att/20241106/163528835/tcp_uplink_163740440.out
[2024-11-06T16:39:41-0500] UL AVG TPUT: 
[2024-11-06T16:39:41-0500] tcp uplink test finished at 2024-11-06 16:39:41.560 EST, duration: 121.152 s
[2024-11-06T16:39:41-0500] -------------------------------
[2024-11-06T16:39:41-0500] Waiting for 2 s...
[2024-11-06T16:39:43-0500] -------------------------------
[2024-11-06T16:39:43-0500] Starting 5G booster for 5 s...
[2024-11-06T16:39:43-0500] 5G booster started at 2024-11-06 16:39:43.711 EST
[2024-11-06T16:39:49-0500] Current time exceeds end time, skipping wait
[2024-11-06T16:39:49-0500] Saved TCP DL results to /data/data/com.termux/files/home/storage/shared/bos_la_2024_trip/att/20241106/163528835/tcp_downlink_163943748.out
[2024-11-06T16:39:49-0500] DL AVG TPUT: 
[2024-11-06T16:39:50-0500] 5G booster finished at 2024-11-06 16:39:49.881 EST, duration: 6.170 s
[2024-11-06T16:39:50-0500] -------------------------------
[2024-11-06T16:39:50-0500] Waiting for 2 s...
[2024-11-06T16:39:52-0500] -------------------------------
[2024-11-06T16:39:52-0500] ICMP Ping test started at 2024-11-06 16:39:52.045 EST
[2024-11-06T16:40:22-0500] Waiting for .863 s to reach end time
[2024-11-06T16:40:23-0500] Saved ping test to /data/data/com.termux/files/home/storage/shared/bos_la_2024_trip/att/20241106/163528835/icmp_ping_163952099.out
[2024-11-06T16:40:23-0500] Ping summary (min/avg/max/mdev) = 40.467/51.346/65.106/4.712 ms
[2024-11-06T16:40:23-0500] Ping test finished at 2024-11-06 16:40:23.151 EST, duration: 31.106 s
[2024-11-06T16:40:23-0500] -------------------------------
[2024-11-06T16:40:23-0500] Waiting for 2 s...
[2024-11-06T16:40:25-0500] -------------------------------
[2024-11-06T16:40:25-0500] Starting 5G booster for 5 s...
[2024-11-06T16:40:25-0500] 5G booster started at 2024-11-06 16:40:25.292 EST
[2024-11-06T16:40:31-0500] Current time exceeds end time, skipping wait
[2024-11-06T16:40:31-0500] Saved TCP DL results to /data/data/com.termux/files/home/storage/shared/bos_la_2024_trip/att/20241106/163528835/tcp_downlink_164025349.out
[2024-11-06T16:40:31-0500] DL AVG TPUT: 
[2024-11-06T16:40:31-0500] 5G booster finished at 2024-11-06 16:40:31.431 EST, duration: 6.139 s
[2024-11-06T16:40:31-0500] -------------------------------
[2024-11-06T16:40:31-0500] Waiting for 2 s...
[2024-11-06T16:40:33-0500] -------------------------------
[2024-11-06T16:40:33-0500] TCP Ping test started at 2024-11-06 16:40:33.543 EST
[2024-11-06T16:41:04-0500] Current time exceeds end time, skipping wait
[2024-11-06T16:41:04-0500] Saved TCP Ping test to /data/data/com.termux/files/home/storage/shared/bos_la_2024_trip/att/20241106/163528835/tcp_ping_164033583.out
[2024-11-06T16:41:04-0500] TCP Ping summary (min/avg/max/mdev) 
[2024-11-06T16:41:04-0500] TCP Ping test finished at 2024-11-06 16:41:04.672 EST, duration: 31.129 s
[2024-11-06T16:41:04-0500] -------------------------------
[2024-11-06T16:41:04-0500] Waiting for 2 s...
[2024-11-06T16:41:06-0500] -------------------------------
[2024-11-06T16:41:06-0500] Traceroute test started at 2024-11-06 16:41:06.778 EST
[2024-11-06T16:41:17-0500] Waiting for 19.194 s to reach end time
[2024-11-06T16:41:36-0500] Saved traceroute test to /data/data/com.termux/files/home/storage/shared/bos_la_2024_trip/att/20241106/163528835/traceroute_164106833.out
[2024-11-06T16:41:36-0500] Traceroute summary (min/avg/max/mdev) 
[2024-11-06T16:41:36-0500] Traceroute test finished at 2024-11-06 16:41:36.863 EST, duration: 30.085 s
[2024-11-06T16:41:36-0500] -------------------------------
[2024-11-06T16:41:36-0500] All tests completed, cleaning up...
[2024-11-06T16:41:36-0500] -------------------------------
[2024-11-06T16:42:09-0500] [measurement] Load environment variables from prod.env file
[2024-11-06T16:42:09-0500] Starting a network measurement, please choose a server
[2024-11-06T16:42:09-0500] 0) West Cloud: 54.176.53.206
[2024-11-06T16:42:09-0500] 1) East Cloud: 54.197.223.49
[2024-11-06T16:42:32-0500] Enter your choice (0-1): Testing att, server 1 (ip: 54.197.223.49, nuttcp_port: 5102, iperf_port: 5002)
[2024-11-06T16:42:32-0500] -------------------------------
[2024-11-06T16:42:32-0500] tcp downlink test started at 2024-11-06 16:42:32.114 EST
[2024-11-06T16:42:32-0500] Testing tcp downlink with 54.197.223.49:5102, interval 0.5 s, duration 120 s, timeout 121 s...
[2024-11-06T16:44:33-0500] Current time exceeds end time, skipping wait
[2024-11-06T16:44:33-0500] Saved tcp downlink test to /data/data/com.termux/files/home/storage/shared/bos_la_2024_trip/att/20241106/164232097/tcp_downlink_164232139.out
[2024-11-06T16:44:33-0500] DL AVG TPUT: 
[2024-11-06T16:44:33-0500] tcp downlink test finished at 2024-11-06 16:44:33.261 EST, duration: 121.147 s
[2024-11-06T16:44:33-0500] -------------------------------
[2024-11-06T16:44:33-0500] Waiting for 2 s...
[2024-11-06T16:44:35-0500] -------------------------------
[2024-11-06T16:44:35-0500] Starting 5G booster for 5 s...
[2024-11-06T16:44:35-0500] 5G booster started at 2024-11-06 16:44:35.418 EST
[2024-11-06T16:44:41-0500] Current time exceeds end time, skipping wait
[2024-11-06T16:44:41-0500] Saved TCP DL results to /data/data/com.termux/files/home/storage/shared/bos_la_2024_trip/att/20241106/164232097/tcp_downlink_164435466.out
[2024-11-06T16:44:41-0500] DL AVG TPUT: 
[2024-11-06T16:44:41-0500] 5G booster finished at 2024-11-06 16:44:41.576 EST, duration: 6.158 s
[2024-11-06T16:44:41-0500] -------------------------------
[2024-11-06T16:44:41-0500] Waiting for 2 s...
[2024-11-06T16:44:43-0500] -------------------------------
[2024-11-06T16:44:43-0500] tcp uplink test started at 2024-11-06 16:44:43.701 EST
[2024-11-06T16:44:43-0500] testing tcp uplink with 54.197.223.49:5102, interval 0.5, duration 120, timeout 121 ...
[2024-11-06T16:46:44-0500] Current time exceeds end time, skipping wait
[2024-11-06T16:46:44-0500] Saved uplink test to /data/data/com.termux/files/home/storage/shared/bos_la_2024_trip/att/20241106/164232097/tcp_uplink_164443734.out
[2024-11-06T16:46:44-0500] UL AVG TPUT: 
[2024-11-06T16:46:44-0500] tcp uplink test finished at 2024-11-06 16:46:44.830 EST, duration: 121.129 s
[2024-11-06T16:46:44-0500] -------------------------------
[2024-11-06T16:46:44-0500] Waiting for 2 s...
[2024-11-06T16:46:46-0500] -------------------------------
[2024-11-06T16:46:46-0500] Starting 5G booster for 5 s...
[2024-11-06T16:46:46-0500] 5G booster started at 2024-11-06 16:46:46.959 EST
[2024-11-06T16:46:53-0500] Current time exceeds end time, skipping wait
[2024-11-06T16:46:53-0500] Saved TCP DL results to /data/data/com.termux/files/home/storage/shared/bos_la_2024_trip/att/20241106/164232097/tcp_downlink_164647002.out
[2024-11-06T16:46:53-0500] DL AVG TPUT: 
[2024-11-06T16:46:53-0500] 5G booster finished at 2024-11-06 16:46:53.145 EST, duration: 6.186 s
[2024-11-06T16:46:53-0500] -------------------------------
[2024-11-06T16:46:53-0500] Waiting for 2 s...
[2024-11-06T16:46:55-0500] -------------------------------
[2024-11-06T16:46:55-0500] ICMP Ping test started at 2024-11-06 16:46:55.281 EST
[2024-11-06T16:47:25-0500] Waiting for .840 s to reach end time
[2024-11-06T16:47:26-0500] Saved ping test to /data/data/com.termux/files/home/storage/shared/bos_la_2024_trip/att/20241106/164232097/icmp_ping_164655321.out
[2024-11-06T16:47:26-0500] Ping summary (min/avg/max/mdev) = 41.215/154.958/2273.902/362.731 ms
[2024-11-06T16:47:26-0500] Ping test finished at 2024-11-06 16:47:26.396 EST, duration: 31.115 s
[2024-11-06T16:47:26-0500] -------------------------------
[2024-11-06T16:47:26-0500] Waiting for 2 s...
[2024-11-06T16:47:28-0500] -------------------------------
[2024-11-06T16:47:28-0500] Starting 5G booster for 5 s...
[2024-11-06T16:47:28-0500] 5G booster started at 2024-11-06 16:47:28.553 EST
[2024-11-06T16:47:34-0500] Current time exceeds end time, skipping wait
[2024-11-06T16:47:34-0500] Saved TCP DL results to /data/data/com.termux/files/home/storage/shared/bos_la_2024_trip/att/20241106/164232097/tcp_downlink_164728587.out
[2024-11-06T16:47:34-0500] DL AVG TPUT: 
[2024-11-06T16:47:34-0500] 5G booster finished at 2024-11-06 16:47:34.722 EST, duration: 6.169 s
[2024-11-06T16:47:34-0500] -------------------------------
[2024-11-06T16:47:34-0500] Waiting for 2 s...
[2024-11-06T16:47:36-0500] -------------------------------
[2024-11-06T16:47:36-0500] TCP Ping test started at 2024-11-06 16:47:36.854 EST
[2024-11-06T16:48:07-0500] Current time exceeds end time, skipping wait
[2024-11-06T16:48:08-0500] Saved TCP Ping test to /data/data/com.termux/files/home/storage/shared/bos_la_2024_trip/att/20241106/164232097/tcp_ping_164736907.out
[2024-11-06T16:48:08-0500] TCP Ping summary (min/avg/max/mdev) 
[2024-11-06T16:48:08-0500] TCP Ping test finished at 2024-11-06 16:48:08.008 EST, duration: 31.154 s
[2024-11-06T16:48:08-0500] -------------------------------
[2024-11-06T16:48:08-0500] Waiting for 2 s...
[2024-11-06T16:48:10-0500] -------------------------------
[2024-11-06T16:48:10-0500] Traceroute test started at 2024-11-06 16:48:10.120 EST
[2024-11-06T16:48:20-0500] Waiting for 19.191 s to reach end time
[2024-11-06T16:48:40-0500] Saved traceroute test to /data/data/com.termux/files/home/storage/shared/bos_la_2024_trip/att/20241106/164232097/traceroute_164810170.out
[2024-11-06T16:48:40-0500] Traceroute summary (min/avg/max/mdev) 
[2024-11-06T16:48:40-0500] Traceroute test finished at 2024-11-06 16:48:40.205 EST, duration: 30.085 s
[2024-11-06T16:48:40-0500] -------------------------------
[2024-11-06T16:48:40-0500] All tests completed, cleaning up...
[2024-11-06T16:48:40-0500] -------------------------------
[2024-11-06T16:49:08-0500] [measurement] Load environment variables from prod.env file
[2024-11-06T16:49:08-0500] Starting a network measurement, please choose a server
[2024-11-06T16:49:08-0500] 0) West Cloud: 54.176.53.206
[2024-11-06T16:49:08-0500] 1) East Cloud: 54.197.223.49
[2024-11-06T16:49:25-0500] Enter your choice (0-1): Testing att, server 1 (ip: 54.197.223.49, nuttcp_port: 5102, iperf_port: 5002)
[2024-11-06T16:49:25-0500] -------------------------------
[2024-11-06T16:49:25-0500] tcp downlink test started at 2024-11-06 16:49:25.685 EST
[2024-11-06T16:49:25-0500] Testing tcp downlink with 54.197.223.49:5102, interval 0.5 s, duration 120 s, timeout 121 s...
[2024-11-06T16:51:26-0500] Current time exceeds end time, skipping wait
[2024-11-06T16:51:26-0500] Saved tcp downlink test to /data/data/com.termux/files/home/storage/shared/bos_la_2024_trip/att/20241106/164925669/tcp_downlink_164925715.out
[2024-11-06T16:51:26-0500] DL AVG TPUT: 
[2024-11-06T16:51:26-0500] tcp downlink test finished at 2024-11-06 16:51:26.811 EST, duration: 121.126 s
[2024-11-06T16:51:26-0500] -------------------------------
[2024-11-06T16:51:26-0500] Waiting for 2 s...
[2024-11-06T16:51:28-0500] -------------------------------
[2024-11-06T16:51:28-0500] Starting 5G booster for 5 s...
[2024-11-06T16:51:28-0500] 5G booster started at 2024-11-06 16:51:28.911 EST
[2024-11-06T16:51:35-0500] Current time exceeds end time, skipping wait
[2024-11-06T16:51:35-0500] Saved TCP DL results to /data/data/com.termux/files/home/storage/shared/bos_la_2024_trip/att/20241106/164925669/tcp_downlink_165128941.out
[2024-11-06T16:51:35-0500] DL AVG TPUT: 
[2024-11-06T16:51:35-0500] 5G booster finished at 2024-11-06 16:51:35.012 EST, duration: 6.101 s
[2024-11-06T16:51:35-0500] -------------------------------
[2024-11-06T16:51:35-0500] Waiting for 2 s...
[2024-11-06T16:51:37-0500] -------------------------------
[2024-11-06T16:51:37-0500] tcp uplink test started at 2024-11-06 16:51:37.122 EST
[2024-11-06T16:51:37-0500] testing tcp uplink with 54.197.223.49:5102, interval 0.5, duration 120, timeout 121 ...
[2024-11-06T16:58:12-0500] [measurement] Load environment variables from prod.env file
[2024-11-06T16:58:12-0500] Starting a network measurement, please choose a server
[2024-11-06T16:58:12-0500] 0) West Cloud: 54.176.53.206
[2024-11-06T16:58:12-0500] 1) East Cloud: 54.197.223.49
[2024-11-06T16:58:53-0500] Enter your choice (0-1): Testing att, server 1 (ip: 54.197.223.49, nuttcp_port: 5102, iperf_port: 5002)
[2024-11-06T16:58:53-0500] -------------------------------
[2024-11-06T16:58:53-0500] tcp downlink test started at 2024-11-06 16:58:53.850 EST
[2024-11-06T16:58:53-0500] Testing tcp downlink with 54.197.223.49:5102, interval 0.5 s, duration 120 s, timeout 121 s...
[2024-11-06T17:00:54-0500] Current time exceeds end time, skipping wait
[2024-11-06T17:00:55-0500] Saved tcp downlink test to /data/data/com.termux/files/home/storage/shared/bos_la_2024_trip/att/20241106/165853831/tcp_downlink_165853881.out
[2024-11-06T17:00:55-0500] DL AVG TPUT: 
[2024-11-06T17:00:55-0500] tcp downlink test finished at 2024-11-06 17:00:54.998 EST, duration: 121.148 s
[2024-11-06T17:00:55-0500] -------------------------------
[2024-11-06T17:00:55-0500] Waiting for 2 s...
[2024-11-06T17:00:57-0500] -------------------------------
[2024-11-06T17:00:57-0500] Starting 5G booster for 5 s...
[2024-11-06T17:00:57-0500] 5G booster started at 2024-11-06 17:00:57.117 EST
[2024-11-06T17:01:03-0500] Current time exceeds end time, skipping wait
[2024-11-06T17:01:03-0500] Saved TCP DL results to /data/data/com.termux/files/home/storage/shared/bos_la_2024_trip/att/20241106/165853831/tcp_downlink_170057140.out
[2024-11-06T17:01:03-0500] DL AVG TPUT: 
[2024-11-06T17:01:03-0500] 5G booster finished at 2024-11-06 17:01:03.212 EST, duration: 6.095 s
[2024-11-06T17:01:03-0500] -------------------------------
[2024-11-06T17:01:03-0500] Waiting for 2 s...
[2024-11-06T17:01:05-0500] -------------------------------
[2024-11-06T17:01:05-0500] tcp uplink test started at 2024-11-06 17:01:05.318 EST
[2024-11-06T17:01:05-0500] testing tcp uplink with 54.197.223.49:5102, interval 0.5, duration 120, timeout 121 ...
[2024-11-06T17:03:06-0500] Current time exceeds end time, skipping wait
[2024-11-06T17:03:06-0500] Saved uplink test to /data/data/com.termux/files/home/storage/shared/bos_la_2024_trip/att/20241106/165853831/tcp_uplink_170105351.out
[2024-11-06T17:03:06-0500] UL AVG TPUT: 
[2024-11-06T17:03:06-0500] tcp uplink test finished at 2024-11-06 17:03:06.455 EST, duration: 121.137 s
[2024-11-06T17:03:06-0500] -------------------------------
[2024-11-06T17:03:06-0500] Waiting for 2 s...
[2024-11-06T17:03:08-0500] -------------------------------
[2024-11-06T17:03:08-0500] Starting 5G booster for 5 s...
[2024-11-06T17:03:08-0500] 5G booster started at 2024-11-06 17:03:08.620 EST
[2024-11-06T17:03:14-0500] Current time exceeds end time, skipping wait
[2024-11-06T17:03:14-0500] Saved TCP DL results to /data/data/com.termux/files/home/storage/shared/bos_la_2024_trip/att/20241106/165853831/tcp_downlink_170308653.out
[2024-11-06T17:03:14-0500] DL AVG TPUT: 
[2024-11-06T17:03:14-0500] 5G booster finished at 2024-11-06 17:03:14.725 EST, duration: 6.105 s
[2024-11-06T17:03:14-0500] -------------------------------
[2024-11-06T17:03:14-0500] Waiting for 2 s...
[2024-11-06T17:03:16-0500] -------------------------------
[2024-11-06T17:03:16-0500] ICMP Ping test started at 2024-11-06 17:03:16.848 EST
[2024-11-06T17:03:47-0500] Waiting for .868 s to reach end time
[2024-11-06T17:03:47-0500] Saved ping test to /data/data/com.termux/files/home/storage/shared/bos_la_2024_trip/att/20241106/165853831/icmp_ping_170316889.out
[2024-11-06T17:03:47-0500] Ping summary (min/avg/max/mdev) = 66.467/80.623/219.194/12.550 ms
[2024-11-06T17:03:48-0500] Ping test finished at 2024-11-06 17:03:47.938 EST, duration: 31.090 s
[2024-11-06T17:03:48-0500] -------------------------------
[2024-11-06T17:03:48-0500] Waiting for 2 s...
[2024-11-06T17:03:50-0500] -------------------------------
[2024-11-06T17:03:50-0500] Starting 5G booster for 5 s...
[2024-11-06T17:03:50-0500] 5G booster started at 2024-11-06 17:03:50.058 EST
[2024-11-06T17:03:56-0500] Current time exceeds end time, skipping wait
[2024-11-06T17:03:56-0500] Saved TCP DL results to /data/data/com.termux/files/home/storage/shared/bos_la_2024_trip/att/20241106/165853831/tcp_downlink_170350088.out
[2024-11-06T17:03:56-0500] DL AVG TPUT: 
[2024-11-06T17:03:56-0500] 5G booster finished at 2024-11-06 17:03:56.174 EST, duration: 6.116 s
[2024-11-06T17:03:56-0500] -------------------------------
[2024-11-06T17:03:56-0500] Waiting for 2 s...
[2024-11-06T17:03:58-0500] -------------------------------
[2024-11-06T17:03:58-0500] TCP Ping test started at 2024-11-06 17:03:58.283 EST
[2024-11-06T17:04:29-0500] Current time exceeds end time, skipping wait
[2024-11-06T17:04:29-0500] Saved TCP Ping test to /data/data/com.termux/files/home/storage/shared/bos_la_2024_trip/att/20241106/165853831/tcp_ping_170358313.out
[2024-11-06T17:04:29-0500] TCP Ping summary (min/avg/max/mdev) 
[2024-11-06T17:04:29-0500] TCP Ping test finished at 2024-11-06 17:04:29.392 EST, duration: 31.109 s
[2024-11-06T17:04:29-0500] -------------------------------
[2024-11-06T17:04:29-0500] Waiting for 2 s...
[2024-11-06T17:04:31-0500] -------------------------------
[2024-11-06T17:04:31-0500] Traceroute test started at 2024-11-06 17:04:31.505 EST
[2024-11-06T17:04:42-0500] Waiting for 18.894 s to reach end time
[2024-11-06T17:05:01-0500] Saved traceroute test to /data/data/com.termux/files/home/storage/shared/bos_la_2024_trip/att/20241106/165853831/traceroute_170431531.out
[2024-11-06T17:05:01-0500] Traceroute summary (min/avg/max/mdev) 
[2024-11-06T17:05:01-0500] Traceroute test finished at 2024-11-06 17:05:01.589 EST, duration: 30.084 s
[2024-11-06T17:05:01-0500] -------------------------------
[2024-11-06T17:05:01-0500] All tests completed, cleaning up...
[2024-11-06T17:05:01-0500] -------------------------------
[2024-11-06T17:19:05-0500] [measurement] Load environment variables from prod.env file
[2024-11-06T17:19:05-0500] Starting a network measurement, please choose a server
[2024-11-06T17:19:05-0500] 0) West Cloud: 54.176.53.206
[2024-11-06T17:19:05-0500] 1) East Cloud: 54.197.223.49
[2024-11-06T17:19:37-0500] Enter your choice (0-1): Testing att, server 1 (ip: 54.197.223.49, nuttcp_port: 5102, iperf_port: 5002)
[2024-11-06T17:19:37-0500] -------------------------------
[2024-11-06T17:19:37-0500] tcp downlink test started at 2024-11-06 17:19:37.482 EST
[2024-11-06T17:19:37-0500] Testing tcp downlink with 54.197.223.49:5102, interval 0.5 s, duration 120 s, timeout 121 s...
[2024-11-06T17:21:38-0500] Current time exceeds end time, skipping wait
[2024-11-06T17:21:38-0500] Saved tcp downlink test to /data/data/com.termux/files/home/storage/shared/bos_la_2024_trip/att/20241106/171937456/tcp_downlink_171937519.out
[2024-11-06T17:21:38-0500] DL AVG TPUT: 
[2024-11-06T17:21:38-0500] tcp downlink test finished at 2024-11-06 17:21:38.619 EST, duration: 121.137 s
[2024-11-06T17:21:38-0500] -------------------------------
[2024-11-06T17:21:38-0500] Waiting for 2 s...
[2024-11-06T17:21:40-0500] -------------------------------
[2024-11-06T17:21:40-0500] Starting 5G booster for 5 s...
[2024-11-06T17:21:40-0500] 5G booster started at 2024-11-06 17:21:40.757 EST
[2024-11-06T17:21:46-0500] Current time exceeds end time, skipping wait
[2024-11-06T17:21:46-0500] Saved TCP DL results to /data/data/com.termux/files/home/storage/shared/bos_la_2024_trip/att/20241106/171937456/tcp_downlink_172140784.out
[2024-11-06T17:21:46-0500] DL AVG TPUT: 
[2024-11-06T17:21:46-0500] 5G booster finished at 2024-11-06 17:21:46.872 EST, duration: 6.115 s
[2024-11-06T17:21:46-0500] -------------------------------
[2024-11-06T17:21:46-0500] Waiting for 2 s...
[2024-11-06T17:21:48-0500] -------------------------------
[2024-11-06T17:21:49-0500] tcp uplink test started at 2024-11-06 17:21:48.985 EST
[2024-11-06T17:21:49-0500] testing tcp uplink with 54.197.223.49:5102, interval 0.5, duration 120, timeout 121 ...
[2024-11-06T17:23:50-0500] Current time exceeds end time, skipping wait
[2024-11-06T17:23:50-0500] Saved uplink test to /data/data/com.termux/files/home/storage/shared/bos_la_2024_trip/att/20241106/171937456/tcp_uplink_172149035.out
[2024-11-06T17:23:50-0500] UL AVG TPUT: 
[2024-11-06T17:23:50-0500] tcp uplink test finished at 2024-11-06 17:23:50.150 EST, duration: 121.165 s
[2024-11-06T17:23:50-0500] -------------------------------
[2024-11-06T17:23:50-0500] Waiting for 2 s...
[2024-11-06T17:23:52-0500] -------------------------------
[2024-11-06T17:23:52-0500] Starting 5G booster for 5 s...
[2024-11-06T17:23:52-0500] 5G booster started at 2024-11-06 17:23:52.292 EST
[2024-11-06T17:23:58-0500] Current time exceeds end time, skipping wait
[2024-11-06T17:23:58-0500] Saved TCP DL results to /data/data/com.termux/files/home/storage/shared/bos_la_2024_trip/att/20241106/171937456/tcp_downlink_172352335.out
[2024-11-06T17:23:58-0500] DL AVG TPUT: 
[2024-11-06T17:23:58-0500] 5G booster finished at 2024-11-06 17:23:58.464 EST, duration: 6.172 s
[2024-11-06T17:23:58-0500] -------------------------------
[2024-11-06T17:23:58-0500] Waiting for 2 s...
[2024-11-06T17:24:00-0500] -------------------------------
[2024-11-06T17:24:00-0500] ICMP Ping test started at 2024-11-06 17:24:00.604 EST
[2024-11-06T17:24:30-0500] Waiting for .836 s to reach end time
[2024-11-06T17:24:31-0500] Saved ping test to /data/data/com.termux/files/home/storage/shared/bos_la_2024_trip/att/20241106/171937456/icmp_ping_172400659.out
[2024-11-06T17:24:31-0500] Ping summary (min/avg/max/mdev) = 81.483/125.649/1004.325/104.797 ms
[2024-11-06T17:24:31-0500] Ping test finished at 2024-11-06 17:24:31.705 EST, duration: 31.101 s
[2024-11-06T17:24:31-0500] -------------------------------
[2024-11-06T17:24:31-0500] Waiting for 2 s...
[2024-11-06T17:24:33-0500] -------------------------------
[2024-11-06T17:24:33-0500] Starting 5G booster for 5 s...
[2024-11-06T17:24:33-0500] 5G booster started at 2024-11-06 17:24:33.867 EST
[2024-11-06T17:24:40-0500] Current time exceeds end time, skipping wait
[2024-11-06T17:24:40-0500] Saved TCP DL results to /data/data/com.termux/files/home/storage/shared/bos_la_2024_trip/att/20241106/171937456/tcp_downlink_172433923.out
[2024-11-06T17:24:40-0500] DL AVG TPUT: 
[2024-11-06T17:24:40-0500] 5G booster finished at 2024-11-06 17:24:40.026 EST, duration: 6.159 s
[2024-11-06T17:24:40-0500] -------------------------------
[2024-11-06T17:24:40-0500] Waiting for 2 s...
[2024-11-06T17:24:42-0500] -------------------------------
[2024-11-06T17:24:42-0500] TCP Ping test started at 2024-11-06 17:24:42.140 EST
[2024-11-06T17:25:13-0500] Current time exceeds end time, skipping wait
[2024-11-06T17:25:13-0500] Saved TCP Ping test to /data/data/com.termux/files/home/storage/shared/bos_la_2024_trip/att/20241106/171937456/tcp_ping_172442186.out
[2024-11-06T17:25:13-0500] TCP Ping summary (min/avg/max/mdev) 
[2024-11-06T17:25:13-0500] TCP Ping test finished at 2024-11-06 17:25:13.307 EST, duration: 31.167 s
[2024-11-06T17:25:13-0500] -------------------------------
[2024-11-06T17:25:13-0500] Waiting for 2 s...
[2024-11-06T17:25:15-0500] -------------------------------
[2024-11-06T17:25:15-0500] Traceroute test started at 2024-11-06 17:25:15.437 EST
[2024-11-06T17:25:26-0500] Waiting for 18.663 s to reach end time
[2024-11-06T17:25:45-0500] Saved traceroute test to /data/data/com.termux/files/home/storage/shared/bos_la_2024_trip/att/20241106/171937456/traceroute_172515487.out
[2024-11-06T17:25:45-0500] Traceroute summary (min/avg/max/mdev) 
[2024-11-06T17:25:45-0500] Traceroute test finished at 2024-11-06 17:25:45.511 EST, duration: 30.074 s
[2024-11-06T17:25:45-0500] -------------------------------
[2024-11-06T17:25:45-0500] All tests completed, cleaning up...
[2024-11-06T17:25:45-0500] -------------------------------
[2024-11-06T17:26:30-0500] [measurement] Load environment variables from prod.env file
[2024-11-06T17:26:30-0500] Starting a network measurement, please choose a server
[2024-11-06T17:26:30-0500] 0) West Cloud: 54.176.53.206
[2024-11-06T17:26:30-0500] 1) East Cloud: 54.197.223.49
[2024-11-06T17:26:58-0500] Enter your choice (0-1): Testing att, server 1 (ip: 54.197.223.49, nuttcp_port: 5102, iperf_port: 5002)
[2024-11-06T17:26:58-0500] -------------------------------
[2024-11-06T17:26:58-0500] tcp downlink test started at 2024-11-06 17:26:58.925 EST
[2024-11-06T17:26:58-0500] Testing tcp downlink with 54.197.223.49:5102, interval 0.5 s, duration 120 s, timeout 121 s...
[2024-11-06T17:29:00-0500] Current time exceeds end time, skipping wait
[2024-11-06T17:29:00-0500] Saved tcp downlink test to /data/data/com.termux/files/home/storage/shared/bos_la_2024_trip/att/20241106/172658897/tcp_downlink_172658969.out
[2024-11-06T17:29:00-0500] DL AVG TPUT: 
[2024-11-06T17:29:00-0500] tcp downlink test finished at 2024-11-06 17:29:00.073 EST, duration: 121.148 s
[2024-11-06T17:29:00-0500] -------------------------------
[2024-11-06T17:29:00-0500] Waiting for 2 s...
[2024-11-06T17:29:02-0500] -------------------------------
[2024-11-06T17:29:02-0500] Starting 5G booster for 5 s...
[2024-11-06T17:29:02-0500] 5G booster started at 2024-11-06 17:29:02.221 EST
[2024-11-06T17:29:08-0500] Current time exceeds end time, skipping wait
[2024-11-06T17:29:08-0500] Saved TCP DL results to /data/data/com.termux/files/home/storage/shared/bos_la_2024_trip/att/20241106/172658897/tcp_downlink_172902275.out
[2024-11-06T17:29:08-0500] DL AVG TPUT: 
[2024-11-06T17:29:08-0500] 5G booster finished at 2024-11-06 17:29:08.361 EST, duration: 6.140 s
[2024-11-06T17:29:08-0500] -------------------------------
[2024-11-06T17:29:08-0500] Waiting for 2 s...
[2024-11-06T17:29:10-0500] -------------------------------
[2024-11-06T17:29:10-0500] tcp uplink test started at 2024-11-06 17:29:10.487 EST
[2024-11-06T17:29:10-0500] testing tcp uplink with 54.197.223.49:5102, interval 0.5, duration 120, timeout 121 ...
[2024-11-06T17:31:11-0500] Current time exceeds end time, skipping wait
[2024-11-06T17:31:11-0500] Saved uplink test to /data/data/com.termux/files/home/storage/shared/bos_la_2024_trip/att/20241106/172658897/tcp_uplink_172910520.out
[2024-11-06T17:31:11-0500] UL AVG TPUT: 
[2024-11-06T17:31:11-0500] tcp uplink test finished at 2024-11-06 17:31:11.605 EST, duration: 121.118 s
[2024-11-06T17:31:11-0500] -------------------------------
[2024-11-06T17:31:11-0500] Waiting for 2 s...
[2024-11-06T17:31:13-0500] -------------------------------
[2024-11-06T17:31:13-0500] Starting 5G booster for 5 s...
[2024-11-06T17:31:13-0500] 5G booster started at 2024-11-06 17:31:13.757 EST
[2024-11-06T17:31:19-0500] Current time exceeds end time, skipping wait
[2024-11-06T17:31:19-0500] Saved TCP DL results to /data/data/com.termux/files/home/storage/shared/bos_la_2024_trip/att/20241106/172658897/tcp_downlink_173113795.out
[2024-11-06T17:31:19-0500] DL AVG TPUT: 
[2024-11-06T17:31:19-0500] 5G booster finished at 2024-11-06 17:31:19.883 EST, duration: 6.126 s
[2024-11-06T17:31:19-0500] -------------------------------
[2024-11-06T17:31:19-0500] Waiting for 2 s...
[2024-11-06T17:31:21-0500] -------------------------------
[2024-11-06T17:31:22-0500] ICMP Ping test started at 2024-11-06 17:31:22.005 EST
[2024-11-06T17:31:52-0500] Waiting for .843 s to reach end time
[2024-11-06T17:31:53-0500] Saved ping test to /data/data/com.termux/files/home/storage/shared/bos_la_2024_trip/att/20241106/172658897/icmp_ping_173122050.out
[2024-11-06T17:31:53-0500] Ping summary (min/avg/max/mdev) = 65.108/71.915/134.420/8.693 ms
[2024-11-06T17:31:53-0500] Ping test finished at 2024-11-06 17:31:53.125 EST, duration: 31.120 s
[2024-11-06T17:31:53-0500] -------------------------------
[2024-11-06T17:31:53-0500] Waiting for 2 s...
[2024-11-06T17:31:55-0500] -------------------------------
[2024-11-06T17:31:55-0500] Starting 5G booster for 5 s...
[2024-11-06T17:31:55-0500] 5G booster started at 2024-11-06 17:31:55.263 EST
[2024-11-06T17:32:01-0500] Current time exceeds end time, skipping wait
[2024-11-06T17:32:01-0500] Saved TCP DL results to /data/data/com.termux/files/home/storage/shared/bos_la_2024_trip/att/20241106/172658897/tcp_downlink_173155300.out
[2024-11-06T17:32:01-0500] DL AVG TPUT: 
[2024-11-06T17:32:01-0500] 5G booster finished at 2024-11-06 17:32:01.388 EST, duration: 6.125 s
[2024-11-06T17:32:01-0500] -------------------------------
[2024-11-06T17:32:01-0500] Waiting for 2 s...
[2024-11-06T17:32:03-0500] -------------------------------
[2024-11-06T17:32:03-0500] TCP Ping test started at 2024-11-06 17:32:03.509 EST
[2024-11-06T17:32:34-0500] Current time exceeds end time, skipping wait
[2024-11-06T17:32:34-0500] Saved TCP Ping test to /data/data/com.termux/files/home/storage/shared/bos_la_2024_trip/att/20241106/172658897/tcp_ping_173203549.out
[2024-11-06T17:32:34-0500] TCP Ping summary (min/avg/max/mdev) 
[2024-11-06T17:32:34-0500] TCP Ping test finished at 2024-11-06 17:32:34.685 EST, duration: 31.176 s
[2024-11-06T17:32:34-0500] -------------------------------
[2024-11-06T17:32:34-0500] Waiting for 2 s...
[2024-11-06T17:32:36-0500] -------------------------------
[2024-11-06T17:32:36-0500] Traceroute test started at 2024-11-06 17:32:36.781 EST
[2024-11-06T17:32:48-0500] Waiting for 18.432 s to reach end time
[2024-11-06T17:33:06-0500] Saved traceroute test to /data/data/com.termux/files/home/storage/shared/bos_la_2024_trip/att/20241106/172658897/traceroute_173236804.out
[2024-11-06T17:33:06-0500] Traceroute summary (min/avg/max/mdev) 
[2024-11-06T17:33:06-0500] Traceroute test finished at 2024-11-06 17:33:06.860 EST, duration: 30.079 s
[2024-11-06T17:33:06-0500] -------------------------------
[2024-11-06T17:33:06-0500] All tests completed, cleaning up...
[2024-11-06T17:33:06-0500] -------------------------------
[2024-11-06T17:33:32-0500] [measurement] Load environment variables from prod.env file
[2024-11-06T17:33:32-0500] Starting a network measurement, please choose a server
[2024-11-06T17:33:32-0500] 0) West Cloud: 54.176.53.206
[2024-11-06T17:33:32-0500] 1) East Cloud: 54.197.223.49
[2024-11-06T17:33:54-0500] Enter your choice (0-1): Testing att, server 1 (ip: 54.197.223.49, nuttcp_port: 5102, iperf_port: 5002)
[2024-11-06T17:33:54-0500] -------------------------------
[2024-11-06T17:33:54-0500] tcp downlink test started at 2024-11-06 17:33:54.325 EST
[2024-11-06T17:33:54-0500] Testing tcp downlink with 54.197.223.49:5102, interval 0.5 s, duration 120 s, timeout 121 s...
[2024-11-06T17:35:55-0500] Current time exceeds end time, skipping wait
[2024-11-06T17:35:55-0500] Saved tcp downlink test to /data/data/com.termux/files/home/storage/shared/bos_la_2024_trip/att/20241106/173354289/tcp_downlink_173354348.out
[2024-11-06T17:35:55-0500] DL AVG TPUT: 
[2024-11-06T17:35:55-0500] tcp downlink test finished at 2024-11-06 17:35:55.452 EST, duration: 121.127 s
[2024-11-06T17:35:55-0500] -------------------------------
[2024-11-06T17:35:55-0500] Waiting for 2 s...
[2024-11-06T17:35:57-0500] -------------------------------
[2024-11-06T17:35:57-0500] Starting 5G booster for 5 s...
[2024-11-06T17:35:57-0500] 5G booster started at 2024-11-06 17:35:57.602 EST
[2024-11-06T17:36:03-0500] Current time exceeds end time, skipping wait
[2024-11-06T17:36:03-0500] Saved TCP DL results to /data/data/com.termux/files/home/storage/shared/bos_la_2024_trip/att/20241106/173354289/tcp_downlink_173557640.out
[2024-11-06T17:36:03-0500] DL AVG TPUT: 
[2024-11-06T17:36:03-0500] 5G booster finished at 2024-11-06 17:36:03.753 EST, duration: 6.151 s
[2024-11-06T17:36:03-0500] -------------------------------
[2024-11-06T17:36:03-0500] Waiting for 2 s...
[2024-11-06T17:36:05-0500] -------------------------------
[2024-11-06T17:36:05-0500] tcp uplink test started at 2024-11-06 17:36:05.890 EST
[2024-11-06T17:36:05-0500] testing tcp uplink with 54.197.223.49:5102, interval 0.5, duration 120, timeout 121 ...
[2024-11-06T17:38:07-0500] Current time exceeds end time, skipping wait
[2024-11-06T17:38:07-0500] Saved uplink test to /data/data/com.termux/files/home/storage/shared/bos_la_2024_trip/att/20241106/173354289/tcp_uplink_173605945.out
[2024-11-06T17:38:07-0500] UL AVG TPUT: 
[2024-11-06T17:38:07-0500] tcp uplink test finished at 2024-11-06 17:38:07.049 EST, duration: 121.159 s
[2024-11-06T17:38:07-0500] -------------------------------
[2024-11-06T17:38:07-0500] Waiting for 2 s...
[2024-11-06T17:38:09-0500] -------------------------------
[2024-11-06T17:38:09-0500] Starting 5G booster for 5 s...
[2024-11-06T17:38:09-0500] 5G booster started at 2024-11-06 17:38:09.195 EST
[2024-11-06T17:38:15-0500] Current time exceeds end time, skipping wait
[2024-11-06T17:38:15-0500] Saved TCP DL results to /data/data/com.termux/files/home/storage/shared/bos_la_2024_trip/att/20241106/173354289/tcp_downlink_173809235.out
[2024-11-06T17:38:15-0500] DL AVG TPUT: 
[2024-11-06T17:38:15-0500] 5G booster finished at 2024-11-06 17:38:15.371 EST, duration: 6.176 s
[2024-11-06T17:38:15-0500] -------------------------------
[2024-11-06T17:38:15-0500] Waiting for 2 s...
[2024-11-06T17:38:17-0500] -------------------------------
[2024-11-06T17:38:17-0500] ICMP Ping test started at 2024-11-06 17:38:17.542 EST
[2024-11-06T17:38:47-0500] Waiting for .820 s to reach end time
[2024-11-06T17:38:48-0500] Saved ping test to /data/data/com.termux/files/home/storage/shared/bos_la_2024_trip/att/20241106/173354289/icmp_ping_173817588.out
[2024-11-06T17:38:48-0500] Ping summary (min/avg/max/mdev) = 69.456/95.861/349.232/30.711 ms
[2024-11-06T17:38:48-0500] Ping test finished at 2024-11-06 17:38:48.651 EST, duration: 31.109 s
[2024-11-06T17:38:48-0500] -------------------------------
[2024-11-06T17:38:48-0500] Waiting for 2 s...
[2024-11-06T17:38:50-0500] -------------------------------
[2024-11-06T17:38:50-0500] Starting 5G booster for 5 s...
[2024-11-06T17:38:50-0500] 5G booster started at 2024-11-06 17:38:50.798 EST
[2024-11-06T17:38:56-0500] Current time exceeds end time, skipping wait
[2024-11-06T17:38:56-0500] Saved TCP DL results to /data/data/com.termux/files/home/storage/shared/bos_la_2024_trip/att/20241106/173354289/tcp_downlink_173850837.out
[2024-11-06T17:38:56-0500] DL AVG TPUT: 
[2024-11-06T17:38:57-0500] 5G booster finished at 2024-11-06 17:38:56.948 EST, duration: 6.150 s
[2024-11-06T17:38:57-0500] -------------------------------
[2024-11-06T17:38:57-0500] Waiting for 2 s...
[2024-11-06T17:38:59-0500] -------------------------------
[2024-11-06T17:38:59-0500] TCP Ping test started at 2024-11-06 17:38:59.074 EST
[2024-11-06T17:39:30-0500] Current time exceeds end time, skipping wait
[2024-11-06T17:39:30-0500] Saved TCP Ping test to /data/data/com.termux/files/home/storage/shared/bos_la_2024_trip/att/20241106/173354289/tcp_ping_173859127.out
[2024-11-06T17:39:30-0500] TCP Ping summary (min/avg/max/mdev) 
[2024-11-06T17:39:30-0500] TCP Ping test finished at 2024-11-06 17:39:30.276 EST, duration: 31.202 s
[2024-11-06T17:39:30-0500] -------------------------------
[2024-11-06T17:39:30-0500] Waiting for 2 s...
[2024-11-06T17:39:32-0500] -------------------------------
[2024-11-06T17:39:32-0500] Traceroute test started at 2024-11-06 17:39:32.386 EST
[2024-11-06T17:39:43-0500] Waiting for 18.641 s to reach end time
[2024-11-06T17:40:02-0500] Saved traceroute test to /data/data/com.termux/files/home/storage/shared/bos_la_2024_trip/att/20241106/173354289/traceroute_173932466.out
[2024-11-06T17:40:02-0500] Traceroute summary (min/avg/max/mdev) 
[2024-11-06T17:40:02-0500] Traceroute test finished at 2024-11-06 17:40:02.441 EST, duration: 30.055 s
[2024-11-06T17:40:02-0500] -------------------------------
[2024-11-06T17:40:02-0500] All tests completed, cleaning up...
[2024-11-06T17:40:02-0500] -------------------------------
[2024-11-06T17:40:30-0500] [measurement] Load environment variables from prod.env file
[2024-11-06T17:40:30-0500] Starting a network measurement, please choose a server
[2024-11-06T17:40:30-0500] 0) West Cloud: 54.176.53.206
[2024-11-06T17:40:30-0500] 1) East Cloud: 54.197.223.49
[2024-11-06T17:40:55-0500] Enter your choice (0-1): Testing att, server 1 (ip: 54.197.223.49, nuttcp_port: 5102, iperf_port: 5002)
[2024-11-06T17:40:55-0500] -------------------------------
[2024-11-06T17:40:55-0500] tcp downlink test started at 2024-11-06 17:40:55.443 EST
[2024-11-06T17:40:55-0500] Testing tcp downlink with 54.197.223.49:5102, interval 0.5 s, duration 120 s, timeout 121 s...
[2024-11-06T17:42:56-0500] Current time exceeds end time, skipping wait
[2024-11-06T17:42:56-0500] Saved tcp downlink test to /data/data/com.termux/files/home/storage/shared/bos_la_2024_trip/att/20241106/174055424/tcp_downlink_174055473.out
[2024-11-06T17:42:56-0500] DL AVG TPUT: 
[2024-11-06T17:42:56-0500] tcp downlink test finished at 2024-11-06 17:42:56.601 EST, duration: 121.158 s
[2024-11-06T17:42:56-0500] -------------------------------
[2024-11-06T17:42:56-0500] Waiting for 2 s...
[2024-11-06T17:42:58-0500] -------------------------------
[2024-11-06T17:42:58-0500] Starting 5G booster for 5 s...
[2024-11-06T17:42:58-0500] 5G booster started at 2024-11-06 17:42:58.745 EST
[2024-11-06T17:43:04-0500] Current time exceeds end time, skipping wait
[2024-11-06T17:43:04-0500] Saved TCP DL results to /data/data/com.termux/files/home/storage/shared/bos_la_2024_trip/att/20241106/174055424/tcp_downlink_174258780.out
[2024-11-06T17:43:04-0500] DL AVG TPUT: 
[2024-11-06T17:43:04-0500] 5G booster finished at 2024-11-06 17:43:04.902 EST, duration: 6.157 s
[2024-11-06T17:43:04-0500] -------------------------------
[2024-11-06T17:43:04-0500] Waiting for 2 s...
[2024-11-06T17:43:07-0500] -------------------------------
[2024-11-06T17:43:07-0500] tcp uplink test started at 2024-11-06 17:43:07.034 EST
[2024-11-06T17:43:07-0500] testing tcp uplink with 54.197.223.49:5102, interval 0.5, duration 120, timeout 121 ...
[2024-11-06T17:45:08-0500] Current time exceeds end time, skipping wait
[2024-11-06T17:45:08-0500] Saved uplink test to /data/data/com.termux/files/home/storage/shared/bos_la_2024_trip/att/20241106/174055424/tcp_uplink_174307074.out
[2024-11-06T17:45:08-0500] UL AVG TPUT: 
[2024-11-06T17:45:08-0500] tcp uplink test finished at 2024-11-06 17:45:08.174 EST, duration: 121.140 s
[2024-11-06T17:45:08-0500] -------------------------------
[2024-11-06T17:45:08-0500] Waiting for 2 s...
[2024-11-06T17:45:10-0500] -------------------------------
[2024-11-06T17:45:10-0500] Starting 5G booster for 5 s...
[2024-11-06T17:45:10-0500] 5G booster started at 2024-11-06 17:45:10.317 EST
[2024-11-06T17:45:16-0500] Current time exceeds end time, skipping wait
[2024-11-06T17:45:16-0500] Saved TCP DL results to /data/data/com.termux/files/home/storage/shared/bos_la_2024_trip/att/20241106/174055424/tcp_downlink_174510361.out
[2024-11-06T17:45:16-0500] DL AVG TPUT: 
[2024-11-06T17:45:16-0500] 5G booster finished at 2024-11-06 17:45:16.492 EST, duration: 6.175 s
[2024-11-06T17:45:16-0500] -------------------------------
[2024-11-06T17:45:16-0500] Waiting for 2 s...
[2024-11-06T17:45:18-0500] -------------------------------
[2024-11-06T17:45:18-0500] ICMP Ping test started at 2024-11-06 17:45:18.644 EST
[2024-11-06T17:45:48-0500] Waiting for .865 s to reach end time
[2024-11-06T17:45:49-0500] Saved ping test to /data/data/com.termux/files/home/storage/shared/bos_la_2024_trip/att/20241106/174055424/icmp_ping_174518677.out
[2024-11-06T17:45:49-0500] Ping summary (min/avg/max/mdev) = 77.606/189.779/645.523/110.107 ms
[2024-11-06T17:45:49-0500] Ping test finished at 2024-11-06 17:45:49.755 EST, duration: 31.111 s
[2024-11-06T17:45:49-0500] -------------------------------
[2024-11-06T17:45:49-0500] Waiting for 2 s...
[2024-11-06T17:45:51-0500] -------------------------------
[2024-11-06T17:45:51-0500] Starting 5G booster for 5 s...
[2024-11-06T17:45:51-0500] 5G booster started at 2024-11-06 17:45:51.875 EST
[2024-11-06T17:45:57-0500] Current time exceeds end time, skipping wait
[2024-11-06T17:45:58-0500] Saved TCP DL results to /data/data/com.termux/files/home/storage/shared/bos_la_2024_trip/att/20241106/174055424/tcp_downlink_174551929.out
[2024-11-06T17:45:58-0500] DL AVG TPUT: 
[2024-11-06T17:45:58-0500] 5G booster finished at 2024-11-06 17:45:58.000 EST, duration: 6.125 s
[2024-11-06T17:45:58-0500] -------------------------------
[2024-11-06T17:45:58-0500] Waiting for 2 s...
[2024-11-06T17:46:00-0500] -------------------------------
[2024-11-06T17:46:00-0500] TCP Ping test started at 2024-11-06 17:46:00.093 EST
[2024-11-06T17:46:31-0500] Current time exceeds end time, skipping wait
[2024-11-06T17:46:31-0500] Saved TCP Ping test to /data/data/com.termux/files/home/storage/shared/bos_la_2024_trip/att/20241106/174055424/tcp_ping_174600124.out
[2024-11-06T17:46:31-0500] TCP Ping summary (min/avg/max/mdev) 
[2024-11-06T17:46:31-0500] TCP Ping test finished at 2024-11-06 17:46:31.223 EST, duration: 31.130 s
[2024-11-06T17:46:31-0500] -------------------------------
[2024-11-06T17:46:31-0500] Waiting for 2 s...
[2024-11-06T17:46:33-0500] -------------------------------
[2024-11-06T17:46:33-0500] Traceroute test started at 2024-11-06 17:46:33.333 EST
[2024-11-06T17:46:44-0500] Waiting for 18.955 s to reach end time
[2024-11-06T17:47:03-0500] Saved traceroute test to /data/data/com.termux/files/home/storage/shared/bos_la_2024_trip/att/20241106/174055424/traceroute_174633380.out
[2024-11-06T17:47:03-0500] Traceroute summary (min/avg/max/mdev) 
[2024-11-06T17:47:03-0500] Traceroute test finished at 2024-11-06 17:47:03.413 EST, duration: 30.080 s
[2024-11-06T17:47:03-0500] -------------------------------
[2024-11-06T17:47:03-0500] All tests completed, cleaning up...
[2024-11-06T17:47:03-0500] -------------------------------
[2024-11-06T17:47:34-0500] [measurement] Load environment variables from prod.env file
[2024-11-06T17:47:34-0500] Starting a network measurement, please choose a server
[2024-11-06T17:47:34-0500] 0) West Cloud: 54.176.53.206
[2024-11-06T17:47:34-0500] 1) East Cloud: 54.197.223.49
[2024-11-06T17:47:47-0500] Enter your choice (0-1): Testing att, server 1 (ip: 54.197.223.49, nuttcp_port: 5102, iperf_port: 5002)
[2024-11-06T17:47:48-0500] -------------------------------
[2024-11-06T17:47:48-0500] tcp downlink test started at 2024-11-06 17:47:48.017 EST
[2024-11-06T17:47:48-0500] Testing tcp downlink with 54.197.223.49:5102, interval 0.5 s, duration 120 s, timeout 121 s...
[2024-11-06T17:49:49-0500] Current time exceeds end time, skipping wait
[2024-11-06T17:49:49-0500] Saved tcp downlink test to /data/data/com.termux/files/home/storage/shared/bos_la_2024_trip/att/20241106/174747997/tcp_downlink_174748043.out
[2024-11-06T17:49:49-0500] DL AVG TPUT: 
[2024-11-06T17:49:49-0500] tcp downlink test finished at 2024-11-06 17:49:49.153 EST, duration: 121.136 s
[2024-11-06T17:49:49-0500] -------------------------------
[2024-11-06T17:49:49-0500] Waiting for 2 s...
[2024-11-06T17:49:51-0500] -------------------------------
[2024-11-06T17:49:51-0500] Starting 5G booster for 5 s...
[2024-11-06T17:49:51-0500] 5G booster started at 2024-11-06 17:49:51.292 EST
[2024-11-06T17:49:57-0500] Current time exceeds end time, skipping wait
[2024-11-06T17:49:57-0500] Saved TCP DL results to /data/data/com.termux/files/home/storage/shared/bos_la_2024_trip/att/20241106/174747997/tcp_downlink_174951341.out
[2024-11-06T17:49:57-0500] DL AVG TPUT: 
[2024-11-06T17:49:57-0500] 5G booster finished at 2024-11-06 17:49:57.453 EST, duration: 6.161 s
[2024-11-06T17:49:57-0500] -------------------------------
[2024-11-06T17:49:57-0500] Waiting for 2 s...
[2024-11-06T17:49:59-0500] -------------------------------
[2024-11-06T17:49:59-0500] tcp uplink test started at 2024-11-06 17:49:59.589 EST
[2024-11-06T17:49:59-0500] testing tcp uplink with 54.197.223.49:5102, interval 0.5, duration 120, timeout 121 ...
[2024-11-06T17:52:00-0500] Current time exceeds end time, skipping wait
[2024-11-06T17:52:00-0500] Saved uplink test to /data/data/com.termux/files/home/storage/shared/bos_la_2024_trip/att/20241106/174747997/tcp_uplink_174959624.out
[2024-11-06T17:52:00-0500] UL AVG TPUT: 
[2024-11-06T17:52:00-0500] tcp uplink test finished at 2024-11-06 17:52:00.730 EST, duration: 121.141 s
[2024-11-06T17:52:00-0500] -------------------------------
[2024-11-06T17:52:00-0500] Waiting for 2 s...
[2024-11-06T17:52:02-0500] -------------------------------
[2024-11-06T17:52:02-0500] Starting 5G booster for 5 s...
[2024-11-06T17:52:02-0500] 5G booster started at 2024-11-06 17:52:02.873 EST
[2024-11-06T17:52:09-0500] Current time exceeds end time, skipping wait
[2024-11-06T17:52:09-0500] Saved TCP DL results to /data/data/com.termux/files/home/storage/shared/bos_la_2024_trip/att/20241106/174747997/tcp_downlink_175202933.out
[2024-11-06T17:52:09-0500] DL AVG TPUT: 
[2024-11-06T17:52:09-0500] 5G booster finished at 2024-11-06 17:52:09.062 EST, duration: 6.189 s
[2024-11-06T17:52:09-0500] -------------------------------
[2024-11-06T17:52:09-0500] Waiting for 2 s...
[2024-11-06T17:52:11-0500] -------------------------------
[2024-11-06T17:52:11-0500] ICMP Ping test started at 2024-11-06 17:52:11.213 EST
[2024-11-06T17:52:41-0500] Waiting for .850 s to reach end time
[2024-11-06T17:52:42-0500] Saved ping test to /data/data/com.termux/files/home/storage/shared/bos_la_2024_trip/att/20241106/174747997/icmp_ping_175211267.out
[2024-11-06T17:52:42-0500] Ping summary (min/avg/max/mdev) = 70.408/81.808/115.518/7.687 ms
[2024-11-06T17:52:42-0500] Ping test finished at 2024-11-06 17:52:42.317 EST, duration: 31.104 s
[2024-11-06T17:52:42-0500] -------------------------------
[2024-11-06T17:52:42-0500] Waiting for 2 s...
[2024-11-06T17:52:44-0500] -------------------------------
[2024-11-06T17:52:44-0500] Starting 5G booster for 5 s...
[2024-11-06T17:52:44-0500] 5G booster started at 2024-11-06 17:52:44.460 EST
[2024-11-06T17:52:50-0500] Current time exceeds end time, skipping wait
[2024-11-06T17:52:50-0500] Saved TCP DL results to /data/data/com.termux/files/home/storage/shared/bos_la_2024_trip/att/20241106/174747997/tcp_downlink_175244514.out
[2024-11-06T17:52:50-0500] DL AVG TPUT: 
[2024-11-06T17:52:50-0500] 5G booster finished at 2024-11-06 17:52:50.600 EST, duration: 6.140 s
[2024-11-06T17:52:50-0500] -------------------------------
[2024-11-06T17:52:50-0500] Waiting for 2 s...
[2024-11-06T17:52:52-0500] -------------------------------
[2024-11-06T17:52:52-0500] TCP Ping test started at 2024-11-06 17:52:52.719 EST
[2024-11-06T17:53:23-0500] Current time exceeds end time, skipping wait
[2024-11-06T17:53:23-0500] Saved TCP Ping test to /data/data/com.termux/files/home/storage/shared/bos_la_2024_trip/att/20241106/174747997/tcp_ping_175252759.out
[2024-11-06T17:53:23-0500] TCP Ping summary (min/avg/max/mdev) 
[2024-11-06T17:53:24-0500] TCP Ping test finished at 2024-11-06 17:53:23.926 EST, duration: 31.207 s
[2024-11-06T17:53:24-0500] -------------------------------
[2024-11-06T17:53:24-0500] Waiting for 2 s...
[2024-11-06T17:53:26-0500] -------------------------------
[2024-11-06T17:53:26-0500] Traceroute test started at 2024-11-06 17:53:26.074 EST
[2024-11-06T17:53:37-0500] Waiting for 18.685 s to reach end time
[2024-11-06T17:53:56-0500] Saved traceroute test to /data/data/com.termux/files/home/storage/shared/bos_la_2024_trip/att/20241106/174747997/traceroute_175326109.out
[2024-11-06T17:53:56-0500] Traceroute summary (min/avg/max/mdev) 
[2024-11-06T17:53:56-0500] Traceroute test finished at 2024-11-06 17:53:56.214 EST, duration: 30.140 s
[2024-11-06T17:53:56-0500] -------------------------------
[2024-11-06T17:53:56-0500] All tests completed, cleaning up...
[2024-11-06T17:53:56-0500] -------------------------------
[2024-11-06T17:54:27-0500] [measurement] Load environment variables from prod.env file
[2024-11-06T17:54:27-0500] Starting a network measurement, please choose a server
[2024-11-06T17:54:27-0500] 0) West Cloud: 54.176.53.206
[2024-11-06T17:54:27-0500] 1) East Cloud: 54.197.223.49
[2024-11-06T17:54:44-0500] Enter your choice (0-1): Testing att, server 1 (ip: 54.197.223.49, nuttcp_port: 5102, iperf_port: 5002)
[2024-11-06T17:54:44-0500] -------------------------------
[2024-11-06T17:54:44-0500] tcp downlink test started at 2024-11-06 17:54:44.095 EST
[2024-11-06T17:54:44-0500] Testing tcp downlink with 54.197.223.49:5102, interval 0.5 s, duration 120 s, timeout 121 s...
[2024-11-06T17:56:45-0500] Current time exceeds end time, skipping wait
[2024-11-06T17:56:45-0500] Saved tcp downlink test to /data/data/com.termux/files/home/storage/shared/bos_la_2024_trip/att/20241106/175444059/tcp_downlink_175444146.out
[2024-11-06T17:56:45-0500] DL AVG TPUT: 
[2024-11-06T17:56:45-0500] tcp downlink test finished at 2024-11-06 17:56:45.247 EST, duration: 121.152 s
[2024-11-06T17:56:45-0500] -------------------------------
[2024-11-06T17:56:45-0500] Waiting for 2 s...
[2024-11-06T17:56:47-0500] -------------------------------
[2024-11-06T17:56:47-0500] Starting 5G booster for 5 s...
[2024-11-06T17:56:47-0500] 5G booster started at 2024-11-06 17:56:47.373 EST
[2024-11-06T17:56:53-0500] Current time exceeds end time, skipping wait
[2024-11-06T17:56:53-0500] Saved TCP DL results to /data/data/com.termux/files/home/storage/shared/bos_la_2024_trip/att/20241106/175444059/tcp_downlink_175647404.out
[2024-11-06T17:56:53-0500] DL AVG TPUT: 
[2024-11-06T17:56:53-0500] 5G booster finished at 2024-11-06 17:56:53.478 EST, duration: 6.105 s
[2024-11-06T17:56:53-0500] -------------------------------
[2024-11-06T17:56:53-0500] Waiting for 2 s...
[2024-11-06T17:56:55-0500] -------------------------------
[2024-11-06T17:56:55-0500] tcp uplink test started at 2024-11-06 17:56:55.630 EST
[2024-11-06T17:56:55-0500] testing tcp uplink with 54.197.223.49:5102, interval 0.5, duration 120, timeout 121 ...
[2024-11-06T17:58:56-0500] Current time exceeds end time, skipping wait
[2024-11-06T17:58:56-0500] Saved uplink test to /data/data/com.termux/files/home/storage/shared/bos_la_2024_trip/att/20241106/175444059/tcp_uplink_175655663.out
[2024-11-06T17:58:56-0500] UL AVG TPUT: 
[2024-11-06T17:58:56-0500] tcp uplink test finished at 2024-11-06 17:58:56.765 EST, duration: 121.135 s
[2024-11-06T17:58:56-0500] -------------------------------
[2024-11-06T17:58:56-0500] Waiting for 2 s...
[2024-11-06T17:58:58-0500] -------------------------------
[2024-11-06T17:58:58-0500] Starting 5G booster for 5 s...
[2024-11-06T17:58:58-0500] 5G booster started at 2024-11-06 17:58:58.909 EST
[2024-11-06T17:59:05-0500] Current time exceeds end time, skipping wait
[2024-11-06T17:59:05-0500] Saved TCP DL results to /data/data/com.termux/files/home/storage/shared/bos_la_2024_trip/att/20241106/175444059/tcp_downlink_175858953.out
[2024-11-06T17:59:05-0500] DL AVG TPUT: 
[2024-11-06T17:59:05-0500] 5G booster finished at 2024-11-06 17:59:05.078 EST, duration: 6.169 s
[2024-11-06T17:59:05-0500] -------------------------------
[2024-11-06T17:59:05-0500] Waiting for 2 s...
[2024-11-06T17:59:07-0500] -------------------------------
[2024-11-06T17:59:07-0500] ICMP Ping test started at 2024-11-06 17:59:07.226 EST
[2024-11-06T17:59:37-0500] Waiting for .866 s to reach end time
[2024-11-06T17:59:38-0500] Saved ping test to /data/data/com.termux/files/home/storage/shared/bos_la_2024_trip/att/20241106/175444059/icmp_ping_175907275.out
[2024-11-06T17:59:38-0500] Ping summary (min/avg/max/mdev) = 65.901/75.095/335.465/22.977 ms
[2024-11-06T17:59:38-0500] Ping test finished at 2024-11-06 17:59:38.318 EST, duration: 31.092 s
[2024-11-06T17:59:38-0500] -------------------------------
[2024-11-06T17:59:38-0500] Waiting for 2 s...
[2024-11-06T17:59:40-0500] -------------------------------
[2024-11-06T17:59:40-0500] Starting 5G booster for 5 s...
[2024-11-06T17:59:40-0500] 5G booster started at 2024-11-06 17:59:40.436 EST
[2024-11-06T17:59:46-0500] Current time exceeds end time, skipping wait
[2024-11-06T17:59:46-0500] Saved TCP DL results to /data/data/com.termux/files/home/storage/shared/bos_la_2024_trip/att/20241106/175444059/tcp_downlink_175940471.out
[2024-11-06T17:59:46-0500] DL AVG TPUT: 
[2024-11-06T17:59:46-0500] 5G booster finished at 2024-11-06 17:59:46.549 EST, duration: 6.113 s
[2024-11-06T17:59:46-0500] -------------------------------
[2024-11-06T17:59:46-0500] Waiting for 2 s...
[2024-11-06T17:59:48-0500] -------------------------------
[2024-11-06T17:59:48-0500] TCP Ping test started at 2024-11-06 17:59:48.661 EST
[2024-11-06T18:00:19-0500] Current time exceeds end time, skipping wait
[2024-11-06T18:00:19-0500] Saved TCP Ping test to /data/data/com.termux/files/home/storage/shared/bos_la_2024_trip/att/20241106/175444059/tcp_ping_175948699.out
[2024-11-06T18:00:19-0500] TCP Ping summary (min/avg/max/mdev) 
[2024-11-06T18:00:19-0500] TCP Ping test finished at 2024-11-06 18:00:19.799 EST, duration: 31.138 s
[2024-11-06T18:00:19-0500] -------------------------------
[2024-11-06T18:00:19-0500] Waiting for 2 s...
[2024-11-06T18:00:21-0500] -------------------------------
[2024-11-06T18:00:21-0500] Traceroute test started at 2024-11-06 18:00:21.919 EST
[2024-11-06T18:00:33-0500] Waiting for 18.884 s to reach end time
[2024-11-06T18:00:52-0500] Saved traceroute test to /data/data/com.termux/files/home/storage/shared/bos_la_2024_trip/att/20241106/175444059/traceroute_180021948.out
[2024-11-06T18:00:52-0500] Traceroute summary (min/avg/max/mdev) 
[2024-11-06T18:00:52-0500] Traceroute test finished at 2024-11-06 18:00:52.068 EST, duration: 30.149 s
[2024-11-06T18:00:52-0500] -------------------------------
[2024-11-06T18:00:52-0500] All tests completed, cleaning up...
[2024-11-06T18:00:52-0500] -------------------------------
[2024-11-06T18:01:19-0500] [measurement] Load environment variables from prod.env file
[2024-11-06T18:01:19-0500] Starting a network measurement, please choose a server
[2024-11-06T18:01:19-0500] 0) West Cloud: 54.176.53.206
[2024-11-06T18:01:19-0500] 1) East Cloud: 54.197.223.49
[2024-11-06T18:01:31-0500] Enter your choice (0-1): Testing att, server 1 (ip: 54.197.223.49, nuttcp_port: 5102, iperf_port: 5002)
[2024-11-06T18:01:31-0500] -------------------------------
[2024-11-06T18:01:31-0500] tcp downlink test started at 2024-11-06 18:01:31.736 EST
[2024-11-06T18:01:31-0500] Testing tcp downlink with 54.197.223.49:5102, interval 0.5 s, duration 120 s, timeout 121 s...
[2024-11-06T18:03:32-0500] Current time exceeds end time, skipping wait
[2024-11-06T18:03:32-0500] Saved tcp downlink test to /data/data/com.termux/files/home/storage/shared/bos_la_2024_trip/att/20241106/180131705/tcp_downlink_180131781.out
[2024-11-06T18:03:32-0500] DL AVG TPUT: 
[2024-11-06T18:03:32-0500] tcp downlink test finished at 2024-11-06 18:03:32.895 EST, duration: 121.159 s
[2024-11-06T18:03:32-0500] -------------------------------
[2024-11-06T18:03:32-0500] Waiting for 2 s...
[2024-11-06T18:03:34-0500] -------------------------------
[2024-11-06T18:03:34-0500] Starting 5G booster for 5 s...
[2024-11-06T18:03:35-0500] 5G booster started at 2024-11-06 18:03:35.012 EST
[2024-11-06T18:03:41-0500] Current time exceeds end time, skipping wait
[2024-11-06T18:03:41-0500] Saved TCP DL results to /data/data/com.termux/files/home/storage/shared/bos_la_2024_trip/att/20241106/180131705/tcp_downlink_180335057.out
[2024-11-06T18:03:41-0500] DL AVG TPUT: 
[2024-11-06T18:03:41-0500] 5G booster finished at 2024-11-06 18:03:41.172 EST, duration: 6.160 s
[2024-11-06T18:03:41-0500] -------------------------------
[2024-11-06T18:03:41-0500] Waiting for 2 s...
[2024-11-06T18:03:43-0500] -------------------------------
[2024-11-06T18:03:43-0500] tcp uplink test started at 2024-11-06 18:03:43.307 EST
[2024-11-06T18:03:43-0500] testing tcp uplink with 54.197.223.49:5102, interval 0.5, duration 120, timeout 121 ...
[2024-11-06T18:05:44-0500] Current time exceeds end time, skipping wait
[2024-11-06T18:05:44-0500] Saved uplink test to /data/data/com.termux/files/home/storage/shared/bos_la_2024_trip/att/20241106/180131705/tcp_uplink_180343337.out
[2024-11-06T18:05:44-0500] UL AVG TPUT: 
[2024-11-06T18:05:44-0500] tcp uplink test finished at 2024-11-06 18:05:44.436 EST, duration: 121.129 s
[2024-11-06T18:05:44-0500] -------------------------------
[2024-11-06T18:05:44-0500] Waiting for 2 s...
[2024-11-06T18:05:46-0500] -------------------------------
[2024-11-06T18:05:46-0500] Starting 5G booster for 5 s...
[2024-11-06T18:05:46-0500] 5G booster started at 2024-11-06 18:05:46.604 EST
[2024-11-06T18:05:52-0500] Current time exceeds end time, skipping wait
[2024-11-06T18:05:52-0500] Saved TCP DL results to /data/data/com.termux/files/home/storage/shared/bos_la_2024_trip/att/20241106/180131705/tcp_downlink_180546638.out
[2024-11-06T18:05:52-0500] DL AVG TPUT: 
[2024-11-06T18:05:52-0500] 5G booster finished at 2024-11-06 18:05:52.769 EST, duration: 6.165 s
[2024-11-06T18:05:52-0500] -------------------------------
[2024-11-06T18:05:52-0500] Waiting for 2 s...
[2024-11-06T18:05:54-0500] -------------------------------
[2024-11-06T18:05:54-0500] ICMP Ping test started at 2024-11-06 18:05:54.878 EST
[2024-11-06T18:06:24-0500] Waiting for .918 s to reach end time
[2024-11-06T18:06:25-0500] Saved ping test to /data/data/com.termux/files/home/storage/shared/bos_la_2024_trip/att/20241106/180131705/icmp_ping_180554911.out
[2024-11-06T18:06:25-0500] Ping summary (min/avg/max/mdev) = 69.206/74.933/128.021/5.936 ms
[2024-11-06T18:06:26-0500] Ping test finished at 2024-11-06 18:06:25.948 EST, duration: 31.070 s
[2024-11-06T18:06:26-0500] -------------------------------
[2024-11-06T18:06:26-0500] Waiting for 2 s...
[2024-11-06T18:06:28-0500] -------------------------------
[2024-11-06T18:06:28-0500] Starting 5G booster for 5 s...
[2024-11-06T18:06:28-0500] 5G booster started at 2024-11-06 18:06:28.059 EST
[2024-11-06T18:06:34-0500] Current time exceeds end time, skipping wait
[2024-11-06T18:06:34-0500] Saved TCP DL results to /data/data/com.termux/files/home/storage/shared/bos_la_2024_trip/att/20241106/180131705/tcp_downlink_180628094.out
[2024-11-06T18:06:34-0500] DL AVG TPUT: 
[2024-11-06T18:06:34-0500] 5G booster finished at 2024-11-06 18:06:34.183 EST, duration: 6.124 s
[2024-11-06T18:06:34-0500] -------------------------------
[2024-11-06T18:06:34-0500] Waiting for 2 s...
[2024-11-06T18:06:36-0500] -------------------------------
[2024-11-06T18:06:36-0500] TCP Ping test started at 2024-11-06 18:06:36.307 EST
[2024-11-06T18:07:07-0500] Current time exceeds end time, skipping wait
[2024-11-06T18:07:07-0500] Saved TCP Ping test to /data/data/com.termux/files/home/storage/shared/bos_la_2024_trip/att/20241106/180131705/tcp_ping_180636360.out
[2024-11-06T18:07:07-0500] TCP Ping summary (min/avg/max/mdev) 
[2024-11-06T18:07:07-0500] TCP Ping test finished at 2024-11-06 18:07:07.482 EST, duration: 31.175 s
[2024-11-06T18:07:07-0500] -------------------------------
[2024-11-06T18:07:07-0500] Waiting for 2 s...
[2024-11-06T18:07:09-0500] -------------------------------
[2024-11-06T18:07:09-0500] Traceroute test started at 2024-11-06 18:07:09.584 EST
[2024-11-06T18:07:21-0500] Waiting for 18.339 s to reach end time
[2024-11-06T18:07:39-0500] Saved traceroute test to /data/data/com.termux/files/home/storage/shared/bos_la_2024_trip/att/20241106/180131705/traceroute_180709613.out
[2024-11-06T18:07:39-0500] Traceroute summary (min/avg/max/mdev) 
[2024-11-06T18:07:39-0500] Traceroute test finished at 2024-11-06 18:07:39.676 EST, duration: 30.092 s
[2024-11-06T18:07:39-0500] -------------------------------
[2024-11-06T18:07:39-0500] All tests completed, cleaning up...
[2024-11-06T18:07:39-0500] -------------------------------
[2024-11-06T18:08:23-0500] [measurement] Load environment variables from prod.env file
[2024-11-06T18:08:23-0500] Starting a network measurement, please choose a server
[2024-11-06T18:08:23-0500] 0) West Cloud: 54.176.53.206
[2024-11-06T18:08:23-0500] 1) East Cloud: 54.197.223.49
[2024-11-06T18:08:44-0500] Enter your choice (0-1): Testing att, server 1 (ip: 54.197.223.49, nuttcp_port: 5102, iperf_port: 5002)
[2024-11-06T18:08:44-0500] -------------------------------
[2024-11-06T18:08:44-0500] tcp downlink test started at 2024-11-06 18:08:44.116 EST
[2024-11-06T18:08:44-0500] Testing tcp downlink with 54.197.223.49:5102, interval 0.5 s, duration 120 s, timeout 121 s...
[2024-11-06T18:10:45-0500] Current time exceeds end time, skipping wait
[2024-11-06T18:10:45-0500] Saved tcp downlink test to /data/data/com.termux/files/home/storage/shared/bos_la_2024_trip/att/20241106/180844092/tcp_downlink_180844154.out
[2024-11-06T18:10:45-0500] DL AVG TPUT: 
[2024-11-06T18:10:45-0500] tcp downlink test finished at 2024-11-06 18:10:45.278 EST, duration: 121.162 s
[2024-11-06T18:10:45-0500] -------------------------------
[2024-11-06T18:10:45-0500] Waiting for 2 s...
[2024-11-06T18:10:47-0500] -------------------------------
[2024-11-06T18:10:47-0500] Starting 5G booster for 5 s...
[2024-11-06T18:10:47-0500] 5G booster started at 2024-11-06 18:10:47.429 EST
[2024-11-06T18:10:53-0500] Current time exceeds end time, skipping wait
[2024-11-06T18:10:53-0500] Saved TCP DL results to /data/data/com.termux/files/home/storage/shared/bos_la_2024_trip/att/20241106/180844092/tcp_downlink_181047490.out
[2024-11-06T18:10:53-0500] DL AVG TPUT: 
[2024-11-06T18:10:53-0500] 5G booster finished at 2024-11-06 18:10:53.607 EST, duration: 6.178 s
[2024-11-06T18:10:53-0500] -------------------------------
[2024-11-06T18:10:53-0500] Waiting for 2 s...
[2024-11-06T18:10:55-0500] -------------------------------
[2024-11-06T18:10:55-0500] tcp uplink test started at 2024-11-06 18:10:55.733 EST
[2024-11-06T18:10:55-0500] testing tcp uplink with 54.197.223.49:5102, interval 0.5, duration 120, timeout 121 ...
[2024-11-06T18:12:56-0500] Current time exceeds end time, skipping wait
[2024-11-06T18:12:56-0500] Saved uplink test to /data/data/com.termux/files/home/storage/shared/bos_la_2024_trip/att/20241106/180844092/tcp_uplink_181055796.out
[2024-11-06T18:12:56-0500] UL AVG TPUT: 
[2024-11-06T18:12:56-0500] tcp uplink test finished at 2024-11-06 18:12:56.882 EST, duration: 121.149 s
[2024-11-06T18:12:56-0500] -------------------------------
[2024-11-06T18:12:56-0500] Waiting for 2 s...
[2024-11-06T18:12:59-0500] -------------------------------
[2024-11-06T18:12:59-0500] Starting 5G booster for 5 s...
[2024-11-06T18:12:59-0500] 5G booster started at 2024-11-06 18:12:59.031 EST
[2024-11-06T18:13:05-0500] Current time exceeds end time, skipping wait
[2024-11-06T18:13:05-0500] Saved TCP DL results to /data/data/com.termux/files/home/storage/shared/bos_la_2024_trip/att/20241106/180844092/tcp_downlink_181259087.out
[2024-11-06T18:13:05-0500] DL AVG TPUT: 
[2024-11-06T18:13:05-0500] 5G booster finished at 2024-11-06 18:13:05.194 EST, duration: 6.163 s
[2024-11-06T18:13:05-0500] -------------------------------
[2024-11-06T18:13:05-0500] Waiting for 2 s...
[2024-11-06T18:13:07-0500] -------------------------------
[2024-11-06T18:13:07-0500] ICMP Ping test started at 2024-11-06 18:13:07.347 EST
[2024-11-06T18:13:37-0500] Waiting for .868 s to reach end time
[2024-11-06T18:13:38-0500] Saved ping test to /data/data/com.termux/files/home/storage/shared/bos_la_2024_trip/att/20241106/180844092/icmp_ping_181307392.out
[2024-11-06T18:13:38-0500] Ping summary (min/avg/max/mdev) = 65.258/76.511/276.171/23.457 ms
[2024-11-06T18:13:38-0500] Ping test finished at 2024-11-06 18:13:38.452 EST, duration: 31.105 s
[2024-11-06T18:13:38-0500] -------------------------------
[2024-11-06T18:13:38-0500] Waiting for 2 s...
[2024-11-06T18:13:40-0500] -------------------------------
[2024-11-06T18:13:40-0500] Starting 5G booster for 5 s...
[2024-11-06T18:13:40-0500] 5G booster started at 2024-11-06 18:13:40.588 EST
[2024-11-06T18:13:46-0500] Current time exceeds end time, skipping wait
[2024-11-06T18:13:46-0500] Saved TCP DL results to /data/data/com.termux/files/home/storage/shared/bos_la_2024_trip/att/20241106/180844092/tcp_downlink_181340666.out
[2024-11-06T18:13:46-0500] DL AVG TPUT: 
[2024-11-06T18:13:46-0500] 5G booster finished at 2024-11-06 18:13:46.748 EST, duration: 6.160 s
[2024-11-06T18:13:46-0500] -------------------------------
[2024-11-06T18:13:46-0500] Waiting for 2 s...
[2024-11-06T18:13:48-0500] -------------------------------
[2024-11-06T18:13:48-0500] TCP Ping test started at 2024-11-06 18:13:48.851 EST
[2024-11-06T18:14:19-0500] Current time exceeds end time, skipping wait
[2024-11-06T18:14:20-0500] Saved TCP Ping test to /data/data/com.termux/files/home/storage/shared/bos_la_2024_trip/att/20241106/180844092/tcp_ping_181348882.out
[2024-11-06T18:14:20-0500] TCP Ping summary (min/avg/max/mdev) 
[2024-11-06T18:14:20-0500] TCP Ping test finished at 2024-11-06 18:14:19.998 EST, duration: 31.147 s
[2024-11-06T18:14:20-0500] -------------------------------
[2024-11-06T18:14:20-0500] Waiting for 2 s...
[2024-11-06T18:14:22-0500] -------------------------------
[2024-11-06T18:14:22-0500] Traceroute test started at 2024-11-06 18:14:22.086 EST
[2024-11-06T18:14:33-0500] Waiting for 18.851 s to reach end time
[2024-11-06T18:14:52-0500] Saved traceroute test to /data/data/com.termux/files/home/storage/shared/bos_la_2024_trip/att/20241106/180844092/traceroute_181422108.out
[2024-11-06T18:14:52-0500] Traceroute summary (min/avg/max/mdev) 
[2024-11-06T18:14:52-0500] Traceroute test finished at 2024-11-06 18:14:52.163 EST, duration: 30.077 s
[2024-11-06T18:14:52-0500] -------------------------------
[2024-11-06T18:14:52-0500] All tests completed, cleaning up...
[2024-11-06T18:14:52-0500] -------------------------------
[2024-11-06T18:15:37-0500] [measurement] Load environment variables from prod.env file
[2024-11-06T18:15:37-0500] Starting a network measurement, please choose a server
[2024-11-06T18:15:37-0500] 0) West Cloud: 54.176.53.206
[2024-11-06T18:15:37-0500] 1) East Cloud: 54.197.223.49
[2024-11-06T18:15:53-0500] Enter your choice (0-1): Testing att, server 1 (ip: 54.197.223.49, nuttcp_port: 5102, iperf_port: 5002)
[2024-11-06T18:15:53-0500] -------------------------------
[2024-11-06T18:15:53-0500] tcp downlink test started at 2024-11-06 18:15:53.954 EST
[2024-11-06T18:15:54-0500] Testing tcp downlink with 54.197.223.49:5102, interval 0.5 s, duration 120 s, timeout 121 s...
[2024-11-06T18:17:55-0500] Current time exceeds end time, skipping wait
[2024-11-06T18:17:55-0500] Saved tcp downlink test to /data/data/com.termux/files/home/storage/shared/bos_la_2024_trip/att/20241106/181553933/tcp_downlink_181553985.out
[2024-11-06T18:17:55-0500] DL AVG TPUT: 
[2024-11-06T18:17:55-0500] tcp downlink test finished at 2024-11-06 18:17:55.105 EST, duration: 121.151 s
[2024-11-06T18:17:55-0500] -------------------------------
[2024-11-06T18:17:55-0500] Waiting for 2 s...
[2024-11-06T18:17:57-0500] -------------------------------
[2024-11-06T18:17:57-0500] Starting 5G booster for 5 s...
[2024-11-06T18:17:57-0500] 5G booster started at 2024-11-06 18:17:57.246 EST
[2024-11-06T18:18:03-0500] Current time exceeds end time, skipping wait
[2024-11-06T18:18:03-0500] Saved TCP DL results to /data/data/com.termux/files/home/storage/shared/bos_la_2024_trip/att/20241106/181553933/tcp_downlink_181757283.out
[2024-11-06T18:18:03-0500] DL AVG TPUT: 
[2024-11-06T18:18:03-0500] 5G booster finished at 2024-11-06 18:18:03.392 EST, duration: 6.146 s
[2024-11-06T18:18:03-0500] -------------------------------
[2024-11-06T18:18:03-0500] Waiting for 2 s...
[2024-11-06T18:18:05-0500] -------------------------------
[2024-11-06T18:18:05-0500] tcp uplink test started at 2024-11-06 18:18:05.534 EST
[2024-11-06T18:18:05-0500] testing tcp uplink with 54.197.223.49:5102, interval 0.5, duration 120, timeout 121 ...
[2024-11-06T18:20:06-0500] Current time exceeds end time, skipping wait
[2024-11-06T18:20:06-0500] Saved uplink test to /data/data/com.termux/files/home/storage/shared/bos_la_2024_trip/att/20241106/181553933/tcp_uplink_181805572.out
[2024-11-06T18:20:06-0500] UL AVG TPUT: 
[2024-11-06T18:20:06-0500] tcp uplink test finished at 2024-11-06 18:20:06.700 EST, duration: 121.166 s
[2024-11-06T18:20:06-0500] -------------------------------
[2024-11-06T18:20:06-0500] Waiting for 2 s...
[2024-11-06T18:20:08-0500] -------------------------------
[2024-11-06T18:20:08-0500] Starting 5G booster for 5 s...
[2024-11-06T18:20:08-0500] 5G booster started at 2024-11-06 18:20:08.837 EST
[2024-11-06T18:20:14-0500] Current time exceeds end time, skipping wait
[2024-11-06T18:20:14-0500] Saved TCP DL results to /data/data/com.termux/files/home/storage/shared/bos_la_2024_trip/att/20241106/181553933/tcp_downlink_182008874.out
[2024-11-06T18:20:15-0500] DL AVG TPUT: 
[2024-11-06T18:20:15-0500] 5G booster finished at 2024-11-06 18:20:14.960 EST, duration: 6.123 s
[2024-11-06T18:20:15-0500] -------------------------------
[2024-11-06T18:20:15-0500] Waiting for 2 s...
[2024-11-06T18:20:17-0500] -------------------------------
[2024-11-06T18:20:17-0500] ICMP Ping test started at 2024-11-06 18:20:17.087 EST
[2024-11-06T18:20:47-0500] Waiting for .851 s to reach end time
[2024-11-06T18:20:48-0500] Saved ping test to /data/data/com.termux/files/home/storage/shared/bos_la_2024_trip/att/20241106/181553933/icmp_ping_182017127.out
[2024-11-06T18:20:48-0500] Ping summary (min/avg/max/mdev) = 63.317/79.258/271.801/27.373 ms
[2024-11-06T18:20:48-0500] Ping test finished at 2024-11-06 18:20:48.192 EST, duration: 31.105 s
[2024-11-06T18:20:48-0500] -------------------------------
[2024-11-06T18:20:48-0500] Waiting for 2 s...
[2024-11-06T18:20:50-0500] -------------------------------
[2024-11-06T18:20:50-0500] Starting 5G booster for 5 s...
[2024-11-06T18:20:50-0500] 5G booster started at 2024-11-06 18:20:50.331 EST
[2024-11-06T18:20:56-0500] Current time exceeds end time, skipping wait
[2024-11-06T18:20:56-0500] Saved TCP DL results to /data/data/com.termux/files/home/storage/shared/bos_la_2024_trip/att/20241106/181553933/tcp_downlink_182050390.out
[2024-11-06T18:20:56-0500] DL AVG TPUT: 
[2024-11-06T18:20:56-0500] 5G booster finished at 2024-11-06 18:20:56.504 EST, duration: 6.173 s
[2024-11-06T18:20:56-0500] -------------------------------
[2024-11-06T18:20:56-0500] Waiting for 2 s...
[2024-11-06T18:20:58-0500] -------------------------------
[2024-11-06T18:20:58-0500] TCP Ping test started at 2024-11-06 18:20:58.652 EST
[2024-11-06T18:21:29-0500] Current time exceeds end time, skipping wait
[2024-11-06T18:21:29-0500] Saved TCP Ping test to /data/data/com.termux/files/home/storage/shared/bos_la_2024_trip/att/20241106/181553933/tcp_ping_182058701.out
[2024-11-06T18:21:29-0500] TCP Ping summary (min/avg/max/mdev) 
[2024-11-06T18:21:29-0500] TCP Ping test finished at 2024-11-06 18:21:29.807 EST, duration: 31.155 s
[2024-11-06T18:21:29-0500] -------------------------------
[2024-11-06T18:21:29-0500] Waiting for 2 s...
[2024-11-06T18:21:31-0500] -------------------------------
[2024-11-06T18:21:31-0500] Traceroute test started at 2024-11-06 18:21:31.922 EST
[2024-11-06T18:21:43-0500] Waiting for 18.681 s to reach end time
[2024-11-06T18:22:01-0500] Saved traceroute test to /data/data/com.termux/files/home/storage/shared/bos_la_2024_trip/att/20241106/181553933/traceroute_182131945.out
[2024-11-06T18:22:02-0500] Traceroute summary (min/avg/max/mdev) 
[2024-11-06T18:22:02-0500] Traceroute test finished at 2024-11-06 18:22:01.996 EST, duration: 30.074 s
[2024-11-06T18:22:02-0500] -------------------------------
[2024-11-06T18:22:02-0500] All tests completed, cleaning up...
[2024-11-06T18:22:02-0500] -------------------------------
[2024-11-06T18:22:46-0500] [measurement] Load environment variables from prod.env file
[2024-11-06T18:22:46-0500] Starting a network measurement, please choose a server
[2024-11-06T18:22:46-0500] 0) West Cloud: 54.176.53.206
[2024-11-06T18:22:46-0500] 1) East Cloud: 54.197.223.49
[2024-11-06T18:23:13-0500] Enter your choice (0-1): Testing att, server 1 (ip: 54.197.223.49, nuttcp_port: 5102, iperf_port: 5002)
[2024-11-06T18:23:13-0500] -------------------------------
[2024-11-06T18:23:13-0500] tcp downlink test started at 2024-11-06 18:23:13.452 EST
[2024-11-06T18:23:13-0500] Testing tcp downlink with 54.197.223.49:5102, interval 0.5 s, duration 120 s, timeout 121 s...
[2024-11-06T18:25:14-0500] Current time exceeds end time, skipping wait
[2024-11-06T18:25:14-0500] Saved tcp downlink test to /data/data/com.termux/files/home/storage/shared/bos_la_2024_trip/att/20241106/182313420/tcp_downlink_182313480.out
[2024-11-06T18:25:14-0500] DL AVG TPUT: 
[2024-11-06T18:25:14-0500] tcp downlink test finished at 2024-11-06 18:25:14.557 EST, duration: 121.105 s
[2024-11-06T18:25:14-0500] -------------------------------
[2024-11-06T18:25:14-0500] Waiting for 2 s...
[2024-11-06T18:25:16-0500] -------------------------------
[2024-11-06T18:25:16-0500] Starting 5G booster for 5 s...
[2024-11-06T18:25:16-0500] 5G booster started at 2024-11-06 18:25:16.653 EST
[2024-11-06T18:25:22-0500] Current time exceeds end time, skipping wait
[2024-11-06T18:25:22-0500] Saved TCP DL results to /data/data/com.termux/files/home/storage/shared/bos_la_2024_trip/att/20241106/182313420/tcp_downlink_182516703.out
[2024-11-06T18:25:22-0500] DL AVG TPUT: 
[2024-11-06T18:25:22-0500] 5G booster finished at 2024-11-06 18:25:22.781 EST, duration: 6.128 s
[2024-11-06T18:25:22-0500] -------------------------------
[2024-11-06T18:25:22-0500] Waiting for 2 s...
[2024-11-06T18:25:24-0500] -------------------------------
[2024-11-06T18:25:24-0500] tcp uplink test started at 2024-11-06 18:25:24.906 EST
[2024-11-06T18:25:24-0500] testing tcp uplink with 54.197.223.49:5102, interval 0.5, duration 120, timeout 121 ...
[2024-11-06T18:27:26-0500] Current time exceeds end time, skipping wait
[2024-11-06T18:27:26-0500] Saved uplink test to /data/data/com.termux/files/home/storage/shared/bos_la_2024_trip/att/20241106/182313420/tcp_uplink_182524946.out
[2024-11-06T18:27:26-0500] UL AVG TPUT: 
[2024-11-06T18:27:26-0500] tcp uplink test finished at 2024-11-06 18:27:26.041 EST, duration: 121.135 s
[2024-11-06T18:27:26-0500] -------------------------------
[2024-11-06T18:27:26-0500] Waiting for 2 s...
[2024-11-06T18:27:28-0500] -------------------------------
[2024-11-06T18:27:28-0500] Starting 5G booster for 5 s...
[2024-11-06T18:27:28-0500] 5G booster started at 2024-11-06 18:27:28.186 EST
[2024-11-06T18:27:34-0500] Current time exceeds end time, skipping wait
[2024-11-06T18:27:34-0500] Saved TCP DL results to /data/data/com.termux/files/home/storage/shared/bos_la_2024_trip/att/20241106/182313420/tcp_downlink_182728244.out
[2024-11-06T18:27:34-0500] [CAUTION] EMPTY LOG!
[2024-11-06T18:27:34-0500] 5G booster finished at 2024-11-06 18:27:34.336 EST, duration: 6.150 s
[2024-11-06T18:27:34-0500] -------------------------------
[2024-11-06T18:27:34-0500] Waiting for 2 s...
[2024-11-06T18:27:36-0500] -------------------------------
[2024-11-06T18:27:36-0500] ICMP Ping test started at 2024-11-06 18:27:36.463 EST
[2024-11-06T18:28:06-0500] Waiting for .836 s to reach end time
[2024-11-06T18:28:07-0500] Saved ping test to /data/data/com.termux/files/home/storage/shared/bos_la_2024_trip/att/20241106/182313420/icmp_ping_182736513.out
[2024-11-06T18:28:07-0500] Ping summary (min/avg/max/mdev) = 75.939/123.286/412.271/44.507 ms
[2024-11-06T18:28:07-0500] Ping test finished at 2024-11-06 18:28:07.556 EST, duration: 31.093 s
[2024-11-06T18:28:07-0500] -------------------------------
[2024-11-06T18:28:07-0500] Waiting for 2 s...
[2024-11-06T18:28:09-0500] -------------------------------
[2024-11-06T18:28:09-0500] Starting 5G booster for 5 s...
[2024-11-06T18:28:09-0500] 5G booster started at 2024-11-06 18:28:09.716 EST
[2024-11-06T18:28:15-0500] Current time exceeds end time, skipping wait
[2024-11-06T18:28:15-0500] Saved TCP DL results to /data/data/com.termux/files/home/storage/shared/bos_la_2024_trip/att/20241106/182313420/tcp_downlink_182809751.out
[2024-11-06T18:28:15-0500] DL AVG TPUT: 
[2024-11-06T18:28:15-0500] 5G booster finished at 2024-11-06 18:28:15.854 EST, duration: 6.138 s
[2024-11-06T18:28:15-0500] -------------------------------
[2024-11-06T18:28:15-0500] Waiting for 2 s...
[2024-11-06T18:28:17-0500] -------------------------------
[2024-11-06T18:28:17-0500] TCP Ping test started at 2024-11-06 18:28:17.973 EST
[2024-11-06T18:28:49-0500] Current time exceeds end time, skipping wait
[2024-11-06T18:28:49-0500] Saved TCP Ping test to /data/data/com.termux/files/home/storage/shared/bos_la_2024_trip/att/20241106/182313420/tcp_ping_182818002.out
[2024-11-06T18:28:49-0500] TCP Ping summary (min/avg/max/mdev) 
[2024-11-06T18:28:49-0500] TCP Ping test finished at 2024-11-06 18:28:49.146 EST, duration: 31.173 s
[2024-11-06T18:28:49-0500] -------------------------------
[2024-11-06T18:28:49-0500] Waiting for 2 s...
[2024-11-06T18:28:51-0500] -------------------------------
[2024-11-06T18:28:51-0500] Traceroute test started at 2024-11-06 18:28:51.244 EST
[2024-11-06T18:29:01-0500] 
[2024-11-06T18:29:01-0500] connect: Network is unreachable
[2024-11-06T18:29:01-0500] Waiting for 19.812 s to reach end time
[2024-11-06T18:31:38-0500] [measurement] Load environment variables from prod.env file
[2024-11-06T18:31:38-0500] Starting a network measurement, please choose a server
[2024-11-06T18:31:38-0500] 0) West Cloud: 54.176.53.206
[2024-11-06T18:31:38-0500] 1) East Cloud: 54.197.223.49
[2024-11-06T18:31:55-0500] Enter your choice (0-1): Testing att, server 1 (ip: 54.197.223.49, nuttcp_port: 5102, iperf_port: 5002)
[2024-11-06T18:31:55-0500] -------------------------------
[2024-11-06T18:31:55-0500] tcp downlink test started at 2024-11-06 18:31:55.418 EST
[2024-11-06T18:31:55-0500] Testing tcp downlink with 54.197.223.49:5102, interval 0.5 s, duration 120 s, timeout 121 s...
[2024-11-06T18:33:56-0500] Current time exceeds end time, skipping wait
[2024-11-06T18:33:56-0500] Saved tcp downlink test to /data/data/com.termux/files/home/storage/shared/bos_la_2024_trip/att/20241106/183155390/tcp_downlink_183155453.out
[2024-11-06T18:33:56-0500] DL AVG TPUT: 
[2024-11-06T18:33:56-0500] tcp downlink test finished at 2024-11-06 18:33:56.576 EST, duration: 121.158 s
[2024-11-06T18:33:56-0500] -------------------------------
[2024-11-06T18:33:56-0500] Waiting for 2 s...
[2024-11-06T18:33:58-0500] -------------------------------
[2024-11-06T18:33:58-0500] Starting 5G booster for 5 s...
[2024-11-06T18:33:58-0500] 5G booster started at 2024-11-06 18:33:58.701 EST
[2024-11-06T18:34:04-0500] Current time exceeds end time, skipping wait
[2024-11-06T18:34:04-0500] Saved TCP DL results to /data/data/com.termux/files/home/storage/shared/bos_la_2024_trip/att/20241106/183155390/tcp_downlink_183358729.out
[2024-11-06T18:34:04-0500] DL AVG TPUT: 
[2024-11-06T18:34:04-0500] 5G booster finished at 2024-11-06 18:34:04.823 EST, duration: 6.122 s
[2024-11-06T18:34:04-0500] -------------------------------
[2024-11-06T18:34:04-0500] Waiting for 2 s...
[2024-11-06T18:34:06-0500] -------------------------------
[2024-11-06T18:34:06-0500] tcp uplink test started at 2024-11-06 18:34:06.935 EST
[2024-11-06T18:34:07-0500] testing tcp uplink with 54.197.223.49:5102, interval 0.5, duration 120, timeout 121 ...
[2024-11-06T18:36:08-0500] Current time exceeds end time, skipping wait
[2024-11-06T18:36:08-0500] Saved uplink test to /data/data/com.termux/files/home/storage/shared/bos_la_2024_trip/att/20241106/183155390/tcp_uplink_183406996.out
[2024-11-06T18:36:08-0500] UL AVG TPUT: 
[2024-11-06T18:36:08-0500] tcp uplink test finished at 2024-11-06 18:36:08.094 EST, duration: 121.159 s
[2024-11-06T18:36:08-0500] -------------------------------
[2024-11-06T18:36:08-0500] Waiting for 2 s...
[2024-11-06T18:36:10-0500] -------------------------------
[2024-11-06T18:36:10-0500] Starting 5G booster for 5 s...
[2024-11-06T18:36:10-0500] 5G booster started at 2024-11-06 18:36:10.203 EST
[2024-11-06T18:36:16-0500] Current time exceeds end time, skipping wait
[2024-11-06T18:36:16-0500] Saved TCP DL results to /data/data/com.termux/files/home/storage/shared/bos_la_2024_trip/att/20241106/183155390/tcp_downlink_183610252.out
[2024-11-06T18:36:16-0500] DL AVG TPUT: 
[2024-11-06T18:36:16-0500] 5G booster finished at 2024-11-06 18:36:16.381 EST, duration: 6.178 s
[2024-11-06T18:36:16-0500] -------------------------------
[2024-11-06T18:36:16-0500] Waiting for 2 s...
[2024-11-06T18:36:18-0500] -------------------------------
[2024-11-06T18:36:18-0500] ICMP Ping test started at 2024-11-06 18:36:18.500 EST
[2024-11-06T18:36:48-0500] Waiting for .857 s to reach end time
[2024-11-06T18:36:49-0500] Saved ping test to /data/data/com.termux/files/home/storage/shared/bos_la_2024_trip/att/20241106/183155390/icmp_ping_183618558.out
[2024-11-06T18:36:49-0500] Ping summary (min/avg/max/mdev) = 32.258/60.520/149.867/15.023 ms
[2024-11-06T18:36:49-0500] Ping test finished at 2024-11-06 18:36:49.580 EST, duration: 31.080 s
[2024-11-06T18:36:49-0500] -------------------------------
[2024-11-06T18:36:49-0500] Waiting for 2 s...
[2024-11-06T18:36:51-0500] -------------------------------
[2024-11-06T18:36:51-0500] Starting 5G booster for 5 s...
[2024-11-06T18:36:51-0500] 5G booster started at 2024-11-06 18:36:51.700 EST
[2024-11-06T18:36:57-0500] Current time exceeds end time, skipping wait
[2024-11-06T18:36:57-0500] Saved TCP DL results to /data/data/com.termux/files/home/storage/shared/bos_la_2024_trip/att/20241106/183155390/tcp_downlink_183651730.out
[2024-11-06T18:36:57-0500] DL AVG TPUT: 
[2024-11-06T18:36:57-0500] 5G booster finished at 2024-11-06 18:36:57.878 EST, duration: 6.178 s
[2024-11-06T18:36:57-0500] -------------------------------
[2024-11-06T18:36:57-0500] Waiting for 2 s...
[2024-11-06T18:36:59-0500] -------------------------------
[2024-11-06T18:37:00-0500] TCP Ping test started at 2024-11-06 18:36:59.993 EST
[2024-11-06T18:37:31-0500] Current time exceeds end time, skipping wait
[2024-11-06T18:37:31-0500] Saved TCP Ping test to /data/data/com.termux/files/home/storage/shared/bos_la_2024_trip/att/20241106/183155390/tcp_ping_183700044.out
[2024-11-06T18:37:31-0500] TCP Ping summary (min/avg/max/mdev) 
[2024-11-06T18:37:31-0500] TCP Ping test finished at 2024-11-06 18:37:31.135 EST, duration: 31.142 s
[2024-11-06T18:37:31-0500] -------------------------------
[2024-11-06T18:37:31-0500] Waiting for 2 s...
[2024-11-06T18:37:33-0500] -------------------------------
[2024-11-06T18:37:33-0500] Traceroute test started at 2024-11-06 18:37:33.250 EST
[2024-11-06T18:37:44-0500] Waiting for 19.083 s to reach end time
[2024-11-06T18:38:03-0500] Saved traceroute test to /data/data/com.termux/files/home/storage/shared/bos_la_2024_trip/att/20241106/183155390/traceroute_183733278.out
[2024-11-06T18:38:03-0500] Traceroute summary (min/avg/max/mdev) 
[2024-11-06T18:38:03-0500] Traceroute test finished at 2024-11-06 18:38:03.331 EST, duration: 30.081 s
[2024-11-06T18:38:03-0500] -------------------------------
[2024-11-06T18:38:03-0500] All tests completed, cleaning up...
[2024-11-06T18:38:03-0500] -------------------------------
