[2024-11-08T10:45:21-0500] [measurement] Load environment variables from prod.env file
[2024-11-08T10:45:21-0500] Starting a network measurement, please choose a server
[2024-11-08T10:45:21-0500] 0) West Cloud: 54.176.53.206
[2024-11-08T10:45:21-0500] 1) East Cloud: 54.197.223.49
[2024-11-08T10:45:22-0500] Enter your choice (0-1): Testing att, server 1 (ip: 54.197.223.49, nuttcp_port: 5102, iperf_port: 5002)
[2024-11-08T10:45:22-0500] -------------------------------
[2024-11-08T10:45:22-0500] tcp downlink test started at 2024-11-08 10:45:22.665 EST
[2024-11-08T10:45:22-0500] Testing tcp downlink with 54.197.223.49:5102, interval 0.5 s, duration 120 s, timeout 121 s...
[2024-11-08T10:47:23-0500] Current time exceeds end time, skipping wait
[2024-11-08T10:47:23-0500] Saved tcp downlink test to /data/data/com.termux/files/home/storage/shared/bos_la_2024_trip/att/20241108/104522642/tcp_downlink_104522687.out
[2024-11-08T10:47:23-0500] DL AVG TPUT: 
[2024-11-08T10:47:23-0500] tcp downlink test finished at 2024-11-08 10:47:23.776 EST, duration: 121.111 s
[2024-11-08T10:47:23-0500] -------------------------------
[2024-11-08T10:47:23-0500] Waiting for 2 s...
[2024-11-08T10:47:25-0500] -------------------------------
[2024-11-08T10:47:25-0500] Starting 5G booster for 5 s...
[2024-11-08T10:47:25-0500] 5G booster started at 2024-11-08 10:47:25.899 EST
[2024-11-08T10:47:32-0500] Current time exceeds end time, skipping wait
[2024-11-08T10:47:32-0500] Saved TCP DL results to /data/data/com.termux/files/home/storage/shared/bos_la_2024_trip/att/20241108/104522642/tcp_downlink_104725929.out
[2024-11-08T10:47:32-0500] DL AVG TPUT: 
[2024-11-08T10:47:32-0500] 5G booster finished at 2024-11-08 10:47:32.044 EST, duration: 6.145 s
[2024-11-08T10:47:32-0500] -------------------------------
[2024-11-08T10:47:32-0500] Waiting for 2 s...
[2024-11-08T10:47:34-0500] -------------------------------
[2024-11-08T10:47:34-0500] tcp uplink test started at 2024-11-08 10:47:34.159 EST
[2024-11-08T10:47:34-0500] testing tcp uplink with 54.197.223.49:5102, interval 0.5, duration 120, timeout 121 ...
[2024-11-08T10:49:35-0500] Current time exceeds end time, skipping wait
[2024-11-08T10:49:35-0500] Saved uplink test to /data/data/com.termux/files/home/storage/shared/bos_la_2024_trip/att/20241108/104522642/tcp_uplink_104734209.out
[2024-11-08T10:49:35-0500] UL AVG TPUT: 
[2024-11-08T10:49:35-0500] tcp uplink test finished at 2024-11-08 10:49:35.295 EST, duration: 121.136 s
[2024-11-08T10:49:35-0500] -------------------------------
[2024-11-08T10:49:35-0500] Waiting for 2 s...
[2024-11-08T10:49:37-0500] -------------------------------
[2024-11-08T10:49:37-0500] Starting 5G booster for 5 s...
[2024-11-08T10:49:37-0500] 5G booster started at 2024-11-08 10:49:37.422 EST
[2024-11-08T10:49:43-0500] Current time exceeds end time, skipping wait
[2024-11-08T10:49:43-0500] Saved TCP DL results to /data/data/com.termux/files/home/storage/shared/bos_la_2024_trip/att/20241108/104522642/tcp_downlink_104937475.out
[2024-11-08T10:49:43-0500] DL AVG TPUT: 
[2024-11-08T10:49:43-0500] 5G booster finished at 2024-11-08 10:49:43.562 EST, duration: 6.140 s
[2024-11-08T10:49:43-0500] -------------------------------
[2024-11-08T10:49:43-0500] Waiting for 2 s...
[2024-11-08T10:49:45-0500] -------------------------------
[2024-11-08T10:49:45-0500] ICMP Ping test started at 2024-11-08 10:49:45.670 EST
[2024-11-08T10:50:15-0500] Waiting for .871 s to reach end time
[2024-11-08T10:50:16-0500] Saved ping test to /data/data/com.termux/files/home/storage/shared/bos_la_2024_trip/att/20241108/104522642/icmp_ping_104945697.out
[2024-11-08T10:50:16-0500] Ping summary (min/avg/max/mdev) = 33.138/56.707/512.616/52.343 ms
[2024-11-08T10:50:16-0500] Ping test finished at 2024-11-08 10:50:16.758 EST, duration: 31.088 s
[2024-11-08T10:50:16-0500] -------------------------------
[2024-11-08T10:50:16-0500] Waiting for 2 s...
[2024-11-08T10:50:18-0500] -------------------------------
[2024-11-08T10:50:18-0500] Starting 5G booster for 5 s...
[2024-11-08T10:50:18-0500] 5G booster started at 2024-11-08 10:50:18.879 EST
[2024-11-08T10:50:25-0500] Current time exceeds end time, skipping wait
[2024-11-08T10:50:25-0500] Saved TCP DL results to /data/data/com.termux/files/home/storage/shared/bos_la_2024_trip/att/20241108/104522642/tcp_downlink_105018923.out
[2024-11-08T10:50:25-0500] DL AVG TPUT: 
[2024-11-08T10:50:25-0500] 5G booster finished at 2024-11-08 10:50:25.026 EST, duration: 6.147 s
[2024-11-08T10:50:25-0500] -------------------------------
[2024-11-08T10:50:25-0500] Waiting for 2 s...
[2024-11-08T10:50:27-0500] -------------------------------
[2024-11-08T10:50:27-0500] TCP Ping test started at 2024-11-08 10:50:27.120 EST
[2024-11-08T10:50:58-0500] Current time exceeds end time, skipping wait
[2024-11-08T10:50:58-0500] Saved TCP Ping test to /data/data/com.termux/files/home/storage/shared/bos_la_2024_trip/att/20241108/104522642/tcp_ping_105027171.out
[2024-11-08T10:50:58-0500] TCP Ping summary (min/avg/max/mdev) 
[2024-11-08T10:50:58-0500] TCP Ping test finished at 2024-11-08 10:50:58.295 EST, duration: 31.175 s
[2024-11-08T10:50:58-0500] -------------------------------
[2024-11-08T10:50:58-0500] Waiting for 2 s...
[2024-11-08T10:51:00-0500] -------------------------------
[2024-11-08T10:51:00-0500] Traceroute test started at 2024-11-08 10:51:00.424 EST
[2024-11-08T10:51:06-0500] Waiting for 24.272 s to reach end time
[2024-11-08T10:51:30-0500] Saved traceroute test to /data/data/com.termux/files/home/storage/shared/bos_la_2024_trip/att/20241108/104522642/traceroute_105100469.out
[2024-11-08T10:51:30-0500] Traceroute summary (min/avg/max/mdev) 
[2024-11-08T10:51:30-0500] Traceroute test finished at 2024-11-08 10:51:30.505 EST, duration: 30.081 s
[2024-11-08T10:51:30-0500] -------------------------------
[2024-11-08T10:51:30-0500] All tests completed, cleaning up...
[2024-11-08T10:51:30-0500] -------------------------------
[2024-11-08T10:52:01-0500] [measurement] Load environment variables from prod.env file
[2024-11-08T10:52:01-0500] Starting a network measurement, please choose a server
[2024-11-08T10:52:01-0500] 0) West Cloud: 54.176.53.206
[2024-11-08T10:52:01-0500] 1) East Cloud: 54.197.223.49
[2024-11-08T10:52:10-0500] Enter your choice (0-1): Testing att, server 1 (ip: 54.197.223.49, nuttcp_port: 5102, iperf_port: 5002)
[2024-11-08T10:52:11-0500] -------------------------------
[2024-11-08T10:52:11-0500] tcp downlink test started at 2024-11-08 10:52:11.031 EST
[2024-11-08T10:52:11-0500] Testing tcp downlink with 54.197.223.49:5102, interval 0.5 s, duration 120 s, timeout 121 s...
[2024-11-08T10:54:12-0500] Current time exceeds end time, skipping wait
[2024-11-08T10:54:12-0500] Saved tcp downlink test to /data/data/com.termux/files/home/storage/shared/bos_la_2024_trip/att/20241108/105211011/tcp_downlink_105211063.out
[2024-11-08T10:54:12-0500] DL AVG TPUT: 
[2024-11-08T10:54:12-0500] tcp downlink test finished at 2024-11-08 10:54:12.149 EST, duration: 121.118 s
[2024-11-08T10:54:12-0500] -------------------------------
[2024-11-08T10:54:12-0500] Waiting for 2 s...
[2024-11-08T10:54:14-0500] -------------------------------
[2024-11-08T10:54:14-0500] Starting 5G booster for 5 s...
[2024-11-08T10:54:14-0500] 5G booster started at 2024-11-08 10:54:14.277 EST
[2024-11-08T10:54:20-0500] Current time exceeds end time, skipping wait
[2024-11-08T10:54:20-0500] Saved TCP DL results to /data/data/com.termux/files/home/storage/shared/bos_la_2024_trip/att/20241108/105211011/tcp_downlink_105414325.out
[2024-11-08T10:54:20-0500] DL AVG TPUT: 
[2024-11-08T10:54:20-0500] 5G booster finished at 2024-11-08 10:54:20.394 EST, duration: 6.117 s
[2024-11-08T10:54:20-0500] -------------------------------
[2024-11-08T10:54:20-0500] Waiting for 2 s...
[2024-11-08T10:54:22-0500] -------------------------------
[2024-11-08T10:54:22-0500] tcp uplink test started at 2024-11-08 10:54:22.494 EST
[2024-11-08T10:54:22-0500] testing tcp uplink with 54.197.223.49:5102, interval 0.5, duration 120, timeout 121 ...
[2024-11-08T10:56:23-0500] Current time exceeds end time, skipping wait
[2024-11-08T10:56:23-0500] Saved uplink test to /data/data/com.termux/files/home/storage/shared/bos_la_2024_trip/att/20241108/105211011/tcp_uplink_105422526.out
[2024-11-08T10:56:23-0500] UL AVG TPUT: 
[2024-11-08T10:56:23-0500] tcp uplink test finished at 2024-11-08 10:56:23.606 EST, duration: 121.112 s
[2024-11-08T10:56:23-0500] -------------------------------
[2024-11-08T10:56:23-0500] Waiting for 2 s...
[2024-11-08T10:56:25-0500] -------------------------------
[2024-11-08T10:56:25-0500] Starting 5G booster for 5 s...
[2024-11-08T10:56:25-0500] 5G booster started at 2024-11-08 10:56:25.725 EST
[2024-11-08T10:56:31-0500] Current time exceeds end time, skipping wait
[2024-11-08T10:56:31-0500] Saved TCP DL results to /data/data/com.termux/files/home/storage/shared/bos_la_2024_trip/att/20241108/105211011/tcp_downlink_105625791.out
[2024-11-08T10:56:31-0500] DL AVG TPUT: 
[2024-11-08T10:56:31-0500] 5G booster finished at 2024-11-08 10:56:31.915 EST, duration: 6.190 s
[2024-11-08T10:56:31-0500] -------------------------------
[2024-11-08T10:56:31-0500] Waiting for 2 s...
[2024-11-08T10:56:34-0500] -------------------------------
[2024-11-08T10:56:34-0500] ICMP Ping test started at 2024-11-08 10:56:34.038 EST
[2024-11-08T10:57:04-0500] Waiting for .827 s to reach end time
[2024-11-08T10:57:05-0500] Saved ping test to /data/data/com.termux/files/home/storage/shared/bos_la_2024_trip/att/20241108/105211011/icmp_ping_105634118.out
[2024-11-08T10:57:05-0500] Ping summary (min/avg/max/mdev) = 34.343/39.316/81.591/5.101 ms
[2024-11-08T10:57:05-0500] Ping test finished at 2024-11-08 10:57:05.152 EST, duration: 31.114 s
[2024-11-08T10:57:05-0500] -------------------------------
[2024-11-08T10:57:05-0500] Waiting for 2 s...
[2024-11-08T10:57:07-0500] -------------------------------
[2024-11-08T10:57:07-0500] Starting 5G booster for 5 s...
[2024-11-08T10:57:07-0500] 5G booster started at 2024-11-08 10:57:07.263 EST
[2024-11-08T10:57:13-0500] Current time exceeds end time, skipping wait
[2024-11-08T10:57:13-0500] Saved TCP DL results to /data/data/com.termux/files/home/storage/shared/bos_la_2024_trip/att/20241108/105211011/tcp_downlink_105707292.out
[2024-11-08T10:57:13-0500] DL AVG TPUT: 
[2024-11-08T10:57:13-0500] 5G booster finished at 2024-11-08 10:57:13.369 EST, duration: 6.106 s
[2024-11-08T10:57:13-0500] -------------------------------
[2024-11-08T10:57:13-0500] Waiting for 2 s...
[2024-11-08T10:57:15-0500] -------------------------------
[2024-11-08T10:57:15-0500] TCP Ping test started at 2024-11-08 10:57:15.485 EST
[2024-11-08T10:57:46-0500] Current time exceeds end time, skipping wait
[2024-11-08T10:57:46-0500] Saved TCP Ping test to /data/data/com.termux/files/home/storage/shared/bos_la_2024_trip/att/20241108/105211011/tcp_ping_105715510.out
[2024-11-08T10:57:46-0500] TCP Ping summary (min/avg/max/mdev) 
[2024-11-08T10:57:46-0500] TCP Ping test finished at 2024-11-08 10:57:46.596 EST, duration: 31.111 s
[2024-11-08T10:57:46-0500] -------------------------------
[2024-11-08T10:57:46-0500] Waiting for 2 s...
[2024-11-08T10:57:48-0500] -------------------------------
[2024-11-08T10:57:48-0500] Traceroute test started at 2024-11-08 10:57:48.684 EST
[2024-11-08T10:57:54-0500] Waiting for 24.073 s to reach end time
[2024-11-08T10:58:18-0500] Saved traceroute test to /data/data/com.termux/files/home/storage/shared/bos_la_2024_trip/att/20241108/105211011/traceroute_105748707.out
[2024-11-08T10:58:18-0500] Traceroute summary (min/avg/max/mdev) 
[2024-11-08T10:58:18-0500] Traceroute test finished at 2024-11-08 10:58:18.764 EST, duration: 30.080 s
[2024-11-08T10:58:18-0500] -------------------------------
[2024-11-08T10:58:18-0500] All tests completed, cleaning up...
[2024-11-08T10:58:18-0500] -------------------------------
[2024-11-08T10:58:53-0500] [measurement] Load environment variables from prod.env file
[2024-11-08T10:58:53-0500] Starting a network measurement, please choose a server
[2024-11-08T10:58:53-0500] 0) West Cloud: 54.176.53.206
[2024-11-08T10:58:53-0500] 1) East Cloud: 54.197.223.49
[2024-11-08T10:58:54-0500] Enter your choice (0-1): Testing att, server 1 (ip: 54.197.223.49, nuttcp_port: 5102, iperf_port: 5002)
[2024-11-08T10:58:54-0500] -------------------------------
[2024-11-08T10:58:54-0500] tcp downlink test started at 2024-11-08 10:58:54.845 EST
[2024-11-08T10:58:54-0500] Testing tcp downlink with 54.197.223.49:5102, interval 0.5 s, duration 120 s, timeout 121 s...
[2024-11-08T11:00:55-0500] Current time exceeds end time, skipping wait
[2024-11-08T11:00:55-0500] Saved tcp downlink test to /data/data/com.termux/files/home/storage/shared/bos_la_2024_trip/att/20241108/105854826/tcp_downlink_105854869.out
[2024-11-08T11:00:55-0500] DL AVG TPUT: 
[2024-11-08T11:00:56-0500] tcp downlink test finished at 2024-11-08 11:00:55.955 EST, duration: 121.110 s
[2024-11-08T11:00:56-0500] -------------------------------
[2024-11-08T11:00:56-0500] Waiting for 2 s...
[2024-11-08T11:00:58-0500] -------------------------------
[2024-11-08T11:00:58-0500] Starting 5G booster for 5 s...
[2024-11-08T11:00:58-0500] 5G booster started at 2024-11-08 11:00:58.109 EST
[2024-11-08T11:01:04-0500] Current time exceeds end time, skipping wait
[2024-11-08T11:01:04-0500] Saved TCP DL results to /data/data/com.termux/files/home/storage/shared/bos_la_2024_trip/att/20241108/105854826/tcp_downlink_110058137.out
[2024-11-08T11:01:04-0500] DL AVG TPUT: 
[2024-11-08T11:01:04-0500] 5G booster finished at 2024-11-08 11:01:04.253 EST, duration: 6.144 s
[2024-11-08T11:01:04-0500] -------------------------------
[2024-11-08T11:01:04-0500] Waiting for 2 s...
[2024-11-08T11:01:06-0500] -------------------------------
[2024-11-08T11:01:06-0500] tcp uplink test started at 2024-11-08 11:01:06.366 EST
[2024-11-08T11:01:06-0500] testing tcp uplink with 54.197.223.49:5102, interval 0.5, duration 120, timeout 121 ...
[2024-11-08T11:03:07-0500] Current time exceeds end time, skipping wait
[2024-11-08T11:03:07-0500] Saved uplink test to /data/data/com.termux/files/home/storage/shared/bos_la_2024_trip/att/20241108/105854826/tcp_uplink_110106403.out
[2024-11-08T11:03:07-0500] UL AVG TPUT: 90.5808 Mbps
[2024-11-08T11:03:07-0500] tcp uplink test finished at 2024-11-08 11:03:07.420 EST, duration: 121.054 s
[2024-11-08T11:03:07-0500] -------------------------------
[2024-11-08T11:03:07-0500] Waiting for 2 s...
[2024-11-08T11:03:09-0500] -------------------------------
[2024-11-08T11:03:09-0500] Starting 5G booster for 5 s...
[2024-11-08T11:03:09-0500] 5G booster started at 2024-11-08 11:03:09.558 EST
[2024-11-08T11:03:15-0500] Current time exceeds end time, skipping wait
[2024-11-08T11:03:15-0500] Saved TCP DL results to /data/data/com.termux/files/home/storage/shared/bos_la_2024_trip/att/20241108/105854826/tcp_downlink_110309609.out
[2024-11-08T11:03:15-0500] DL AVG TPUT: 
[2024-11-08T11:03:15-0500] 5G booster finished at 2024-11-08 11:03:15.693 EST, duration: 6.135 s
[2024-11-08T11:03:15-0500] -------------------------------
[2024-11-08T11:03:15-0500] Waiting for 2 s...
[2024-11-08T11:03:17-0500] -------------------------------
[2024-11-08T11:03:17-0500] ICMP Ping test started at 2024-11-08 11:03:17.790 EST
[2024-11-08T11:03:47-0500] Waiting for .905 s to reach end time
[2024-11-08T11:03:48-0500] Saved ping test to /data/data/com.termux/files/home/storage/shared/bos_la_2024_trip/att/20241108/105854826/icmp_ping_110317814.out
[2024-11-08T11:03:48-0500] Ping summary (min/avg/max/mdev) = 33.488/43.286/68.283/5.306 ms
[2024-11-08T11:03:48-0500] Ping test finished at 2024-11-08 11:03:48.877 EST, duration: 31.087 s
[2024-11-08T11:03:48-0500] -------------------------------
[2024-11-08T11:03:48-0500] Waiting for 2 s...
[2024-11-08T11:03:50-0500] -------------------------------
[2024-11-08T11:03:50-0500] Starting 5G booster for 5 s...
[2024-11-08T11:03:50-0500] 5G booster started at 2024-11-08 11:03:50.980 EST
[2024-11-08T11:03:57-0500] Current time exceeds end time, skipping wait
[2024-11-08T11:03:57-0500] Saved TCP DL results to /data/data/com.termux/files/home/storage/shared/bos_la_2024_trip/att/20241108/105854826/tcp_downlink_110351002.out
[2024-11-08T11:03:57-0500] DL AVG TPUT: 
[2024-11-08T11:03:57-0500] 5G booster finished at 2024-11-08 11:03:57.076 EST, duration: 6.096 s
[2024-11-08T11:03:57-0500] -------------------------------
[2024-11-08T11:03:57-0500] Waiting for 2 s...
[2024-11-08T11:03:59-0500] -------------------------------
[2024-11-08T11:03:59-0500] TCP Ping test started at 2024-11-08 11:03:59.194 EST
[2024-11-08T11:04:30-0500] Current time exceeds end time, skipping wait
[2024-11-08T11:04:30-0500] Saved TCP Ping test to /data/data/com.termux/files/home/storage/shared/bos_la_2024_trip/att/20241108/105854826/tcp_ping_110359222.out
[2024-11-08T11:04:30-0500] TCP Ping summary (min/avg/max/mdev) 
[2024-11-08T11:04:30-0500] TCP Ping test finished at 2024-11-08 11:04:30.315 EST, duration: 31.121 s
[2024-11-08T11:04:30-0500] -------------------------------
[2024-11-08T11:04:30-0500] Waiting for 2 s...
[2024-11-08T11:04:32-0500] -------------------------------
[2024-11-08T11:04:32-0500] Traceroute test started at 2024-11-08 11:04:32.431 EST
[2024-11-08T11:04:38-0500] Waiting for 24.129 s to reach end time
[2024-11-08T11:05:02-0500] Saved traceroute test to /data/data/com.termux/files/home/storage/shared/bos_la_2024_trip/att/20241108/105854826/traceroute_110432465.out
[2024-11-08T11:05:02-0500] Traceroute summary (min/avg/max/mdev) 
[2024-11-08T11:05:02-0500] Traceroute test finished at 2024-11-08 11:05:02.525 EST, duration: 30.094 s
[2024-11-08T11:05:02-0500] -------------------------------
[2024-11-08T11:05:02-0500] All tests completed, cleaning up...
[2024-11-08T11:05:02-0500] -------------------------------
[2024-11-08T11:05:37-0500] [measurement] Load environment variables from prod.env file
[2024-11-08T11:05:37-0500] Starting a network measurement, please choose a server
[2024-11-08T11:05:37-0500] 0) West Cloud: 54.176.53.206
[2024-11-08T11:05:37-0500] 1) East Cloud: 54.197.223.49
[2024-11-08T11:05:50-0500] Enter your choice (0-1): Testing att, server 1 (ip: 54.197.223.49, nuttcp_port: 5102, iperf_port: 5002)
[2024-11-08T11:05:50-0500] -------------------------------
[2024-11-08T11:05:50-0500] tcp downlink test started at 2024-11-08 11:05:50.657 EST
[2024-11-08T11:05:50-0500] Testing tcp downlink with 54.197.223.49:5102, interval 0.5 s, duration 120 s, timeout 121 s...
[2024-11-08T11:07:51-0500] Current time exceeds end time, skipping wait
[2024-11-08T11:07:51-0500] Saved tcp downlink test to /data/data/com.termux/files/home/storage/shared/bos_la_2024_trip/att/20241108/110550629/tcp_downlink_110550693.out
[2024-11-08T11:07:51-0500] DL AVG TPUT: 
[2024-11-08T11:07:51-0500] tcp downlink test finished at 2024-11-08 11:07:51.768 EST, duration: 121.111 s
[2024-11-08T11:07:51-0500] -------------------------------
[2024-11-08T11:07:51-0500] Waiting for 2 s...
[2024-11-08T11:07:53-0500] -------------------------------
[2024-11-08T11:07:53-0500] Starting 5G booster for 5 s...
[2024-11-08T11:07:53-0500] 5G booster started at 2024-11-08 11:07:53.903 EST
[2024-11-08T11:08:00-0500] Current time exceeds end time, skipping wait
[2024-11-08T11:08:00-0500] Saved TCP DL results to /data/data/com.termux/files/home/storage/shared/bos_la_2024_trip/att/20241108/110550629/tcp_downlink_110753937.out
[2024-11-08T11:08:00-0500] DL AVG TPUT: 
[2024-11-08T11:08:00-0500] 5G booster finished at 2024-11-08 11:08:00.034 EST, duration: 6.131 s
[2024-11-08T11:08:00-0500] -------------------------------
[2024-11-08T11:08:00-0500] Waiting for 2 s...
[2024-11-08T11:08:02-0500] -------------------------------
[2024-11-08T11:08:02-0500] tcp uplink test started at 2024-11-08 11:08:02.149 EST
[2024-11-08T11:08:02-0500] testing tcp uplink with 54.197.223.49:5102, interval 0.5, duration 120, timeout 121 ...
[2024-11-08T11:10:03-0500] Current time exceeds end time, skipping wait
[2024-11-08T11:10:03-0500] Saved uplink test to /data/data/com.termux/files/home/storage/shared/bos_la_2024_trip/att/20241108/110550629/tcp_uplink_110802225.out
[2024-11-08T11:10:03-0500] UL AVG TPUT: 
[2024-11-08T11:10:03-0500] tcp uplink test finished at 2024-11-08 11:10:03.332 EST, duration: 121.183 s
[2024-11-08T11:10:03-0500] -------------------------------
[2024-11-08T11:10:03-0500] Waiting for 2 s...
[2024-11-08T11:10:05-0500] -------------------------------
[2024-11-08T11:10:05-0500] Starting 5G booster for 5 s...
[2024-11-08T11:10:05-0500] 5G booster started at 2024-11-08 11:10:05.469 EST
[2024-11-08T11:10:11-0500] Current time exceeds end time, skipping wait
[2024-11-08T11:10:11-0500] Saved TCP DL results to /data/data/com.termux/files/home/storage/shared/bos_la_2024_trip/att/20241108/110550629/tcp_downlink_111005516.out
[2024-11-08T11:10:11-0500] DL AVG TPUT: 
[2024-11-08T11:10:11-0500] 5G booster finished at 2024-11-08 11:10:11.590 EST, duration: 6.121 s
[2024-11-08T11:10:11-0500] -------------------------------
[2024-11-08T11:10:11-0500] Waiting for 2 s...
[2024-11-08T11:10:13-0500] -------------------------------
[2024-11-08T11:10:13-0500] ICMP Ping test started at 2024-11-08 11:10:13.704 EST
[2024-11-08T11:10:43-0500] Waiting for .843 s to reach end time
[2024-11-08T11:10:44-0500] Saved ping test to /data/data/com.termux/files/home/storage/shared/bos_la_2024_trip/att/20241108/110550629/icmp_ping_111013748.out
[2024-11-08T11:10:44-0500] Ping summary (min/avg/max/mdev) = 48.204/57.104/75.751/5.304 ms
[2024-11-08T11:10:44-0500] Ping test finished at 2024-11-08 11:10:44.846 EST, duration: 31.142 s
[2024-11-08T11:10:44-0500] -------------------------------
[2024-11-08T11:10:44-0500] Waiting for 2 s...
[2024-11-08T11:10:46-0500] -------------------------------
[2024-11-08T11:10:46-0500] Starting 5G booster for 5 s...
[2024-11-08T11:10:46-0500] 5G booster started at 2024-11-08 11:10:46.971 EST
[2024-11-08T11:10:53-0500] Current time exceeds end time, skipping wait
[2024-11-08T11:10:53-0500] Saved TCP DL results to /data/data/com.termux/files/home/storage/shared/bos_la_2024_trip/att/20241108/110550629/tcp_downlink_111047000.out
[2024-11-08T11:10:53-0500] DL AVG TPUT: 
[2024-11-08T11:10:53-0500] 5G booster finished at 2024-11-08 11:10:53.077 EST, duration: 6.106 s
[2024-11-08T11:10:53-0500] -------------------------------
[2024-11-08T11:10:53-0500] Waiting for 2 s...
[2024-11-08T11:10:55-0500] -------------------------------
[2024-11-08T11:10:55-0500] TCP Ping test started at 2024-11-08 11:10:55.197 EST
[2024-11-08T11:11:26-0500] Current time exceeds end time, skipping wait
[2024-11-08T11:11:26-0500] Saved TCP Ping test to /data/data/com.termux/files/home/storage/shared/bos_la_2024_trip/att/20241108/110550629/tcp_ping_111055232.out
[2024-11-08T11:11:26-0500] TCP Ping summary (min/avg/max/mdev) 
[2024-11-08T11:11:26-0500] TCP Ping test finished at 2024-11-08 11:11:26.329 EST, duration: 31.132 s
[2024-11-08T11:11:26-0500] -------------------------------
[2024-11-08T11:11:26-0500] Waiting for 2 s...
[2024-11-08T11:11:28-0500] -------------------------------
[2024-11-08T11:11:28-0500] Traceroute test started at 2024-11-08 11:11:28.451 EST
[2024-11-08T11:11:34-0500] Waiting for 23.989 s to reach end time
[2024-11-08T11:11:58-0500] Saved traceroute test to /data/data/com.termux/files/home/storage/shared/bos_la_2024_trip/att/20241108/110550629/traceroute_111128504.out
[2024-11-08T11:11:58-0500] Traceroute summary (min/avg/max/mdev) 
[2024-11-08T11:11:58-0500] Traceroute test finished at 2024-11-08 11:11:58.544 EST, duration: 30.093 s
[2024-11-08T11:11:58-0500] -------------------------------
[2024-11-08T11:11:58-0500] All tests completed, cleaning up...
[2024-11-08T11:11:58-0500] -------------------------------
[2024-11-08T11:12:24-0500] [measurement] Load environment variables from prod.env file
[2024-11-08T11:12:24-0500] Starting a network measurement, please choose a server
[2024-11-08T11:12:24-0500] 0) West Cloud: 54.176.53.206
[2024-11-08T11:12:24-0500] 1) East Cloud: 54.197.223.49
[2024-11-08T11:12:39-0500] Enter your choice (0-1): Testing att, server 1 (ip: 54.197.223.49, nuttcp_port: 5102, iperf_port: 5002)
[2024-11-08T11:12:39-0500] -------------------------------
[2024-11-08T11:12:39-0500] tcp downlink test started at 2024-11-08 11:12:39.714 EST
[2024-11-08T11:12:39-0500] Testing tcp downlink with 54.197.223.49:5102, interval 0.5 s, duration 120 s, timeout 121 s...
[2024-11-08T11:14:40-0500] Current time exceeds end time, skipping wait
[2024-11-08T11:14:40-0500] Saved tcp downlink test to /data/data/com.termux/files/home/storage/shared/bos_la_2024_trip/att/20241108/111239695/tcp_downlink_111239750.out
[2024-11-08T11:14:40-0500] DL AVG TPUT: 
[2024-11-08T11:14:40-0500] tcp downlink test finished at 2024-11-08 11:14:40.838 EST, duration: 121.124 s
[2024-11-08T11:14:40-0500] -------------------------------
[2024-11-08T11:14:40-0500] Waiting for 2 s...
[2024-11-08T11:14:42-0500] -------------------------------
[2024-11-08T11:14:42-0500] Starting 5G booster for 5 s...
[2024-11-08T11:14:43-0500] 5G booster started at 2024-11-08 11:14:42.961 EST
[2024-11-08T11:14:49-0500] Current time exceeds end time, skipping wait
[2024-11-08T11:14:49-0500] Saved TCP DL results to /data/data/com.termux/files/home/storage/shared/bos_la_2024_trip/att/20241108/111239695/tcp_downlink_111443033.out
[2024-11-08T11:14:49-0500] DL AVG TPUT: 
[2024-11-08T11:14:49-0500] 5G booster finished at 2024-11-08 11:14:49.109 EST, duration: 6.148 s
[2024-11-08T11:14:49-0500] -------------------------------
[2024-11-08T11:14:49-0500] Waiting for 2 s...
[2024-11-08T11:14:51-0500] -------------------------------
[2024-11-08T11:14:51-0500] tcp uplink test started at 2024-11-08 11:14:51.236 EST
[2024-11-08T11:14:51-0500] testing tcp uplink with 54.197.223.49:5102, interval 0.5, duration 120, timeout 121 ...
[2024-11-08T11:16:52-0500] Current time exceeds end time, skipping wait
[2024-11-08T11:16:52-0500] Saved uplink test to /data/data/com.termux/files/home/storage/shared/bos_la_2024_trip/att/20241108/111239695/tcp_uplink_111451289.out
[2024-11-08T11:16:52-0500] UL AVG TPUT: 
[2024-11-08T11:16:52-0500] tcp uplink test finished at 2024-11-08 11:16:52.364 EST, duration: 121.128 s
[2024-11-08T11:16:52-0500] -------------------------------
[2024-11-08T11:16:52-0500] Waiting for 2 s...
[2024-11-08T11:16:54-0500] -------------------------------
[2024-11-08T11:16:54-0500] Starting 5G booster for 5 s...
[2024-11-08T11:16:54-0500] 5G booster started at 2024-11-08 11:16:54.518 EST
[2024-11-08T11:17:00-0500] Current time exceeds end time, skipping wait
[2024-11-08T11:17:00-0500] Saved TCP DL results to /data/data/com.termux/files/home/storage/shared/bos_la_2024_trip/att/20241108/111239695/tcp_downlink_111654554.out
[2024-11-08T11:17:00-0500] DL AVG TPUT: 
[2024-11-08T11:17:00-0500] 5G booster finished at 2024-11-08 11:17:00.640 EST, duration: 6.122 s
[2024-11-08T11:17:00-0500] -------------------------------
[2024-11-08T11:17:00-0500] Waiting for 2 s...
[2024-11-08T11:17:02-0500] -------------------------------
[2024-11-08T11:17:02-0500] ICMP Ping test started at 2024-11-08 11:17:02.797 EST
[2024-11-08T11:17:32-0500] Waiting for .871 s to reach end time
[2024-11-08T11:17:33-0500] Saved ping test to /data/data/com.termux/files/home/storage/shared/bos_la_2024_trip/att/20241108/111239695/icmp_ping_111702842.out
[2024-11-08T11:17:33-0500] Ping summary (min/avg/max/mdev) = 50.107/57.986/233.448/16.124 ms
[2024-11-08T11:17:34-0500] Ping test finished at 2024-11-08 11:17:33.896 EST, duration: 31.099 s
[2024-11-08T11:17:34-0500] -------------------------------
[2024-11-08T11:17:34-0500] Waiting for 2 s...
[2024-11-08T11:17:36-0500] -------------------------------
[2024-11-08T11:17:36-0500] Starting 5G booster for 5 s...
[2024-11-08T11:17:36-0500] 5G booster started at 2024-11-08 11:17:36.078 EST
[2024-11-08T11:17:42-0500] Current time exceeds end time, skipping wait
[2024-11-08T11:17:42-0500] Saved TCP DL results to /data/data/com.termux/files/home/storage/shared/bos_la_2024_trip/att/20241108/111239695/tcp_downlink_111736112.out
[2024-11-08T11:17:42-0500] DL AVG TPUT: 
[2024-11-08T11:17:42-0500] 5G booster finished at 2024-11-08 11:17:42.212 EST, duration: 6.134 s
[2024-11-08T11:17:42-0500] -------------------------------
[2024-11-08T11:17:42-0500] Waiting for 2 s...
[2024-11-08T11:17:44-0500] -------------------------------
[2024-11-08T11:17:44-0500] TCP Ping test started at 2024-11-08 11:17:44.317 EST
[2024-11-08T11:18:15-0500] Current time exceeds end time, skipping wait
[2024-11-08T11:18:15-0500] Saved TCP Ping test to /data/data/com.termux/files/home/storage/shared/bos_la_2024_trip/att/20241108/111239695/tcp_ping_111744348.out
[2024-11-08T11:18:15-0500] TCP Ping summary (min/avg/max/mdev) 
[2024-11-08T11:18:15-0500] TCP Ping test finished at 2024-11-08 11:18:15.475 EST, duration: 31.158 s
[2024-11-08T11:18:15-0500] -------------------------------
[2024-11-08T11:18:15-0500] Waiting for 2 s...
[2024-11-08T11:18:17-0500] -------------------------------
[2024-11-08T11:18:17-0500] Traceroute test started at 2024-11-08 11:18:17.590 EST
[2024-11-08T11:18:28-0500] Waiting for 18.939 s to reach end time
[2024-11-08T11:18:47-0500] Saved traceroute test to /data/data/com.termux/files/home/storage/shared/bos_la_2024_trip/att/20241108/111239695/traceroute_111817641.out
[2024-11-08T11:18:47-0500] Traceroute summary (min/avg/max/mdev) 
[2024-11-08T11:18:47-0500] Traceroute test finished at 2024-11-08 11:18:47.660 EST, duration: 30.070 s
[2024-11-08T11:18:47-0500] -------------------------------
[2024-11-08T11:18:47-0500] All tests completed, cleaning up...
[2024-11-08T11:18:47-0500] -------------------------------
[2024-11-08T11:19:12-0500] [measurement] Load environment variables from prod.env file
[2024-11-08T11:19:12-0500] Starting a network measurement, please choose a server
[2024-11-08T11:19:12-0500] 0) West Cloud: 54.176.53.206
[2024-11-08T11:19:12-0500] 1) East Cloud: 54.197.223.49
[2024-11-08T11:19:23-0500] Enter your choice (0-1): Testing att, server 1 (ip: 54.197.223.49, nuttcp_port: 5102, iperf_port: 5002)
[2024-11-08T11:19:23-0500] -------------------------------
[2024-11-08T11:19:23-0500] tcp downlink test started at 2024-11-08 11:19:23.501 EST
[2024-11-08T11:19:23-0500] Testing tcp downlink with 54.197.223.49:5102, interval 0.5 s, duration 120 s, timeout 121 s...
[2024-11-08T11:21:24-0500] Current time exceeds end time, skipping wait
[2024-11-08T11:21:24-0500] Saved tcp downlink test to /data/data/com.termux/files/home/storage/shared/bos_la_2024_trip/att/20241108/111923470/tcp_downlink_111923555.out
[2024-11-08T11:21:24-0500] DL AVG TPUT: 
[2024-11-08T11:21:24-0500] tcp downlink test finished at 2024-11-08 11:21:24.687 EST, duration: 121.186 s
[2024-11-08T11:21:24-0500] -------------------------------
[2024-11-08T11:21:24-0500] Waiting for 2 s...
[2024-11-08T11:21:26-0500] -------------------------------
[2024-11-08T11:21:26-0500] Starting 5G booster for 5 s...
[2024-11-08T11:21:26-0500] 5G booster started at 2024-11-08 11:21:26.852 EST
[2024-11-08T11:21:32-0500] Current time exceeds end time, skipping wait
[2024-11-08T11:21:33-0500] Saved TCP DL results to /data/data/com.termux/files/home/storage/shared/bos_la_2024_trip/att/20241108/111923470/tcp_downlink_112126909.out
[2024-11-08T11:21:33-0500] DL AVG TPUT: 
[2024-11-08T11:21:33-0500] 5G booster finished at 2024-11-08 11:21:33.006 EST, duration: 6.154 s
[2024-11-08T11:21:33-0500] -------------------------------
[2024-11-08T11:21:33-0500] Waiting for 2 s...
[2024-11-08T11:21:35-0500] -------------------------------
[2024-11-08T11:21:35-0500] tcp uplink test started at 2024-11-08 11:21:35.133 EST
[2024-11-08T11:21:35-0500] testing tcp uplink with 54.197.223.49:5102, interval 0.5, duration 120, timeout 121 ...
[2024-11-08T11:23:36-0500] Current time exceeds end time, skipping wait
[2024-11-08T11:23:36-0500] Saved uplink test to /data/data/com.termux/files/home/storage/shared/bos_la_2024_trip/att/20241108/111923470/tcp_uplink_112135170.out
[2024-11-08T11:23:36-0500] UL AVG TPUT: 
[2024-11-08T11:23:36-0500] tcp uplink test finished at 2024-11-08 11:23:36.331 EST, duration: 121.198 s
[2024-11-08T11:23:36-0500] -------------------------------
[2024-11-08T11:23:36-0500] Waiting for 2 s...
[2024-11-08T11:23:38-0500] -------------------------------
[2024-11-08T11:23:38-0500] Starting 5G booster for 5 s...
[2024-11-08T11:23:38-0500] 5G booster started at 2024-11-08 11:23:38.464 EST
[2024-11-08T11:23:44-0500] Current time exceeds end time, skipping wait
[2024-11-08T11:23:44-0500] Saved TCP DL results to /data/data/com.termux/files/home/storage/shared/bos_la_2024_trip/att/20241108/111923470/tcp_downlink_112338504.out
[2024-11-08T11:23:44-0500] DL AVG TPUT: 
[2024-11-08T11:23:44-0500] 5G booster finished at 2024-11-08 11:23:44.627 EST, duration: 6.163 s
[2024-11-08T11:23:44-0500] -------------------------------
[2024-11-08T11:23:44-0500] Waiting for 2 s...
[2024-11-08T11:23:46-0500] -------------------------------
[2024-11-08T11:23:46-0500] ICMP Ping test started at 2024-11-08 11:23:46.772 EST
[2024-11-08T11:24:17-0500] Waiting for .830 s to reach end time
[2024-11-08T11:24:17-0500] Saved ping test to /data/data/com.termux/files/home/storage/shared/bos_la_2024_trip/att/20241108/111923470/icmp_ping_112346832.out
[2024-11-08T11:24:17-0500] Ping summary (min/avg/max/mdev) = 40.436/51.505/105.400/10.598 ms
[2024-11-08T11:24:18-0500] Ping test finished at 2024-11-08 11:24:17.895 EST, duration: 31.123 s
[2024-11-08T11:24:18-0500] -------------------------------
[2024-11-08T11:24:18-0500] Waiting for 2 s...
[2024-11-08T11:24:20-0500] -------------------------------
[2024-11-08T11:24:20-0500] Starting 5G booster for 5 s...
[2024-11-08T11:24:20-0500] 5G booster started at 2024-11-08 11:24:20.067 EST
[2024-11-08T11:24:26-0500] Current time exceeds end time, skipping wait
[2024-11-08T11:24:26-0500] Saved TCP DL results to /data/data/com.termux/files/home/storage/shared/bos_la_2024_trip/att/20241108/111923470/tcp_downlink_112420132.out
[2024-11-08T11:24:26-0500] DL AVG TPUT: 
[2024-11-08T11:24:26-0500] 5G booster finished at 2024-11-08 11:24:26.256 EST, duration: 6.189 s
[2024-11-08T11:24:26-0500] -------------------------------
[2024-11-08T11:24:26-0500] Waiting for 2 s...
[2024-11-08T11:24:28-0500] -------------------------------
[2024-11-08T11:24:28-0500] TCP Ping test started at 2024-11-08 11:24:28.393 EST
[2024-11-08T11:24:59-0500] Current time exceeds end time, skipping wait
[2024-11-08T11:24:59-0500] Saved TCP Ping test to /data/data/com.termux/files/home/storage/shared/bos_la_2024_trip/att/20241108/111923470/tcp_ping_112428431.out
[2024-11-08T11:24:59-0500] TCP Ping summary (min/avg/max/mdev) 
[2024-11-08T11:24:59-0500] TCP Ping test finished at 2024-11-08 11:24:59.559 EST, duration: 31.166 s
[2024-11-08T11:24:59-0500] -------------------------------
[2024-11-08T11:24:59-0500] Waiting for 2 s...
[2024-11-08T11:25:01-0500] -------------------------------
[2024-11-08T11:25:01-0500] Traceroute test started at 2024-11-08 11:25:01.673 EST
[2024-11-08T11:25:07-0500] Waiting for 24.096 s to reach end time
[2024-11-08T11:25:31-0500] Saved traceroute test to /data/data/com.termux/files/home/storage/shared/bos_la_2024_trip/att/20241108/111923470/traceroute_112501705.out
[2024-11-08T11:25:31-0500] Traceroute summary (min/avg/max/mdev) 
[2024-11-08T11:25:31-0500] Traceroute test finished at 2024-11-08 11:25:31.760 EST, duration: 30.087 s
[2024-11-08T11:25:31-0500] -------------------------------
[2024-11-08T11:25:31-0500] All tests completed, cleaning up...
[2024-11-08T11:25:31-0500] -------------------------------
[2024-11-08T11:25:56-0500] [measurement] Load environment variables from prod.env file
[2024-11-08T11:25:56-0500] Starting a network measurement, please choose a server
[2024-11-08T11:25:56-0500] 0) West Cloud: 54.176.53.206
[2024-11-08T11:25:56-0500] 1) East Cloud: 54.197.223.49
[2024-11-08T11:25:57-0500] Enter your choice (0-1): Testing att, server 1 (ip: 54.197.223.49, nuttcp_port: 5102, iperf_port: 5002)
[2024-11-08T11:25:57-0500] -------------------------------
[2024-11-08T11:25:57-0500] tcp downlink test started at 2024-11-08 11:25:57.429 EST
[2024-11-08T11:25:57-0500] Testing tcp downlink with 54.197.223.49:5102, interval 0.5 s, duration 120 s, timeout 121 s...
[2024-11-08T11:27:58-0500] Current time exceeds end time, skipping wait
[2024-11-08T11:27:58-0500] Saved tcp downlink test to /data/data/com.termux/files/home/storage/shared/bos_la_2024_trip/att/20241108/112557408/tcp_downlink_112557455.out
[2024-11-08T11:27:58-0500] DL AVG TPUT: 
[2024-11-08T11:27:58-0500] tcp downlink test finished at 2024-11-08 11:27:58.513 EST, duration: 121.084 s
[2024-11-08T11:27:58-0500] -------------------------------
[2024-11-08T11:27:58-0500] Waiting for 2 s...
[2024-11-08T11:28:00-0500] -------------------------------
[2024-11-08T11:28:00-0500] Starting 5G booster for 5 s...
[2024-11-08T11:28:00-0500] 5G booster started at 2024-11-08 11:28:00.628 EST
[2024-11-08T11:28:06-0500] Current time exceeds end time, skipping wait
[2024-11-08T11:28:06-0500] Saved TCP DL results to /data/data/com.termux/files/home/storage/shared/bos_la_2024_trip/att/20241108/112557408/tcp_downlink_112800651.out
[2024-11-08T11:28:06-0500] DL AVG TPUT: 
[2024-11-08T11:28:06-0500] 5G booster finished at 2024-11-08 11:28:06.772 EST, duration: 6.144 s
[2024-11-08T11:28:06-0500] -------------------------------
[2024-11-08T11:28:06-0500] Waiting for 2 s...
[2024-11-08T11:28:08-0500] -------------------------------
[2024-11-08T11:28:08-0500] tcp uplink test started at 2024-11-08 11:28:08.925 EST
[2024-11-08T11:28:08-0500] testing tcp uplink with 54.197.223.49:5102, interval 0.5, duration 120, timeout 121 ...
[2024-11-08T11:30:10-0500] Current time exceeds end time, skipping wait
[2024-11-08T11:30:10-0500] Saved uplink test to /data/data/com.termux/files/home/storage/shared/bos_la_2024_trip/att/20241108/112557408/tcp_uplink_112808953.out
[2024-11-08T11:30:10-0500] UL AVG TPUT: 
[2024-11-08T11:30:10-0500] tcp uplink test finished at 2024-11-08 11:30:10.030 EST, duration: 121.105 s
[2024-11-08T11:30:10-0500] -------------------------------
[2024-11-08T11:30:10-0500] Waiting for 2 s...
[2024-11-08T11:30:12-0500] -------------------------------
[2024-11-08T11:30:12-0500] Starting 5G booster for 5 s...
[2024-11-08T11:30:12-0500] 5G booster started at 2024-11-08 11:30:12.169 EST
[2024-11-08T11:30:18-0500] Current time exceeds end time, skipping wait
[2024-11-08T11:30:18-0500] Saved TCP DL results to /data/data/com.termux/files/home/storage/shared/bos_la_2024_trip/att/20241108/112557408/tcp_downlink_113012203.out
[2024-11-08T11:30:18-0500] DL AVG TPUT: 
[2024-11-08T11:30:18-0500] 5G booster finished at 2024-11-08 11:30:18.312 EST, duration: 6.143 s
[2024-11-08T11:30:18-0500] -------------------------------
[2024-11-08T11:30:18-0500] Waiting for 2 s...
[2024-11-08T11:30:20-0500] -------------------------------
[2024-11-08T11:30:20-0500] ICMP Ping test started at 2024-11-08 11:30:20.456 EST
[2024-11-08T11:30:50-0500] Waiting for .864 s to reach end time
[2024-11-08T11:30:51-0500] Saved ping test to /data/data/com.termux/files/home/storage/shared/bos_la_2024_trip/att/20241108/112557408/icmp_ping_113020503.out
[2024-11-08T11:30:51-0500] Ping summary (min/avg/max/mdev) = 50.271/62.805/77.394/5.096 ms
[2024-11-08T11:30:51-0500] Ping test finished at 2024-11-08 11:30:51.552 EST, duration: 31.096 s
[2024-11-08T11:30:51-0500] -------------------------------
[2024-11-08T11:30:51-0500] Waiting for 2 s...
[2024-11-08T11:30:53-0500] -------------------------------
[2024-11-08T11:30:53-0500] Starting 5G booster for 5 s...
[2024-11-08T11:30:53-0500] 5G booster started at 2024-11-08 11:30:53.694 EST
[2024-11-08T11:30:59-0500] Current time exceeds end time, skipping wait
[2024-11-08T11:30:59-0500] Saved TCP DL results to /data/data/com.termux/files/home/storage/shared/bos_la_2024_trip/att/20241108/112557408/tcp_downlink_113053732.out
[2024-11-08T11:30:59-0500] DL AVG TPUT: 
[2024-11-08T11:30:59-0500] 5G booster finished at 2024-11-08 11:30:59.837 EST, duration: 6.143 s
[2024-11-08T11:30:59-0500] -------------------------------
[2024-11-08T11:30:59-0500] Waiting for 2 s...
[2024-11-08T11:31:01-0500] -------------------------------
[2024-11-08T11:31:02-0500] TCP Ping test started at 2024-11-08 11:31:02.014 EST
[2024-11-08T11:31:33-0500] Current time exceeds end time, skipping wait
[2024-11-08T11:31:33-0500] Saved TCP Ping test to /data/data/com.termux/files/home/storage/shared/bos_la_2024_trip/att/20241108/112557408/tcp_ping_113102057.out
[2024-11-08T11:31:33-0500] TCP Ping summary (min/avg/max/mdev) 
[2024-11-08T11:31:33-0500] TCP Ping test finished at 2024-11-08 11:31:33.169 EST, duration: 31.155 s
[2024-11-08T11:31:33-0500] -------------------------------
[2024-11-08T11:31:33-0500] Waiting for 2 s...
[2024-11-08T11:31:35-0500] -------------------------------
[2024-11-08T11:31:35-0500] Traceroute test started at 2024-11-08 11:31:35.302 EST
[2024-11-08T11:31:41-0500] Waiting for 23.975 s to reach end time
[2024-11-08T11:32:05-0500] Saved traceroute test to /data/data/com.termux/files/home/storage/shared/bos_la_2024_trip/att/20241108/112557408/traceroute_113135359.out
[2024-11-08T11:32:05-0500] Traceroute summary (min/avg/max/mdev) 
[2024-11-08T11:32:05-0500] Traceroute test finished at 2024-11-08 11:32:05.407 EST, duration: 30.105 s
[2024-11-08T11:32:05-0500] -------------------------------
[2024-11-08T11:32:05-0500] All tests completed, cleaning up...
[2024-11-08T11:32:05-0500] -------------------------------
[2024-11-08T11:32:43-0500] [measurement] Load environment variables from prod.env file
[2024-11-08T11:32:43-0500] Starting a network measurement, please choose a server
[2024-11-08T11:32:43-0500] 0) West Cloud: 54.176.53.206
[2024-11-08T11:32:43-0500] 1) East Cloud: 54.197.223.49
[2024-11-08T11:32:44-0500] Enter your choice (0-1): Testing att, server 1 (ip: 54.197.223.49, nuttcp_port: 5102, iperf_port: 5002)
[2024-11-08T11:32:44-0500] -------------------------------
[2024-11-08T11:32:44-0500] tcp downlink test started at 2024-11-08 11:32:44.245 EST
[2024-11-08T11:32:44-0500] Testing tcp downlink with 54.197.223.49:5102, interval 0.5 s, duration 120 s, timeout 121 s...
[2024-11-08T11:34:45-0500] Current time exceeds end time, skipping wait
[2024-11-08T11:34:45-0500] Saved tcp downlink test to /data/data/com.termux/files/home/storage/shared/bos_la_2024_trip/att/20241108/113244227/tcp_downlink_113244270.out
[2024-11-08T11:34:45-0500] DL AVG TPUT: 
[2024-11-08T11:34:45-0500] tcp downlink test finished at 2024-11-08 11:34:45.334 EST, duration: 121.089 s
[2024-11-08T11:34:45-0500] -------------------------------
[2024-11-08T11:34:45-0500] Waiting for 2 s...
[2024-11-08T11:34:47-0500] -------------------------------
[2024-11-08T11:34:47-0500] Starting 5G booster for 5 s...
[2024-11-08T11:34:47-0500] 5G booster started at 2024-11-08 11:34:47.485 EST
[2024-11-08T11:34:53-0500] Current time exceeds end time, skipping wait
[2024-11-08T11:34:53-0500] Saved TCP DL results to /data/data/com.termux/files/home/storage/shared/bos_la_2024_trip/att/20241108/113244227/tcp_downlink_113447529.out
[2024-11-08T11:34:53-0500] DL AVG TPUT: 
[2024-11-08T11:34:53-0500] 5G booster finished at 2024-11-08 11:34:53.660 EST, duration: 6.175 s
[2024-11-08T11:34:53-0500] -------------------------------
[2024-11-08T11:34:53-0500] Waiting for 2 s...
[2024-11-08T11:34:55-0500] -------------------------------
[2024-11-08T11:34:55-0500] tcp uplink test started at 2024-11-08 11:34:55.840 EST
[2024-11-08T11:34:55-0500] testing tcp uplink with 54.197.223.49:5102, interval 0.5, duration 120, timeout 121 ...
[2024-11-08T11:36:56-0500] Current time exceeds end time, skipping wait
[2024-11-08T11:36:56-0500] Saved uplink test to /data/data/com.termux/files/home/storage/shared/bos_la_2024_trip/att/20241108/113244227/tcp_uplink_113455893.out
[2024-11-08T11:36:56-0500] UL AVG TPUT: 54.1411 Mbps
[2024-11-08T11:36:57-0500] tcp uplink test finished at 2024-11-08 11:36:56.950 EST, duration: 121.110 s
[2024-11-08T11:36:57-0500] -------------------------------
[2024-11-08T11:36:57-0500] Waiting for 2 s...
[2024-11-08T11:36:59-0500] -------------------------------
[2024-11-08T11:36:59-0500] Starting 5G booster for 5 s...
[2024-11-08T11:36:59-0500] 5G booster started at 2024-11-08 11:36:59.120 EST
[2024-11-08T11:37:05-0500] Current time exceeds end time, skipping wait
[2024-11-08T11:37:05-0500] Saved TCP DL results to /data/data/com.termux/files/home/storage/shared/bos_la_2024_trip/att/20241108/113244227/tcp_downlink_113659164.out
[2024-11-08T11:37:05-0500] DL AVG TPUT: 
[2024-11-08T11:37:05-0500] 5G booster finished at 2024-11-08 11:37:05.263 EST, duration: 6.143 s
[2024-11-08T11:37:05-0500] -------------------------------
[2024-11-08T11:37:05-0500] Waiting for 2 s...
[2024-11-08T11:37:07-0500] -------------------------------
[2024-11-08T11:37:07-0500] ICMP Ping test started at 2024-11-08 11:37:07.414 EST
[2024-11-08T11:37:37-0500] Waiting for .849 s to reach end time
[2024-11-08T11:37:38-0500] Saved ping test to /data/data/com.termux/files/home/storage/shared/bos_la_2024_trip/att/20241108/113244227/icmp_ping_113707460.out
[2024-11-08T11:37:38-0500] Ping summary (min/avg/max/mdev) = 52.928/57.922/71.833/4.374 ms
[2024-11-08T11:37:38-0500] Ping test finished at 2024-11-08 11:37:38.531 EST, duration: 31.117 s
[2024-11-08T11:37:38-0500] -------------------------------
[2024-11-08T11:37:38-0500] Waiting for 2 s...
[2024-11-08T11:37:40-0500] -------------------------------
[2024-11-08T11:37:40-0500] Starting 5G booster for 5 s...
[2024-11-08T11:37:40-0500] 5G booster started at 2024-11-08 11:37:40.654 EST
[2024-11-08T11:37:46-0500] Current time exceeds end time, skipping wait
[2024-11-08T11:37:46-0500] Saved TCP DL results to /data/data/com.termux/files/home/storage/shared/bos_la_2024_trip/att/20241108/113244227/tcp_downlink_113740702.out
[2024-11-08T11:37:46-0500] DL AVG TPUT: 
[2024-11-08T11:37:46-0500] 5G booster finished at 2024-11-08 11:37:46.779 EST, duration: 6.125 s
[2024-11-08T11:37:46-0500] -------------------------------
[2024-11-08T11:37:46-0500] Waiting for 2 s...
[2024-11-08T11:37:48-0500] -------------------------------
[2024-11-08T11:37:48-0500] TCP Ping test started at 2024-11-08 11:37:48.908 EST
[2024-11-08T11:38:20-0500] Current time exceeds end time, skipping wait
[2024-11-08T11:38:20-0500] Saved TCP Ping test to /data/data/com.termux/files/home/storage/shared/bos_la_2024_trip/att/20241108/113244227/tcp_ping_113748961.out
[2024-11-08T11:38:20-0500] TCP Ping summary (min/avg/max/mdev) 
[2024-11-08T11:38:20-0500] TCP Ping test finished at 2024-11-08 11:38:20.047 EST, duration: 31.139 s
[2024-11-08T11:38:20-0500] -------------------------------
[2024-11-08T11:38:20-0500] Waiting for 2 s...
[2024-11-08T11:38:22-0500] -------------------------------
[2024-11-08T11:38:22-0500] Traceroute test started at 2024-11-08 11:38:22.149 EST
[2024-11-08T11:38:28-0500] Waiting for 24.025 s to reach end time
[2024-11-08T11:38:52-0500] Saved traceroute test to /data/data/com.termux/files/home/storage/shared/bos_la_2024_trip/att/20241108/113244227/traceroute_113822183.out
[2024-11-08T11:38:52-0500] Traceroute summary (min/avg/max/mdev) 
[2024-11-08T11:38:52-0500] Traceroute test finished at 2024-11-08 11:38:52.277 EST, duration: 30.128 s
[2024-11-08T11:38:52-0500] -------------------------------
[2024-11-08T11:38:52-0500] All tests completed, cleaning up...
[2024-11-08T11:38:52-0500] -------------------------------
[2024-11-08T11:39:51-0500] [measurement] Load environment variables from prod.env file
[2024-11-08T11:39:51-0500] Starting a network measurement, please choose a server
[2024-11-08T11:39:51-0500] 0) West Cloud: 54.176.53.206
[2024-11-08T11:39:51-0500] 1) East Cloud: 54.197.223.49
[2024-11-08T11:40:00-0500] Enter your choice (0-1): Testing att, server 1 (ip: 54.197.223.49, nuttcp_port: 5102, iperf_port: 5002)
[2024-11-08T11:40:00-0500] -------------------------------
[2024-11-08T11:40:00-0500] tcp downlink test started at 2024-11-08 11:40:00.773 EST
[2024-11-08T11:40:00-0500] Testing tcp downlink with 54.197.223.49:5102, interval 0.5 s, duration 120 s, timeout 121 s...
[2024-11-08T11:42:01-0500] Current time exceeds end time, skipping wait
[2024-11-08T11:42:01-0500] Saved tcp downlink test to /data/data/com.termux/files/home/storage/shared/bos_la_2024_trip/att/20241108/114000750/tcp_downlink_114000794.out
[2024-11-08T11:42:01-0500] DL AVG TPUT: 
[2024-11-08T11:42:01-0500] tcp downlink test finished at 2024-11-08 11:42:01.870 EST, duration: 121.097 s
[2024-11-08T11:42:01-0500] -------------------------------
[2024-11-08T11:42:01-0500] Waiting for 2 s...
[2024-11-08T11:42:03-0500] -------------------------------
[2024-11-08T11:42:03-0500] Starting 5G booster for 5 s...
[2024-11-08T11:42:04-0500] 5G booster started at 2024-11-08 11:42:04.016 EST
[2024-11-08T11:42:10-0500] Current time exceeds end time, skipping wait
[2024-11-08T11:42:10-0500] Saved TCP DL results to /data/data/com.termux/files/home/storage/shared/bos_la_2024_trip/att/20241108/114000750/tcp_downlink_114204063.out
[2024-11-08T11:42:10-0500] DL AVG TPUT: 
[2024-11-08T11:42:10-0500] 5G booster finished at 2024-11-08 11:42:10.147 EST, duration: 6.131 s
[2024-11-08T11:42:10-0500] -------------------------------
[2024-11-08T11:42:10-0500] Waiting for 2 s...
[2024-11-08T11:42:12-0500] -------------------------------
[2024-11-08T11:42:12-0500] tcp uplink test started at 2024-11-08 11:42:12.282 EST
[2024-11-08T11:42:12-0500] testing tcp uplink with 54.197.223.49:5102, interval 0.5, duration 120, timeout 121 ...
[2024-11-08T11:44:13-0500] Current time exceeds end time, skipping wait
[2024-11-08T11:44:13-0500] Saved uplink test to /data/data/com.termux/files/home/storage/shared/bos_la_2024_trip/att/20241108/114000750/tcp_uplink_114212316.out
[2024-11-08T11:44:13-0500] UL AVG TPUT: 
[2024-11-08T11:44:13-0500] tcp uplink test finished at 2024-11-08 11:44:13.403 EST, duration: 121.121 s
[2024-11-08T11:44:13-0500] -------------------------------
[2024-11-08T11:44:13-0500] Waiting for 2 s...
[2024-11-08T11:44:15-0500] -------------------------------
[2024-11-08T11:44:15-0500] Starting 5G booster for 5 s...
[2024-11-08T11:44:15-0500] 5G booster started at 2024-11-08 11:44:15.556 EST
[2024-11-08T11:44:21-0500] Current time exceeds end time, skipping wait
[2024-11-08T11:44:21-0500] Saved TCP DL results to /data/data/com.termux/files/home/storage/shared/bos_la_2024_trip/att/20241108/114000750/tcp_downlink_114415608.out
[2024-11-08T11:44:21-0500] DL AVG TPUT: 
[2024-11-08T11:44:21-0500] 5G booster finished at 2024-11-08 11:44:21.708 EST, duration: 6.152 s
[2024-11-08T11:44:21-0500] -------------------------------
[2024-11-08T11:44:21-0500] Waiting for 2 s...
[2024-11-08T11:44:23-0500] -------------------------------
[2024-11-08T11:44:23-0500] ICMP Ping test started at 2024-11-08 11:44:23.852 EST
[2024-11-08T11:44:54-0500] Waiting for .859 s to reach end time
[2024-11-08T11:44:54-0500] Saved ping test to /data/data/com.termux/files/home/storage/shared/bos_la_2024_trip/att/20241108/114000750/icmp_ping_114423899.out
[2024-11-08T11:44:54-0500] Ping summary (min/avg/max/mdev) = 48.246/59.454/174.595/12.515 ms
[2024-11-08T11:44:55-0500] Ping test finished at 2024-11-08 11:44:54.933 EST, duration: 31.081 s
[2024-11-08T11:44:55-0500] -------------------------------
[2024-11-08T11:44:55-0500] Waiting for 2 s...
[2024-11-08T11:44:57-0500] -------------------------------
[2024-11-08T11:44:57-0500] Starting 5G booster for 5 s...
[2024-11-08T11:44:57-0500] 5G booster started at 2024-11-08 11:44:57.051 EST
[2024-11-08T11:45:03-0500] Current time exceeds end time, skipping wait
[2024-11-08T11:45:03-0500] Saved TCP DL results to /data/data/com.termux/files/home/storage/shared/bos_la_2024_trip/att/20241108/114000750/tcp_downlink_114457087.out
[2024-11-08T11:45:03-0500] DL AVG TPUT: 
[2024-11-08T11:45:03-0500] 5G booster finished at 2024-11-08 11:45:03.163 EST, duration: 6.112 s
[2024-11-08T11:45:03-0500] -------------------------------
[2024-11-08T11:45:03-0500] Waiting for 2 s...
[2024-11-08T11:45:05-0500] -------------------------------
[2024-11-08T11:45:05-0500] TCP Ping test started at 2024-11-08 11:45:05.272 EST
[2024-11-08T11:45:36-0500] Current time exceeds end time, skipping wait
[2024-11-08T11:45:36-0500] Saved TCP Ping test to /data/data/com.termux/files/home/storage/shared/bos_la_2024_trip/att/20241108/114000750/tcp_ping_114505310.out
[2024-11-08T11:45:36-0500] TCP Ping summary (min/avg/max/mdev) 
[2024-11-08T11:45:36-0500] TCP Ping test finished at 2024-11-08 11:45:36.381 EST, duration: 31.109 s
[2024-11-08T11:45:36-0500] -------------------------------
[2024-11-08T11:45:36-0500] Waiting for 2 s...
[2024-11-08T11:45:38-0500] -------------------------------
[2024-11-08T11:45:38-0500] Traceroute test started at 2024-11-08 11:45:38.478 EST
[2024-11-08T11:45:44-0500] Waiting for 24.105 s to reach end time
[2024-11-08T11:46:08-0500] Saved traceroute test to /data/data/com.termux/files/home/storage/shared/bos_la_2024_trip/att/20241108/114000750/traceroute_114538529.out
[2024-11-08T11:46:08-0500] Traceroute summary (min/avg/max/mdev) 
[2024-11-08T11:46:08-0500] Traceroute test finished at 2024-11-08 11:46:08.567 EST, duration: 30.089 s
[2024-11-08T11:46:08-0500] -------------------------------
[2024-11-08T11:46:08-0500] All tests completed, cleaning up...
[2024-11-08T11:46:08-0500] -------------------------------
[2024-11-08T11:48:04-0500] [measurement] Load environment variables from prod.env file
[2024-11-08T11:48:04-0500] Starting a network measurement, please choose a server
[2024-11-08T11:48:04-0500] 0) West Cloud: 54.176.53.206
[2024-11-08T11:48:04-0500] 1) East Cloud: 54.197.223.49
[2024-11-08T11:48:14-0500] Enter your choice (0-1): Testing att, server 1 (ip: 54.197.223.49, nuttcp_port: 5102, iperf_port: 5002)
[2024-11-08T11:48:14-0500] -------------------------------
[2024-11-08T11:48:14-0500] tcp downlink test started at 2024-11-08 11:48:14.677 EST
[2024-11-08T11:48:14-0500] Testing tcp downlink with 54.197.223.49:5102, interval 0.5 s, duration 120 s, timeout 121 s...
[2024-11-08T11:50:15-0500] Current time exceeds end time, skipping wait
[2024-11-08T11:50:15-0500] Saved tcp downlink test to /data/data/com.termux/files/home/storage/shared/bos_la_2024_trip/att/20241108/114814649/tcp_downlink_114814701.out
[2024-11-08T11:50:15-0500] DL AVG TPUT: 
[2024-11-08T11:50:15-0500] tcp downlink test finished at 2024-11-08 11:50:15.759 EST, duration: 121.082 s
[2024-11-08T11:50:15-0500] -------------------------------
[2024-11-08T11:50:15-0500] Waiting for 2 s...
[2024-11-08T11:50:17-0500] -------------------------------
[2024-11-08T11:50:17-0500] Starting 5G booster for 5 s...
[2024-11-08T11:50:17-0500] 5G booster started at 2024-11-08 11:50:17.872 EST
[2024-11-08T11:50:23-0500] Current time exceeds end time, skipping wait
[2024-11-08T11:50:23-0500] Saved TCP DL results to /data/data/com.termux/files/home/storage/shared/bos_la_2024_trip/att/20241108/114814649/tcp_downlink_115017908.out
[2024-11-08T11:50:24-0500] DL AVG TPUT: 
[2024-11-08T11:50:24-0500] 5G booster finished at 2024-11-08 11:50:23.989 EST, duration: 6.117 s
[2024-11-08T11:50:24-0500] -------------------------------
[2024-11-08T11:50:24-0500] Waiting for 2 s...
[2024-11-08T11:50:26-0500] -------------------------------
[2024-11-08T11:50:26-0500] tcp uplink test started at 2024-11-08 11:50:26.094 EST
[2024-11-08T11:50:26-0500] testing tcp uplink with 54.197.223.49:5102, interval 0.5, duration 120, timeout 121 ...
[2024-11-08T11:52:27-0500] Current time exceeds end time, skipping wait
[2024-11-08T11:52:27-0500] Saved uplink test to /data/data/com.termux/files/home/storage/shared/bos_la_2024_trip/att/20241108/114814649/tcp_uplink_115026123.out
[2024-11-08T11:52:27-0500] UL AVG TPUT: 
[2024-11-08T11:52:27-0500] tcp uplink test finished at 2024-11-08 11:52:27.223 EST, duration: 121.129 s
[2024-11-08T11:52:27-0500] -------------------------------
[2024-11-08T11:52:27-0500] Waiting for 2 s...
[2024-11-08T11:52:29-0500] -------------------------------
[2024-11-08T11:52:29-0500] Starting 5G booster for 5 s...
[2024-11-08T11:52:29-0500] 5G booster started at 2024-11-08 11:52:29.385 EST
[2024-11-08T11:52:35-0500] Current time exceeds end time, skipping wait
[2024-11-08T11:52:35-0500] Saved TCP DL results to /data/data/com.termux/files/home/storage/shared/bos_la_2024_trip/att/20241108/114814649/tcp_downlink_115229435.out
[2024-11-08T11:52:35-0500] DL AVG TPUT: 
[2024-11-08T11:52:35-0500] 5G booster finished at 2024-11-08 11:52:35.529 EST, duration: 6.144 s
[2024-11-08T11:52:35-0500] -------------------------------
[2024-11-08T11:52:35-0500] Waiting for 2 s...
[2024-11-08T11:52:37-0500] -------------------------------
[2024-11-08T11:52:37-0500] ICMP Ping test started at 2024-11-08 11:52:37.668 EST
[2024-11-08T11:53:07-0500] Waiting for .862 s to reach end time
[2024-11-08T11:53:08-0500] Saved ping test to /data/data/com.termux/files/home/storage/shared/bos_la_2024_trip/att/20241108/114814649/icmp_ping_115237724.out
[2024-11-08T11:53:08-0500] Ping summary (min/avg/max/mdev) = 47.246/59.352/83.351/6.456 ms
[2024-11-08T11:53:08-0500] Ping test finished at 2024-11-08 11:53:08.773 EST, duration: 31.105 s
[2024-11-08T11:53:08-0500] -------------------------------
[2024-11-08T11:53:08-0500] Waiting for 2 s...
[2024-11-08T11:53:10-0500] -------------------------------
[2024-11-08T11:53:10-0500] Starting 5G booster for 5 s...
[2024-11-08T11:53:10-0500] 5G booster started at 2024-11-08 11:53:10.952 EST
[2024-11-08T11:53:17-0500] Current time exceeds end time, skipping wait
[2024-11-08T11:53:17-0500] Saved TCP DL results to /data/data/com.termux/files/home/storage/shared/bos_la_2024_trip/att/20241108/114814649/tcp_downlink_115310995.out
[2024-11-08T11:53:17-0500] DL AVG TPUT: 
[2024-11-08T11:53:17-0500] 5G booster finished at 2024-11-08 11:53:17.093 EST, duration: 6.141 s
[2024-11-08T11:53:17-0500] -------------------------------
[2024-11-08T11:53:17-0500] Waiting for 2 s...
[2024-11-08T11:53:19-0500] -------------------------------
[2024-11-08T11:53:19-0500] TCP Ping test started at 2024-11-08 11:53:19.220 EST
[2024-11-08T11:53:50-0500] Current time exceeds end time, skipping wait
[2024-11-08T11:53:50-0500] Saved TCP Ping test to /data/data/com.termux/files/home/storage/shared/bos_la_2024_trip/att/20241108/114814649/tcp_ping_115319255.out
[2024-11-08T11:53:50-0500] TCP Ping summary (min/avg/max/mdev) 
[2024-11-08T11:53:50-0500] TCP Ping test finished at 2024-11-08 11:53:50.360 EST, duration: 31.140 s
[2024-11-08T11:53:50-0500] -------------------------------
[2024-11-08T11:53:50-0500] Waiting for 2 s...
[2024-11-08T11:53:52-0500] -------------------------------
[2024-11-08T11:53:52-0500] Traceroute test started at 2024-11-08 11:53:52.469 EST
[2024-11-08T11:53:58-0500] Waiting for 24.100 s to reach end time
[2024-11-08T11:54:22-0500] Saved traceroute test to /data/data/com.termux/files/home/storage/shared/bos_la_2024_trip/att/20241108/114814649/traceroute_115352534.out
[2024-11-08T11:54:22-0500] Traceroute summary (min/avg/max/mdev) 
[2024-11-08T11:54:22-0500] Traceroute test finished at 2024-11-08 11:54:22.582 EST, duration: 30.113 s
[2024-11-08T11:54:22-0500] -------------------------------
[2024-11-08T11:54:22-0500] All tests completed, cleaning up...
[2024-11-08T11:54:22-0500] -------------------------------
[2024-11-08T11:55:28-0500] [measurement] Load environment variables from prod.env file
[2024-11-08T11:55:28-0500] Starting a network measurement, please choose a server
[2024-11-08T11:55:28-0500] 0) West Cloud: 54.176.53.206
[2024-11-08T11:55:28-0500] 1) East Cloud: 54.197.223.49
[2024-11-08T11:55:32-0500] Enter your choice (0-1): Testing att, server 1 (ip: 54.197.223.49, nuttcp_port: 5102, iperf_port: 5002)
[2024-11-08T11:55:32-0500] -------------------------------
[2024-11-08T11:55:32-0500] tcp downlink test started at 2024-11-08 11:55:32.339 EST
[2024-11-08T11:55:32-0500] Testing tcp downlink with 54.197.223.49:5102, interval 0.5 s, duration 120 s, timeout 121 s...
[2024-11-08T11:57:33-0500] Current time exceeds end time, skipping wait
[2024-11-08T11:57:33-0500] Saved tcp downlink test to /data/data/com.termux/files/home/storage/shared/bos_la_2024_trip/att/20241108/115532323/tcp_downlink_115532364.out
[2024-11-08T11:57:33-0500] DL AVG TPUT: 
[2024-11-08T11:57:33-0500] tcp downlink test finished at 2024-11-08 11:57:33.470 EST, duration: 121.131 s
[2024-11-08T11:57:33-0500] -------------------------------
[2024-11-08T11:57:33-0500] Waiting for 2 s...
[2024-11-08T11:57:35-0500] -------------------------------
[2024-11-08T11:57:35-0500] Starting 5G booster for 5 s...
[2024-11-08T11:57:35-0500] 5G booster started at 2024-11-08 11:57:35.610 EST
[2024-11-08T11:57:41-0500] Current time exceeds end time, skipping wait
[2024-11-08T11:57:41-0500] Saved TCP DL results to /data/data/com.termux/files/home/storage/shared/bos_la_2024_trip/att/20241108/115532323/tcp_downlink_115735635.out
[2024-11-08T11:57:41-0500] DL AVG TPUT: 
[2024-11-08T11:57:41-0500] 5G booster finished at 2024-11-08 11:57:41.732 EST, duration: 6.122 s
[2024-11-08T11:57:41-0500] -------------------------------
[2024-11-08T11:57:41-0500] Waiting for 2 s...
[2024-11-08T11:57:43-0500] -------------------------------
[2024-11-08T11:57:43-0500] tcp uplink test started at 2024-11-08 11:57:43.865 EST
[2024-11-08T11:57:43-0500] testing tcp uplink with 54.197.223.49:5102, interval 0.5, duration 120, timeout 121 ...
[2024-11-08T11:59:44-0500] Current time exceeds end time, skipping wait
[2024-11-08T11:59:45-0500] Saved uplink test to /data/data/com.termux/files/home/storage/shared/bos_la_2024_trip/att/20241108/115532323/tcp_uplink_115743894.out
[2024-11-08T11:59:45-0500] UL AVG TPUT: 
[2024-11-08T11:59:45-0500] tcp uplink test finished at 2024-11-08 11:59:44.992 EST, duration: 121.127 s
[2024-11-08T11:59:45-0500] -------------------------------
[2024-11-08T11:59:45-0500] Waiting for 2 s...
[2024-11-08T11:59:47-0500] -------------------------------
[2024-11-08T11:59:47-0500] Starting 5G booster for 5 s...
[2024-11-08T11:59:47-0500] 5G booster started at 2024-11-08 11:59:47.146 EST
[2024-11-08T11:59:53-0500] Current time exceeds end time, skipping wait
[2024-11-08T11:59:53-0500] Saved TCP DL results to /data/data/com.termux/files/home/storage/shared/bos_la_2024_trip/att/20241108/115532323/tcp_downlink_115947187.out
[2024-11-08T11:59:53-0500] DL AVG TPUT: 
[2024-11-08T11:59:53-0500] 5G booster finished at 2024-11-08 11:59:53.302 EST, duration: 6.156 s
[2024-11-08T11:59:53-0500] -------------------------------
[2024-11-08T11:59:53-0500] Waiting for 2 s...
[2024-11-08T11:59:55-0500] -------------------------------
[2024-11-08T11:59:55-0500] ICMP Ping test started at 2024-11-08 11:59:55.463 EST
[2024-11-08T12:00:25-0500] Waiting for .871 s to reach end time
[2024-11-08T12:00:26-0500] Saved ping test to /data/data/com.termux/files/home/storage/shared/bos_la_2024_trip/att/20241108/115532323/icmp_ping_115955503.out
[2024-11-08T12:00:26-0500] Ping summary (min/avg/max/mdev) = 36.919/45.217/103.343/6.752 ms
[2024-11-08T12:00:26-0500] Ping test finished at 2024-11-08 12:00:26.565 EST, duration: 31.102 s
[2024-11-08T12:00:26-0500] -------------------------------
[2024-11-08T12:00:26-0500] Waiting for 2 s...
[2024-11-08T12:00:28-0500] -------------------------------
[2024-11-08T12:00:28-0500] Starting 5G booster for 5 s...
[2024-11-08T12:00:28-0500] 5G booster started at 2024-11-08 12:00:28.688 EST
[2024-11-08T12:00:34-0500] Current time exceeds end time, skipping wait
[2024-11-08T12:00:34-0500] Saved TCP DL results to /data/data/com.termux/files/home/storage/shared/bos_la_2024_trip/att/20241108/115532323/tcp_downlink_120028719.out
[2024-11-08T12:00:34-0500] DL AVG TPUT: 
[2024-11-08T12:00:34-0500] 5G booster finished at 2024-11-08 12:00:34.801 EST, duration: 6.113 s
[2024-11-08T12:00:34-0500] -------------------------------
[2024-11-08T12:00:34-0500] Waiting for 2 s...
[2024-11-08T12:00:36-0500] -------------------------------
[2024-11-08T12:00:36-0500] TCP Ping test started at 2024-11-08 12:00:36.940 EST
[2024-11-08T12:01:08-0500] Current time exceeds end time, skipping wait
[2024-11-08T12:01:08-0500] Saved TCP Ping test to /data/data/com.termux/files/home/storage/shared/bos_la_2024_trip/att/20241108/115532323/tcp_ping_120036998.out
[2024-11-08T12:01:08-0500] TCP Ping summary (min/avg/max/mdev) 
[2024-11-08T12:01:08-0500] TCP Ping test finished at 2024-11-08 12:01:08.113 EST, duration: 31.173 s
[2024-11-08T12:01:08-0500] -------------------------------
[2024-11-08T12:01:08-0500] Waiting for 2 s...
[2024-11-08T12:01:10-0500] -------------------------------
[2024-11-08T12:01:10-0500] Traceroute test started at 2024-11-08 12:01:10.256 EST
[2024-11-08T12:01:16-0500] Waiting for 24.170 s to reach end time
[2024-11-08T12:01:40-0500] Saved traceroute test to /data/data/com.termux/files/home/storage/shared/bos_la_2024_trip/att/20241108/115532323/traceroute_120110290.out
[2024-11-08T12:01:40-0500] Traceroute summary (min/avg/max/mdev) 
[2024-11-08T12:01:40-0500] Traceroute test finished at 2024-11-08 12:01:40.361 EST, duration: 30.105 s
[2024-11-08T12:01:40-0500] -------------------------------
[2024-11-08T12:01:40-0500] All tests completed, cleaning up...
[2024-11-08T12:01:40-0500] -------------------------------
[2024-11-08T12:03:01-0500] [measurement] Load environment variables from prod.env file
[2024-11-08T12:03:01-0500] Starting a network measurement, please choose a server
[2024-11-08T12:03:01-0500] 0) West Cloud: 54.176.53.206
[2024-11-08T12:03:01-0500] 1) East Cloud: 54.197.223.49
[2024-11-08T12:03:03-0500] Enter your choice (0-1): Testing att, server 1 (ip: 54.197.223.49, nuttcp_port: 5102, iperf_port: 5002)
[2024-11-08T12:03:03-0500] -------------------------------
[2024-11-08T12:03:03-0500] tcp downlink test started at 2024-11-08 12:03:03.377 EST
[2024-11-08T12:03:03-0500] Testing tcp downlink with 54.197.223.49:5102, interval 0.5 s, duration 120 s, timeout 121 s...
[2024-11-08T12:05:04-0500] Current time exceeds end time, skipping wait
[2024-11-08T12:05:04-0500] Saved tcp downlink test to /data/data/com.termux/files/home/storage/shared/bos_la_2024_trip/att/20241108/120303359/tcp_downlink_120303410.out
[2024-11-08T12:05:04-0500] DL AVG TPUT: 
[2024-11-08T12:05:04-0500] tcp downlink test finished at 2024-11-08 12:05:04.507 EST, duration: 121.130 s
[2024-11-08T12:05:04-0500] -------------------------------
[2024-11-08T12:05:04-0500] Waiting for 2 s...
[2024-11-08T12:05:06-0500] -------------------------------
[2024-11-08T12:05:06-0500] Starting 5G booster for 5 s...
[2024-11-08T12:05:06-0500] 5G booster started at 2024-11-08 12:05:06.610 EST
[2024-11-08T12:05:12-0500] Current time exceeds end time, skipping wait
[2024-11-08T12:05:12-0500] Saved TCP DL results to /data/data/com.termux/files/home/storage/shared/bos_la_2024_trip/att/20241108/120303359/tcp_downlink_120506635.out
[2024-11-08T12:05:12-0500] DL AVG TPUT: 
[2024-11-08T12:05:12-0500] 5G booster finished at 2024-11-08 12:05:12.709 EST, duration: 6.099 s
[2024-11-08T12:05:12-0500] -------------------------------
[2024-11-08T12:05:12-0500] Waiting for 2 s...
[2024-11-08T12:05:14-0500] -------------------------------
[2024-11-08T12:05:14-0500] tcp uplink test started at 2024-11-08 12:05:14.815 EST
[2024-11-08T12:05:14-0500] testing tcp uplink with 54.197.223.49:5102, interval 0.5, duration 120, timeout 121 ...
[2024-11-08T12:07:15-0500] Current time exceeds end time, skipping wait
[2024-11-08T12:07:15-0500] Saved uplink test to /data/data/com.termux/files/home/storage/shared/bos_la_2024_trip/att/20241108/120303359/tcp_uplink_120514849.out
[2024-11-08T12:07:15-0500] UL AVG TPUT: 
[2024-11-08T12:07:16-0500] tcp uplink test finished at 2024-11-08 12:07:15.935 EST, duration: 121.120 s
[2024-11-08T12:07:16-0500] -------------------------------
[2024-11-08T12:07:16-0500] Waiting for 2 s...
[2024-11-08T12:07:18-0500] -------------------------------
[2024-11-08T12:07:18-0500] Starting 5G booster for 5 s...
[2024-11-08T12:07:18-0500] 5G booster started at 2024-11-08 12:07:18.072 EST
[2024-11-08T12:07:24-0500] Current time exceeds end time, skipping wait
[2024-11-08T12:07:24-0500] Saved TCP DL results to /data/data/com.termux/files/home/storage/shared/bos_la_2024_trip/att/20241108/120303359/tcp_downlink_120718107.out
[2024-11-08T12:07:24-0500] DL AVG TPUT: 
[2024-11-08T12:07:24-0500] 5G booster finished at 2024-11-08 12:07:24.201 EST, duration: 6.129 s
[2024-11-08T12:07:24-0500] -------------------------------
[2024-11-08T12:07:24-0500] Waiting for 2 s...
[2024-11-08T12:07:26-0500] -------------------------------
[2024-11-08T12:07:26-0500] ICMP Ping test started at 2024-11-08 12:07:26.328 EST
[2024-11-08T12:07:56-0500] Waiting for .850 s to reach end time
[2024-11-08T12:07:57-0500] Saved ping test to /data/data/com.termux/files/home/storage/shared/bos_la_2024_trip/att/20241108/120303359/icmp_ping_120726381.out
[2024-11-08T12:07:57-0500] Ping summary (min/avg/max/mdev) = 44.460/58.757/244.156/22.801 ms
[2024-11-08T12:07:57-0500] Ping test finished at 2024-11-08 12:07:57.454 EST, duration: 31.126 s
[2024-11-08T12:07:57-0500] -------------------------------
[2024-11-08T12:07:57-0500] Waiting for 2 s...
[2024-11-08T12:07:59-0500] -------------------------------
[2024-11-08T12:07:59-0500] Starting 5G booster for 5 s...
[2024-11-08T12:07:59-0500] 5G booster started at 2024-11-08 12:07:59.610 EST
[2024-11-08T12:08:05-0500] Current time exceeds end time, skipping wait
[2024-11-08T12:08:05-0500] Saved TCP DL results to /data/data/com.termux/files/home/storage/shared/bos_la_2024_trip/att/20241108/120303359/tcp_downlink_120759645.out
[2024-11-08T12:08:05-0500] DL AVG TPUT: 
[2024-11-08T12:08:05-0500] 5G booster finished at 2024-11-08 12:08:05.723 EST, duration: 6.113 s
[2024-11-08T12:08:05-0500] -------------------------------
[2024-11-08T12:08:05-0500] Waiting for 2 s...
[2024-11-08T12:08:07-0500] -------------------------------
[2024-11-08T12:08:07-0500] TCP Ping test started at 2024-11-08 12:08:07.865 EST
[2024-11-08T12:08:39-0500] Current time exceeds end time, skipping wait
[2024-11-08T12:08:39-0500] Saved TCP Ping test to /data/data/com.termux/files/home/storage/shared/bos_la_2024_trip/att/20241108/120303359/tcp_ping_120807912.out
[2024-11-08T12:08:39-0500] TCP Ping summary (min/avg/max/mdev) 
[2024-11-08T12:08:39-0500] TCP Ping test finished at 2024-11-08 12:08:39.051 EST, duration: 31.186 s
[2024-11-08T12:08:39-0500] -------------------------------
[2024-11-08T12:08:39-0500] Waiting for 2 s...
[2024-11-08T12:08:41-0500] -------------------------------
[2024-11-08T12:08:41-0500] Traceroute test started at 2024-11-08 12:08:41.205 EST
[2024-11-08T12:08:47-0500] Waiting for 24.096 s to reach end time
[2024-11-08T12:09:11-0500] Saved traceroute test to /data/data/com.termux/files/home/storage/shared/bos_la_2024_trip/att/20241108/120303359/traceroute_120841262.out
[2024-11-08T12:09:11-0500] Traceroute summary (min/avg/max/mdev) 
[2024-11-08T12:09:11-0500] Traceroute test finished at 2024-11-08 12:09:11.335 EST, duration: 30.130 s
[2024-11-08T12:09:11-0500] -------------------------------
[2024-11-08T12:09:11-0500] All tests completed, cleaning up...
[2024-11-08T12:09:11-0500] -------------------------------
[2024-11-08T12:09:51-0500] [measurement] Load environment variables from prod.env file
[2024-11-08T12:09:51-0500] Starting a network measurement, please choose a server
[2024-11-08T12:09:51-0500] 0) West Cloud: 54.176.53.206
[2024-11-08T12:09:51-0500] 1) East Cloud: 54.197.223.49
[2024-11-08T12:09:52-0500] Enter your choice (0-1): Testing att, server 1 (ip: 54.197.223.49, nuttcp_port: 5102, iperf_port: 5002)
[2024-11-08T12:09:52-0500] -------------------------------
[2024-11-08T12:09:52-0500] tcp downlink test started at 2024-11-08 12:09:52.553 EST
[2024-11-08T12:09:52-0500] Testing tcp downlink with 54.197.223.49:5102, interval 0.5 s, duration 120 s, timeout 121 s...
[2024-11-08T12:11:53-0500] Current time exceeds end time, skipping wait
[2024-11-08T12:11:53-0500] Saved tcp downlink test to /data/data/com.termux/files/home/storage/shared/bos_la_2024_trip/att/20241108/120952527/tcp_downlink_120952581.out
[2024-11-08T12:11:53-0500] DL AVG TPUT: 
[2024-11-08T12:11:53-0500] tcp downlink test finished at 2024-11-08 12:11:53.661 EST, duration: 121.108 s
[2024-11-08T12:11:53-0500] -------------------------------
[2024-11-08T12:11:53-0500] Waiting for 2 s...
[2024-11-08T12:11:55-0500] -------------------------------
[2024-11-08T12:11:55-0500] Starting 5G booster for 5 s...
[2024-11-08T12:11:55-0500] 5G booster started at 2024-11-08 12:11:55.752 EST
[2024-11-08T12:12:01-0500] Current time exceeds end time, skipping wait
[2024-11-08T12:12:01-0500] Saved TCP DL results to /data/data/com.termux/files/home/storage/shared/bos_la_2024_trip/att/20241108/120952527/tcp_downlink_121155775.out
[2024-11-08T12:12:01-0500] DL AVG TPUT: 
[2024-11-08T12:12:01-0500] 5G booster finished at 2024-11-08 12:12:01.890 EST, duration: 6.138 s
[2024-11-08T12:12:01-0500] -------------------------------
[2024-11-08T12:12:01-0500] Waiting for 2 s...
[2024-11-08T12:12:03-0500] -------------------------------
[2024-11-08T12:12:04-0500] tcp uplink test started at 2024-11-08 12:12:04.006 EST
[2024-11-08T12:12:04-0500] testing tcp uplink with 54.197.223.49:5102, interval 0.5, duration 120, timeout 121 ...
[2024-11-08T12:14:05-0500] Current time exceeds end time, skipping wait
[2024-11-08T12:14:05-0500] Saved uplink test to /data/data/com.termux/files/home/storage/shared/bos_la_2024_trip/att/20241108/120952527/tcp_uplink_121204039.out
[2024-11-08T12:14:05-0500] UL AVG TPUT: 
[2024-11-08T12:14:05-0500] tcp uplink test finished at 2024-11-08 12:14:05.161 EST, duration: 121.155 s
[2024-11-08T12:14:05-0500] -------------------------------
[2024-11-08T12:14:05-0500] Waiting for 2 s...
[2024-11-08T12:14:07-0500] -------------------------------
[2024-11-08T12:14:07-0500] Starting 5G booster for 5 s...
[2024-11-08T12:14:07-0500] 5G booster started at 2024-11-08 12:14:07.304 EST
[2024-11-08T12:14:13-0500] Current time exceeds end time, skipping wait
[2024-11-08T12:14:13-0500] Saved TCP DL results to /data/data/com.termux/files/home/storage/shared/bos_la_2024_trip/att/20241108/120952527/tcp_downlink_121407347.out
[2024-11-08T12:14:13-0500] DL AVG TPUT: 
[2024-11-08T12:14:13-0500] 5G booster finished at 2024-11-08 12:14:13.458 EST, duration: 6.154 s
[2024-11-08T12:14:13-0500] -------------------------------
[2024-11-08T12:14:13-0500] Waiting for 2 s...
[2024-11-08T12:14:15-0500] -------------------------------
[2024-11-08T12:14:15-0500] ICMP Ping test started at 2024-11-08 12:14:15.586 EST
[2024-11-08T12:14:45-0500] Waiting for .853 s to reach end time
[2024-11-08T12:14:46-0500] Saved ping test to /data/data/com.termux/files/home/storage/shared/bos_la_2024_trip/att/20241108/120952527/icmp_ping_121415631.out
[2024-11-08T12:14:46-0500] Ping summary (min/avg/max/mdev) = 48.429/62.109/189.507/13.144 ms
[2024-11-08T12:14:46-0500] Ping test finished at 2024-11-08 12:14:46.692 EST, duration: 31.106 s
[2024-11-08T12:14:46-0500] -------------------------------
[2024-11-08T12:14:46-0500] Waiting for 2 s...
[2024-11-08T12:14:48-0500] -------------------------------
[2024-11-08T12:14:48-0500] Starting 5G booster for 5 s...
[2024-11-08T12:14:48-0500] 5G booster started at 2024-11-08 12:14:48.844 EST
[2024-11-08T12:14:54-0500] Current time exceeds end time, skipping wait
[2024-11-08T12:14:54-0500] Saved TCP DL results to /data/data/com.termux/files/home/storage/shared/bos_la_2024_trip/att/20241108/120952527/tcp_downlink_121448904.out
[2024-11-08T12:14:55-0500] DL AVG TPUT: 
[2024-11-08T12:14:55-0500] 5G booster finished at 2024-11-08 12:14:54.977 EST, duration: 6.133 s
[2024-11-08T12:14:55-0500] -------------------------------
[2024-11-08T12:14:55-0500] Waiting for 2 s...
[2024-11-08T12:14:57-0500] -------------------------------
[2024-11-08T12:14:57-0500] TCP Ping test started at 2024-11-08 12:14:57.110 EST
[2024-11-08T12:15:28-0500] Current time exceeds end time, skipping wait
[2024-11-08T12:15:28-0500] Saved TCP Ping test to /data/data/com.termux/files/home/storage/shared/bos_la_2024_trip/att/20241108/120952527/tcp_ping_121457154.out
[2024-11-08T12:15:28-0500] TCP Ping summary (min/avg/max/mdev) 
[2024-11-08T12:15:28-0500] TCP Ping test finished at 2024-11-08 12:15:28.290 EST, duration: 31.180 s
[2024-11-08T12:15:28-0500] -------------------------------
[2024-11-08T12:15:28-0500] Waiting for 2 s...
[2024-11-08T12:15:30-0500] -------------------------------
[2024-11-08T12:15:30-0500] Traceroute test started at 2024-11-08 12:15:30.422 EST
[2024-11-08T12:15:36-0500] Waiting for 24.150 s to reach end time
[2024-11-08T12:16:00-0500] Saved traceroute test to /data/data/com.termux/files/home/storage/shared/bos_la_2024_trip/att/20241108/120952527/traceroute_121530464.out
[2024-11-08T12:16:00-0500] Traceroute summary (min/avg/max/mdev) 
[2024-11-08T12:16:00-0500] Traceroute test finished at 2024-11-08 12:16:00.521 EST, duration: 30.099 s
[2024-11-08T12:16:00-0500] -------------------------------
[2024-11-08T12:16:00-0500] All tests completed, cleaning up...
[2024-11-08T12:16:00-0500] -------------------------------
[2024-11-08T12:16:24-0500] [measurement] Load environment variables from prod.env file
[2024-11-08T12:16:24-0500] Starting a network measurement, please choose a server
[2024-11-08T12:16:24-0500] 0) West Cloud: 54.176.53.206
[2024-11-08T12:16:24-0500] 1) East Cloud: 54.197.223.49
[2024-11-08T12:16:27-0500] Enter your choice (0-1): Testing att, server 1 (ip: 54.197.223.49, nuttcp_port: 5102, iperf_port: 5002)
[2024-11-08T12:16:27-0500] -------------------------------
[2024-11-08T12:16:27-0500] tcp downlink test started at 2024-11-08 12:16:27.956 EST
[2024-11-08T12:16:27-0500] Testing tcp downlink with 54.197.223.49:5102, interval 0.5 s, duration 120 s, timeout 121 s...
[2024-11-08T12:18:29-0500] Current time exceeds end time, skipping wait
[2024-11-08T12:18:29-0500] Saved tcp downlink test to /data/data/com.termux/files/home/storage/shared/bos_la_2024_trip/att/20241108/121627939/tcp_downlink_121627979.out
[2024-11-08T12:18:29-0500] DL AVG TPUT: 
[2024-11-08T12:18:29-0500] tcp downlink test finished at 2024-11-08 12:18:29.055 EST, duration: 121.099 s
[2024-11-08T12:18:29-0500] -------------------------------
[2024-11-08T12:18:29-0500] Waiting for 2 s...
[2024-11-08T12:18:31-0500] -------------------------------
[2024-11-08T12:18:31-0500] Starting 5G booster for 5 s...
[2024-11-08T12:18:31-0500] 5G booster started at 2024-11-08 12:18:31.174 EST
[2024-11-08T12:18:37-0500] Current time exceeds end time, skipping wait
[2024-11-08T12:18:37-0500] Saved TCP DL results to /data/data/com.termux/files/home/storage/shared/bos_la_2024_trip/att/20241108/121627939/tcp_downlink_121831201.out
[2024-11-08T12:18:37-0500] DL AVG TPUT: 
[2024-11-08T12:18:37-0500] 5G booster finished at 2024-11-08 12:18:37.289 EST, duration: 6.115 s
[2024-11-08T12:18:37-0500] -------------------------------
[2024-11-08T12:18:37-0500] Waiting for 2 s...
[2024-11-08T12:18:39-0500] -------------------------------
[2024-11-08T12:18:39-0500] tcp uplink test started at 2024-11-08 12:18:39.414 EST
[2024-11-08T12:18:39-0500] testing tcp uplink with 54.197.223.49:5102, interval 0.5, duration 120, timeout 121 ...
[2024-11-08T12:20:40-0500] Current time exceeds end time, skipping wait
[2024-11-08T12:20:40-0500] Saved uplink test to /data/data/com.termux/files/home/storage/shared/bos_la_2024_trip/att/20241108/121627939/tcp_uplink_121839449.out
[2024-11-08T12:20:40-0500] UL AVG TPUT: 81.2421 Mbps
[2024-11-08T12:20:40-0500] tcp uplink test finished at 2024-11-08 12:20:40.470 EST, duration: 121.056 s
[2024-11-08T12:20:40-0500] -------------------------------
[2024-11-08T12:20:40-0500] Waiting for 2 s...
[2024-11-08T12:20:42-0500] -------------------------------
[2024-11-08T12:20:42-0500] Starting 5G booster for 5 s...
[2024-11-08T12:20:42-0500] 5G booster started at 2024-11-08 12:20:42.606 EST
[2024-11-08T12:20:48-0500] Current time exceeds end time, skipping wait
[2024-11-08T12:20:48-0500] Saved TCP DL results to /data/data/com.termux/files/home/storage/shared/bos_la_2024_trip/att/20241108/121627939/tcp_downlink_122042648.out
[2024-11-08T12:20:48-0500] DL AVG TPUT: 
[2024-11-08T12:20:48-0500] 5G booster finished at 2024-11-08 12:20:48.759 EST, duration: 6.153 s
[2024-11-08T12:20:48-0500] -------------------------------
[2024-11-08T12:20:48-0500] Waiting for 2 s...
[2024-11-08T12:20:50-0500] -------------------------------
[2024-11-08T12:20:50-0500] ICMP Ping test started at 2024-11-08 12:20:50.888 EST
[2024-11-08T12:21:21-0500] Waiting for .859 s to reach end time
[2024-11-08T12:21:22-0500] Saved ping test to /data/data/com.termux/files/home/storage/shared/bos_la_2024_trip/att/20241108/121627939/icmp_ping_122050930.out
[2024-11-08T12:21:22-0500] Ping summary (min/avg/max/mdev) = 44.556/52.897/134.477/8.075 ms
[2024-11-08T12:21:22-0500] Ping test finished at 2024-11-08 12:21:22.008 EST, duration: 31.120 s
[2024-11-08T12:21:22-0500] -------------------------------
[2024-11-08T12:21:22-0500] Waiting for 2 s...
[2024-11-08T12:21:24-0500] -------------------------------
[2024-11-08T12:21:24-0500] Starting 5G booster for 5 s...
[2024-11-08T12:21:24-0500] 5G booster started at 2024-11-08 12:21:24.158 EST
[2024-11-08T12:21:30-0500] Current time exceeds end time, skipping wait
[2024-11-08T12:21:30-0500] Saved TCP DL results to /data/data/com.termux/files/home/storage/shared/bos_la_2024_trip/att/20241108/121627939/tcp_downlink_122124210.out
[2024-11-08T12:21:30-0500] DL AVG TPUT: 
[2024-11-08T12:21:30-0500] 5G booster finished at 2024-11-08 12:21:30.287 EST, duration: 6.129 s
[2024-11-08T12:21:30-0500] -------------------------------
[2024-11-08T12:21:30-0500] Waiting for 2 s...
[2024-11-08T12:21:32-0500] -------------------------------
[2024-11-08T12:21:32-0500] TCP Ping test started at 2024-11-08 12:21:32.415 EST
[2024-11-08T12:22:03-0500] Current time exceeds end time, skipping wait
[2024-11-08T12:22:03-0500] Saved TCP Ping test to /data/data/com.termux/files/home/storage/shared/bos_la_2024_trip/att/20241108/121627939/tcp_ping_122132468.out
[2024-11-08T12:22:03-0500] TCP Ping summary (min/avg/max/mdev) 
[2024-11-08T12:22:03-0500] TCP Ping test finished at 2024-11-08 12:22:03.567 EST, duration: 31.152 s
[2024-11-08T12:22:03-0500] -------------------------------
[2024-11-08T12:22:03-0500] Waiting for 2 s...
[2024-11-08T12:22:05-0500] -------------------------------
[2024-11-08T12:22:05-0500] Traceroute test started at 2024-11-08 12:22:05.667 EST
[2024-11-08T12:22:11-0500] Waiting for 24.110 s to reach end time
[2024-11-08T12:22:35-0500] Saved traceroute test to /data/data/com.termux/files/home/storage/shared/bos_la_2024_trip/att/20241108/121627939/traceroute_122205694.out
[2024-11-08T12:22:35-0500] Traceroute summary (min/avg/max/mdev) 
[2024-11-08T12:22:35-0500] Traceroute test finished at 2024-11-08 12:22:35.760 EST, duration: 30.093 s
[2024-11-08T12:22:35-0500] -------------------------------
[2024-11-08T12:22:35-0500] All tests completed, cleaning up...
[2024-11-08T12:22:35-0500] -------------------------------
[2024-11-08T12:31:17-0500] [measurement] Load environment variables from prod.env file
[2024-11-08T12:31:17-0500] Starting a network measurement, please choose a server
[2024-11-08T12:31:17-0500] 0) West Cloud: 54.176.53.206
[2024-11-08T12:31:17-0500] 1) East Cloud: 54.197.223.49
[2024-11-08T12:31:23-0500] Enter your choice (0-1): Testing att, server 1 (ip: 54.197.223.49, nuttcp_port: 5102, iperf_port: 5002)
[2024-11-08T12:31:23-0500] -------------------------------
[2024-11-08T12:31:23-0500] tcp downlink test started at 2024-11-08 12:31:23.342 EST
[2024-11-08T12:31:23-0500] Testing tcp downlink with 54.197.223.49:5102, interval 0.5 s, duration 120 s, timeout 121 s...
[2024-11-08T12:33:24-0500] Current time exceeds end time, skipping wait
[2024-11-08T12:33:24-0500] Saved tcp downlink test to /data/data/com.termux/files/home/storage/shared/bos_la_2024_trip/att/20241108/123123321/tcp_downlink_123123373.out
[2024-11-08T12:33:24-0500] DL AVG TPUT: 
[2024-11-08T12:33:24-0500] tcp downlink test finished at 2024-11-08 12:33:24.444 EST, duration: 121.102 s
[2024-11-08T12:33:24-0500] -------------------------------
[2024-11-08T12:33:24-0500] Waiting for 2 s...
[2024-11-08T12:33:26-0500] -------------------------------
[2024-11-08T12:33:26-0500] Starting 5G booster for 5 s...
[2024-11-08T12:33:26-0500] 5G booster started at 2024-11-08 12:33:26.532 EST
[2024-11-08T12:33:32-0500] Current time exceeds end time, skipping wait
[2024-11-08T12:33:32-0500] Saved TCP DL results to /data/data/com.termux/files/home/storage/shared/bos_la_2024_trip/att/20241108/123123321/tcp_downlink_123326558.out
[2024-11-08T12:33:32-0500] DL AVG TPUT: 
[2024-11-08T12:33:32-0500] 5G booster finished at 2024-11-08 12:33:32.637 EST, duration: 6.105 s
[2024-11-08T12:33:32-0500] -------------------------------
[2024-11-08T12:33:32-0500] Waiting for 2 s...
[2024-11-08T12:33:34-0500] -------------------------------
[2024-11-08T12:33:34-0500] tcp uplink test started at 2024-11-08 12:33:34.736 EST
[2024-11-08T12:33:34-0500] testing tcp uplink with 54.197.223.49:5102, interval 0.5, duration 120, timeout 121 ...
[2024-11-08T12:35:35-0500] Current time exceeds end time, skipping wait
[2024-11-08T12:35:35-0500] Saved uplink test to /data/data/com.termux/files/home/storage/shared/bos_la_2024_trip/att/20241108/123123321/tcp_uplink_123334768.out
[2024-11-08T12:35:35-0500] UL AVG TPUT: 
[2024-11-08T12:35:35-0500] tcp uplink test finished at 2024-11-08 12:35:35.887 EST, duration: 121.151 s
[2024-11-08T12:35:35-0500] -------------------------------
[2024-11-08T12:35:35-0500] Waiting for 2 s...
[2024-11-08T12:35:38-0500] -------------------------------
[2024-11-08T12:35:38-0500] Starting 5G booster for 5 s...
[2024-11-08T12:35:38-0500] 5G booster started at 2024-11-08 12:35:38.041 EST
[2024-11-08T12:35:44-0500] Current time exceeds end time, skipping wait
[2024-11-08T12:35:44-0500] Saved TCP DL results to /data/data/com.termux/files/home/storage/shared/bos_la_2024_trip/att/20241108/123123321/tcp_downlink_123538080.out
[2024-11-08T12:35:44-0500] DL AVG TPUT: 
[2024-11-08T12:35:44-0500] 5G booster finished at 2024-11-08 12:35:44.224 EST, duration: 6.183 s
[2024-11-08T12:35:44-0500] -------------------------------
[2024-11-08T12:35:44-0500] Waiting for 2 s...
[2024-11-08T12:35:46-0500] -------------------------------
[2024-11-08T12:35:46-0500] ICMP Ping test started at 2024-11-08 12:35:46.356 EST
[2024-11-08T12:36:16-0500] Waiting for .835 s to reach end time
[2024-11-08T12:36:17-0500] Saved ping test to /data/data/com.termux/files/home/storage/shared/bos_la_2024_trip/att/20241108/123123321/icmp_ping_123546393.out
[2024-11-08T12:36:17-0500] Ping summary (min/avg/max/mdev) = 43.332/63.306/249.013/24.732 ms
[2024-11-08T12:36:17-0500] Ping test finished at 2024-11-08 12:36:17.457 EST, duration: 31.101 s
[2024-11-08T12:36:17-0500] -------------------------------
[2024-11-08T12:36:17-0500] Waiting for 2 s...
[2024-11-08T12:36:19-0500] -------------------------------
[2024-11-08T12:36:19-0500] Starting 5G booster for 5 s...
[2024-11-08T12:36:19-0500] 5G booster started at 2024-11-08 12:36:19.578 EST
[2024-11-08T12:36:25-0500] Current time exceeds end time, skipping wait
[2024-11-08T12:36:25-0500] Saved TCP DL results to /data/data/com.termux/files/home/storage/shared/bos_la_2024_trip/att/20241108/123123321/tcp_downlink_123619624.out
[2024-11-08T12:36:25-0500] DL AVG TPUT: 
[2024-11-08T12:36:25-0500] 5G booster finished at 2024-11-08 12:36:25.738 EST, duration: 6.160 s
[2024-11-08T12:36:25-0500] -------------------------------
[2024-11-08T12:36:25-0500] Waiting for 2 s...
[2024-11-08T12:36:27-0500] -------------------------------
[2024-11-08T12:36:27-0500] TCP Ping test started at 2024-11-08 12:36:27.875 EST
[2024-11-08T12:36:59-0500] Current time exceeds end time, skipping wait
[2024-11-08T12:36:59-0500] Saved TCP Ping test to /data/data/com.termux/files/home/storage/shared/bos_la_2024_trip/att/20241108/123123321/tcp_ping_123627910.out
[2024-11-08T12:36:59-0500] TCP Ping summary (min/avg/max/mdev) 
[2024-11-08T12:36:59-0500] TCP Ping test finished at 2024-11-08 12:36:59.069 EST, duration: 31.194 s
[2024-11-08T12:36:59-0500] -------------------------------
[2024-11-08T12:36:59-0500] Waiting for 2 s...
[2024-11-08T12:37:01-0500] -------------------------------
[2024-11-08T12:37:01-0500] Traceroute test started at 2024-11-08 12:37:01.206 EST
[2024-11-08T12:37:07-0500] Waiting for 24.161 s to reach end time
[2024-11-08T12:37:31-0500] Saved traceroute test to /data/data/com.termux/files/home/storage/shared/bos_la_2024_trip/att/20241108/123123321/traceroute_123701235.out
[2024-11-08T12:37:31-0500] Traceroute summary (min/avg/max/mdev) 
[2024-11-08T12:37:31-0500] Traceroute test finished at 2024-11-08 12:37:31.267 EST, duration: 30.061 s
[2024-11-08T12:37:31-0500] -------------------------------
[2024-11-08T12:37:31-0500] All tests completed, cleaning up...
[2024-11-08T12:37:31-0500] -------------------------------
[2024-11-08T12:39:16-0500] [measurement] Load environment variables from prod.env file
[2024-11-08T12:39:16-0500] Starting a network measurement, please choose a server
[2024-11-08T12:39:16-0500] 0) West Cloud: 54.176.53.206
[2024-11-08T12:39:16-0500] 1) East Cloud: 54.197.223.49
[2024-11-08T12:39:29-0500] Enter your choice (0-1): Testing att, server 1 (ip: 54.197.223.49, nuttcp_port: 5102, iperf_port: 5002)
[2024-11-08T12:39:29-0500] -------------------------------
[2024-11-08T12:39:29-0500] tcp downlink test started at 2024-11-08 12:39:29.162 EST
[2024-11-08T12:39:29-0500] Testing tcp downlink with 54.197.223.49:5102, interval 0.5 s, duration 120 s, timeout 121 s...
[2024-11-08T12:41:30-0500] Current time exceeds end time, skipping wait
[2024-11-08T12:41:30-0500] Saved tcp downlink test to /data/data/com.termux/files/home/storage/shared/bos_la_2024_trip/att/20241108/123929141/tcp_downlink_123929198.out
[2024-11-08T12:41:30-0500] DL AVG TPUT: 
[2024-11-08T12:41:30-0500] tcp downlink test finished at 2024-11-08 12:41:30.286 EST, duration: 121.124 s
[2024-11-08T12:41:30-0500] -------------------------------
[2024-11-08T12:41:30-0500] Waiting for 2 s...
[2024-11-08T12:41:32-0500] -------------------------------
[2024-11-08T12:41:32-0500] Starting 5G booster for 5 s...
[2024-11-08T12:41:32-0500] 5G booster started at 2024-11-08 12:41:32.410 EST
[2024-11-08T12:41:38-0500] Current time exceeds end time, skipping wait
[2024-11-08T12:41:38-0500] Saved TCP DL results to /data/data/com.termux/files/home/storage/shared/bos_la_2024_trip/att/20241108/123929141/tcp_downlink_124132457.out
[2024-11-08T12:41:38-0500] DL AVG TPUT: 
[2024-11-08T12:41:38-0500] 5G booster finished at 2024-11-08 12:41:38.528 EST, duration: 6.118 s
[2024-11-08T12:41:38-0500] -------------------------------
[2024-11-08T12:41:38-0500] Waiting for 2 s...
[2024-11-08T12:41:40-0500] -------------------------------
[2024-11-08T12:41:40-0500] tcp uplink test started at 2024-11-08 12:41:40.642 EST
[2024-11-08T12:41:40-0500] testing tcp uplink with 54.197.223.49:5102, interval 0.5, duration 120, timeout 121 ...
[2024-11-08T12:43:41-0500] Current time exceeds end time, skipping wait
[2024-11-08T12:43:41-0500] Saved uplink test to /data/data/com.termux/files/home/storage/shared/bos_la_2024_trip/att/20241108/123929141/tcp_uplink_124140690.out
[2024-11-08T12:43:41-0500] UL AVG TPUT: 
[2024-11-08T12:43:41-0500] tcp uplink test finished at 2024-11-08 12:43:41.770 EST, duration: 121.128 s
[2024-11-08T12:43:41-0500] -------------------------------
[2024-11-08T12:43:41-0500] Waiting for 2 s...
[2024-11-08T12:43:43-0500] -------------------------------
[2024-11-08T12:43:43-0500] Starting 5G booster for 5 s...
[2024-11-08T12:43:43-0500] 5G booster started at 2024-11-08 12:43:43.930 EST
[2024-11-08T12:43:50-0500] Current time exceeds end time, skipping wait
[2024-11-08T12:43:50-0500] Saved TCP DL results to /data/data/com.termux/files/home/storage/shared/bos_la_2024_trip/att/20241108/123929141/tcp_downlink_124343967.out
[2024-11-08T12:43:50-0500] DL AVG TPUT: 
[2024-11-08T12:43:50-0500] 5G booster finished at 2024-11-08 12:43:50.054 EST, duration: 6.124 s
[2024-11-08T12:43:50-0500] -------------------------------
[2024-11-08T12:43:50-0500] Waiting for 2 s...
[2024-11-08T12:43:52-0500] -------------------------------
[2024-11-08T12:43:52-0500] ICMP Ping test started at 2024-11-08 12:43:52.170 EST
[2024-11-08T12:44:22-0500] Waiting for .879 s to reach end time
[2024-11-08T12:44:23-0500] Saved ping test to /data/data/com.termux/files/home/storage/shared/bos_la_2024_trip/att/20241108/123929141/icmp_ping_124352203.out
[2024-11-08T12:44:23-0500] Ping summary (min/avg/max/mdev) = 47.276/54.062/139.548/8.427 ms
[2024-11-08T12:44:23-0500] Ping test finished at 2024-11-08 12:44:23.316 EST, duration: 31.146 s
[2024-11-08T12:44:23-0500] -------------------------------
[2024-11-08T12:44:23-0500] Waiting for 2 s...
[2024-11-08T12:44:25-0500] -------------------------------
[2024-11-08T12:44:25-0500] Starting 5G booster for 5 s...
[2024-11-08T12:44:25-0500] 5G booster started at 2024-11-08 12:44:25.464 EST
[2024-11-08T12:44:31-0500] Current time exceeds end time, skipping wait
[2024-11-08T12:44:31-0500] Saved TCP DL results to /data/data/com.termux/files/home/storage/shared/bos_la_2024_trip/att/20241108/123929141/tcp_downlink_124425516.out
[2024-11-08T12:44:31-0500] DL AVG TPUT: 
[2024-11-08T12:44:31-0500] 5G booster finished at 2024-11-08 12:44:31.628 EST, duration: 6.164 s
[2024-11-08T12:44:31-0500] -------------------------------
[2024-11-08T12:44:31-0500] Waiting for 2 s...
[2024-11-08T12:44:33-0500] -------------------------------
[2024-11-08T12:44:33-0500] TCP Ping test started at 2024-11-08 12:44:33.744 EST
[2024-11-08T12:45:04-0500] Current time exceeds end time, skipping wait
[2024-11-08T12:45:04-0500] Saved TCP Ping test to /data/data/com.termux/files/home/storage/shared/bos_la_2024_trip/att/20241108/123929141/tcp_ping_124433785.out
[2024-11-08T12:45:04-0500] TCP Ping summary (min/avg/max/mdev) 
[2024-11-08T12:45:04-0500] TCP Ping test finished at 2024-11-08 12:45:04.863 EST, duration: 31.119 s
[2024-11-08T12:45:04-0500] -------------------------------
[2024-11-08T12:45:04-0500] Waiting for 2 s...
[2024-11-08T12:45:07-0500] -------------------------------
[2024-11-08T12:45:07-0500] Traceroute test started at 2024-11-08 12:45:07.038 EST
[2024-11-08T12:45:12-0500] Waiting for 24.328 s to reach end time
[2024-11-08T12:45:37-0500] Saved traceroute test to /data/data/com.termux/files/home/storage/shared/bos_la_2024_trip/att/20241108/123929141/traceroute_124507075.out
[2024-11-08T12:45:37-0500] Traceroute summary (min/avg/max/mdev) 
[2024-11-08T12:45:37-0500] Traceroute test finished at 2024-11-08 12:45:37.092 EST, duration: 30.054 s
[2024-11-08T12:45:37-0500] -------------------------------
[2024-11-08T12:45:37-0500] All tests completed, cleaning up...
[2024-11-08T12:45:37-0500] -------------------------------
[2024-11-08T12:47:18-0500] [measurement] Load environment variables from prod.env file
[2024-11-08T12:47:18-0500] Starting a network measurement, please choose a server
[2024-11-08T12:47:18-0500] 0) West Cloud: 54.176.53.206
[2024-11-08T12:47:18-0500] 1) East Cloud: 54.197.223.49
[2024-11-08T12:47:23-0500] Enter your choice (0-1): Testing att, server 1 (ip: 54.197.223.49, nuttcp_port: 5102, iperf_port: 5002)
[2024-11-08T12:47:23-0500] -------------------------------
[2024-11-08T12:47:23-0500] tcp downlink test started at 2024-11-08 12:47:23.903 EST
[2024-11-08T12:47:23-0500] Testing tcp downlink with 54.197.223.49:5102, interval 0.5 s, duration 120 s, timeout 121 s...
[2024-11-08T12:49:25-0500] Current time exceeds end time, skipping wait
[2024-11-08T12:49:25-0500] Saved tcp downlink test to /data/data/com.termux/files/home/storage/shared/bos_la_2024_trip/att/20241108/124723885/tcp_downlink_124723923.out
[2024-11-08T12:49:25-0500] DL AVG TPUT: 
[2024-11-08T12:49:25-0500] tcp downlink test finished at 2024-11-08 12:49:25.017 EST, duration: 121.114 s
[2024-11-08T12:49:25-0500] -------------------------------
[2024-11-08T12:49:25-0500] Waiting for 2 s...
[2024-11-08T12:49:27-0500] -------------------------------
[2024-11-08T12:49:27-0500] Starting 5G booster for 5 s...
[2024-11-08T12:49:27-0500] 5G booster started at 2024-11-08 12:49:27.148 EST
[2024-11-08T12:49:33-0500] Current time exceeds end time, skipping wait
[2024-11-08T12:49:33-0500] Saved TCP DL results to /data/data/com.termux/files/home/storage/shared/bos_la_2024_trip/att/20241108/124723885/tcp_downlink_124927194.out
[2024-11-08T12:49:33-0500] DL AVG TPUT: 
[2024-11-08T12:49:33-0500] 5G booster finished at 2024-11-08 12:49:33.294 EST, duration: 6.146 s
[2024-11-08T12:49:33-0500] -------------------------------
[2024-11-08T12:49:33-0500] Waiting for 2 s...
[2024-11-08T12:49:35-0500] -------------------------------
[2024-11-08T12:49:35-0500] tcp uplink test started at 2024-11-08 12:49:35.417 EST
[2024-11-08T12:49:35-0500] testing tcp uplink with 54.197.223.49:5102, interval 0.5, duration 120, timeout 121 ...
[2024-11-08T12:51:36-0500] Current time exceeds end time, skipping wait
[2024-11-08T12:51:36-0500] Saved uplink test to /data/data/com.termux/files/home/storage/shared/bos_la_2024_trip/att/20241108/124723885/tcp_uplink_124935453.out
[2024-11-08T12:51:36-0500] UL AVG TPUT: 
[2024-11-08T12:51:36-0500] tcp uplink test finished at 2024-11-08 12:51:36.546 EST, duration: 121.129 s
[2024-11-08T12:51:36-0500] -------------------------------
[2024-11-08T12:51:36-0500] Waiting for 2 s...
[2024-11-08T12:51:38-0500] -------------------------------
[2024-11-08T12:51:38-0500] Starting 5G booster for 5 s...
[2024-11-08T12:51:38-0500] 5G booster started at 2024-11-08 12:51:38.712 EST
[2024-11-08T12:51:44-0500] Current time exceeds end time, skipping wait
[2024-11-08T12:51:44-0500] Saved TCP DL results to /data/data/com.termux/files/home/storage/shared/bos_la_2024_trip/att/20241108/124723885/tcp_downlink_125138754.out
[2024-11-08T12:51:44-0500] DL AVG TPUT: 
[2024-11-08T12:51:44-0500] 5G booster finished at 2024-11-08 12:51:44.863 EST, duration: 6.151 s
[2024-11-08T12:51:44-0500] -------------------------------
[2024-11-08T12:51:44-0500] Waiting for 2 s...
[2024-11-08T12:51:46-0500] -------------------------------
[2024-11-08T12:51:47-0500] ICMP Ping test started at 2024-11-08 12:51:46.991 EST
[2024-11-08T12:52:17-0500] Waiting for .862 s to reach end time
[2024-11-08T12:52:18-0500] Saved ping test to /data/data/com.termux/files/home/storage/shared/bos_la_2024_trip/att/20241108/124723885/icmp_ping_125147040.out
[2024-11-08T12:52:18-0500] Ping summary (min/avg/max/mdev) = 41.076/46.120/62.684/4.682 ms
[2024-11-08T12:52:18-0500] Ping test finished at 2024-11-08 12:52:18.104 EST, duration: 31.113 s
[2024-11-08T12:52:18-0500] -------------------------------
[2024-11-08T12:52:18-0500] Waiting for 2 s...
[2024-11-08T12:52:20-0500] -------------------------------
[2024-11-08T12:52:20-0500] Starting 5G booster for 5 s...
[2024-11-08T12:52:20-0500] 5G booster started at 2024-11-08 12:52:20.241 EST
[2024-11-08T12:52:26-0500] Current time exceeds end time, skipping wait
[2024-11-08T12:52:26-0500] Saved TCP DL results to /data/data/com.termux/files/home/storage/shared/bos_la_2024_trip/att/20241108/124723885/tcp_downlink_125220287.out
[2024-11-08T12:52:26-0500] DL AVG TPUT: 
[2024-11-08T12:52:26-0500] 5G booster finished at 2024-11-08 12:52:26.378 EST, duration: 6.137 s
[2024-11-08T12:52:26-0500] -------------------------------
[2024-11-08T12:52:26-0500] Waiting for 2 s...
[2024-11-08T12:52:28-0500] -------------------------------
[2024-11-08T12:52:28-0500] TCP Ping test started at 2024-11-08 12:52:28.486 EST
[2024-11-08T12:52:59-0500] Current time exceeds end time, skipping wait
[2024-11-08T12:52:59-0500] Saved TCP Ping test to /data/data/com.termux/files/home/storage/shared/bos_la_2024_trip/att/20241108/124723885/tcp_ping_125228511.out
[2024-11-08T12:52:59-0500] TCP Ping summary (min/avg/max/mdev) 
[2024-11-08T12:52:59-0500] TCP Ping test finished at 2024-11-08 12:52:59.591 EST, duration: 31.105 s
[2024-11-08T12:52:59-0500] -------------------------------
[2024-11-08T12:52:59-0500] Waiting for 2 s...
[2024-11-08T12:53:01-0500] -------------------------------
[2024-11-08T12:53:01-0500] Traceroute test started at 2024-11-08 12:53:01.687 EST
[2024-11-08T12:53:07-0500] Waiting for 24.153 s to reach end time
[2024-11-08T12:53:31-0500] Saved traceroute test to /data/data/com.termux/files/home/storage/shared/bos_la_2024_trip/att/20241108/124723885/traceroute_125301715.out
[2024-11-08T12:53:31-0500] Traceroute summary (min/avg/max/mdev) 
[2024-11-08T12:53:31-0500] Traceroute test finished at 2024-11-08 12:53:31.814 EST, duration: 30.127 s
[2024-11-08T12:53:31-0500] -------------------------------
[2024-11-08T12:53:31-0500] All tests completed, cleaning up...
[2024-11-08T12:53:31-0500] -------------------------------
[2024-11-08T12:54:02-0500] [measurement] Load environment variables from prod.env file
[2024-11-08T12:54:02-0500] Starting a network measurement, please choose a server
[2024-11-08T12:54:02-0500] 0) West Cloud: 54.176.53.206
[2024-11-08T12:54:02-0500] 1) East Cloud: 54.197.223.49
[2024-11-08T12:54:06-0500] Enter your choice (0-1): Testing att, server 1 (ip: 54.197.223.49, nuttcp_port: 5102, iperf_port: 5002)
[2024-11-08T12:54:06-0500] -------------------------------
[2024-11-08T12:54:06-0500] tcp downlink test started at 2024-11-08 12:54:06.909 EST
[2024-11-08T12:54:06-0500] Testing tcp downlink with 54.197.223.49:5102, interval 0.5 s, duration 120 s, timeout 121 s...
[2024-11-08T12:56:08-0500] Current time exceeds end time, skipping wait
[2024-11-08T12:56:08-0500] Saved tcp downlink test to /data/data/com.termux/files/home/storage/shared/bos_la_2024_trip/att/20241108/125406887/tcp_downlink_125406934.out
[2024-11-08T12:56:08-0500] DL AVG TPUT: 
[2024-11-08T12:56:08-0500] tcp downlink test finished at 2024-11-08 12:56:08.041 EST, duration: 121.132 s
[2024-11-08T12:56:08-0500] -------------------------------
[2024-11-08T12:56:08-0500] Waiting for 2 s...
[2024-11-08T12:56:10-0500] -------------------------------
[2024-11-08T12:56:10-0500] Starting 5G booster for 5 s...
[2024-11-08T12:56:10-0500] 5G booster started at 2024-11-08 12:56:10.178 EST
[2024-11-08T12:56:16-0500] Current time exceeds end time, skipping wait
[2024-11-08T12:56:16-0500] Saved TCP DL results to /data/data/com.termux/files/home/storage/shared/bos_la_2024_trip/att/20241108/125406887/tcp_downlink_125610208.out
[2024-11-08T12:56:16-0500] DL AVG TPUT: 
[2024-11-08T12:56:16-0500] 5G booster finished at 2024-11-08 12:56:16.319 EST, duration: 6.141 s
[2024-11-08T12:56:16-0500] -------------------------------
[2024-11-08T12:56:16-0500] Waiting for 2 s...
[2024-11-08T12:56:18-0500] -------------------------------
[2024-11-08T12:56:18-0500] tcp uplink test started at 2024-11-08 12:56:18.459 EST
[2024-11-08T12:56:18-0500] testing tcp uplink with 54.197.223.49:5102, interval 0.5, duration 120, timeout 121 ...
[2024-11-08T12:58:19-0500] Current time exceeds end time, skipping wait
[2024-11-08T12:58:19-0500] Saved uplink test to /data/data/com.termux/files/home/storage/shared/bos_la_2024_trip/att/20241108/125406887/tcp_uplink_125618498.out
[2024-11-08T12:58:19-0500] UL AVG TPUT: 
[2024-11-08T12:58:19-0500] tcp uplink test finished at 2024-11-08 12:58:19.610 EST, duration: 121.151 s
[2024-11-08T12:58:19-0500] -------------------------------
[2024-11-08T12:58:19-0500] Waiting for 2 s...
[2024-11-08T12:58:21-0500] -------------------------------
[2024-11-08T12:58:21-0500] Starting 5G booster for 5 s...
[2024-11-08T12:58:21-0500] 5G booster started at 2024-11-08 12:58:21.751 EST
[2024-11-08T12:58:27-0500] Current time exceeds end time, skipping wait
[2024-11-08T12:58:27-0500] Saved TCP DL results to /data/data/com.termux/files/home/storage/shared/bos_la_2024_trip/att/20241108/125406887/tcp_downlink_125821791.out
[2024-11-08T12:58:27-0500] DL AVG TPUT: 
[2024-11-08T12:58:28-0500] 5G booster finished at 2024-11-08 12:58:27.907 EST, duration: 6.156 s
[2024-11-08T12:58:28-0500] -------------------------------
[2024-11-08T12:58:28-0500] Waiting for 2 s...
[2024-11-08T12:58:30-0500] -------------------------------
[2024-11-08T12:58:30-0500] ICMP Ping test started at 2024-11-08 12:58:30.049 EST
[2024-11-08T12:59:00-0500] Waiting for .867 s to reach end time
[2024-11-08T12:59:01-0500] Saved ping test to /data/data/com.termux/files/home/storage/shared/bos_la_2024_trip/att/20241108/125406887/icmp_ping_125830093.out
[2024-11-08T12:59:01-0500] Ping summary (min/avg/max/mdev) = 44.307/61.489/80.612/5.980 ms
[2024-11-08T12:59:01-0500] Ping test finished at 2024-11-08 12:59:01.150 EST, duration: 31.101 s
[2024-11-08T12:59:01-0500] -------------------------------
[2024-11-08T12:59:01-0500] Waiting for 2 s...
[2024-11-08T12:59:03-0500] -------------------------------
[2024-11-08T12:59:03-0500] Starting 5G booster for 5 s...
[2024-11-08T12:59:03-0500] 5G booster started at 2024-11-08 12:59:03.306 EST
[2024-11-08T12:59:09-0500] Current time exceeds end time, skipping wait
[2024-11-08T12:59:09-0500] Saved TCP DL results to /data/data/com.termux/files/home/storage/shared/bos_la_2024_trip/att/20241108/125406887/tcp_downlink_125903348.out
[2024-11-08T12:59:09-0500] DL AVG TPUT: 
[2024-11-08T12:59:09-0500] 5G booster finished at 2024-11-08 12:59:09.455 EST, duration: 6.149 s
[2024-11-08T12:59:09-0500] -------------------------------
[2024-11-08T12:59:09-0500] Waiting for 2 s...
[2024-11-08T12:59:11-0500] -------------------------------
[2024-11-08T12:59:11-0500] TCP Ping test started at 2024-11-08 12:59:11.588 EST
[2024-11-08T12:59:42-0500] Current time exceeds end time, skipping wait
[2024-11-08T12:59:42-0500] Saved TCP Ping test to /data/data/com.termux/files/home/storage/shared/bos_la_2024_trip/att/20241108/125406887/tcp_ping_125911622.out
[2024-11-08T12:59:42-0500] TCP Ping summary (min/avg/max/mdev) 
[2024-11-08T12:59:42-0500] TCP Ping test finished at 2024-11-08 12:59:42.723 EST, duration: 31.135 s
[2024-11-08T12:59:42-0500] -------------------------------
[2024-11-08T12:59:42-0500] Waiting for 2 s...
[2024-11-08T12:59:44-0500] -------------------------------
[2024-11-08T12:59:44-0500] Traceroute test started at 2024-11-08 12:59:44.848 EST
[2024-11-08T12:59:50-0500] Waiting for 24.093 s to reach end time
[2024-11-08T13:00:14-0500] Saved traceroute test to /data/data/com.termux/files/home/storage/shared/bos_la_2024_trip/att/20241108/125406887/traceroute_125944885.out
[2024-11-08T13:00:14-0500] Traceroute summary (min/avg/max/mdev) 
[2024-11-08T13:00:15-0500] Traceroute test finished at 2024-11-08 13:00:14.957 EST, duration: 30.109 s
[2024-11-08T13:00:15-0500] -------------------------------
[2024-11-08T13:00:15-0500] All tests completed, cleaning up...
[2024-11-08T13:00:15-0500] -------------------------------
[2024-11-08T13:53:20-0500] [measurement] Load environment variables from prod.env file
[2024-11-08T13:53:20-0500] Starting a network measurement, please choose a server
[2024-11-08T13:53:20-0500] 0) West Cloud: 54.176.53.206
[2024-11-08T13:53:20-0500] 1) East Cloud: 54.197.223.49
[2024-11-08T13:53:30-0500] Enter your choice (0-1): Testing att, server 1 (ip: 54.197.223.49, nuttcp_port: 5102, iperf_port: 5002)
[2024-11-08T13:53:30-0500] -------------------------------
[2024-11-08T13:53:30-0500] tcp downlink test started at 2024-11-08 13:53:30.767 EST
[2024-11-08T13:53:30-0500] Testing tcp downlink with 54.197.223.49:5102, interval 0.5 s, duration 120 s, timeout 121 s...
[2024-11-08T13:55:31-0500] Current time exceeds end time, skipping wait
[2024-11-08T13:55:31-0500] Saved tcp downlink test to /data/data/com.termux/files/home/storage/shared/bos_la_2024_trip/att/20241108/135330741/tcp_downlink_135330788.out
[2024-11-08T13:55:31-0500] DL AVG TPUT: 
[2024-11-08T13:55:31-0500] tcp downlink test finished at 2024-11-08 13:55:31.912 EST, duration: 121.145 s
[2024-11-08T13:55:31-0500] -------------------------------
[2024-11-08T13:55:31-0500] Waiting for 2 s...
[2024-11-08T13:55:33-0500] -------------------------------
[2024-11-08T13:55:33-0500] Starting 5G booster for 5 s...
[2024-11-08T13:55:34-0500] 5G booster started at 2024-11-08 13:55:34.029 EST
[2024-11-08T13:55:40-0500] Current time exceeds end time, skipping wait
[2024-11-08T13:55:40-0500] Saved TCP DL results to /data/data/com.termux/files/home/storage/shared/bos_la_2024_trip/att/20241108/135330741/tcp_downlink_135534059.out
[2024-11-08T13:55:40-0500] DL AVG TPUT: 
[2024-11-08T13:55:40-0500] 5G booster finished at 2024-11-08 13:55:40.139 EST, duration: 6.110 s
[2024-11-08T13:55:40-0500] -------------------------------
[2024-11-08T13:55:40-0500] Waiting for 2 s...
[2024-11-08T13:55:42-0500] -------------------------------
[2024-11-08T13:55:42-0500] tcp uplink test started at 2024-11-08 13:55:42.229 EST
[2024-11-08T13:55:42-0500] testing tcp uplink with 54.197.223.49:5102, interval 0.5, duration 120, timeout 121 ...
[2024-11-08T13:57:43-0500] Current time exceeds end time, skipping wait
[2024-11-08T13:57:43-0500] Saved uplink test to /data/data/com.termux/files/home/storage/shared/bos_la_2024_trip/att/20241108/135330741/tcp_uplink_135542251.out
[2024-11-08T13:57:43-0500] UL AVG TPUT: 
[2024-11-08T13:57:43-0500] tcp uplink test finished at 2024-11-08 13:57:43.334 EST, duration: 121.105 s
[2024-11-08T13:57:43-0500] -------------------------------
[2024-11-08T13:57:43-0500] Waiting for 2 s...
[2024-11-08T13:57:45-0500] -------------------------------
[2024-11-08T13:57:45-0500] Starting 5G booster for 5 s...
[2024-11-08T13:57:45-0500] 5G booster started at 2024-11-08 13:57:45.469 EST
[2024-11-08T13:57:51-0500] Current time exceeds end time, skipping wait
[2024-11-08T13:57:51-0500] Saved TCP DL results to /data/data/com.termux/files/home/storage/shared/bos_la_2024_trip/att/20241108/135330741/tcp_downlink_135745498.out
[2024-11-08T13:57:51-0500] DL AVG TPUT: 
[2024-11-08T13:57:51-0500] 5G booster finished at 2024-11-08 13:57:51.573 EST, duration: 6.104 s
[2024-11-08T13:57:51-0500] -------------------------------
[2024-11-08T13:57:51-0500] Waiting for 2 s...
[2024-11-08T13:57:53-0500] -------------------------------
[2024-11-08T13:57:53-0500] ICMP Ping test started at 2024-11-08 13:57:53.670 EST
[2024-11-08T13:58:23-0500] Waiting for .880 s to reach end time
[2024-11-08T13:58:24-0500] Saved ping test to /data/data/com.termux/files/home/storage/shared/bos_la_2024_trip/att/20241108/135330741/icmp_ping_135753721.out
[2024-11-08T13:58:24-0500] Ping summary (min/avg/max/mdev) = 47.541/60.524/77.981/5.779 ms
[2024-11-08T13:58:24-0500] Ping test finished at 2024-11-08 13:58:24.728 EST, duration: 31.058 s
[2024-11-08T13:58:24-0500] -------------------------------
[2024-11-08T13:58:24-0500] Waiting for 2 s...
[2024-11-08T13:58:26-0500] -------------------------------
[2024-11-08T13:58:26-0500] Starting 5G booster for 5 s...
[2024-11-08T13:58:26-0500] 5G booster started at 2024-11-08 13:58:26.846 EST
[2024-11-08T13:58:32-0500] Current time exceeds end time, skipping wait
[2024-11-08T13:58:32-0500] Saved TCP DL results to /data/data/com.termux/files/home/storage/shared/bos_la_2024_trip/att/20241108/135330741/tcp_downlink_135826880.out
[2024-11-08T13:58:32-0500] DL AVG TPUT: 
[2024-11-08T13:58:33-0500] 5G booster finished at 2024-11-08 13:58:32.966 EST, duration: 6.120 s
[2024-11-08T13:58:33-0500] -------------------------------
[2024-11-08T13:58:33-0500] Waiting for 2 s...
[2024-11-08T13:58:35-0500] -------------------------------
[2024-11-08T13:58:35-0500] TCP Ping test started at 2024-11-08 13:58:35.094 EST
[2024-11-08T13:59:06-0500] Current time exceeds end time, skipping wait
[2024-11-08T13:59:06-0500] Saved TCP Ping test to /data/data/com.termux/files/home/storage/shared/bos_la_2024_trip/att/20241108/135330741/tcp_ping_135835148.out
[2024-11-08T13:59:06-0500] TCP Ping summary (min/avg/max/mdev) 
[2024-11-08T13:59:06-0500] TCP Ping test finished at 2024-11-08 13:59:06.262 EST, duration: 31.168 s
[2024-11-08T13:59:06-0500] -------------------------------
[2024-11-08T13:59:06-0500] Waiting for 2 s...
[2024-11-08T13:59:08-0500] -------------------------------
[2024-11-08T13:59:08-0500] Traceroute test started at 2024-11-08 13:59:08.368 EST
[2024-11-08T13:59:14-0500] Waiting for 24.052 s to reach end time
[2024-11-08T13:59:38-0500] Saved traceroute test to /data/data/com.termux/files/home/storage/shared/bos_la_2024_trip/att/20241108/135330741/traceroute_135908396.out
[2024-11-08T13:59:38-0500] Traceroute summary (min/avg/max/mdev) 
[2024-11-08T13:59:38-0500] Traceroute test finished at 2024-11-08 13:59:38.439 EST, duration: 30.071 s
[2024-11-08T13:59:38-0500] -------------------------------
[2024-11-08T13:59:38-0500] All tests completed, cleaning up...
[2024-11-08T13:59:38-0500] -------------------------------
[2024-11-08T14:00:10-0500] [measurement] Load environment variables from prod.env file
[2024-11-08T14:00:10-0500] Starting a network measurement, please choose a server
[2024-11-08T14:00:10-0500] 0) West Cloud: 54.176.53.206
[2024-11-08T14:00:10-0500] 1) East Cloud: 54.197.223.49
[2024-11-08T14:00:19-0500] Enter your choice (0-1): Testing att, server 1 (ip: 54.197.223.49, nuttcp_port: 5102, iperf_port: 5002)
[2024-11-08T14:00:19-0500] -------------------------------
[2024-11-08T14:00:19-0500] tcp downlink test started at 2024-11-08 14:00:19.721 EST
[2024-11-08T14:00:19-0500] Testing tcp downlink with 54.197.223.49:5102, interval 0.5 s, duration 120 s, timeout 121 s...
[2024-11-08T14:02:20-0500] Current time exceeds end time, skipping wait
[2024-11-08T14:02:20-0500] Saved tcp downlink test to /data/data/com.termux/files/home/storage/shared/bos_la_2024_trip/att/20241108/140019704/tcp_downlink_140019741.out
[2024-11-08T14:02:20-0500] DL AVG TPUT: 
[2024-11-08T14:02:20-0500] tcp downlink test finished at 2024-11-08 14:02:20.846 EST, duration: 121.125 s
[2024-11-08T14:02:20-0500] -------------------------------
[2024-11-08T14:02:20-0500] Waiting for 2 s...
[2024-11-08T14:02:22-0500] -------------------------------
[2024-11-08T14:02:22-0500] Starting 5G booster for 5 s...
[2024-11-08T14:02:22-0500] 5G booster started at 2024-11-08 14:02:22.966 EST
[2024-11-08T14:02:29-0500] Current time exceeds end time, skipping wait
[2024-11-08T14:02:29-0500] Saved TCP DL results to /data/data/com.termux/files/home/storage/shared/bos_la_2024_trip/att/20241108/140019704/tcp_downlink_140222996.out
[2024-11-08T14:02:29-0500] DL AVG TPUT: 
[2024-11-08T14:02:29-0500] 5G booster finished at 2024-11-08 14:02:29.108 EST, duration: 6.142 s
[2024-11-08T14:02:29-0500] -------------------------------
[2024-11-08T14:02:29-0500] Waiting for 2 s...
[2024-11-08T14:02:31-0500] -------------------------------
[2024-11-08T14:02:31-0500] tcp uplink test started at 2024-11-08 14:02:31.196 EST
[2024-11-08T14:02:31-0500] testing tcp uplink with 54.197.223.49:5102, interval 0.5, duration 120, timeout 121 ...
[2024-11-08T14:04:32-0500] Current time exceeds end time, skipping wait
[2024-11-08T14:04:32-0500] Saved uplink test to /data/data/com.termux/files/home/storage/shared/bos_la_2024_trip/att/20241108/140019704/tcp_uplink_140231228.out
[2024-11-08T14:04:32-0500] UL AVG TPUT: 
[2024-11-08T14:04:32-0500] tcp uplink test finished at 2024-11-08 14:04:32.314 EST, duration: 121.118 s
[2024-11-08T14:04:32-0500] -------------------------------
[2024-11-08T14:04:32-0500] Waiting for 2 s...
[2024-11-08T14:04:34-0500] -------------------------------
[2024-11-08T14:04:34-0500] Starting 5G booster for 5 s...
[2024-11-08T14:04:34-0500] 5G booster started at 2024-11-08 14:04:34.439 EST
[2024-11-08T14:04:40-0500] Current time exceeds end time, skipping wait
[2024-11-08T14:04:40-0500] Saved TCP DL results to /data/data/com.termux/files/home/storage/shared/bos_la_2024_trip/att/20241108/140019704/tcp_downlink_140434479.out
[2024-11-08T14:04:40-0500] DL AVG TPUT: 
[2024-11-08T14:04:40-0500] 5G booster finished at 2024-11-08 14:04:40.595 EST, duration: 6.156 s
[2024-11-08T14:04:40-0500] -------------------------------
[2024-11-08T14:04:40-0500] Waiting for 2 s...
[2024-11-08T14:04:42-0500] -------------------------------
[2024-11-08T14:04:42-0500] ICMP Ping test started at 2024-11-08 14:04:42.744 EST
[2024-11-08T14:05:12-0500] Waiting for .849 s to reach end time
[2024-11-08T14:05:13-0500] Saved ping test to /data/data/com.termux/files/home/storage/shared/bos_la_2024_trip/att/20241108/140019704/icmp_ping_140442785.out
[2024-11-08T14:05:13-0500] Ping summary (min/avg/max/mdev) = 36.697/43.868/73.836/4.211 ms
[2024-11-08T14:05:13-0500] Ping test finished at 2024-11-08 14:05:13.868 EST, duration: 31.124 s
[2024-11-08T14:05:13-0500] -------------------------------
[2024-11-08T14:05:13-0500] Waiting for 2 s...
[2024-11-08T14:05:15-0500] -------------------------------
[2024-11-08T14:05:16-0500] Starting 5G booster for 5 s...
[2024-11-08T14:05:16-0500] 5G booster started at 2024-11-08 14:05:16.029 EST
[2024-11-08T14:05:22-0500] Current time exceeds end time, skipping wait
[2024-11-08T14:05:22-0500] Saved TCP DL results to /data/data/com.termux/files/home/storage/shared/bos_la_2024_trip/att/20241108/140019704/tcp_downlink_140516084.out
[2024-11-08T14:05:22-0500] DL AVG TPUT: 
[2024-11-08T14:05:22-0500] 5G booster finished at 2024-11-08 14:05:22.163 EST, duration: 6.134 s
[2024-11-08T14:05:22-0500] -------------------------------
[2024-11-08T14:05:22-0500] Waiting for 2 s...
[2024-11-08T14:05:24-0500] -------------------------------
[2024-11-08T14:05:24-0500] TCP Ping test started at 2024-11-08 14:05:24.265 EST
[2024-11-08T14:05:55-0500] Current time exceeds end time, skipping wait
[2024-11-08T14:05:55-0500] Saved TCP Ping test to /data/data/com.termux/files/home/storage/shared/bos_la_2024_trip/att/20241108/140019704/tcp_ping_140524292.out
[2024-11-08T14:05:55-0500] TCP Ping summary (min/avg/max/mdev) 
[2024-11-08T14:05:55-0500] TCP Ping test finished at 2024-11-08 14:05:55.373 EST, duration: 31.108 s
[2024-11-08T14:05:55-0500] -------------------------------
[2024-11-08T14:05:55-0500] Waiting for 2 s...
[2024-11-08T14:05:57-0500] -------------------------------
[2024-11-08T14:05:57-0500] Traceroute test started at 2024-11-08 14:05:57.482 EST
[2024-11-08T14:06:03-0500] Waiting for 24.077 s to reach end time
[2024-11-08T14:06:27-0500] Saved traceroute test to /data/data/com.termux/files/home/storage/shared/bos_la_2024_trip/att/20241108/140019704/traceroute_140557531.out
[2024-11-08T14:06:27-0500] Traceroute summary (min/avg/max/mdev) 
[2024-11-08T14:06:27-0500] Traceroute test finished at 2024-11-08 14:06:27.610 EST, duration: 30.128 s
[2024-11-08T14:06:27-0500] -------------------------------
[2024-11-08T14:06:27-0500] All tests completed, cleaning up...
[2024-11-08T14:06:27-0500] -------------------------------
[2024-11-08T14:06:48-0500] [measurement] Load environment variables from prod.env file
[2024-11-08T14:06:48-0500] Starting a network measurement, please choose a server
[2024-11-08T14:06:48-0500] 0) West Cloud: 54.176.53.206
[2024-11-08T14:06:48-0500] 1) East Cloud: 54.197.223.49
[2024-11-08T14:06:48-0500] Enter your choice (0-1): Invalid choice, please enter a number in range
[2024-11-08T14:06:48-0500] Starting a network measurement, please choose a server
[2024-11-08T14:06:48-0500] 0) West Cloud: 54.176.53.206
[2024-11-08T14:06:48-0500] 1) East Cloud: 54.197.223.49
[2024-11-08T14:07:02-0500] Enter your choice (0-1): Testing att, server 1 (ip: 54.197.223.49, nuttcp_port: 5102, iperf_port: 5002)
[2024-11-08T14:07:02-0500] -------------------------------
[2024-11-08T14:07:02-0500] tcp downlink test started at 2024-11-08 14:07:02.744 EST
[2024-11-08T14:07:02-0500] Testing tcp downlink with 54.197.223.49:5102, interval 0.5 s, duration 120 s, timeout 121 s...
[2024-11-08T14:09:03-0500] Current time exceeds end time, skipping wait
[2024-11-08T14:09:03-0500] Saved tcp downlink test to /data/data/com.termux/files/home/storage/shared/bos_la_2024_trip/att/20241108/140702718/tcp_downlink_140702773.out
[2024-11-08T14:09:03-0500] DL AVG TPUT: 
[2024-11-08T14:09:03-0500] tcp downlink test finished at 2024-11-08 14:09:03.872 EST, duration: 121.128 s
[2024-11-08T14:09:03-0500] -------------------------------
[2024-11-08T14:09:03-0500] Waiting for 2 s...
[2024-11-08T14:09:05-0500] -------------------------------
[2024-11-08T14:09:05-0500] Starting 5G booster for 5 s...
[2024-11-08T14:09:05-0500] 5G booster started at 2024-11-08 14:09:05.974 EST
[2024-11-08T14:09:12-0500] Current time exceeds end time, skipping wait
[2024-11-08T14:09:12-0500] Saved TCP DL results to /data/data/com.termux/files/home/storage/shared/bos_la_2024_trip/att/20241108/140702718/tcp_downlink_140906006.out
[2024-11-08T14:09:12-0500] DL AVG TPUT: 
[2024-11-08T14:09:12-0500] 5G booster finished at 2024-11-08 14:09:12.113 EST, duration: 6.139 s
[2024-11-08T14:09:12-0500] -------------------------------
[2024-11-08T14:09:12-0500] Waiting for 2 s...
[2024-11-08T14:09:14-0500] -------------------------------
[2024-11-08T14:09:14-0500] tcp uplink test started at 2024-11-08 14:09:14.245 EST
[2024-11-08T14:09:14-0500] testing tcp uplink with 54.197.223.49:5102, interval 0.5, duration 120, timeout 121 ...
[2024-11-08T14:11:15-0500] Current time exceeds end time, skipping wait
[2024-11-08T14:11:15-0500] Saved uplink test to /data/data/com.termux/files/home/storage/shared/bos_la_2024_trip/att/20241108/140702718/tcp_uplink_140914272.out
[2024-11-08T14:11:15-0500] UL AVG TPUT: 
[2024-11-08T14:11:15-0500] tcp uplink test finished at 2024-11-08 14:11:15.357 EST, duration: 121.112 s
[2024-11-08T14:11:15-0500] -------------------------------
[2024-11-08T14:11:15-0500] Waiting for 2 s...
[2024-11-08T14:11:17-0500] -------------------------------
[2024-11-08T14:11:17-0500] Starting 5G booster for 5 s...
[2024-11-08T14:11:17-0500] 5G booster started at 2024-11-08 14:11:17.485 EST
[2024-11-08T14:11:23-0500] Current time exceeds end time, skipping wait
[2024-11-08T14:11:23-0500] Saved TCP DL results to /data/data/com.termux/files/home/storage/shared/bos_la_2024_trip/att/20241108/140702718/tcp_downlink_141117540.out
[2024-11-08T14:11:23-0500] DL AVG TPUT: 
[2024-11-08T14:11:23-0500] 5G booster finished at 2024-11-08 14:11:23.644 EST, duration: 6.159 s
[2024-11-08T14:11:23-0500] -------------------------------
[2024-11-08T14:11:23-0500] Waiting for 2 s...
[2024-11-08T14:11:25-0500] -------------------------------
[2024-11-08T14:11:25-0500] ICMP Ping test started at 2024-11-08 14:11:25.771 EST
[2024-11-08T14:11:56-0500] Waiting for .835 s to reach end time
[2024-11-08T14:11:56-0500] Saved ping test to /data/data/com.termux/files/home/storage/shared/bos_la_2024_trip/att/20241108/140702718/icmp_ping_141125819.out
[2024-11-08T14:11:56-0500] Ping summary (min/avg/max/mdev) = 51.241/60.907/157.151/11.641 ms
[2024-11-08T14:11:56-0500] Ping test finished at 2024-11-08 14:11:56.892 EST, duration: 31.121 s
[2024-11-08T14:11:56-0500] -------------------------------
[2024-11-08T14:11:56-0500] Waiting for 2 s...
[2024-11-08T14:11:59-0500] -------------------------------
[2024-11-08T14:11:59-0500] Starting 5G booster for 5 s...
[2024-11-08T14:11:59-0500] 5G booster started at 2024-11-08 14:11:59.033 EST
[2024-11-08T14:12:05-0500] Current time exceeds end time, skipping wait
[2024-11-08T14:12:05-0500] Saved TCP DL results to /data/data/com.termux/files/home/storage/shared/bos_la_2024_trip/att/20241108/140702718/tcp_downlink_141159072.out
[2024-11-08T14:12:05-0500] DL AVG TPUT: 
[2024-11-08T14:12:05-0500] 5G booster finished at 2024-11-08 14:12:05.176 EST, duration: 6.143 s
[2024-11-08T14:12:05-0500] -------------------------------
[2024-11-08T14:12:05-0500] Waiting for 2 s...
[2024-11-08T14:12:07-0500] -------------------------------
[2024-11-08T14:12:07-0500] TCP Ping test started at 2024-11-08 14:12:07.294 EST
[2024-11-08T14:12:38-0500] Current time exceeds end time, skipping wait
[2024-11-08T14:12:38-0500] Saved TCP Ping test to /data/data/com.termux/files/home/storage/shared/bos_la_2024_trip/att/20241108/140702718/tcp_ping_141207336.out
[2024-11-08T14:12:38-0500] TCP Ping summary (min/avg/max/mdev) 
[2024-11-08T14:12:38-0500] TCP Ping test finished at 2024-11-08 14:12:38.431 EST, duration: 31.137 s
[2024-11-08T14:12:38-0500] -------------------------------
[2024-11-08T14:12:38-0500] Waiting for 2 s...
[2024-11-08T14:12:40-0500] -------------------------------
[2024-11-08T14:12:40-0500] Traceroute test started at 2024-11-08 14:12:40.567 EST
[2024-11-08T14:12:46-0500] Waiting for 24.013 s to reach end time
[2024-11-08T14:13:10-0500] Saved traceroute test to /data/data/com.termux/files/home/storage/shared/bos_la_2024_trip/att/20241108/140702718/traceroute_141240599.out
[2024-11-08T14:13:10-0500] Traceroute summary (min/avg/max/mdev) 
[2024-11-08T14:13:10-0500] Traceroute test finished at 2024-11-08 14:13:10.648 EST, duration: 30.081 s
[2024-11-08T14:13:10-0500] -------------------------------
[2024-11-08T14:13:10-0500] All tests completed, cleaning up...
[2024-11-08T14:13:10-0500] -------------------------------
[2024-11-08T14:14:13-0500] [measurement] Load environment variables from prod.env file
[2024-11-08T14:14:14-0500] Starting a network measurement, please choose a server
[2024-11-08T14:14:14-0500] 0) West Cloud: 54.176.53.206
[2024-11-08T14:14:14-0500] 1) East Cloud: 54.197.223.49
[2024-11-08T14:14:19-0500] Enter your choice (0-1): Testing att, server 1 (ip: 54.197.223.49, nuttcp_port: 5102, iperf_port: 5002)
[2024-11-08T14:14:19-0500] -------------------------------
[2024-11-08T14:14:19-0500] tcp downlink test started at 2024-11-08 14:14:19.870 EST
[2024-11-08T14:14:19-0500] Testing tcp downlink with 54.197.223.49:5102, interval 0.5 s, duration 120 s, timeout 121 s...
[2024-11-08T14:16:20-0500] Current time exceeds end time, skipping wait
[2024-11-08T14:16:20-0500] Saved tcp downlink test to /data/data/com.termux/files/home/storage/shared/bos_la_2024_trip/att/20241108/141419853/tcp_downlink_141419891.out
[2024-11-08T14:16:21-0500] DL AVG TPUT: 
[2024-11-08T14:16:21-0500] tcp downlink test finished at 2024-11-08 14:16:20.969 EST, duration: 121.099 s
[2024-11-08T14:16:21-0500] -------------------------------
[2024-11-08T14:16:21-0500] Waiting for 2 s...
[2024-11-08T14:16:23-0500] -------------------------------
[2024-11-08T14:16:23-0500] Starting 5G booster for 5 s...
[2024-11-08T14:16:23-0500] 5G booster started at 2024-11-08 14:16:23.097 EST
[2024-11-08T14:16:29-0500] Current time exceeds end time, skipping wait
[2024-11-08T14:16:29-0500] Saved TCP DL results to /data/data/com.termux/files/home/storage/shared/bos_la_2024_trip/att/20241108/141419853/tcp_downlink_141623130.out
[2024-11-08T14:16:29-0500] DL AVG TPUT: 
[2024-11-08T14:16:29-0500] 5G booster finished at 2024-11-08 14:16:29.205 EST, duration: 6.108 s
[2024-11-08T14:16:29-0500] -------------------------------
[2024-11-08T14:16:29-0500] Waiting for 2 s...
[2024-11-08T14:16:31-0500] -------------------------------
[2024-11-08T14:16:31-0500] tcp uplink test started at 2024-11-08 14:16:31.299 EST
[2024-11-08T14:16:31-0500] testing tcp uplink with 54.197.223.49:5102, interval 0.5, duration 120, timeout 121 ...
[2024-11-08T14:18:32-0500] Current time exceeds end time, skipping wait
[2024-11-08T14:18:32-0500] Saved uplink test to /data/data/com.termux/files/home/storage/shared/bos_la_2024_trip/att/20241108/141419853/tcp_uplink_141631354.out
[2024-11-08T14:18:32-0500] UL AVG TPUT: 
[2024-11-08T14:18:32-0500] tcp uplink test finished at 2024-11-08 14:18:32.437 EST, duration: 121.138 s
[2024-11-08T14:18:32-0500] -------------------------------
[2024-11-08T14:18:32-0500] Waiting for 2 s...
[2024-11-08T14:18:34-0500] -------------------------------
[2024-11-08T14:18:34-0500] Starting 5G booster for 5 s...
[2024-11-08T14:18:34-0500] 5G booster started at 2024-11-08 14:18:34.606 EST
[2024-11-08T14:18:40-0500] Current time exceeds end time, skipping wait
[2024-11-08T14:18:40-0500] Saved TCP DL results to /data/data/com.termux/files/home/storage/shared/bos_la_2024_trip/att/20241108/141419853/tcp_downlink_141834635.out
[2024-11-08T14:18:40-0500] DL AVG TPUT: 
[2024-11-08T14:18:40-0500] 5G booster finished at 2024-11-08 14:18:40.711 EST, duration: 6.105 s
[2024-11-08T14:18:40-0500] -------------------------------
[2024-11-08T14:18:40-0500] Waiting for 2 s...
[2024-11-08T14:18:42-0500] -------------------------------
[2024-11-08T14:18:42-0500] ICMP Ping test started at 2024-11-08 14:18:42.844 EST
[2024-11-08T14:19:13-0500] Waiting for .887 s to reach end time
[2024-11-08T14:19:13-0500] Saved ping test to /data/data/com.termux/files/home/storage/shared/bos_la_2024_trip/att/20241108/141419853/icmp_ping_141842872.out
[2024-11-08T14:19:13-0500] Ping summary (min/avg/max/mdev) = 47.308/97.363/766.441/115.909 ms
[2024-11-08T14:19:13-0500] Ping test finished at 2024-11-08 14:19:13.916 EST, duration: 31.072 s
[2024-11-08T14:19:13-0500] -------------------------------
[2024-11-08T14:19:13-0500] Waiting for 2 s...
[2024-11-08T14:19:15-0500] -------------------------------
[2024-11-08T14:19:15-0500] Starting 5G booster for 5 s...
[2024-11-08T14:19:16-0500] 5G booster started at 2024-11-08 14:19:16.023 EST
[2024-11-08T14:19:22-0500] Current time exceeds end time, skipping wait
[2024-11-08T14:19:22-0500] Saved TCP DL results to /data/data/com.termux/files/home/storage/shared/bos_la_2024_trip/att/20241108/141419853/tcp_downlink_141916074.out
[2024-11-08T14:19:22-0500] DL AVG TPUT: 
[2024-11-08T14:19:22-0500] 5G booster finished at 2024-11-08 14:19:22.151 EST, duration: 6.128 s
[2024-11-08T14:19:22-0500] -------------------------------
[2024-11-08T14:19:22-0500] Waiting for 2 s...
[2024-11-08T14:19:24-0500] -------------------------------
[2024-11-08T14:19:24-0500] TCP Ping test started at 2024-11-08 14:19:24.278 EST
[2024-11-08T14:19:55-0500] Current time exceeds end time, skipping wait
[2024-11-08T14:19:55-0500] Saved TCP Ping test to /data/data/com.termux/files/home/storage/shared/bos_la_2024_trip/att/20241108/141419853/tcp_ping_141924332.out
[2024-11-08T14:19:55-0500] TCP Ping summary (min/avg/max/mdev) 
[2024-11-08T14:19:55-0500] TCP Ping test finished at 2024-11-08 14:19:55.427 EST, duration: 31.149 s
[2024-11-08T14:19:55-0500] -------------------------------
[2024-11-08T14:19:55-0500] Waiting for 2 s...
[2024-11-08T14:19:57-0500] -------------------------------
[2024-11-08T14:19:57-0500] Traceroute test started at 2024-11-08 14:19:57.534 EST
[2024-11-08T14:20:03-0500] Waiting for 24.160 s to reach end time
[2024-11-08T14:20:27-0500] Saved traceroute test to /data/data/com.termux/files/home/storage/shared/bos_la_2024_trip/att/20241108/141419853/traceroute_141957567.out
[2024-11-08T14:20:27-0500] Traceroute summary (min/avg/max/mdev) 
[2024-11-08T14:20:27-0500] Traceroute test finished at 2024-11-08 14:20:27.602 EST, duration: 30.068 s
[2024-11-08T14:20:27-0500] -------------------------------
[2024-11-08T14:20:27-0500] All tests completed, cleaning up...
[2024-11-08T14:20:27-0500] -------------------------------
[2024-11-08T14:21:34-0500] [measurement] Load environment variables from prod.env file
[2024-11-08T14:21:34-0500] Starting a network measurement, please choose a server
[2024-11-08T14:21:34-0500] 0) West Cloud: 54.176.53.206
[2024-11-08T14:21:34-0500] 1) East Cloud: 54.197.223.49
[2024-11-08T14:21:36-0500] Enter your choice (0-1): Testing att, server 1 (ip: 54.197.223.49, nuttcp_port: 5102, iperf_port: 5002)
[2024-11-08T14:21:36-0500] -------------------------------
[2024-11-08T14:21:36-0500] tcp downlink test started at 2024-11-08 14:21:36.931 EST
[2024-11-08T14:21:36-0500] Testing tcp downlink with 54.197.223.49:5102, interval 0.5 s, duration 120 s, timeout 121 s...
[2024-11-08T14:23:37-0500] Current time exceeds end time, skipping wait
[2024-11-08T14:23:38-0500] Saved tcp downlink test to /data/data/com.termux/files/home/storage/shared/bos_la_2024_trip/att/20241108/142136914/tcp_downlink_142136952.out
[2024-11-08T14:23:38-0500] DL AVG TPUT: 
[2024-11-08T14:23:38-0500] tcp downlink test finished at 2024-11-08 14:23:38.002 EST, duration: 121.071 s
[2024-11-08T14:23:38-0500] -------------------------------
[2024-11-08T14:23:38-0500] Waiting for 2 s...
[2024-11-08T14:23:40-0500] -------------------------------
[2024-11-08T14:23:40-0500] Starting 5G booster for 5 s...
[2024-11-08T14:23:40-0500] 5G booster started at 2024-11-08 14:23:40.102 EST
[2024-11-08T14:23:46-0500] Current time exceeds end time, skipping wait
[2024-11-08T14:23:46-0500] Saved TCP DL results to /data/data/com.termux/files/home/storage/shared/bos_la_2024_trip/att/20241108/142136914/tcp_downlink_142340151.out
[2024-11-08T14:23:46-0500] DL AVG TPUT: 
[2024-11-08T14:23:46-0500] 5G booster finished at 2024-11-08 14:23:46.210 EST, duration: 6.108 s
[2024-11-08T14:23:46-0500] -------------------------------
[2024-11-08T14:23:46-0500] Waiting for 2 s...
[2024-11-08T14:23:48-0500] -------------------------------
[2024-11-08T14:23:48-0500] tcp uplink test started at 2024-11-08 14:23:48.320 EST
[2024-11-08T14:23:48-0500] testing tcp uplink with 54.197.223.49:5102, interval 0.5, duration 120, timeout 121 ...
[2024-11-08T14:25:49-0500] Current time exceeds end time, skipping wait
[2024-11-08T14:25:49-0500] Saved uplink test to /data/data/com.termux/files/home/storage/shared/bos_la_2024_trip/att/20241108/142136914/tcp_uplink_142348355.out
[2024-11-08T14:25:49-0500] UL AVG TPUT: 
[2024-11-08T14:25:49-0500] tcp uplink test finished at 2024-11-08 14:25:49.455 EST, duration: 121.135 s
[2024-11-08T14:25:49-0500] -------------------------------
[2024-11-08T14:25:49-0500] Waiting for 2 s...
[2024-11-08T14:25:51-0500] -------------------------------
[2024-11-08T14:25:51-0500] Starting 5G booster for 5 s...
[2024-11-08T14:25:51-0500] 5G booster started at 2024-11-08 14:25:51.602 EST
[2024-11-08T14:25:57-0500] Current time exceeds end time, skipping wait
[2024-11-08T14:25:57-0500] Saved TCP DL results to /data/data/com.termux/files/home/storage/shared/bos_la_2024_trip/att/20241108/142136914/tcp_downlink_142551664.out
[2024-11-08T14:25:57-0500] DL AVG TPUT: 
[2024-11-08T14:25:57-0500] 5G booster finished at 2024-11-08 14:25:57.751 EST, duration: 6.149 s
[2024-11-08T14:25:57-0500] -------------------------------
[2024-11-08T14:25:57-0500] Waiting for 2 s...
[2024-11-08T14:25:59-0500] -------------------------------
[2024-11-08T14:25:59-0500] ICMP Ping test started at 2024-11-08 14:25:59.863 EST
[2024-11-08T14:26:30-0500] Waiting for .875 s to reach end time
[2024-11-08T14:26:30-0500] Saved ping test to /data/data/com.termux/files/home/storage/shared/bos_la_2024_trip/att/20241108/142136914/icmp_ping_142559896.out
[2024-11-08T14:26:31-0500] Ping summary (min/avg/max/mdev) = 50.165/53.623/87.445/3.984 ms
[2024-11-08T14:26:31-0500] Ping test finished at 2024-11-08 14:26:30.980 EST, duration: 31.117 s
[2024-11-08T14:26:31-0500] -------------------------------
[2024-11-08T14:26:31-0500] Waiting for 2 s...
[2024-11-08T14:26:33-0500] -------------------------------
[2024-11-08T14:26:33-0500] Starting 5G booster for 5 s...
[2024-11-08T14:26:33-0500] 5G booster started at 2024-11-08 14:26:33.137 EST
[2024-11-08T14:26:39-0500] Current time exceeds end time, skipping wait
[2024-11-08T14:26:39-0500] Saved TCP DL results to /data/data/com.termux/files/home/storage/shared/bos_la_2024_trip/att/20241108/142136914/tcp_downlink_142633164.out
[2024-11-08T14:26:39-0500] DL AVG TPUT: 
[2024-11-08T14:26:39-0500] 5G booster finished at 2024-11-08 14:26:39.270 EST, duration: 6.133 s
[2024-11-08T14:26:39-0500] -------------------------------
[2024-11-08T14:26:39-0500] Waiting for 2 s...
[2024-11-08T14:26:41-0500] -------------------------------
[2024-11-08T14:26:41-0500] TCP Ping test started at 2024-11-08 14:26:41.407 EST
[2024-11-08T14:27:12-0500] Current time exceeds end time, skipping wait
[2024-11-08T14:27:12-0500] Saved TCP Ping test to /data/data/com.termux/files/home/storage/shared/bos_la_2024_trip/att/20241108/142136914/tcp_ping_142641440.out
[2024-11-08T14:27:12-0500] TCP Ping summary (min/avg/max/mdev) 
[2024-11-08T14:27:12-0500] TCP Ping test finished at 2024-11-08 14:27:12.598 EST, duration: 31.191 s
[2024-11-08T14:27:12-0500] -------------------------------
[2024-11-08T14:27:12-0500] Waiting for 2 s...
[2024-11-08T14:27:14-0500] -------------------------------
[2024-11-08T14:27:14-0500] Traceroute test started at 2024-11-08 14:27:14.761 EST
[2024-11-08T14:27:20-0500] Waiting for 23.994 s to reach end time
[2024-11-08T14:27:44-0500] Saved traceroute test to /data/data/com.termux/files/home/storage/shared/bos_la_2024_trip/att/20241108/142136914/traceroute_142714788.out
[2024-11-08T14:27:44-0500] Traceroute summary (min/avg/max/mdev) 
[2024-11-08T14:27:44-0500] Traceroute test finished at 2024-11-08 14:27:44.856 EST, duration: 30.095 s
[2024-11-08T14:27:44-0500] -------------------------------
[2024-11-08T14:27:44-0500] All tests completed, cleaning up...
[2024-11-08T14:27:44-0500] -------------------------------
[2024-11-08T14:28:07-0500] [measurement] Load environment variables from prod.env file
[2024-11-08T14:28:07-0500] Starting a network measurement, please choose a server
[2024-11-08T14:28:07-0500] 0) West Cloud: 54.176.53.206
[2024-11-08T14:28:07-0500] 1) East Cloud: 54.197.223.49
[2024-11-08T14:28:14-0500] Enter your choice (0-1): Testing att, server 1 (ip: 54.197.223.49, nuttcp_port: 5102, iperf_port: 5002)
[2024-11-08T14:28:14-0500] -------------------------------
[2024-11-08T14:28:14-0500] tcp downlink test started at 2024-11-08 14:28:14.944 EST
[2024-11-08T14:28:14-0500] Testing tcp downlink with 54.197.223.49:5102, interval 0.5 s, duration 120 s, timeout 121 s...
[2024-11-08T14:30:16-0500] Current time exceeds end time, skipping wait
[2024-11-08T14:30:16-0500] Saved tcp downlink test to /data/data/com.termux/files/home/storage/shared/bos_la_2024_trip/att/20241108/142814926/tcp_downlink_142814966.out
[2024-11-08T14:30:16-0500] DL AVG TPUT: 
[2024-11-08T14:30:16-0500] tcp downlink test finished at 2024-11-08 14:30:16.072 EST, duration: 121.128 s
[2024-11-08T14:30:16-0500] -------------------------------
[2024-11-08T14:30:16-0500] Waiting for 2 s...
[2024-11-08T14:30:18-0500] -------------------------------
[2024-11-08T14:30:18-0500] Starting 5G booster for 5 s...
[2024-11-08T14:30:18-0500] 5G booster started at 2024-11-08 14:30:18.194 EST
[2024-11-08T14:30:24-0500] Current time exceeds end time, skipping wait
[2024-11-08T14:30:24-0500] Saved TCP DL results to /data/data/com.termux/files/home/storage/shared/bos_la_2024_trip/att/20241108/142814926/tcp_downlink_143018227.out
[2024-11-08T14:30:24-0500] DL AVG TPUT: 
[2024-11-08T14:30:24-0500] 5G booster finished at 2024-11-08 14:30:24.359 EST, duration: 6.165 s
[2024-11-08T14:30:24-0500] -------------------------------
[2024-11-08T14:30:24-0500] Waiting for 2 s...
[2024-11-08T14:30:26-0500] -------------------------------
[2024-11-08T14:30:26-0500] tcp uplink test started at 2024-11-08 14:30:26.493 EST
[2024-11-08T14:30:26-0500] testing tcp uplink with 54.197.223.49:5102, interval 0.5, duration 120, timeout 121 ...
[2024-11-08T14:32:27-0500] Current time exceeds end time, skipping wait
[2024-11-08T14:32:27-0500] Saved uplink test to /data/data/com.termux/files/home/storage/shared/bos_la_2024_trip/att/20241108/142814926/tcp_uplink_143026562.out
[2024-11-08T14:32:27-0500] UL AVG TPUT: 
[2024-11-08T14:32:27-0500] tcp uplink test finished at 2024-11-08 14:32:27.676 EST, duration: 121.183 s
[2024-11-08T14:32:27-0500] -------------------------------
[2024-11-08T14:32:27-0500] Waiting for 2 s...
[2024-11-08T14:32:29-0500] -------------------------------
[2024-11-08T14:32:29-0500] Starting 5G booster for 5 s...
[2024-11-08T14:32:29-0500] 5G booster started at 2024-11-08 14:32:29.847 EST
[2024-11-08T14:32:36-0500] Current time exceeds end time, skipping wait
[2024-11-08T14:32:36-0500] Saved TCP DL results to /data/data/com.termux/files/home/storage/shared/bos_la_2024_trip/att/20241108/142814926/tcp_downlink_143229889.out
[2024-11-08T14:32:36-0500] DL AVG TPUT: 
[2024-11-08T14:32:36-0500] 5G booster finished at 2024-11-08 14:32:36.016 EST, duration: 6.169 s
[2024-11-08T14:32:36-0500] -------------------------------
[2024-11-08T14:32:36-0500] Waiting for 2 s...
[2024-11-08T14:32:38-0500] -------------------------------
[2024-11-08T14:32:38-0500] ICMP Ping test started at 2024-11-08 14:32:38.153 EST
[2024-11-08T14:33:08-0500] Waiting for .889 s to reach end time
[2024-11-08T14:33:09-0500] Saved ping test to /data/data/com.termux/files/home/storage/shared/bos_la_2024_trip/att/20241108/142814926/icmp_ping_143238186.out
[2024-11-08T14:33:09-0500] Ping summary (min/avg/max/mdev) = 50.366/62.897/88.866/6.487 ms
[2024-11-08T14:33:09-0500] Ping test finished at 2024-11-08 14:33:09.264 EST, duration: 31.111 s
[2024-11-08T14:33:09-0500] -------------------------------
[2024-11-08T14:33:09-0500] Waiting for 2 s...
[2024-11-08T14:33:11-0500] -------------------------------
[2024-11-08T14:33:11-0500] Starting 5G booster for 5 s...
[2024-11-08T14:33:11-0500] 5G booster started at 2024-11-08 14:33:11.416 EST
[2024-11-08T14:33:17-0500] Current time exceeds end time, skipping wait
[2024-11-08T14:33:17-0500] Saved TCP DL results to /data/data/com.termux/files/home/storage/shared/bos_la_2024_trip/att/20241108/142814926/tcp_downlink_143311453.out
[2024-11-08T14:33:17-0500] DL AVG TPUT: 
[2024-11-08T14:33:17-0500] 5G booster finished at 2024-11-08 14:33:17.536 EST, duration: 6.120 s
[2024-11-08T14:33:17-0500] -------------------------------
[2024-11-08T14:33:17-0500] Waiting for 2 s...
[2024-11-08T14:33:19-0500] -------------------------------
[2024-11-08T14:33:19-0500] TCP Ping test started at 2024-11-08 14:33:19.657 EST
[2024-11-08T14:33:50-0500] Current time exceeds end time, skipping wait
[2024-11-08T14:33:50-0500] Saved TCP Ping test to /data/data/com.termux/files/home/storage/shared/bos_la_2024_trip/att/20241108/142814926/tcp_ping_143319694.out
[2024-11-08T14:33:50-0500] TCP Ping summary (min/avg/max/mdev) 
[2024-11-08T14:33:50-0500] TCP Ping test finished at 2024-11-08 14:33:50.798 EST, duration: 31.141 s
[2024-11-08T14:33:50-0500] -------------------------------
[2024-11-08T14:33:50-0500] Waiting for 2 s...
[2024-11-08T14:33:52-0500] -------------------------------
[2024-11-08T14:33:52-0500] Traceroute test started at 2024-11-08 14:33:52.883 EST
[2024-11-08T14:33:58-0500] Waiting for 24.120 s to reach end time
[2024-11-08T14:34:22-0500] Saved traceroute test to /data/data/com.termux/files/home/storage/shared/bos_la_2024_trip/att/20241108/142814926/traceroute_143352910.out
[2024-11-08T14:34:22-0500] Traceroute summary (min/avg/max/mdev) 
[2024-11-08T14:34:23-0500] Traceroute test finished at 2024-11-08 14:34:22.960 EST, duration: 30.077 s
[2024-11-08T14:34:23-0500] -------------------------------
[2024-11-08T14:34:23-0500] All tests completed, cleaning up...
[2024-11-08T14:34:23-0500] -------------------------------
[2024-11-08T14:35:27-0500] [measurement] Load environment variables from prod.env file
[2024-11-08T14:35:27-0500] Starting a network measurement, please choose a server
[2024-11-08T14:35:27-0500] 0) West Cloud: 54.176.53.206
[2024-11-08T14:35:27-0500] 1) East Cloud: 54.197.223.49
[2024-11-08T14:35:33-0500] Enter your choice (0-1): Testing att, server 1 (ip: 54.197.223.49, nuttcp_port: 5102, iperf_port: 5002)
[2024-11-08T14:35:33-0500] -------------------------------
[2024-11-08T14:35:33-0500] tcp downlink test started at 2024-11-08 14:35:33.661 EST
[2024-11-08T14:35:33-0500] Testing tcp downlink with 54.197.223.49:5102, interval 0.5 s, duration 120 s, timeout 121 s...
[2024-11-08T14:37:34-0500] Current time exceeds end time, skipping wait
[2024-11-08T14:37:34-0500] Saved tcp downlink test to /data/data/com.termux/files/home/storage/shared/bos_la_2024_trip/att/20241108/143533642/tcp_downlink_143533690.out
[2024-11-08T14:37:34-0500] DL AVG TPUT: 
[2024-11-08T14:37:34-0500] tcp downlink test finished at 2024-11-08 14:37:34.778 EST, duration: 121.117 s
[2024-11-08T14:37:34-0500] -------------------------------
[2024-11-08T14:37:34-0500] Waiting for 2 s...
[2024-11-08T14:37:36-0500] -------------------------------
[2024-11-08T14:37:36-0500] Starting 5G booster for 5 s...
[2024-11-08T14:37:36-0500] 5G booster started at 2024-11-08 14:37:36.916 EST
[2024-11-08T14:37:43-0500] Current time exceeds end time, skipping wait
[2024-11-08T14:37:43-0500] Saved TCP DL results to /data/data/com.termux/files/home/storage/shared/bos_la_2024_trip/att/20241108/143533642/tcp_downlink_143736984.out
[2024-11-08T14:37:43-0500] DL AVG TPUT: 
[2024-11-08T14:37:43-0500] 5G booster finished at 2024-11-08 14:37:43.096 EST, duration: 6.180 s
[2024-11-08T14:37:43-0500] -------------------------------
[2024-11-08T14:37:43-0500] Waiting for 2 s...
[2024-11-08T14:37:45-0500] -------------------------------
[2024-11-08T14:37:45-0500] tcp uplink test started at 2024-11-08 14:37:45.206 EST
[2024-11-08T14:37:45-0500] testing tcp uplink with 54.197.223.49:5102, interval 0.5, duration 120, timeout 121 ...
[2024-11-08T14:39:46-0500] Current time exceeds end time, skipping wait
[2024-11-08T14:39:46-0500] Saved uplink test to /data/data/com.termux/files/home/storage/shared/bos_la_2024_trip/att/20241108/143533642/tcp_uplink_143745229.out
[2024-11-08T14:39:46-0500] UL AVG TPUT: 
[2024-11-08T14:39:46-0500] tcp uplink test finished at 2024-11-08 14:39:46.342 EST, duration: 121.136 s
[2024-11-08T14:39:46-0500] -------------------------------
[2024-11-08T14:39:46-0500] Waiting for 2 s...
[2024-11-08T14:39:48-0500] -------------------------------
[2024-11-08T14:39:48-0500] Starting 5G booster for 5 s...
[2024-11-08T14:39:48-0500] 5G booster started at 2024-11-08 14:39:48.479 EST
[2024-11-08T14:39:54-0500] Current time exceeds end time, skipping wait
[2024-11-08T14:39:54-0500] Saved TCP DL results to /data/data/com.termux/files/home/storage/shared/bos_la_2024_trip/att/20241108/143533642/tcp_downlink_143948511.out
[2024-11-08T14:39:54-0500] DL AVG TPUT: 
[2024-11-08T14:39:54-0500] 5G booster finished at 2024-11-08 14:39:54.655 EST, duration: 6.176 s
[2024-11-08T14:39:54-0500] -------------------------------
[2024-11-08T14:39:54-0500] Waiting for 2 s...
[2024-11-08T14:39:56-0500] -------------------------------
[2024-11-08T14:39:56-0500] ICMP Ping test started at 2024-11-08 14:39:56.765 EST
[2024-11-08T14:40:26-0500] Waiting for .883 s to reach end time
[2024-11-08T14:40:27-0500] Saved ping test to /data/data/com.termux/files/home/storage/shared/bos_la_2024_trip/att/20241108/143533642/icmp_ping_143956795.out
[2024-11-08T14:40:27-0500] Ping summary (min/avg/max/mdev) = 61.597/77.172/101.068/8.354 ms
[2024-11-08T14:40:27-0500] Ping test finished at 2024-11-08 14:40:27.862 EST, duration: 31.097 s
[2024-11-08T14:40:27-0500] -------------------------------
[2024-11-08T14:40:27-0500] Waiting for 2 s...
[2024-11-08T14:40:29-0500] -------------------------------
[2024-11-08T14:40:29-0500] Starting 5G booster for 5 s...
[2024-11-08T14:40:30-0500] 5G booster started at 2024-11-08 14:40:30.003 EST
[2024-11-08T14:40:36-0500] Current time exceeds end time, skipping wait
[2024-11-08T14:40:36-0500] Saved TCP DL results to /data/data/com.termux/files/home/storage/shared/bos_la_2024_trip/att/20241108/143533642/tcp_downlink_144030056.out
[2024-11-08T14:40:36-0500] DL AVG TPUT: 
[2024-11-08T14:40:36-0500] 5G booster finished at 2024-11-08 14:40:36.133 EST, duration: 6.130 s
[2024-11-08T14:40:36-0500] -------------------------------
[2024-11-08T14:40:36-0500] Waiting for 2 s...
[2024-11-08T14:40:38-0500] -------------------------------
[2024-11-08T14:40:38-0500] TCP Ping test started at 2024-11-08 14:40:38.226 EST
[2024-11-08T14:41:09-0500] Current time exceeds end time, skipping wait
[2024-11-08T14:41:09-0500] Saved TCP Ping test to /data/data/com.termux/files/home/storage/shared/bos_la_2024_trip/att/20241108/143533642/tcp_ping_144038302.out
[2024-11-08T14:41:09-0500] TCP Ping summary (min/avg/max/mdev) 
[2024-11-08T14:41:09-0500] TCP Ping test finished at 2024-11-08 14:41:09.400 EST, duration: 31.174 s
[2024-11-08T14:41:09-0500] -------------------------------
[2024-11-08T14:41:09-0500] Waiting for 2 s...
[2024-11-08T14:41:11-0500] -------------------------------
[2024-11-08T14:41:11-0500] Traceroute test started at 2024-11-08 14:41:11.501 EST
[2024-11-08T14:41:17-0500] Waiting for 23.998 s to reach end time
[2024-11-08T14:41:41-0500] Saved traceroute test to /data/data/com.termux/files/home/storage/shared/bos_la_2024_trip/att/20241108/143533642/traceroute_144111526.out
[2024-11-08T14:41:41-0500] Traceroute summary (min/avg/max/mdev) 
[2024-11-08T14:41:41-0500] Traceroute test finished at 2024-11-08 14:41:41.600 EST, duration: 30.099 s
[2024-11-08T14:41:41-0500] -------------------------------
[2024-11-08T14:41:41-0500] All tests completed, cleaning up...
[2024-11-08T14:41:41-0500] -------------------------------
[2024-11-08T14:42:06-0500] [measurement] Load environment variables from prod.env file
[2024-11-08T14:42:06-0500] Starting a network measurement, please choose a server
[2024-11-08T14:42:06-0500] 0) West Cloud: 54.176.53.206
[2024-11-08T14:42:06-0500] 1) East Cloud: 54.197.223.49
[2024-11-08T14:42:19-0500] Enter your choice (0-1): Testing att, server 1 (ip: 54.197.223.49, nuttcp_port: 5102, iperf_port: 5002)
[2024-11-08T14:42:20-0500] -------------------------------
[2024-11-08T14:42:20-0500] tcp downlink test started at 2024-11-08 14:42:20.023 EST
[2024-11-08T14:42:20-0500] Testing tcp downlink with 54.197.223.49:5102, interval 0.5 s, duration 120 s, timeout 121 s...
[2024-11-08T14:44:21-0500] Current time exceeds end time, skipping wait
[2024-11-08T14:44:21-0500] Saved tcp downlink test to /data/data/com.termux/files/home/storage/shared/bos_la_2024_trip/att/20241108/144220007/tcp_downlink_144220044.out
[2024-11-08T14:44:21-0500] DL AVG TPUT: 
[2024-11-08T14:44:21-0500] tcp downlink test finished at 2024-11-08 14:44:21.133 EST, duration: 121.110 s
[2024-11-08T14:44:21-0500] -------------------------------
[2024-11-08T14:44:21-0500] Waiting for 2 s...
[2024-11-08T14:44:23-0500] -------------------------------
[2024-11-08T14:44:23-0500] Starting 5G booster for 5 s...
[2024-11-08T14:44:23-0500] 5G booster started at 2024-11-08 14:44:23.238 EST
[2024-11-08T14:44:29-0500] Current time exceeds end time, skipping wait
[2024-11-08T14:44:29-0500] Saved TCP DL results to /data/data/com.termux/files/home/storage/shared/bos_la_2024_trip/att/20241108/144220007/tcp_downlink_144423268.out
[2024-11-08T14:44:29-0500] DL AVG TPUT: 
[2024-11-08T14:44:29-0500] 5G booster finished at 2024-11-08 14:44:29.384 EST, duration: 6.146 s
[2024-11-08T14:44:29-0500] -------------------------------
[2024-11-08T14:44:29-0500] Waiting for 2 s...
[2024-11-08T14:44:31-0500] -------------------------------
[2024-11-08T14:44:31-0500] tcp uplink test started at 2024-11-08 14:44:31.517 EST
[2024-11-08T14:44:31-0500] testing tcp uplink with 54.197.223.49:5102, interval 0.5, duration 120, timeout 121 ...
[2024-11-08T14:46:32-0500] Current time exceeds end time, skipping wait
[2024-11-08T14:46:32-0500] Saved uplink test to /data/data/com.termux/files/home/storage/shared/bos_la_2024_trip/att/20241108/144220007/tcp_uplink_144431570.out
[2024-11-08T14:46:32-0500] UL AVG TPUT: 
[2024-11-08T14:46:32-0500] tcp uplink test finished at 2024-11-08 14:46:32.659 EST, duration: 121.142 s
[2024-11-08T14:46:32-0500] -------------------------------
[2024-11-08T14:46:32-0500] Waiting for 2 s...
[2024-11-08T14:46:34-0500] -------------------------------
[2024-11-08T14:46:34-0500] Starting 5G booster for 5 s...
[2024-11-08T14:46:34-0500] 5G booster started at 2024-11-08 14:46:34.788 EST
[2024-11-08T14:46:40-0500] Current time exceeds end time, skipping wait
[2024-11-08T14:46:40-0500] Saved TCP DL results to /data/data/com.termux/files/home/storage/shared/bos_la_2024_trip/att/20241108/144220007/tcp_downlink_144634832.out
[2024-11-08T14:46:40-0500] DL AVG TPUT: 
[2024-11-08T14:46:41-0500] 5G booster finished at 2024-11-08 14:46:40.914 EST, duration: 6.126 s
[2024-11-08T14:46:41-0500] -------------------------------
[2024-11-08T14:46:41-0500] Waiting for 2 s...
[2024-11-08T14:46:43-0500] -------------------------------
[2024-11-08T14:46:43-0500] ICMP Ping test started at 2024-11-08 14:46:43.053 EST
[2024-11-08T14:47:13-0500] Waiting for .811 s to reach end time
[2024-11-08T14:47:14-0500] Saved ping test to /data/data/com.termux/files/home/storage/shared/bos_la_2024_trip/att/20241108/144220007/icmp_ping_144643129.out
[2024-11-08T14:47:14-0500] Ping summary (min/avg/max/mdev) = 41.164/52.496/90.294/7.303 ms
[2024-11-08T14:47:14-0500] Ping test finished at 2024-11-08 14:47:14.200 EST, duration: 31.147 s
[2024-11-08T14:47:14-0500] -------------------------------
[2024-11-08T14:47:14-0500] Waiting for 2 s...
[2024-11-08T14:47:16-0500] -------------------------------
[2024-11-08T14:47:16-0500] Starting 5G booster for 5 s...
[2024-11-08T14:47:16-0500] 5G booster started at 2024-11-08 14:47:16.334 EST
[2024-11-08T14:47:22-0500] Current time exceeds end time, skipping wait
[2024-11-08T14:47:22-0500] Saved TCP DL results to /data/data/com.termux/files/home/storage/shared/bos_la_2024_trip/att/20241108/144220007/tcp_downlink_144716389.out
[2024-11-08T14:47:22-0500] DL AVG TPUT: 
[2024-11-08T14:47:22-0500] 5G booster finished at 2024-11-08 14:47:22.482 EST, duration: 6.148 s
[2024-11-08T14:47:22-0500] -------------------------------
[2024-11-08T14:47:22-0500] Waiting for 2 s...
[2024-11-08T14:47:24-0500] -------------------------------
[2024-11-08T14:47:24-0500] TCP Ping test started at 2024-11-08 14:47:24.588 EST
[2024-11-08T14:47:55-0500] Current time exceeds end time, skipping wait
[2024-11-08T14:47:55-0500] Saved TCP Ping test to /data/data/com.termux/files/home/storage/shared/bos_la_2024_trip/att/20241108/144220007/tcp_ping_144724628.out
[2024-11-08T14:47:55-0500] TCP Ping summary (min/avg/max/mdev) 
[2024-11-08T14:47:55-0500] TCP Ping test finished at 2024-11-08 14:47:55.696 EST, duration: 31.108 s
[2024-11-08T14:47:55-0500] -------------------------------
[2024-11-08T14:47:55-0500] Waiting for 2 s...
[2024-11-08T14:47:57-0500] -------------------------------
[2024-11-08T14:47:57-0500] Traceroute test started at 2024-11-08 14:47:57.816 EST
[2024-11-08T14:48:03-0500] Waiting for 24.318 s to reach end time
[2024-11-08T14:48:27-0500] Saved traceroute test to /data/data/com.termux/files/home/storage/shared/bos_la_2024_trip/att/20241108/144220007/traceroute_144757841.out
[2024-11-08T14:48:27-0500] Traceroute summary (min/avg/max/mdev) 
[2024-11-08T14:48:28-0500] Traceroute test finished at 2024-11-08 14:48:27.917 EST, duration: 30.101 s
[2024-11-08T14:48:28-0500] -------------------------------
[2024-11-08T14:48:28-0500] All tests completed, cleaning up...
[2024-11-08T14:48:28-0500] -------------------------------
[2024-11-08T14:48:52-0500] [measurement] Load environment variables from prod.env file
[2024-11-08T14:48:52-0500] Starting a network measurement, please choose a server
[2024-11-08T14:48:52-0500] 0) West Cloud: 54.176.53.206
[2024-11-08T14:48:52-0500] 1) East Cloud: 54.197.223.49
[2024-11-08T14:49:04-0500] Enter your choice (0-1): Testing att, server 1 (ip: 54.197.223.49, nuttcp_port: 5102, iperf_port: 5002)
[2024-11-08T14:49:04-0500] -------------------------------
[2024-11-08T14:49:04-0500] tcp downlink test started at 2024-11-08 14:49:04.948 EST
[2024-11-08T14:49:04-0500] Testing tcp downlink with 54.197.223.49:5102, interval 0.5 s, duration 120 s, timeout 121 s...
[2024-11-08T14:51:06-0500] Current time exceeds end time, skipping wait
[2024-11-08T14:51:06-0500] Saved tcp downlink test to /data/data/com.termux/files/home/storage/shared/bos_la_2024_trip/att/20241108/144904923/tcp_downlink_144904970.out
[2024-11-08T14:51:06-0500] DL AVG TPUT: 
[2024-11-08T14:51:06-0500] tcp downlink test finished at 2024-11-08 14:51:06.091 EST, duration: 121.143 s
[2024-11-08T14:51:06-0500] -------------------------------
[2024-11-08T14:51:06-0500] Waiting for 2 s...
[2024-11-08T14:51:08-0500] -------------------------------
[2024-11-08T14:51:08-0500] Starting 5G booster for 5 s...
[2024-11-08T14:51:08-0500] 5G booster started at 2024-11-08 14:51:08.222 EST
[2024-11-08T14:51:14-0500] Current time exceeds end time, skipping wait
[2024-11-08T14:51:14-0500] Saved TCP DL results to /data/data/com.termux/files/home/storage/shared/bos_la_2024_trip/att/20241108/144904923/tcp_downlink_145108273.out
[2024-11-08T14:51:14-0500] DL AVG TPUT: 
[2024-11-08T14:51:14-0500] 5G booster finished at 2024-11-08 14:51:14.403 EST, duration: 6.181 s
[2024-11-08T14:51:14-0500] -------------------------------
[2024-11-08T14:51:14-0500] Waiting for 2 s...
[2024-11-08T14:51:16-0500] -------------------------------
[2024-11-08T14:51:16-0500] tcp uplink test started at 2024-11-08 14:51:16.525 EST
[2024-11-08T14:51:16-0500] testing tcp uplink with 54.197.223.49:5102, interval 0.5, duration 120, timeout 121 ...
[2024-11-08T14:53:17-0500] Current time exceeds end time, skipping wait
[2024-11-08T14:53:17-0500] Saved uplink test to /data/data/com.termux/files/home/storage/shared/bos_la_2024_trip/att/20241108/144904923/tcp_uplink_145116577.out
[2024-11-08T14:53:17-0500] UL AVG TPUT: 
[2024-11-08T14:53:17-0500] tcp uplink test finished at 2024-11-08 14:53:17.694 EST, duration: 121.169 s
[2024-11-08T14:53:17-0500] -------------------------------
[2024-11-08T14:53:17-0500] Waiting for 2 s...
[2024-11-08T14:53:19-0500] -------------------------------
[2024-11-08T14:53:19-0500] Starting 5G booster for 5 s...
[2024-11-08T14:53:19-0500] 5G booster started at 2024-11-08 14:53:19.839 EST
[2024-11-08T14:53:25-0500] Current time exceeds end time, skipping wait
[2024-11-08T14:53:26-0500] Saved TCP DL results to /data/data/com.termux/files/home/storage/shared/bos_la_2024_trip/att/20241108/144904923/tcp_downlink_145319893.out
[2024-11-08T14:53:26-0500] DL AVG TPUT: 
[2024-11-08T14:53:26-0500] 5G booster finished at 2024-11-08 14:53:26.008 EST, duration: 6.169 s
[2024-11-08T14:53:26-0500] -------------------------------
[2024-11-08T14:53:26-0500] Waiting for 2 s...
[2024-11-08T14:53:28-0500] -------------------------------
[2024-11-08T14:53:28-0500] ICMP Ping test started at 2024-11-08 14:53:28.140 EST
[2024-11-08T14:53:58-0500] Waiting for .863 s to reach end time
[2024-11-08T14:53:59-0500] Saved ping test to /data/data/com.termux/files/home/storage/shared/bos_la_2024_trip/att/20241108/144904923/icmp_ping_145328175.out
[2024-11-08T14:53:59-0500] Ping summary (min/avg/max/mdev) = 44.293/57.325/150.751/10.504 ms
[2024-11-08T14:53:59-0500] Ping test finished at 2024-11-08 14:53:59.252 EST, duration: 31.112 s
[2024-11-08T14:53:59-0500] -------------------------------
[2024-11-08T14:53:59-0500] Waiting for 2 s...
[2024-11-08T14:54:01-0500] -------------------------------
[2024-11-08T14:54:01-0500] Starting 5G booster for 5 s...
[2024-11-08T14:54:01-0500] 5G booster started at 2024-11-08 14:54:01.391 EST
[2024-11-08T14:54:07-0500] Current time exceeds end time, skipping wait
[2024-11-08T14:54:07-0500] Saved TCP DL results to /data/data/com.termux/files/home/storage/shared/bos_la_2024_trip/att/20241108/144904923/tcp_downlink_145401441.out
[2024-11-08T14:54:07-0500] DL AVG TPUT: 
[2024-11-08T14:54:07-0500] 5G booster finished at 2024-11-08 14:54:07.541 EST, duration: 6.150 s
[2024-11-08T14:54:07-0500] -------------------------------
[2024-11-08T14:54:07-0500] Waiting for 2 s...
[2024-11-08T14:54:09-0500] -------------------------------
[2024-11-08T14:54:09-0500] TCP Ping test started at 2024-11-08 14:54:09.677 EST
[2024-11-08T14:54:40-0500] Current time exceeds end time, skipping wait
[2024-11-08T14:54:40-0500] Saved TCP Ping test to /data/data/com.termux/files/home/storage/shared/bos_la_2024_trip/att/20241108/144904923/tcp_ping_145409717.out
[2024-11-08T14:54:40-0500] TCP Ping summary (min/avg/max/mdev) 
[2024-11-08T14:54:40-0500] TCP Ping test finished at 2024-11-08 14:54:40.850 EST, duration: 31.173 s
[2024-11-08T14:54:40-0500] -------------------------------
[2024-11-08T14:54:40-0500] Waiting for 2 s...
[2024-11-08T14:54:42-0500] -------------------------------
[2024-11-08T14:54:42-0500] Traceroute test started at 2024-11-08 14:54:42.967 EST
[2024-11-08T14:54:48-0500] Waiting for 24.222 s to reach end time
[2024-11-08T14:55:13-0500] Saved traceroute test to /data/data/com.termux/files/home/storage/shared/bos_la_2024_trip/att/20241108/144904923/traceroute_145442997.out
[2024-11-08T14:55:13-0500] Traceroute summary (min/avg/max/mdev) 
[2024-11-08T14:55:13-0500] Traceroute test finished at 2024-11-08 14:55:13.062 EST, duration: 30.095 s
[2024-11-08T14:55:13-0500] -------------------------------
[2024-11-08T14:55:13-0500] All tests completed, cleaning up...
[2024-11-08T14:55:13-0500] -------------------------------
[2024-11-08T14:55:43-0500] [measurement] Load environment variables from prod.env file
[2024-11-08T14:55:43-0500] Starting a network measurement, please choose a server
[2024-11-08T14:55:43-0500] 0) West Cloud: 54.176.53.206
[2024-11-08T14:55:43-0500] 1) East Cloud: 54.197.223.49
[2024-11-08T14:55:52-0500] Enter your choice (0-1): Testing att, server 1 (ip: 54.197.223.49, nuttcp_port: 5102, iperf_port: 5002)
[2024-11-08T14:55:52-0500] -------------------------------
[2024-11-08T14:55:52-0500] tcp downlink test started at 2024-11-08 14:55:52.869 EST
[2024-11-08T14:55:52-0500] Testing tcp downlink with 54.197.223.49:5102, interval 0.5 s, duration 120 s, timeout 121 s...
[2024-11-08T14:57:53-0500] Current time exceeds end time, skipping wait
[2024-11-08T14:57:53-0500] Saved tcp downlink test to /data/data/com.termux/files/home/storage/shared/bos_la_2024_trip/att/20241108/145552846/tcp_downlink_145552893.out
[2024-11-08T14:57:54-0500] DL AVG TPUT: 
[2024-11-08T14:57:54-0500] tcp downlink test finished at 2024-11-08 14:57:53.963 EST, duration: 121.094 s
[2024-11-08T14:57:54-0500] -------------------------------
[2024-11-08T14:57:54-0500] Waiting for 2 s...
[2024-11-08T14:57:56-0500] -------------------------------
[2024-11-08T14:57:56-0500] Starting 5G booster for 5 s...
[2024-11-08T14:57:56-0500] 5G booster started at 2024-11-08 14:57:56.090 EST
[2024-11-08T14:58:02-0500] Current time exceeds end time, skipping wait
[2024-11-08T14:58:02-0500] Saved TCP DL results to /data/data/com.termux/files/home/storage/shared/bos_la_2024_trip/att/20241108/145552846/tcp_downlink_145756114.out
[2024-11-08T14:58:02-0500] DL AVG TPUT: 
[2024-11-08T14:58:02-0500] 5G booster finished at 2024-11-08 14:58:02.193 EST, duration: 6.103 s
[2024-11-08T14:58:02-0500] -------------------------------
[2024-11-08T14:58:02-0500] Waiting for 2 s...
[2024-11-08T14:58:04-0500] -------------------------------
[2024-11-08T14:58:04-0500] tcp uplink test started at 2024-11-08 14:58:04.305 EST
[2024-11-08T14:58:04-0500] testing tcp uplink with 54.197.223.49:5102, interval 0.5, duration 120, timeout 121 ...
[2024-11-08T15:00:05-0500] Current time exceeds end time, skipping wait
[2024-11-08T15:00:05-0500] Saved uplink test to /data/data/com.termux/files/home/storage/shared/bos_la_2024_trip/att/20241108/145552846/tcp_uplink_145804332.out
[2024-11-08T15:00:05-0500] UL AVG TPUT: 
[2024-11-08T15:00:05-0500] tcp uplink test finished at 2024-11-08 15:00:05.418 EST, duration: 121.113 s
[2024-11-08T15:00:05-0500] -------------------------------
[2024-11-08T15:00:05-0500] Waiting for 2 s...
[2024-11-08T15:00:07-0500] -------------------------------
[2024-11-08T15:00:07-0500] Starting 5G booster for 5 s...
[2024-11-08T15:00:07-0500] 5G booster started at 2024-11-08 15:00:07.579 EST
[2024-11-08T15:00:13-0500] Current time exceeds end time, skipping wait
[2024-11-08T15:00:13-0500] Saved TCP DL results to /data/data/com.termux/files/home/storage/shared/bos_la_2024_trip/att/20241108/145552846/tcp_downlink_150007634.out
[2024-11-08T15:00:13-0500] DL AVG TPUT: 
[2024-11-08T15:00:13-0500] 5G booster finished at 2024-11-08 15:00:13.717 EST, duration: 6.138 s
[2024-11-08T15:00:13-0500] -------------------------------
[2024-11-08T15:00:13-0500] Waiting for 2 s...
[2024-11-08T15:00:15-0500] -------------------------------
[2024-11-08T15:00:15-0500] ICMP Ping test started at 2024-11-08 15:00:15.859 EST
[2024-11-08T15:00:46-0500] Waiting for .850 s to reach end time
[2024-11-08T15:00:47-0500] Saved ping test to /data/data/com.termux/files/home/storage/shared/bos_la_2024_trip/att/20241108/145552846/icmp_ping_150015901.out
[2024-11-08T15:00:47-0500] Ping summary (min/avg/max/mdev) = 45.367/66.591/206.616/22.594 ms
[2024-11-08T15:00:47-0500] Ping test finished at 2024-11-08 15:00:47.003 EST, duration: 31.144 s
[2024-11-08T15:00:47-0500] -------------------------------
[2024-11-08T15:00:47-0500] Waiting for 2 s...
[2024-11-08T15:00:49-0500] -------------------------------
[2024-11-08T15:00:49-0500] Starting 5G booster for 5 s...
[2024-11-08T15:00:49-0500] 5G booster started at 2024-11-08 15:00:49.116 EST
[2024-11-08T15:00:55-0500] Current time exceeds end time, skipping wait
[2024-11-08T15:00:55-0500] Saved TCP DL results to /data/data/com.termux/files/home/storage/shared/bos_la_2024_trip/att/20241108/145552846/tcp_downlink_150049151.out
[2024-11-08T15:00:55-0500] DL AVG TPUT: 
[2024-11-08T15:00:55-0500] 5G booster finished at 2024-11-08 15:00:55.232 EST, duration: 6.116 s
[2024-11-08T15:00:55-0500] -------------------------------
[2024-11-08T15:00:55-0500] Waiting for 2 s...
[2024-11-08T15:00:57-0500] -------------------------------
[2024-11-08T15:00:57-0500] TCP Ping test started at 2024-11-08 15:00:57.373 EST
[2024-11-08T15:01:28-0500] Current time exceeds end time, skipping wait
[2024-11-08T15:01:28-0500] Saved TCP Ping test to /data/data/com.termux/files/home/storage/shared/bos_la_2024_trip/att/20241108/145552846/tcp_ping_150057420.out
[2024-11-08T15:01:28-0500] TCP Ping summary (min/avg/max/mdev) 
[2024-11-08T15:01:28-0500] TCP Ping test finished at 2024-11-08 15:01:28.547 EST, duration: 31.174 s
[2024-11-08T15:01:28-0500] -------------------------------
[2024-11-08T15:01:28-0500] Waiting for 2 s...
[2024-11-08T15:01:30-0500] -------------------------------
[2024-11-08T15:01:30-0500] Traceroute test started at 2024-11-08 15:01:30.677 EST
[2024-11-08T15:01:36-0500] Waiting for 24.091 s to reach end time
[2024-11-08T15:02:00-0500] Saved traceroute test to /data/data/com.termux/files/home/storage/shared/bos_la_2024_trip/att/20241108/145552846/traceroute_150130709.out
[2024-11-08T15:02:00-0500] Traceroute summary (min/avg/max/mdev) 
[2024-11-08T15:02:00-0500] Traceroute test finished at 2024-11-08 15:02:00.759 EST, duration: 30.082 s
[2024-11-08T15:02:00-0500] -------------------------------
[2024-11-08T15:02:00-0500] All tests completed, cleaning up...
[2024-11-08T15:02:00-0500] -------------------------------
[2024-11-08T15:02:26-0500] [measurement] Load environment variables from prod.env file
[2024-11-08T15:02:26-0500] Starting a network measurement, please choose a server
[2024-11-08T15:02:26-0500] 0) West Cloud: 54.176.53.206
[2024-11-08T15:02:26-0500] 1) East Cloud: 54.197.223.49
[2024-11-08T15:02:33-0500] Enter your choice (0-1): Testing att, server 1 (ip: 54.197.223.49, nuttcp_port: 5102, iperf_port: 5002)
[2024-11-08T15:02:33-0500] -------------------------------
[2024-11-08T15:02:33-0500] tcp downlink test started at 2024-11-08 15:02:33.251 EST
[2024-11-08T15:02:33-0500] Testing tcp downlink with 54.197.223.49:5102, interval 0.5 s, duration 120 s, timeout 121 s...
[2024-11-08T15:04:34-0500] Current time exceeds end time, skipping wait
[2024-11-08T15:04:34-0500] Saved tcp downlink test to /data/data/com.termux/files/home/storage/shared/bos_la_2024_trip/att/20241108/150233234/tcp_downlink_150233279.out
[2024-11-08T15:04:34-0500] DL AVG TPUT: 
[2024-11-08T15:04:34-0500] tcp downlink test finished at 2024-11-08 15:04:34.363 EST, duration: 121.112 s
[2024-11-08T15:04:34-0500] -------------------------------
[2024-11-08T15:04:34-0500] Waiting for 2 s...
[2024-11-08T15:04:36-0500] -------------------------------
[2024-11-08T15:04:36-0500] Starting 5G booster for 5 s...
[2024-11-08T15:04:36-0500] 5G booster started at 2024-11-08 15:04:36.471 EST
[2024-11-08T15:04:42-0500] Current time exceeds end time, skipping wait
[2024-11-08T15:04:42-0500] Saved TCP DL results to /data/data/com.termux/files/home/storage/shared/bos_la_2024_trip/att/20241108/150233234/tcp_downlink_150436505.out
[2024-11-08T15:04:42-0500] DL AVG TPUT: 
[2024-11-08T15:04:42-0500] 5G booster finished at 2024-11-08 15:04:42.589 EST, duration: 6.118 s
[2024-11-08T15:04:42-0500] -------------------------------
[2024-11-08T15:04:42-0500] Waiting for 2 s...
[2024-11-08T15:04:44-0500] -------------------------------
[2024-11-08T15:04:44-0500] tcp uplink test started at 2024-11-08 15:04:44.717 EST
[2024-11-08T15:04:44-0500] testing tcp uplink with 54.197.223.49:5102, interval 0.5, duration 120, timeout 121 ...
[2024-11-08T15:06:45-0500] Current time exceeds end time, skipping wait
[2024-11-08T15:06:45-0500] Saved uplink test to /data/data/com.termux/files/home/storage/shared/bos_la_2024_trip/att/20241108/150233234/tcp_uplink_150444762.out
[2024-11-08T15:06:45-0500] UL AVG TPUT: 
[2024-11-08T15:06:45-0500] tcp uplink test finished at 2024-11-08 15:06:45.861 EST, duration: 121.144 s
[2024-11-08T15:06:45-0500] -------------------------------
[2024-11-08T15:06:45-0500] Waiting for 2 s...
[2024-11-08T15:06:47-0500] -------------------------------
[2024-11-08T15:06:47-0500] Starting 5G booster for 5 s...
[2024-11-08T15:06:48-0500] 5G booster started at 2024-11-08 15:06:48.015 EST
[2024-11-08T15:06:54-0500] Current time exceeds end time, skipping wait
[2024-11-08T15:06:54-0500] Saved TCP DL results to /data/data/com.termux/files/home/storage/shared/bos_la_2024_trip/att/20241108/150233234/tcp_downlink_150648057.out
[2024-11-08T15:06:54-0500] DL AVG TPUT: 
[2024-11-08T15:06:54-0500] 5G booster finished at 2024-11-08 15:06:54.145 EST, duration: 6.130 s
[2024-11-08T15:06:54-0500] -------------------------------
[2024-11-08T15:06:54-0500] Waiting for 2 s...
[2024-11-08T15:06:56-0500] -------------------------------
[2024-11-08T15:06:56-0500] ICMP Ping test started at 2024-11-08 15:06:56.271 EST
[2024-11-08T15:07:26-0500] Waiting for .881 s to reach end time
[2024-11-08T15:07:27-0500] Saved ping test to /data/data/com.termux/files/home/storage/shared/bos_la_2024_trip/att/20241108/150233234/icmp_ping_150656312.out
[2024-11-08T15:07:27-0500] Ping summary (min/avg/max/mdev) = 43.536/53.868/212.006/16.044 ms
[2024-11-08T15:07:27-0500] Ping test finished at 2024-11-08 15:07:27.414 EST, duration: 31.143 s
[2024-11-08T15:07:27-0500] -------------------------------
[2024-11-08T15:07:27-0500] Waiting for 2 s...
[2024-11-08T15:07:29-0500] -------------------------------
[2024-11-08T15:07:29-0500] Starting 5G booster for 5 s...
[2024-11-08T15:07:29-0500] 5G booster started at 2024-11-08 15:07:29.536 EST
[2024-11-08T15:07:35-0500] Current time exceeds end time, skipping wait
[2024-11-08T15:07:35-0500] Saved TCP DL results to /data/data/com.termux/files/home/storage/shared/bos_la_2024_trip/att/20241108/150233234/tcp_downlink_150729580.out
[2024-11-08T15:07:35-0500] DL AVG TPUT: 
[2024-11-08T15:07:35-0500] 5G booster finished at 2024-11-08 15:07:35.692 EST, duration: 6.156 s
[2024-11-08T15:07:35-0500] -------------------------------
[2024-11-08T15:07:35-0500] Waiting for 2 s...
[2024-11-08T15:07:37-0500] -------------------------------
[2024-11-08T15:07:37-0500] TCP Ping test started at 2024-11-08 15:07:37.808 EST
[2024-11-08T15:08:08-0500] Current time exceeds end time, skipping wait
[2024-11-08T15:08:09-0500] Saved TCP Ping test to /data/data/com.termux/files/home/storage/shared/bos_la_2024_trip/att/20241108/150233234/tcp_ping_150737877.out
[2024-11-08T15:08:09-0500] TCP Ping summary (min/avg/max/mdev) 
[2024-11-08T15:08:09-0500] TCP Ping test finished at 2024-11-08 15:08:08.995 EST, duration: 31.187 s
[2024-11-08T15:08:09-0500] -------------------------------
[2024-11-08T15:08:09-0500] Waiting for 2 s...
[2024-11-08T15:08:11-0500] -------------------------------
[2024-11-08T15:08:11-0500] Traceroute test started at 2024-11-08 15:08:11.121 EST
[2024-11-08T15:08:22-0500] Waiting for 19.090 s to reach end time
[2024-11-08T15:08:41-0500] Saved traceroute test to /data/data/com.termux/files/home/storage/shared/bos_la_2024_trip/att/20241108/150233234/traceroute_150811159.out
[2024-11-08T15:08:41-0500] Traceroute summary (min/avg/max/mdev) 
[2024-11-08T15:08:41-0500] Traceroute test finished at 2024-11-08 15:08:41.253 EST, duration: 30.132 s
[2024-11-08T15:08:41-0500] -------------------------------
[2024-11-08T15:08:41-0500] All tests completed, cleaning up...
[2024-11-08T15:08:41-0500] -------------------------------
[2024-11-08T15:10:11-0500] [measurement] Load environment variables from prod.env file
[2024-11-08T15:10:11-0500] Starting a network measurement, please choose a server
[2024-11-08T15:10:11-0500] 0) West Cloud: 54.176.53.206
[2024-11-08T15:10:11-0500] 1) East Cloud: 54.197.223.49
[2024-11-08T15:10:37-0500] Enter your choice (0-1): Testing att, server 1 (ip: 54.197.223.49, nuttcp_port: 5102, iperf_port: 5002)
[2024-11-08T15:10:37-0500] -------------------------------
[2024-11-08T15:10:37-0500] tcp downlink test started at 2024-11-08 15:10:37.108 EST
[2024-11-08T15:10:37-0500] Testing tcp downlink with 54.197.223.49:5102, interval 0.5 s, duration 120 s, timeout 121 s...
[2024-11-08T15:12:38-0500] Current time exceeds end time, skipping wait
[2024-11-08T15:12:38-0500] Saved tcp downlink test to /data/data/com.termux/files/home/storage/shared/bos_la_2024_trip/att/20241108/151037084/tcp_downlink_151037151.out
[2024-11-08T15:12:38-0500] DL AVG TPUT: 
[2024-11-08T15:12:38-0500] tcp downlink test finished at 2024-11-08 15:12:38.264 EST, duration: 121.156 s
[2024-11-08T15:12:38-0500] -------------------------------
[2024-11-08T15:12:38-0500] Waiting for 2 s...
[2024-11-08T15:12:40-0500] -------------------------------
[2024-11-08T15:12:40-0500] Starting 5G booster for 5 s...
[2024-11-08T15:12:40-0500] 5G booster started at 2024-11-08 15:12:40.415 EST
[2024-11-08T15:12:46-0500] Current time exceeds end time, skipping wait
[2024-11-08T15:12:46-0500] Saved TCP DL results to /data/data/com.termux/files/home/storage/shared/bos_la_2024_trip/att/20241108/151037084/tcp_downlink_151240445.out
[2024-11-08T15:12:46-0500] DL AVG TPUT: 
[2024-11-08T15:12:46-0500] 5G booster finished at 2024-11-08 15:12:46.581 EST, duration: 6.166 s
[2024-11-08T15:12:46-0500] -------------------------------
[2024-11-08T15:12:46-0500] Waiting for 2 s...
[2024-11-08T15:12:48-0500] -------------------------------
[2024-11-08T15:12:48-0500] tcp uplink test started at 2024-11-08 15:12:48.684 EST
[2024-11-08T15:12:48-0500] testing tcp uplink with 54.197.223.49:5102, interval 0.5, duration 120, timeout 121 ...
[2024-11-08T15:14:49-0500] Current time exceeds end time, skipping wait
[2024-11-08T15:14:49-0500] Saved uplink test to /data/data/com.termux/files/home/storage/shared/bos_la_2024_trip/att/20241108/151037084/tcp_uplink_151248707.out
[2024-11-08T15:14:49-0500] UL AVG TPUT: 
[2024-11-08T15:14:49-0500] tcp uplink test finished at 2024-11-08 15:14:49.788 EST, duration: 121.104 s
[2024-11-08T15:14:49-0500] -------------------------------
[2024-11-08T15:14:49-0500] Waiting for 2 s...
[2024-11-08T15:14:51-0500] -------------------------------
[2024-11-08T15:14:51-0500] Starting 5G booster for 5 s...
[2024-11-08T15:14:51-0500] 5G booster started at 2024-11-08 15:14:51.928 EST
[2024-11-08T15:14:58-0500] Current time exceeds end time, skipping wait
[2024-11-08T15:14:58-0500] Saved TCP DL results to /data/data/com.termux/files/home/storage/shared/bos_la_2024_trip/att/20241108/151037084/tcp_downlink_151451978.out
[2024-11-08T15:14:58-0500] DL AVG TPUT: 
[2024-11-08T15:14:58-0500] 5G booster finished at 2024-11-08 15:14:58.091 EST, duration: 6.163 s
[2024-11-08T15:14:58-0500] -------------------------------
[2024-11-08T15:14:58-0500] Waiting for 2 s...
[2024-11-08T15:15:00-0500] -------------------------------
[2024-11-08T15:15:00-0500] ICMP Ping test started at 2024-11-08 15:15:00.193 EST
[2024-11-08T15:15:30-0500] Waiting for .851 s to reach end time
[2024-11-08T15:15:31-0500] Saved ping test to /data/data/com.termux/files/home/storage/shared/bos_la_2024_trip/att/20241108/151037084/icmp_ping_151500237.out
[2024-11-08T15:15:31-0500] Ping summary (min/avg/max/mdev) = 43.028/61.933/158.420/15.292 ms
[2024-11-08T15:15:31-0500] Ping test finished at 2024-11-08 15:15:31.318 EST, duration: 31.125 s
[2024-11-08T15:15:31-0500] -------------------------------
[2024-11-08T15:15:31-0500] Waiting for 2 s...
[2024-11-08T15:15:33-0500] -------------------------------
[2024-11-08T15:15:33-0500] Starting 5G booster for 5 s...
[2024-11-08T15:15:33-0500] 5G booster started at 2024-11-08 15:15:33.444 EST
[2024-11-08T15:15:39-0500] Current time exceeds end time, skipping wait
[2024-11-08T15:15:39-0500] Saved TCP DL results to /data/data/com.termux/files/home/storage/shared/bos_la_2024_trip/att/20241108/151037084/tcp_downlink_151533479.out
[2024-11-08T15:15:39-0500] DL AVG TPUT: 
[2024-11-08T15:15:39-0500] 5G booster finished at 2024-11-08 15:15:39.581 EST, duration: 6.137 s
[2024-11-08T15:15:39-0500] -------------------------------
[2024-11-08T15:15:39-0500] Waiting for 2 s...
[2024-11-08T15:15:41-0500] -------------------------------
[2024-11-08T15:15:41-0500] TCP Ping test started at 2024-11-08 15:15:41.692 EST
[2024-11-08T15:16:12-0500] Current time exceeds end time, skipping wait
[2024-11-08T15:16:12-0500] Saved TCP Ping test to /data/data/com.termux/files/home/storage/shared/bos_la_2024_trip/att/20241108/151037084/tcp_ping_151541720.out
[2024-11-08T15:16:12-0500] TCP Ping summary (min/avg/max/mdev) 
[2024-11-08T15:16:12-0500] TCP Ping test finished at 2024-11-08 15:16:12.811 EST, duration: 31.119 s
[2024-11-08T15:16:12-0500] -------------------------------
[2024-11-08T15:16:12-0500] Waiting for 2 s...
[2024-11-08T15:16:14-0500] -------------------------------
[2024-11-08T15:16:14-0500] Traceroute test started at 2024-11-08 15:16:14.911 EST
[2024-11-08T15:16:20-0500] Waiting for 24.241 s to reach end time
[2024-11-08T15:16:45-0500] Saved traceroute test to /data/data/com.termux/files/home/storage/shared/bos_la_2024_trip/att/20241108/151037084/traceroute_151614945.out
[2024-11-08T15:16:45-0500] Traceroute summary (min/avg/max/mdev) 
[2024-11-08T15:16:45-0500] Traceroute test finished at 2024-11-08 15:16:45.000 EST, duration: 30.089 s
[2024-11-08T15:16:45-0500] -------------------------------
[2024-11-08T15:16:45-0500] All tests completed, cleaning up...
[2024-11-08T15:16:45-0500] -------------------------------
[2024-11-08T15:17:43-0500] [measurement] Load environment variables from prod.env file
[2024-11-08T15:17:43-0500] Starting a network measurement, please choose a server
[2024-11-08T15:17:43-0500] 0) West Cloud: 54.176.53.206
[2024-11-08T15:17:43-0500] 1) East Cloud: 54.197.223.49
[2024-11-08T15:17:46-0500] Enter your choice (0-1): Testing att, server 1 (ip: 54.197.223.49, nuttcp_port: 5102, iperf_port: 5002)
[2024-11-08T15:17:46-0500] -------------------------------
[2024-11-08T15:17:46-0500] tcp downlink test started at 2024-11-08 15:17:46.729 EST
[2024-11-08T15:17:46-0500] Testing tcp downlink with 54.197.223.49:5102, interval 0.5 s, duration 120 s, timeout 121 s...
[2024-11-08T15:19:47-0500] Current time exceeds end time, skipping wait
[2024-11-08T15:19:47-0500] Saved tcp downlink test to /data/data/com.termux/files/home/storage/shared/bos_la_2024_trip/att/20241108/151746709/tcp_downlink_151746758.out
[2024-11-08T15:19:47-0500] DL AVG TPUT: 
[2024-11-08T15:19:47-0500] tcp downlink test finished at 2024-11-08 15:19:47.830 EST, duration: 121.101 s
[2024-11-08T15:19:47-0500] -------------------------------
[2024-11-08T15:19:47-0500] Waiting for 2 s...
[2024-11-08T15:19:49-0500] -------------------------------
[2024-11-08T15:19:49-0500] Starting 5G booster for 5 s...
[2024-11-08T15:19:49-0500] 5G booster started at 2024-11-08 15:19:49.935 EST
[2024-11-08T15:19:56-0500] Current time exceeds end time, skipping wait
[2024-11-08T15:19:56-0500] Saved TCP DL results to /data/data/com.termux/files/home/storage/shared/bos_la_2024_trip/att/20241108/151746709/tcp_downlink_151949967.out
[2024-11-08T15:19:56-0500] DL AVG TPUT: 
[2024-11-08T15:19:56-0500] 5G booster finished at 2024-11-08 15:19:56.084 EST, duration: 6.149 s
[2024-11-08T15:19:56-0500] -------------------------------
[2024-11-08T15:19:56-0500] Waiting for 2 s...
[2024-11-08T15:19:58-0500] -------------------------------
[2024-11-08T15:19:58-0500] tcp uplink test started at 2024-11-08 15:19:58.206 EST
[2024-11-08T15:19:58-0500] testing tcp uplink with 54.197.223.49:5102, interval 0.5, duration 120, timeout 121 ...
[2024-11-08T15:21:59-0500] Current time exceeds end time, skipping wait
[2024-11-08T15:21:59-0500] Saved uplink test to /data/data/com.termux/files/home/storage/shared/bos_la_2024_trip/att/20241108/151746709/tcp_uplink_151958230.out
[2024-11-08T15:21:59-0500] UL AVG TPUT: 
[2024-11-08T15:21:59-0500] tcp uplink test finished at 2024-11-08 15:21:59.319 EST, duration: 121.113 s
[2024-11-08T15:21:59-0500] -------------------------------
[2024-11-08T15:21:59-0500] Waiting for 2 s...
[2024-11-08T15:22:01-0500] -------------------------------
[2024-11-08T15:22:01-0500] Starting 5G booster for 5 s...
[2024-11-08T15:22:01-0500] 5G booster started at 2024-11-08 15:22:01.426 EST
[2024-11-08T15:22:07-0500] Current time exceeds end time, skipping wait
[2024-11-08T15:22:07-0500] Saved TCP DL results to /data/data/com.termux/files/home/storage/shared/bos_la_2024_trip/att/20241108/151746709/tcp_downlink_152201481.out
[2024-11-08T15:22:07-0500] DL AVG TPUT: 
[2024-11-08T15:22:07-0500] 5G booster finished at 2024-11-08 15:22:07.593 EST, duration: 6.167 s
[2024-11-08T15:22:07-0500] -------------------------------
[2024-11-08T15:22:07-0500] Waiting for 2 s...
[2024-11-08T15:22:09-0500] -------------------------------
[2024-11-08T15:22:09-0500] ICMP Ping test started at 2024-11-08 15:22:09.681 EST
[2024-11-08T15:22:39-0500] Waiting for .908 s to reach end time
[2024-11-08T15:22:40-0500] Saved ping test to /data/data/com.termux/files/home/storage/shared/bos_la_2024_trip/att/20241108/151746709/icmp_ping_152209708.out
[2024-11-08T15:22:40-0500] Ping summary (min/avg/max/mdev) = 40.457/63.593/186.220/17.928 ms
[2024-11-08T15:22:40-0500] Ping test finished at 2024-11-08 15:22:40.765 EST, duration: 31.084 s
[2024-11-08T15:22:40-0500] -------------------------------
[2024-11-08T15:22:40-0500] Waiting for 2 s...
[2024-11-08T15:22:42-0500] -------------------------------
[2024-11-08T15:22:42-0500] Starting 5G booster for 5 s...
[2024-11-08T15:22:42-0500] 5G booster started at 2024-11-08 15:22:42.880 EST
[2024-11-08T15:22:49-0500] Current time exceeds end time, skipping wait
[2024-11-08T15:22:49-0500] Saved TCP DL results to /data/data/com.termux/files/home/storage/shared/bos_la_2024_trip/att/20241108/151746709/tcp_downlink_152242913.out
[2024-11-08T15:22:49-0500] DL AVG TPUT: 
[2024-11-08T15:22:49-0500] 5G booster finished at 2024-11-08 15:22:49.010 EST, duration: 6.130 s
[2024-11-08T15:22:49-0500] -------------------------------
[2024-11-08T15:22:49-0500] Waiting for 2 s...
[2024-11-08T15:22:51-0500] -------------------------------
[2024-11-08T15:22:51-0500] TCP Ping test started at 2024-11-08 15:22:51.125 EST
[2024-11-08T15:23:22-0500] Current time exceeds end time, skipping wait
[2024-11-08T15:23:22-0500] Saved TCP Ping test to /data/data/com.termux/files/home/storage/shared/bos_la_2024_trip/att/20241108/151746709/tcp_ping_152251177.out
[2024-11-08T15:23:22-0500] TCP Ping summary (min/avg/max/mdev) 
[2024-11-08T15:23:22-0500] TCP Ping test finished at 2024-11-08 15:23:22.265 EST, duration: 31.140 s
[2024-11-08T15:23:22-0500] -------------------------------
[2024-11-08T15:23:22-0500] Waiting for 2 s...
[2024-11-08T15:23:24-0500] -------------------------------
[2024-11-08T15:23:24-0500] Traceroute test started at 2024-11-08 15:23:24.436 EST
[2024-11-08T15:23:30-0500] Waiting for 24.203 s to reach end time
[2024-11-08T15:23:54-0500] Saved traceroute test to /data/data/com.termux/files/home/storage/shared/bos_la_2024_trip/att/20241108/151746709/traceroute_152324518.out
[2024-11-08T15:23:54-0500] Traceroute summary (min/avg/max/mdev) 
[2024-11-08T15:23:54-0500] Traceroute test finished at 2024-11-08 15:23:54.511 EST, duration: 30.075 s
[2024-11-08T15:23:54-0500] -------------------------------
[2024-11-08T15:23:54-0500] All tests completed, cleaning up...
[2024-11-08T15:23:54-0500] -------------------------------
[2024-11-08T15:24:42-0500] [measurement] Load environment variables from prod.env file
[2024-11-08T15:24:42-0500] Starting a network measurement, please choose a server
[2024-11-08T15:24:42-0500] 0) West Cloud: 54.176.53.206
[2024-11-08T15:24:42-0500] 1) East Cloud: 54.197.223.49
[2024-11-08T15:24:44-0500] Enter your choice (0-1): Testing att, server 1 (ip: 54.197.223.49, nuttcp_port: 5102, iperf_port: 5002)
[2024-11-08T15:24:44-0500] -------------------------------
[2024-11-08T15:24:44-0500] tcp downlink test started at 2024-11-08 15:24:44.167 EST
[2024-11-08T15:24:44-0500] Testing tcp downlink with 54.197.223.49:5102, interval 0.5 s, duration 120 s, timeout 121 s...
[2024-11-08T15:26:45-0500] Current time exceeds end time, skipping wait
[2024-11-08T15:26:45-0500] Saved tcp downlink test to /data/data/com.termux/files/home/storage/shared/bos_la_2024_trip/att/20241108/152444148/tcp_downlink_152444192.out
[2024-11-08T15:26:45-0500] DL AVG TPUT: 
[2024-11-08T15:26:45-0500] tcp downlink test finished at 2024-11-08 15:26:45.306 EST, duration: 121.139 s
[2024-11-08T15:26:45-0500] -------------------------------
[2024-11-08T15:26:45-0500] Waiting for 2 s...
[2024-11-08T15:26:47-0500] -------------------------------
[2024-11-08T15:26:47-0500] Starting 5G booster for 5 s...
[2024-11-08T15:26:47-0500] 5G booster started at 2024-11-08 15:26:47.446 EST
[2024-11-08T15:26:53-0500] Current time exceeds end time, skipping wait
[2024-11-08T15:26:53-0500] Saved TCP DL results to /data/data/com.termux/files/home/storage/shared/bos_la_2024_trip/att/20241108/152444148/tcp_downlink_152647480.out
[2024-11-08T15:26:53-0500] DL AVG TPUT: 
[2024-11-08T15:26:53-0500] 5G booster finished at 2024-11-08 15:26:53.568 EST, duration: 6.122 s
[2024-11-08T15:26:53-0500] -------------------------------
[2024-11-08T15:26:53-0500] Waiting for 2 s...
[2024-11-08T15:26:55-0500] -------------------------------
[2024-11-08T15:26:55-0500] tcp uplink test started at 2024-11-08 15:26:55.685 EST
[2024-11-08T15:26:55-0500] testing tcp uplink with 54.197.223.49:5102, interval 0.5, duration 120, timeout 121 ...
[2024-11-08T15:28:56-0500] Current time exceeds end time, skipping wait
[2024-11-08T15:28:56-0500] Saved uplink test to /data/data/com.termux/files/home/storage/shared/bos_la_2024_trip/att/20241108/152444148/tcp_uplink_152655709.out
[2024-11-08T15:28:56-0500] UL AVG TPUT: 
[2024-11-08T15:28:56-0500] tcp uplink test finished at 2024-11-08 15:28:56.806 EST, duration: 121.121 s
[2024-11-08T15:28:56-0500] -------------------------------
[2024-11-08T15:28:56-0500] Waiting for 2 s...
[2024-11-08T15:28:58-0500] -------------------------------
[2024-11-08T15:28:58-0500] Starting 5G booster for 5 s...
[2024-11-08T15:28:59-0500] 5G booster started at 2024-11-08 15:28:58.981 EST
[2024-11-08T15:29:05-0500] Current time exceeds end time, skipping wait
[2024-11-08T15:29:05-0500] Saved TCP DL results to /data/data/com.termux/files/home/storage/shared/bos_la_2024_trip/att/20241108/152444148/tcp_downlink_152859025.out
[2024-11-08T15:29:05-0500] DL AVG TPUT: 
[2024-11-08T15:29:05-0500] 5G booster finished at 2024-11-08 15:29:05.157 EST, duration: 6.176 s
[2024-11-08T15:29:05-0500] -------------------------------
[2024-11-08T15:29:05-0500] Waiting for 2 s...
[2024-11-08T15:29:07-0500] -------------------------------
[2024-11-08T15:29:07-0500] ICMP Ping test started at 2024-11-08 15:29:07.303 EST
[2024-11-08T15:29:37-0500] Waiting for .871 s to reach end time
[2024-11-08T15:29:38-0500] Saved ping test to /data/data/com.termux/files/home/storage/shared/bos_la_2024_trip/att/20241108/152444148/icmp_ping_152907345.out
[2024-11-08T15:29:38-0500] Ping summary (min/avg/max/mdev) = 39.062/48.697/128.376/8.706 ms
[2024-11-08T15:29:38-0500] Ping test finished at 2024-11-08 15:29:38.406 EST, duration: 31.103 s
[2024-11-08T15:29:38-0500] -------------------------------
[2024-11-08T15:29:38-0500] Waiting for 2 s...
[2024-11-08T15:29:40-0500] -------------------------------
[2024-11-08T15:29:40-0500] Starting 5G booster for 5 s...
[2024-11-08T15:29:40-0500] 5G booster started at 2024-11-08 15:29:40.548 EST
[2024-11-08T15:29:46-0500] Current time exceeds end time, skipping wait
[2024-11-08T15:29:46-0500] Saved TCP DL results to /data/data/com.termux/files/home/storage/shared/bos_la_2024_trip/att/20241108/152444148/tcp_downlink_152940583.out
[2024-11-08T15:29:46-0500] DL AVG TPUT: 
[2024-11-08T15:29:46-0500] 5G booster finished at 2024-11-08 15:29:46.682 EST, duration: 6.134 s
[2024-11-08T15:29:46-0500] -------------------------------
[2024-11-08T15:29:46-0500] Waiting for 2 s...
[2024-11-08T15:29:48-0500] -------------------------------
[2024-11-08T15:29:48-0500] TCP Ping test started at 2024-11-08 15:29:48.809 EST
[2024-11-08T15:30:19-0500] Current time exceeds end time, skipping wait
[2024-11-08T15:30:19-0500] Saved TCP Ping test to /data/data/com.termux/files/home/storage/shared/bos_la_2024_trip/att/20241108/152444148/tcp_ping_152948839.out
[2024-11-08T15:30:19-0500] TCP Ping summary (min/avg/max/mdev) 
[2024-11-08T15:30:20-0500] TCP Ping test finished at 2024-11-08 15:30:19.935 EST, duration: 31.126 s
[2024-11-08T15:30:20-0500] -------------------------------
[2024-11-08T15:30:20-0500] Waiting for 2 s...
[2024-11-08T15:30:22-0500] -------------------------------
[2024-11-08T15:30:22-0500] Traceroute test started at 2024-11-08 15:30:22.040 EST
[2024-11-08T15:30:27-0500] Waiting for 24.153 s to reach end time
[2024-11-08T15:30:52-0500] Saved traceroute test to /data/data/com.termux/files/home/storage/shared/bos_la_2024_trip/att/20241108/152444148/traceroute_153022071.out
[2024-11-08T15:30:52-0500] Traceroute summary (min/avg/max/mdev) 
[2024-11-08T15:30:52-0500] Traceroute test finished at 2024-11-08 15:30:52.165 EST, duration: 30.125 s
[2024-11-08T15:30:52-0500] -------------------------------
[2024-11-08T15:30:52-0500] All tests completed, cleaning up...
[2024-11-08T15:30:52-0500] -------------------------------
[2024-11-08T15:31:33-0500] [measurement] Load environment variables from prod.env file
[2024-11-08T15:31:33-0500] Starting a network measurement, please choose a server
[2024-11-08T15:31:33-0500] 0) West Cloud: 54.176.53.206
[2024-11-08T15:31:33-0500] 1) East Cloud: 54.197.223.49
[2024-11-08T15:31:40-0500] Enter your choice (0-1): Testing att, server 1 (ip: 54.197.223.49, nuttcp_port: 5102, iperf_port: 5002)
[2024-11-08T15:31:40-0500] -------------------------------
[2024-11-08T15:31:40-0500] tcp downlink test started at 2024-11-08 15:31:40.550 EST
[2024-11-08T15:31:40-0500] Testing tcp downlink with 54.197.223.49:5102, interval 0.5 s, duration 120 s, timeout 121 s...
[2024-11-08T15:33:41-0500] Current time exceeds end time, skipping wait
[2024-11-08T15:33:41-0500] Saved tcp downlink test to /data/data/com.termux/files/home/storage/shared/bos_la_2024_trip/att/20241108/153140532/tcp_downlink_153140575.out
[2024-11-08T15:33:41-0500] DL AVG TPUT: 
[2024-11-08T15:33:41-0500] tcp downlink test finished at 2024-11-08 15:33:41.686 EST, duration: 121.136 s
[2024-11-08T15:33:41-0500] -------------------------------
[2024-11-08T15:33:41-0500] Waiting for 2 s...
[2024-11-08T15:33:43-0500] -------------------------------
[2024-11-08T15:33:43-0500] Starting 5G booster for 5 s...
[2024-11-08T15:33:43-0500] 5G booster started at 2024-11-08 15:33:43.797 EST
[2024-11-08T15:33:49-0500] Current time exceeds end time, skipping wait
[2024-11-08T15:33:49-0500] Saved TCP DL results to /data/data/com.termux/files/home/storage/shared/bos_la_2024_trip/att/20241108/153140532/tcp_downlink_153343848.out
[2024-11-08T15:33:49-0500] DL AVG TPUT: 
[2024-11-08T15:33:50-0500] 5G booster finished at 2024-11-08 15:33:49.917 EST, duration: 6.120 s
[2024-11-08T15:33:50-0500] -------------------------------
[2024-11-08T15:33:50-0500] Waiting for 2 s...
[2024-11-08T15:33:52-0500] -------------------------------
[2024-11-08T15:33:52-0500] tcp uplink test started at 2024-11-08 15:33:52.034 EST
[2024-11-08T15:33:52-0500] testing tcp uplink with 54.197.223.49:5102, interval 0.5, duration 120, timeout 121 ...
[2024-11-08T15:35:53-0500] Current time exceeds end time, skipping wait
[2024-11-08T15:35:53-0500] Saved uplink test to /data/data/com.termux/files/home/storage/shared/bos_la_2024_trip/att/20241108/153140532/tcp_uplink_153352056.out
[2024-11-08T15:35:53-0500] UL AVG TPUT: 
[2024-11-08T15:35:53-0500] tcp uplink test finished at 2024-11-08 15:35:53.140 EST, duration: 121.106 s
[2024-11-08T15:35:53-0500] -------------------------------
[2024-11-08T15:35:53-0500] Waiting for 2 s...
[2024-11-08T15:35:55-0500] -------------------------------
[2024-11-08T15:35:55-0500] Starting 5G booster for 5 s...
[2024-11-08T15:35:55-0500] 5G booster started at 2024-11-08 15:35:55.262 EST
[2024-11-08T15:36:01-0500] Current time exceeds end time, skipping wait
[2024-11-08T15:36:01-0500] Saved TCP DL results to /data/data/com.termux/files/home/storage/shared/bos_la_2024_trip/att/20241108/153140532/tcp_downlink_153555296.out
[2024-11-08T15:36:01-0500] DL AVG TPUT: 
[2024-11-08T15:36:01-0500] 5G booster finished at 2024-11-08 15:36:01.397 EST, duration: 6.135 s
[2024-11-08T15:36:01-0500] -------------------------------
[2024-11-08T15:36:01-0500] Waiting for 2 s...
[2024-11-08T15:36:03-0500] -------------------------------
[2024-11-08T15:36:03-0500] ICMP Ping test started at 2024-11-08 15:36:03.499 EST
[2024-11-08T15:36:33-0500] Waiting for .883 s to reach end time
[2024-11-08T15:36:34-0500] Saved ping test to /data/data/com.termux/files/home/storage/shared/bos_la_2024_trip/att/20241108/153140532/icmp_ping_153603526.out
[2024-11-08T15:36:34-0500] Ping summary (min/avg/max/mdev) = 48.621/91.478/761.942/94.651 ms
[2024-11-08T15:36:34-0500] Ping test finished at 2024-11-08 15:36:34.581 EST, duration: 31.082 s
[2024-11-08T15:36:34-0500] -------------------------------
[2024-11-08T15:36:34-0500] Waiting for 2 s...
[2024-11-08T15:36:36-0500] -------------------------------
[2024-11-08T15:36:36-0500] Starting 5G booster for 5 s...
[2024-11-08T15:36:36-0500] 5G booster started at 2024-11-08 15:36:36.734 EST
[2024-11-08T15:36:42-0500] Current time exceeds end time, skipping wait
[2024-11-08T15:36:42-0500] Saved TCP DL results to /data/data/com.termux/files/home/storage/shared/bos_la_2024_trip/att/20241108/153140532/tcp_downlink_153636766.out
[2024-11-08T15:36:42-0500] DL AVG TPUT: 
[2024-11-08T15:36:42-0500] 5G booster finished at 2024-11-08 15:36:42.899 EST, duration: 6.165 s
[2024-11-08T15:36:42-0500] -------------------------------
[2024-11-08T15:36:42-0500] Waiting for 2 s...
[2024-11-08T15:36:44-0500] -------------------------------
[2024-11-08T15:36:45-0500] TCP Ping test started at 2024-11-08 15:36:45.003 EST
[2024-11-08T15:37:16-0500] Current time exceeds end time, skipping wait
[2024-11-08T15:37:16-0500] Saved TCP Ping test to /data/data/com.termux/files/home/storage/shared/bos_la_2024_trip/att/20241108/153140532/tcp_ping_153645027.out
[2024-11-08T15:37:16-0500] TCP Ping summary (min/avg/max/mdev) 
[2024-11-08T15:37:16-0500] TCP Ping test finished at 2024-11-08 15:37:16.177 EST, duration: 31.174 s
[2024-11-08T15:37:16-0500] -------------------------------
[2024-11-08T15:37:16-0500] Waiting for 2 s...
[2024-11-08T15:37:18-0500] -------------------------------
[2024-11-08T15:37:18-0500] Traceroute test started at 2024-11-08 15:37:18.368 EST
[2024-11-08T15:37:24-0500] Waiting for 24.122 s to reach end time
[2024-11-08T15:37:48-0500] Saved traceroute test to /data/data/com.termux/files/home/storage/shared/bos_la_2024_trip/att/20241108/153140532/traceroute_153718403.out
[2024-11-08T15:37:48-0500] Traceroute summary (min/avg/max/mdev) 
[2024-11-08T15:37:48-0500] Traceroute test finished at 2024-11-08 15:37:48.494 EST, duration: 30.126 s
[2024-11-08T15:37:48-0500] -------------------------------
[2024-11-08T15:37:48-0500] All tests completed, cleaning up...
[2024-11-08T15:37:48-0500] -------------------------------
[2024-11-08T15:39:10-0500] [measurement] Load environment variables from prod.env file
[2024-11-08T15:39:10-0500] Starting a network measurement, please choose a server
[2024-11-08T15:39:10-0500] 0) West Cloud: 54.176.53.206
[2024-11-08T15:39:10-0500] 1) East Cloud: 54.197.223.49
[2024-11-08T15:39:26-0500] Enter your choice (0-1): Testing att, server 1 (ip: 54.197.223.49, nuttcp_port: 5102, iperf_port: 5002)
[2024-11-08T15:39:26-0500] -------------------------------
[2024-11-08T15:39:26-0500] tcp downlink test started at 2024-11-08 15:39:26.452 EST
[2024-11-08T15:39:26-0500] Testing tcp downlink with 54.197.223.49:5102, interval 0.5 s, duration 120 s, timeout 121 s...
[2024-11-08T15:41:27-0500] Current time exceeds end time, skipping wait
[2024-11-08T15:41:27-0500] Saved tcp downlink test to /data/data/com.termux/files/home/storage/shared/bos_la_2024_trip/att/20241108/153926425/tcp_downlink_153926491.out
[2024-11-08T15:41:27-0500] DL AVG TPUT: 
[2024-11-08T15:41:27-0500] tcp downlink test finished at 2024-11-08 15:41:27.610 EST, duration: 121.158 s
[2024-11-08T15:41:27-0500] -------------------------------
[2024-11-08T15:41:27-0500] Waiting for 2 s...
[2024-11-08T15:41:29-0500] -------------------------------
[2024-11-08T15:41:29-0500] Starting 5G booster for 5 s...
[2024-11-08T15:41:29-0500] 5G booster started at 2024-11-08 15:41:29.736 EST
[2024-11-08T15:41:35-0500] Current time exceeds end time, skipping wait
[2024-11-08T15:41:35-0500] Saved TCP DL results to /data/data/com.termux/files/home/storage/shared/bos_la_2024_trip/att/20241108/153926425/tcp_downlink_154129769.out
[2024-11-08T15:41:35-0500] DL AVG TPUT: 
[2024-11-08T15:41:35-0500] 5G booster finished at 2024-11-08 15:41:35.868 EST, duration: 6.132 s
[2024-11-08T15:41:35-0500] -------------------------------
[2024-11-08T15:41:35-0500] Waiting for 2 s...
[2024-11-08T15:41:37-0500] -------------------------------
[2024-11-08T15:41:37-0500] tcp uplink test started at 2024-11-08 15:41:37.944 EST
[2024-11-08T15:41:37-0500] testing tcp uplink with 54.197.223.49:5102, interval 0.5, duration 120, timeout 121 ...
[2024-11-08T15:43:39-0500] Current time exceeds end time, skipping wait
[2024-11-08T15:43:39-0500] Saved uplink test to /data/data/com.termux/files/home/storage/shared/bos_la_2024_trip/att/20241108/153926425/tcp_uplink_154137969.out
[2024-11-08T15:43:39-0500] UL AVG TPUT: 
[2024-11-08T15:43:39-0500] tcp uplink test finished at 2024-11-08 15:43:39.047 EST, duration: 121.103 s
[2024-11-08T15:43:39-0500] -------------------------------
[2024-11-08T15:43:39-0500] Waiting for 2 s...
[2024-11-08T15:43:41-0500] -------------------------------
[2024-11-08T15:43:41-0500] Starting 5G booster for 5 s...
[2024-11-08T15:43:41-0500] 5G booster started at 2024-11-08 15:43:41.151 EST
[2024-11-08T15:43:47-0500] Current time exceeds end time, skipping wait
[2024-11-08T15:43:47-0500] Saved TCP DL results to /data/data/com.termux/files/home/storage/shared/bos_la_2024_trip/att/20241108/153926425/tcp_downlink_154341180.out
[2024-11-08T15:43:47-0500] DL AVG TPUT: 
[2024-11-08T15:43:47-0500] 5G booster finished at 2024-11-08 15:43:47.275 EST, duration: 6.124 s
[2024-11-08T15:43:47-0500] -------------------------------
[2024-11-08T15:43:47-0500] Waiting for 2 s...
[2024-11-08T15:43:49-0500] -------------------------------
[2024-11-08T15:43:49-0500] ICMP Ping test started at 2024-11-08 15:43:49.407 EST
[2024-11-08T15:44:19-0500] Waiting for .839 s to reach end time
[2024-11-08T15:44:20-0500] Saved ping test to /data/data/com.termux/files/home/storage/shared/bos_la_2024_trip/att/20241108/153926425/icmp_ping_154349462.out
[2024-11-08T15:44:20-0500] Ping summary (min/avg/max/mdev) = 60.912/69.429/95.561/5.471 ms
[2024-11-08T15:44:20-0500] Ping test finished at 2024-11-08 15:44:20.488 EST, duration: 31.081 s
[2024-11-08T15:44:20-0500] -------------------------------
[2024-11-08T15:44:20-0500] Waiting for 2 s...
[2024-11-08T15:44:22-0500] -------------------------------
[2024-11-08T15:44:22-0500] Starting 5G booster for 5 s...
[2024-11-08T15:44:22-0500] 5G booster started at 2024-11-08 15:44:22.589 EST
[2024-11-08T15:44:28-0500] Current time exceeds end time, skipping wait
[2024-11-08T15:44:28-0500] Saved TCP DL results to /data/data/com.termux/files/home/storage/shared/bos_la_2024_trip/att/20241108/153926425/tcp_downlink_154422613.out
[2024-11-08T15:44:28-0500] DL AVG TPUT: 
[2024-11-08T15:44:28-0500] 5G booster finished at 2024-11-08 15:44:28.703 EST, duration: 6.114 s
[2024-11-08T15:44:28-0500] -------------------------------
[2024-11-08T15:44:28-0500] Waiting for 2 s...
[2024-11-08T15:44:30-0500] -------------------------------
[2024-11-08T15:44:30-0500] TCP Ping test started at 2024-11-08 15:44:30.817 EST
[2024-11-08T15:45:01-0500] Current time exceeds end time, skipping wait
[2024-11-08T15:45:01-0500] Saved TCP Ping test to /data/data/com.termux/files/home/storage/shared/bos_la_2024_trip/att/20241108/153926425/tcp_ping_154430849.out
[2024-11-08T15:45:02-0500] TCP Ping summary (min/avg/max/mdev) 
[2024-11-08T15:45:02-0500] TCP Ping test finished at 2024-11-08 15:45:01.970 EST, duration: 31.153 s
[2024-11-08T15:45:02-0500] -------------------------------
[2024-11-08T15:45:02-0500] Waiting for 2 s...
[2024-11-08T15:45:04-0500] -------------------------------
[2024-11-08T15:45:04-0500] Traceroute test started at 2024-11-08 15:45:04.103 EST
[2024-11-08T15:45:10-0500] Waiting for 24.058 s to reach end time
[2024-11-08T15:45:34-0500] Saved traceroute test to /data/data/com.termux/files/home/storage/shared/bos_la_2024_trip/att/20241108/153926425/traceroute_154504130.out
[2024-11-08T15:45:34-0500] Traceroute summary (min/avg/max/mdev) 
[2024-11-08T15:45:34-0500] Traceroute test finished at 2024-11-08 15:45:34.197 EST, duration: 30.094 s
[2024-11-08T15:45:34-0500] -------------------------------
[2024-11-08T15:45:34-0500] All tests completed, cleaning up...
[2024-11-08T15:45:34-0500] -------------------------------
[2024-11-08T15:46:03-0500] [measurement] Load environment variables from prod.env file
[2024-11-08T15:46:03-0500] Starting a network measurement, please choose a server
[2024-11-08T15:46:03-0500] 0) West Cloud: 54.176.53.206
[2024-11-08T15:46:03-0500] 1) East Cloud: 54.197.223.49
[2024-11-08T15:46:22-0500] Enter your choice (0-1): Testing att, server 1 (ip: 54.197.223.49, nuttcp_port: 5102, iperf_port: 5002)
[2024-11-08T15:46:22-0500] -------------------------------
[2024-11-08T15:46:22-0500] tcp downlink test started at 2024-11-08 15:46:22.960 EST
[2024-11-08T15:46:23-0500] Testing tcp downlink with 54.197.223.49:5102, interval 0.5 s, duration 120 s, timeout 121 s...
[2024-11-08T15:48:24-0500] Current time exceeds end time, skipping wait
[2024-11-08T15:48:24-0500] Saved tcp downlink test to /data/data/com.termux/files/home/storage/shared/bos_la_2024_trip/att/20241108/154622924/tcp_downlink_154622988.out
[2024-11-08T15:48:24-0500] DL AVG TPUT: 
[2024-11-08T15:48:24-0500] tcp downlink test finished at 2024-11-08 15:48:24.095 EST, duration: 121.135 s
[2024-11-08T15:48:24-0500] -------------------------------
[2024-11-08T15:48:24-0500] Waiting for 2 s...
[2024-11-08T15:48:26-0500] -------------------------------
[2024-11-08T15:48:26-0500] Starting 5G booster for 5 s...
[2024-11-08T15:48:26-0500] 5G booster started at 2024-11-08 15:48:26.229 EST
[2024-11-08T15:48:32-0500] Current time exceeds end time, skipping wait
[2024-11-08T15:48:32-0500] Saved TCP DL results to /data/data/com.termux/files/home/storage/shared/bos_la_2024_trip/att/20241108/154622924/tcp_downlink_154826260.out
[2024-11-08T15:48:32-0500] DL AVG TPUT: 
[2024-11-08T15:48:32-0500] 5G booster finished at 2024-11-08 15:48:32.380 EST, duration: 6.151 s
[2024-11-08T15:48:32-0500] -------------------------------
[2024-11-08T15:48:32-0500] Waiting for 2 s...
[2024-11-08T15:48:34-0500] -------------------------------
[2024-11-08T15:48:34-0500] tcp uplink test started at 2024-11-08 15:48:34.468 EST
[2024-11-08T15:48:34-0500] testing tcp uplink with 54.197.223.49:5102, interval 0.5, duration 120, timeout 121 ...
[2024-11-08T15:50:35-0500] Current time exceeds end time, skipping wait
[2024-11-08T15:50:35-0500] Saved uplink test to /data/data/com.termux/files/home/storage/shared/bos_la_2024_trip/att/20241108/154622924/tcp_uplink_154834510.out
[2024-11-08T15:50:35-0500] UL AVG TPUT: 
[2024-11-08T15:50:35-0500] tcp uplink test finished at 2024-11-08 15:50:35.631 EST, duration: 121.163 s
[2024-11-08T15:50:35-0500] -------------------------------
[2024-11-08T15:50:35-0500] Waiting for 2 s...
[2024-11-08T15:50:37-0500] -------------------------------
[2024-11-08T15:50:37-0500] Starting 5G booster for 5 s...
[2024-11-08T15:50:37-0500] 5G booster started at 2024-11-08 15:50:37.767 EST
[2024-11-08T15:50:43-0500] Current time exceeds end time, skipping wait
[2024-11-08T15:50:43-0500] Saved TCP DL results to /data/data/com.termux/files/home/storage/shared/bos_la_2024_trip/att/20241108/154622924/tcp_downlink_155037799.out
[2024-11-08T15:50:43-0500] DL AVG TPUT: 
[2024-11-08T15:50:44-0500] 5G booster finished at 2024-11-08 15:50:43.924 EST, duration: 6.157 s
[2024-11-08T15:50:44-0500] -------------------------------
[2024-11-08T15:50:44-0500] Waiting for 2 s...
[2024-11-08T15:50:46-0500] -------------------------------
[2024-11-08T15:50:46-0500] ICMP Ping test started at 2024-11-08 15:50:46.061 EST
[2024-11-08T15:51:16-0500] Waiting for .874 s to reach end time
[2024-11-08T15:51:17-0500] Saved ping test to /data/data/com.termux/files/home/storage/shared/bos_la_2024_trip/att/20241108/154622924/icmp_ping_155046113.out
[2024-11-08T15:51:17-0500] Ping summary (min/avg/max/mdev) = 56.260/62.919/162.947/10.054 ms
[2024-11-08T15:51:17-0500] Ping test finished at 2024-11-08 15:51:17.176 EST, duration: 31.115 s
[2024-11-08T15:51:17-0500] -------------------------------
[2024-11-08T15:51:17-0500] Waiting for 2 s...
[2024-11-08T15:51:19-0500] -------------------------------
[2024-11-08T15:51:19-0500] Starting 5G booster for 5 s...
[2024-11-08T15:51:19-0500] 5G booster started at 2024-11-08 15:51:19.299 EST
[2024-11-08T15:51:25-0500] Current time exceeds end time, skipping wait
[2024-11-08T15:51:25-0500] Saved TCP DL results to /data/data/com.termux/files/home/storage/shared/bos_la_2024_trip/att/20241108/154622924/tcp_downlink_155119328.out
[2024-11-08T15:51:25-0500] DL AVG TPUT: 
[2024-11-08T15:51:25-0500] 5G booster finished at 2024-11-08 15:51:25.406 EST, duration: 6.107 s
[2024-11-08T15:51:25-0500] -------------------------------
[2024-11-08T15:51:25-0500] Waiting for 2 s...
[2024-11-08T15:51:27-0500] -------------------------------
[2024-11-08T15:51:27-0500] TCP Ping test started at 2024-11-08 15:51:27.533 EST
[2024-11-08T15:51:58-0500] Current time exceeds end time, skipping wait
[2024-11-08T15:51:58-0500] Saved TCP Ping test to /data/data/com.termux/files/home/storage/shared/bos_la_2024_trip/att/20241108/154622924/tcp_ping_155127585.out
[2024-11-08T15:51:58-0500] TCP Ping summary (min/avg/max/mdev) 
[2024-11-08T15:51:58-0500] TCP Ping test finished at 2024-11-08 15:51:58.688 EST, duration: 31.155 s
[2024-11-08T15:51:58-0500] -------------------------------
[2024-11-08T15:51:58-0500] Waiting for 2 s...
[2024-11-08T15:52:00-0500] -------------------------------
[2024-11-08T15:52:00-0500] Traceroute test started at 2024-11-08 15:52:00.792 EST
[2024-11-08T15:52:06-0500] Waiting for 23.919 s to reach end time
[2024-11-08T15:52:30-0500] Saved traceroute test to /data/data/com.termux/files/home/storage/shared/bos_la_2024_trip/att/20241108/154622924/traceroute_155200826.out
[2024-11-08T15:52:30-0500] Traceroute summary (min/avg/max/mdev) 
[2024-11-08T15:52:30-0500] Traceroute test finished at 2024-11-08 15:52:30.871 EST, duration: 30.079 s
[2024-11-08T15:52:30-0500] -------------------------------
[2024-11-08T15:52:30-0500] All tests completed, cleaning up...
[2024-11-08T15:52:30-0500] -------------------------------
[2024-11-08T15:53:05-0500] [measurement] Load environment variables from prod.env file
[2024-11-08T15:53:05-0500] Starting a network measurement, please choose a server
[2024-11-08T15:53:05-0500] 0) West Cloud: 54.176.53.206
[2024-11-08T15:53:05-0500] 1) East Cloud: 54.197.223.49
[2024-11-08T15:53:27-0500] Enter your choice (0-1): Testing att, server 1 (ip: 54.197.223.49, nuttcp_port: 5102, iperf_port: 5002)
[2024-11-08T15:53:27-0500] -------------------------------
[2024-11-08T15:53:27-0500] tcp downlink test started at 2024-11-08 15:53:27.065 EST
[2024-11-08T15:53:27-0500] Testing tcp downlink with 54.197.223.49:5102, interval 0.5 s, duration 120 s, timeout 121 s...
[2024-11-08T15:55:28-0500] Current time exceeds end time, skipping wait
[2024-11-08T15:55:28-0500] Saved tcp downlink test to /data/data/com.termux/files/home/storage/shared/bos_la_2024_trip/att/20241108/155327050/tcp_downlink_155327086.out
[2024-11-08T15:55:28-0500] DL AVG TPUT: 
[2024-11-08T15:55:28-0500] tcp downlink test finished at 2024-11-08 15:55:28.159 EST, duration: 121.094 s
[2024-11-08T15:55:28-0500] -------------------------------
[2024-11-08T15:55:28-0500] Waiting for 2 s...
[2024-11-08T15:55:30-0500] -------------------------------
[2024-11-08T15:55:30-0500] Starting 5G booster for 5 s...
[2024-11-08T15:55:30-0500] 5G booster started at 2024-11-08 15:55:30.263 EST
[2024-11-08T15:55:36-0500] Current time exceeds end time, skipping wait
[2024-11-08T15:55:36-0500] Saved TCP DL results to /data/data/com.termux/files/home/storage/shared/bos_la_2024_trip/att/20241108/155327050/tcp_downlink_155530292.out
[2024-11-08T15:55:36-0500] DL AVG TPUT: 
[2024-11-08T15:55:36-0500] 5G booster finished at 2024-11-08 15:55:36.438 EST, duration: 6.175 s
[2024-11-08T15:55:36-0500] -------------------------------
[2024-11-08T15:55:36-0500] Waiting for 2 s...
[2024-11-08T15:55:38-0500] -------------------------------
[2024-11-08T15:55:38-0500] tcp uplink test started at 2024-11-08 15:55:38.566 EST
[2024-11-08T15:55:38-0500] testing tcp uplink with 54.197.223.49:5102, interval 0.5, duration 120, timeout 121 ...
[2024-11-08T15:57:39-0500] Current time exceeds end time, skipping wait
[2024-11-08T15:57:39-0500] Saved uplink test to /data/data/com.termux/files/home/storage/shared/bos_la_2024_trip/att/20241108/155327050/tcp_uplink_155538594.out
[2024-11-08T15:57:39-0500] UL AVG TPUT: 
[2024-11-08T15:57:39-0500] tcp uplink test finished at 2024-11-08 15:57:39.682 EST, duration: 121.116 s
[2024-11-08T15:57:39-0500] -------------------------------
[2024-11-08T15:57:39-0500] Waiting for 2 s...
[2024-11-08T15:57:41-0500] -------------------------------
[2024-11-08T15:57:41-0500] Starting 5G booster for 5 s...
[2024-11-08T15:57:41-0500] 5G booster started at 2024-11-08 15:57:41.821 EST
[2024-11-08T15:57:47-0500] Current time exceeds end time, skipping wait
[2024-11-08T15:57:47-0500] Saved TCP DL results to /data/data/com.termux/files/home/storage/shared/bos_la_2024_trip/att/20241108/155327050/tcp_downlink_155741873.out
[2024-11-08T15:57:48-0500] DL AVG TPUT: 
[2024-11-08T15:57:48-0500] 5G booster finished at 2024-11-08 15:57:47.992 EST, duration: 6.171 s
[2024-11-08T15:57:48-0500] -------------------------------
[2024-11-08T15:57:48-0500] Waiting for 2 s...
[2024-11-08T15:57:50-0500] -------------------------------
[2024-11-08T15:57:50-0500] ICMP Ping test started at 2024-11-08 15:57:50.164 EST
[2024-11-08T15:58:20-0500] Waiting for .893 s to reach end time
[2024-11-08T15:58:21-0500] Saved ping test to /data/data/com.termux/files/home/storage/shared/bos_la_2024_trip/att/20241108/155327050/icmp_ping_155750202.out
[2024-11-08T15:58:21-0500] Ping summary (min/avg/max/mdev) = 54.437/59.722/78.326/4.468 ms
[2024-11-08T15:58:21-0500] Ping test finished at 2024-11-08 15:58:21.268 EST, duration: 31.104 s
[2024-11-08T15:58:21-0500] -------------------------------
[2024-11-08T15:58:21-0500] Waiting for 2 s...
[2024-11-08T15:58:23-0500] -------------------------------
[2024-11-08T15:58:23-0500] Starting 5G booster for 5 s...
[2024-11-08T15:58:23-0500] 5G booster started at 2024-11-08 15:58:23.406 EST
[2024-11-08T15:58:29-0500] Current time exceeds end time, skipping wait
[2024-11-08T15:58:29-0500] Saved TCP DL results to /data/data/com.termux/files/home/storage/shared/bos_la_2024_trip/att/20241108/155327050/tcp_downlink_155823482.out
[2024-11-08T15:58:29-0500] DL AVG TPUT: 
[2024-11-08T15:58:29-0500] 5G booster finished at 2024-11-08 15:58:29.611 EST, duration: 6.205 s
[2024-11-08T15:58:29-0500] -------------------------------
[2024-11-08T15:58:29-0500] Waiting for 2 s...
[2024-11-08T15:58:31-0500] -------------------------------
[2024-11-08T15:58:31-0500] TCP Ping test started at 2024-11-08 15:58:31.731 EST
[2024-11-08T15:59:02-0500] Current time exceeds end time, skipping wait
[2024-11-08T15:59:02-0500] Saved TCP Ping test to /data/data/com.termux/files/home/storage/shared/bos_la_2024_trip/att/20241108/155327050/tcp_ping_155831763.out
[2024-11-08T15:59:02-0500] TCP Ping summary (min/avg/max/mdev) 
[2024-11-08T15:59:02-0500] TCP Ping test finished at 2024-11-08 15:59:02.880 EST, duration: 31.149 s
[2024-11-08T15:59:02-0500] -------------------------------
[2024-11-08T15:59:02-0500] Waiting for 2 s...
[2024-11-08T15:59:04-0500] -------------------------------
[2024-11-08T15:59:05-0500] Traceroute test started at 2024-11-08 15:59:05.011 EST
[2024-11-08T15:59:10-0500] Waiting for 24.119 s to reach end time
[2024-11-08T15:59:35-0500] Saved traceroute test to /data/data/com.termux/files/home/storage/shared/bos_la_2024_trip/att/20241108/155327050/traceroute_155905040.out
[2024-11-08T15:59:35-0500] Traceroute summary (min/avg/max/mdev) 
[2024-11-08T15:59:35-0500] Traceroute test finished at 2024-11-08 15:59:35.129 EST, duration: 30.118 s
[2024-11-08T15:59:35-0500] -------------------------------
[2024-11-08T15:59:35-0500] All tests completed, cleaning up...
[2024-11-08T15:59:35-0500] -------------------------------
[2024-11-08T16:00:00-0500] [measurement] Load environment variables from prod.env file
[2024-11-08T16:00:00-0500] Starting a network measurement, please choose a server
[2024-11-08T16:00:00-0500] 0) West Cloud: 54.176.53.206
[2024-11-08T16:00:00-0500] 1) East Cloud: 54.197.223.49
[2024-11-08T16:00:05-0500] Enter your choice (0-1): Testing att, server 1 (ip: 54.197.223.49, nuttcp_port: 5102, iperf_port: 5002)
[2024-11-08T16:00:05-0500] -------------------------------
[2024-11-08T16:00:05-0500] tcp downlink test started at 2024-11-08 16:00:05.694 EST
[2024-11-08T16:00:05-0500] Testing tcp downlink with 54.197.223.49:5102, interval 0.5 s, duration 120 s, timeout 121 s...
[2024-11-08T16:02:06-0500] Current time exceeds end time, skipping wait
[2024-11-08T16:02:06-0500] Saved tcp downlink test to /data/data/com.termux/files/home/storage/shared/bos_la_2024_trip/att/20241108/160005676/tcp_downlink_160005716.out
[2024-11-08T16:02:06-0500] DL AVG TPUT: 
[2024-11-08T16:02:06-0500] tcp downlink test finished at 2024-11-08 16:02:06.790 EST, duration: 121.096 s
[2024-11-08T16:02:06-0500] -------------------------------
[2024-11-08T16:02:06-0500] Waiting for 2 s...
[2024-11-08T16:02:08-0500] -------------------------------
[2024-11-08T16:02:08-0500] Starting 5G booster for 5 s...
[2024-11-08T16:02:08-0500] 5G booster started at 2024-11-08 16:02:08.933 EST
[2024-11-08T16:02:15-0500] Current time exceeds end time, skipping wait
[2024-11-08T16:02:15-0500] Saved TCP DL results to /data/data/com.termux/files/home/storage/shared/bos_la_2024_trip/att/20241108/160005676/tcp_downlink_160208986.out
[2024-11-08T16:02:15-0500] DL AVG TPUT: 
[2024-11-08T16:02:15-0500] 5G booster finished at 2024-11-08 16:02:15.060 EST, duration: 6.127 s
[2024-11-08T16:02:15-0500] -------------------------------
[2024-11-08T16:02:15-0500] Waiting for 2 s...
[2024-11-08T16:02:17-0500] -------------------------------
[2024-11-08T16:02:17-0500] tcp uplink test started at 2024-11-08 16:02:17.204 EST
[2024-11-08T16:02:17-0500] testing tcp uplink with 54.197.223.49:5102, interval 0.5, duration 120, timeout 121 ...
[2024-11-08T16:04:18-0500] Current time exceeds end time, skipping wait
[2024-11-08T16:04:18-0500] Saved uplink test to /data/data/com.termux/files/home/storage/shared/bos_la_2024_trip/att/20241108/160005676/tcp_uplink_160217255.out
[2024-11-08T16:04:18-0500] UL AVG TPUT: 
[2024-11-08T16:04:18-0500] tcp uplink test finished at 2024-11-08 16:04:18.343 EST, duration: 121.139 s
[2024-11-08T16:04:18-0500] -------------------------------
[2024-11-08T16:04:18-0500] Waiting for 2 s...
[2024-11-08T16:04:20-0500] -------------------------------
[2024-11-08T16:04:20-0500] Starting 5G booster for 5 s...
[2024-11-08T16:04:20-0500] 5G booster started at 2024-11-08 16:04:20.483 EST
[2024-11-08T16:04:26-0500] Current time exceeds end time, skipping wait
[2024-11-08T16:04:26-0500] Saved TCP DL results to /data/data/com.termux/files/home/storage/shared/bos_la_2024_trip/att/20241108/160005676/tcp_downlink_160420538.out
[2024-11-08T16:04:26-0500] DL AVG TPUT: 
[2024-11-08T16:04:26-0500] 5G booster finished at 2024-11-08 16:04:26.617 EST, duration: 6.134 s
[2024-11-08T16:04:26-0500] -------------------------------
[2024-11-08T16:04:26-0500] Waiting for 2 s...
[2024-11-08T16:04:28-0500] -------------------------------
[2024-11-08T16:04:28-0500] ICMP Ping test started at 2024-11-08 16:04:28.745 EST
[2024-11-08T16:04:58-0500] Waiting for .850 s to reach end time
[2024-11-08T16:04:59-0500] Saved ping test to /data/data/com.termux/files/home/storage/shared/bos_la_2024_trip/att/20241108/160005676/icmp_ping_160428787.out
[2024-11-08T16:04:59-0500] Ping summary (min/avg/max/mdev) = 51.410/72.179/161.596/11.974 ms
[2024-11-08T16:04:59-0500] Ping test finished at 2024-11-08 16:04:59.835 EST, duration: 31.090 s
[2024-11-08T16:04:59-0500] -------------------------------
[2024-11-08T16:04:59-0500] Waiting for 2 s...
[2024-11-08T16:05:01-0500] -------------------------------
[2024-11-08T16:05:01-0500] Starting 5G booster for 5 s...
[2024-11-08T16:05:02-0500] 5G booster started at 2024-11-08 16:05:01.997 EST
[2024-11-08T16:05:08-0500] Current time exceeds end time, skipping wait
[2024-11-08T16:05:08-0500] Saved TCP DL results to /data/data/com.termux/files/home/storage/shared/bos_la_2024_trip/att/20241108/160005676/tcp_downlink_160502037.out
[2024-11-08T16:05:08-0500] DL AVG TPUT: 
[2024-11-08T16:05:08-0500] 5G booster finished at 2024-11-08 16:05:08.135 EST, duration: 6.138 s
[2024-11-08T16:05:08-0500] -------------------------------
[2024-11-08T16:05:08-0500] Waiting for 2 s...
[2024-11-08T16:05:10-0500] -------------------------------
[2024-11-08T16:05:10-0500] TCP Ping test started at 2024-11-08 16:05:10.253 EST
[2024-11-08T16:05:41-0500] Current time exceeds end time, skipping wait
[2024-11-08T16:05:41-0500] Saved TCP Ping test to /data/data/com.termux/files/home/storage/shared/bos_la_2024_trip/att/20241108/160005676/tcp_ping_160510289.out
[2024-11-08T16:05:41-0500] TCP Ping summary (min/avg/max/mdev) 
[2024-11-08T16:05:41-0500] TCP Ping test finished at 2024-11-08 16:05:41.405 EST, duration: 31.152 s
[2024-11-08T16:05:41-0500] -------------------------------
[2024-11-08T16:05:41-0500] Waiting for 2 s...
[2024-11-08T16:05:43-0500] -------------------------------
[2024-11-08T16:05:43-0500] Traceroute test started at 2024-11-08 16:05:43.536 EST
[2024-11-08T16:05:54-0500] Waiting for 18.899 s to reach end time
[2024-11-08T16:06:13-0500] Saved traceroute test to /data/data/com.termux/files/home/storage/shared/bos_la_2024_trip/att/20241108/160005676/traceroute_160543565.out
[2024-11-08T16:06:13-0500] Traceroute summary (min/avg/max/mdev) 
[2024-11-08T16:06:13-0500] Traceroute test finished at 2024-11-08 16:06:13.630 EST, duration: 30.094 s
[2024-11-08T16:06:13-0500] -------------------------------
[2024-11-08T16:06:13-0500] All tests completed, cleaning up...
[2024-11-08T16:06:13-0500] -------------------------------
[2024-11-08T16:07:03-0500] [measurement] Load environment variables from prod.env file
[2024-11-08T16:07:03-0500] Starting a network measurement, please choose a server
[2024-11-08T16:07:03-0500] 0) West Cloud: 54.176.53.206
[2024-11-08T16:07:03-0500] 1) East Cloud: 54.197.223.49
[2024-11-08T16:07:10-0500] Enter your choice (0-1): Testing att, server 1 (ip: 54.197.223.49, nuttcp_port: 5102, iperf_port: 5002)
[2024-11-08T16:07:10-0500] -------------------------------
[2024-11-08T16:07:10-0500] tcp downlink test started at 2024-11-08 16:07:10.710 EST
[2024-11-08T16:07:10-0500] Testing tcp downlink with 54.197.223.49:5102, interval 0.5 s, duration 120 s, timeout 121 s...
[2024-11-08T16:09:11-0500] Current time exceeds end time, skipping wait
[2024-11-08T16:09:11-0500] Saved tcp downlink test to /data/data/com.termux/files/home/storage/shared/bos_la_2024_trip/att/20241108/160710692/tcp_downlink_160710747.out
[2024-11-08T16:09:11-0500] DL AVG TPUT: 
[2024-11-08T16:09:11-0500] tcp downlink test finished at 2024-11-08 16:09:11.826 EST, duration: 121.116 s
[2024-11-08T16:09:11-0500] -------------------------------
[2024-11-08T16:09:11-0500] Waiting for 2 s...
[2024-11-08T16:09:13-0500] -------------------------------
[2024-11-08T16:09:13-0500] Starting 5G booster for 5 s...
[2024-11-08T16:09:13-0500] 5G booster started at 2024-11-08 16:09:13.942 EST
[2024-11-08T16:09:20-0500] Current time exceeds end time, skipping wait
[2024-11-08T16:09:20-0500] Saved TCP DL results to /data/data/com.termux/files/home/storage/shared/bos_la_2024_trip/att/20241108/160710692/tcp_downlink_160913979.out
[2024-11-08T16:09:20-0500] DL AVG TPUT: 
[2024-11-08T16:09:20-0500] 5G booster finished at 2024-11-08 16:09:20.076 EST, duration: 6.134 s
[2024-11-08T16:09:20-0500] -------------------------------
[2024-11-08T16:09:20-0500] Waiting for 2 s...
[2024-11-08T16:09:22-0500] -------------------------------
[2024-11-08T16:09:22-0500] tcp uplink test started at 2024-11-08 16:09:22.174 EST
[2024-11-08T16:09:22-0500] testing tcp uplink with 54.197.223.49:5102, interval 0.5, duration 120, timeout 121 ...
[2024-11-08T16:11:23-0500] Current time exceeds end time, skipping wait
[2024-11-08T16:11:23-0500] Saved uplink test to /data/data/com.termux/files/home/storage/shared/bos_la_2024_trip/att/20241108/160710692/tcp_uplink_160922208.out
[2024-11-08T16:11:23-0500] UL AVG TPUT: 
[2024-11-08T16:11:23-0500] tcp uplink test finished at 2024-11-08 16:11:23.301 EST, duration: 121.127 s
[2024-11-08T16:11:23-0500] -------------------------------
[2024-11-08T16:11:23-0500] Waiting for 2 s...
[2024-11-08T16:11:25-0500] -------------------------------
[2024-11-08T16:11:25-0500] Starting 5G booster for 5 s...
[2024-11-08T16:11:25-0500] 5G booster started at 2024-11-08 16:11:25.432 EST
[2024-11-08T16:11:31-0500] Current time exceeds end time, skipping wait
[2024-11-08T16:11:31-0500] Saved TCP DL results to /data/data/com.termux/files/home/storage/shared/bos_la_2024_trip/att/20241108/160710692/tcp_downlink_161125461.out
[2024-11-08T16:11:31-0500] DL AVG TPUT: 
[2024-11-08T16:11:31-0500] 5G booster finished at 2024-11-08 16:11:31.540 EST, duration: 6.108 s
[2024-11-08T16:11:31-0500] -------------------------------
[2024-11-08T16:11:31-0500] Waiting for 2 s...
[2024-11-08T16:11:33-0500] -------------------------------
[2024-11-08T16:11:33-0500] ICMP Ping test started at 2024-11-08 16:11:33.651 EST
[2024-11-08T16:12:03-0500] Waiting for .876 s to reach end time
[2024-11-08T16:12:04-0500] Saved ping test to /data/data/com.termux/files/home/storage/shared/bos_la_2024_trip/att/20241108/160710692/icmp_ping_161133703.out
[2024-11-08T16:12:04-0500] Ping summary (min/avg/max/mdev) = 53.279/61.368/198.614/12.345 ms
[2024-11-08T16:12:04-0500] Ping test finished at 2024-11-08 16:12:04.721 EST, duration: 31.070 s
[2024-11-08T16:12:04-0500] -------------------------------
[2024-11-08T16:12:04-0500] Waiting for 2 s...
[2024-11-08T16:12:06-0500] -------------------------------
[2024-11-08T16:12:06-0500] Starting 5G booster for 5 s...
[2024-11-08T16:12:06-0500] 5G booster started at 2024-11-08 16:12:06.877 EST
[2024-11-08T16:12:12-0500] Current time exceeds end time, skipping wait
[2024-11-08T16:12:12-0500] Saved TCP DL results to /data/data/com.termux/files/home/storage/shared/bos_la_2024_trip/att/20241108/160710692/tcp_downlink_161206904.out
[2024-11-08T16:12:13-0500] DL AVG TPUT: 
[2024-11-08T16:12:13-0500] 5G booster finished at 2024-11-08 16:12:12.978 EST, duration: 6.101 s
[2024-11-08T16:12:13-0500] -------------------------------
[2024-11-08T16:12:13-0500] Waiting for 2 s...
[2024-11-08T16:12:15-0500] -------------------------------
[2024-11-08T16:12:15-0500] TCP Ping test started at 2024-11-08 16:12:15.125 EST
[2024-11-08T16:12:46-0500] Current time exceeds end time, skipping wait
[2024-11-08T16:12:46-0500] Saved TCP Ping test to /data/data/com.termux/files/home/storage/shared/bos_la_2024_trip/att/20241108/160710692/tcp_ping_161215177.out
[2024-11-08T16:12:46-0500] TCP Ping summary (min/avg/max/mdev) 
[2024-11-08T16:12:46-0500] TCP Ping test finished at 2024-11-08 16:12:46.239 EST, duration: 31.114 s
[2024-11-08T16:12:46-0500] -------------------------------
[2024-11-08T16:12:46-0500] Waiting for 2 s...
[2024-11-08T16:12:48-0500] -------------------------------
[2024-11-08T16:12:48-0500] Traceroute test started at 2024-11-08 16:12:48.335 EST
[2024-11-08T16:12:54-0500] Waiting for 24.099 s to reach end time
[2024-11-08T16:13:18-0500] Saved traceroute test to /data/data/com.termux/files/home/storage/shared/bos_la_2024_trip/att/20241108/160710692/traceroute_161248365.out
[2024-11-08T16:13:18-0500] Traceroute summary (min/avg/max/mdev) 
[2024-11-08T16:13:18-0500] Traceroute test finished at 2024-11-08 16:13:18.429 EST, duration: 30.094 s
[2024-11-08T16:13:18-0500] -------------------------------
[2024-11-08T16:13:18-0500] All tests completed, cleaning up...
[2024-11-08T16:13:18-0500] -------------------------------
[2024-11-08T16:31:26-0500] [measurement] Load environment variables from prod.env file
[2024-11-08T16:31:26-0500] Starting a network measurement, please choose a server
[2024-11-08T16:31:26-0500] 0) West Cloud: 54.176.53.206
[2024-11-08T16:31:26-0500] 1) East Cloud: 54.197.223.49
[2024-11-08T16:31:42-0500] Enter your choice (0-1): Testing att, server 1 (ip: 54.197.223.49, nuttcp_port: 5102, iperf_port: 5002)
[2024-11-08T16:31:42-0500] -------------------------------
[2024-11-08T16:31:42-0500] tcp downlink test started at 2024-11-08 16:31:42.397 EST
[2024-11-08T16:31:42-0500] Testing tcp downlink with 54.197.223.49:5102, interval 0.5 s, duration 120 s, timeout 121 s...
[2024-11-08T16:33:43-0500] Current time exceeds end time, skipping wait
[2024-11-08T16:33:43-0500] Saved tcp downlink test to /data/data/com.termux/files/home/storage/shared/bos_la_2024_trip/att/20241108/163142374/tcp_downlink_163142437.out
[2024-11-08T16:33:43-0500] DL AVG TPUT: 
[2024-11-08T16:33:43-0500] tcp downlink test finished at 2024-11-08 16:33:43.560 EST, duration: 121.163 s
[2024-11-08T16:33:43-0500] -------------------------------
[2024-11-08T16:33:43-0500] Waiting for 2 s...
[2024-11-08T16:33:45-0500] -------------------------------
[2024-11-08T16:33:45-0500] Starting 5G booster for 5 s...
[2024-11-08T16:33:45-0500] 5G booster started at 2024-11-08 16:33:45.684 EST
[2024-11-08T16:33:51-0500] Current time exceeds end time, skipping wait
[2024-11-08T16:33:51-0500] Saved TCP DL results to /data/data/com.termux/files/home/storage/shared/bos_la_2024_trip/att/20241108/163142374/tcp_downlink_163345738.out
[2024-11-08T16:33:51-0500] DL AVG TPUT: 
[2024-11-08T16:33:51-0500] 5G booster finished at 2024-11-08 16:33:51.826 EST, duration: 6.142 s
[2024-11-08T16:33:51-0500] -------------------------------
[2024-11-08T16:33:51-0500] Waiting for 2 s...
[2024-11-08T16:33:53-0500] -------------------------------
[2024-11-08T16:33:53-0500] tcp uplink test started at 2024-11-08 16:33:53.966 EST
[2024-11-08T16:33:54-0500] testing tcp uplink with 54.197.223.49:5102, interval 0.5, duration 120, timeout 121 ...
[2024-11-08T16:35:55-0500] Current time exceeds end time, skipping wait
[2024-11-08T16:35:55-0500] Saved uplink test to /data/data/com.termux/files/home/storage/shared/bos_la_2024_trip/att/20241108/163142374/tcp_uplink_163353994.out
[2024-11-08T16:35:55-0500] UL AVG TPUT: 
[2024-11-08T16:35:55-0500] tcp uplink test finished at 2024-11-08 16:35:55.085 EST, duration: 121.119 s
[2024-11-08T16:35:55-0500] -------------------------------
[2024-11-08T16:35:55-0500] Waiting for 2 s...
[2024-11-08T16:35:57-0500] -------------------------------
[2024-11-08T16:35:57-0500] Starting 5G booster for 5 s...
[2024-11-08T16:35:57-0500] 5G booster started at 2024-11-08 16:35:57.229 EST
[2024-11-08T16:36:03-0500] Current time exceeds end time, skipping wait
[2024-11-08T16:36:03-0500] Saved TCP DL results to /data/data/com.termux/files/home/storage/shared/bos_la_2024_trip/att/20241108/163142374/tcp_downlink_163557257.out
[2024-11-08T16:36:03-0500] DL AVG TPUT: 
[2024-11-08T16:36:03-0500] 5G booster finished at 2024-11-08 16:36:03.347 EST, duration: 6.118 s
[2024-11-08T16:36:03-0500] -------------------------------
[2024-11-08T16:36:03-0500] Waiting for 2 s...
[2024-11-08T16:36:05-0500] -------------------------------
[2024-11-08T16:36:05-0500] ICMP Ping test started at 2024-11-08 16:36:05.460 EST
[2024-11-08T16:36:35-0500] Waiting for .877 s to reach end time
[2024-11-08T16:36:36-0500] Saved ping test to /data/data/com.termux/files/home/storage/shared/bos_la_2024_trip/att/20241108/163142374/icmp_ping_163605512.out
[2024-11-08T16:36:36-0500] Ping summary (min/avg/max/mdev) = 49.346/56.450/83.507/6.155 ms
[2024-11-08T16:36:36-0500] Ping test finished at 2024-11-08 16:36:36.544 EST, duration: 31.084 s
[2024-11-08T16:36:36-0500] -------------------------------
[2024-11-08T16:36:36-0500] Waiting for 2 s...
[2024-11-08T16:36:38-0500] -------------------------------
[2024-11-08T16:36:38-0500] Starting 5G booster for 5 s...
[2024-11-08T16:36:38-0500] 5G booster started at 2024-11-08 16:36:38.625 EST
[2024-11-08T16:36:44-0500] Current time exceeds end time, skipping wait
[2024-11-08T16:36:44-0500] Saved TCP DL results to /data/data/com.termux/files/home/storage/shared/bos_la_2024_trip/att/20241108/163142374/tcp_downlink_163638648.out
[2024-11-08T16:36:44-0500] DL AVG TPUT: 
[2024-11-08T16:36:44-0500] 5G booster finished at 2024-11-08 16:36:44.746 EST, duration: 6.121 s
[2024-11-08T16:36:44-0500] -------------------------------
[2024-11-08T16:36:44-0500] Waiting for 2 s...
[2024-11-08T16:36:46-0500] -------------------------------
[2024-11-08T16:36:46-0500] TCP Ping test started at 2024-11-08 16:36:46.864 EST
[2024-11-08T16:37:18-0500] Current time exceeds end time, skipping wait
[2024-11-08T16:37:18-0500] Saved TCP Ping test to /data/data/com.termux/files/home/storage/shared/bos_la_2024_trip/att/20241108/163142374/tcp_ping_163646896.out
[2024-11-08T16:37:18-0500] TCP Ping summary (min/avg/max/mdev) 
[2024-11-08T16:37:18-0500] TCP Ping test finished at 2024-11-08 16:37:18.020 EST, duration: 31.156 s
[2024-11-08T16:37:18-0500] -------------------------------
[2024-11-08T16:37:18-0500] Waiting for 2 s...
[2024-11-08T16:37:20-0500] -------------------------------
[2024-11-08T16:37:20-0500] Traceroute test started at 2024-11-08 16:37:20.118 EST
[2024-11-08T16:37:26-0500] Waiting for 24.032 s to reach end time
[2024-11-08T16:37:50-0500] Saved traceroute test to /data/data/com.termux/files/home/storage/shared/bos_la_2024_trip/att/20241108/163142374/traceroute_163720150.out
[2024-11-08T16:37:50-0500] Traceroute summary (min/avg/max/mdev) 
[2024-11-08T16:37:50-0500] Traceroute test finished at 2024-11-08 16:37:50.203 EST, duration: 30.085 s
[2024-11-08T16:37:50-0500] -------------------------------
[2024-11-08T16:37:50-0500] All tests completed, cleaning up...
[2024-11-08T16:37:50-0500] -------------------------------
[2024-11-08T16:38:53-0500] [measurement] Load environment variables from prod.env file
[2024-11-08T16:38:53-0500] Starting a network measurement, please choose a server
[2024-11-08T16:38:53-0500] 0) West Cloud: 54.176.53.206
[2024-11-08T16:38:53-0500] 1) East Cloud: 54.197.223.49
[2024-11-08T16:39:04-0500] Enter your choice (0-1): Testing att, server 1 (ip: 54.197.223.49, nuttcp_port: 5102, iperf_port: 5002)
[2024-11-08T16:39:04-0500] -------------------------------
[2024-11-08T16:39:04-0500] tcp downlink test started at 2024-11-08 16:39:04.350 EST
[2024-11-08T16:39:04-0500] Testing tcp downlink with 54.197.223.49:5102, interval 0.5 s, duration 120 s, timeout 121 s...
[2024-11-08T16:41:05-0500] Current time exceeds end time, skipping wait
[2024-11-08T16:41:05-0500] Saved tcp downlink test to /data/data/com.termux/files/home/storage/shared/bos_la_2024_trip/att/20241108/163904326/tcp_downlink_163904391.out
[2024-11-08T16:41:05-0500] DL AVG TPUT: 
[2024-11-08T16:41:05-0500] tcp downlink test finished at 2024-11-08 16:41:05.506 EST, duration: 121.156 s
[2024-11-08T16:41:05-0500] -------------------------------
[2024-11-08T16:41:05-0500] Waiting for 2 s...
[2024-11-08T16:41:07-0500] -------------------------------
[2024-11-08T16:41:07-0500] Starting 5G booster for 5 s...
[2024-11-08T16:41:07-0500] 5G booster started at 2024-11-08 16:41:07.627 EST
[2024-11-08T16:41:13-0500] Current time exceeds end time, skipping wait
[2024-11-08T16:41:13-0500] Saved TCP DL results to /data/data/com.termux/files/home/storage/shared/bos_la_2024_trip/att/20241108/163904326/tcp_downlink_164107655.out
[2024-11-08T16:41:13-0500] DL AVG TPUT: 
[2024-11-08T16:41:13-0500] 5G booster finished at 2024-11-08 16:41:13.748 EST, duration: 6.121 s
[2024-11-08T16:41:13-0500] -------------------------------
[2024-11-08T16:41:13-0500] Waiting for 2 s...
[2024-11-08T16:41:15-0500] -------------------------------
[2024-11-08T16:41:15-0500] tcp uplink test started at 2024-11-08 16:41:15.855 EST
[2024-11-08T16:41:15-0500] testing tcp uplink with 54.197.223.49:5102, interval 0.5, duration 120, timeout 121 ...
[2024-11-08T16:43:16-0500] Current time exceeds end time, skipping wait
[2024-11-08T16:43:16-0500] Saved uplink test to /data/data/com.termux/files/home/storage/shared/bos_la_2024_trip/att/20241108/163904326/tcp_uplink_164115887.out
[2024-11-08T16:43:17-0500] UL AVG TPUT: 
[2024-11-08T16:43:17-0500] tcp uplink test finished at 2024-11-08 16:43:16.978 EST, duration: 121.123 s
[2024-11-08T16:43:17-0500] -------------------------------
[2024-11-08T16:43:17-0500] Waiting for 2 s...
[2024-11-08T16:43:19-0500] -------------------------------
[2024-11-08T16:43:19-0500] Starting 5G booster for 5 s...
[2024-11-08T16:43:19-0500] 5G booster started at 2024-11-08 16:43:19.110 EST
[2024-11-08T16:43:25-0500] Current time exceeds end time, skipping wait
[2024-11-08T16:43:25-0500] Saved TCP DL results to /data/data/com.termux/files/home/storage/shared/bos_la_2024_trip/att/20241108/163904326/tcp_downlink_164319159.out
[2024-11-08T16:43:25-0500] DL AVG TPUT: 
[2024-11-08T16:43:25-0500] 5G booster finished at 2024-11-08 16:43:25.236 EST, duration: 6.126 s
[2024-11-08T16:43:25-0500] -------------------------------
[2024-11-08T16:43:25-0500] Waiting for 2 s...
[2024-11-08T16:43:27-0500] -------------------------------
[2024-11-08T16:43:27-0500] ICMP Ping test started at 2024-11-08 16:43:27.364 EST
[2024-11-08T16:43:57-0500] Waiting for .870 s to reach end time
[2024-11-08T16:43:58-0500] Saved ping test to /data/data/com.termux/files/home/storage/shared/bos_la_2024_trip/att/20241108/163904326/icmp_ping_164327416.out
[2024-11-08T16:43:58-0500] Ping summary (min/avg/max/mdev) = 53.636/120.297/1349.011/185.389 ms
[2024-11-08T16:43:58-0500] Ping test finished at 2024-11-08 16:43:58.470 EST, duration: 31.106 s
[2024-11-08T16:43:58-0500] -------------------------------
[2024-11-08T16:43:58-0500] Waiting for 2 s...
[2024-11-08T16:44:00-0500] -------------------------------
[2024-11-08T16:44:00-0500] Starting 5G booster for 5 s...
[2024-11-08T16:44:00-0500] 5G booster started at 2024-11-08 16:44:00.574 EST
[2024-11-08T16:44:06-0500] Current time exceeds end time, skipping wait
[2024-11-08T16:44:06-0500] Saved TCP DL results to /data/data/com.termux/files/home/storage/shared/bos_la_2024_trip/att/20241108/163904326/tcp_downlink_164400603.out
[2024-11-08T16:44:06-0500] DL AVG TPUT: 
[2024-11-08T16:44:06-0500] 5G booster finished at 2024-11-08 16:44:06.696 EST, duration: 6.122 s
[2024-11-08T16:44:06-0500] -------------------------------
[2024-11-08T16:44:06-0500] Waiting for 2 s...
[2024-11-08T16:44:08-0500] -------------------------------
[2024-11-08T16:44:08-0500] TCP Ping test started at 2024-11-08 16:44:08.791 EST
[2024-11-08T16:44:39-0500] Current time exceeds end time, skipping wait
[2024-11-08T16:44:39-0500] Saved TCP Ping test to /data/data/com.termux/files/home/storage/shared/bos_la_2024_trip/att/20241108/163904326/tcp_ping_164408862.out
[2024-11-08T16:44:39-0500] TCP Ping summary (min/avg/max/mdev) 
[2024-11-08T16:44:40-0500] TCP Ping test finished at 2024-11-08 16:44:39.936 EST, duration: 31.145 s
[2024-11-08T16:44:40-0500] -------------------------------
[2024-11-08T16:44:40-0500] Waiting for 2 s...
[2024-11-08T16:44:42-0500] -------------------------------
[2024-11-08T16:44:42-0500] Traceroute test started at 2024-11-08 16:44:42.064 EST
[2024-11-08T16:44:47-0500] Waiting for 24.174 s to reach end time
[2024-11-08T16:45:12-0500] Saved traceroute test to /data/data/com.termux/files/home/storage/shared/bos_la_2024_trip/att/20241108/163904326/traceroute_164442099.out
[2024-11-08T16:45:12-0500] Traceroute summary (min/avg/max/mdev) 
[2024-11-08T16:45:12-0500] Traceroute test finished at 2024-11-08 16:45:12.145 EST, duration: 30.081 s
[2024-11-08T16:45:12-0500] -------------------------------
[2024-11-08T16:45:12-0500] All tests completed, cleaning up...
[2024-11-08T16:45:12-0500] -------------------------------
[2024-11-08T16:45:39-0500] [measurement] Load environment variables from prod.env file
[2024-11-08T16:45:39-0500] Starting a network measurement, please choose a server
[2024-11-08T16:45:39-0500] 0) West Cloud: 54.176.53.206
[2024-11-08T16:45:39-0500] 1) East Cloud: 54.197.223.49
[2024-11-08T16:46:06-0500] Enter your choice (0-1): Testing att, server 1 (ip: 54.197.223.49, nuttcp_port: 5102, iperf_port: 5002)
[2024-11-08T16:46:06-0500] -------------------------------
[2024-11-08T16:46:06-0500] tcp downlink test started at 2024-11-08 16:46:06.133 EST
[2024-11-08T16:46:06-0500] Testing tcp downlink with 54.197.223.49:5102, interval 0.5 s, duration 120 s, timeout 121 s...
[2024-11-08T16:48:07-0500] Current time exceeds end time, skipping wait
[2024-11-08T16:48:07-0500] Saved tcp downlink test to /data/data/com.termux/files/home/storage/shared/bos_la_2024_trip/att/20241108/164606113/tcp_downlink_164606172.out
[2024-11-08T16:48:07-0500] DL AVG TPUT: 
[2024-11-08T16:48:07-0500] tcp downlink test finished at 2024-11-08 16:48:07.279 EST, duration: 121.146 s
[2024-11-08T16:48:07-0500] -------------------------------
[2024-11-08T16:48:07-0500] Waiting for 2 s...
[2024-11-08T16:48:09-0500] -------------------------------
[2024-11-08T16:48:09-0500] Starting 5G booster for 5 s...
[2024-11-08T16:48:09-0500] 5G booster started at 2024-11-08 16:48:09.422 EST
[2024-11-08T16:48:15-0500] Current time exceeds end time, skipping wait
[2024-11-08T16:48:15-0500] Saved TCP DL results to /data/data/com.termux/files/home/storage/shared/bos_la_2024_trip/att/20241108/164606113/tcp_downlink_164809448.out
[2024-11-08T16:48:15-0500] DL AVG TPUT: 
[2024-11-08T16:48:15-0500] 5G booster finished at 2024-11-08 16:48:15.541 EST, duration: 6.119 s
[2024-11-08T16:48:15-0500] -------------------------------
[2024-11-08T16:48:15-0500] Waiting for 2 s...
[2024-11-08T16:48:17-0500] -------------------------------
[2024-11-08T16:48:17-0500] tcp uplink test started at 2024-11-08 16:48:17.622 EST
[2024-11-08T16:48:17-0500] testing tcp uplink with 54.197.223.49:5102, interval 0.5, duration 120, timeout 121 ...
[2024-11-08T16:50:18-0500] Current time exceeds end time, skipping wait
[2024-11-08T16:50:18-0500] Saved uplink test to /data/data/com.termux/files/home/storage/shared/bos_la_2024_trip/att/20241108/164606113/tcp_uplink_164817654.out
[2024-11-08T16:50:18-0500] UL AVG TPUT: 
[2024-11-08T16:50:18-0500] tcp uplink test finished at 2024-11-08 16:50:18.716 EST, duration: 121.094 s
[2024-11-08T16:50:18-0500] -------------------------------
[2024-11-08T16:50:18-0500] Waiting for 2 s...
[2024-11-08T16:50:20-0500] -------------------------------
[2024-11-08T16:50:20-0500] Starting 5G booster for 5 s...
[2024-11-08T16:50:20-0500] 5G booster started at 2024-11-08 16:50:20.803 EST
[2024-11-08T16:50:26-0500] Current time exceeds end time, skipping wait
[2024-11-08T16:50:26-0500] Saved TCP DL results to /data/data/com.termux/files/home/storage/shared/bos_la_2024_trip/att/20241108/164606113/tcp_downlink_165020829.out
[2024-11-08T16:50:26-0500] DL AVG TPUT: 
[2024-11-08T16:50:26-0500] 5G booster finished at 2024-11-08 16:50:26.915 EST, duration: 6.112 s
[2024-11-08T16:50:27-0500] -------------------------------
[2024-11-08T16:50:27-0500] Waiting for 2 s...
[2024-11-08T16:50:29-0500] -------------------------------
[2024-11-08T16:50:29-0500] ICMP Ping test started at 2024-11-08 16:50:29.038 EST
[2024-11-08T16:50:59-0500] Waiting for .873 s to reach end time
[2024-11-08T16:51:00-0500] Saved ping test to /data/data/com.termux/files/home/storage/shared/bos_la_2024_trip/att/20241108/164606113/icmp_ping_165029065.out
[2024-11-08T16:51:00-0500] Ping summary (min/avg/max/mdev) = 48.165/61.416/219.369/15.853 ms
[2024-11-08T16:51:00-0500] Ping test finished at 2024-11-08 16:51:00.116 EST, duration: 31.078 s
[2024-11-08T16:51:00-0500] -------------------------------
[2024-11-08T16:51:00-0500] Waiting for 2 s...
[2024-11-08T16:51:02-0500] -------------------------------
[2024-11-08T16:51:02-0500] Starting 5G booster for 5 s...
[2024-11-08T16:51:02-0500] 5G booster started at 2024-11-08 16:51:02.246 EST
[2024-11-08T16:51:08-0500] Current time exceeds end time, skipping wait
[2024-11-08T16:51:08-0500] Saved TCP DL results to /data/data/com.termux/files/home/storage/shared/bos_la_2024_trip/att/20241108/164606113/tcp_downlink_165102298.out
[2024-11-08T16:51:08-0500] DL AVG TPUT: 
[2024-11-08T16:51:08-0500] 5G booster finished at 2024-11-08 16:51:08.415 EST, duration: 6.169 s
[2024-11-08T16:51:08-0500] -------------------------------
[2024-11-08T16:51:08-0500] Waiting for 2 s...
[2024-11-08T16:51:10-0500] -------------------------------
[2024-11-08T16:51:10-0500] TCP Ping test started at 2024-11-08 16:51:10.528 EST
[2024-11-08T16:51:41-0500] Current time exceeds end time, skipping wait
[2024-11-08T16:51:41-0500] Saved TCP Ping test to /data/data/com.termux/files/home/storage/shared/bos_la_2024_trip/att/20241108/164606113/tcp_ping_165110557.out
[2024-11-08T16:51:41-0500] TCP Ping summary (min/avg/max/mdev) 
[2024-11-08T16:51:41-0500] TCP Ping test finished at 2024-11-08 16:51:41.649 EST, duration: 31.121 s
[2024-11-08T16:51:41-0500] -------------------------------
[2024-11-08T16:51:41-0500] Waiting for 2 s...
[2024-11-08T16:51:43-0500] -------------------------------
[2024-11-08T16:51:43-0500] Traceroute test started at 2024-11-08 16:51:43.758 EST
[2024-11-08T16:51:49-0500] Waiting for 24.034 s to reach end time
[2024-11-08T16:52:13-0500] Saved traceroute test to /data/data/com.termux/files/home/storage/shared/bos_la_2024_trip/att/20241108/164606113/traceroute_165143785.out
[2024-11-08T16:52:13-0500] Traceroute summary (min/avg/max/mdev) 
[2024-11-08T16:52:13-0500] Traceroute test finished at 2024-11-08 16:52:13.831 EST, duration: 30.073 s
[2024-11-08T16:52:13-0500] -------------------------------
[2024-11-08T16:52:13-0500] All tests completed, cleaning up...
[2024-11-08T16:52:13-0500] -------------------------------
[2024-11-08T16:52:46-0500] [measurement] Load environment variables from prod.env file
[2024-11-08T16:52:46-0500] Starting a network measurement, please choose a server
[2024-11-08T16:52:46-0500] 0) West Cloud: 54.176.53.206
[2024-11-08T16:52:46-0500] 1) East Cloud: 54.197.223.49
[2024-11-08T16:52:59-0500] Enter your choice (0-1): Testing att, server 1 (ip: 54.197.223.49, nuttcp_port: 5102, iperf_port: 5002)
[2024-11-08T16:52:59-0500] -------------------------------
[2024-11-08T16:52:59-0500] tcp downlink test started at 2024-11-08 16:52:59.646 EST
[2024-11-08T16:52:59-0500] Testing tcp downlink with 54.197.223.49:5102, interval 0.5 s, duration 120 s, timeout 121 s...
[2024-11-08T16:55:00-0500] Current time exceeds end time, skipping wait
[2024-11-08T16:55:00-0500] Saved tcp downlink test to /data/data/com.termux/files/home/storage/shared/bos_la_2024_trip/att/20241108/165259623/tcp_downlink_165259667.out
[2024-11-08T16:55:00-0500] DL AVG TPUT: 
[2024-11-08T16:55:00-0500] tcp downlink test finished at 2024-11-08 16:55:00.753 EST, duration: 121.107 s
[2024-11-08T16:55:00-0500] -------------------------------
[2024-11-08T16:55:00-0500] Waiting for 2 s...
[2024-11-08T16:55:02-0500] -------------------------------
[2024-11-08T16:55:02-0500] Starting 5G booster for 5 s...
[2024-11-08T16:55:02-0500] 5G booster started at 2024-11-08 16:55:02.885 EST
[2024-11-08T16:55:08-0500] Current time exceeds end time, skipping wait
[2024-11-08T16:55:08-0500] Saved TCP DL results to /data/data/com.termux/files/home/storage/shared/bos_la_2024_trip/att/20241108/165259623/tcp_downlink_165502912.out
[2024-11-08T16:55:09-0500] DL AVG TPUT: 
[2024-11-08T16:55:09-0500] 5G booster finished at 2024-11-08 16:55:08.980 EST, duration: 6.095 s
[2024-11-08T16:55:09-0500] -------------------------------
[2024-11-08T16:55:09-0500] Waiting for 2 s...
[2024-11-08T16:55:11-0500] -------------------------------
[2024-11-08T16:55:11-0500] tcp uplink test started at 2024-11-08 16:55:11.076 EST
[2024-11-08T16:55:11-0500] testing tcp uplink with 54.197.223.49:5102, interval 0.5, duration 120, timeout 121 ...
[2024-11-08T16:57:12-0500] Current time exceeds end time, skipping wait
[2024-11-08T16:57:12-0500] Saved uplink test to /data/data/com.termux/files/home/storage/shared/bos_la_2024_trip/att/20241108/165259623/tcp_uplink_165511126.out
[2024-11-08T16:57:12-0500] UL AVG TPUT: 
[2024-11-08T16:57:12-0500] tcp uplink test finished at 2024-11-08 16:57:12.214 EST, duration: 121.138 s
[2024-11-08T16:57:12-0500] -------------------------------
[2024-11-08T16:57:12-0500] Waiting for 2 s...
[2024-11-08T16:57:14-0500] -------------------------------
[2024-11-08T16:57:14-0500] Starting 5G booster for 5 s...
[2024-11-08T16:57:14-0500] 5G booster started at 2024-11-08 16:57:14.350 EST
[2024-11-08T16:57:20-0500] Current time exceeds end time, skipping wait
[2024-11-08T16:57:20-0500] Saved TCP DL results to /data/data/com.termux/files/home/storage/shared/bos_la_2024_trip/att/20241108/165259623/tcp_downlink_165714379.out
[2024-11-08T16:57:20-0500] DL AVG TPUT: 
[2024-11-08T16:57:20-0500] 5G booster finished at 2024-11-08 16:57:20.487 EST, duration: 6.137 s
[2024-11-08T16:57:20-0500] -------------------------------
[2024-11-08T16:57:20-0500] Waiting for 2 s...
[2024-11-08T16:57:22-0500] -------------------------------
[2024-11-08T16:57:22-0500] ICMP Ping test started at 2024-11-08 16:57:22.646 EST
[2024-11-08T16:57:52-0500] Waiting for .864 s to reach end time
[2024-11-08T16:57:53-0500] Saved ping test to /data/data/com.termux/files/home/storage/shared/bos_la_2024_trip/att/20241108/165259623/icmp_ping_165722696.out
[2024-11-08T16:57:53-0500] Ping summary (min/avg/max/mdev) = 50.201/65.089/96.593/8.876 ms
[2024-11-08T16:57:53-0500] Ping test finished at 2024-11-08 16:57:53.725 EST, duration: 31.079 s
[2024-11-08T16:57:53-0500] -------------------------------
[2024-11-08T16:57:53-0500] Waiting for 2 s...
[2024-11-08T16:57:55-0500] -------------------------------
[2024-11-08T16:57:55-0500] Starting 5G booster for 5 s...
[2024-11-08T16:57:55-0500] 5G booster started at 2024-11-08 16:57:55.840 EST
[2024-11-08T16:58:01-0500] Current time exceeds end time, skipping wait
[2024-11-08T16:58:01-0500] Saved TCP DL results to /data/data/com.termux/files/home/storage/shared/bos_la_2024_trip/att/20241108/165259623/tcp_downlink_165755871.out
[2024-11-08T16:58:01-0500] DL AVG TPUT: 
[2024-11-08T16:58:02-0500] 5G booster finished at 2024-11-08 16:58:01.959 EST, duration: 6.119 s
[2024-11-08T16:58:02-0500] -------------------------------
[2024-11-08T16:58:02-0500] Waiting for 2 s...
[2024-11-08T16:58:04-0500] -------------------------------
[2024-11-08T16:58:04-0500] TCP Ping test started at 2024-11-08 16:58:04.064 EST
[2024-11-08T16:58:35-0500] Current time exceeds end time, skipping wait
[2024-11-08T16:58:35-0500] Saved TCP Ping test to /data/data/com.termux/files/home/storage/shared/bos_la_2024_trip/att/20241108/165259623/tcp_ping_165804115.out
[2024-11-08T16:58:35-0500] TCP Ping summary (min/avg/max/mdev) 
[2024-11-08T16:58:35-0500] TCP Ping test finished at 2024-11-08 16:58:35.239 EST, duration: 31.175 s
[2024-11-08T16:58:35-0500] -------------------------------
[2024-11-08T16:58:35-0500] Waiting for 2 s...
[2024-11-08T16:58:37-0500] -------------------------------
[2024-11-08T16:58:37-0500] Traceroute test started at 2024-11-08 16:58:37.365 EST
[2024-11-08T16:58:43-0500] Waiting for 24.159 s to reach end time
[2024-11-08T16:59:07-0500] Saved traceroute test to /data/data/com.termux/files/home/storage/shared/bos_la_2024_trip/att/20241108/165259623/traceroute_165837418.out
[2024-11-08T16:59:07-0500] Traceroute summary (min/avg/max/mdev) 
[2024-11-08T16:59:07-0500] Traceroute test finished at 2024-11-08 16:59:07.503 EST, duration: 30.138 s
[2024-11-08T16:59:07-0500] -------------------------------
[2024-11-08T16:59:07-0500] All tests completed, cleaning up...
[2024-11-08T16:59:07-0500] -------------------------------
[2024-11-08T16:59:32-0500] [measurement] Load environment variables from prod.env file
[2024-11-08T16:59:32-0500] Starting a network measurement, please choose a server
[2024-11-08T16:59:32-0500] 0) West Cloud: 54.176.53.206
[2024-11-08T16:59:32-0500] 1) East Cloud: 54.197.223.49
[2024-11-08T16:59:59-0500] Enter your choice (0-1): Testing att, server 1 (ip: 54.197.223.49, nuttcp_port: 5102, iperf_port: 5002)
[2024-11-08T16:59:59-0500] -------------------------------
[2024-11-08T16:59:59-0500] tcp downlink test started at 2024-11-08 16:59:59.614 EST
[2024-11-08T16:59:59-0500] Testing tcp downlink with 54.197.223.49:5102, interval 0.5 s, duration 120 s, timeout 121 s...
[2024-11-08T17:01:01-0500] Waiting for 58.931 s to reach end time
[2024-11-08T17:02:00-0500] Saved tcp downlink test to /data/data/com.termux/files/home/storage/shared/bos_la_2024_trip/att/20241108/165959586/tcp_downlink_165959651.out
[2024-11-08T17:02:00-0500] DL AVG TPUT: 
[2024-11-08T17:02:00-0500] tcp downlink test finished at 2024-11-08 17:02:00.711 EST, duration: 121.097 s
[2024-11-08T17:02:00-0500] -------------------------------
[2024-11-08T17:02:00-0500] Waiting for 2 s...
[2024-11-08T17:02:02-0500] -------------------------------
[2024-11-08T17:02:02-0500] Starting 5G booster for 5 s...
[2024-11-08T17:02:02-0500] 5G booster started at 2024-11-08 17:02:02.832 EST
[2024-11-08T17:02:08-0500] Current time exceeds end time, skipping wait
[2024-11-08T17:02:08-0500] Saved TCP DL results to /data/data/com.termux/files/home/storage/shared/bos_la_2024_trip/att/20241108/165959586/tcp_downlink_170202862.out
[2024-11-08T17:02:08-0500] DL AVG TPUT: 
[2024-11-08T17:02:09-0500] 5G booster finished at 2024-11-08 17:02:08.941 EST, duration: 6.109 s
[2024-11-08T17:02:09-0500] -------------------------------
[2024-11-08T17:02:09-0500] Waiting for 2 s...
[2024-11-08T17:02:11-0500] -------------------------------
[2024-11-08T17:02:11-0500] tcp uplink test started at 2024-11-08 17:02:11.071 EST
[2024-11-08T17:02:11-0500] testing tcp uplink with 54.197.223.49:5102, interval 0.5, duration 120, timeout 121 ...
[2024-11-08T17:04:12-0500] Current time exceeds end time, skipping wait
[2024-11-08T17:04:12-0500] Saved uplink test to /data/data/com.termux/files/home/storage/shared/bos_la_2024_trip/att/20241108/165959586/tcp_uplink_170211121.out
[2024-11-08T17:04:12-0500] UL AVG TPUT: 
[2024-11-08T17:04:12-0500] tcp uplink test finished at 2024-11-08 17:04:12.206 EST, duration: 121.135 s
[2024-11-08T17:04:12-0500] -------------------------------
[2024-11-08T17:04:12-0500] Waiting for 2 s...
[2024-11-08T17:04:14-0500] -------------------------------
[2024-11-08T17:04:14-0500] Starting 5G booster for 5 s...
[2024-11-08T17:04:14-0500] 5G booster started at 2024-11-08 17:04:14.327 EST
[2024-11-08T17:04:20-0500] Current time exceeds end time, skipping wait
[2024-11-08T17:04:20-0500] Saved TCP DL results to /data/data/com.termux/files/home/storage/shared/bos_la_2024_trip/att/20241108/165959586/tcp_downlink_170414353.out
[2024-11-08T17:04:20-0500] DL AVG TPUT: 
[2024-11-08T17:04:20-0500] 5G booster finished at 2024-11-08 17:04:20.460 EST, duration: 6.133 s
[2024-11-08T17:04:20-0500] -------------------------------
[2024-11-08T17:04:20-0500] Waiting for 2 s...
[2024-11-08T17:04:22-0500] -------------------------------
[2024-11-08T17:04:22-0500] ICMP Ping test started at 2024-11-08 17:04:22.581 EST
[2024-11-08T17:04:52-0500] Waiting for .897 s to reach end time
[2024-11-08T17:04:53-0500] Saved ping test to /data/data/com.termux/files/home/storage/shared/bos_la_2024_trip/att/20241108/165959586/icmp_ping_170422608.out
[2024-11-08T17:04:53-0500] Ping summary (min/avg/max/mdev) = 52.153/61.466/170.379/13.748 ms
[2024-11-08T17:04:53-0500] Ping test finished at 2024-11-08 17:04:53.671 EST, duration: 31.090 s
[2024-11-08T17:04:53-0500] -------------------------------
[2024-11-08T17:04:53-0500] Waiting for 2 s...
[2024-11-08T17:04:55-0500] -------------------------------
[2024-11-08T17:04:55-0500] Starting 5G booster for 5 s...
[2024-11-08T17:04:55-0500] 5G booster started at 2024-11-08 17:04:55.773 EST
[2024-11-08T17:05:01-0500] Current time exceeds end time, skipping wait
[2024-11-08T17:05:01-0500] Saved TCP DL results to /data/data/com.termux/files/home/storage/shared/bos_la_2024_trip/att/20241108/165959586/tcp_downlink_170455795.out
[2024-11-08T17:05:01-0500] DL AVG TPUT: 
[2024-11-08T17:05:01-0500] 5G booster finished at 2024-11-08 17:05:01.885 EST, duration: 6.112 s
[2024-11-08T17:05:01-0500] -------------------------------
[2024-11-08T17:05:01-0500] Waiting for 2 s...
[2024-11-08T17:05:03-0500] -------------------------------
[2024-11-08T17:05:04-0500] TCP Ping test started at 2024-11-08 17:05:03.982 EST
[2024-11-08T17:05:35-0500] Current time exceeds end time, skipping wait
[2024-11-08T17:05:35-0500] Saved TCP Ping test to /data/data/com.termux/files/home/storage/shared/bos_la_2024_trip/att/20241108/165959586/tcp_ping_170504033.out
[2024-11-08T17:05:35-0500] TCP Ping summary (min/avg/max/mdev) 
[2024-11-08T17:05:35-0500] TCP Ping test finished at 2024-11-08 17:05:35.135 EST, duration: 31.153 s
[2024-11-08T17:05:35-0500] -------------------------------
[2024-11-08T17:05:35-0500] Waiting for 2 s...
[2024-11-08T17:05:37-0500] -------------------------------
[2024-11-08T17:05:37-0500] Traceroute test started at 2024-11-08 17:05:37.254 EST
[2024-11-08T17:05:43-0500] Waiting for 24.144 s to reach end time
[2024-11-08T17:06:07-0500] Saved traceroute test to /data/data/com.termux/files/home/storage/shared/bos_la_2024_trip/att/20241108/165959586/traceroute_170537282.out
[2024-11-08T17:06:07-0500] Traceroute summary (min/avg/max/mdev) 
[2024-11-08T17:06:07-0500] Traceroute test finished at 2024-11-08 17:06:07.335 EST, duration: 30.081 s
[2024-11-08T17:06:07-0500] -------------------------------
[2024-11-08T17:06:07-0500] All tests completed, cleaning up...
[2024-11-08T17:06:07-0500] -------------------------------
[2024-11-08T17:06:44-0500] [measurement] Load environment variables from prod.env file
[2024-11-08T17:06:44-0500] Starting a network measurement, please choose a server
[2024-11-08T17:06:44-0500] 0) West Cloud: 54.176.53.206
[2024-11-08T17:06:44-0500] 1) East Cloud: 54.197.223.49
[2024-11-08T17:06:59-0500] Enter your choice (0-1): Testing att, server 1 (ip: 54.197.223.49, nuttcp_port: 5102, iperf_port: 5002)
[2024-11-08T17:06:59-0500] -------------------------------
[2024-11-08T17:06:59-0500] tcp downlink test started at 2024-11-08 17:06:59.311 EST
[2024-11-08T17:06:59-0500] Testing tcp downlink with 54.197.223.49:5102, interval 0.5 s, duration 120 s, timeout 121 s...
[2024-11-08T17:09:00-0500] Current time exceeds end time, skipping wait
[2024-11-08T17:09:00-0500] Saved tcp downlink test to /data/data/com.termux/files/home/storage/shared/bos_la_2024_trip/att/20241108/170659285/tcp_downlink_170659345.out
[2024-11-08T17:09:00-0500] DL AVG TPUT: 
[2024-11-08T17:09:00-0500] tcp downlink test finished at 2024-11-08 17:09:00.447 EST, duration: 121.136 s
[2024-11-08T17:09:00-0500] -------------------------------
[2024-11-08T17:09:00-0500] Waiting for 2 s...
[2024-11-08T17:09:02-0500] -------------------------------
[2024-11-08T17:09:02-0500] Starting 5G booster for 5 s...
[2024-11-08T17:09:02-0500] 5G booster started at 2024-11-08 17:09:02.558 EST
[2024-11-08T17:09:08-0500] Current time exceeds end time, skipping wait
[2024-11-08T17:09:08-0500] Saved TCP DL results to /data/data/com.termux/files/home/storage/shared/bos_la_2024_trip/att/20241108/170659285/tcp_downlink_170902590.out
[2024-11-08T17:09:08-0500] DL AVG TPUT: 
[2024-11-08T17:09:08-0500] 5G booster finished at 2024-11-08 17:09:08.717 EST, duration: 6.159 s
[2024-11-08T17:09:08-0500] -------------------------------
[2024-11-08T17:09:08-0500] Waiting for 2 s...
[2024-11-08T17:09:10-0500] -------------------------------
[2024-11-08T17:09:10-0500] tcp uplink test started at 2024-11-08 17:09:10.840 EST
[2024-11-08T17:09:10-0500] testing tcp uplink with 54.197.223.49:5102, interval 0.5, duration 120, timeout 121 ...
[2024-11-08T17:11:11-0500] Current time exceeds end time, skipping wait
[2024-11-08T17:11:11-0500] Saved uplink test to /data/data/com.termux/files/home/storage/shared/bos_la_2024_trip/att/20241108/170659285/tcp_uplink_170910887.out
[2024-11-08T17:11:12-0500] UL AVG TPUT: 
[2024-11-08T17:11:12-0500] tcp uplink test finished at 2024-11-08 17:11:11.984 EST, duration: 121.144 s
[2024-11-08T17:11:12-0500] -------------------------------
[2024-11-08T17:11:12-0500] Waiting for 2 s...
[2024-11-08T17:11:14-0500] -------------------------------
[2024-11-08T17:11:14-0500] Starting 5G booster for 5 s...
[2024-11-08T17:11:14-0500] 5G booster started at 2024-11-08 17:11:14.132 EST
[2024-11-08T17:11:20-0500] Current time exceeds end time, skipping wait
[2024-11-08T17:11:20-0500] Saved TCP DL results to /data/data/com.termux/files/home/storage/shared/bos_la_2024_trip/att/20241108/170659285/tcp_downlink_171114165.out
[2024-11-08T17:11:20-0500] DL AVG TPUT: 
[2024-11-08T17:11:20-0500] 5G booster finished at 2024-11-08 17:11:20.289 EST, duration: 6.157 s
[2024-11-08T17:11:20-0500] -------------------------------
[2024-11-08T17:11:20-0500] Waiting for 2 s...
[2024-11-08T17:11:22-0500] -------------------------------
[2024-11-08T17:11:22-0500] ICMP Ping test started at 2024-11-08 17:11:22.454 EST
[2024-11-08T17:11:52-0500] Waiting for .817 s to reach end time
[2024-11-08T17:11:53-0500] Saved ping test to /data/data/com.termux/files/home/storage/shared/bos_la_2024_trip/att/20241108/170659285/icmp_ping_171122507.out
[2024-11-08T17:11:53-0500] Ping summary (min/avg/max/mdev) = 60.139/75.691/128.878/8.241 ms
[2024-11-08T17:11:53-0500] Ping test finished at 2024-11-08 17:11:53.543 EST, duration: 31.089 s
[2024-11-08T17:11:53-0500] -------------------------------
[2024-11-08T17:11:53-0500] Waiting for 2 s...
[2024-11-08T17:11:55-0500] -------------------------------
[2024-11-08T17:11:55-0500] Starting 5G booster for 5 s...
[2024-11-08T17:11:55-0500] 5G booster started at 2024-11-08 17:11:55.663 EST
[2024-11-08T17:12:01-0500] Current time exceeds end time, skipping wait
[2024-11-08T17:12:01-0500] Saved TCP DL results to /data/data/com.termux/files/home/storage/shared/bos_la_2024_trip/att/20241108/170659285/tcp_downlink_171155705.out
[2024-11-08T17:12:01-0500] DL AVG TPUT: 
[2024-11-08T17:12:01-0500] 5G booster finished at 2024-11-08 17:12:01.842 EST, duration: 6.179 s
[2024-11-08T17:12:01-0500] -------------------------------
[2024-11-08T17:12:01-0500] Waiting for 2 s...
[2024-11-08T17:12:03-0500] -------------------------------
[2024-11-08T17:12:04-0500] TCP Ping test started at 2024-11-08 17:12:03.970 EST
[2024-11-08T17:12:35-0500] Current time exceeds end time, skipping wait
[2024-11-08T17:12:35-0500] Saved TCP Ping test to /data/data/com.termux/files/home/storage/shared/bos_la_2024_trip/att/20241108/170659285/tcp_ping_171204028.out
[2024-11-08T17:12:35-0500] TCP Ping summary (min/avg/max/mdev) 
[2024-11-08T17:12:35-0500] TCP Ping test finished at 2024-11-08 17:12:35.141 EST, duration: 31.171 s
[2024-11-08T17:12:35-0500] -------------------------------
[2024-11-08T17:12:35-0500] Waiting for 2 s...
[2024-11-08T17:12:37-0500] -------------------------------
[2024-11-08T17:12:37-0500] Traceroute test started at 2024-11-08 17:12:37.268 EST
[2024-11-08T17:12:43-0500] Waiting for 24.182 s to reach end time
[2024-11-08T17:13:07-0500] Saved traceroute test to /data/data/com.termux/files/home/storage/shared/bos_la_2024_trip/att/20241108/170659285/traceroute_171237323.out
[2024-11-08T17:13:07-0500] Traceroute summary (min/avg/max/mdev) 
[2024-11-08T17:13:07-0500] Traceroute test finished at 2024-11-08 17:13:07.360 EST, duration: 30.092 s
[2024-11-08T17:13:07-0500] -------------------------------
[2024-11-08T17:13:07-0500] All tests completed, cleaning up...
[2024-11-08T17:13:07-0500] -------------------------------
[2024-11-08T17:13:34-0500] [measurement] Load environment variables from prod.env file
[2024-11-08T17:13:34-0500] Starting a network measurement, please choose a server
[2024-11-08T17:13:34-0500] 0) West Cloud: 54.176.53.206
[2024-11-08T17:13:34-0500] 1) East Cloud: 54.197.223.49
[2024-11-08T17:13:43-0500] Enter your choice (0-1): Testing att, server 1 (ip: 54.197.223.49, nuttcp_port: 5102, iperf_port: 5002)
[2024-11-08T17:13:43-0500] -------------------------------
[2024-11-08T17:13:43-0500] tcp downlink test started at 2024-11-08 17:13:43.921 EST
[2024-11-08T17:13:43-0500] Testing tcp downlink with 54.197.223.49:5102, interval 0.5 s, duration 120 s, timeout 121 s...
[2024-11-08T17:15:45-0500] Current time exceeds end time, skipping wait
[2024-11-08T17:15:45-0500] Saved tcp downlink test to /data/data/com.termux/files/home/storage/shared/bos_la_2024_trip/att/20241108/171343906/tcp_downlink_171343948.out
[2024-11-08T17:15:45-0500] DL AVG TPUT: 
[2024-11-08T17:15:45-0500] tcp downlink test finished at 2024-11-08 17:15:45.051 EST, duration: 121.130 s
[2024-11-08T17:15:45-0500] -------------------------------
[2024-11-08T17:15:45-0500] Waiting for 2 s...
[2024-11-08T17:15:47-0500] -------------------------------
[2024-11-08T17:15:47-0500] Starting 5G booster for 5 s...
[2024-11-08T17:15:47-0500] 5G booster started at 2024-11-08 17:15:47.162 EST
[2024-11-08T17:15:53-0500] Current time exceeds end time, skipping wait
[2024-11-08T17:15:53-0500] Saved TCP DL results to /data/data/com.termux/files/home/storage/shared/bos_la_2024_trip/att/20241108/171343906/tcp_downlink_171547198.out
[2024-11-08T17:15:53-0500] DL AVG TPUT: 
[2024-11-08T17:15:53-0500] 5G booster finished at 2024-11-08 17:15:53.291 EST, duration: 6.129 s
[2024-11-08T17:15:53-0500] -------------------------------
[2024-11-08T17:15:53-0500] Waiting for 2 s...
[2024-11-08T17:15:55-0500] -------------------------------
[2024-11-08T17:15:55-0500] tcp uplink test started at 2024-11-08 17:15:55.398 EST
[2024-11-08T17:15:55-0500] testing tcp uplink with 54.197.223.49:5102, interval 0.5, duration 120, timeout 121 ...
[2024-11-08T17:17:56-0500] Current time exceeds end time, skipping wait
[2024-11-08T17:17:56-0500] Saved uplink test to /data/data/com.termux/files/home/storage/shared/bos_la_2024_trip/att/20241108/171343906/tcp_uplink_171555428.out
[2024-11-08T17:17:56-0500] UL AVG TPUT: 
[2024-11-08T17:17:56-0500] tcp uplink test finished at 2024-11-08 17:17:56.557 EST, duration: 121.159 s
[2024-11-08T17:17:56-0500] -------------------------------
[2024-11-08T17:17:56-0500] Waiting for 2 s...
[2024-11-08T17:17:58-0500] -------------------------------
[2024-11-08T17:17:58-0500] Starting 5G booster for 5 s...
[2024-11-08T17:17:58-0500] 5G booster started at 2024-11-08 17:17:58.702 EST
[2024-11-08T17:18:04-0500] Current time exceeds end time, skipping wait
[2024-11-08T17:18:04-0500] Saved TCP DL results to /data/data/com.termux/files/home/storage/shared/bos_la_2024_trip/att/20241108/171343906/tcp_downlink_171758743.out
[2024-11-08T17:18:04-0500] DL AVG TPUT: 
[2024-11-08T17:18:04-0500] 5G booster finished at 2024-11-08 17:18:04.845 EST, duration: 6.143 s
[2024-11-08T17:18:04-0500] -------------------------------
[2024-11-08T17:18:04-0500] Waiting for 2 s...
[2024-11-08T17:18:06-0500] -------------------------------
[2024-11-08T17:18:07-0500] ICMP Ping test started at 2024-11-08 17:18:06.984 EST
[2024-11-08T17:18:37-0500] Waiting for .865 s to reach end time
[2024-11-08T17:18:38-0500] Saved ping test to /data/data/com.termux/files/home/storage/shared/bos_la_2024_trip/att/20241108/171343906/icmp_ping_171807019.out
[2024-11-08T17:18:38-0500] Ping summary (min/avg/max/mdev) = 51.575/56.651/66.519/4.063 ms
[2024-11-08T17:18:38-0500] Ping test finished at 2024-11-08 17:18:38.133 EST, duration: 31.149 s
[2024-11-08T17:18:38-0500] -------------------------------
[2024-11-08T17:18:38-0500] Waiting for 2 s...
[2024-11-08T17:18:40-0500] -------------------------------
[2024-11-08T17:18:40-0500] Starting 5G booster for 5 s...
[2024-11-08T17:18:40-0500] 5G booster started at 2024-11-08 17:18:40.232 EST
[2024-11-08T17:18:46-0500] Current time exceeds end time, skipping wait
[2024-11-08T17:18:46-0500] Saved TCP DL results to /data/data/com.termux/files/home/storage/shared/bos_la_2024_trip/att/20241108/171343906/tcp_downlink_171840300.out
[2024-11-08T17:18:46-0500] DL AVG TPUT: 
[2024-11-08T17:18:46-0500] 5G booster finished at 2024-11-08 17:18:46.407 EST, duration: 6.175 s
[2024-11-08T17:18:46-0500] -------------------------------
[2024-11-08T17:18:46-0500] Waiting for 2 s...
[2024-11-08T17:18:48-0500] -------------------------------
[2024-11-08T17:18:48-0500] TCP Ping test started at 2024-11-08 17:18:48.504 EST
[2024-11-08T17:19:19-0500] Current time exceeds end time, skipping wait
[2024-11-08T17:19:19-0500] Saved TCP Ping test to /data/data/com.termux/files/home/storage/shared/bos_la_2024_trip/att/20241108/171343906/tcp_ping_171848559.out
[2024-11-08T17:19:19-0500] TCP Ping summary (min/avg/max/mdev) 
[2024-11-08T17:19:19-0500] TCP Ping test finished at 2024-11-08 17:19:19.664 EST, duration: 31.160 s
[2024-11-08T17:19:19-0500] -------------------------------
[2024-11-08T17:19:19-0500] Waiting for 2 s...
[2024-11-08T17:19:21-0500] -------------------------------
[2024-11-08T17:19:21-0500] Traceroute test started at 2024-11-08 17:19:21.793 EST
[2024-11-08T17:19:27-0500] Waiting for 24.044 s to reach end time
[2024-11-08T17:19:51-0500] Saved traceroute test to /data/data/com.termux/files/home/storage/shared/bos_la_2024_trip/att/20241108/171343906/traceroute_171921822.out
[2024-11-08T17:19:51-0500] Traceroute summary (min/avg/max/mdev) 
[2024-11-08T17:19:51-0500] Traceroute test finished at 2024-11-08 17:19:51.879 EST, duration: 30.086 s
[2024-11-08T17:19:51-0500] -------------------------------
[2024-11-08T17:19:51-0500] All tests completed, cleaning up...
[2024-11-08T17:19:51-0500] -------------------------------
[2024-11-08T17:20:22-0500] [measurement] Load environment variables from prod.env file
[2024-11-08T17:20:22-0500] Starting a network measurement, please choose a server
[2024-11-08T17:20:22-0500] 0) West Cloud: 54.176.53.206
[2024-11-08T17:20:22-0500] 1) East Cloud: 54.197.223.49
[2024-11-08T17:20:30-0500] Enter your choice (0-1): Testing att, server 1 (ip: 54.197.223.49, nuttcp_port: 5102, iperf_port: 5002)
[2024-11-08T17:20:30-0500] -------------------------------
[2024-11-08T17:20:30-0500] tcp downlink test started at 2024-11-08 17:20:30.331 EST
[2024-11-08T17:20:30-0500] Testing tcp downlink with 54.197.223.49:5102, interval 0.5 s, duration 120 s, timeout 121 s...
[2024-11-08T17:22:31-0500] Current time exceeds end time, skipping wait
[2024-11-08T17:22:31-0500] Saved tcp downlink test to /data/data/com.termux/files/home/storage/shared/bos_la_2024_trip/att/20241108/172030309/tcp_downlink_172030356.out
[2024-11-08T17:22:31-0500] DL AVG TPUT: 
[2024-11-08T17:22:31-0500] tcp downlink test finished at 2024-11-08 17:22:31.444 EST, duration: 121.113 s
[2024-11-08T17:22:31-0500] -------------------------------
[2024-11-08T17:22:31-0500] Waiting for 2 s...
[2024-11-08T17:22:33-0500] -------------------------------
[2024-11-08T17:22:33-0500] Starting 5G booster for 5 s...
[2024-11-08T17:22:33-0500] 5G booster started at 2024-11-08 17:22:33.576 EST
[2024-11-08T17:22:39-0500] Current time exceeds end time, skipping wait
[2024-11-08T17:22:39-0500] Saved TCP DL results to /data/data/com.termux/files/home/storage/shared/bos_la_2024_trip/att/20241108/172030309/tcp_downlink_172233618.out
[2024-11-08T17:22:39-0500] DL AVG TPUT: 
[2024-11-08T17:22:39-0500] 5G booster finished at 2024-11-08 17:22:39.728 EST, duration: 6.152 s
[2024-11-08T17:22:39-0500] -------------------------------
[2024-11-08T17:22:39-0500] Waiting for 2 s...
[2024-11-08T17:22:41-0500] -------------------------------
[2024-11-08T17:22:41-0500] tcp uplink test started at 2024-11-08 17:22:41.871 EST
[2024-11-08T17:22:41-0500] testing tcp uplink with 54.197.223.49:5102, interval 0.5, duration 120, timeout 121 ...
[2024-11-08T17:24:43-0500] Current time exceeds end time, skipping wait
[2024-11-08T17:24:43-0500] Saved uplink test to /data/data/com.termux/files/home/storage/shared/bos_la_2024_trip/att/20241108/172030309/tcp_uplink_172241908.out
[2024-11-08T17:24:43-0500] UL AVG TPUT: 
[2024-11-08T17:24:43-0500] tcp uplink test finished at 2024-11-08 17:24:43.034 EST, duration: 121.163 s
[2024-11-08T17:24:43-0500] -------------------------------
[2024-11-08T17:24:43-0500] Waiting for 2 s...
[2024-11-08T17:24:45-0500] -------------------------------
[2024-11-08T17:24:45-0500] Starting 5G booster for 5 s...
[2024-11-08T17:24:45-0500] 5G booster started at 2024-11-08 17:24:45.195 EST
[2024-11-08T17:24:51-0500] Current time exceeds end time, skipping wait
[2024-11-08T17:24:51-0500] Saved TCP DL results to /data/data/com.termux/files/home/storage/shared/bos_la_2024_trip/att/20241108/172030309/tcp_downlink_172445234.out
[2024-11-08T17:24:51-0500] DL AVG TPUT: 
[2024-11-08T17:24:51-0500] 5G booster finished at 2024-11-08 17:24:51.362 EST, duration: 6.167 s
[2024-11-08T17:24:51-0500] -------------------------------
[2024-11-08T17:24:51-0500] Waiting for 2 s...
[2024-11-08T17:24:53-0500] -------------------------------
[2024-11-08T17:24:53-0500] ICMP Ping test started at 2024-11-08 17:24:53.480 EST
[2024-11-08T17:25:23-0500] Waiting for .869 s to reach end time
[2024-11-08T17:25:24-0500] Saved ping test to /data/data/com.termux/files/home/storage/shared/bos_la_2024_trip/att/20241108/172030309/icmp_ping_172453514.out
[2024-11-08T17:25:24-0500] Ping summary (min/avg/max/mdev) = 50.122/56.584/159.567/9.135 ms
[2024-11-08T17:25:24-0500] Ping test finished at 2024-11-08 17:25:24.545 EST, duration: 31.065 s
[2024-11-08T17:25:24-0500] -------------------------------
[2024-11-08T17:25:24-0500] Waiting for 2 s...
[2024-11-08T17:25:26-0500] -------------------------------
[2024-11-08T17:25:26-0500] Starting 5G booster for 5 s...
[2024-11-08T17:25:26-0500] 5G booster started at 2024-11-08 17:25:26.686 EST
[2024-11-08T17:25:32-0500] Current time exceeds end time, skipping wait
[2024-11-08T17:25:32-0500] Saved TCP DL results to /data/data/com.termux/files/home/storage/shared/bos_la_2024_trip/att/20241108/172030309/tcp_downlink_172526722.out
[2024-11-08T17:25:32-0500] DL AVG TPUT: 
[2024-11-08T17:25:32-0500] 5G booster finished at 2024-11-08 17:25:32.804 EST, duration: 6.118 s
[2024-11-08T17:25:32-0500] -------------------------------
[2024-11-08T17:25:32-0500] Waiting for 2 s...
[2024-11-08T17:25:34-0500] -------------------------------
[2024-11-08T17:25:34-0500] TCP Ping test started at 2024-11-08 17:25:34.903 EST
[2024-11-08T17:26:06-0500] Current time exceeds end time, skipping wait
[2024-11-08T17:26:06-0500] Saved TCP Ping test to /data/data/com.termux/files/home/storage/shared/bos_la_2024_trip/att/20241108/172030309/tcp_ping_172534925.out
[2024-11-08T17:26:06-0500] TCP Ping summary (min/avg/max/mdev) 
[2024-11-08T17:26:06-0500] TCP Ping test finished at 2024-11-08 17:26:06.038 EST, duration: 31.135 s
[2024-11-08T17:26:06-0500] -------------------------------
[2024-11-08T17:26:06-0500] Waiting for 2 s...
[2024-11-08T17:26:08-0500] -------------------------------
[2024-11-08T17:26:08-0500] Traceroute test started at 2024-11-08 17:26:08.156 EST
[2024-11-08T17:26:14-0500] Waiting for 24.063 s to reach end time
[2024-11-08T17:26:38-0500] Saved traceroute test to /data/data/com.termux/files/home/storage/shared/bos_la_2024_trip/att/20241108/172030309/traceroute_172608186.out
[2024-11-08T17:26:38-0500] Traceroute summary (min/avg/max/mdev) 
[2024-11-08T17:26:38-0500] Traceroute test finished at 2024-11-08 17:26:38.266 EST, duration: 30.110 s
[2024-11-08T17:26:38-0500] -------------------------------
[2024-11-08T17:26:38-0500] All tests completed, cleaning up...
[2024-11-08T17:26:38-0500] -------------------------------
[2024-11-08T17:27:16-0500] [measurement] Load environment variables from prod.env file
[2024-11-08T17:27:16-0500] Starting a network measurement, please choose a server
[2024-11-08T17:27:16-0500] 0) West Cloud: 54.176.53.206
[2024-11-08T17:27:16-0500] 1) East Cloud: 54.197.223.49
[2024-11-08T17:27:38-0500] Enter your choice (0-1): Testing att, server 1 (ip: 54.197.223.49, nuttcp_port: 5102, iperf_port: 5002)
[2024-11-08T17:27:38-0500] -------------------------------
[2024-11-08T17:27:38-0500] tcp downlink test started at 2024-11-08 17:27:38.385 EST
[2024-11-08T17:27:38-0500] Testing tcp downlink with 54.197.223.49:5102, interval 0.5 s, duration 120 s, timeout 121 s...
[2024-11-08T17:29:39-0500] Current time exceeds end time, skipping wait
[2024-11-08T17:29:39-0500] Saved tcp downlink test to /data/data/com.termux/files/home/storage/shared/bos_la_2024_trip/att/20241108/172738358/tcp_downlink_172738428.out
[2024-11-08T17:29:39-0500] DL AVG TPUT: 
[2024-11-08T17:29:39-0500] tcp downlink test finished at 2024-11-08 17:29:39.510 EST, duration: 121.125 s
[2024-11-08T17:29:39-0500] -------------------------------
[2024-11-08T17:29:39-0500] Waiting for 2 s...
[2024-11-08T17:29:41-0500] -------------------------------
[2024-11-08T17:29:41-0500] Starting 5G booster for 5 s...
[2024-11-08T17:29:41-0500] 5G booster started at 2024-11-08 17:29:41.616 EST
[2024-11-08T17:29:47-0500] Current time exceeds end time, skipping wait
[2024-11-08T17:29:47-0500] Saved TCP DL results to /data/data/com.termux/files/home/storage/shared/bos_la_2024_trip/att/20241108/172738358/tcp_downlink_172941674.out
[2024-11-08T17:29:47-0500] DL AVG TPUT: 
[2024-11-08T17:29:47-0500] 5G booster finished at 2024-11-08 17:29:47.767 EST, duration: 6.151 s
[2024-11-08T17:29:47-0500] -------------------------------
[2024-11-08T17:29:47-0500] Waiting for 2 s...
[2024-11-08T17:29:49-0500] -------------------------------
[2024-11-08T17:29:49-0500] tcp uplink test started at 2024-11-08 17:29:49.878 EST
[2024-11-08T17:29:49-0500] testing tcp uplink with 54.197.223.49:5102, interval 0.5, duration 120, timeout 121 ...
[2024-11-08T17:31:50-0500] Current time exceeds end time, skipping wait
[2024-11-08T17:31:51-0500] Saved uplink test to /data/data/com.termux/files/home/storage/shared/bos_la_2024_trip/att/20241108/172738358/tcp_uplink_172949921.out
[2024-11-08T17:31:51-0500] UL AVG TPUT: 
[2024-11-08T17:31:51-0500] tcp uplink test finished at 2024-11-08 17:31:51.011 EST, duration: 121.133 s
[2024-11-08T17:31:51-0500] -------------------------------
[2024-11-08T17:31:51-0500] Waiting for 2 s...
[2024-11-08T17:31:53-0500] -------------------------------
[2024-11-08T17:31:53-0500] Starting 5G booster for 5 s...
[2024-11-08T17:31:53-0500] 5G booster started at 2024-11-08 17:31:53.153 EST
[2024-11-08T17:31:59-0500] Current time exceeds end time, skipping wait
[2024-11-08T17:31:59-0500] Saved TCP DL results to /data/data/com.termux/files/home/storage/shared/bos_la_2024_trip/att/20241108/172738358/tcp_downlink_173153184.out
[2024-11-08T17:31:59-0500] DL AVG TPUT: 
[2024-11-08T17:31:59-0500] 5G booster finished at 2024-11-08 17:31:59.288 EST, duration: 6.135 s
[2024-11-08T17:31:59-0500] -------------------------------
[2024-11-08T17:31:59-0500] Waiting for 2 s...
[2024-11-08T17:32:01-0500] -------------------------------
[2024-11-08T17:32:01-0500] ICMP Ping test started at 2024-11-08 17:32:01.393 EST
[2024-11-08T17:32:31-0500] Waiting for .916 s to reach end time
[2024-11-08T17:32:32-0500] Saved ping test to /data/data/com.termux/files/home/storage/shared/bos_la_2024_trip/att/20241108/172738358/icmp_ping_173201423.out
[2024-11-08T17:32:32-0500] Ping summary (min/avg/max/mdev) = 46.058/57.415/192.300/12.003 ms
[2024-11-08T17:32:32-0500] Ping test finished at 2024-11-08 17:32:32.470 EST, duration: 31.077 s
[2024-11-08T17:32:32-0500] -------------------------------
[2024-11-08T17:32:32-0500] Waiting for 2 s...
[2024-11-08T17:32:34-0500] -------------------------------
[2024-11-08T17:32:34-0500] Starting 5G booster for 5 s...
[2024-11-08T17:32:34-0500] 5G booster started at 2024-11-08 17:32:34.600 EST
[2024-11-08T17:32:40-0500] Current time exceeds end time, skipping wait
[2024-11-08T17:32:40-0500] Saved TCP DL results to /data/data/com.termux/files/home/storage/shared/bos_la_2024_trip/att/20241108/172738358/tcp_downlink_173234637.out
[2024-11-08T17:32:40-0500] DL AVG TPUT: 
[2024-11-08T17:32:40-0500] 5G booster finished at 2024-11-08 17:32:40.729 EST, duration: 6.129 s
[2024-11-08T17:32:40-0500] -------------------------------
[2024-11-08T17:32:40-0500] Waiting for 2 s...
[2024-11-08T17:32:42-0500] -------------------------------
[2024-11-08T17:32:42-0500] TCP Ping test started at 2024-11-08 17:32:42.847 EST
[2024-11-08T17:33:14-0500] Current time exceeds end time, skipping wait
[2024-11-08T17:33:14-0500] Saved TCP Ping test to /data/data/com.termux/files/home/storage/shared/bos_la_2024_trip/att/20241108/172738358/tcp_ping_173242888.out
[2024-11-08T17:33:14-0500] TCP Ping summary (min/avg/max/mdev) 
[2024-11-08T17:33:14-0500] TCP Ping test finished at 2024-11-08 17:33:14.047 EST, duration: 31.200 s
[2024-11-08T17:33:14-0500] -------------------------------
[2024-11-08T17:33:14-0500] Waiting for 2 s...
[2024-11-08T17:33:16-0500] -------------------------------
[2024-11-08T17:33:16-0500] Traceroute test started at 2024-11-08 17:33:16.182 EST
[2024-11-08T17:33:22-0500] Waiting for 23.990 s to reach end time
[2024-11-08T17:33:46-0500] Saved traceroute test to /data/data/com.termux/files/home/storage/shared/bos_la_2024_trip/att/20241108/172738358/traceroute_173316240.out
[2024-11-08T17:33:46-0500] Traceroute summary (min/avg/max/mdev) 
[2024-11-08T17:33:46-0500] Traceroute test finished at 2024-11-08 17:33:46.268 EST, duration: 30.086 s
[2024-11-08T17:33:46-0500] -------------------------------
[2024-11-08T17:33:46-0500] All tests completed, cleaning up...
[2024-11-08T17:33:46-0500] -------------------------------
[2024-11-08T17:34:17-0500] [measurement] Load environment variables from prod.env file
[2024-11-08T17:34:17-0500] Starting a network measurement, please choose a server
[2024-11-08T17:34:17-0500] 0) West Cloud: 54.176.53.206
[2024-11-08T17:34:17-0500] 1) East Cloud: 54.197.223.49
[2024-11-08T17:34:33-0500] Enter your choice (0-1): Testing att, server 1 (ip: 54.197.223.49, nuttcp_port: 5102, iperf_port: 5002)
[2024-11-08T17:34:33-0500] -------------------------------
[2024-11-08T17:34:33-0500] tcp downlink test started at 2024-11-08 17:34:33.230 EST
[2024-11-08T17:34:33-0500] Testing tcp downlink with 54.197.223.49:5102, interval 0.5 s, duration 120 s, timeout 121 s...
[2024-11-08T17:36:34-0500] Current time exceeds end time, skipping wait
[2024-11-08T17:36:34-0500] Saved tcp downlink test to /data/data/com.termux/files/home/storage/shared/bos_la_2024_trip/att/20241108/173433212/tcp_downlink_173433254.out
[2024-11-08T17:36:34-0500] DL AVG TPUT: 
[2024-11-08T17:36:34-0500] tcp downlink test finished at 2024-11-08 17:36:34.322 EST, duration: 121.092 s
[2024-11-08T17:36:34-0500] -------------------------------
[2024-11-08T17:36:34-0500] Waiting for 2 s...
[2024-11-08T17:36:36-0500] -------------------------------
[2024-11-08T17:36:36-0500] Starting 5G booster for 5 s...
[2024-11-08T17:36:36-0500] 5G booster started at 2024-11-08 17:36:36.438 EST
[2024-11-08T17:36:42-0500] Current time exceeds end time, skipping wait
[2024-11-08T17:36:42-0500] Saved TCP DL results to /data/data/com.termux/files/home/storage/shared/bos_la_2024_trip/att/20241108/173433212/tcp_downlink_173636472.out
[2024-11-08T17:36:42-0500] DL AVG TPUT: 
[2024-11-08T17:36:42-0500] 5G booster finished at 2024-11-08 17:36:42.615 EST, duration: 6.177 s
[2024-11-08T17:36:42-0500] -------------------------------
[2024-11-08T17:36:42-0500] Waiting for 2 s...
[2024-11-08T17:36:44-0500] -------------------------------
[2024-11-08T17:36:44-0500] tcp uplink test started at 2024-11-08 17:36:44.741 EST
[2024-11-08T17:36:44-0500] testing tcp uplink with 54.197.223.49:5102, interval 0.5, duration 120, timeout 121 ...
[2024-11-08T17:38:45-0500] Current time exceeds end time, skipping wait
[2024-11-08T17:38:45-0500] Saved uplink test to /data/data/com.termux/files/home/storage/shared/bos_la_2024_trip/att/20241108/173433212/tcp_uplink_173644779.out
[2024-11-08T17:38:45-0500] UL AVG TPUT: 
[2024-11-08T17:38:45-0500] tcp uplink test finished at 2024-11-08 17:38:45.887 EST, duration: 121.146 s
[2024-11-08T17:38:45-0500] -------------------------------
[2024-11-08T17:38:45-0500] Waiting for 2 s...
[2024-11-08T17:38:48-0500] -------------------------------
[2024-11-08T17:38:48-0500] Starting 5G booster for 5 s...
[2024-11-08T17:38:48-0500] 5G booster started at 2024-11-08 17:38:48.032 EST
[2024-11-08T17:38:54-0500] Current time exceeds end time, skipping wait
[2024-11-08T17:38:54-0500] Saved TCP DL results to /data/data/com.termux/files/home/storage/shared/bos_la_2024_trip/att/20241108/173433212/tcp_downlink_173848069.out
[2024-11-08T17:38:54-0500] DL AVG TPUT: 
[2024-11-08T17:38:54-0500] 5G booster finished at 2024-11-08 17:38:54.159 EST, duration: 6.127 s
[2024-11-08T17:38:54-0500] -------------------------------
[2024-11-08T17:38:54-0500] Waiting for 2 s...
[2024-11-08T17:38:56-0500] -------------------------------
[2024-11-08T17:38:56-0500] ICMP Ping test started at 2024-11-08 17:38:56.286 EST
[2024-11-08T17:39:26-0500] Waiting for .860 s to reach end time
[2024-11-08T17:39:27-0500] Saved ping test to /data/data/com.termux/files/home/storage/shared/bos_la_2024_trip/att/20241108/173433212/icmp_ping_173856319.out
[2024-11-08T17:39:27-0500] Ping summary (min/avg/max/mdev) = 49.735/73.131/477.893/52.110 ms
[2024-11-08T17:39:27-0500] Ping test finished at 2024-11-08 17:39:27.388 EST, duration: 31.102 s
[2024-11-08T17:39:27-0500] -------------------------------
[2024-11-08T17:39:27-0500] Waiting for 2 s...
[2024-11-08T17:39:29-0500] -------------------------------
[2024-11-08T17:39:29-0500] Starting 5G booster for 5 s...
[2024-11-08T17:39:29-0500] 5G booster started at 2024-11-08 17:39:29.512 EST
[2024-11-08T17:39:35-0500] Current time exceeds end time, skipping wait
[2024-11-08T17:39:35-0500] Saved TCP DL results to /data/data/com.termux/files/home/storage/shared/bos_la_2024_trip/att/20241108/173433212/tcp_downlink_173929548.out
[2024-11-08T17:39:35-0500] DL AVG TPUT: 
[2024-11-08T17:39:35-0500] 5G booster finished at 2024-11-08 17:39:35.647 EST, duration: 6.135 s
[2024-11-08T17:39:35-0500] -------------------------------
[2024-11-08T17:39:35-0500] Waiting for 2 s...
[2024-11-08T17:39:37-0500] -------------------------------
[2024-11-08T17:39:37-0500] TCP Ping test started at 2024-11-08 17:39:37.769 EST
[2024-11-08T17:40:08-0500] Current time exceeds end time, skipping wait
[2024-11-08T17:40:08-0500] Saved TCP Ping test to /data/data/com.termux/files/home/storage/shared/bos_la_2024_trip/att/20241108/173433212/tcp_ping_173937796.out
[2024-11-08T17:40:08-0500] TCP Ping summary (min/avg/max/mdev) 
[2024-11-08T17:40:09-0500] TCP Ping test finished at 2024-11-08 17:40:08.918 EST, duration: 31.149 s
[2024-11-08T17:40:09-0500] -------------------------------
[2024-11-08T17:40:09-0500] Waiting for 2 s...
[2024-11-08T17:40:11-0500] -------------------------------
[2024-11-08T17:40:11-0500] Traceroute test started at 2024-11-08 17:40:11.059 EST
[2024-11-08T17:40:17-0500] Waiting for 23.842 s to reach end time
[2024-11-08T17:40:41-0500] Saved traceroute test to /data/data/com.termux/files/home/storage/shared/bos_la_2024_trip/att/20241108/173433212/traceroute_174011083.out
[2024-11-08T17:40:41-0500] Traceroute summary (min/avg/max/mdev) 
[2024-11-08T17:40:41-0500] Traceroute test finished at 2024-11-08 17:40:41.137 EST, duration: 30.078 s
[2024-11-08T17:40:41-0500] -------------------------------
[2024-11-08T17:40:41-0500] All tests completed, cleaning up...
[2024-11-08T17:40:41-0500] -------------------------------
[2024-11-08T17:41:27-0500] [measurement] Load environment variables from prod.env file
[2024-11-08T17:41:27-0500] Starting a network measurement, please choose a server
[2024-11-08T17:41:27-0500] 0) West Cloud: 54.176.53.206
[2024-11-08T17:41:27-0500] 1) East Cloud: 54.197.223.49
[2024-11-08T17:41:42-0500] Enter your choice (0-1): Testing att, server 1 (ip: 54.197.223.49, nuttcp_port: 5102, iperf_port: 5002)
[2024-11-08T17:41:42-0500] -------------------------------
[2024-11-08T17:41:42-0500] tcp downlink test started at 2024-11-08 17:41:42.550 EST
[2024-11-08T17:41:42-0500] Testing tcp downlink with 54.197.223.49:5102, interval 0.5 s, duration 120 s, timeout 121 s...
[2024-11-08T17:43:43-0500] Current time exceeds end time, skipping wait
[2024-11-08T17:43:43-0500] Saved tcp downlink test to /data/data/com.termux/files/home/storage/shared/bos_la_2024_trip/att/20241108/174142522/tcp_downlink_174142599.out
[2024-11-08T17:43:43-0500] DL AVG TPUT: 
[2024-11-08T17:43:43-0500] tcp downlink test finished at 2024-11-08 17:43:43.700 EST, duration: 121.150 s
[2024-11-08T17:43:43-0500] -------------------------------
[2024-11-08T17:43:43-0500] Waiting for 2 s...
[2024-11-08T17:43:45-0500] -------------------------------
[2024-11-08T17:43:45-0500] Starting 5G booster for 5 s...
[2024-11-08T17:43:45-0500] 5G booster started at 2024-11-08 17:43:45.814 EST
[2024-11-08T17:43:51-0500] Current time exceeds end time, skipping wait
[2024-11-08T17:43:51-0500] Saved TCP DL results to /data/data/com.termux/files/home/storage/shared/bos_la_2024_trip/att/20241108/174142522/tcp_downlink_174345838.out
[2024-11-08T17:43:51-0500] DL AVG TPUT: 
[2024-11-08T17:43:51-0500] 5G booster finished at 2024-11-08 17:43:51.921 EST, duration: 6.107 s
[2024-11-08T17:43:51-0500] -------------------------------
[2024-11-08T17:43:51-0500] Waiting for 2 s...
[2024-11-08T17:43:54-0500] -------------------------------
[2024-11-08T17:43:54-0500] tcp uplink test started at 2024-11-08 17:43:54.035 EST
[2024-11-08T17:43:54-0500] testing tcp uplink with 54.197.223.49:5102, interval 0.5, duration 120, timeout 121 ...
[2024-11-08T17:45:55-0500] Current time exceeds end time, skipping wait
[2024-11-08T17:45:55-0500] Saved uplink test to /data/data/com.termux/files/home/storage/shared/bos_la_2024_trip/att/20241108/174142522/tcp_uplink_174354069.out
[2024-11-08T17:45:55-0500] UL AVG TPUT: 
[2024-11-08T17:45:55-0500] tcp uplink test finished at 2024-11-08 17:45:55.184 EST, duration: 121.149 s
[2024-11-08T17:45:55-0500] -------------------------------
[2024-11-08T17:45:55-0500] Waiting for 2 s...
[2024-11-08T17:45:57-0500] -------------------------------
[2024-11-08T17:45:57-0500] Starting 5G booster for 5 s...
[2024-11-08T17:45:57-0500] 5G booster started at 2024-11-08 17:45:57.377 EST
[2024-11-08T17:46:03-0500] Current time exceeds end time, skipping wait
[2024-11-08T17:46:03-0500] Saved TCP DL results to /data/data/com.termux/files/home/storage/shared/bos_la_2024_trip/att/20241108/174142522/tcp_downlink_174557416.out
[2024-11-08T17:46:03-0500] DL AVG TPUT: 
[2024-11-08T17:46:03-0500] 5G booster finished at 2024-11-08 17:46:03.499 EST, duration: 6.122 s
[2024-11-08T17:46:03-0500] -------------------------------
[2024-11-08T17:46:03-0500] Waiting for 2 s...
[2024-11-08T17:46:05-0500] -------------------------------
[2024-11-08T17:46:05-0500] ICMP Ping test started at 2024-11-08 17:46:05.635 EST
[2024-11-08T17:46:35-0500] Waiting for .891 s to reach end time
[2024-11-08T17:46:36-0500] Saved ping test to /data/data/com.termux/files/home/storage/shared/bos_la_2024_trip/att/20241108/174142522/icmp_ping_174605668.out
[2024-11-08T17:46:36-0500] Ping summary (min/avg/max/mdev) = 46.457/58.486/226.853/27.332 ms
[2024-11-08T17:46:36-0500] Ping test finished at 2024-11-08 17:46:36.725 EST, duration: 31.090 s
[2024-11-08T17:46:36-0500] -------------------------------
[2024-11-08T17:46:36-0500] Waiting for 2 s...
[2024-11-08T17:46:38-0500] -------------------------------
[2024-11-08T17:46:38-0500] Starting 5G booster for 5 s...
[2024-11-08T17:46:38-0500] 5G booster started at 2024-11-08 17:46:38.837 EST
[2024-11-08T17:46:44-0500] Current time exceeds end time, skipping wait
[2024-11-08T17:46:44-0500] Saved TCP DL results to /data/data/com.termux/files/home/storage/shared/bos_la_2024_trip/att/20241108/174142522/tcp_downlink_174638868.out
[2024-11-08T17:46:44-0500] DL AVG TPUT: 
[2024-11-08T17:46:45-0500] 5G booster finished at 2024-11-08 17:46:44.931 EST, duration: 6.094 s
[2024-11-08T17:46:45-0500] -------------------------------
[2024-11-08T17:46:45-0500] Waiting for 2 s...
[2024-11-08T17:46:47-0500] -------------------------------
[2024-11-08T17:46:47-0500] TCP Ping test started at 2024-11-08 17:46:47.038 EST
[2024-11-08T17:47:18-0500] Current time exceeds end time, skipping wait
[2024-11-08T17:47:18-0500] Saved TCP Ping test to /data/data/com.termux/files/home/storage/shared/bos_la_2024_trip/att/20241108/174142522/tcp_ping_174647067.out
[2024-11-08T17:47:18-0500] TCP Ping summary (min/avg/max/mdev) 
[2024-11-08T17:47:18-0500] TCP Ping test finished at 2024-11-08 17:47:18.159 EST, duration: 31.121 s
[2024-11-08T17:47:18-0500] -------------------------------
[2024-11-08T17:47:18-0500] Waiting for 2 s...
[2024-11-08T17:47:20-0500] -------------------------------
[2024-11-08T17:47:20-0500] Traceroute test started at 2024-11-08 17:47:20.269 EST
[2024-11-08T17:47:26-0500] Waiting for 24.023 s to reach end time
[2024-11-08T17:47:50-0500] Saved traceroute test to /data/data/com.termux/files/home/storage/shared/bos_la_2024_trip/att/20241108/174142522/traceroute_174720322.out
[2024-11-08T17:47:50-0500] Traceroute summary (min/avg/max/mdev) 
[2024-11-08T17:47:50-0500] Traceroute test finished at 2024-11-08 17:47:50.345 EST, duration: 30.076 s
[2024-11-08T17:47:50-0500] -------------------------------
[2024-11-08T17:47:50-0500] All tests completed, cleaning up...
[2024-11-08T17:47:50-0500] -------------------------------
[2024-11-08T17:48:31-0500] [measurement] Load environment variables from prod.env file
[2024-11-08T17:48:31-0500] Starting a network measurement, please choose a server
[2024-11-08T17:48:31-0500] 0) West Cloud: 54.176.53.206
[2024-11-08T17:48:31-0500] 1) East Cloud: 54.197.223.49
[2024-11-08T17:48:46-0500] Enter your choice (0-1): Testing att, server 1 (ip: 54.197.223.49, nuttcp_port: 5102, iperf_port: 5002)
[2024-11-08T17:48:46-0500] -------------------------------
[2024-11-08T17:48:46-0500] tcp downlink test started at 2024-11-08 17:48:46.263 EST
[2024-11-08T17:48:46-0500] Testing tcp downlink with 54.197.223.49:5102, interval 0.5 s, duration 120 s, timeout 121 s...
[2024-11-08T17:50:47-0500] Current time exceeds end time, skipping wait
[2024-11-08T17:50:47-0500] Saved tcp downlink test to /data/data/com.termux/files/home/storage/shared/bos_la_2024_trip/att/20241108/174846217/tcp_downlink_174846327.out
[2024-11-08T17:50:47-0500] DL AVG TPUT: 
[2024-11-08T17:50:47-0500] tcp downlink test finished at 2024-11-08 17:50:47.453 EST, duration: 121.190 s
[2024-11-08T17:50:47-0500] -------------------------------
[2024-11-08T17:50:47-0500] Waiting for 2 s...
[2024-11-08T17:50:49-0500] -------------------------------
[2024-11-08T17:50:49-0500] Starting 5G booster for 5 s...
[2024-11-08T17:50:49-0500] 5G booster started at 2024-11-08 17:50:49.614 EST
[2024-11-08T17:50:55-0500] Current time exceeds end time, skipping wait
[2024-11-08T17:50:55-0500] Saved TCP DL results to /data/data/com.termux/files/home/storage/shared/bos_la_2024_trip/att/20241108/174846217/tcp_downlink_175049666.out
[2024-11-08T17:50:55-0500] DL AVG TPUT: 
[2024-11-08T17:50:55-0500] 5G booster finished at 2024-11-08 17:50:55.750 EST, duration: 6.136 s
[2024-11-08T17:50:55-0500] -------------------------------
[2024-11-08T17:50:55-0500] Waiting for 2 s...
[2024-11-08T17:50:57-0500] -------------------------------
[2024-11-08T17:50:57-0500] tcp uplink test started at 2024-11-08 17:50:57.880 EST
[2024-11-08T17:50:57-0500] testing tcp uplink with 54.197.223.49:5102, interval 0.5, duration 120, timeout 121 ...
[2024-11-08T17:52:58-0500] Current time exceeds end time, skipping wait
[2024-11-08T17:52:58-0500] Saved uplink test to /data/data/com.termux/files/home/storage/shared/bos_la_2024_trip/att/20241108/174846217/tcp_uplink_175057908.out
[2024-11-08T17:52:59-0500] UL AVG TPUT: 
[2024-11-08T17:52:59-0500] tcp uplink test finished at 2024-11-08 17:52:58.989 EST, duration: 121.109 s
[2024-11-08T17:52:59-0500] -------------------------------
[2024-11-08T17:52:59-0500] Waiting for 2 s...
[2024-11-08T17:53:01-0500] -------------------------------
[2024-11-08T17:53:01-0500] Starting 5G booster for 5 s...
[2024-11-08T17:53:01-0500] 5G booster started at 2024-11-08 17:53:01.105 EST
[2024-11-08T17:53:07-0500] Current time exceeds end time, skipping wait
[2024-11-08T17:53:07-0500] Saved TCP DL results to /data/data/com.termux/files/home/storage/shared/bos_la_2024_trip/att/20241108/174846217/tcp_downlink_175301143.out
[2024-11-08T17:53:07-0500] DL AVG TPUT: 
[2024-11-08T17:53:07-0500] 5G booster finished at 2024-11-08 17:53:07.225 EST, duration: 6.120 s
[2024-11-08T17:53:07-0500] -------------------------------
[2024-11-08T17:53:07-0500] Waiting for 2 s...
[2024-11-08T17:53:09-0500] -------------------------------
[2024-11-08T17:53:09-0500] ICMP Ping test started at 2024-11-08 17:53:09.330 EST
[2024-11-08T17:53:39-0500] Waiting for .891 s to reach end time
[2024-11-08T17:53:40-0500] Saved ping test to /data/data/com.termux/files/home/storage/shared/bos_la_2024_trip/att/20241108/174846217/icmp_ping_175309362.out
[2024-11-08T17:53:40-0500] Ping summary (min/avg/max/mdev) = 50.011/69.343/243.954/30.632 ms
[2024-11-08T17:53:40-0500] Ping test finished at 2024-11-08 17:53:40.408 EST, duration: 31.078 s
[2024-11-08T17:53:40-0500] -------------------------------
[2024-11-08T17:53:40-0500] Waiting for 2 s...
[2024-11-08T17:53:42-0500] -------------------------------
[2024-11-08T17:53:42-0500] Starting 5G booster for 5 s...
[2024-11-08T17:53:42-0500] 5G booster started at 2024-11-08 17:53:42.530 EST
[2024-11-08T17:53:48-0500] Current time exceeds end time, skipping wait
[2024-11-08T17:53:48-0500] Saved TCP DL results to /data/data/com.termux/files/home/storage/shared/bos_la_2024_trip/att/20241108/174846217/tcp_downlink_175342563.out
[2024-11-08T17:53:48-0500] DL AVG TPUT: 
[2024-11-08T17:53:48-0500] 5G booster finished at 2024-11-08 17:53:48.654 EST, duration: 6.124 s
[2024-11-08T17:53:48-0500] -------------------------------
[2024-11-08T17:53:48-0500] Waiting for 2 s...
[2024-11-08T17:53:50-0500] -------------------------------
[2024-11-08T17:53:50-0500] TCP Ping test started at 2024-11-08 17:53:50.778 EST
[2024-11-08T17:54:21-0500] Current time exceeds end time, skipping wait
[2024-11-08T17:54:21-0500] Saved TCP Ping test to /data/data/com.termux/files/home/storage/shared/bos_la_2024_trip/att/20241108/174846217/tcp_ping_175350810.out
[2024-11-08T17:54:21-0500] TCP Ping summary (min/avg/max/mdev) 
[2024-11-08T17:54:22-0500] TCP Ping test finished at 2024-11-08 17:54:21.939 EST, duration: 31.161 s
[2024-11-08T17:54:22-0500] -------------------------------
[2024-11-08T17:54:22-0500] Waiting for 2 s...
[2024-11-08T17:54:24-0500] -------------------------------
[2024-11-08T17:54:24-0500] Traceroute test started at 2024-11-08 17:54:24.032 EST
[2024-11-08T17:54:30-0500] Waiting for 24.065 s to reach end time
[2024-11-08T17:54:54-0500] Saved traceroute test to /data/data/com.termux/files/home/storage/shared/bos_la_2024_trip/att/20241108/174846217/traceroute_175424054.out
[2024-11-08T17:54:54-0500] Traceroute summary (min/avg/max/mdev) 
[2024-11-08T17:54:54-0500] Traceroute test finished at 2024-11-08 17:54:54.136 EST, duration: 30.104 s
[2024-11-08T17:54:54-0500] -------------------------------
[2024-11-08T17:54:54-0500] All tests completed, cleaning up...
[2024-11-08T17:54:54-0500] -------------------------------
[2024-11-08T17:55:27-0500] [measurement] Load environment variables from prod.env file
[2024-11-08T17:55:28-0500] Starting a network measurement, please choose a server
[2024-11-08T17:55:28-0500] 0) West Cloud: 54.176.53.206
[2024-11-08T17:55:28-0500] 1) East Cloud: 54.197.223.49
[2024-11-08T17:55:47-0500] Enter your choice (0-1): Testing att, server 1 (ip: 54.197.223.49, nuttcp_port: 5102, iperf_port: 5002)
[2024-11-08T17:55:47-0500] -------------------------------
[2024-11-08T17:55:47-0500] tcp downlink test started at 2024-11-08 17:55:47.593 EST
[2024-11-08T17:55:47-0500] Testing tcp downlink with 54.197.223.49:5102, interval 0.5 s, duration 120 s, timeout 121 s...
[2024-11-08T17:57:48-0500] Current time exceeds end time, skipping wait
[2024-11-08T17:57:48-0500] Saved tcp downlink test to /data/data/com.termux/files/home/storage/shared/bos_la_2024_trip/att/20241108/175547568/tcp_downlink_175547624.out
[2024-11-08T17:57:48-0500] DL AVG TPUT: 
[2024-11-08T17:57:48-0500] tcp downlink test finished at 2024-11-08 17:57:48.737 EST, duration: 121.144 s
[2024-11-08T17:57:48-0500] -------------------------------
[2024-11-08T17:57:48-0500] Waiting for 2 s...
[2024-11-08T17:57:50-0500] -------------------------------
[2024-11-08T17:57:50-0500] Starting 5G booster for 5 s...
[2024-11-08T17:57:50-0500] 5G booster started at 2024-11-08 17:57:50.886 EST
[2024-11-08T17:57:57-0500] Current time exceeds end time, skipping wait
[2024-11-08T17:57:57-0500] Saved TCP DL results to /data/data/com.termux/files/home/storage/shared/bos_la_2024_trip/att/20241108/175547568/tcp_downlink_175750917.out
[2024-11-08T17:57:57-0500] DL AVG TPUT: 
[2024-11-08T17:57:57-0500] 5G booster finished at 2024-11-08 17:57:57.068 EST, duration: 6.182 s
[2024-11-08T17:57:57-0500] -------------------------------
[2024-11-08T17:57:57-0500] Waiting for 2 s...
[2024-11-08T17:57:59-0500] -------------------------------
[2024-11-08T17:57:59-0500] tcp uplink test started at 2024-11-08 17:57:59.239 EST
[2024-11-08T17:57:59-0500] testing tcp uplink with 54.197.223.49:5102, interval 0.5, duration 120, timeout 121 ...
[2024-11-08T18:00:00-0500] Current time exceeds end time, skipping wait
[2024-11-08T18:00:00-0500] Saved uplink test to /data/data/com.termux/files/home/storage/shared/bos_la_2024_trip/att/20241108/175547568/tcp_uplink_175759281.out
[2024-11-08T18:00:00-0500] UL AVG TPUT: 
[2024-11-08T18:00:00-0500] tcp uplink test finished at 2024-11-08 18:00:00.371 EST, duration: 121.132 s
[2024-11-08T18:00:00-0500] -------------------------------
[2024-11-08T18:00:00-0500] Waiting for 2 s...
[2024-11-08T18:00:02-0500] -------------------------------
[2024-11-08T18:00:02-0500] Starting 5G booster for 5 s...
[2024-11-08T18:00:02-0500] 5G booster started at 2024-11-08 18:00:02.518 EST
[2024-11-08T18:00:08-0500] Current time exceeds end time, skipping wait
[2024-11-08T18:00:08-0500] Saved TCP DL results to /data/data/com.termux/files/home/storage/shared/bos_la_2024_trip/att/20241108/175547568/tcp_downlink_180002553.out
[2024-11-08T18:00:08-0500] DL AVG TPUT: 
[2024-11-08T18:00:08-0500] 5G booster finished at 2024-11-08 18:00:08.666 EST, duration: 6.148 s
[2024-11-08T18:00:08-0500] -------------------------------
[2024-11-08T18:00:08-0500] Waiting for 2 s...
[2024-11-08T18:00:10-0500] -------------------------------
[2024-11-08T18:00:10-0500] ICMP Ping test started at 2024-11-08 18:00:10.778 EST
[2024-11-08T18:00:40-0500] Waiting for .850 s to reach end time
[2024-11-08T18:00:41-0500] Saved ping test to /data/data/com.termux/files/home/storage/shared/bos_la_2024_trip/att/20241108/175547568/icmp_ping_180010808.out
[2024-11-08T18:00:41-0500] Ping summary (min/avg/max/mdev) = 47.349/56.645/73.504/5.606 ms
[2024-11-08T18:00:41-0500] Ping test finished at 2024-11-08 18:00:41.862 EST, duration: 31.084 s
[2024-11-08T18:00:41-0500] -------------------------------
[2024-11-08T18:00:41-0500] Waiting for 2 s...
[2024-11-08T18:00:43-0500] -------------------------------
[2024-11-08T18:00:43-0500] Starting 5G booster for 5 s...
[2024-11-08T18:00:43-0500] 5G booster started at 2024-11-08 18:00:43.977 EST
[2024-11-08T18:00:50-0500] Current time exceeds end time, skipping wait
[2024-11-08T18:00:50-0500] Saved TCP DL results to /data/data/com.termux/files/home/storage/shared/bos_la_2024_trip/att/20241108/175547568/tcp_downlink_180044012.out
[2024-11-08T18:00:50-0500] DL AVG TPUT: 
[2024-11-08T18:00:50-0500] 5G booster finished at 2024-11-08 18:00:50.107 EST, duration: 6.130 s
[2024-11-08T18:00:50-0500] -------------------------------
[2024-11-08T18:00:50-0500] Waiting for 2 s...
[2024-11-08T18:00:52-0500] -------------------------------
[2024-11-08T18:00:52-0500] TCP Ping test started at 2024-11-08 18:00:52.198 EST
[2024-11-08T18:01:23-0500] Current time exceeds end time, skipping wait
[2024-11-08T18:01:23-0500] Saved TCP Ping test to /data/data/com.termux/files/home/storage/shared/bos_la_2024_trip/att/20241108/175547568/tcp_ping_180052226.out
[2024-11-08T18:01:23-0500] TCP Ping summary (min/avg/max/mdev) 
[2024-11-08T18:01:23-0500] TCP Ping test finished at 2024-11-08 18:01:23.358 EST, duration: 31.160 s
[2024-11-08T18:01:23-0500] -------------------------------
[2024-11-08T18:01:23-0500] Waiting for 2 s...
[2024-11-08T18:01:25-0500] -------------------------------
[2024-11-08T18:01:25-0500] Traceroute test started at 2024-11-08 18:01:25.471 EST
[2024-11-08T18:01:31-0500] Waiting for 24.010 s to reach end time
[2024-11-08T18:01:55-0500] Saved traceroute test to /data/data/com.termux/files/home/storage/shared/bos_la_2024_trip/att/20241108/175547568/traceroute_180125523.out
[2024-11-08T18:01:55-0500] Traceroute summary (min/avg/max/mdev) 
[2024-11-08T18:01:55-0500] Traceroute test finished at 2024-11-08 18:01:55.557 EST, duration: 30.086 s
[2024-11-08T18:01:55-0500] -------------------------------
[2024-11-08T18:01:55-0500] All tests completed, cleaning up...
[2024-11-08T18:01:55-0500] -------------------------------
[2024-11-08T18:02:25-0500] [measurement] Load environment variables from prod.env file
[2024-11-08T18:02:25-0500] Starting a network measurement, please choose a server
[2024-11-08T18:02:25-0500] 0) West Cloud: 54.176.53.206
[2024-11-08T18:02:25-0500] 1) East Cloud: 54.197.223.49
[2024-11-08T18:02:52-0500] Enter your choice (0-1): Testing att, server 1 (ip: 54.197.223.49, nuttcp_port: 5102, iperf_port: 5002)
[2024-11-08T18:02:53-0500] -------------------------------
[2024-11-08T18:02:53-0500] tcp downlink test started at 2024-11-08 18:02:53.049 EST
[2024-11-08T18:02:53-0500] Testing tcp downlink with 54.197.223.49:5102, interval 0.5 s, duration 120 s, timeout 121 s...
[2024-11-08T18:04:54-0500] Current time exceeds end time, skipping wait
[2024-11-08T18:04:54-0500] Saved tcp downlink test to /data/data/com.termux/files/home/storage/shared/bos_la_2024_trip/att/20241108/180253019/tcp_downlink_180253115.out
[2024-11-08T18:04:54-0500] DL AVG TPUT: 
[2024-11-08T18:04:54-0500] tcp downlink test finished at 2024-11-08 18:04:54.219 EST, duration: 121.170 s
[2024-11-08T18:04:54-0500] -------------------------------
[2024-11-08T18:04:54-0500] Waiting for 2 s...
[2024-11-08T18:04:56-0500] -------------------------------
[2024-11-08T18:04:56-0500] Starting 5G booster for 5 s...
[2024-11-08T18:04:56-0500] 5G booster started at 2024-11-08 18:04:56.393 EST
[2024-11-08T18:05:02-0500] Current time exceeds end time, skipping wait
[2024-11-08T18:05:02-0500] Saved TCP DL results to /data/data/com.termux/files/home/storage/shared/bos_la_2024_trip/att/20241108/180253019/tcp_downlink_180456420.out
[2024-11-08T18:05:02-0500] DL AVG TPUT: 
[2024-11-08T18:05:02-0500] 5G booster finished at 2024-11-08 18:05:02.550 EST, duration: 6.157 s
[2024-11-08T18:05:02-0500] -------------------------------
[2024-11-08T18:05:02-0500] Waiting for 2 s...
[2024-11-08T18:05:04-0500] -------------------------------
[2024-11-08T18:05:04-0500] tcp uplink test started at 2024-11-08 18:05:04.652 EST
[2024-11-08T18:05:04-0500] testing tcp uplink with 54.197.223.49:5102, interval 0.5, duration 120, timeout 121 ...
[2024-11-08T18:07:05-0500] Current time exceeds end time, skipping wait
[2024-11-08T18:07:05-0500] Saved uplink test to /data/data/com.termux/files/home/storage/shared/bos_la_2024_trip/att/20241108/180253019/tcp_uplink_180504700.out
[2024-11-08T18:07:05-0500] UL AVG TPUT: 
[2024-11-08T18:07:05-0500] tcp uplink test finished at 2024-11-08 18:07:05.775 EST, duration: 121.123 s
[2024-11-08T18:07:05-0500] -------------------------------
[2024-11-08T18:07:05-0500] Waiting for 2 s...
[2024-11-08T18:07:07-0500] -------------------------------
[2024-11-08T18:07:07-0500] Starting 5G booster for 5 s...
[2024-11-08T18:07:07-0500] 5G booster started at 2024-11-08 18:07:07.895 EST
[2024-11-08T18:07:14-0500] Current time exceeds end time, skipping wait
[2024-11-08T18:07:14-0500] Saved TCP DL results to /data/data/com.termux/files/home/storage/shared/bos_la_2024_trip/att/20241108/180253019/tcp_downlink_180707927.out
[2024-11-08T18:07:14-0500] DL AVG TPUT: 
[2024-11-08T18:07:14-0500] 5G booster finished at 2024-11-08 18:07:14.021 EST, duration: 6.126 s
[2024-11-08T18:07:14-0500] -------------------------------
[2024-11-08T18:07:14-0500] Waiting for 2 s...
[2024-11-08T18:07:16-0500] -------------------------------
[2024-11-08T18:07:16-0500] ICMP Ping test started at 2024-11-08 18:07:16.168 EST
[2024-11-08T18:07:46-0500] Waiting for .883 s to reach end time
[2024-11-08T18:07:47-0500] Saved ping test to /data/data/com.termux/files/home/storage/shared/bos_la_2024_trip/att/20241108/180253019/icmp_ping_180716194.out
[2024-11-08T18:07:47-0500] Ping summary (min/avg/max/mdev) = 46.223/61.147/340.115/38.827 ms
[2024-11-08T18:07:47-0500] Ping test finished at 2024-11-08 18:07:47.290 EST, duration: 31.122 s
[2024-11-08T18:07:47-0500] -------------------------------
[2024-11-08T18:07:47-0500] Waiting for 2 s...
[2024-11-08T18:07:49-0500] -------------------------------
[2024-11-08T18:07:49-0500] Starting 5G booster for 5 s...
[2024-11-08T18:07:49-0500] 5G booster started at 2024-11-08 18:07:49.416 EST
[2024-11-08T18:07:55-0500] Current time exceeds end time, skipping wait
[2024-11-08T18:07:55-0500] Saved TCP DL results to /data/data/com.termux/files/home/storage/shared/bos_la_2024_trip/att/20241108/180253019/tcp_downlink_180749449.out
[2024-11-08T18:07:55-0500] DL AVG TPUT: 
[2024-11-08T18:07:55-0500] 5G booster finished at 2024-11-08 18:07:55.540 EST, duration: 6.124 s
[2024-11-08T18:07:55-0500] -------------------------------
[2024-11-08T18:07:55-0500] Waiting for 2 s...
[2024-11-08T18:07:57-0500] -------------------------------
[2024-11-08T18:07:57-0500] TCP Ping test started at 2024-11-08 18:07:57.640 EST
[2024-11-08T18:08:28-0500] Current time exceeds end time, skipping wait
[2024-11-08T18:08:28-0500] Saved TCP Ping test to /data/data/com.termux/files/home/storage/shared/bos_la_2024_trip/att/20241108/180253019/tcp_ping_180757693.out
[2024-11-08T18:08:28-0500] TCP Ping summary (min/avg/max/mdev) 
[2024-11-08T18:08:28-0500] TCP Ping test finished at 2024-11-08 18:08:28.779 EST, duration: 31.139 s
[2024-11-08T18:08:28-0500] -------------------------------
[2024-11-08T18:08:28-0500] Waiting for 2 s...
[2024-11-08T18:08:30-0500] -------------------------------
[2024-11-08T18:08:30-0500] Traceroute test started at 2024-11-08 18:08:30.910 EST
[2024-11-08T18:08:36-0500] Waiting for 24.024 s to reach end time
[2024-11-08T18:09:01-0500] Saved traceroute test to /data/data/com.termux/files/home/storage/shared/bos_la_2024_trip/att/20241108/180253019/traceroute_180830959.out
[2024-11-08T18:09:01-0500] Traceroute summary (min/avg/max/mdev) 
[2024-11-08T18:09:01-0500] Traceroute test finished at 2024-11-08 18:09:00.998 EST, duration: 30.088 s
[2024-11-08T18:09:01-0500] -------------------------------
[2024-11-08T18:09:01-0500] All tests completed, cleaning up...
[2024-11-08T18:09:01-0500] -------------------------------
[2024-11-08T18:09:24-0500] [measurement] Load environment variables from prod.env file
[2024-11-08T18:09:24-0500] Starting a network measurement, please choose a server
[2024-11-08T18:09:24-0500] 0) West Cloud: 54.176.53.206
[2024-11-08T18:09:24-0500] 1) East Cloud: 54.197.223.49
[2024-11-08T18:09:38-0500] Enter your choice (0-1): Testing att, server 1 (ip: 54.197.223.49, nuttcp_port: 5102, iperf_port: 5002)
[2024-11-08T18:09:38-0500] -------------------------------
[2024-11-08T18:09:38-0500] tcp downlink test started at 2024-11-08 18:09:38.167 EST
[2024-11-08T18:09:38-0500] Testing tcp downlink with 54.197.223.49:5102, interval 0.5 s, duration 120 s, timeout 121 s...
[2024-11-08T18:11:39-0500] Current time exceeds end time, skipping wait
[2024-11-08T18:11:39-0500] Saved tcp downlink test to /data/data/com.termux/files/home/storage/shared/bos_la_2024_trip/att/20241108/180938145/tcp_downlink_180938198.out
[2024-11-08T18:11:39-0500] DL AVG TPUT: 
[2024-11-08T18:11:39-0500] tcp downlink test finished at 2024-11-08 18:11:39.269 EST, duration: 121.102 s
[2024-11-08T18:11:39-0500] -------------------------------
[2024-11-08T18:11:39-0500] Waiting for 2 s...
[2024-11-08T18:11:41-0500] -------------------------------
[2024-11-08T18:11:41-0500] Starting 5G booster for 5 s...
[2024-11-08T18:11:41-0500] 5G booster started at 2024-11-08 18:11:41.389 EST
[2024-11-08T18:11:47-0500] Current time exceeds end time, skipping wait
[2024-11-08T18:11:47-0500] Saved TCP DL results to /data/data/com.termux/files/home/storage/shared/bos_la_2024_trip/att/20241108/180938145/tcp_downlink_181141439.out
[2024-11-08T18:11:47-0500] DL AVG TPUT: 
[2024-11-08T18:11:47-0500] 5G booster finished at 2024-11-08 18:11:47.529 EST, duration: 6.140 s
[2024-11-08T18:11:47-0500] -------------------------------
[2024-11-08T18:11:47-0500] Waiting for 2 s...
[2024-11-08T18:11:49-0500] -------------------------------
[2024-11-08T18:11:49-0500] tcp uplink test started at 2024-11-08 18:11:49.646 EST
[2024-11-08T18:11:49-0500] testing tcp uplink with 54.197.223.49:5102, interval 0.5, duration 120, timeout 121 ...
[2024-11-08T18:13:50-0500] Current time exceeds end time, skipping wait
[2024-11-08T18:13:50-0500] Saved uplink test to /data/data/com.termux/files/home/storage/shared/bos_la_2024_trip/att/20241108/180938145/tcp_uplink_181149698.out
[2024-11-08T18:13:50-0500] UL AVG TPUT: 
[2024-11-08T18:13:50-0500] tcp uplink test finished at 2024-11-08 18:13:50.782 EST, duration: 121.136 s
[2024-11-08T18:13:50-0500] -------------------------------
[2024-11-08T18:13:50-0500] Waiting for 2 s...
[2024-11-08T18:13:52-0500] -------------------------------
[2024-11-08T18:13:52-0500] Starting 5G booster for 5 s...
[2024-11-08T18:13:52-0500] 5G booster started at 2024-11-08 18:13:52.894 EST
[2024-11-08T18:13:59-0500] Current time exceeds end time, skipping wait
[2024-11-08T18:13:59-0500] Saved TCP DL results to /data/data/com.termux/files/home/storage/shared/bos_la_2024_trip/att/20241108/180938145/tcp_downlink_181352926.out
[2024-11-08T18:13:59-0500] DL AVG TPUT: 
[2024-11-08T18:13:59-0500] 5G booster finished at 2024-11-08 18:13:59.069 EST, duration: 6.175 s
[2024-11-08T18:13:59-0500] -------------------------------
[2024-11-08T18:13:59-0500] Waiting for 2 s...
[2024-11-08T18:14:01-0500] -------------------------------
[2024-11-08T18:14:01-0500] ICMP Ping test started at 2024-11-08 18:14:01.175 EST
[2024-11-08T18:14:31-0500] Waiting for .908 s to reach end time
[2024-11-08T18:14:32-0500] Saved ping test to /data/data/com.termux/files/home/storage/shared/bos_la_2024_trip/att/20241108/180938145/icmp_ping_181401203.out
[2024-11-08T18:14:32-0500] Ping summary (min/avg/max/mdev) = 44.907/57.247/105.386/6.366 ms
[2024-11-08T18:14:32-0500] Ping test finished at 2024-11-08 18:14:32.267 EST, duration: 31.092 s
[2024-11-08T18:14:32-0500] -------------------------------
[2024-11-08T18:14:32-0500] Waiting for 2 s...
[2024-11-08T18:14:34-0500] -------------------------------
[2024-11-08T18:14:34-0500] Starting 5G booster for 5 s...
[2024-11-08T18:14:34-0500] 5G booster started at 2024-11-08 18:14:34.394 EST
[2024-11-08T18:14:40-0500] Current time exceeds end time, skipping wait
[2024-11-08T18:14:40-0500] Saved TCP DL results to /data/data/com.termux/files/home/storage/shared/bos_la_2024_trip/att/20241108/180938145/tcp_downlink_181434428.out
[2024-11-08T18:14:40-0500] DL AVG TPUT: 
[2024-11-08T18:14:40-0500] 5G booster finished at 2024-11-08 18:14:40.500 EST, duration: 6.106 s
[2024-11-08T18:14:40-0500] -------------------------------
[2024-11-08T18:14:40-0500] Waiting for 2 s...
[2024-11-08T18:14:42-0500] -------------------------------
[2024-11-08T18:14:42-0500] TCP Ping test started at 2024-11-08 18:14:42.625 EST
[2024-11-08T18:15:13-0500] Current time exceeds end time, skipping wait
[2024-11-08T18:15:13-0500] Saved TCP Ping test to /data/data/com.termux/files/home/storage/shared/bos_la_2024_trip/att/20241108/180938145/tcp_ping_181442655.out
[2024-11-08T18:15:13-0500] TCP Ping summary (min/avg/max/mdev) 
[2024-11-08T18:15:13-0500] TCP Ping test finished at 2024-11-08 18:15:13.764 EST, duration: 31.139 s
[2024-11-08T18:15:13-0500] -------------------------------
[2024-11-08T18:15:13-0500] Waiting for 2 s...
[2024-11-08T18:15:15-0500] -------------------------------
[2024-11-08T18:15:15-0500] Traceroute test started at 2024-11-08 18:15:15.865 EST
[2024-11-08T18:15:21-0500] Waiting for 24.271 s to reach end time
[2024-11-08T18:15:45-0500] Saved traceroute test to /data/data/com.termux/files/home/storage/shared/bos_la_2024_trip/att/20241108/180938145/traceroute_181515889.out
[2024-11-08T18:15:45-0500] Traceroute summary (min/avg/max/mdev) 
[2024-11-08T18:15:46-0500] Traceroute test finished at 2024-11-08 18:15:45.952 EST, duration: 30.087 s
[2024-11-08T18:15:46-0500] -------------------------------
[2024-11-08T18:15:46-0500] All tests completed, cleaning up...
[2024-11-08T18:15:46-0500] -------------------------------
[2024-11-08T18:16:08-0500] [measurement] Load environment variables from prod.env file
[2024-11-08T18:16:08-0500] Starting a network measurement, please choose a server
[2024-11-08T18:16:08-0500] 0) West Cloud: 54.176.53.206
[2024-11-08T18:16:08-0500] 1) East Cloud: 54.197.223.49
[2024-11-08T18:16:37-0500] Enter your choice (0-1): Testing att, server 1 (ip: 54.197.223.49, nuttcp_port: 5102, iperf_port: 5002)
[2024-11-08T18:16:37-0500] -------------------------------
[2024-11-08T18:16:37-0500] tcp downlink test started at 2024-11-08 18:16:37.163 EST
[2024-11-08T18:16:37-0500] Testing tcp downlink with 54.197.223.49:5102, interval 0.5 s, duration 120 s, timeout 121 s...
[2024-11-08T18:18:38-0500] Current time exceeds end time, skipping wait
[2024-11-08T18:18:38-0500] Saved tcp downlink test to /data/data/com.termux/files/home/storage/shared/bos_la_2024_trip/att/20241108/181637149/tcp_downlink_181637199.out
[2024-11-08T18:18:38-0500] DL AVG TPUT: 
[2024-11-08T18:18:38-0500] tcp downlink test finished at 2024-11-08 18:18:38.299 EST, duration: 121.136 s
[2024-11-08T18:18:38-0500] -------------------------------
[2024-11-08T18:18:38-0500] Waiting for 2 s...
[2024-11-08T18:18:40-0500] -------------------------------
[2024-11-08T18:18:40-0500] Starting 5G booster for 5 s...
[2024-11-08T18:18:40-0500] 5G booster started at 2024-11-08 18:18:40.421 EST
[2024-11-08T18:18:46-0500] Current time exceeds end time, skipping wait
[2024-11-08T18:18:46-0500] Saved TCP DL results to /data/data/com.termux/files/home/storage/shared/bos_la_2024_trip/att/20241108/181637149/tcp_downlink_181840450.out
[2024-11-08T18:18:46-0500] DL AVG TPUT: 
[2024-11-08T18:18:46-0500] 5G booster finished at 2024-11-08 18:18:46.571 EST, duration: 6.150 s
[2024-11-08T18:18:46-0500] -------------------------------
[2024-11-08T18:18:46-0500] Waiting for 2 s...
[2024-11-08T18:18:48-0500] -------------------------------
[2024-11-08T18:18:48-0500] tcp uplink test started at 2024-11-08 18:18:48.685 EST
[2024-11-08T18:18:48-0500] testing tcp uplink with 54.197.223.49:5102, interval 0.5, duration 120, timeout 121 ...
[2024-11-08T18:20:49-0500] Current time exceeds end time, skipping wait
[2024-11-08T18:20:49-0500] Saved uplink test to /data/data/com.termux/files/home/storage/shared/bos_la_2024_trip/att/20241108/181637149/tcp_uplink_181848715.out
[2024-11-08T18:20:49-0500] UL AVG TPUT: 
[2024-11-08T18:20:49-0500] tcp uplink test finished at 2024-11-08 18:20:49.795 EST, duration: 121.110 s
[2024-11-08T18:20:49-0500] -------------------------------
[2024-11-08T18:20:49-0500] Waiting for 2 s...
[2024-11-08T18:20:51-0500] -------------------------------
[2024-11-08T18:20:51-0500] Starting 5G booster for 5 s...
[2024-11-08T18:20:51-0500] 5G booster started at 2024-11-08 18:20:51.901 EST
[2024-11-08T18:20:58-0500] Current time exceeds end time, skipping wait
[2024-11-08T18:20:58-0500] Saved TCP DL results to /data/data/com.termux/files/home/storage/shared/bos_la_2024_trip/att/20241108/181637149/tcp_downlink_182051933.out
[2024-11-08T18:20:58-0500] DL AVG TPUT: 
[2024-11-08T18:20:58-0500] 5G booster finished at 2024-11-08 18:20:58.014 EST, duration: 6.113 s
[2024-11-08T18:20:58-0500] -------------------------------
[2024-11-08T18:20:58-0500] Waiting for 2 s...
[2024-11-08T18:21:00-0500] -------------------------------
[2024-11-08T18:21:00-0500] ICMP Ping test started at 2024-11-08 18:21:00.105 EST
[2024-11-08T18:21:30-0500] Waiting for .865 s to reach end time
[2024-11-08T18:21:31-0500] Saved ping test to /data/data/com.termux/files/home/storage/shared/bos_la_2024_trip/att/20241108/181637149/icmp_ping_182100134.out
[2024-11-08T18:21:31-0500] Ping summary (min/avg/max/mdev) = 43.304/55.271/213.714/14.246 ms
[2024-11-08T18:21:31-0500] Ping test finished at 2024-11-08 18:21:31.183 EST, duration: 31.078 s
[2024-11-08T18:21:31-0500] -------------------------------
[2024-11-08T18:21:31-0500] Waiting for 2 s...
[2024-11-08T18:21:33-0500] -------------------------------
[2024-11-08T18:21:33-0500] Starting 5G booster for 5 s...
[2024-11-08T18:21:33-0500] 5G booster started at 2024-11-08 18:21:33.280 EST
[2024-11-08T18:21:39-0500] Current time exceeds end time, skipping wait
[2024-11-08T18:21:39-0500] Saved TCP DL results to /data/data/com.termux/files/home/storage/shared/bos_la_2024_trip/att/20241108/181637149/tcp_downlink_182133307.out
[2024-11-08T18:21:39-0500] DL AVG TPUT: 
[2024-11-08T18:21:39-0500] 5G booster finished at 2024-11-08 18:21:39.418 EST, duration: 6.138 s
[2024-11-08T18:21:39-0500] -------------------------------
[2024-11-08T18:21:39-0500] Waiting for 2 s...
[2024-11-08T18:21:41-0500] -------------------------------
[2024-11-08T18:21:41-0500] TCP Ping test started at 2024-11-08 18:21:41.541 EST
[2024-11-08T18:22:12-0500] Current time exceeds end time, skipping wait
[2024-11-08T18:22:12-0500] Saved TCP Ping test to /data/data/com.termux/files/home/storage/shared/bos_la_2024_trip/att/20241108/181637149/tcp_ping_182141574.out
[2024-11-08T18:22:12-0500] TCP Ping summary (min/avg/max/mdev) 
[2024-11-08T18:22:12-0500] TCP Ping test finished at 2024-11-08 18:22:12.652 EST, duration: 31.111 s
[2024-11-08T18:22:12-0500] -------------------------------
[2024-11-08T18:22:12-0500] Waiting for 2 s...
[2024-11-08T18:22:14-0500] -------------------------------
[2024-11-08T18:22:14-0500] Traceroute test started at 2024-11-08 18:22:14.734 EST
[2024-11-08T18:22:20-0500] Waiting for 24.146 s to reach end time
[2024-11-08T18:22:44-0500] Saved traceroute test to /data/data/com.termux/files/home/storage/shared/bos_la_2024_trip/att/20241108/181637149/traceroute_182214760.out
[2024-11-08T18:22:44-0500] Traceroute summary (min/avg/max/mdev) 
[2024-11-08T18:22:44-0500] Traceroute test finished at 2024-11-08 18:22:44.841 EST, duration: 30.107 s
[2024-11-08T18:22:44-0500] -------------------------------
[2024-11-08T18:22:44-0500] All tests completed, cleaning up...
[2024-11-08T18:22:44-0500] -------------------------------
[2024-11-08T18:24:43-0500] [measurement] Load environment variables from prod.env file
[2024-11-08T18:24:43-0500] Starting a network measurement, please choose a server
[2024-11-08T18:24:43-0500] 0) West Cloud: 54.176.53.206
[2024-11-08T18:24:43-0500] 1) East Cloud: 54.197.223.49
[2024-11-08T18:24:45-0500] Enter your choice (0-1): Testing att, server 1 (ip: 54.197.223.49, nuttcp_port: 5102, iperf_port: 5002)
[2024-11-08T18:24:45-0500] -------------------------------
[2024-11-08T18:24:45-0500] tcp downlink test started at 2024-11-08 18:24:45.366 EST
[2024-11-08T18:24:45-0500] Testing tcp downlink with 54.197.223.49:5102, interval 0.5 s, duration 120 s, timeout 121 s...
[2024-11-08T18:26:46-0500] Current time exceeds end time, skipping wait
[2024-11-08T18:26:46-0500] Saved tcp downlink test to /data/data/com.termux/files/home/storage/shared/bos_la_2024_trip/att/20241108/182445349/tcp_downlink_182445390.out
[2024-11-08T18:26:46-0500] DL AVG TPUT: 
[2024-11-08T18:26:46-0500] tcp downlink test finished at 2024-11-08 18:26:46.469 EST, duration: 121.103 s
[2024-11-08T18:26:46-0500] -------------------------------
[2024-11-08T18:26:46-0500] Waiting for 2 s...
[2024-11-08T18:26:48-0500] -------------------------------
[2024-11-08T18:26:48-0500] Starting 5G booster for 5 s...
[2024-11-08T18:26:48-0500] 5G booster started at 2024-11-08 18:26:48.566 EST
[2024-11-08T18:26:54-0500] Current time exceeds end time, skipping wait
[2024-11-08T18:26:54-0500] Saved TCP DL results to /data/data/com.termux/files/home/storage/shared/bos_la_2024_trip/att/20241108/182445349/tcp_downlink_182648593.out
[2024-11-08T18:26:54-0500] DL AVG TPUT: 
[2024-11-08T18:26:54-0500] 5G booster finished at 2024-11-08 18:26:54.712 EST, duration: 6.146 s
[2024-11-08T18:26:54-0500] -------------------------------
[2024-11-08T18:26:54-0500] Waiting for 2 s...
[2024-11-08T18:26:56-0500] -------------------------------
[2024-11-08T18:26:56-0500] tcp uplink test started at 2024-11-08 18:26:56.829 EST
[2024-11-08T18:26:56-0500] testing tcp uplink with 54.197.223.49:5102, interval 0.5, duration 120, timeout 121 ...
[2024-11-08T18:28:57-0500] Current time exceeds end time, skipping wait
[2024-11-08T18:28:57-0500] Saved uplink test to /data/data/com.termux/files/home/storage/shared/bos_la_2024_trip/att/20241108/182445349/tcp_uplink_182656879.out
[2024-11-08T18:28:58-0500] UL AVG TPUT: 
[2024-11-08T18:28:58-0500] tcp uplink test finished at 2024-11-08 18:28:57.970 EST, duration: 121.141 s
[2024-11-08T18:28:58-0500] -------------------------------
[2024-11-08T18:28:58-0500] Waiting for 2 s...
[2024-11-08T18:29:00-0500] -------------------------------
[2024-11-08T18:29:00-0500] Starting 5G booster for 5 s...
[2024-11-08T18:29:00-0500] 5G booster started at 2024-11-08 18:29:00.102 EST
[2024-11-08T18:29:06-0500] Current time exceeds end time, skipping wait
[2024-11-08T18:29:06-0500] Saved TCP DL results to /data/data/com.termux/files/home/storage/shared/bos_la_2024_trip/att/20241108/182445349/tcp_downlink_182900129.out
[2024-11-08T18:29:06-0500] DL AVG TPUT: 
[2024-11-08T18:29:06-0500] 5G booster finished at 2024-11-08 18:29:06.180 EST, duration: 6.078 s
[2024-11-08T18:29:06-0500] -------------------------------
[2024-11-08T18:29:06-0500] Waiting for 2 s...
[2024-11-08T18:29:08-0500] -------------------------------
[2024-11-08T18:29:08-0500] ICMP Ping test started at 2024-11-08 18:29:08.276 EST
[2024-11-08T18:29:38-0500] Waiting for .902 s to reach end time
[2024-11-08T18:29:39-0500] Saved ping test to /data/data/com.termux/files/home/storage/shared/bos_la_2024_trip/att/20241108/182445349/icmp_ping_182908303.out
[2024-11-08T18:29:39-0500] Ping summary (min/avg/max/mdev) = 39.655/60.787/341.616/41.144 ms
[2024-11-08T18:29:39-0500] Ping test finished at 2024-11-08 18:29:39.375 EST, duration: 31.099 s
[2024-11-08T18:29:39-0500] -------------------------------
[2024-11-08T18:29:39-0500] Waiting for 2 s...
[2024-11-08T18:29:41-0500] -------------------------------
[2024-11-08T18:29:41-0500] Starting 5G booster for 5 s...
[2024-11-08T18:29:41-0500] 5G booster started at 2024-11-08 18:29:41.520 EST
[2024-11-08T18:29:47-0500] Current time exceeds end time, skipping wait
[2024-11-08T18:29:47-0500] Saved TCP DL results to /data/data/com.termux/files/home/storage/shared/bos_la_2024_trip/att/20241108/182445349/tcp_downlink_182941548.out
[2024-11-08T18:29:47-0500] DL AVG TPUT: 
[2024-11-08T18:29:47-0500] 5G booster finished at 2024-11-08 18:29:47.668 EST, duration: 6.148 s
[2024-11-08T18:29:47-0500] -------------------------------
[2024-11-08T18:29:47-0500] Waiting for 2 s...
[2024-11-08T18:29:49-0500] -------------------------------
[2024-11-08T18:29:49-0500] TCP Ping test started at 2024-11-08 18:29:49.767 EST
[2024-11-08T18:30:20-0500] Current time exceeds end time, skipping wait
[2024-11-08T18:30:20-0500] Saved TCP Ping test to /data/data/com.termux/files/home/storage/shared/bos_la_2024_trip/att/20241108/182445349/tcp_ping_182949796.out
[2024-11-08T18:30:20-0500] TCP Ping summary (min/avg/max/mdev) 
[2024-11-08T18:30:20-0500] TCP Ping test finished at 2024-11-08 18:30:20.861 EST, duration: 31.094 s
[2024-11-08T18:30:20-0500] -------------------------------
[2024-11-08T18:30:20-0500] Waiting for 2 s...
[2024-11-08T18:30:22-0500] -------------------------------
[2024-11-08T18:30:23-0500] Traceroute test started at 2024-11-08 18:30:22.982 EST
[2024-11-08T18:30:28-0500] Waiting for 24.126 s to reach end time
[2024-11-08T18:30:53-0500] Saved traceroute test to /data/data/com.termux/files/home/storage/shared/bos_la_2024_trip/att/20241108/182445349/traceroute_183023015.out
[2024-11-08T18:30:53-0500] Traceroute summary (min/avg/max/mdev) 
[2024-11-08T18:30:53-0500] Traceroute test finished at 2024-11-08 18:30:53.078 EST, duration: 30.096 s
[2024-11-08T18:30:53-0500] -------------------------------
[2024-11-08T18:30:53-0500] All tests completed, cleaning up...
[2024-11-08T18:30:53-0500] -------------------------------
[2024-11-08T18:32:47-0500] [measurement] Load environment variables from prod.env file
[2024-11-08T18:32:47-0500] Starting a network measurement, please choose a server
[2024-11-08T18:32:47-0500] 0) West Cloud: 54.176.53.206
[2024-11-08T18:32:47-0500] 1) East Cloud: 54.197.223.49
[2024-11-08T18:33:07-0500] Enter your choice (0-1): Testing att, server 1 (ip: 54.197.223.49, nuttcp_port: 5102, iperf_port: 5002)
[2024-11-08T18:33:07-0500] -------------------------------
[2024-11-08T18:33:07-0500] tcp downlink test started at 2024-11-08 18:33:07.514 EST
[2024-11-08T18:33:07-0500] Testing tcp downlink with 54.197.223.49:5102, interval 0.5 s, duration 120 s, timeout 121 s...
[2024-11-08T18:35:08-0500] Current time exceeds end time, skipping wait
[2024-11-08T18:35:08-0500] Saved tcp downlink test to /data/data/com.termux/files/home/storage/shared/bos_la_2024_trip/att/20241108/183307498/tcp_downlink_183307541.out
[2024-11-08T18:35:08-0500] DL AVG TPUT: 
[2024-11-08T18:35:08-0500] tcp downlink test finished at 2024-11-08 18:35:08.630 EST, duration: 121.116 s
[2024-11-08T18:35:08-0500] -------------------------------
[2024-11-08T18:35:08-0500] Waiting for 2 s...
[2024-11-08T18:35:10-0500] -------------------------------
[2024-11-08T18:35:10-0500] Starting 5G booster for 5 s...
[2024-11-08T18:35:10-0500] 5G booster started at 2024-11-08 18:35:10.735 EST
[2024-11-08T18:35:16-0500] Current time exceeds end time, skipping wait
[2024-11-08T18:35:16-0500] Saved TCP DL results to /data/data/com.termux/files/home/storage/shared/bos_la_2024_trip/att/20241108/183307498/tcp_downlink_183510762.out
[2024-11-08T18:35:16-0500] DL AVG TPUT: 
[2024-11-08T18:35:16-0500] 5G booster finished at 2024-11-08 18:35:16.837 EST, duration: 6.102 s
[2024-11-08T18:35:16-0500] -------------------------------
[2024-11-08T18:35:16-0500] Waiting for 2 s...
[2024-11-08T18:35:18-0500] -------------------------------
[2024-11-08T18:35:18-0500] tcp uplink test started at 2024-11-08 18:35:18.972 EST
[2024-11-08T18:35:19-0500] testing tcp uplink with 54.197.223.49:5102, interval 0.5, duration 120, timeout 121 ...
[2024-11-08T18:37:20-0500] Current time exceeds end time, skipping wait
[2024-11-08T18:37:20-0500] Saved uplink test to /data/data/com.termux/files/home/storage/shared/bos_la_2024_trip/att/20241108/183307498/tcp_uplink_183519000.out
[2024-11-08T18:37:20-0500] UL AVG TPUT: 
[2024-11-08T18:37:20-0500] tcp uplink test finished at 2024-11-08 18:37:20.130 EST, duration: 121.158 s
[2024-11-08T18:37:20-0500] -------------------------------
[2024-11-08T18:37:20-0500] Waiting for 2 s...
[2024-11-08T18:37:22-0500] -------------------------------
[2024-11-08T18:37:22-0500] Starting 5G booster for 5 s...
[2024-11-08T18:37:22-0500] 5G booster started at 2024-11-08 18:37:22.267 EST
[2024-11-08T18:37:28-0500] Current time exceeds end time, skipping wait
[2024-11-08T18:37:28-0500] Saved TCP DL results to /data/data/com.termux/files/home/storage/shared/bos_la_2024_trip/att/20241108/183307498/tcp_downlink_183722297.out
[2024-11-08T18:37:28-0500] DL AVG TPUT: 
[2024-11-08T18:37:28-0500] 5G booster finished at 2024-11-08 18:37:28.407 EST, duration: 6.140 s
[2024-11-08T18:37:28-0500] -------------------------------
[2024-11-08T18:37:28-0500] Waiting for 2 s...
[2024-11-08T18:37:30-0500] -------------------------------
[2024-11-08T18:37:30-0500] ICMP Ping test started at 2024-11-08 18:37:30.501 EST
[2024-11-08T18:38:00-0500] Waiting for .807 s to reach end time
[2024-11-08T18:38:01-0500] Saved ping test to /data/data/com.termux/files/home/storage/shared/bos_la_2024_trip/att/20241108/183307498/icmp_ping_183730578.out
[2024-11-08T18:38:01-0500] Ping summary (min/avg/max/mdev) = 43.101/59.437/246.744/17.433 ms
[2024-11-08T18:38:01-0500] Ping test finished at 2024-11-08 18:38:01.630 EST, duration: 31.129 s
[2024-11-08T18:38:01-0500] -------------------------------
[2024-11-08T18:38:01-0500] Waiting for 2 s...
[2024-11-08T18:38:03-0500] -------------------------------
[2024-11-08T18:38:03-0500] Starting 5G booster for 5 s...
[2024-11-08T18:38:03-0500] 5G booster started at 2024-11-08 18:38:03.739 EST
[2024-11-08T18:38:09-0500] Current time exceeds end time, skipping wait
[2024-11-08T18:38:09-0500] Saved TCP DL results to /data/data/com.termux/files/home/storage/shared/bos_la_2024_trip/att/20241108/183307498/tcp_downlink_183803771.out
[2024-11-08T18:38:09-0500] DL AVG TPUT: 
[2024-11-08T18:38:09-0500] 5G booster finished at 2024-11-08 18:38:09.858 EST, duration: 6.119 s
[2024-11-08T18:38:09-0500] -------------------------------
[2024-11-08T18:38:09-0500] Waiting for 2 s...
[2024-11-08T18:38:11-0500] -------------------------------
[2024-11-08T18:38:12-0500] TCP Ping test started at 2024-11-08 18:38:11.974 EST
[2024-11-08T18:38:43-0500] Current time exceeds end time, skipping wait
[2024-11-08T18:38:43-0500] Saved TCP Ping test to /data/data/com.termux/files/home/storage/shared/bos_la_2024_trip/att/20241108/183307498/tcp_ping_183812022.out
[2024-11-08T18:38:43-0500] TCP Ping summary (min/avg/max/mdev) 
[2024-11-08T18:38:43-0500] TCP Ping test finished at 2024-11-08 18:38:43.123 EST, duration: 31.149 s
[2024-11-08T18:38:43-0500] -------------------------------
[2024-11-08T18:38:43-0500] Waiting for 2 s...
[2024-11-08T18:38:45-0500] -------------------------------
[2024-11-08T18:38:45-0500] Traceroute test started at 2024-11-08 18:38:45.227 EST
[2024-11-08T18:38:51-0500] Waiting for 24.225 s to reach end time
[2024-11-08T18:39:15-0500] Saved traceroute test to /data/data/com.termux/files/home/storage/shared/bos_la_2024_trip/att/20241108/183307498/traceroute_183845257.out
[2024-11-08T18:39:15-0500] Traceroute summary (min/avg/max/mdev) 
[2024-11-08T18:39:15-0500] Traceroute test finished at 2024-11-08 18:39:15.307 EST, duration: 30.080 s
[2024-11-08T18:39:15-0500] -------------------------------
[2024-11-08T18:39:15-0500] All tests completed, cleaning up...
[2024-11-08T18:39:15-0500] -------------------------------
[2024-11-08T18:40:54-0500] [measurement] Load environment variables from prod.env file
[2024-11-08T18:40:54-0500] Starting a network measurement, please choose a server
[2024-11-08T18:40:54-0500] 0) West Cloud: 54.176.53.206
[2024-11-08T18:40:54-0500] 1) East Cloud: 54.197.223.49
[2024-11-08T18:41:05-0500] Enter your choice (0-1): Testing att, server 1 (ip: 54.197.223.49, nuttcp_port: 5102, iperf_port: 5002)
[2024-11-08T18:41:05-0500] -------------------------------
[2024-11-08T18:41:05-0500] tcp downlink test started at 2024-11-08 18:41:05.179 EST
[2024-11-08T18:41:05-0500] Testing tcp downlink with 54.197.223.49:5102, interval 0.5 s, duration 120 s, timeout 121 s...
[2024-11-08T18:43:06-0500] Current time exceeds end time, skipping wait
[2024-11-08T18:43:06-0500] Saved tcp downlink test to /data/data/com.termux/files/home/storage/shared/bos_la_2024_trip/att/20241108/184105148/tcp_downlink_184105208.out
[2024-11-08T18:43:06-0500] DL AVG TPUT: 
[2024-11-08T18:43:06-0500] tcp downlink test finished at 2024-11-08 18:43:06.309 EST, duration: 121.130 s
[2024-11-08T18:43:06-0500] -------------------------------
[2024-11-08T18:43:06-0500] Waiting for 2 s...
[2024-11-08T18:43:08-0500] -------------------------------
[2024-11-08T18:43:08-0500] Starting 5G booster for 5 s...
[2024-11-08T18:43:08-0500] 5G booster started at 2024-11-08 18:43:08.437 EST
[2024-11-08T18:43:14-0500] Current time exceeds end time, skipping wait
[2024-11-08T18:43:14-0500] Saved TCP DL results to /data/data/com.termux/files/home/storage/shared/bos_la_2024_trip/att/20241108/184105148/tcp_downlink_184308487.out
[2024-11-08T18:43:14-0500] DL AVG TPUT: 
[2024-11-08T18:43:14-0500] 5G booster finished at 2024-11-08 18:43:14.569 EST, duration: 6.132 s
[2024-11-08T18:43:14-0500] -------------------------------
[2024-11-08T18:43:14-0500] Waiting for 2 s...
[2024-11-08T18:43:16-0500] -------------------------------
[2024-11-08T18:43:16-0500] tcp uplink test started at 2024-11-08 18:43:16.670 EST
[2024-11-08T18:43:16-0500] testing tcp uplink with 54.197.223.49:5102, interval 0.5, duration 120, timeout 121 ...
[2024-11-08T18:45:17-0500] Current time exceeds end time, skipping wait
[2024-11-08T18:45:17-0500] Saved uplink test to /data/data/com.termux/files/home/storage/shared/bos_la_2024_trip/att/20241108/184105148/tcp_uplink_184316694.out
[2024-11-08T18:45:17-0500] UL AVG TPUT: 
[2024-11-08T18:45:17-0500] tcp uplink test finished at 2024-11-08 18:45:17.780 EST, duration: 121.110 s
[2024-11-08T18:45:17-0500] -------------------------------
[2024-11-08T18:45:17-0500] Waiting for 2 s...
[2024-11-08T18:45:19-0500] -------------------------------
[2024-11-08T18:45:19-0500] Starting 5G booster for 5 s...
[2024-11-08T18:45:19-0500] 5G booster started at 2024-11-08 18:45:19.929 EST
[2024-11-08T18:45:26-0500] Current time exceeds end time, skipping wait
[2024-11-08T18:45:26-0500] Saved TCP DL results to /data/data/com.termux/files/home/storage/shared/bos_la_2024_trip/att/20241108/184105148/tcp_downlink_184519961.out
[2024-11-08T18:45:26-0500] DL AVG TPUT: 
[2024-11-08T18:45:26-0500] 5G booster finished at 2024-11-08 18:45:26.051 EST, duration: 6.122 s
[2024-11-08T18:45:26-0500] -------------------------------
[2024-11-08T18:45:26-0500] Waiting for 2 s...
[2024-11-08T18:45:28-0500] -------------------------------
[2024-11-08T18:45:28-0500] ICMP Ping test started at 2024-11-08 18:45:28.199 EST
[2024-11-08T18:45:58-0500] Waiting for .879 s to reach end time
[2024-11-08T18:45:59-0500] Saved ping test to /data/data/com.termux/files/home/storage/shared/bos_la_2024_trip/att/20241108/184105148/icmp_ping_184528242.out
[2024-11-08T18:45:59-0500] Ping summary (min/avg/max/mdev) = 46.488/59.583/168.654/10.989 ms
[2024-11-08T18:45:59-0500] Ping test finished at 2024-11-08 18:45:59.257 EST, duration: 31.058 s
[2024-11-08T18:45:59-0500] -------------------------------
[2024-11-08T18:45:59-0500] Waiting for 2 s...
[2024-11-08T18:46:01-0500] -------------------------------
[2024-11-08T18:46:01-0500] Starting 5G booster for 5 s...
[2024-11-08T18:46:01-0500] 5G booster started at 2024-11-08 18:46:01.339 EST
[2024-11-08T18:46:07-0500] Current time exceeds end time, skipping wait
[2024-11-08T18:46:07-0500] Saved TCP DL results to /data/data/com.termux/files/home/storage/shared/bos_la_2024_trip/att/20241108/184105148/tcp_downlink_184601363.out
[2024-11-08T18:46:07-0500] DL AVG TPUT: 
[2024-11-08T18:46:07-0500] 5G booster finished at 2024-11-08 18:46:07.427 EST, duration: 6.088 s
[2024-11-08T18:46:07-0500] -------------------------------
[2024-11-08T18:46:07-0500] Waiting for 2 s...
[2024-11-08T18:46:09-0500] -------------------------------
[2024-11-08T18:46:09-0500] TCP Ping test started at 2024-11-08 18:46:09.516 EST
[2024-11-08T18:46:40-0500] Current time exceeds end time, skipping wait
[2024-11-08T18:46:40-0500] Saved TCP Ping test to /data/data/com.termux/files/home/storage/shared/bos_la_2024_trip/att/20241108/184105148/tcp_ping_184609539.out
[2024-11-08T18:46:40-0500] TCP Ping summary (min/avg/max/mdev) 
[2024-11-08T18:46:40-0500] TCP Ping test finished at 2024-11-08 18:46:40.629 EST, duration: 31.113 s
[2024-11-08T18:46:40-0500] -------------------------------
[2024-11-08T18:46:40-0500] Waiting for 2 s...
[2024-11-08T18:46:42-0500] -------------------------------
[2024-11-08T18:46:42-0500] Traceroute test started at 2024-11-08 18:46:42.750 EST
[2024-11-08T18:46:48-0500] Waiting for 24.070 s to reach end time
[2024-11-08T18:47:12-0500] Saved traceroute test to /data/data/com.termux/files/home/storage/shared/bos_la_2024_trip/att/20241108/184105148/traceroute_184642779.out
[2024-11-08T18:47:12-0500] Traceroute summary (min/avg/max/mdev) 
[2024-11-08T18:47:12-0500] Traceroute test finished at 2024-11-08 18:47:12.858 EST, duration: 30.108 s
[2024-11-08T18:47:12-0500] -------------------------------
[2024-11-08T18:47:12-0500] All tests completed, cleaning up...
[2024-11-08T18:47:12-0500] -------------------------------
